solid OpenSCAD_Model
  facet normal -1 0 0
    outer loop
      vertex -52 -2 0
      vertex -52 2 3
      vertex -52 2 0
    endloop
  endfacet
  facet normal -1 -0 0
    outer loop
      vertex -52 2 3
      vertex -52 -2 0
      vertex -52 -2 3
    endloop
  endfacet
  facet normal -0.998029 -0.0627481 0
    outer loop
      vertex -51.9606 -2.62667 0
      vertex -52 -2 3
      vertex -52 -2 0
    endloop
  endfacet
  facet normal -0.998029 -0.0627481 0
    outer loop
      vertex -52 -2 3
      vertex -51.9606 -2.62667 0
      vertex -51.9606 -2.62667 3
    endloop
  endfacet
  facet normal 0 1 -0
    outer loop
      vertex 47.314 6.99013 0
      vertex 6.7091 6.99013 3
      vertex 47.314 6.99013 3
    endloop
  endfacet
  facet normal 0 1 0
    outer loop
      vertex 6.7091 6.99013 3
      vertex 47.314 6.99013 0
      vertex 6.7091 6.99013 0
    endloop
  endfacet
  facet normal 0 1 -0
    outer loop
      vertex -29.9647 6.99013 0
      vertex -47.314 6.99013 3
      vertex -29.9647 6.99013 3
    endloop
  endfacet
  facet normal 0 1 0
    outer loop
      vertex -47.314 6.99013 3
      vertex -29.9647 6.99013 0
      vertex -47.314 6.99013 0
    endloop
  endfacet
  facet normal 0 -1 0
    outer loop
      vertex -47.314 -6.99013 0
      vertex 47.314 -6.99013 3
      vertex -47.314 -6.99013 3
    endloop
  endfacet
  facet normal 0 -1 -0
    outer loop
      vertex 47.314 -6.99013 3
      vertex -47.314 -6.99013 0
      vertex 47.314 -6.99013 0
    endloop
  endfacet
  facet normal -0.998029 0.0627481 0
    outer loop
      vertex -52 2 0
      vertex -51.9606 2.62667 3
      vertex -51.9606 2.62667 0
    endloop
  endfacet
  facet normal -0.998029 0.0627481 0
    outer loop
      vertex -51.9606 2.62667 3
      vertex -52 2 0
      vertex -52 2 3
    endloop
  endfacet
  facet normal 0 0 1
    outer loop
      vertex -3.25 0 3
      vertex -5.71419 0.225599 3
      vertex -5.7 0 3
    endloop
  endfacet
  facet normal 0 0 1
    outer loop
      vertex -2.07163 2.50417 3
      vertex -5.75655 0.447641 3
      vertex -5.71419 0.225599 3
    endloop
  endfacet
  facet normal 0 0 1
    outer loop
      vertex -2.07163 2.50417 3
      vertex -5.8264 0.662623 3
      vertex -5.75655 0.447641 3
    endloop
  endfacet
  facet normal 0 0 1
    outer loop
      vertex -2.07163 2.50417 3
      vertex -5.92265 0.867156 3
      vertex -5.8264 0.662623 3
    endloop
  endfacet
  facet normal 0 0 1
    outer loop
      vertex -2.07163 2.50417 3
      vertex -6.04377 1.05801 3
      vertex -5.92265 0.867156 3
    endloop
  endfacet
  facet normal 0 0 1
    outer loop
      vertex -2.07163 2.50417 3
      vertex -6.18786 1.23218 3
      vertex -6.04377 1.05801 3
    endloop
  endfacet
  facet normal 0 0 1
    outer loop
      vertex -2.07163 2.50417 3
      vertex -6.35264 1.38692 3
      vertex -6.18786 1.23218 3
    endloop
  endfacet
  facet normal 0 0 1
    outer loop
      vertex -2.07163 2.50417 3
      vertex -6.53551 1.51979 3
      vertex -6.35264 1.38692 3
    endloop
  endfacet
  facet normal 0 0 1
    outer loop
      vertex -2.07163 2.50417 3
      vertex -6.7336 1.62869 3
      vertex -6.53551 1.51979 3
    endloop
  endfacet
  facet normal 0 0 1
    outer loop
      vertex -2.07163 2.50417 3
      vertex -6.94377 1.7119 3
      vertex -6.7336 1.62869 3
    endloop
  endfacet
  facet normal 0 0 1
    outer loop
      vertex -1.74144 2.74407 3
      vertex -6.94377 1.7119 3
      vertex -2.07163 2.50417 3
    endloop
  endfacet
  facet normal 0 0 1
    outer loop
      vertex -4.38972 20.7817 3
      vertex -7.38698 1.79645 3
      vertex -7.16271 1.76812 3
    endloop
  endfacet
  facet normal 0 0 1
    outer loop
      vertex -4.38972 20.7817 3
      vertex -7.61302 1.79645 3
      vertex -7.38698 1.79645 3
    endloop
  endfacet
  facet normal -0 0 1
    outer loop
      vertex -10.9609 20.7817 3
      vertex -7.61302 1.79645 3
      vertex -4.38972 20.7817 3
    endloop
  endfacet
  facet normal 0 0 1
    outer loop
      vertex -7.61302 1.79645 3
      vertex -10.9609 20.7817 3
      vertex -7.83729 1.76812 3
    endloop
  endfacet
  facet normal -0 0 1
    outer loop
      vertex -13.6162 2.94069 3
      vertex -7.83729 1.76812 3
      vertex -10.9609 20.7817 3
    endloop
  endfacet
  facet normal 0 0 1
    outer loop
      vertex -7.83729 1.76812 3
      vertex -13.2586 2.74407 3
      vertex -8.05623 1.7119 3
    endloop
  endfacet
  facet normal -0 -0 1
    outer loop
      vertex -12.9284 2.50417 3
      vertex -8.05623 1.7119 3
      vertex -13.2586 2.74407 3
    endloop
  endfacet
  facet normal 0 0 1
    outer loop
      vertex -8.05623 1.7119 3
      vertex -12.9284 2.50417 3
      vertex -8.2664 1.62869 3
    endloop
  endfacet
  facet normal -0 -0 1
    outer loop
      vertex -12.6309 2.22478 3
      vertex -8.2664 1.62869 3
      vertex -12.9284 2.50417 3
    endloop
  endfacet
  facet normal 0 0 1
    outer loop
      vertex -8.46449 1.51979 3
      vertex -12.3707 1.9103 3
      vertex -8.64736 1.38692 3
    endloop
  endfacet
  facet normal 0 0 1
    outer loop
      vertex -8.64736 1.38692 3
      vertex -12.3707 1.9103 3
      vertex -8.81214 1.23218 3
    endloop
  endfacet
  facet normal -0 -0 1
    outer loop
      vertex -12.152 1.5657 3
      vertex -8.81214 1.23218 3
      vertex -12.3707 1.9103 3
    endloop
  endfacet
  facet normal -0 -0 1
    outer loop
      vertex -11.9782 1.1964 3
      vertex -8.95623 1.05801 3
      vertex -12.152 1.5657 3
    endloop
  endfacet
  facet normal 0 0 1
    outer loop
      vertex -8.81214 1.23218 3
      vertex -12.152 1.5657 3
      vertex -8.95623 1.05801 3
    endloop
  endfacet
  facet normal 0 0 1
    outer loop
      vertex -8.2664 1.62869 3
      vertex -12.6309 2.22478 3
      vertex -8.46449 1.51979 3
    endloop
  endfacet
  facet normal 0 0 1
    outer loop
      vertex 35.3592 50.2232 3
      vertex 16.1128 54.2402 3
      vertex 16.2253 50.2232 3
    endloop
  endfacet
  facet normal 0 0 1
    outer loop
      vertex 21.6817 85.2131 3
      vertex 15.7756 57.9351 3
      vertex 16.1128 54.2402 3
    endloop
  endfacet
  facet normal 0 0 1
    outer loop
      vertex 21.6817 85.2131 3
      vertex 15.2136 61.308 3
      vertex 15.7756 57.9351 3
    endloop
  endfacet
  facet normal 0 0 1
    outer loop
      vertex 21.6817 85.2131 3
      vertex 14.4267 64.3587 3
      vertex 15.2136 61.308 3
    endloop
  endfacet
  facet normal 0 0 1
    outer loop
      vertex 7.02014 74.8758 3
      vertex 18.038 87.592 3
      vertex 13.9591 89.5385 3
    endloop
  endfacet
  facet normal 0 0 1
    outer loop
      vertex 21.6817 85.2131 3
      vertex 13.415 67.0873 3
      vertex 14.4267 64.3587 3
    endloop
  endfacet
  facet normal 0 0 1
    outer loop
      vertex 21.6817 85.2131 3
      vertex 12.1785 69.4938 3
      vertex 13.415 67.0873 3
    endloop
  endfacet
  facet normal 0 0 1
    outer loop
      vertex 21.6817 85.2131 3
      vertex 10.7171 71.5782 3
      vertex 12.1785 69.4938 3
    endloop
  endfacet
  facet normal 0 0 1
    outer loop
      vertex 4.75949 76.1124 3
      vertex 13.9591 89.5385 3
      vertex 9.44499 91.0524 3
    endloop
  endfacet
  facet normal 0 0 1
    outer loop
      vertex 21.6817 85.2131 3
      vertex 9.00603 73.3644 3
      vertex 10.7171 71.5782 3
    endloop
  endfacet
  facet normal 0 0 1
    outer loop
      vertex 18.038 87.592 3
      vertex 7.02014 74.8758 3
      vertex 9.00603 73.3644 3
    endloop
  endfacet
  facet normal 0 0 1
    outer loop
      vertex 13.9591 89.5385 3
      vertex 4.75949 76.1124 3
      vertex 7.02014 74.8758 3
    endloop
  endfacet
  facet normal 0 0 1
    outer loop
      vertex 2.22408 77.0742 3
      vertex 9.44499 91.0524 3
      vertex 4.49564 92.1337 3
    endloop
  endfacet
  facet normal 0 0 1
    outer loop
      vertex 9.44499 91.0524 3
      vertex 2.22408 77.0742 3
      vertex 4.75949 76.1124 3
    endloop
  endfacet
  facet normal 0 0 1
    outer loop
      vertex 4.49564 92.1337 3
      vertex -0.58609 77.7613 3
      vertex 2.22408 77.0742 3
    endloop
  endfacet
  facet normal 0 0 1
    outer loop
      vertex -0.888901 92.7825 3
      vertex -0.58609 77.7613 3
      vertex 4.49564 92.1337 3
    endloop
  endfacet
  facet normal 0 0 1
    outer loop
      vertex -0.888901 92.7825 3
      vertex -3.67102 78.1735 3
      vertex -0.58609 77.7613 3
    endloop
  endfacet
  facet normal 0 0 1
    outer loop
      vertex -6.70868 92.9988 3
      vertex -3.67102 78.1735 3
      vertex -0.888901 92.7825 3
    endloop
  endfacet
  facet normal 0 0 1
    outer loop
      vertex -6.70868 92.9988 3
      vertex -7.03073 78.3109 3
      vertex -3.67102 78.1735 3
    endloop
  endfacet
  facet normal 0 0 1
    outer loop
      vertex -6.70868 92.9988 3
      vertex -10.9609 78.3109 3
      vertex -7.03073 78.3109 3
    endloop
  endfacet
  facet normal 0 0 1
    outer loop
      vertex -29.9647 6.99013 3
      vertex -10.9609 20.7817 3
      vertex -10.9609 78.3109 3
    endloop
  endfacet
  facet normal 0 0 1
    outer loop
      vertex -9.28581 0.225599 3
      vertex -11.7756 0.407332 3
      vertex -11.75 0 3
    endloop
  endfacet
  facet normal 0 0 1
    outer loop
      vertex -9.24345 0.447641 3
      vertex -11.7756 0.407332 3
      vertex -9.28581 0.225599 3
    endloop
  endfacet
  facet normal 0 -0 1
    outer loop
      vertex -11.7756 0.407332 3
      vertex -9.24345 0.447641 3
      vertex -11.8521 0.808242 3
    endloop
  endfacet
  facet normal 0 0 1
    outer loop
      vertex -9.1736 0.662623 3
      vertex -11.8521 0.808242 3
      vertex -9.24345 0.447641 3
    endloop
  endfacet
  facet normal 0 0 1
    outer loop
      vertex -9.07735 0.867156 3
      vertex -11.8521 0.808242 3
      vertex -9.1736 0.662623 3
    endloop
  endfacet
  facet normal 0 -0 1
    outer loop
      vertex -11.8521 0.808242 3
      vertex -9.07735 0.867156 3
      vertex -11.9782 1.1964 3
    endloop
  endfacet
  facet normal 0 0 1
    outer loop
      vertex -8.95623 1.05801 3
      vertex -11.9782 1.1964 3
      vertex -9.07735 0.867156 3
    endloop
  endfacet
  facet normal -0 -0 1
    outer loop
      vertex -12.3707 1.9103 3
      vertex -8.46449 1.51979 3
      vertex -12.6309 2.22478 3
    endloop
  endfacet
  facet normal 0 0 1
    outer loop
      vertex -7.83729 1.76812 3
      vertex -13.6162 2.94069 3
      vertex -13.2586 2.74407 3
    endloop
  endfacet
  facet normal 0 0 1
    outer loop
      vertex -10.9609 20.7817 3
      vertex -13.9957 3.09093 3
      vertex -13.6162 2.94069 3
    endloop
  endfacet
  facet normal 0 0 1
    outer loop
      vertex -10.9609 20.7817 3
      vertex -14.391 3.19243 3
      vertex -13.9957 3.09093 3
    endloop
  endfacet
  facet normal 0 0 1
    outer loop
      vertex -10.9609 20.7817 3
      vertex -14.7959 3.24359 3
      vertex -14.391 3.19243 3
    endloop
  endfacet
  facet normal 0 -0 1
    outer loop
      vertex -16.0043 3.09093 3
      vertex -10.9609 20.7817 3
      vertex -29.9647 6.99013 3
    endloop
  endfacet
  facet normal 0 0 1
    outer loop
      vertex -10.9609 20.7817 3
      vertex -15.2041 3.24359 3
      vertex -14.7959 3.24359 3
    endloop
  endfacet
  facet normal 0 0 1
    outer loop
      vertex -10.9609 20.7817 3
      vertex -15.609 3.19243 3
      vertex -15.2041 3.24359 3
    endloop
  endfacet
  facet normal 0 0 1
    outer loop
      vertex -10.9609 20.7817 3
      vertex -16.0043 3.09093 3
      vertex -15.609 3.19243 3
    endloop
  endfacet
  facet normal 0 0 1
    outer loop
      vertex -16.0043 3.09093 3
      vertex -29.9647 6.99013 3
      vertex -16.3838 2.94069 3
    endloop
  endfacet
  facet normal 0 -0 1
    outer loop
      vertex -22.387 1.79645 3
      vertex -16.3838 2.94069 3
      vertex -29.9647 6.99013 3
    endloop
  endfacet
  facet normal 0 -0 1
    outer loop
      vertex -22.1627 1.76812 3
      vertex -16.3838 2.94069 3
      vertex -22.387 1.79645 3
    endloop
  endfacet
  facet normal 0 -0 1
    outer loop
      vertex -21.9438 1.7119 3
      vertex -16.7414 2.74407 3
      vertex -22.1627 1.76812 3
    endloop
  endfacet
  facet normal 0 0 1
    outer loop
      vertex -16.7414 2.74407 3
      vertex -21.9438 1.7119 3
      vertex -17.0716 2.50417 3
    endloop
  endfacet
  facet normal 0 -0 1
    outer loop
      vertex -21.7336 1.62869 3
      vertex -17.0716 2.50417 3
      vertex -21.9438 1.7119 3
    endloop
  endfacet
  facet normal 0 0 1
    outer loop
      vertex -17.0716 2.50417 3
      vertex -21.7336 1.62869 3
      vertex -17.3691 2.22478 3
    endloop
  endfacet
  facet normal 0 0 1
    outer loop
      vertex -17.3691 2.22478 3
      vertex -21.5355 1.51979 3
      vertex -17.6293 1.9103 3
    endloop
  endfacet
  facet normal -0 0 1
    outer loop
      vertex -20.7142 0.225599 3
      vertex -18.25 0 3
      vertex -18.2244 0.407332 3
    endloop
  endfacet
  facet normal 0 -0 1
    outer loop
      vertex -21.3526 1.38692 3
      vertex -17.6293 1.9103 3
      vertex -21.5355 1.51979 3
    endloop
  endfacet
  facet normal 0 0 1
    outer loop
      vertex -18.25 0 3
      vertex -20.7142 0.225599 3
      vertex -20.7 0 3
    endloop
  endfacet
  facet normal 0 0 1
    outer loop
      vertex -18.2244 0.407332 3
      vertex -20.7565 0.447641 3
      vertex -20.7142 0.225599 3
    endloop
  endfacet
  facet normal 0 0 1
    outer loop
      vertex -18.1479 0.808242 3
      vertex -20.7565 0.447641 3
      vertex -18.2244 0.407332 3
    endloop
  endfacet
  facet normal 0 -0 1
    outer loop
      vertex -20.7565 0.447641 3
      vertex -18.1479 0.808242 3
      vertex -20.8264 0.662623 3
    endloop
  endfacet
  facet normal 0 -0 1
    outer loop
      vertex -20.8264 0.662623 3
      vertex -18.1479 0.808242 3
      vertex -20.9226 0.867156 3
    endloop
  endfacet
  facet normal 0 0 1
    outer loop
      vertex -18.0218 1.1964 3
      vertex -20.9226 0.867156 3
      vertex -18.1479 0.808242 3
    endloop
  endfacet
  facet normal 0 -0 1
    outer loop
      vertex -20.9226 0.867156 3
      vertex -18.0218 1.1964 3
      vertex -21.0438 1.05801 3
    endloop
  endfacet
  facet normal 0 0 1
    outer loop
      vertex -17.848 1.5657 3
      vertex -21.0438 1.05801 3
      vertex -18.0218 1.1964 3
    endloop
  endfacet
  facet normal 0 -0 1
    outer loop
      vertex -21.0438 1.05801 3
      vertex -17.848 1.5657 3
      vertex -21.1879 1.23218 3
    endloop
  endfacet
  facet normal 0 0 1
    outer loop
      vertex -17.6293 1.9103 3
      vertex -21.1879 1.23218 3
      vertex -17.848 1.5657 3
    endloop
  endfacet
  facet normal 0 -0 1
    outer loop
      vertex -21.1879 1.23218 3
      vertex -17.6293 1.9103 3
      vertex -21.3526 1.38692 3
    endloop
  endfacet
  facet normal 0 -0 1
    outer loop
      vertex -21.5355 1.51979 3
      vertex -17.3691 2.22478 3
      vertex -21.7336 1.62869 3
    endloop
  endfacet
  facet normal 0 0 1
    outer loop
      vertex -16.3838 2.94069 3
      vertex -22.1627 1.76812 3
      vertex -16.7414 2.74407 3
    endloop
  endfacet
  facet normal 0 0 1
    outer loop
      vertex -22.387 1.79645 3
      vertex -29.9647 6.99013 3
      vertex -22.613 1.79645 3
    endloop
  endfacet
  facet normal 0 0 1
    outer loop
      vertex -22.613 1.79645 3
      vertex -29.9647 6.99013 3
      vertex -22.8373 1.76812 3
    endloop
  endfacet
  facet normal 0 0 1
    outer loop
      vertex -22.8373 1.76812 3
      vertex -29.9647 6.99013 3
      vertex -23.0562 1.7119 3
    endloop
  endfacet
  facet normal -0 -0 1
    outer loop
      vertex -27.9284 2.50417 3
      vertex -23.0562 1.7119 3
      vertex -29.9647 6.99013 3
    endloop
  endfacet
  facet normal 0 0 1
    outer loop
      vertex -23.0562 1.7119 3
      vertex -27.9284 2.50417 3
      vertex -23.2664 1.62869 3
    endloop
  endfacet
  facet normal -0 -0 1
    outer loop
      vertex -27.6309 2.22478 3
      vertex -23.2664 1.62869 3
      vertex -27.9284 2.50417 3
    endloop
  endfacet
  facet normal 0 0 1
    outer loop
      vertex -23.2664 1.62869 3
      vertex -27.6309 2.22478 3
      vertex -23.4645 1.51979 3
    endloop
  endfacet
  facet normal -0 -0 1
    outer loop
      vertex -27.3707 1.9103 3
      vertex -23.4645 1.51979 3
      vertex -27.6309 2.22478 3
    endloop
  endfacet
  facet normal 0 0 1
    outer loop
      vertex -23.4645 1.51979 3
      vertex -27.3707 1.9103 3
      vertex -23.6474 1.38692 3
    endloop
  endfacet
  facet normal 0 0 1
    outer loop
      vertex -23.6474 1.38692 3
      vertex -27.3707 1.9103 3
      vertex -23.8121 1.23218 3
    endloop
  endfacet
  facet normal -0 -0 1
    outer loop
      vertex -27.152 1.5657 3
      vertex -23.8121 1.23218 3
      vertex -27.3707 1.9103 3
    endloop
  endfacet
  facet normal 0 0 1
    outer loop
      vertex -24.2858 0.225599 3
      vertex -26.75 0 3
      vertex -24.3 0 3
    endloop
  endfacet
  facet normal -0 -0 1
    outer loop
      vertex -26.9782 1.1964 3
      vertex -23.9562 1.05801 3
      vertex -27.152 1.5657 3
    endloop
  endfacet
  facet normal 0 0 1
    outer loop
      vertex -24.2858 0.225599 3
      vertex -26.7756 0.407332 3
      vertex -26.75 0 3
    endloop
  endfacet
  facet normal 0 0 1
    outer loop
      vertex -24.2435 0.447641 3
      vertex -26.7756 0.407332 3
      vertex -24.2858 0.225599 3
    endloop
  endfacet
  facet normal 0 -0 1
    outer loop
      vertex -26.7756 0.407332 3
      vertex -24.2435 0.447641 3
      vertex -26.8521 0.808242 3
    endloop
  endfacet
  facet normal 0 0 1
    outer loop
      vertex -24.1736 0.662623 3
      vertex -26.8521 0.808242 3
      vertex -24.2435 0.447641 3
    endloop
  endfacet
  facet normal 0 0 1
    outer loop
      vertex -23.9562 1.05801 3
      vertex -26.9782 1.1964 3
      vertex -24.0774 0.867156 3
    endloop
  endfacet
  facet normal 0 0 1
    outer loop
      vertex -24.0774 0.867156 3
      vertex -26.8521 0.808242 3
      vertex -24.1736 0.662623 3
    endloop
  endfacet
  facet normal 0 -0 1
    outer loop
      vertex -26.8521 0.808242 3
      vertex -24.0774 0.867156 3
      vertex -26.9782 1.1964 3
    endloop
  endfacet
  facet normal 0 0 1
    outer loop
      vertex -23.8121 1.23218 3
      vertex -27.152 1.5657 3
      vertex -23.9562 1.05801 3
    endloop
  endfacet
  facet normal 0 0 1
    outer loop
      vertex -27.9284 2.50417 3
      vertex -29.9647 6.99013 3
      vertex -28.2586 2.74407 3
    endloop
  endfacet
  facet normal 0 0 1
    outer loop
      vertex -28.2586 2.74407 3
      vertex -29.9647 6.99013 3
      vertex -28.6162 2.94069 3
    endloop
  endfacet
  facet normal 0 0 1
    outer loop
      vertex -28.6162 2.94069 3
      vertex -29.9647 6.99013 3
      vertex -28.9957 3.09093 3
    endloop
  endfacet
  facet normal 0 0 1
    outer loop
      vertex -28.9957 3.09093 3
      vertex -29.9647 6.99013 3
      vertex -29.391 3.19243 3
    endloop
  endfacet
  facet normal -0 0 1
    outer loop
      vertex -29.9647 92.9988 3
      vertex -10.9609 78.3109 3
      vertex -6.70868 92.9988 3
    endloop
  endfacet
  facet normal 0 0 1
    outer loop
      vertex -29.9647 6.99013 3
      vertex -10.9609 78.3109 3
      vertex -29.9647 92.9988 3
    endloop
  endfacet
  facet normal 0 0 1
    outer loop
      vertex -29.391 3.19243 3
      vertex -29.9647 6.99013 3
      vertex -29.7959 3.24359 3
    endloop
  endfacet
  facet normal 0 0 1
    outer loop
      vertex -29.9647 6.99013 3
      vertex -30.2041 3.24359 3
      vertex -29.7959 3.24359 3
    endloop
  endfacet
  facet normal 0 0 1
    outer loop
      vertex -29.9647 6.99013 3
      vertex -30.609 3.19243 3
      vertex -30.2041 3.24359 3
    endloop
  endfacet
  facet normal 0 0 1
    outer loop
      vertex -29.9647 6.99013 3
      vertex -31.0043 3.09093 3
      vertex -30.609 3.19243 3
    endloop
  endfacet
  facet normal 0 0 1
    outer loop
      vertex -29.9647 6.99013 3
      vertex -31.3838 2.94069 3
      vertex -31.0043 3.09093 3
    endloop
  endfacet
  facet normal 0 0 1
    outer loop
      vertex -29.9647 6.99013 3
      vertex -31.7414 2.74407 3
      vertex -31.3838 2.94069 3
    endloop
  endfacet
  facet normal 0 0 1
    outer loop
      vertex -29.9647 6.99013 3
      vertex -32.0716 2.50417 3
      vertex -31.7414 2.74407 3
    endloop
  endfacet
  facet normal 0 0 1
    outer loop
      vertex -36.9438 1.7119 3
      vertex -32.0716 2.50417 3
      vertex -29.9647 6.99013 3
    endloop
  endfacet
  facet normal 0 -0 1
    outer loop
      vertex -36.7336 1.62869 3
      vertex -32.0716 2.50417 3
      vertex -36.9438 1.7119 3
    endloop
  endfacet
  facet normal 0 -0 1
    outer loop
      vertex -36.5355 1.51979 3
      vertex -32.3691 2.22478 3
      vertex -36.7336 1.62869 3
    endloop
  endfacet
  facet normal -0 0 1
    outer loop
      vertex -35.7142 0.225599 3
      vertex -33.25 0 3
      vertex -33.2244 0.407332 3
    endloop
  endfacet
  facet normal -0 0 1
    outer loop
      vertex -35.7565 0.447641 3
      vertex -33.2244 0.407332 3
      vertex -33.1479 0.808242 3
    endloop
  endfacet
  facet normal -0 0 1
    outer loop
      vertex -35.9226 0.867156 3
      vertex -33.1479 0.808242 3
      vertex -33.0218 1.1964 3
    endloop
  endfacet
  facet normal 0 0 1
    outer loop
      vertex -36.0438 1.05801 3
      vertex -33.0218 1.1964 3
      vertex -32.848 1.5657 3
    endloop
  endfacet
  facet normal 0 0 1
    outer loop
      vertex -32.3691 2.22478 3
      vertex -36.5355 1.51979 3
      vertex -32.6293 1.9103 3
    endloop
  endfacet
  facet normal 0 0 1
    outer loop
      vertex -33.25 0 3
      vertex -35.7142 0.225599 3
      vertex -35.7 0 3
    endloop
  endfacet
  facet normal 0 0 1
    outer loop
      vertex -33.2244 0.407332 3
      vertex -35.7565 0.447641 3
      vertex -35.7142 0.225599 3
    endloop
  endfacet
  facet normal 0 0 1
    outer loop
      vertex -33.1479 0.808242 3
      vertex -35.8264 0.662623 3
      vertex -35.7565 0.447641 3
    endloop
  endfacet
  facet normal 0 0 1
    outer loop
      vertex -33.1479 0.808242 3
      vertex -35.9226 0.867156 3
      vertex -35.8264 0.662623 3
    endloop
  endfacet
  facet normal 0 0 1
    outer loop
      vertex -33.0218 1.1964 3
      vertex -36.0438 1.05801 3
      vertex -35.9226 0.867156 3
    endloop
  endfacet
  facet normal 0 0 1
    outer loop
      vertex -32.848 1.5657 3
      vertex -36.1879 1.23218 3
      vertex -36.0438 1.05801 3
    endloop
  endfacet
  facet normal 0 0 1
    outer loop
      vertex -32.6293 1.9103 3
      vertex -36.1879 1.23218 3
      vertex -32.848 1.5657 3
    endloop
  endfacet
  facet normal 0 -0 1
    outer loop
      vertex -36.1879 1.23218 3
      vertex -32.6293 1.9103 3
      vertex -36.3526 1.38692 3
    endloop
  endfacet
  facet normal 0 -0 1
    outer loop
      vertex -36.3526 1.38692 3
      vertex -32.6293 1.9103 3
      vertex -36.5355 1.51979 3
    endloop
  endfacet
  facet normal 0 0 1
    outer loop
      vertex -32.0716 2.50417 3
      vertex -36.7336 1.62869 3
      vertex -32.3691 2.22478 3
    endloop
  endfacet
  facet normal 0 0 1
    outer loop
      vertex -29.9647 6.99013 3
      vertex -37.1627 1.76812 3
      vertex -36.9438 1.7119 3
    endloop
  endfacet
  facet normal 0 0 1
    outer loop
      vertex -29.9647 6.99013 3
      vertex -37.387 1.79645 3
      vertex -37.1627 1.76812 3
    endloop
  endfacet
  facet normal 0 0 1
    outer loop
      vertex -29.9647 6.99013 3
      vertex -37.613 1.79645 3
      vertex -37.387 1.79645 3
    endloop
  endfacet
  facet normal -0 0 1
    outer loop
      vertex -47.314 6.99013 3
      vertex -37.613 1.79645 3
      vertex -29.9647 6.99013 3
    endloop
  endfacet
  facet normal 0 0 1
    outer loop
      vertex -37.613 1.79645 3
      vertex -47.314 6.99013 3
      vertex -37.8373 1.76812 3
    endloop
  endfacet
  facet normal -0 -0 1
    outer loop
      vertex -43.2586 2.74407 3
      vertex -37.8373 1.76812 3
      vertex -47.314 6.99013 3
    endloop
  endfacet
  facet normal 0 0 1
    outer loop
      vertex -37.8373 1.76812 3
      vertex -43.2586 2.74407 3
      vertex -38.0562 1.7119 3
    endloop
  endfacet
  facet normal 0 0 1
    outer loop
      vertex -39.2858 0.225599 3
      vertex -41.75 0 3
      vertex -39.3 0 3
    endloop
  endfacet
  facet normal -0 0 1
    outer loop
      vertex -41.7756 0.407332 3
      vertex -39.2858 0.225599 3
      vertex -39.2435 0.447641 3
    endloop
  endfacet
  facet normal 0 0 1
    outer loop
      vertex -41.8521 0.808242 3
      vertex -39.2435 0.447641 3
      vertex -39.1736 0.662623 3
    endloop
  endfacet
  facet normal -0 0 1
    outer loop
      vertex -41.8521 0.808242 3
      vertex -39.1736 0.662623 3
      vertex -39.0774 0.867156 3
    endloop
  endfacet
  facet normal 0 0 1
    outer loop
      vertex -41.9782 1.1964 3
      vertex -39.0774 0.867156 3
      vertex -38.9562 1.05801 3
    endloop
  endfacet
  facet normal 0 0 1
    outer loop
      vertex -42.152 1.5657 3
      vertex -38.9562 1.05801 3
      vertex -38.8121 1.23218 3
    endloop
  endfacet
  facet normal 0 0 1
    outer loop
      vertex -42.3707 1.9103 3
      vertex -38.8121 1.23218 3
      vertex -38.6474 1.38692 3
    endloop
  endfacet
  facet normal 0 0 1
    outer loop
      vertex -42.3707 1.9103 3
      vertex -38.6474 1.38692 3
      vertex -38.4645 1.51979 3
    endloop
  endfacet
  facet normal 0 0 1
    outer loop
      vertex -38.0562 1.7119 3
      vertex -42.9284 2.50417 3
      vertex -38.2664 1.62869 3
    endloop
  endfacet
  facet normal 0 0 1
    outer loop
      vertex -39.2858 0.225599 3
      vertex -41.7756 0.407332 3
      vertex -41.75 0 3
    endloop
  endfacet
  facet normal 0 0 1
    outer loop
      vertex -39.2435 0.447641 3
      vertex -41.8521 0.808242 3
      vertex -41.7756 0.407332 3
    endloop
  endfacet
  facet normal 0 0 1
    outer loop
      vertex -39.0774 0.867156 3
      vertex -41.9782 1.1964 3
      vertex -41.8521 0.808242 3
    endloop
  endfacet
  facet normal 0 0 1
    outer loop
      vertex -38.9562 1.05801 3
      vertex -42.152 1.5657 3
      vertex -41.9782 1.1964 3
    endloop
  endfacet
  facet normal 0 0 1
    outer loop
      vertex -38.8121 1.23218 3
      vertex -42.3707 1.9103 3
      vertex -42.152 1.5657 3
    endloop
  endfacet
  facet normal 0 0 1
    outer loop
      vertex -38.4645 1.51979 3
      vertex -42.6309 2.22478 3
      vertex -42.3707 1.9103 3
    endloop
  endfacet
  facet normal 0 0 1
    outer loop
      vertex -38.2664 1.62869 3
      vertex -42.6309 2.22478 3
      vertex -38.4645 1.51979 3
    endloop
  endfacet
  facet normal -0 -0 1
    outer loop
      vertex -42.6309 2.22478 3
      vertex -38.2664 1.62869 3
      vertex -42.9284 2.50417 3
    endloop
  endfacet
  facet normal -0 -0 1
    outer loop
      vertex -42.9284 2.50417 3
      vertex -38.0562 1.7119 3
      vertex -43.2586 2.74407 3
    endloop
  endfacet
  facet normal 0 0 1
    outer loop
      vertex -43.2586 2.74407 3
      vertex -47.314 6.99013 3
      vertex -43.6162 2.94069 3
    endloop
  endfacet
  facet normal 0 0 1
    outer loop
      vertex -43.6162 2.94069 3
      vertex -47.314 6.99013 3
      vertex -43.9957 3.09093 3
    endloop
  endfacet
  facet normal 0 0 1
    outer loop
      vertex -43.9957 3.09093 3
      vertex -47.314 6.99013 3
      vertex -44.391 3.19243 3
    endloop
  endfacet
  facet normal 0 0 1
    outer loop
      vertex -44.391 3.19243 3
      vertex -47.314 6.99013 3
      vertex -44.7959 3.24359 3
    endloop
  endfacet
  facet normal 0 0 1
    outer loop
      vertex -44.7959 3.24359 3
      vertex -47.314 6.99013 3
      vertex -45.2041 3.24359 3
    endloop
  endfacet
  facet normal 0 0 1
    outer loop
      vertex -45.2041 3.24359 3
      vertex -47.314 6.99013 3
      vertex -45.609 3.19243 3
    endloop
  endfacet
  facet normal 0 0 1
    outer loop
      vertex -47.314 6.99013 3
      vertex -46.0043 3.09093 3
      vertex -45.609 3.19243 3
    endloop
  endfacet
  facet normal 0 0 1
    outer loop
      vertex -47.314 6.99013 3
      vertex -46.3838 2.94069 3
      vertex -46.0043 3.09093 3
    endloop
  endfacet
  facet normal -0 0 1
    outer loop
      vertex -47.9369 6.91144 3
      vertex -46.3838 2.94069 3
      vertex -47.314 6.99013 3
    endloop
  endfacet
  facet normal 0 0 1
    outer loop
      vertex -46.3838 2.94069 3
      vertex -47.9369 6.91144 3
      vertex -46.7414 2.74407 3
    endloop
  endfacet
  facet normal -0 0 1
    outer loop
      vertex -48.5451 6.75528 3
      vertex -46.7414 2.74407 3
      vertex -47.9369 6.91144 3
    endloop
  endfacet
  facet normal -0 0 1
    outer loop
      vertex -49.1289 6.52413 3
      vertex -46.7414 2.74407 3
      vertex -48.5451 6.75528 3
    endloop
  endfacet
  facet normal 0 0 1
    outer loop
      vertex -46.7414 2.74407 3
      vertex -49.1289 6.52413 3
      vertex -47.0716 2.50417 3
    endloop
  endfacet
  facet normal -0 0 1
    outer loop
      vertex -49.6791 6.22164 3
      vertex -47.0716 2.50417 3
      vertex -49.1289 6.52413 3
    endloop
  endfacet
  facet normal -0 0 1
    outer loop
      vertex -50.1871 5.85257 3
      vertex -47.0716 2.50417 3
      vertex -49.6791 6.22164 3
    endloop
  endfacet
  facet normal 0 0 1
    outer loop
      vertex -47.0716 2.50417 3
      vertex -50.1871 5.85257 3
      vertex -47.3691 2.22478 3
    endloop
  endfacet
  facet normal -0 0 1
    outer loop
      vertex -50.6448 5.42274 3
      vertex -47.3691 2.22478 3
      vertex -50.1871 5.85257 3
    endloop
  endfacet
  facet normal -0 0 1
    outer loop
      vertex -51.0451 4.93893 3
      vertex -47.3691 2.22478 3
      vertex -50.6448 5.42274 3
    endloop
  endfacet
  facet normal 0 0 1
    outer loop
      vertex -47.3691 2.22478 3
      vertex -51.0451 4.93893 3
      vertex -47.6293 1.9103 3
    endloop
  endfacet
  facet normal -0 0 1
    outer loop
      vertex 16.1128 54.2402 3
      vertex 35.3592 50.2232 3
      vertex 35.1456 56.165 3
    endloop
  endfacet
  facet normal 0 0 1
    outer loop
      vertex 35.3592 50.2232 3
      vertex 16.2253 50.2232 3
      vertex 35.1567 44.3494 3
    endloop
  endfacet
  facet normal 0 0 1
    outer loop
      vertex 16.1128 54.2402 3
      vertex 35.1456 56.165 3
      vertex 34.5046 61.6586 3
    endloop
  endfacet
  facet normal 0 0 1
    outer loop
      vertex 15.8045 42.4122 3
      vertex 35.1567 44.3494 3
      vertex 16.2253 50.2232 3
    endloop
  endfacet
  facet normal 0 0 1
    outer loop
      vertex 16.1128 54.2402 3
      vertex 34.5046 61.6586 3
      vertex 33.4363 66.7038 3
    endloop
  endfacet
  facet normal 0 0 1
    outer loop
      vertex 35.1567 44.3494 3
      vertex 15.8045 42.4122 3
      vertex 34.5493 38.8766 3
    endloop
  endfacet
  facet normal 0 0 1
    outer loop
      vertex 16.1128 54.2402 3
      vertex 33.4363 66.7038 3
      vertex 31.9408 71.3008 3
    endloop
  endfacet
  facet normal 0 0 1
    outer loop
      vertex 34.5493 38.8766 3
      vertex 15.8045 42.4122 3
      vertex 33.5368 33.8048 3
    endloop
  endfacet
  facet normal 0 0 1
    outer loop
      vertex 16.1128 54.2402 3
      vertex 31.9408 71.3008 3
      vertex 30.0179 75.4493 3
    endloop
  endfacet
  facet normal -0 0 1
    outer loop
      vertex 14.5424 35.8029 3
      vertex 33.5368 33.8048 3
      vertex 15.8045 42.4122 3
    endloop
  endfacet
  facet normal 0 0 1
    outer loop
      vertex 16.1128 54.2402 3
      vertex 30.0179 75.4493 3
      vertex 27.6677 79.1496 3
    endloop
  endfacet
  facet normal 0 0 1
    outer loop
      vertex 33.5368 33.8048 3
      vertex 14.5424 35.8029 3
      vertex 32.1194 29.1341 3
    endloop
  endfacet
  facet normal 0 0 1
    outer loop
      vertex 16.1128 54.2402 3
      vertex 27.6677 79.1496 3
      vertex 24.8902 82.4016 3
    endloop
  endfacet
  facet normal 0 0 1
    outer loop
      vertex 32.1194 29.1341 3
      vertex 14.5424 35.8029 3
      vertex 30.2971 24.8644 3
    endloop
  endfacet
  facet normal 0 0 1
    outer loop
      vertex 16.1128 54.2402 3
      vertex 24.8902 82.4016 3
      vertex 21.6817 85.2131 3
    endloop
  endfacet
  facet normal -0 0 1
    outer loop
      vertex 12.4388 30.3952 3
      vertex 30.2971 24.8644 3
      vertex 14.5424 35.8029 3
    endloop
  endfacet
  facet normal 0 0 1
    outer loop
      vertex 9.00603 73.3644 3
      vertex 21.6817 85.2131 3
      vertex 18.038 87.592 3
    endloop
  endfacet
  facet normal 0 0 1
    outer loop
      vertex 30.2971 24.8644 3
      vertex 12.4388 30.3952 3
      vertex 28.0697 20.9957 3
    endloop
  endfacet
  facet normal 0 0 1
    outer loop
      vertex 28.0697 20.9957 3
      vertex 12.4388 30.3952 3
      vertex 25.4374 17.528 3
    endloop
  endfacet
  facet normal -0 0 1
    outer loop
      vertex 9.49382 26.1893 3
      vertex 25.4374 17.528 3
      vertex 12.4388 30.3952 3
    endloop
  endfacet
  facet normal 0 0 1
    outer loop
      vertex 25.4374 17.528 3
      vertex 9.49382 26.1893 3
      vertex 22.4306 14.4944 3
    endloop
  endfacet
  facet normal 0 0 1
    outer loop
      vertex 22.4306 14.4944 3
      vertex 9.49382 26.1893 3
      vertex 19.0795 11.9275 3
    endloop
  endfacet
  facet normal 0 0 1
    outer loop
      vertex 19.0795 11.9275 3
      vertex 9.49382 26.1893 3
      vertex 15.3838 9.82738 3
    endloop
  endfacet
  facet normal -0 0 1
    outer loop
      vertex 5.7074 23.1851 3
      vertex 15.3838 9.82738 3
      vertex 9.49382 26.1893 3
    endloop
  endfacet
  facet normal 0 0 1
    outer loop
      vertex 15.3838 9.82738 3
      vertex 5.7074 23.1851 3
      vertex 11.3438 8.19392 3
    endloop
  endfacet
  facet normal 0 0 1
    outer loop
      vertex 11.3438 8.19392 3
      vertex 5.7074 23.1851 3
      vertex 6.95923 7.02716 3
    endloop
  endfacet
  facet normal -0 0 1
    outer loop
      vertex 2.36915 2.22478 3
      vertex 6.53551 1.51979 3
      vertex 6.7091 6.99013 3
    endloop
  endfacet
  facet normal -0 -0 1
    outer loop
      vertex 2.6293 1.9103 3
      vertex 6.53551 1.51979 3
      vertex 2.36915 2.22478 3
    endloop
  endfacet
  facet normal 0 0 1
    outer loop
      vertex 6.53551 1.51979 3
      vertex 2.6293 1.9103 3
      vertex 6.35264 1.38692 3
    endloop
  endfacet
  facet normal -0 -0 1
    outer loop
      vertex 2.848 1.5657 3
      vertex 6.18786 1.23218 3
      vertex 2.6293 1.9103 3
    endloop
  endfacet
  facet normal 0 0 1
    outer loop
      vertex 6.18786 1.23218 3
      vertex 2.848 1.5657 3
      vertex 6.04377 1.05801 3
    endloop
  endfacet
  facet normal -0 -0 1
    outer loop
      vertex 3.02177 1.1964 3
      vertex 6.04377 1.05801 3
      vertex 2.848 1.5657 3
    endloop
  endfacet
  facet normal -0 0 1
    outer loop
      vertex 1.07954 21.3826 3
      vertex 6.95923 7.02716 3
      vertex 5.7074 23.1851 3
    endloop
  endfacet
  facet normal 0 0 1
    outer loop
      vertex 6.95923 7.02716 3
      vertex 1.07954 21.3826 3
      vertex 6.7091 6.99013 3
    endloop
  endfacet
  facet normal 0 -0 1
    outer loop
      vertex 2.36915 2.22478 3
      vertex 6.7091 6.99013 3
      vertex 2.07163 2.50417 3
    endloop
  endfacet
  facet normal 0 0 1
    outer loop
      vertex 6.35264 1.38692 3
      vertex 2.6293 1.9103 3
      vertex 6.18786 1.23218 3
    endloop
  endfacet
  facet normal 0 -0 1
    outer loop
      vertex 3.14789 0.808242 3
      vertex 5.92265 0.867156 3
      vertex 3.02177 1.1964 3
    endloop
  endfacet
  facet normal 0 0 1
    outer loop
      vertex 5.71419 0.225599 3
      vertex 3.25 0 3
      vertex 5.7 0 3
    endloop
  endfacet
  facet normal 0 -0 1
    outer loop
      vertex 3.25 0 3
      vertex 5.71419 0.225599 3
      vertex 3.22437 0.407332 3
    endloop
  endfacet
  facet normal 0 0 1
    outer loop
      vertex 5.75655 0.447641 3
      vertex 3.22437 0.407332 3
      vertex 5.71419 0.225599 3
    endloop
  endfacet
  facet normal 0 -0 1
    outer loop
      vertex 3.22437 0.407332 3
      vertex 5.75655 0.447641 3
      vertex 3.14789 0.808242 3
    endloop
  endfacet
  facet normal 0 0 1
    outer loop
      vertex 5.8264 0.662623 3
      vertex 3.14789 0.808242 3
      vertex 5.75655 0.447641 3
    endloop
  endfacet
  facet normal 0 0 1
    outer loop
      vertex 5.92265 0.867156 3
      vertex 3.14789 0.808242 3
      vertex 5.8264 0.662623 3
    endloop
  endfacet
  facet normal 0 0 1
    outer loop
      vertex 6.04377 1.05801 3
      vertex 3.02177 1.1964 3
      vertex 5.92265 0.867156 3
    endloop
  endfacet
  facet normal 0 0 1
    outer loop
      vertex 6.7091 6.99013 3
      vertex 1.74144 2.74407 3
      vertex 2.07163 2.50417 3
    endloop
  endfacet
  facet normal 0 0 1
    outer loop
      vertex -0.204069 3.24359 3
      vertex 6.7091 6.99013 3
      vertex 1.07954 21.3826 3
    endloop
  endfacet
  facet normal 0 0 1
    outer loop
      vertex 6.7091 6.99013 3
      vertex 1.38378 2.94069 3
      vertex 1.74144 2.74407 3
    endloop
  endfacet
  facet normal 0 0 1
    outer loop
      vertex 6.7091 6.99013 3
      vertex 1.0043 3.09093 3
      vertex 1.38378 2.94069 3
    endloop
  endfacet
  facet normal 0 0 1
    outer loop
      vertex 6.7091 6.99013 3
      vertex 0.608989 3.19243 3
      vertex 1.0043 3.09093 3
    endloop
  endfacet
  facet normal 0 0 1
    outer loop
      vertex 6.7091 6.99013 3
      vertex 0.204069 3.24359 3
      vertex 0.608989 3.19243 3
    endloop
  endfacet
  facet normal 0 0 1
    outer loop
      vertex 6.7091 6.99013 3
      vertex -0.204069 3.24359 3
      vertex 0.204069 3.24359 3
    endloop
  endfacet
  facet normal -0 0 1
    outer loop
      vertex -4.38972 20.7817 3
      vertex -0.204069 3.24359 3
      vertex 1.07954 21.3826 3
    endloop
  endfacet
  facet normal 0 0 1
    outer loop
      vertex -0.204069 3.24359 3
      vertex -4.38972 20.7817 3
      vertex -0.608989 3.19243 3
    endloop
  endfacet
  facet normal 0 0 1
    outer loop
      vertex -0.608989 3.19243 3
      vertex -4.38972 20.7817 3
      vertex -1.0043 3.09093 3
    endloop
  endfacet
  facet normal 0 0 1
    outer loop
      vertex -1.0043 3.09093 3
      vertex -4.38972 20.7817 3
      vertex -1.38378 2.94069 3
    endloop
  endfacet
  facet normal 0 0 1
    outer loop
      vertex -7.16271 1.76812 3
      vertex -1.38378 2.94069 3
      vertex -4.38972 20.7817 3
    endloop
  endfacet
  facet normal 0 0 1
    outer loop
      vertex -1.38378 2.94069 3
      vertex -7.16271 1.76812 3
      vertex -1.74144 2.74407 3
    endloop
  endfacet
  facet normal 0 -0 1
    outer loop
      vertex -6.94377 1.7119 3
      vertex -1.74144 2.74407 3
      vertex -7.16271 1.76812 3
    endloop
  endfacet
  facet normal 0 0 1
    outer loop
      vertex -2.07163 2.50417 3
      vertex -5.71419 0.225599 3
      vertex -2.36915 2.22478 3
    endloop
  endfacet
  facet normal 0 0 1
    outer loop
      vertex -5.71419 0.225599 3
      vertex -2.6293 1.9103 3
      vertex -2.36915 2.22478 3
    endloop
  endfacet
  facet normal 0 0 1
    outer loop
      vertex -5.71419 0.225599 3
      vertex -2.848 1.5657 3
      vertex -2.6293 1.9103 3
    endloop
  endfacet
  facet normal 0 0 1
    outer loop
      vertex -5.71419 0.225599 3
      vertex -3.22437 0.407332 3
      vertex -3.14789 0.808242 3
    endloop
  endfacet
  facet normal 0 0 1
    outer loop
      vertex -5.71419 0.225599 3
      vertex -3.14789 0.808242 3
      vertex -3.02177 1.1964 3
    endloop
  endfacet
  facet normal 0 0 1
    outer loop
      vertex -5.71419 0.225599 3
      vertex -3.02177 1.1964 3
      vertex -2.848 1.5657 3
    endloop
  endfacet
  facet normal 0 0 1
    outer loop
      vertex 48.0218 1.1964 3
      vertex 52 2 3
      vertex 51.9606 2.62667 3
    endloop
  endfacet
  facet normal 0 0 1
    outer loop
      vertex 52 2 3
      vertex 48.25 0 3
      vertex 52 -2 3
    endloop
  endfacet
  facet normal 0 0 1
    outer loop
      vertex 47.848 1.5657 3
      vertex 51.9606 2.62667 3
      vertex 51.8429 3.24345 3
    endloop
  endfacet
  facet normal -0 0 1
    outer loop
      vertex 48.2244 -0.407332 3
      vertex 52 -2 3
      vertex 48.25 0 3
    endloop
  endfacet
  facet normal 0 0 1
    outer loop
      vertex 47.848 1.5657 3
      vertex 51.8429 3.24345 3
      vertex 51.6489 3.84062 3
    endloop
  endfacet
  facet normal -0 0 1
    outer loop
      vertex 48.1479 -0.808242 3
      vertex 52 -2 3
      vertex 48.2244 -0.407332 3
    endloop
  endfacet
  facet normal 0 0 1
    outer loop
      vertex 47.6293 1.9103 3
      vertex 51.6489 3.84062 3
      vertex 51.3815 4.40877 3
    endloop
  endfacet
  facet normal -0 0 1
    outer loop
      vertex 48.0218 -1.1964 3
      vertex 52 -2 3
      vertex 48.1479 -0.808242 3
    endloop
  endfacet
  facet normal 0 0 1
    outer loop
      vertex 47.6293 1.9103 3
      vertex 51.3815 4.40877 3
      vertex 51.0451 4.93893 3
    endloop
  endfacet
  facet normal 0 0 1
    outer loop
      vertex 52 -2 3
      vertex 48.0218 -1.1964 3
      vertex 51.9606 -2.62667 3
    endloop
  endfacet
  facet normal 0 0 1
    outer loop
      vertex 47.3691 2.22478 3
      vertex 51.0451 4.93893 3
      vertex 50.6448 5.42274 3
    endloop
  endfacet
  facet normal -0 0 1
    outer loop
      vertex 47.848 -1.5657 3
      vertex 51.9606 -2.62667 3
      vertex 48.0218 -1.1964 3
    endloop
  endfacet
  facet normal 0 0 1
    outer loop
      vertex 47.3691 2.22478 3
      vertex 50.6448 5.42274 3
      vertex 50.1871 5.85257 3
    endloop
  endfacet
  facet normal 0 0 1
    outer loop
      vertex 51.9606 -2.62667 3
      vertex 47.848 -1.5657 3
      vertex 51.8429 -3.24345 3
    endloop
  endfacet
  facet normal 0 0 1
    outer loop
      vertex 47.0716 2.50417 3
      vertex 50.1871 5.85257 3
      vertex 49.6791 6.22164 3
    endloop
  endfacet
  facet normal 0 0 1
    outer loop
      vertex 51.8429 -3.24345 3
      vertex 47.848 -1.5657 3
      vertex 51.6489 -3.84062 3
    endloop
  endfacet
  facet normal 0 0 1
    outer loop
      vertex 47.0716 2.50417 3
      vertex 49.6791 6.22164 3
      vertex 49.1289 6.52413 3
    endloop
  endfacet
  facet normal -0 0 1
    outer loop
      vertex 47.6293 -1.9103 3
      vertex 51.6489 -3.84062 3
      vertex 47.848 -1.5657 3
    endloop
  endfacet
  facet normal 0 0 1
    outer loop
      vertex 46.7414 2.74407 3
      vertex 49.1289 6.52413 3
      vertex 48.5451 6.75528 3
    endloop
  endfacet
  facet normal 0 0 1
    outer loop
      vertex 51.6489 -3.84062 3
      vertex 47.6293 -1.9103 3
      vertex 51.3815 -4.40877 3
    endloop
  endfacet
  facet normal 0 0 1
    outer loop
      vertex 51.3815 -4.40877 3
      vertex 47.6293 -1.9103 3
      vertex 51.0451 -4.93893 3
    endloop
  endfacet
  facet normal 0 0 1
    outer loop
      vertex 52 2 3
      vertex 48.2244 0.407332 3
      vertex 48.25 0 3
    endloop
  endfacet
  facet normal 0 0 1
    outer loop
      vertex 52 2 3
      vertex 48.1479 0.808242 3
      vertex 48.2244 0.407332 3
    endloop
  endfacet
  facet normal 0 0 1
    outer loop
      vertex 52 2 3
      vertex 48.0218 1.1964 3
      vertex 48.1479 0.808242 3
    endloop
  endfacet
  facet normal 0 0 1
    outer loop
      vertex 46.7414 2.74407 3
      vertex 48.5451 6.75528 3
      vertex 47.9369 6.91144 3
    endloop
  endfacet
  facet normal 0 0 1
    outer loop
      vertex 51.9606 2.62667 3
      vertex 47.848 1.5657 3
      vertex 48.0218 1.1964 3
    endloop
  endfacet
  facet normal 0 0 1
    outer loop
      vertex 51.6489 3.84062 3
      vertex 47.6293 1.9103 3
      vertex 47.848 1.5657 3
    endloop
  endfacet
  facet normal 0 0 1
    outer loop
      vertex 51.0451 4.93893 3
      vertex 47.3691 2.22478 3
      vertex 47.6293 1.9103 3
    endloop
  endfacet
  facet normal 0 0 1
    outer loop
      vertex 46.3838 2.94069 3
      vertex 47.9369 6.91144 3
      vertex 47.314 6.99013 3
    endloop
  endfacet
  facet normal 0 0 1
    outer loop
      vertex 50.1871 5.85257 3
      vertex 47.0716 2.50417 3
      vertex 47.3691 2.22478 3
    endloop
  endfacet
  facet normal 0 0 1
    outer loop
      vertex 49.1289 6.52413 3
      vertex 46.7414 2.74407 3
      vertex 47.0716 2.50417 3
    endloop
  endfacet
  facet normal 0 0 1
    outer loop
      vertex 47.9369 6.91144 3
      vertex 46.3838 2.94069 3
      vertex 46.7414 2.74407 3
    endloop
  endfacet
  facet normal 0 0 1
    outer loop
      vertex 47.314 6.99013 3
      vertex 46.0043 3.09093 3
      vertex 46.3838 2.94069 3
    endloop
  endfacet
  facet normal 0 0 1
    outer loop
      vertex 47.314 6.99013 3
      vertex 45.609 3.19243 3
      vertex 46.0043 3.09093 3
    endloop
  endfacet
  facet normal 0 0 1
    outer loop
      vertex 47.314 6.99013 3
      vertex 45.2041 3.24359 3
      vertex 45.609 3.19243 3
    endloop
  endfacet
  facet normal 0 0 1
    outer loop
      vertex 47.314 6.99013 3
      vertex 44.7959 3.24359 3
      vertex 45.2041 3.24359 3
    endloop
  endfacet
  facet normal 0 0 1
    outer loop
      vertex 47.314 6.99013 3
      vertex 44.391 3.19243 3
      vertex 44.7959 3.24359 3
    endloop
  endfacet
  facet normal 0 0 1
    outer loop
      vertex 47.314 6.99013 3
      vertex 43.9957 3.09093 3
      vertex 44.391 3.19243 3
    endloop
  endfacet
  facet normal 0 0 1
    outer loop
      vertex 47.314 6.99013 3
      vertex 43.6162 2.94069 3
      vertex 43.9957 3.09093 3
    endloop
  endfacet
  facet normal 0 0 1
    outer loop
      vertex 47.314 6.99013 3
      vertex 43.2586 2.74407 3
      vertex 43.6162 2.94069 3
    endloop
  endfacet
  facet normal 0 0 1
    outer loop
      vertex 37.8373 1.76812 3
      vertex 43.2586 2.74407 3
      vertex 47.314 6.99013 3
    endloop
  endfacet
  facet normal 0 -0 1
    outer loop
      vertex 38.0562 1.7119 3
      vertex 43.2586 2.74407 3
      vertex 37.8373 1.76812 3
    endloop
  endfacet
  facet normal -0 0 1
    outer loop
      vertex 39.2858 0.225599 3
      vertex 41.75 0 3
      vertex 41.7756 0.407332 3
    endloop
  endfacet
  facet normal -0 0 1
    outer loop
      vertex 39.2435 0.447641 3
      vertex 41.7756 0.407332 3
      vertex 41.8521 0.808242 3
    endloop
  endfacet
  facet normal -0 0 1
    outer loop
      vertex 39.0774 0.867156 3
      vertex 41.8521 0.808242 3
      vertex 41.9782 1.1964 3
    endloop
  endfacet
  facet normal 0 0 1
    outer loop
      vertex 38.9562 1.05801 3
      vertex 41.9782 1.1964 3
      vertex 42.152 1.5657 3
    endloop
  endfacet
  facet normal 0 0 1
    outer loop
      vertex 38.8121 1.23218 3
      vertex 42.152 1.5657 3
      vertex 42.3707 1.9103 3
    endloop
  endfacet
  facet normal 0 0 1
    outer loop
      vertex 38.4645 1.51979 3
      vertex 42.3707 1.9103 3
      vertex 42.6309 2.22478 3
    endloop
  endfacet
  facet normal 0 0 1
    outer loop
      vertex 43.2586 2.74407 3
      vertex 38.0562 1.7119 3
      vertex 42.9284 2.50417 3
    endloop
  endfacet
  facet normal 0 0 1
    outer loop
      vertex 41.75 0 3
      vertex 39.2858 0.225599 3
      vertex 39.3 0 3
    endloop
  endfacet
  facet normal 0 0 1
    outer loop
      vertex 41.7756 0.407332 3
      vertex 39.2435 0.447641 3
      vertex 39.2858 0.225599 3
    endloop
  endfacet
  facet normal 0 0 1
    outer loop
      vertex 41.8521 0.808242 3
      vertex 39.1736 0.662623 3
      vertex 39.2435 0.447641 3
    endloop
  endfacet
  facet normal 0 0 1
    outer loop
      vertex 41.8521 0.808242 3
      vertex 39.0774 0.867156 3
      vertex 39.1736 0.662623 3
    endloop
  endfacet
  facet normal 0 0 1
    outer loop
      vertex 41.9782 1.1964 3
      vertex 38.9562 1.05801 3
      vertex 39.0774 0.867156 3
    endloop
  endfacet
  facet normal 0 0 1
    outer loop
      vertex 42.152 1.5657 3
      vertex 38.8121 1.23218 3
      vertex 38.9562 1.05801 3
    endloop
  endfacet
  facet normal 0 0 1
    outer loop
      vertex 42.3707 1.9103 3
      vertex 38.6474 1.38692 3
      vertex 38.8121 1.23218 3
    endloop
  endfacet
  facet normal 0 0 1
    outer loop
      vertex 42.3707 1.9103 3
      vertex 38.4645 1.51979 3
      vertex 38.6474 1.38692 3
    endloop
  endfacet
  facet normal 0 0 1
    outer loop
      vertex 42.6309 2.22478 3
      vertex 38.2664 1.62869 3
      vertex 38.4645 1.51979 3
    endloop
  endfacet
  facet normal 0 0 1
    outer loop
      vertex 42.9284 2.50417 3
      vertex 38.2664 1.62869 3
      vertex 42.6309 2.22478 3
    endloop
  endfacet
  facet normal 0 -0 1
    outer loop
      vertex 38.2664 1.62869 3
      vertex 42.9284 2.50417 3
      vertex 38.0562 1.7119 3
    endloop
  endfacet
  facet normal 0 0 1
    outer loop
      vertex 47.314 6.99013 3
      vertex 37.613 1.79645 3
      vertex 37.8373 1.76812 3
    endloop
  endfacet
  facet normal 0 0 1
    outer loop
      vertex 47.314 6.99013 3
      vertex 37.387 1.79645 3
      vertex 37.613 1.79645 3
    endloop
  endfacet
  facet normal -0 0 1
    outer loop
      vertex 31.3838 2.94069 3
      vertex 37.387 1.79645 3
      vertex 47.314 6.99013 3
    endloop
  endfacet
  facet normal 0 0 1
    outer loop
      vertex 37.387 1.79645 3
      vertex 31.3838 2.94069 3
      vertex 37.1627 1.76812 3
    endloop
  endfacet
  facet normal -0 -0 1
    outer loop
      vertex 31.7414 2.74407 3
      vertex 37.1627 1.76812 3
      vertex 31.3838 2.94069 3
    endloop
  endfacet
  facet normal 0 0 1
    outer loop
      vertex 35.7142 0.225599 3
      vertex 33.25 0 3
      vertex 35.7 0 3
    endloop
  endfacet
  facet normal -0 0 1
    outer loop
      vertex 33.2244 0.407332 3
      vertex 35.7142 0.225599 3
      vertex 35.7565 0.447641 3
    endloop
  endfacet
  facet normal 0 0 1
    outer loop
      vertex 33.1479 0.808242 3
      vertex 35.7565 0.447641 3
      vertex 35.8264 0.662623 3
    endloop
  endfacet
  facet normal -0 0 1
    outer loop
      vertex 33.1479 0.808242 3
      vertex 35.8264 0.662623 3
      vertex 35.9226 0.867156 3
    endloop
  endfacet
  facet normal 0 0 1
    outer loop
      vertex 33.0218 1.1964 3
      vertex 35.9226 0.867156 3
      vertex 36.0438 1.05801 3
    endloop
  endfacet
  facet normal 0 0 1
    outer loop
      vertex 32.848 1.5657 3
      vertex 36.0438 1.05801 3
      vertex 36.1879 1.23218 3
    endloop
  endfacet
  facet normal 0 0 1
    outer loop
      vertex 32.6293 1.9103 3
      vertex 36.1879 1.23218 3
      vertex 36.3526 1.38692 3
    endloop
  endfacet
  facet normal 0 0 1
    outer loop
      vertex 32.6293 1.9103 3
      vertex 36.3526 1.38692 3
      vertex 36.5355 1.51979 3
    endloop
  endfacet
  facet normal 0 0 1
    outer loop
      vertex 32.3691 2.22478 3
      vertex 36.5355 1.51979 3
      vertex 36.7336 1.62869 3
    endloop
  endfacet
  facet normal 0 0 1
    outer loop
      vertex 37.1627 1.76812 3
      vertex 31.7414 2.74407 3
      vertex 36.9438 1.7119 3
    endloop
  endfacet
  facet normal 0 0 1
    outer loop
      vertex 35.7142 0.225599 3
      vertex 33.2244 0.407332 3
      vertex 33.25 0 3
    endloop
  endfacet
  facet normal 0 0 1
    outer loop
      vertex 35.7565 0.447641 3
      vertex 33.1479 0.808242 3
      vertex 33.2244 0.407332 3
    endloop
  endfacet
  facet normal 0 0 1
    outer loop
      vertex 35.9226 0.867156 3
      vertex 33.0218 1.1964 3
      vertex 33.1479 0.808242 3
    endloop
  endfacet
  facet normal 0 0 1
    outer loop
      vertex 36.0438 1.05801 3
      vertex 32.848 1.5657 3
      vertex 33.0218 1.1964 3
    endloop
  endfacet
  facet normal 0 0 1
    outer loop
      vertex 36.1879 1.23218 3
      vertex 32.6293 1.9103 3
      vertex 32.848 1.5657 3
    endloop
  endfacet
  facet normal 0 0 1
    outer loop
      vertex 36.5355 1.51979 3
      vertex 32.3691 2.22478 3
      vertex 32.6293 1.9103 3
    endloop
  endfacet
  facet normal 0 0 1
    outer loop
      vertex 36.7336 1.62869 3
      vertex 32.0716 2.50417 3
      vertex 32.3691 2.22478 3
    endloop
  endfacet
  facet normal 0 0 1
    outer loop
      vertex 36.9438 1.7119 3
      vertex 32.0716 2.50417 3
      vertex 36.7336 1.62869 3
    endloop
  endfacet
  facet normal -0 -0 1
    outer loop
      vertex 32.0716 2.50417 3
      vertex 36.9438 1.7119 3
      vertex 31.7414 2.74407 3
    endloop
  endfacet
  facet normal 0 0 1
    outer loop
      vertex 47.314 6.99013 3
      vertex 31.0043 3.09093 3
      vertex 31.3838 2.94069 3
    endloop
  endfacet
  facet normal 0 0 1
    outer loop
      vertex 47.314 6.99013 3
      vertex 30.609 3.19243 3
      vertex 31.0043 3.09093 3
    endloop
  endfacet
  facet normal 0 0 1
    outer loop
      vertex 47.314 6.99013 3
      vertex 30.2041 3.24359 3
      vertex 30.609 3.19243 3
    endloop
  endfacet
  facet normal 0 0 1
    outer loop
      vertex 47.314 6.99013 3
      vertex 29.7959 3.24359 3
      vertex 30.2041 3.24359 3
    endloop
  endfacet
  facet normal -0 0 1
    outer loop
      vertex 6.7091 6.99013 3
      vertex 29.7959 3.24359 3
      vertex 47.314 6.99013 3
    endloop
  endfacet
  facet normal -0 0 1
    outer loop
      vertex 24.2858 0.225599 3
      vertex 26.75 0 3
      vertex 26.7756 0.407332 3
    endloop
  endfacet
  facet normal -0 0 1
    outer loop
      vertex 24.2435 0.447641 3
      vertex 26.7756 0.407332 3
      vertex 26.8521 0.808242 3
    endloop
  endfacet
  facet normal -0 0 1
    outer loop
      vertex 24.0774 0.867156 3
      vertex 26.8521 0.808242 3
      vertex 26.9782 1.1964 3
    endloop
  endfacet
  facet normal 0 0 1
    outer loop
      vertex 23.9562 1.05801 3
      vertex 26.9782 1.1964 3
      vertex 27.152 1.5657 3
    endloop
  endfacet
  facet normal 0 0 1
    outer loop
      vertex 23.8121 1.23218 3
      vertex 27.152 1.5657 3
      vertex 27.3707 1.9103 3
    endloop
  endfacet
  facet normal 0 0 1
    outer loop
      vertex 23.4645 1.51979 3
      vertex 27.3707 1.9103 3
      vertex 27.6309 2.22478 3
    endloop
  endfacet
  facet normal 0 0 1
    outer loop
      vertex 23.2664 1.62869 3
      vertex 27.6309 2.22478 3
      vertex 27.9284 2.50417 3
    endloop
  endfacet
  facet normal 0 0 1
    outer loop
      vertex 23.0562 1.7119 3
      vertex 27.9284 2.50417 3
      vertex 28.2586 2.74407 3
    endloop
  endfacet
  facet normal 0 0 1
    outer loop
      vertex 26.75 0 3
      vertex 24.2858 0.225599 3
      vertex 24.3 0 3
    endloop
  endfacet
  facet normal 0 0 1
    outer loop
      vertex 26.7756 0.407332 3
      vertex 24.2435 0.447641 3
      vertex 24.2858 0.225599 3
    endloop
  endfacet
  facet normal 0 0 1
    outer loop
      vertex 26.8521 0.808242 3
      vertex 24.1736 0.662623 3
      vertex 24.2435 0.447641 3
    endloop
  endfacet
  facet normal 0 0 1
    outer loop
      vertex 22.8373 1.76812 3
      vertex 28.2586 2.74407 3
      vertex 28.6162 2.94069 3
    endloop
  endfacet
  facet normal 0 0 1
    outer loop
      vertex 26.8521 0.808242 3
      vertex 24.0774 0.867156 3
      vertex 24.1736 0.662623 3
    endloop
  endfacet
  facet normal 0 0 1
    outer loop
      vertex 26.9782 1.1964 3
      vertex 23.9562 1.05801 3
      vertex 24.0774 0.867156 3
    endloop
  endfacet
  facet normal 0 0 1
    outer loop
      vertex 27.152 1.5657 3
      vertex 23.8121 1.23218 3
      vertex 23.9562 1.05801 3
    endloop
  endfacet
  facet normal 0 0 1
    outer loop
      vertex 22.613 1.79645 3
      vertex 28.6162 2.94069 3
      vertex 28.9957 3.09093 3
    endloop
  endfacet
  facet normal 0 0 1
    outer loop
      vertex 27.3707 1.9103 3
      vertex 23.6474 1.38692 3
      vertex 23.8121 1.23218 3
    endloop
  endfacet
  facet normal 0 0 1
    outer loop
      vertex 27.3707 1.9103 3
      vertex 23.4645 1.51979 3
      vertex 23.6474 1.38692 3
    endloop
  endfacet
  facet normal 0 0 1
    outer loop
      vertex 27.6309 2.22478 3
      vertex 23.2664 1.62869 3
      vertex 23.4645 1.51979 3
    endloop
  endfacet
  facet normal 0 0 1
    outer loop
      vertex 16.0043 3.09093 3
      vertex 28.9957 3.09093 3
      vertex 29.391 3.19243 3
    endloop
  endfacet
  facet normal 0 0 1
    outer loop
      vertex 27.9284 2.50417 3
      vertex 23.0562 1.7119 3
      vertex 23.2664 1.62869 3
    endloop
  endfacet
  facet normal 0 0 1
    outer loop
      vertex 28.2586 2.74407 3
      vertex 22.8373 1.76812 3
      vertex 23.0562 1.7119 3
    endloop
  endfacet
  facet normal 0 0 1
    outer loop
      vertex 28.6162 2.94069 3
      vertex 22.613 1.79645 3
      vertex 22.8373 1.76812 3
    endloop
  endfacet
  facet normal 0 0 1
    outer loop
      vertex 29.7959 3.24359 3
      vertex 6.7091 6.99013 3
      vertex 29.391 3.19243 3
    endloop
  endfacet
  facet normal 0 0 1
    outer loop
      vertex 28.9957 3.09093 3
      vertex 16.0043 3.09093 3
      vertex 22.613 1.79645 3
    endloop
  endfacet
  facet normal 0 0 1
    outer loop
      vertex 22.613 1.79645 3
      vertex 16.0043 3.09093 3
      vertex 22.387 1.79645 3
    endloop
  endfacet
  facet normal 0 0 1
    outer loop
      vertex 20.7142 0.225599 3
      vertex 18.25 0 3
      vertex 20.7 0 3
    endloop
  endfacet
  facet normal -0 0 1
    outer loop
      vertex 18.2244 0.407332 3
      vertex 20.7142 0.225599 3
      vertex 20.7565 0.447641 3
    endloop
  endfacet
  facet normal 0 0 1
    outer loop
      vertex 18.1479 0.808242 3
      vertex 20.7565 0.447641 3
      vertex 20.8264 0.662623 3
    endloop
  endfacet
  facet normal -0 0 1
    outer loop
      vertex 18.1479 0.808242 3
      vertex 20.8264 0.662623 3
      vertex 20.9226 0.867156 3
    endloop
  endfacet
  facet normal 0 0 1
    outer loop
      vertex 18.0218 1.1964 3
      vertex 20.9226 0.867156 3
      vertex 21.0438 1.05801 3
    endloop
  endfacet
  facet normal 0 0 1
    outer loop
      vertex 17.848 1.5657 3
      vertex 21.0438 1.05801 3
      vertex 21.1879 1.23218 3
    endloop
  endfacet
  facet normal 0 0 1
    outer loop
      vertex 17.6293 1.9103 3
      vertex 21.1879 1.23218 3
      vertex 21.3526 1.38692 3
    endloop
  endfacet
  facet normal 0 0 1
    outer loop
      vertex 17.6293 1.9103 3
      vertex 21.3526 1.38692 3
      vertex 21.5355 1.51979 3
    endloop
  endfacet
  facet normal 0 0 1
    outer loop
      vertex 17.3691 2.22478 3
      vertex 21.5355 1.51979 3
      vertex 21.7336 1.62869 3
    endloop
  endfacet
  facet normal 0 0 1
    outer loop
      vertex 20.7142 0.225599 3
      vertex 18.2244 0.407332 3
      vertex 18.25 0 3
    endloop
  endfacet
  facet normal 0 0 1
    outer loop
      vertex 17.0716 2.50417 3
      vertex 21.7336 1.62869 3
      vertex 21.9438 1.7119 3
    endloop
  endfacet
  facet normal 0 0 1
    outer loop
      vertex 20.7565 0.447641 3
      vertex 18.1479 0.808242 3
      vertex 18.2244 0.407332 3
    endloop
  endfacet
  facet normal 0 0 1
    outer loop
      vertex 16.7414 2.74407 3
      vertex 21.9438 1.7119 3
      vertex 22.1627 1.76812 3
    endloop
  endfacet
  facet normal 0 0 1
    outer loop
      vertex 20.9226 0.867156 3
      vertex 18.0218 1.1964 3
      vertex 18.1479 0.808242 3
    endloop
  endfacet
  facet normal -0 -0 1
    outer loop
      vertex 16.3838 2.94069 3
      vertex 22.387 1.79645 3
      vertex 16.0043 3.09093 3
    endloop
  endfacet
  facet normal 0 0 1
    outer loop
      vertex 21.0438 1.05801 3
      vertex 17.848 1.5657 3
      vertex 18.0218 1.1964 3
    endloop
  endfacet
  facet normal 0 0 1
    outer loop
      vertex 21.1879 1.23218 3
      vertex 17.6293 1.9103 3
      vertex 17.848 1.5657 3
    endloop
  endfacet
  facet normal 0 0 1
    outer loop
      vertex 21.5355 1.51979 3
      vertex 17.3691 2.22478 3
      vertex 17.6293 1.9103 3
    endloop
  endfacet
  facet normal 0 0 1
    outer loop
      vertex 21.7336 1.62869 3
      vertex 17.0716 2.50417 3
      vertex 17.3691 2.22478 3
    endloop
  endfacet
  facet normal 0 0 1
    outer loop
      vertex 21.9438 1.7119 3
      vertex 16.7414 2.74407 3
      vertex 17.0716 2.50417 3
    endloop
  endfacet
  facet normal 0 0 1
    outer loop
      vertex 22.1627 1.76812 3
      vertex 16.3838 2.94069 3
      vertex 16.7414 2.74407 3
    endloop
  endfacet
  facet normal 0 0 1
    outer loop
      vertex 22.387 1.79645 3
      vertex 16.3838 2.94069 3
      vertex 22.1627 1.76812 3
    endloop
  endfacet
  facet normal 0 -0 1
    outer loop
      vertex 15.609 3.19243 3
      vertex 29.391 3.19243 3
      vertex 6.7091 6.99013 3
    endloop
  endfacet
  facet normal 0 0 1
    outer loop
      vertex 29.391 3.19243 3
      vertex 15.609 3.19243 3
      vertex 16.0043 3.09093 3
    endloop
  endfacet
  facet normal 0 0 1
    outer loop
      vertex 15.609 3.19243 3
      vertex 6.7091 6.99013 3
      vertex 15.2041 3.24359 3
    endloop
  endfacet
  facet normal -0 0 1
    outer loop
      vertex 9.28581 0.225599 3
      vertex 11.75 0 3
      vertex 11.7756 0.407332 3
    endloop
  endfacet
  facet normal -0 0 1
    outer loop
      vertex 9.24345 0.447641 3
      vertex 11.7756 0.407332 3
      vertex 11.8521 0.808242 3
    endloop
  endfacet
  facet normal -0 0 1
    outer loop
      vertex 9.07735 0.867156 3
      vertex 11.8521 0.808242 3
      vertex 11.9782 1.1964 3
    endloop
  endfacet
  facet normal 0 0 1
    outer loop
      vertex 8.95623 1.05801 3
      vertex 11.9782 1.1964 3
      vertex 12.152 1.5657 3
    endloop
  endfacet
  facet normal 0 0 1
    outer loop
      vertex 8.81214 1.23218 3
      vertex 12.152 1.5657 3
      vertex 12.3707 1.9103 3
    endloop
  endfacet
  facet normal 0 0 1
    outer loop
      vertex 8.46449 1.51979 3
      vertex 12.3707 1.9103 3
      vertex 12.6309 2.22478 3
    endloop
  endfacet
  facet normal 0 0 1
    outer loop
      vertex 6.7091 6.99013 3
      vertex 12.6309 2.22478 3
      vertex 12.9284 2.50417 3
    endloop
  endfacet
  facet normal 0 0 1
    outer loop
      vertex 6.7091 6.99013 3
      vertex 12.9284 2.50417 3
      vertex 13.2586 2.74407 3
    endloop
  endfacet
  facet normal 0 0 1
    outer loop
      vertex 11.75 0 3
      vertex 9.28581 0.225599 3
      vertex 9.3 0 3
    endloop
  endfacet
  facet normal 0 0 1
    outer loop
      vertex 11.7756 0.407332 3
      vertex 9.24345 0.447641 3
      vertex 9.28581 0.225599 3
    endloop
  endfacet
  facet normal 0 0 1
    outer loop
      vertex 11.8521 0.808242 3
      vertex 9.1736 0.662623 3
      vertex 9.24345 0.447641 3
    endloop
  endfacet
  facet normal 0 0 1
    outer loop
      vertex 6.7091 6.99013 3
      vertex 13.2586 2.74407 3
      vertex 13.6162 2.94069 3
    endloop
  endfacet
  facet normal 0 0 1
    outer loop
      vertex 11.8521 0.808242 3
      vertex 9.07735 0.867156 3
      vertex 9.1736 0.662623 3
    endloop
  endfacet
  facet normal 0 0 1
    outer loop
      vertex 11.9782 1.1964 3
      vertex 8.95623 1.05801 3
      vertex 9.07735 0.867156 3
    endloop
  endfacet
  facet normal 0 0 1
    outer loop
      vertex 12.152 1.5657 3
      vertex 8.81214 1.23218 3
      vertex 8.95623 1.05801 3
    endloop
  endfacet
  facet normal 0 0 1
    outer loop
      vertex 6.7091 6.99013 3
      vertex 13.6162 2.94069 3
      vertex 13.9957 3.09093 3
    endloop
  endfacet
  facet normal 0 0 1
    outer loop
      vertex 12.3707 1.9103 3
      vertex 8.64736 1.38692 3
      vertex 8.81214 1.23218 3
    endloop
  endfacet
  facet normal 0 0 1
    outer loop
      vertex 12.3707 1.9103 3
      vertex 8.46449 1.51979 3
      vertex 8.64736 1.38692 3
    endloop
  endfacet
  facet normal 0 0 1
    outer loop
      vertex 12.6309 2.22478 3
      vertex 6.7091 6.99013 3
      vertex 8.2664 1.62869 3
    endloop
  endfacet
  facet normal 0 0 1
    outer loop
      vertex 6.7091 6.99013 3
      vertex 13.9957 3.09093 3
      vertex 14.391 3.19243 3
    endloop
  endfacet
  facet normal 0 0 1
    outer loop
      vertex 12.6309 2.22478 3
      vertex 8.2664 1.62869 3
      vertex 8.46449 1.51979 3
    endloop
  endfacet
  facet normal 0 0 1
    outer loop
      vertex 8.2664 1.62869 3
      vertex 6.7091 6.99013 3
      vertex 8.05623 1.7119 3
    endloop
  endfacet
  facet normal 0 0 1
    outer loop
      vertex 8.05623 1.7119 3
      vertex 6.7091 6.99013 3
      vertex 7.83729 1.76812 3
    endloop
  endfacet
  facet normal 0 0 1
    outer loop
      vertex 7.83729 1.76812 3
      vertex 6.7091 6.99013 3
      vertex 7.61302 1.79645 3
    endloop
  endfacet
  facet normal 0 0 1
    outer loop
      vertex 7.61302 1.79645 3
      vertex 6.7091 6.99013 3
      vertex 7.38698 1.79645 3
    endloop
  endfacet
  facet normal 0 0 1
    outer loop
      vertex 15.2041 3.24359 3
      vertex 6.7091 6.99013 3
      vertex 14.7959 3.24359 3
    endloop
  endfacet
  facet normal 0 0 1
    outer loop
      vertex 6.7091 6.99013 3
      vertex 14.391 3.19243 3
      vertex 14.7959 3.24359 3
    endloop
  endfacet
  facet normal 0 0 1
    outer loop
      vertex 7.38698 1.79645 3
      vertex 6.7091 6.99013 3
      vertex 7.16271 1.76812 3
    endloop
  endfacet
  facet normal 0 0 1
    outer loop
      vertex 6.7091 6.99013 3
      vertex 6.94377 1.7119 3
      vertex 7.16271 1.76812 3
    endloop
  endfacet
  facet normal 0 0 1
    outer loop
      vertex 6.7091 6.99013 3
      vertex 6.7336 1.62869 3
      vertex 6.94377 1.7119 3
    endloop
  endfacet
  facet normal 0 0 1
    outer loop
      vertex 6.7336 1.62869 3
      vertex 6.7091 6.99013 3
      vertex 6.53551 1.51979 3
    endloop
  endfacet
  facet normal -0 0 1
    outer loop
      vertex 47.3691 -2.22478 3
      vertex 51.0451 -4.93893 3
      vertex 47.6293 -1.9103 3
    endloop
  endfacet
  facet normal 0 0 1
    outer loop
      vertex 51.0451 -4.93893 3
      vertex 47.3691 -2.22478 3
      vertex 50.6448 -5.42274 3
    endloop
  endfacet
  facet normal 0 0 1
    outer loop
      vertex 50.6448 -5.42274 3
      vertex 47.3691 -2.22478 3
      vertex 50.1871 -5.85257 3
    endloop
  endfacet
  facet normal -0 0 1
    outer loop
      vertex 47.0716 -2.50417 3
      vertex 50.1871 -5.85257 3
      vertex 47.3691 -2.22478 3
    endloop
  endfacet
  facet normal 0 0 1
    outer loop
      vertex 50.1871 -5.85257 3
      vertex 47.0716 -2.50417 3
      vertex 49.6791 -6.22164 3
    endloop
  endfacet
  facet normal 0 0 1
    outer loop
      vertex 49.6791 -6.22164 3
      vertex 47.0716 -2.50417 3
      vertex 49.1289 -6.52413 3
    endloop
  endfacet
  facet normal -0 0 1
    outer loop
      vertex 46.7414 -2.74407 3
      vertex 49.1289 -6.52413 3
      vertex 47.0716 -2.50417 3
    endloop
  endfacet
  facet normal 0 0 1
    outer loop
      vertex 49.1289 -6.52413 3
      vertex 46.7414 -2.74407 3
      vertex 48.5451 -6.75528 3
    endloop
  endfacet
  facet normal 0 0 1
    outer loop
      vertex 48.5451 -6.75528 3
      vertex 46.7414 -2.74407 3
      vertex 47.9369 -6.91144 3
    endloop
  endfacet
  facet normal -0 0 1
    outer loop
      vertex 46.3838 -2.94069 3
      vertex 47.9369 -6.91144 3
      vertex 46.7414 -2.74407 3
    endloop
  endfacet
  facet normal 0 0 1
    outer loop
      vertex 47.9369 -6.91144 3
      vertex 46.3838 -2.94069 3
      vertex 47.314 -6.99013 3
    endloop
  endfacet
  facet normal -0 0 1
    outer loop
      vertex 46.0043 -3.09093 3
      vertex 47.314 -6.99013 3
      vertex 46.3838 -2.94069 3
    endloop
  endfacet
  facet normal -0 0 1
    outer loop
      vertex 45.609 -3.19243 3
      vertex 47.314 -6.99013 3
      vertex 46.0043 -3.09093 3
    endloop
  endfacet
  facet normal -0 0 1
    outer loop
      vertex 45.2041 -3.24359 3
      vertex 47.314 -6.99013 3
      vertex 45.609 -3.19243 3
    endloop
  endfacet
  facet normal -0 0 1
    outer loop
      vertex 44.7959 -3.24359 3
      vertex 47.314 -6.99013 3
      vertex 45.2041 -3.24359 3
    endloop
  endfacet
  facet normal 0 0 1
    outer loop
      vertex 44.391 -3.19243 3
      vertex 47.314 -6.99013 3
      vertex 44.7959 -3.24359 3
    endloop
  endfacet
  facet normal 0 0 1
    outer loop
      vertex 43.9957 -3.09093 3
      vertex 47.314 -6.99013 3
      vertex 44.391 -3.19243 3
    endloop
  endfacet
  facet normal 0 0 1
    outer loop
      vertex 43.6162 -2.94069 3
      vertex 47.314 -6.99013 3
      vertex 43.9957 -3.09093 3
    endloop
  endfacet
  facet normal 0 0 1
    outer loop
      vertex 43.2586 -2.74407 3
      vertex 47.314 -6.99013 3
      vertex 43.6162 -2.94069 3
    endloop
  endfacet
  facet normal 0 0 1
    outer loop
      vertex 38.0562 -1.7119 3
      vertex 43.2586 -2.74407 3
      vertex 42.9284 -2.50417 3
    endloop
  endfacet
  facet normal 0 0 1
    outer loop
      vertex 38.2664 -1.62869 3
      vertex 42.9284 -2.50417 3
      vertex 42.6309 -2.22478 3
    endloop
  endfacet
  facet normal 0 0 1
    outer loop
      vertex 39.2858 -0.225599 3
      vertex 41.75 0 3
      vertex 39.3 0 3
    endloop
  endfacet
  facet normal 0 0 1
    outer loop
      vertex 41.75 0 3
      vertex 39.2858 -0.225599 3
      vertex 41.7756 -0.407332 3
    endloop
  endfacet
  facet normal 0 0 1
    outer loop
      vertex 39.2435 -0.447641 3
      vertex 41.7756 -0.407332 3
      vertex 39.2858 -0.225599 3
    endloop
  endfacet
  facet normal 0 0 1
    outer loop
      vertex 41.7756 -0.407332 3
      vertex 39.2435 -0.447641 3
      vertex 41.8521 -0.808242 3
    endloop
  endfacet
  facet normal -0 0 1
    outer loop
      vertex 39.1736 -0.662623 3
      vertex 41.8521 -0.808242 3
      vertex 39.2435 -0.447641 3
    endloop
  endfacet
  facet normal 0 0 1
    outer loop
      vertex 39.0774 -0.867156 3
      vertex 41.8521 -0.808242 3
      vertex 39.1736 -0.662623 3
    endloop
  endfacet
  facet normal 0 0 1
    outer loop
      vertex 41.8521 -0.808242 3
      vertex 39.0774 -0.867156 3
      vertex 41.9782 -1.1964 3
    endloop
  endfacet
  facet normal -0 0 1
    outer loop
      vertex 38.9562 -1.05801 3
      vertex 41.9782 -1.1964 3
      vertex 39.0774 -0.867156 3
    endloop
  endfacet
  facet normal 0 0 1
    outer loop
      vertex 41.9782 -1.1964 3
      vertex 38.9562 -1.05801 3
      vertex 42.152 -1.5657 3
    endloop
  endfacet
  facet normal -0 0 1
    outer loop
      vertex 38.8121 -1.23218 3
      vertex 42.152 -1.5657 3
      vertex 38.9562 -1.05801 3
    endloop
  endfacet
  facet normal 0 0 1
    outer loop
      vertex 42.152 -1.5657 3
      vertex 38.8121 -1.23218 3
      vertex 42.3707 -1.9103 3
    endloop
  endfacet
  facet normal -0 0 1
    outer loop
      vertex 38.6474 -1.38692 3
      vertex 42.3707 -1.9103 3
      vertex 38.8121 -1.23218 3
    endloop
  endfacet
  facet normal -0 0 1
    outer loop
      vertex 38.4645 -1.51979 3
      vertex 42.3707 -1.9103 3
      vertex 38.6474 -1.38692 3
    endloop
  endfacet
  facet normal 0 0 1
    outer loop
      vertex 42.3707 -1.9103 3
      vertex 38.4645 -1.51979 3
      vertex 42.6309 -2.22478 3
    endloop
  endfacet
  facet normal -0 0 1
    outer loop
      vertex 38.2664 -1.62869 3
      vertex 42.6309 -2.22478 3
      vertex 38.4645 -1.51979 3
    endloop
  endfacet
  facet normal 0 0 1
    outer loop
      vertex 42.9284 -2.50417 3
      vertex 38.2664 -1.62869 3
      vertex 38.0562 -1.7119 3
    endloop
  endfacet
  facet normal 0 0 1
    outer loop
      vertex 43.2586 -2.74407 3
      vertex 38.0562 -1.7119 3
      vertex 37.8373 -1.76812 3
    endloop
  endfacet
  facet normal 0 0 1
    outer loop
      vertex 43.2586 -2.74407 3
      vertex 37.8373 -1.76812 3
      vertex 47.314 -6.99013 3
    endloop
  endfacet
  facet normal -0 0 1
    outer loop
      vertex 37.613 -1.79645 3
      vertex 47.314 -6.99013 3
      vertex 37.8373 -1.76812 3
    endloop
  endfacet
  facet normal -0 0 1
    outer loop
      vertex 37.387 -1.79645 3
      vertex 47.314 -6.99013 3
      vertex 37.613 -1.79645 3
    endloop
  endfacet
  facet normal 0 0 1
    outer loop
      vertex 31.3838 -2.94069 3
      vertex 37.387 -1.79645 3
      vertex 37.1627 -1.76812 3
    endloop
  endfacet
  facet normal 0 0 1
    outer loop
      vertex 31.7414 -2.74407 3
      vertex 37.1627 -1.76812 3
      vertex 36.9438 -1.7119 3
    endloop
  endfacet
  facet normal 0 0 1
    outer loop
      vertex 32.0716 -2.50417 3
      vertex 36.9438 -1.7119 3
      vertex 36.7336 -1.62869 3
    endloop
  endfacet
  facet normal -0 0 1
    outer loop
      vertex 33.25 0 3
      vertex 35.7142 -0.225599 3
      vertex 35.7 0 3
    endloop
  endfacet
  facet normal 0 0 1
    outer loop
      vertex 33.2244 -0.407332 3
      vertex 35.7142 -0.225599 3
      vertex 33.25 0 3
    endloop
  endfacet
  facet normal 0 0 1
    outer loop
      vertex 35.7142 -0.225599 3
      vertex 33.2244 -0.407332 3
      vertex 35.7565 -0.447641 3
    endloop
  endfacet
  facet normal 0 0 1
    outer loop
      vertex 33.1479 -0.808242 3
      vertex 35.7565 -0.447641 3
      vertex 33.2244 -0.407332 3
    endloop
  endfacet
  facet normal 0 0 1
    outer loop
      vertex 35.7565 -0.447641 3
      vertex 33.1479 -0.808242 3
      vertex 35.8264 -0.662623 3
    endloop
  endfacet
  facet normal 0 0 1
    outer loop
      vertex 35.8264 -0.662623 3
      vertex 33.1479 -0.808242 3
      vertex 35.9226 -0.867156 3
    endloop
  endfacet
  facet normal 0 0 1
    outer loop
      vertex 33.0218 -1.1964 3
      vertex 35.9226 -0.867156 3
      vertex 33.1479 -0.808242 3
    endloop
  endfacet
  facet normal 0 0 1
    outer loop
      vertex 35.9226 -0.867156 3
      vertex 33.0218 -1.1964 3
      vertex 36.0438 -1.05801 3
    endloop
  endfacet
  facet normal 0 0 1
    outer loop
      vertex 32.848 -1.5657 3
      vertex 36.0438 -1.05801 3
      vertex 33.0218 -1.1964 3
    endloop
  endfacet
  facet normal 0 0 1
    outer loop
      vertex 36.0438 -1.05801 3
      vertex 32.848 -1.5657 3
      vertex 36.1879 -1.23218 3
    endloop
  endfacet
  facet normal 0 0 1
    outer loop
      vertex 32.6293 -1.9103 3
      vertex 36.1879 -1.23218 3
      vertex 32.848 -1.5657 3
    endloop
  endfacet
  facet normal 0 0 1
    outer loop
      vertex 36.1879 -1.23218 3
      vertex 32.6293 -1.9103 3
      vertex 36.3526 -1.38692 3
    endloop
  endfacet
  facet normal 0 0 1
    outer loop
      vertex 36.3526 -1.38692 3
      vertex 32.6293 -1.9103 3
      vertex 36.5355 -1.51979 3
    endloop
  endfacet
  facet normal 0 0 1
    outer loop
      vertex 32.3691 -2.22478 3
      vertex 36.5355 -1.51979 3
      vertex 32.6293 -1.9103 3
    endloop
  endfacet
  facet normal 0 0 1
    outer loop
      vertex 36.5355 -1.51979 3
      vertex 32.3691 -2.22478 3
      vertex 36.7336 -1.62869 3
    endloop
  endfacet
  facet normal 0 0 1
    outer loop
      vertex 32.0716 -2.50417 3
      vertex 36.7336 -1.62869 3
      vertex 32.3691 -2.22478 3
    endloop
  endfacet
  facet normal 0 0 1
    outer loop
      vertex 36.9438 -1.7119 3
      vertex 32.0716 -2.50417 3
      vertex 31.7414 -2.74407 3
    endloop
  endfacet
  facet normal 0 0 1
    outer loop
      vertex 37.1627 -1.76812 3
      vertex 31.7414 -2.74407 3
      vertex 31.3838 -2.94069 3
    endloop
  endfacet
  facet normal 0 0 1
    outer loop
      vertex 37.387 -1.79645 3
      vertex 31.3838 -2.94069 3
      vertex 47.314 -6.99013 3
    endloop
  endfacet
  facet normal -0 0 1
    outer loop
      vertex 31.0043 -3.09093 3
      vertex 47.314 -6.99013 3
      vertex 31.3838 -2.94069 3
    endloop
  endfacet
  facet normal -0 0 1
    outer loop
      vertex 30.609 -3.19243 3
      vertex 47.314 -6.99013 3
      vertex 31.0043 -3.09093 3
    endloop
  endfacet
  facet normal -0 0 1
    outer loop
      vertex 30.2041 -3.24359 3
      vertex 47.314 -6.99013 3
      vertex 30.609 -3.19243 3
    endloop
  endfacet
  facet normal -0 0 1
    outer loop
      vertex 29.7959 -3.24359 3
      vertex 47.314 -6.99013 3
      vertex 30.2041 -3.24359 3
    endloop
  endfacet
  facet normal 0 0 1
    outer loop
      vertex 15.2041 -3.24359 3
      vertex 29.7959 -3.24359 3
      vertex 29.391 -3.19243 3
    endloop
  endfacet
  facet normal 0 0 1
    outer loop
      vertex 24.2858 -0.225599 3
      vertex 26.75 0 3
      vertex 24.3 0 3
    endloop
  endfacet
  facet normal 0 0 1
    outer loop
      vertex 26.75 0 3
      vertex 24.2858 -0.225599 3
      vertex 26.7756 -0.407332 3
    endloop
  endfacet
  facet normal 0 0 1
    outer loop
      vertex 24.2435 -0.447641 3
      vertex 26.7756 -0.407332 3
      vertex 24.2858 -0.225599 3
    endloop
  endfacet
  facet normal 0 0 1
    outer loop
      vertex 26.7756 -0.407332 3
      vertex 24.2435 -0.447641 3
      vertex 26.8521 -0.808242 3
    endloop
  endfacet
  facet normal -0 0 1
    outer loop
      vertex 24.1736 -0.662623 3
      vertex 26.8521 -0.808242 3
      vertex 24.2435 -0.447641 3
    endloop
  endfacet
  facet normal 0 0 1
    outer loop
      vertex 24.0774 -0.867156 3
      vertex 26.8521 -0.808242 3
      vertex 24.1736 -0.662623 3
    endloop
  endfacet
  facet normal 0 0 1
    outer loop
      vertex 26.8521 -0.808242 3
      vertex 24.0774 -0.867156 3
      vertex 26.9782 -1.1964 3
    endloop
  endfacet
  facet normal -0 0 1
    outer loop
      vertex 23.9562 -1.05801 3
      vertex 26.9782 -1.1964 3
      vertex 24.0774 -0.867156 3
    endloop
  endfacet
  facet normal 0 0 1
    outer loop
      vertex 26.9782 -1.1964 3
      vertex 23.9562 -1.05801 3
      vertex 27.152 -1.5657 3
    endloop
  endfacet
  facet normal -0 0 1
    outer loop
      vertex 23.8121 -1.23218 3
      vertex 27.152 -1.5657 3
      vertex 23.9562 -1.05801 3
    endloop
  endfacet
  facet normal 0 0 1
    outer loop
      vertex 27.152 -1.5657 3
      vertex 23.8121 -1.23218 3
      vertex 27.3707 -1.9103 3
    endloop
  endfacet
  facet normal -0 0 1
    outer loop
      vertex 23.6474 -1.38692 3
      vertex 27.3707 -1.9103 3
      vertex 23.8121 -1.23218 3
    endloop
  endfacet
  facet normal -0 0 1
    outer loop
      vertex 23.4645 -1.51979 3
      vertex 27.3707 -1.9103 3
      vertex 23.6474 -1.38692 3
    endloop
  endfacet
  facet normal 0 0 1
    outer loop
      vertex 27.3707 -1.9103 3
      vertex 23.4645 -1.51979 3
      vertex 27.6309 -2.22478 3
    endloop
  endfacet
  facet normal -0 0 1
    outer loop
      vertex 23.2664 -1.62869 3
      vertex 27.6309 -2.22478 3
      vertex 23.4645 -1.51979 3
    endloop
  endfacet
  facet normal 0 0 1
    outer loop
      vertex 27.6309 -2.22478 3
      vertex 23.2664 -1.62869 3
      vertex 27.9284 -2.50417 3
    endloop
  endfacet
  facet normal -0 0 1
    outer loop
      vertex 23.0562 -1.7119 3
      vertex 27.9284 -2.50417 3
      vertex 23.2664 -1.62869 3
    endloop
  endfacet
  facet normal 0 0 1
    outer loop
      vertex 27.9284 -2.50417 3
      vertex 23.0562 -1.7119 3
      vertex 28.2586 -2.74407 3
    endloop
  endfacet
  facet normal -0 0 1
    outer loop
      vertex 22.8373 -1.76812 3
      vertex 28.2586 -2.74407 3
      vertex 23.0562 -1.7119 3
    endloop
  endfacet
  facet normal 0 0 1
    outer loop
      vertex 28.2586 -2.74407 3
      vertex 22.8373 -1.76812 3
      vertex 28.6162 -2.94069 3
    endloop
  endfacet
  facet normal -0 0 1
    outer loop
      vertex 22.613 -1.79645 3
      vertex 28.6162 -2.94069 3
      vertex 22.8373 -1.76812 3
    endloop
  endfacet
  facet normal 0 0 1
    outer loop
      vertex 28.6162 -2.94069 3
      vertex 22.613 -1.79645 3
      vertex 28.9957 -3.09093 3
    endloop
  endfacet
  facet normal 0 0 1
    outer loop
      vertex 16.0043 -3.09093 3
      vertex 28.9957 -3.09093 3
      vertex 22.613 -1.79645 3
    endloop
  endfacet
  facet normal 0 0 1
    outer loop
      vertex 28.9957 -3.09093 3
      vertex 16.0043 -3.09093 3
      vertex 29.391 -3.19243 3
    endloop
  endfacet
  facet normal 0 0 1
    outer loop
      vertex 16.0043 -3.09093 3
      vertex 22.613 -1.79645 3
      vertex 22.387 -1.79645 3
    endloop
  endfacet
  facet normal 0 0 1
    outer loop
      vertex 16.3838 -2.94069 3
      vertex 22.387 -1.79645 3
      vertex 22.1627 -1.76812 3
    endloop
  endfacet
  facet normal -0 0 1
    outer loop
      vertex 18.25 0 3
      vertex 20.7142 -0.225599 3
      vertex 20.7 0 3
    endloop
  endfacet
  facet normal 0 0 1
    outer loop
      vertex 18.2244 -0.407332 3
      vertex 20.7142 -0.225599 3
      vertex 18.25 0 3
    endloop
  endfacet
  facet normal 0 0 1
    outer loop
      vertex 20.7142 -0.225599 3
      vertex 18.2244 -0.407332 3
      vertex 20.7565 -0.447641 3
    endloop
  endfacet
  facet normal 0 0 1
    outer loop
      vertex 18.1479 -0.808242 3
      vertex 20.7565 -0.447641 3
      vertex 18.2244 -0.407332 3
    endloop
  endfacet
  facet normal 0 0 1
    outer loop
      vertex 20.7565 -0.447641 3
      vertex 18.1479 -0.808242 3
      vertex 20.8264 -0.662623 3
    endloop
  endfacet
  facet normal 0 0 1
    outer loop
      vertex 20.8264 -0.662623 3
      vertex 18.1479 -0.808242 3
      vertex 20.9226 -0.867156 3
    endloop
  endfacet
  facet normal 0 0 1
    outer loop
      vertex 18.0218 -1.1964 3
      vertex 20.9226 -0.867156 3
      vertex 18.1479 -0.808242 3
    endloop
  endfacet
  facet normal 0 0 1
    outer loop
      vertex 20.9226 -0.867156 3
      vertex 18.0218 -1.1964 3
      vertex 21.0438 -1.05801 3
    endloop
  endfacet
  facet normal 0 0 1
    outer loop
      vertex 17.848 -1.5657 3
      vertex 21.0438 -1.05801 3
      vertex 18.0218 -1.1964 3
    endloop
  endfacet
  facet normal 0 0 1
    outer loop
      vertex 21.0438 -1.05801 3
      vertex 17.848 -1.5657 3
      vertex 21.1879 -1.23218 3
    endloop
  endfacet
  facet normal 0 0 1
    outer loop
      vertex 17.6293 -1.9103 3
      vertex 21.1879 -1.23218 3
      vertex 17.848 -1.5657 3
    endloop
  endfacet
  facet normal 0 0 1
    outer loop
      vertex 21.1879 -1.23218 3
      vertex 17.6293 -1.9103 3
      vertex 21.3526 -1.38692 3
    endloop
  endfacet
  facet normal 0 0 1
    outer loop
      vertex 21.3526 -1.38692 3
      vertex 17.6293 -1.9103 3
      vertex 21.5355 -1.51979 3
    endloop
  endfacet
  facet normal 0 0 1
    outer loop
      vertex 17.3691 -2.22478 3
      vertex 21.5355 -1.51979 3
      vertex 17.6293 -1.9103 3
    endloop
  endfacet
  facet normal 0 0 1
    outer loop
      vertex 21.5355 -1.51979 3
      vertex 17.3691 -2.22478 3
      vertex 21.7336 -1.62869 3
    endloop
  endfacet
  facet normal 0 0 1
    outer loop
      vertex 17.0716 -2.50417 3
      vertex 21.7336 -1.62869 3
      vertex 17.3691 -2.22478 3
    endloop
  endfacet
  facet normal 0 0 1
    outer loop
      vertex 21.7336 -1.62869 3
      vertex 17.0716 -2.50417 3
      vertex 21.9438 -1.7119 3
    endloop
  endfacet
  facet normal 0 0 1
    outer loop
      vertex 16.7414 -2.74407 3
      vertex 21.9438 -1.7119 3
      vertex 17.0716 -2.50417 3
    endloop
  endfacet
  facet normal 0 0 1
    outer loop
      vertex 21.9438 -1.7119 3
      vertex 16.7414 -2.74407 3
      vertex 22.1627 -1.76812 3
    endloop
  endfacet
  facet normal 0 0 1
    outer loop
      vertex 16.3838 -2.94069 3
      vertex 22.1627 -1.76812 3
      vertex 16.7414 -2.74407 3
    endloop
  endfacet
  facet normal 0 0 1
    outer loop
      vertex 22.387 -1.79645 3
      vertex 16.3838 -2.94069 3
      vertex 16.0043 -3.09093 3
    endloop
  endfacet
  facet normal 0 0 1
    outer loop
      vertex 15.609 -3.19243 3
      vertex 29.391 -3.19243 3
      vertex 16.0043 -3.09093 3
    endloop
  endfacet
  facet normal 0 0 1
    outer loop
      vertex 15.2041 -3.24359 3
      vertex 29.391 -3.19243 3
      vertex 15.609 -3.19243 3
    endloop
  endfacet
  facet normal 0 0 1
    outer loop
      vertex 29.7959 -3.24359 3
      vertex 15.2041 -3.24359 3
      vertex 47.314 -6.99013 3
    endloop
  endfacet
  facet normal -0 0 1
    outer loop
      vertex 14.7959 -3.24359 3
      vertex 47.314 -6.99013 3
      vertex 15.2041 -3.24359 3
    endloop
  endfacet
  facet normal 0 0 1
    outer loop
      vertex 9.28581 -0.225599 3
      vertex 11.75 0 3
      vertex 9.3 0 3
    endloop
  endfacet
  facet normal 0 0 1
    outer loop
      vertex 11.75 0 3
      vertex 9.28581 -0.225599 3
      vertex 11.7756 -0.407332 3
    endloop
  endfacet
  facet normal 0 0 1
    outer loop
      vertex 9.24345 -0.447641 3
      vertex 11.7756 -0.407332 3
      vertex 9.28581 -0.225599 3
    endloop
  endfacet
  facet normal 0 0 1
    outer loop
      vertex 11.7756 -0.407332 3
      vertex 9.24345 -0.447641 3
      vertex 11.8521 -0.808242 3
    endloop
  endfacet
  facet normal -0 0 1
    outer loop
      vertex 9.1736 -0.662623 3
      vertex 11.8521 -0.808242 3
      vertex 9.24345 -0.447641 3
    endloop
  endfacet
  facet normal 0 0 1
    outer loop
      vertex 9.07735 -0.867156 3
      vertex 11.8521 -0.808242 3
      vertex 9.1736 -0.662623 3
    endloop
  endfacet
  facet normal 0 0 1
    outer loop
      vertex 11.8521 -0.808242 3
      vertex 9.07735 -0.867156 3
      vertex 11.9782 -1.1964 3
    endloop
  endfacet
  facet normal -0 0 1
    outer loop
      vertex 8.95623 -1.05801 3
      vertex 11.9782 -1.1964 3
      vertex 9.07735 -0.867156 3
    endloop
  endfacet
  facet normal 0 0 1
    outer loop
      vertex 11.9782 -1.1964 3
      vertex 8.95623 -1.05801 3
      vertex 12.152 -1.5657 3
    endloop
  endfacet
  facet normal -0 0 1
    outer loop
      vertex 8.81214 -1.23218 3
      vertex 12.152 -1.5657 3
      vertex 8.95623 -1.05801 3
    endloop
  endfacet
  facet normal 0 0 1
    outer loop
      vertex 12.152 -1.5657 3
      vertex 8.81214 -1.23218 3
      vertex 12.3707 -1.9103 3
    endloop
  endfacet
  facet normal -0 0 1
    outer loop
      vertex 8.64736 -1.38692 3
      vertex 12.3707 -1.9103 3
      vertex 8.81214 -1.23218 3
    endloop
  endfacet
  facet normal -0 0 1
    outer loop
      vertex 8.46449 -1.51979 3
      vertex 12.3707 -1.9103 3
      vertex 8.64736 -1.38692 3
    endloop
  endfacet
  facet normal 0 0 1
    outer loop
      vertex 12.3707 -1.9103 3
      vertex 8.46449 -1.51979 3
      vertex 12.6309 -2.22478 3
    endloop
  endfacet
  facet normal -0 0 1
    outer loop
      vertex 8.2664 -1.62869 3
      vertex 12.6309 -2.22478 3
      vertex 8.46449 -1.51979 3
    endloop
  endfacet
  facet normal 0 0 1
    outer loop
      vertex 12.6309 -2.22478 3
      vertex 8.2664 -1.62869 3
      vertex 12.9284 -2.50417 3
    endloop
  endfacet
  facet normal -0 0 1
    outer loop
      vertex 8.05623 -1.7119 3
      vertex 12.9284 -2.50417 3
      vertex 8.2664 -1.62869 3
    endloop
  endfacet
  facet normal 0 0 1
    outer loop
      vertex 12.9284 -2.50417 3
      vertex 8.05623 -1.7119 3
      vertex 13.2586 -2.74407 3
    endloop
  endfacet
  facet normal -0 0 1
    outer loop
      vertex 7.83729 -1.76812 3
      vertex 13.2586 -2.74407 3
      vertex 8.05623 -1.7119 3
    endloop
  endfacet
  facet normal 0 0 1
    outer loop
      vertex 13.2586 -2.74407 3
      vertex 7.83729 -1.76812 3
      vertex 13.6162 -2.94069 3
    endloop
  endfacet
  facet normal -0 0 1
    outer loop
      vertex 7.61302 -1.79645 3
      vertex 13.6162 -2.94069 3
      vertex 7.83729 -1.76812 3
    endloop
  endfacet
  facet normal 0 0 1
    outer loop
      vertex 13.6162 -2.94069 3
      vertex 7.61302 -1.79645 3
      vertex 13.9957 -3.09093 3
    endloop
  endfacet
  facet normal -0 0 1
    outer loop
      vertex 7.38698 -1.79645 3
      vertex 13.9957 -3.09093 3
      vertex 7.61302 -1.79645 3
    endloop
  endfacet
  facet normal -0 0 1
    outer loop
      vertex 1.38378 -2.94069 3
      vertex 13.9957 -3.09093 3
      vertex 7.38698 -1.79645 3
    endloop
  endfacet
  facet normal 0 0 1
    outer loop
      vertex 1.38378 -2.94069 3
      vertex 7.38698 -1.79645 3
      vertex 7.16271 -1.76812 3
    endloop
  endfacet
  facet normal -0 0 1
    outer loop
      vertex 3.25 0 3
      vertex 5.71419 -0.225599 3
      vertex 5.7 0 3
    endloop
  endfacet
  facet normal 0 0 1
    outer loop
      vertex 3.22437 -0.407332 3
      vertex 5.71419 -0.225599 3
      vertex 3.25 0 3
    endloop
  endfacet
  facet normal 0 0 1
    outer loop
      vertex 5.71419 -0.225599 3
      vertex 3.22437 -0.407332 3
      vertex 5.75655 -0.447641 3
    endloop
  endfacet
  facet normal 0 0 1
    outer loop
      vertex 3.14789 -0.808242 3
      vertex 5.75655 -0.447641 3
      vertex 3.22437 -0.407332 3
    endloop
  endfacet
  facet normal 0 0 1
    outer loop
      vertex 5.75655 -0.447641 3
      vertex 3.14789 -0.808242 3
      vertex 5.8264 -0.662623 3
    endloop
  endfacet
  facet normal 0 0 1
    outer loop
      vertex 5.8264 -0.662623 3
      vertex 3.14789 -0.808242 3
      vertex 5.92265 -0.867156 3
    endloop
  endfacet
  facet normal 0 0 1
    outer loop
      vertex 3.02177 -1.1964 3
      vertex 5.92265 -0.867156 3
      vertex 3.14789 -0.808242 3
    endloop
  endfacet
  facet normal 0 0 1
    outer loop
      vertex 5.92265 -0.867156 3
      vertex 3.02177 -1.1964 3
      vertex 6.04377 -1.05801 3
    endloop
  endfacet
  facet normal 0 0 1
    outer loop
      vertex 2.848 -1.5657 3
      vertex 6.04377 -1.05801 3
      vertex 3.02177 -1.1964 3
    endloop
  endfacet
  facet normal 0 0 1
    outer loop
      vertex 6.04377 -1.05801 3
      vertex 2.848 -1.5657 3
      vertex 6.18786 -1.23218 3
    endloop
  endfacet
  facet normal 0 0 1
    outer loop
      vertex 2.6293 -1.9103 3
      vertex 6.18786 -1.23218 3
      vertex 2.848 -1.5657 3
    endloop
  endfacet
  facet normal 0 0 1
    outer loop
      vertex 6.18786 -1.23218 3
      vertex 2.6293 -1.9103 3
      vertex 6.35264 -1.38692 3
    endloop
  endfacet
  facet normal 0 0 1
    outer loop
      vertex 6.35264 -1.38692 3
      vertex 2.6293 -1.9103 3
      vertex 6.53551 -1.51979 3
    endloop
  endfacet
  facet normal 0 0 1
    outer loop
      vertex 2.36915 -2.22478 3
      vertex 6.53551 -1.51979 3
      vertex 2.6293 -1.9103 3
    endloop
  endfacet
  facet normal 0 0 1
    outer loop
      vertex 6.53551 -1.51979 3
      vertex 2.36915 -2.22478 3
      vertex 6.7336 -1.62869 3
    endloop
  endfacet
  facet normal 0 0 1
    outer loop
      vertex 2.07163 -2.50417 3
      vertex 6.7336 -1.62869 3
      vertex 2.36915 -2.22478 3
    endloop
  endfacet
  facet normal 0 0 1
    outer loop
      vertex 6.7336 -1.62869 3
      vertex 2.07163 -2.50417 3
      vertex 6.94377 -1.7119 3
    endloop
  endfacet
  facet normal 0 0 1
    outer loop
      vertex 1.74144 -2.74407 3
      vertex 6.94377 -1.7119 3
      vertex 2.07163 -2.50417 3
    endloop
  endfacet
  facet normal 0 0 1
    outer loop
      vertex 6.94377 -1.7119 3
      vertex 1.74144 -2.74407 3
      vertex 7.16271 -1.76812 3
    endloop
  endfacet
  facet normal 0 0 1
    outer loop
      vertex 1.38378 -2.94069 3
      vertex 7.16271 -1.76812 3
      vertex 1.74144 -2.74407 3
    endloop
  endfacet
  facet normal 0 0 1
    outer loop
      vertex 1.0043 -3.09093 3
      vertex 13.9957 -3.09093 3
      vertex 1.38378 -2.94069 3
    endloop
  endfacet
  facet normal 0 0 1
    outer loop
      vertex 13.9957 -3.09093 3
      vertex 1.0043 -3.09093 3
      vertex 14.391 -3.19243 3
    endloop
  endfacet
  facet normal 0 0 1
    outer loop
      vertex 0.608989 -3.19243 3
      vertex 14.391 -3.19243 3
      vertex 1.0043 -3.09093 3
    endloop
  endfacet
  facet normal 0 0 1
    outer loop
      vertex 14.391 -3.19243 3
      vertex 0.608989 -3.19243 3
      vertex 14.7959 -3.24359 3
    endloop
  endfacet
  facet normal 0 0 1
    outer loop
      vertex 0.204069 -3.24359 3
      vertex 14.7959 -3.24359 3
      vertex 0.608989 -3.19243 3
    endloop
  endfacet
  facet normal 0 0 1
    outer loop
      vertex 14.7959 -3.24359 3
      vertex 0.204069 -3.24359 3
      vertex 47.314 -6.99013 3
    endloop
  endfacet
  facet normal -0 0 1
    outer loop
      vertex -0.204069 -3.24359 3
      vertex 47.314 -6.99013 3
      vertex 0.204069 -3.24359 3
    endloop
  endfacet
  facet normal -0 0 1
    outer loop
      vertex -5.71419 0.225599 3
      vertex -3.25 0 3
      vertex -3.22437 0.407332 3
    endloop
  endfacet
  facet normal 0 0 1
    outer loop
      vertex -5.71419 -0.225599 3
      vertex -3.25 0 3
      vertex -5.7 0 3
    endloop
  endfacet
  facet normal 0 0 1
    outer loop
      vertex -3.25 0 3
      vertex -5.71419 -0.225599 3
      vertex -3.22437 -0.407332 3
    endloop
  endfacet
  facet normal 0 0 1
    outer loop
      vertex -5.75655 -0.447641 3
      vertex -3.22437 -0.407332 3
      vertex -5.71419 -0.225599 3
    endloop
  endfacet
  facet normal 0 0 1
    outer loop
      vertex -3.22437 -0.407332 3
      vertex -5.75655 -0.447641 3
      vertex -3.14789 -0.808242 3
    endloop
  endfacet
  facet normal -0 0 1
    outer loop
      vertex -5.8264 -0.662623 3
      vertex -3.14789 -0.808242 3
      vertex -5.75655 -0.447641 3
    endloop
  endfacet
  facet normal 0 0 1
    outer loop
      vertex -5.92265 -0.867156 3
      vertex -3.14789 -0.808242 3
      vertex -5.8264 -0.662623 3
    endloop
  endfacet
  facet normal 0 0 1
    outer loop
      vertex -3.14789 -0.808242 3
      vertex -5.92265 -0.867156 3
      vertex -3.02177 -1.1964 3
    endloop
  endfacet
  facet normal -0 0 1
    outer loop
      vertex -6.04377 -1.05801 3
      vertex -3.02177 -1.1964 3
      vertex -5.92265 -0.867156 3
    endloop
  endfacet
  facet normal 0 0 1
    outer loop
      vertex -3.02177 -1.1964 3
      vertex -6.04377 -1.05801 3
      vertex -2.848 -1.5657 3
    endloop
  endfacet
  facet normal -0 0 1
    outer loop
      vertex -6.18786 -1.23218 3
      vertex -2.848 -1.5657 3
      vertex -6.04377 -1.05801 3
    endloop
  endfacet
  facet normal 0 0 1
    outer loop
      vertex -2.848 -1.5657 3
      vertex -6.18786 -1.23218 3
      vertex -2.6293 -1.9103 3
    endloop
  endfacet
  facet normal -0 0 1
    outer loop
      vertex -6.35264 -1.38692 3
      vertex -2.6293 -1.9103 3
      vertex -6.18786 -1.23218 3
    endloop
  endfacet
  facet normal -0 0 1
    outer loop
      vertex -6.53551 -1.51979 3
      vertex -2.6293 -1.9103 3
      vertex -6.35264 -1.38692 3
    endloop
  endfacet
  facet normal 0 0 1
    outer loop
      vertex -2.6293 -1.9103 3
      vertex -6.53551 -1.51979 3
      vertex -2.36915 -2.22478 3
    endloop
  endfacet
  facet normal -0 0 1
    outer loop
      vertex -6.7336 -1.62869 3
      vertex -2.36915 -2.22478 3
      vertex -6.53551 -1.51979 3
    endloop
  endfacet
  facet normal 0 0 1
    outer loop
      vertex -2.36915 -2.22478 3
      vertex -6.7336 -1.62869 3
      vertex -2.07163 -2.50417 3
    endloop
  endfacet
  facet normal -0 0 1
    outer loop
      vertex -6.94377 -1.7119 3
      vertex -2.07163 -2.50417 3
      vertex -6.7336 -1.62869 3
    endloop
  endfacet
  facet normal 0 0 1
    outer loop
      vertex -2.07163 -2.50417 3
      vertex -6.94377 -1.7119 3
      vertex -1.74144 -2.74407 3
    endloop
  endfacet
  facet normal -0 0 1
    outer loop
      vertex -7.16271 -1.76812 3
      vertex -1.74144 -2.74407 3
      vertex -6.94377 -1.7119 3
    endloop
  endfacet
  facet normal 0 0 1
    outer loop
      vertex -1.74144 -2.74407 3
      vertex -7.16271 -1.76812 3
      vertex -1.38378 -2.94069 3
    endloop
  endfacet
  facet normal -0 0 1
    outer loop
      vertex -7.38698 -1.79645 3
      vertex -1.38378 -2.94069 3
      vertex -7.16271 -1.76812 3
    endloop
  endfacet
  facet normal 0 0 1
    outer loop
      vertex -1.38378 -2.94069 3
      vertex -7.38698 -1.79645 3
      vertex -1.0043 -3.09093 3
    endloop
  endfacet
  facet normal -0 0 1
    outer loop
      vertex -7.61302 -1.79645 3
      vertex -1.0043 -3.09093 3
      vertex -7.38698 -1.79645 3
    endloop
  endfacet
  facet normal -0 0 1
    outer loop
      vertex -13.6162 -2.94069 3
      vertex -1.0043 -3.09093 3
      vertex -7.61302 -1.79645 3
    endloop
  endfacet
  facet normal 0 0 1
    outer loop
      vertex -13.6162 -2.94069 3
      vertex -7.61302 -1.79645 3
      vertex -7.83729 -1.76812 3
    endloop
  endfacet
  facet normal 0 0 1
    outer loop
      vertex -9.28581 0.225599 3
      vertex -11.75 0 3
      vertex -9.3 0 3
    endloop
  endfacet
  facet normal 0 0 1
    outer loop
      vertex -9.3 0 3
      vertex -11.75 0 3
      vertex -9.28581 -0.225599 3
    endloop
  endfacet
  facet normal 0 0 1
    outer loop
      vertex -11.7756 -0.407332 3
      vertex -9.28581 -0.225599 3
      vertex -11.75 0 3
    endloop
  endfacet
  facet normal 0 0 1
    outer loop
      vertex -9.28581 -0.225599 3
      vertex -11.7756 -0.407332 3
      vertex -9.24345 -0.447641 3
    endloop
  endfacet
  facet normal 0 0 1
    outer loop
      vertex -11.8521 -0.808242 3
      vertex -9.24345 -0.447641 3
      vertex -11.7756 -0.407332 3
    endloop
  endfacet
  facet normal 0 0 1
    outer loop
      vertex -9.24345 -0.447641 3
      vertex -11.8521 -0.808242 3
      vertex -9.1736 -0.662623 3
    endloop
  endfacet
  facet normal 0 0 1
    outer loop
      vertex -9.1736 -0.662623 3
      vertex -11.8521 -0.808242 3
      vertex -9.07735 -0.867156 3
    endloop
  endfacet
  facet normal 0 0 1
    outer loop
      vertex -11.9782 -1.1964 3
      vertex -9.07735 -0.867156 3
      vertex -11.8521 -0.808242 3
    endloop
  endfacet
  facet normal 0 0 1
    outer loop
      vertex -9.07735 -0.867156 3
      vertex -11.9782 -1.1964 3
      vertex -8.95623 -1.05801 3
    endloop
  endfacet
  facet normal 0 0 1
    outer loop
      vertex -12.152 -1.5657 3
      vertex -8.95623 -1.05801 3
      vertex -11.9782 -1.1964 3
    endloop
  endfacet
  facet normal 0 0 1
    outer loop
      vertex -8.95623 -1.05801 3
      vertex -12.152 -1.5657 3
      vertex -8.81214 -1.23218 3
    endloop
  endfacet
  facet normal 0 0 1
    outer loop
      vertex -12.3707 -1.9103 3
      vertex -8.81214 -1.23218 3
      vertex -12.152 -1.5657 3
    endloop
  endfacet
  facet normal 0 0 1
    outer loop
      vertex -8.81214 -1.23218 3
      vertex -12.3707 -1.9103 3
      vertex -8.64736 -1.38692 3
    endloop
  endfacet
  facet normal 0 0 1
    outer loop
      vertex -8.64736 -1.38692 3
      vertex -12.3707 -1.9103 3
      vertex -8.46449 -1.51979 3
    endloop
  endfacet
  facet normal 0 0 1
    outer loop
      vertex -12.6309 -2.22478 3
      vertex -8.46449 -1.51979 3
      vertex -12.3707 -1.9103 3
    endloop
  endfacet
  facet normal 0 0 1
    outer loop
      vertex -8.46449 -1.51979 3
      vertex -12.6309 -2.22478 3
      vertex -8.2664 -1.62869 3
    endloop
  endfacet
  facet normal 0 0 1
    outer loop
      vertex -12.9284 -2.50417 3
      vertex -8.2664 -1.62869 3
      vertex -12.6309 -2.22478 3
    endloop
  endfacet
  facet normal 0 0 1
    outer loop
      vertex -8.2664 -1.62869 3
      vertex -12.9284 -2.50417 3
      vertex -8.05623 -1.7119 3
    endloop
  endfacet
  facet normal 0 0 1
    outer loop
      vertex -13.2586 -2.74407 3
      vertex -8.05623 -1.7119 3
      vertex -12.9284 -2.50417 3
    endloop
  endfacet
  facet normal 0 0 1
    outer loop
      vertex -8.05623 -1.7119 3
      vertex -13.2586 -2.74407 3
      vertex -7.83729 -1.76812 3
    endloop
  endfacet
  facet normal 0 0 1
    outer loop
      vertex -13.6162 -2.94069 3
      vertex -7.83729 -1.76812 3
      vertex -13.2586 -2.74407 3
    endloop
  endfacet
  facet normal 0 0 1
    outer loop
      vertex -13.9957 -3.09093 3
      vertex -1.0043 -3.09093 3
      vertex -13.6162 -2.94069 3
    endloop
  endfacet
  facet normal 0 0 1
    outer loop
      vertex -1.0043 -3.09093 3
      vertex -13.9957 -3.09093 3
      vertex -0.608989 -3.19243 3
    endloop
  endfacet
  facet normal 0 0 1
    outer loop
      vertex -14.391 -3.19243 3
      vertex -0.608989 -3.19243 3
      vertex -13.9957 -3.09093 3
    endloop
  endfacet
  facet normal 0 0 1
    outer loop
      vertex -0.608989 -3.19243 3
      vertex -14.391 -3.19243 3
      vertex -0.204069 -3.24359 3
    endloop
  endfacet
  facet normal 0 0 1
    outer loop
      vertex -14.7959 -3.24359 3
      vertex -0.204069 -3.24359 3
      vertex -14.391 -3.19243 3
    endloop
  endfacet
  facet normal 0 0 1
    outer loop
      vertex -47.314 -6.99013 3
      vertex -0.204069 -3.24359 3
      vertex -14.7959 -3.24359 3
    endloop
  endfacet
  facet normal 0 0 1
    outer loop
      vertex -47.314 -6.99013 3
      vertex -14.7959 -3.24359 3
      vertex -15.2041 -3.24359 3
    endloop
  endfacet
  facet normal 0 0 1
    outer loop
      vertex -20.7142 -0.225599 3
      vertex -18.25 0 3
      vertex -20.7 0 3
    endloop
  endfacet
  facet normal 0 0 1
    outer loop
      vertex -18.25 0 3
      vertex -20.7142 -0.225599 3
      vertex -18.2244 -0.407332 3
    endloop
  endfacet
  facet normal 0 0 1
    outer loop
      vertex -20.7565 -0.447641 3
      vertex -18.2244 -0.407332 3
      vertex -20.7142 -0.225599 3
    endloop
  endfacet
  facet normal 0 0 1
    outer loop
      vertex -18.2244 -0.407332 3
      vertex -20.7565 -0.447641 3
      vertex -18.1479 -0.808242 3
    endloop
  endfacet
  facet normal -0 0 1
    outer loop
      vertex -20.8264 -0.662623 3
      vertex -18.1479 -0.808242 3
      vertex -20.7565 -0.447641 3
    endloop
  endfacet
  facet normal 0 0 1
    outer loop
      vertex -20.9226 -0.867156 3
      vertex -18.1479 -0.808242 3
      vertex -20.8264 -0.662623 3
    endloop
  endfacet
  facet normal 0 0 1
    outer loop
      vertex -18.1479 -0.808242 3
      vertex -20.9226 -0.867156 3
      vertex -18.0218 -1.1964 3
    endloop
  endfacet
  facet normal -0 0 1
    outer loop
      vertex -21.0438 -1.05801 3
      vertex -18.0218 -1.1964 3
      vertex -20.9226 -0.867156 3
    endloop
  endfacet
  facet normal 0 0 1
    outer loop
      vertex -18.0218 -1.1964 3
      vertex -21.0438 -1.05801 3
      vertex -17.848 -1.5657 3
    endloop
  endfacet
  facet normal -0 0 1
    outer loop
      vertex -21.1879 -1.23218 3
      vertex -17.848 -1.5657 3
      vertex -21.0438 -1.05801 3
    endloop
  endfacet
  facet normal 0 0 1
    outer loop
      vertex -17.848 -1.5657 3
      vertex -21.1879 -1.23218 3
      vertex -17.6293 -1.9103 3
    endloop
  endfacet
  facet normal -0 0 1
    outer loop
      vertex -21.3526 -1.38692 3
      vertex -17.6293 -1.9103 3
      vertex -21.1879 -1.23218 3
    endloop
  endfacet
  facet normal -0 0 1
    outer loop
      vertex -21.5355 -1.51979 3
      vertex -17.6293 -1.9103 3
      vertex -21.3526 -1.38692 3
    endloop
  endfacet
  facet normal 0 0 1
    outer loop
      vertex -17.6293 -1.9103 3
      vertex -21.5355 -1.51979 3
      vertex -17.3691 -2.22478 3
    endloop
  endfacet
  facet normal -0 0 1
    outer loop
      vertex -21.7336 -1.62869 3
      vertex -17.3691 -2.22478 3
      vertex -21.5355 -1.51979 3
    endloop
  endfacet
  facet normal 0 0 1
    outer loop
      vertex -17.3691 -2.22478 3
      vertex -21.7336 -1.62869 3
      vertex -17.0716 -2.50417 3
    endloop
  endfacet
  facet normal -0 0 1
    outer loop
      vertex -21.9438 -1.7119 3
      vertex -17.0716 -2.50417 3
      vertex -21.7336 -1.62869 3
    endloop
  endfacet
  facet normal 0 0 1
    outer loop
      vertex -17.0716 -2.50417 3
      vertex -21.9438 -1.7119 3
      vertex -16.7414 -2.74407 3
    endloop
  endfacet
  facet normal -0 0 1
    outer loop
      vertex -22.1627 -1.76812 3
      vertex -16.7414 -2.74407 3
      vertex -21.9438 -1.7119 3
    endloop
  endfacet
  facet normal 0 0 1
    outer loop
      vertex -16.7414 -2.74407 3
      vertex -22.1627 -1.76812 3
      vertex -16.3838 -2.94069 3
    endloop
  endfacet
  facet normal -0 0 1
    outer loop
      vertex -22.387 -1.79645 3
      vertex -16.3838 -2.94069 3
      vertex -22.1627 -1.76812 3
    endloop
  endfacet
  facet normal 0 0 1
    outer loop
      vertex -16.3838 -2.94069 3
      vertex -22.387 -1.79645 3
      vertex -16.0043 -3.09093 3
    endloop
  endfacet
  facet normal -0 0 1
    outer loop
      vertex -22.613 -1.79645 3
      vertex -16.0043 -3.09093 3
      vertex -22.387 -1.79645 3
    endloop
  endfacet
  facet normal -0 0 1
    outer loop
      vertex -28.6162 -2.94069 3
      vertex -16.0043 -3.09093 3
      vertex -22.613 -1.79645 3
    endloop
  endfacet
  facet normal 0 0 1
    outer loop
      vertex -28.6162 -2.94069 3
      vertex -22.613 -1.79645 3
      vertex -22.8373 -1.76812 3
    endloop
  endfacet
  facet normal -0 0 1
    outer loop
      vertex -26.75 0 3
      vertex -24.2858 -0.225599 3
      vertex -24.3 0 3
    endloop
  endfacet
  facet normal 0 0 1
    outer loop
      vertex -26.7756 -0.407332 3
      vertex -24.2858 -0.225599 3
      vertex -26.75 0 3
    endloop
  endfacet
  facet normal 0 0 1
    outer loop
      vertex -24.2858 -0.225599 3
      vertex -26.7756 -0.407332 3
      vertex -24.2435 -0.447641 3
    endloop
  endfacet
  facet normal 0 0 1
    outer loop
      vertex -26.8521 -0.808242 3
      vertex -24.2435 -0.447641 3
      vertex -26.7756 -0.407332 3
    endloop
  endfacet
  facet normal 0 0 1
    outer loop
      vertex -24.2435 -0.447641 3
      vertex -26.8521 -0.808242 3
      vertex -24.1736 -0.662623 3
    endloop
  endfacet
  facet normal 0 0 1
    outer loop
      vertex -24.1736 -0.662623 3
      vertex -26.8521 -0.808242 3
      vertex -24.0774 -0.867156 3
    endloop
  endfacet
  facet normal 0 0 1
    outer loop
      vertex -26.9782 -1.1964 3
      vertex -24.0774 -0.867156 3
      vertex -26.8521 -0.808242 3
    endloop
  endfacet
  facet normal 0 0 1
    outer loop
      vertex -24.0774 -0.867156 3
      vertex -26.9782 -1.1964 3
      vertex -23.9562 -1.05801 3
    endloop
  endfacet
  facet normal 0 0 1
    outer loop
      vertex -27.152 -1.5657 3
      vertex -23.9562 -1.05801 3
      vertex -26.9782 -1.1964 3
    endloop
  endfacet
  facet normal 0 0 1
    outer loop
      vertex -23.9562 -1.05801 3
      vertex -27.152 -1.5657 3
      vertex -23.8121 -1.23218 3
    endloop
  endfacet
  facet normal 0 0 1
    outer loop
      vertex -27.3707 -1.9103 3
      vertex -23.8121 -1.23218 3
      vertex -27.152 -1.5657 3
    endloop
  endfacet
  facet normal 0 0 1
    outer loop
      vertex -23.8121 -1.23218 3
      vertex -27.3707 -1.9103 3
      vertex -23.6474 -1.38692 3
    endloop
  endfacet
  facet normal 0 0 1
    outer loop
      vertex -23.6474 -1.38692 3
      vertex -27.3707 -1.9103 3
      vertex -23.4645 -1.51979 3
    endloop
  endfacet
  facet normal 0 0 1
    outer loop
      vertex -27.6309 -2.22478 3
      vertex -23.4645 -1.51979 3
      vertex -27.3707 -1.9103 3
    endloop
  endfacet
  facet normal 0 0 1
    outer loop
      vertex -23.4645 -1.51979 3
      vertex -27.6309 -2.22478 3
      vertex -23.2664 -1.62869 3
    endloop
  endfacet
  facet normal 0 0 1
    outer loop
      vertex -27.9284 -2.50417 3
      vertex -23.2664 -1.62869 3
      vertex -27.6309 -2.22478 3
    endloop
  endfacet
  facet normal 0 0 1
    outer loop
      vertex -23.2664 -1.62869 3
      vertex -27.9284 -2.50417 3
      vertex -23.0562 -1.7119 3
    endloop
  endfacet
  facet normal 0 0 1
    outer loop
      vertex -28.2586 -2.74407 3
      vertex -23.0562 -1.7119 3
      vertex -27.9284 -2.50417 3
    endloop
  endfacet
  facet normal 0 0 1
    outer loop
      vertex -23.0562 -1.7119 3
      vertex -28.2586 -2.74407 3
      vertex -22.8373 -1.76812 3
    endloop
  endfacet
  facet normal 0 0 1
    outer loop
      vertex -28.6162 -2.94069 3
      vertex -22.8373 -1.76812 3
      vertex -28.2586 -2.74407 3
    endloop
  endfacet
  facet normal 0 0 1
    outer loop
      vertex -28.9957 -3.09093 3
      vertex -16.0043 -3.09093 3
      vertex -28.6162 -2.94069 3
    endloop
  endfacet
  facet normal 0 0 1
    outer loop
      vertex -16.0043 -3.09093 3
      vertex -28.9957 -3.09093 3
      vertex -15.609 -3.19243 3
    endloop
  endfacet
  facet normal 0 0 1
    outer loop
      vertex -29.391 -3.19243 3
      vertex -15.609 -3.19243 3
      vertex -28.9957 -3.09093 3
    endloop
  endfacet
  facet normal 0 0 1
    outer loop
      vertex -15.609 -3.19243 3
      vertex -29.391 -3.19243 3
      vertex -15.2041 -3.24359 3
    endloop
  endfacet
  facet normal 0 0 1
    outer loop
      vertex -29.7959 -3.24359 3
      vertex -15.2041 -3.24359 3
      vertex -29.391 -3.19243 3
    endloop
  endfacet
  facet normal 0 0 1
    outer loop
      vertex -15.2041 -3.24359 3
      vertex -29.7959 -3.24359 3
      vertex -47.314 -6.99013 3
    endloop
  endfacet
  facet normal 0 0 1
    outer loop
      vertex -47.314 -6.99013 3
      vertex -29.7959 -3.24359 3
      vertex -30.2041 -3.24359 3
    endloop
  endfacet
  facet normal 0 0 1
    outer loop
      vertex -35.7142 -0.225599 3
      vertex -33.25 0 3
      vertex -35.7 0 3
    endloop
  endfacet
  facet normal 0 0 1
    outer loop
      vertex -33.25 0 3
      vertex -35.7142 -0.225599 3
      vertex -33.2244 -0.407332 3
    endloop
  endfacet
  facet normal 0 0 1
    outer loop
      vertex -35.7565 -0.447641 3
      vertex -33.2244 -0.407332 3
      vertex -35.7142 -0.225599 3
    endloop
  endfacet
  facet normal 0 0 1
    outer loop
      vertex -33.2244 -0.407332 3
      vertex -35.7565 -0.447641 3
      vertex -33.1479 -0.808242 3
    endloop
  endfacet
  facet normal -0 0 1
    outer loop
      vertex -35.8264 -0.662623 3
      vertex -33.1479 -0.808242 3
      vertex -35.7565 -0.447641 3
    endloop
  endfacet
  facet normal 0 0 1
    outer loop
      vertex -35.9226 -0.867156 3
      vertex -33.1479 -0.808242 3
      vertex -35.8264 -0.662623 3
    endloop
  endfacet
  facet normal 0 0 1
    outer loop
      vertex -33.1479 -0.808242 3
      vertex -35.9226 -0.867156 3
      vertex -33.0218 -1.1964 3
    endloop
  endfacet
  facet normal -0 0 1
    outer loop
      vertex -36.0438 -1.05801 3
      vertex -33.0218 -1.1964 3
      vertex -35.9226 -0.867156 3
    endloop
  endfacet
  facet normal 0 0 1
    outer loop
      vertex -33.0218 -1.1964 3
      vertex -36.0438 -1.05801 3
      vertex -32.848 -1.5657 3
    endloop
  endfacet
  facet normal -0 0 1
    outer loop
      vertex -36.1879 -1.23218 3
      vertex -32.848 -1.5657 3
      vertex -36.0438 -1.05801 3
    endloop
  endfacet
  facet normal 0 0 1
    outer loop
      vertex -32.848 -1.5657 3
      vertex -36.1879 -1.23218 3
      vertex -32.6293 -1.9103 3
    endloop
  endfacet
  facet normal -0 0 1
    outer loop
      vertex -36.3526 -1.38692 3
      vertex -32.6293 -1.9103 3
      vertex -36.1879 -1.23218 3
    endloop
  endfacet
  facet normal -0 0 1
    outer loop
      vertex -36.5355 -1.51979 3
      vertex -32.6293 -1.9103 3
      vertex -36.3526 -1.38692 3
    endloop
  endfacet
  facet normal 0 0 1
    outer loop
      vertex -32.6293 -1.9103 3
      vertex -36.5355 -1.51979 3
      vertex -32.3691 -2.22478 3
    endloop
  endfacet
  facet normal -0 0 1
    outer loop
      vertex -36.7336 -1.62869 3
      vertex -32.3691 -2.22478 3
      vertex -36.5355 -1.51979 3
    endloop
  endfacet
  facet normal 0 0 1
    outer loop
      vertex -32.3691 -2.22478 3
      vertex -36.7336 -1.62869 3
      vertex -32.0716 -2.50417 3
    endloop
  endfacet
  facet normal -0 0 1
    outer loop
      vertex -36.9438 -1.7119 3
      vertex -32.0716 -2.50417 3
      vertex -36.7336 -1.62869 3
    endloop
  endfacet
  facet normal 0 0 1
    outer loop
      vertex -32.0716 -2.50417 3
      vertex -36.9438 -1.7119 3
      vertex -31.7414 -2.74407 3
    endloop
  endfacet
  facet normal -0 0 1
    outer loop
      vertex -37.1627 -1.76812 3
      vertex -31.7414 -2.74407 3
      vertex -36.9438 -1.7119 3
    endloop
  endfacet
  facet normal 0 0 1
    outer loop
      vertex -31.7414 -2.74407 3
      vertex -37.1627 -1.76812 3
      vertex -31.3838 -2.94069 3
    endloop
  endfacet
  facet normal -0 0 1
    outer loop
      vertex -37.387 -1.79645 3
      vertex -31.3838 -2.94069 3
      vertex -37.1627 -1.76812 3
    endloop
  endfacet
  facet normal 0 0 1
    outer loop
      vertex -47.314 -6.99013 3
      vertex -31.3838 -2.94069 3
      vertex -37.387 -1.79645 3
    endloop
  endfacet
  facet normal 0 0 1
    outer loop
      vertex -31.3838 -2.94069 3
      vertex -47.314 -6.99013 3
      vertex -31.0043 -3.09093 3
    endloop
  endfacet
  facet normal 0 0 1
    outer loop
      vertex -47.314 -6.99013 3
      vertex -37.387 -1.79645 3
      vertex -37.613 -1.79645 3
    endloop
  endfacet
  facet normal 0 0 1
    outer loop
      vertex -47.314 -6.99013 3
      vertex -37.613 -1.79645 3
      vertex -37.8373 -1.76812 3
    endloop
  endfacet
  facet normal -0 0 1
    outer loop
      vertex -41.75 0 3
      vertex -39.2858 -0.225599 3
      vertex -39.3 0 3
    endloop
  endfacet
  facet normal 0 0 1
    outer loop
      vertex -41.7756 -0.407332 3
      vertex -39.2858 -0.225599 3
      vertex -41.75 0 3
    endloop
  endfacet
  facet normal 0 0 1
    outer loop
      vertex -39.2858 -0.225599 3
      vertex -41.7756 -0.407332 3
      vertex -39.2435 -0.447641 3
    endloop
  endfacet
  facet normal 0 0 1
    outer loop
      vertex -41.8521 -0.808242 3
      vertex -39.2435 -0.447641 3
      vertex -41.7756 -0.407332 3
    endloop
  endfacet
  facet normal 0 0 1
    outer loop
      vertex -39.2435 -0.447641 3
      vertex -41.8521 -0.808242 3
      vertex -39.1736 -0.662623 3
    endloop
  endfacet
  facet normal 0 0 1
    outer loop
      vertex -39.1736 -0.662623 3
      vertex -41.8521 -0.808242 3
      vertex -39.0774 -0.867156 3
    endloop
  endfacet
  facet normal 0 0 1
    outer loop
      vertex -41.9782 -1.1964 3
      vertex -39.0774 -0.867156 3
      vertex -41.8521 -0.808242 3
    endloop
  endfacet
  facet normal 0 0 1
    outer loop
      vertex -39.0774 -0.867156 3
      vertex -41.9782 -1.1964 3
      vertex -38.9562 -1.05801 3
    endloop
  endfacet
  facet normal 0 0 1
    outer loop
      vertex -42.152 -1.5657 3
      vertex -38.9562 -1.05801 3
      vertex -41.9782 -1.1964 3
    endloop
  endfacet
  facet normal 0 0 1
    outer loop
      vertex -38.9562 -1.05801 3
      vertex -42.152 -1.5657 3
      vertex -38.8121 -1.23218 3
    endloop
  endfacet
  facet normal 0 0 1
    outer loop
      vertex -42.3707 -1.9103 3
      vertex -38.8121 -1.23218 3
      vertex -42.152 -1.5657 3
    endloop
  endfacet
  facet normal 0 0 1
    outer loop
      vertex -38.8121 -1.23218 3
      vertex -42.3707 -1.9103 3
      vertex -38.6474 -1.38692 3
    endloop
  endfacet
  facet normal 0 0 1
    outer loop
      vertex -38.6474 -1.38692 3
      vertex -42.3707 -1.9103 3
      vertex -38.4645 -1.51979 3
    endloop
  endfacet
  facet normal 0 0 1
    outer loop
      vertex -42.6309 -2.22478 3
      vertex -38.4645 -1.51979 3
      vertex -42.3707 -1.9103 3
    endloop
  endfacet
  facet normal 0 0 1
    outer loop
      vertex -38.4645 -1.51979 3
      vertex -42.6309 -2.22478 3
      vertex -38.2664 -1.62869 3
    endloop
  endfacet
  facet normal 0 0 1
    outer loop
      vertex -42.9284 -2.50417 3
      vertex -38.2664 -1.62869 3
      vertex -42.6309 -2.22478 3
    endloop
  endfacet
  facet normal 0 0 1
    outer loop
      vertex -38.2664 -1.62869 3
      vertex -42.9284 -2.50417 3
      vertex -38.0562 -1.7119 3
    endloop
  endfacet
  facet normal 0 0 1
    outer loop
      vertex -43.2586 -2.74407 3
      vertex -38.0562 -1.7119 3
      vertex -42.9284 -2.50417 3
    endloop
  endfacet
  facet normal 0 0 1
    outer loop
      vertex -38.0562 -1.7119 3
      vertex -43.2586 -2.74407 3
      vertex -37.8373 -1.76812 3
    endloop
  endfacet
  facet normal 0 0 1
    outer loop
      vertex -47.314 -6.99013 3
      vertex -37.8373 -1.76812 3
      vertex -43.2586 -2.74407 3
    endloop
  endfacet
  facet normal 0 0 1
    outer loop
      vertex -31.0043 -3.09093 3
      vertex -47.314 -6.99013 3
      vertex -30.609 -3.19243 3
    endloop
  endfacet
  facet normal 0 0 1
    outer loop
      vertex -30.609 -3.19243 3
      vertex -47.314 -6.99013 3
      vertex -30.2041 -3.24359 3
    endloop
  endfacet
  facet normal 0 0 1
    outer loop
      vertex -47.314 -6.99013 3
      vertex -43.2586 -2.74407 3
      vertex -43.6162 -2.94069 3
    endloop
  endfacet
  facet normal 0 0 1
    outer loop
      vertex -47.314 -6.99013 3
      vertex -43.6162 -2.94069 3
      vertex -43.9957 -3.09093 3
    endloop
  endfacet
  facet normal 0 0 1
    outer loop
      vertex -47.314 -6.99013 3
      vertex -43.9957 -3.09093 3
      vertex -44.391 -3.19243 3
    endloop
  endfacet
  facet normal 0 0 1
    outer loop
      vertex -47.314 -6.99013 3
      vertex -44.391 -3.19243 3
      vertex -44.7959 -3.24359 3
    endloop
  endfacet
  facet normal 0 0 1
    outer loop
      vertex -47.314 -6.99013 3
      vertex -44.7959 -3.24359 3
      vertex -45.2041 -3.24359 3
    endloop
  endfacet
  facet normal 0 0 1
    outer loop
      vertex -0.204069 -3.24359 3
      vertex -47.314 -6.99013 3
      vertex 47.314 -6.99013 3
    endloop
  endfacet
  facet normal 0 0 1
    outer loop
      vertex -45.609 -3.19243 3
      vertex -47.314 -6.99013 3
      vertex -45.2041 -3.24359 3
    endloop
  endfacet
  facet normal 0 0 1
    outer loop
      vertex -46.0043 -3.09093 3
      vertex -47.314 -6.99013 3
      vertex -45.609 -3.19243 3
    endloop
  endfacet
  facet normal 0 0 1
    outer loop
      vertex -46.3838 -2.94069 3
      vertex -47.314 -6.99013 3
      vertex -46.0043 -3.09093 3
    endloop
  endfacet
  facet normal 0 0 1
    outer loop
      vertex -47.9369 -6.91144 3
      vertex -46.3838 -2.94069 3
      vertex -46.7414 -2.74407 3
    endloop
  endfacet
  facet normal 0 0 1
    outer loop
      vertex -49.1289 -6.52413 3
      vertex -46.7414 -2.74407 3
      vertex -47.0716 -2.50417 3
    endloop
  endfacet
  facet normal 0 0 1
    outer loop
      vertex -50.1871 -5.85257 3
      vertex -47.0716 -2.50417 3
      vertex -47.3691 -2.22478 3
    endloop
  endfacet
  facet normal 0 0 1
    outer loop
      vertex -51.0451 -4.93893 3
      vertex -47.3691 -2.22478 3
      vertex -47.6293 -1.9103 3
    endloop
  endfacet
  facet normal 0 0 1
    outer loop
      vertex -51.6489 -3.84062 3
      vertex -47.6293 -1.9103 3
      vertex -47.848 -1.5657 3
    endloop
  endfacet
  facet normal 0 0 1
    outer loop
      vertex -46.3838 -2.94069 3
      vertex -47.9369 -6.91144 3
      vertex -47.314 -6.99013 3
    endloop
  endfacet
  facet normal 0 0 1
    outer loop
      vertex -51.9606 -2.62667 3
      vertex -47.848 -1.5657 3
      vertex -48.0218 -1.1964 3
    endloop
  endfacet
  facet normal 0 0 1
    outer loop
      vertex -52 -2 3
      vertex -48.0218 -1.1964 3
      vertex -48.1479 -0.808242 3
    endloop
  endfacet
  facet normal 0 0 1
    outer loop
      vertex -52 -2 3
      vertex -48.1479 -0.808242 3
      vertex -48.2244 -0.407332 3
    endloop
  endfacet
  facet normal 0 0 1
    outer loop
      vertex -52 -2 3
      vertex -48.2244 -0.407332 3
      vertex -48.25 0 3
    endloop
  endfacet
  facet normal 0 0 1
    outer loop
      vertex -46.7414 -2.74407 3
      vertex -48.5451 -6.75528 3
      vertex -47.9369 -6.91144 3
    endloop
  endfacet
  facet normal -0 0 1
    outer loop
      vertex -51.3815 4.40877 3
      vertex -47.6293 1.9103 3
      vertex -51.0451 4.93893 3
    endloop
  endfacet
  facet normal -0 0 1
    outer loop
      vertex -51.6489 3.84062 3
      vertex -47.6293 1.9103 3
      vertex -51.3815 4.40877 3
    endloop
  endfacet
  facet normal 0 0 1
    outer loop
      vertex -52 -2 3
      vertex -48.25 0 3
      vertex -52 2 3
    endloop
  endfacet
  facet normal 0 0 1
    outer loop
      vertex -47.6293 1.9103 3
      vertex -51.6489 3.84062 3
      vertex -47.848 1.5657 3
    endloop
  endfacet
  facet normal 0 0 1
    outer loop
      vertex -48.0218 -1.1964 3
      vertex -52 -2 3
      vertex -51.9606 -2.62667 3
    endloop
  endfacet
  facet normal -0 0 1
    outer loop
      vertex -51.8429 3.24345 3
      vertex -47.848 1.5657 3
      vertex -51.6489 3.84062 3
    endloop
  endfacet
  facet normal 0 0 1
    outer loop
      vertex -46.7414 -2.74407 3
      vertex -49.1289 -6.52413 3
      vertex -48.5451 -6.75528 3
    endloop
  endfacet
  facet normal -0 0 1
    outer loop
      vertex -51.9606 2.62667 3
      vertex -47.848 1.5657 3
      vertex -51.8429 3.24345 3
    endloop
  endfacet
  facet normal 0 0 1
    outer loop
      vertex -47.0716 -2.50417 3
      vertex -49.6791 -6.22164 3
      vertex -49.1289 -6.52413 3
    endloop
  endfacet
  facet normal 0 0 1
    outer loop
      vertex -47.848 1.5657 3
      vertex -51.9606 2.62667 3
      vertex -48.0218 1.1964 3
    endloop
  endfacet
  facet normal 0 0 1
    outer loop
      vertex -47.0716 -2.50417 3
      vertex -50.1871 -5.85257 3
      vertex -49.6791 -6.22164 3
    endloop
  endfacet
  facet normal -0 0 1
    outer loop
      vertex -52 2 3
      vertex -48.0218 1.1964 3
      vertex -51.9606 2.62667 3
    endloop
  endfacet
  facet normal 0 0 1
    outer loop
      vertex -47.3691 -2.22478 3
      vertex -50.6448 -5.42274 3
      vertex -50.1871 -5.85257 3
    endloop
  endfacet
  facet normal 0 0 1
    outer loop
      vertex -48.0218 1.1964 3
      vertex -52 2 3
      vertex -48.1479 0.808242 3
    endloop
  endfacet
  facet normal 0 0 1
    outer loop
      vertex -47.3691 -2.22478 3
      vertex -51.0451 -4.93893 3
      vertex -50.6448 -5.42274 3
    endloop
  endfacet
  facet normal 0 0 1
    outer loop
      vertex -48.1479 0.808242 3
      vertex -52 2 3
      vertex -48.2244 0.407332 3
    endloop
  endfacet
  facet normal 0 0 1
    outer loop
      vertex -47.6293 -1.9103 3
      vertex -51.3815 -4.40877 3
      vertex -51.0451 -4.93893 3
    endloop
  endfacet
  facet normal 0 0 1
    outer loop
      vertex -48.2244 0.407332 3
      vertex -52 2 3
      vertex -48.25 0 3
    endloop
  endfacet
  facet normal 0 0 1
    outer loop
      vertex -47.6293 -1.9103 3
      vertex -51.6489 -3.84062 3
      vertex -51.3815 -4.40877 3
    endloop
  endfacet
  facet normal 0 0 1
    outer loop
      vertex -47.848 -1.5657 3
      vertex -51.8429 -3.24345 3
      vertex -51.6489 -3.84062 3
    endloop
  endfacet
  facet normal 0 0 1
    outer loop
      vertex -47.848 -1.5657 3
      vertex -51.9606 -2.62667 3
      vertex -51.8429 -3.24345 3
    endloop
  endfacet
  facet normal 0.904797 -0.425843 0
    outer loop
      vertex 51.3815 -4.40877 3
      vertex 51.6489 -3.84062 0
      vertex 51.6489 -3.84062 3
    endloop
  endfacet
  facet normal 0.904797 -0.425843 0
    outer loop
      vertex 51.6489 -3.84062 0
      vertex 51.3815 -4.40877 3
      vertex 51.3815 -4.40877 0
    endloop
  endfacet
  facet normal -0.368135 -0.929773 0
    outer loop
      vertex -49.1289 -6.52413 0
      vertex -48.5451 -6.75528 3
      vertex -49.1289 -6.52413 3
    endloop
  endfacet
  facet normal -0.368135 -0.929773 -0
    outer loop
      vertex -48.5451 -6.75528 3
      vertex -49.1289 -6.52413 0
      vertex -48.5451 -6.75528 0
    endloop
  endfacet
  facet normal -0.684565 -0.728952 0
    outer loop
      vertex -50.6448 -5.42274 0
      vertex -50.1871 -5.85257 3
      vertex -50.6448 -5.42274 3
    endloop
  endfacet
  facet normal -0.684565 -0.728952 -0
    outer loop
      vertex -50.1871 -5.85257 3
      vertex -50.6448 -5.42274 0
      vertex -50.1871 -5.85257 0
    endloop
  endfacet
  facet normal 1 -0 0
    outer loop
      vertex 52 -2 3
      vertex 52 2 0
      vertex 52 2 3
    endloop
  endfacet
  facet normal 1 0 0
    outer loop
      vertex 52 2 0
      vertex 52 -2 3
      vertex 52 -2 0
    endloop
  endfacet
  facet normal 0.951072 -0.30897 0
    outer loop
      vertex 51.6489 -3.84062 3
      vertex 51.8429 -3.24345 0
      vertex 51.8429 -3.24345 3
    endloop
  endfacet
  facet normal 0.951072 -0.30897 0
    outer loop
      vertex 51.8429 -3.24345 0
      vertex 51.6489 -3.84062 3
      vertex 51.6489 -3.84062 0
    endloop
  endfacet
  facet normal 0.904797 0.425843 0
    outer loop
      vertex 51.6489 3.84062 3
      vertex 51.3815 4.40877 0
      vertex 51.3815 4.40877 3
    endloop
  endfacet
  facet normal 0.904797 0.425843 0
    outer loop
      vertex 51.3815 4.40877 0
      vertex 51.6489 3.84062 3
      vertex 51.6489 3.84062 0
    endloop
  endfacet
  facet normal 0.951072 0.30897 0
    outer loop
      vertex 51.8429 3.24345 3
      vertex 51.6489 3.84062 0
      vertex 51.6489 3.84062 3
    endloop
  endfacet
  facet normal 0.951072 0.30897 0
    outer loop
      vertex 51.6489 3.84062 0
      vertex 51.8429 3.24345 3
      vertex 51.8429 3.24345 0
    endloop
  endfacet
  facet normal 0.684565 0.728952 -0
    outer loop
      vertex 50.6448 5.42274 0
      vertex 50.1871 5.85257 3
      vertex 50.6448 5.42274 3
    endloop
  endfacet
  facet normal 0.684565 0.728952 0
    outer loop
      vertex 50.1871 5.85257 3
      vertex 50.6448 5.42274 0
      vertex 50.1871 5.85257 0
    endloop
  endfacet
  facet normal 0.368135 0.929773 -0
    outer loop
      vertex 49.1289 6.52413 0
      vertex 48.5451 6.75528 3
      vertex 49.1289 6.52413 3
    endloop
  endfacet
  facet normal 0.368135 0.929773 0
    outer loop
      vertex 48.5451 6.75528 3
      vertex 49.1289 6.52413 0
      vertex 48.5451 6.75528 0
    endloop
  endfacet
  facet normal 0.248691 0.968583 -0
    outer loop
      vertex 48.5451 6.75528 0
      vertex 47.9369 6.91144 3
      vertex 48.5451 6.75528 3
    endloop
  endfacet
  facet normal 0.248691 0.968583 0
    outer loop
      vertex 47.9369 6.91144 3
      vertex 48.5451 6.75528 0
      vertex 47.9369 6.91144 0
    endloop
  endfacet
  facet normal 0.125332 0.992115 -0
    outer loop
      vertex 47.9369 6.91144 0
      vertex 47.314 6.99013 3
      vertex 47.9369 6.91144 3
    endloop
  endfacet
  facet normal 0.125332 0.992115 0
    outer loop
      vertex 47.314 6.99013 3
      vertex 47.9369 6.91144 0
      vertex 47.314 6.99013 0
    endloop
  endfacet
  facet normal -0.481772 0.876297 0
    outer loop
      vertex -49.1289 6.52413 0
      vertex -49.6791 6.22164 3
      vertex -49.1289 6.52413 3
    endloop
  endfacet
  facet normal -0.481772 0.876297 0
    outer loop
      vertex -49.6791 6.22164 3
      vertex -49.1289 6.52413 0
      vertex -49.6791 6.22164 0
    endloop
  endfacet
  facet normal -0.248691 0.968583 0
    outer loop
      vertex -47.9369 6.91144 0
      vertex -48.5451 6.75528 3
      vertex -47.9369 6.91144 3
    endloop
  endfacet
  facet normal -0.248691 0.968583 0
    outer loop
      vertex -48.5451 6.75528 3
      vertex -47.9369 6.91144 0
      vertex -48.5451 6.75528 0
    endloop
  endfacet
  facet normal 0 0 -1
    outer loop
      vertex 48.0218 -1.1964 0
      vertex 52 -2 0
      vertex 51.9606 -2.62667 0
    endloop
  endfacet
  facet normal 0 0 -1
    outer loop
      vertex 52 -2 0
      vertex 48.25 0 0
      vertex 52 2 0
    endloop
  endfacet
  facet normal 0 0 -1
    outer loop
      vertex 47.848 -1.5657 0
      vertex 51.9606 -2.62667 0
      vertex 51.8429 -3.24345 0
    endloop
  endfacet
  facet normal 0 0 -1
    outer loop
      vertex 48.2244 0.407332 0
      vertex 52 2 0
      vertex 48.25 0 0
    endloop
  endfacet
  facet normal 0 0 -1
    outer loop
      vertex 47.848 -1.5657 0
      vertex 51.8429 -3.24345 0
      vertex 51.6489 -3.84062 0
    endloop
  endfacet
  facet normal 0 0 -1
    outer loop
      vertex 48.1479 0.808242 0
      vertex 52 2 0
      vertex 48.2244 0.407332 0
    endloop
  endfacet
  facet normal 0 0 -1
    outer loop
      vertex 47.6293 -1.9103 0
      vertex 51.6489 -3.84062 0
      vertex 51.3815 -4.40877 0
    endloop
  endfacet
  facet normal 0 0 -1
    outer loop
      vertex 48.0218 1.1964 0
      vertex 52 2 0
      vertex 48.1479 0.808242 0
    endloop
  endfacet
  facet normal 0 0 -1
    outer loop
      vertex 47.6293 -1.9103 0
      vertex 51.3815 -4.40877 0
      vertex 51.0451 -4.93893 0
    endloop
  endfacet
  facet normal -0 0 -1
    outer loop
      vertex 52 2 0
      vertex 48.0218 1.1964 0
      vertex 51.9606 2.62667 0
    endloop
  endfacet
  facet normal 0 0 -1
    outer loop
      vertex 47.3691 -2.22478 0
      vertex 51.0451 -4.93893 0
      vertex 50.6448 -5.42274 0
    endloop
  endfacet
  facet normal 0 0 -1
    outer loop
      vertex 47.848 1.5657 0
      vertex 51.9606 2.62667 0
      vertex 48.0218 1.1964 0
    endloop
  endfacet
  facet normal 0 0 -1
    outer loop
      vertex 47.3691 -2.22478 0
      vertex 50.6448 -5.42274 0
      vertex 50.1871 -5.85257 0
    endloop
  endfacet
  facet normal -0 0 -1
    outer loop
      vertex 51.9606 2.62667 0
      vertex 47.848 1.5657 0
      vertex 51.8429 3.24345 0
    endloop
  endfacet
  facet normal 0 0 -1
    outer loop
      vertex 47.0716 -2.50417 0
      vertex 50.1871 -5.85257 0
      vertex 49.6791 -6.22164 0
    endloop
  endfacet
  facet normal -0 0 -1
    outer loop
      vertex 51.8429 3.24345 0
      vertex 47.848 1.5657 0
      vertex 51.6489 3.84062 0
    endloop
  endfacet
  facet normal 0 0 -1
    outer loop
      vertex 47.0716 -2.50417 0
      vertex 49.6791 -6.22164 0
      vertex 49.1289 -6.52413 0
    endloop
  endfacet
  facet normal 0 0 -1
    outer loop
      vertex 47.6293 1.9103 0
      vertex 51.6489 3.84062 0
      vertex 47.848 1.5657 0
    endloop
  endfacet
  facet normal 0 0 -1
    outer loop
      vertex 46.7414 -2.74407 0
      vertex 49.1289 -6.52413 0
      vertex 48.5451 -6.75528 0
    endloop
  endfacet
  facet normal -0 0 -1
    outer loop
      vertex 51.6489 3.84062 0
      vertex 47.6293 1.9103 0
      vertex 51.3815 4.40877 0
    endloop
  endfacet
  facet normal -0 0 -1
    outer loop
      vertex 51.3815 4.40877 0
      vertex 47.6293 1.9103 0
      vertex 51.0451 4.93893 0
    endloop
  endfacet
  facet normal 0 0 -1
    outer loop
      vertex 52 -2 0
      vertex 48.2244 -0.407332 0
      vertex 48.25 0 0
    endloop
  endfacet
  facet normal 0 0 -1
    outer loop
      vertex 52 -2 0
      vertex 48.1479 -0.808242 0
      vertex 48.2244 -0.407332 0
    endloop
  endfacet
  facet normal 0 0 -1
    outer loop
      vertex 52 -2 0
      vertex 48.0218 -1.1964 0
      vertex 48.1479 -0.808242 0
    endloop
  endfacet
  facet normal 0 0 -1
    outer loop
      vertex 46.7414 -2.74407 0
      vertex 48.5451 -6.75528 0
      vertex 47.9369 -6.91144 0
    endloop
  endfacet
  facet normal 0 0 -1
    outer loop
      vertex 51.9606 -2.62667 0
      vertex 47.848 -1.5657 0
      vertex 48.0218 -1.1964 0
    endloop
  endfacet
  facet normal 0 0 -1
    outer loop
      vertex 51.6489 -3.84062 0
      vertex 47.6293 -1.9103 0
      vertex 47.848 -1.5657 0
    endloop
  endfacet
  facet normal 0 0 -1
    outer loop
      vertex 51.0451 -4.93893 0
      vertex 47.3691 -2.22478 0
      vertex 47.6293 -1.9103 0
    endloop
  endfacet
  facet normal 0 0 -1
    outer loop
      vertex 46.3838 -2.94069 0
      vertex 47.9369 -6.91144 0
      vertex 47.314 -6.99013 0
    endloop
  endfacet
  facet normal 0 0 -1
    outer loop
      vertex 50.1871 -5.85257 0
      vertex 47.0716 -2.50417 0
      vertex 47.3691 -2.22478 0
    endloop
  endfacet
  facet normal 0 0 -1
    outer loop
      vertex 49.1289 -6.52413 0
      vertex 46.7414 -2.74407 0
      vertex 47.0716 -2.50417 0
    endloop
  endfacet
  facet normal 0 0 -1
    outer loop
      vertex 47.9369 -6.91144 0
      vertex 46.3838 -2.94069 0
      vertex 46.7414 -2.74407 0
    endloop
  endfacet
  facet normal 0 0 -1
    outer loop
      vertex 47.314 -6.99013 0
      vertex 46.0043 -3.09093 0
      vertex 46.3838 -2.94069 0
    endloop
  endfacet
  facet normal 0 0 -1
    outer loop
      vertex 47.314 -6.99013 0
      vertex 45.609 -3.19243 0
      vertex 46.0043 -3.09093 0
    endloop
  endfacet
  facet normal 0 0 -1
    outer loop
      vertex 47.314 -6.99013 0
      vertex 45.2041 -3.24359 0
      vertex 45.609 -3.19243 0
    endloop
  endfacet
  facet normal 0 0 -1
    outer loop
      vertex 47.314 -6.99013 0
      vertex 44.7959 -3.24359 0
      vertex 45.2041 -3.24359 0
    endloop
  endfacet
  facet normal 0 0 -1
    outer loop
      vertex 47.314 -6.99013 0
      vertex 44.391 -3.19243 0
      vertex 44.7959 -3.24359 0
    endloop
  endfacet
  facet normal 0 0 -1
    outer loop
      vertex 47.314 -6.99013 0
      vertex 43.9957 -3.09093 0
      vertex 44.391 -3.19243 0
    endloop
  endfacet
  facet normal 0 0 -1
    outer loop
      vertex 47.314 -6.99013 0
      vertex 43.6162 -2.94069 0
      vertex 43.9957 -3.09093 0
    endloop
  endfacet
  facet normal 0 0 -1
    outer loop
      vertex 47.314 -6.99013 0
      vertex 43.2586 -2.74407 0
      vertex 43.6162 -2.94069 0
    endloop
  endfacet
  facet normal 0 0 -1
    outer loop
      vertex 37.8373 -1.76812 0
      vertex 43.2586 -2.74407 0
      vertex 47.314 -6.99013 0
    endloop
  endfacet
  facet normal 0 -0 -1
    outer loop
      vertex 38.0562 -1.7119 0
      vertex 43.2586 -2.74407 0
      vertex 37.8373 -1.76812 0
    endloop
  endfacet
  facet normal 0 0 -1
    outer loop
      vertex 39.2858 -0.225599 0
      vertex 41.75 0 0
      vertex 41.7756 -0.407332 0
    endloop
  endfacet
  facet normal 0 0 -1
    outer loop
      vertex 39.2435 -0.447641 0
      vertex 41.7756 -0.407332 0
      vertex 41.8521 -0.808242 0
    endloop
  endfacet
  facet normal 0 0 -1
    outer loop
      vertex 39.0774 -0.867156 0
      vertex 41.8521 -0.808242 0
      vertex 41.9782 -1.1964 0
    endloop
  endfacet
  facet normal 0 0 -1
    outer loop
      vertex 38.9562 -1.05801 0
      vertex 41.9782 -1.1964 0
      vertex 42.152 -1.5657 0
    endloop
  endfacet
  facet normal 0 0 -1
    outer loop
      vertex 38.8121 -1.23218 0
      vertex 42.152 -1.5657 0
      vertex 42.3707 -1.9103 0
    endloop
  endfacet
  facet normal 0 0 -1
    outer loop
      vertex 38.4645 -1.51979 0
      vertex 42.3707 -1.9103 0
      vertex 42.6309 -2.22478 0
    endloop
  endfacet
  facet normal 0 0 -1
    outer loop
      vertex 43.2586 -2.74407 0
      vertex 38.0562 -1.7119 0
      vertex 42.9284 -2.50417 0
    endloop
  endfacet
  facet normal -0 0 -1
    outer loop
      vertex 41.75 0 0
      vertex 39.2858 -0.225599 0
      vertex 39.3 0 0
    endloop
  endfacet
  facet normal -0 0 -1
    outer loop
      vertex 41.7756 -0.407332 0
      vertex 39.2435 -0.447641 0
      vertex 39.2858 -0.225599 0
    endloop
  endfacet
  facet normal 0 0 -1
    outer loop
      vertex 41.8521 -0.808242 0
      vertex 39.1736 -0.662623 0
      vertex 39.2435 -0.447641 0
    endloop
  endfacet
  facet normal -0 0 -1
    outer loop
      vertex 41.8521 -0.808242 0
      vertex 39.0774 -0.867156 0
      vertex 39.1736 -0.662623 0
    endloop
  endfacet
  facet normal 0 0 -1
    outer loop
      vertex 41.9782 -1.1964 0
      vertex 38.9562 -1.05801 0
      vertex 39.0774 -0.867156 0
    endloop
  endfacet
  facet normal 0 0 -1
    outer loop
      vertex 42.152 -1.5657 0
      vertex 38.8121 -1.23218 0
      vertex 38.9562 -1.05801 0
    endloop
  endfacet
  facet normal 0 0 -1
    outer loop
      vertex 42.3707 -1.9103 0
      vertex 38.6474 -1.38692 0
      vertex 38.8121 -1.23218 0
    endloop
  endfacet
  facet normal 0 0 -1
    outer loop
      vertex 42.3707 -1.9103 0
      vertex 38.4645 -1.51979 0
      vertex 38.6474 -1.38692 0
    endloop
  endfacet
  facet normal 0 0 -1
    outer loop
      vertex 42.6309 -2.22478 0
      vertex 38.2664 -1.62869 0
      vertex 38.4645 -1.51979 0
    endloop
  endfacet
  facet normal 0 0 -1
    outer loop
      vertex 42.9284 -2.50417 0
      vertex 38.2664 -1.62869 0
      vertex 42.6309 -2.22478 0
    endloop
  endfacet
  facet normal 0 -0 -1
    outer loop
      vertex 38.2664 -1.62869 0
      vertex 42.9284 -2.50417 0
      vertex 38.0562 -1.7119 0
    endloop
  endfacet
  facet normal 0 0 -1
    outer loop
      vertex 47.314 -6.99013 0
      vertex 37.613 -1.79645 0
      vertex 37.8373 -1.76812 0
    endloop
  endfacet
  facet normal 0 0 -1
    outer loop
      vertex 47.314 -6.99013 0
      vertex 37.387 -1.79645 0
      vertex 37.613 -1.79645 0
    endloop
  endfacet
  facet normal 0 0 -1
    outer loop
      vertex 31.3838 -2.94069 0
      vertex 37.387 -1.79645 0
      vertex 47.314 -6.99013 0
    endloop
  endfacet
  facet normal -0 0 -1
    outer loop
      vertex 37.387 -1.79645 0
      vertex 31.3838 -2.94069 0
      vertex 37.1627 -1.76812 0
    endloop
  endfacet
  facet normal 0 -0 -1
    outer loop
      vertex 31.7414 -2.74407 0
      vertex 37.1627 -1.76812 0
      vertex 31.3838 -2.94069 0
    endloop
  endfacet
  facet normal 0 0 -1
    outer loop
      vertex 35.7142 -0.225599 0
      vertex 33.25 0 0
      vertex 35.7 0 0
    endloop
  endfacet
  facet normal 0 0 -1
    outer loop
      vertex 33.2244 -0.407332 0
      vertex 35.7142 -0.225599 0
      vertex 35.7565 -0.447641 0
    endloop
  endfacet
  facet normal 0 0 -1
    outer loop
      vertex 33.1479 -0.808242 0
      vertex 35.7565 -0.447641 0
      vertex 35.8264 -0.662623 0
    endloop
  endfacet
  facet normal 0 0 -1
    outer loop
      vertex 33.1479 -0.808242 0
      vertex 35.8264 -0.662623 0
      vertex 35.9226 -0.867156 0
    endloop
  endfacet
  facet normal 0 0 -1
    outer loop
      vertex 33.0218 -1.1964 0
      vertex 35.9226 -0.867156 0
      vertex 36.0438 -1.05801 0
    endloop
  endfacet
  facet normal 0 0 -1
    outer loop
      vertex 32.848 -1.5657 0
      vertex 36.0438 -1.05801 0
      vertex 36.1879 -1.23218 0
    endloop
  endfacet
  facet normal 0 0 -1
    outer loop
      vertex 32.6293 -1.9103 0
      vertex 36.1879 -1.23218 0
      vertex 36.3526 -1.38692 0
    endloop
  endfacet
  facet normal 0 0 -1
    outer loop
      vertex 32.6293 -1.9103 0
      vertex 36.3526 -1.38692 0
      vertex 36.5355 -1.51979 0
    endloop
  endfacet
  facet normal 0 0 -1
    outer loop
      vertex 32.3691 -2.22478 0
      vertex 36.5355 -1.51979 0
      vertex 36.7336 -1.62869 0
    endloop
  endfacet
  facet normal -0 0 -1
    outer loop
      vertex 37.1627 -1.76812 0
      vertex 31.7414 -2.74407 0
      vertex 36.9438 -1.7119 0
    endloop
  endfacet
  facet normal -0 0 -1
    outer loop
      vertex 35.7142 -0.225599 0
      vertex 33.2244 -0.407332 0
      vertex 33.25 0 0
    endloop
  endfacet
  facet normal -0 0 -1
    outer loop
      vertex 35.7565 -0.447641 0
      vertex 33.1479 -0.808242 0
      vertex 33.2244 -0.407332 0
    endloop
  endfacet
  facet normal -0 0 -1
    outer loop
      vertex 35.9226 -0.867156 0
      vertex 33.0218 -1.1964 0
      vertex 33.1479 -0.808242 0
    endloop
  endfacet
  facet normal 0 0 -1
    outer loop
      vertex 36.0438 -1.05801 0
      vertex 32.848 -1.5657 0
      vertex 33.0218 -1.1964 0
    endloop
  endfacet
  facet normal 0 0 -1
    outer loop
      vertex 36.1879 -1.23218 0
      vertex 32.6293 -1.9103 0
      vertex 32.848 -1.5657 0
    endloop
  endfacet
  facet normal 0 0 -1
    outer loop
      vertex 36.5355 -1.51979 0
      vertex 32.3691 -2.22478 0
      vertex 32.6293 -1.9103 0
    endloop
  endfacet
  facet normal 0 0 -1
    outer loop
      vertex 36.7336 -1.62869 0
      vertex 32.0716 -2.50417 0
      vertex 32.3691 -2.22478 0
    endloop
  endfacet
  facet normal -0 0 -1
    outer loop
      vertex 36.9438 -1.7119 0
      vertex 32.0716 -2.50417 0
      vertex 36.7336 -1.62869 0
    endloop
  endfacet
  facet normal 0 -0 -1
    outer loop
      vertex 32.0716 -2.50417 0
      vertex 36.9438 -1.7119 0
      vertex 31.7414 -2.74407 0
    endloop
  endfacet
  facet normal 0 0 -1
    outer loop
      vertex 47.314 -6.99013 0
      vertex 31.0043 -3.09093 0
      vertex 31.3838 -2.94069 0
    endloop
  endfacet
  facet normal 0 0 -1
    outer loop
      vertex 47.314 -6.99013 0
      vertex 30.609 -3.19243 0
      vertex 31.0043 -3.09093 0
    endloop
  endfacet
  facet normal 0 0 -1
    outer loop
      vertex 47.314 -6.99013 0
      vertex 30.2041 -3.24359 0
      vertex 30.609 -3.19243 0
    endloop
  endfacet
  facet normal 0 0 -1
    outer loop
      vertex 47.314 -6.99013 0
      vertex 29.7959 -3.24359 0
      vertex 30.2041 -3.24359 0
    endloop
  endfacet
  facet normal 0 0 -1
    outer loop
      vertex 15.2041 -3.24359 0
      vertex 29.7959 -3.24359 0
      vertex 47.314 -6.99013 0
    endloop
  endfacet
  facet normal 0 0 -1
    outer loop
      vertex 24.2858 -0.225599 0
      vertex 26.75 0 0
      vertex 26.7756 -0.407332 0
    endloop
  endfacet
  facet normal 0 0 -1
    outer loop
      vertex 24.2435 -0.447641 0
      vertex 26.7756 -0.407332 0
      vertex 26.8521 -0.808242 0
    endloop
  endfacet
  facet normal 0 0 -1
    outer loop
      vertex 24.0774 -0.867156 0
      vertex 26.8521 -0.808242 0
      vertex 26.9782 -1.1964 0
    endloop
  endfacet
  facet normal 0 0 -1
    outer loop
      vertex 23.9562 -1.05801 0
      vertex 26.9782 -1.1964 0
      vertex 27.152 -1.5657 0
    endloop
  endfacet
  facet normal 0 0 -1
    outer loop
      vertex 23.8121 -1.23218 0
      vertex 27.152 -1.5657 0
      vertex 27.3707 -1.9103 0
    endloop
  endfacet
  facet normal 0 0 -1
    outer loop
      vertex 23.4645 -1.51979 0
      vertex 27.3707 -1.9103 0
      vertex 27.6309 -2.22478 0
    endloop
  endfacet
  facet normal 0 0 -1
    outer loop
      vertex 23.2664 -1.62869 0
      vertex 27.6309 -2.22478 0
      vertex 27.9284 -2.50417 0
    endloop
  endfacet
  facet normal 0 0 -1
    outer loop
      vertex 23.0562 -1.7119 0
      vertex 27.9284 -2.50417 0
      vertex 28.2586 -2.74407 0
    endloop
  endfacet
  facet normal -0 0 -1
    outer loop
      vertex 26.75 0 0
      vertex 24.2858 -0.225599 0
      vertex 24.3 0 0
    endloop
  endfacet
  facet normal -0 0 -1
    outer loop
      vertex 26.7756 -0.407332 0
      vertex 24.2435 -0.447641 0
      vertex 24.2858 -0.225599 0
    endloop
  endfacet
  facet normal 0 0 -1
    outer loop
      vertex 26.8521 -0.808242 0
      vertex 24.1736 -0.662623 0
      vertex 24.2435 -0.447641 0
    endloop
  endfacet
  facet normal 0 0 -1
    outer loop
      vertex 22.8373 -1.76812 0
      vertex 28.2586 -2.74407 0
      vertex 28.6162 -2.94069 0
    endloop
  endfacet
  facet normal -0 0 -1
    outer loop
      vertex 26.8521 -0.808242 0
      vertex 24.0774 -0.867156 0
      vertex 24.1736 -0.662623 0
    endloop
  endfacet
  facet normal 0 0 -1
    outer loop
      vertex 26.9782 -1.1964 0
      vertex 23.9562 -1.05801 0
      vertex 24.0774 -0.867156 0
    endloop
  endfacet
  facet normal 0 0 -1
    outer loop
      vertex 27.152 -1.5657 0
      vertex 23.8121 -1.23218 0
      vertex 23.9562 -1.05801 0
    endloop
  endfacet
  facet normal 0 0 -1
    outer loop
      vertex 22.613 -1.79645 0
      vertex 28.6162 -2.94069 0
      vertex 28.9957 -3.09093 0
    endloop
  endfacet
  facet normal 0 0 -1
    outer loop
      vertex 27.3707 -1.9103 0
      vertex 23.6474 -1.38692 0
      vertex 23.8121 -1.23218 0
    endloop
  endfacet
  facet normal 0 0 -1
    outer loop
      vertex 27.3707 -1.9103 0
      vertex 23.4645 -1.51979 0
      vertex 23.6474 -1.38692 0
    endloop
  endfacet
  facet normal 0 0 -1
    outer loop
      vertex 27.6309 -2.22478 0
      vertex 23.2664 -1.62869 0
      vertex 23.4645 -1.51979 0
    endloop
  endfacet
  facet normal 0 0 -1
    outer loop
      vertex 16.0043 -3.09093 0
      vertex 28.9957 -3.09093 0
      vertex 29.391 -3.19243 0
    endloop
  endfacet
  facet normal 0 0 -1
    outer loop
      vertex 27.9284 -2.50417 0
      vertex 23.0562 -1.7119 0
      vertex 23.2664 -1.62869 0
    endloop
  endfacet
  facet normal 0 0 -1
    outer loop
      vertex 28.2586 -2.74407 0
      vertex 22.8373 -1.76812 0
      vertex 23.0562 -1.7119 0
    endloop
  endfacet
  facet normal 0 0 -1
    outer loop
      vertex 28.6162 -2.94069 0
      vertex 22.613 -1.79645 0
      vertex 22.8373 -1.76812 0
    endloop
  endfacet
  facet normal 0 0 -1
    outer loop
      vertex 29.7959 -3.24359 0
      vertex 15.2041 -3.24359 0
      vertex 29.391 -3.19243 0
    endloop
  endfacet
  facet normal 0 0 -1
    outer loop
      vertex 28.9957 -3.09093 0
      vertex 16.0043 -3.09093 0
      vertex 22.613 -1.79645 0
    endloop
  endfacet
  facet normal -0 0 -1
    outer loop
      vertex 22.613 -1.79645 0
      vertex 16.0043 -3.09093 0
      vertex 22.387 -1.79645 0
    endloop
  endfacet
  facet normal 0 0 -1
    outer loop
      vertex 20.7142 -0.225599 0
      vertex 18.25 0 0
      vertex 20.7 0 0
    endloop
  endfacet
  facet normal 0 0 -1
    outer loop
      vertex 18.2244 -0.407332 0
      vertex 20.7142 -0.225599 0
      vertex 20.7565 -0.447641 0
    endloop
  endfacet
  facet normal 0 0 -1
    outer loop
      vertex 18.1479 -0.808242 0
      vertex 20.7565 -0.447641 0
      vertex 20.8264 -0.662623 0
    endloop
  endfacet
  facet normal 0 0 -1
    outer loop
      vertex 18.1479 -0.808242 0
      vertex 20.8264 -0.662623 0
      vertex 20.9226 -0.867156 0
    endloop
  endfacet
  facet normal 0 0 -1
    outer loop
      vertex 18.0218 -1.1964 0
      vertex 20.9226 -0.867156 0
      vertex 21.0438 -1.05801 0
    endloop
  endfacet
  facet normal 0 0 -1
    outer loop
      vertex 17.848 -1.5657 0
      vertex 21.0438 -1.05801 0
      vertex 21.1879 -1.23218 0
    endloop
  endfacet
  facet normal 0 0 -1
    outer loop
      vertex 17.6293 -1.9103 0
      vertex 21.1879 -1.23218 0
      vertex 21.3526 -1.38692 0
    endloop
  endfacet
  facet normal 0 0 -1
    outer loop
      vertex 17.6293 -1.9103 0
      vertex 21.3526 -1.38692 0
      vertex 21.5355 -1.51979 0
    endloop
  endfacet
  facet normal 0 0 -1
    outer loop
      vertex 17.3691 -2.22478 0
      vertex 21.5355 -1.51979 0
      vertex 21.7336 -1.62869 0
    endloop
  endfacet
  facet normal -0 0 -1
    outer loop
      vertex 20.7142 -0.225599 0
      vertex 18.2244 -0.407332 0
      vertex 18.25 0 0
    endloop
  endfacet
  facet normal 0 0 -1
    outer loop
      vertex 17.0716 -2.50417 0
      vertex 21.7336 -1.62869 0
      vertex 21.9438 -1.7119 0
    endloop
  endfacet
  facet normal -0 0 -1
    outer loop
      vertex 20.7565 -0.447641 0
      vertex 18.1479 -0.808242 0
      vertex 18.2244 -0.407332 0
    endloop
  endfacet
  facet normal 0 0 -1
    outer loop
      vertex 16.7414 -2.74407 0
      vertex 21.9438 -1.7119 0
      vertex 22.1627 -1.76812 0
    endloop
  endfacet
  facet normal -0 0 -1
    outer loop
      vertex 20.9226 -0.867156 0
      vertex 18.0218 -1.1964 0
      vertex 18.1479 -0.808242 0
    endloop
  endfacet
  facet normal 0 -0 -1
    outer loop
      vertex 16.3838 -2.94069 0
      vertex 22.387 -1.79645 0
      vertex 16.0043 -3.09093 0
    endloop
  endfacet
  facet normal 0 0 -1
    outer loop
      vertex 21.0438 -1.05801 0
      vertex 17.848 -1.5657 0
      vertex 18.0218 -1.1964 0
    endloop
  endfacet
  facet normal 0 0 -1
    outer loop
      vertex 21.1879 -1.23218 0
      vertex 17.6293 -1.9103 0
      vertex 17.848 -1.5657 0
    endloop
  endfacet
  facet normal 0 0 -1
    outer loop
      vertex 21.5355 -1.51979 0
      vertex 17.3691 -2.22478 0
      vertex 17.6293 -1.9103 0
    endloop
  endfacet
  facet normal 0 0 -1
    outer loop
      vertex 21.7336 -1.62869 0
      vertex 17.0716 -2.50417 0
      vertex 17.3691 -2.22478 0
    endloop
  endfacet
  facet normal 0 0 -1
    outer loop
      vertex 21.9438 -1.7119 0
      vertex 16.7414 -2.74407 0
      vertex 17.0716 -2.50417 0
    endloop
  endfacet
  facet normal 0 0 -1
    outer loop
      vertex 22.1627 -1.76812 0
      vertex 16.3838 -2.94069 0
      vertex 16.7414 -2.74407 0
    endloop
  endfacet
  facet normal -0 0 -1
    outer loop
      vertex 22.387 -1.79645 0
      vertex 16.3838 -2.94069 0
      vertex 22.1627 -1.76812 0
    endloop
  endfacet
  facet normal 0 0 -1
    outer loop
      vertex 29.391 -3.19243 0
      vertex 15.609 -3.19243 0
      vertex 16.0043 -3.09093 0
    endloop
  endfacet
  facet normal -0 0 -1
    outer loop
      vertex 29.391 -3.19243 0
      vertex 15.2041 -3.24359 0
      vertex 15.609 -3.19243 0
    endloop
  endfacet
  facet normal 0 0 -1
    outer loop
      vertex 47.314 -6.99013 0
      vertex 14.7959 -3.24359 0
      vertex 15.2041 -3.24359 0
    endloop
  endfacet
  facet normal 0 0 -1
    outer loop
      vertex 9.28581 -0.225599 0
      vertex 11.75 0 0
      vertex 11.7756 -0.407332 0
    endloop
  endfacet
  facet normal 0 0 -1
    outer loop
      vertex 9.24345 -0.447641 0
      vertex 11.7756 -0.407332 0
      vertex 11.8521 -0.808242 0
    endloop
  endfacet
  facet normal 0 0 -1
    outer loop
      vertex 9.07735 -0.867156 0
      vertex 11.8521 -0.808242 0
      vertex 11.9782 -1.1964 0
    endloop
  endfacet
  facet normal 0 0 -1
    outer loop
      vertex 8.95623 -1.05801 0
      vertex 11.9782 -1.1964 0
      vertex 12.152 -1.5657 0
    endloop
  endfacet
  facet normal 0 0 -1
    outer loop
      vertex 8.81214 -1.23218 0
      vertex 12.152 -1.5657 0
      vertex 12.3707 -1.9103 0
    endloop
  endfacet
  facet normal 0 0 -1
    outer loop
      vertex 8.46449 -1.51979 0
      vertex 12.3707 -1.9103 0
      vertex 12.6309 -2.22478 0
    endloop
  endfacet
  facet normal 0 0 -1
    outer loop
      vertex 8.2664 -1.62869 0
      vertex 12.6309 -2.22478 0
      vertex 12.9284 -2.50417 0
    endloop
  endfacet
  facet normal 0 0 -1
    outer loop
      vertex 8.05623 -1.7119 0
      vertex 12.9284 -2.50417 0
      vertex 13.2586 -2.74407 0
    endloop
  endfacet
  facet normal -0 0 -1
    outer loop
      vertex 11.75 0 0
      vertex 9.28581 -0.225599 0
      vertex 9.3 0 0
    endloop
  endfacet
  facet normal -0 0 -1
    outer loop
      vertex 11.7756 -0.407332 0
      vertex 9.24345 -0.447641 0
      vertex 9.28581 -0.225599 0
    endloop
  endfacet
  facet normal 0 0 -1
    outer loop
      vertex 11.8521 -0.808242 0
      vertex 9.1736 -0.662623 0
      vertex 9.24345 -0.447641 0
    endloop
  endfacet
  facet normal 0 0 -1
    outer loop
      vertex 7.83729 -1.76812 0
      vertex 13.2586 -2.74407 0
      vertex 13.6162 -2.94069 0
    endloop
  endfacet
  facet normal -0 0 -1
    outer loop
      vertex 11.8521 -0.808242 0
      vertex 9.07735 -0.867156 0
      vertex 9.1736 -0.662623 0
    endloop
  endfacet
  facet normal 0 0 -1
    outer loop
      vertex 11.9782 -1.1964 0
      vertex 8.95623 -1.05801 0
      vertex 9.07735 -0.867156 0
    endloop
  endfacet
  facet normal 0 0 -1
    outer loop
      vertex 12.152 -1.5657 0
      vertex 8.81214 -1.23218 0
      vertex 8.95623 -1.05801 0
    endloop
  endfacet
  facet normal 0 0 -1
    outer loop
      vertex 7.61302 -1.79645 0
      vertex 13.6162 -2.94069 0
      vertex 13.9957 -3.09093 0
    endloop
  endfacet
  facet normal 0 0 -1
    outer loop
      vertex 12.3707 -1.9103 0
      vertex 8.64736 -1.38692 0
      vertex 8.81214 -1.23218 0
    endloop
  endfacet
  facet normal 0 0 -1
    outer loop
      vertex 12.3707 -1.9103 0
      vertex 8.46449 -1.51979 0
      vertex 8.64736 -1.38692 0
    endloop
  endfacet
  facet normal 0 0 -1
    outer loop
      vertex 12.6309 -2.22478 0
      vertex 8.2664 -1.62869 0
      vertex 8.46449 -1.51979 0
    endloop
  endfacet
  facet normal 0 0 -1
    outer loop
      vertex 1.0043 -3.09093 0
      vertex 13.9957 -3.09093 0
      vertex 14.391 -3.19243 0
    endloop
  endfacet
  facet normal 0 0 -1
    outer loop
      vertex 12.9284 -2.50417 0
      vertex 8.05623 -1.7119 0
      vertex 8.2664 -1.62869 0
    endloop
  endfacet
  facet normal 0 0 -1
    outer loop
      vertex 13.2586 -2.74407 0
      vertex 7.83729 -1.76812 0
      vertex 8.05623 -1.7119 0
    endloop
  endfacet
  facet normal 0 0 -1
    outer loop
      vertex 13.6162 -2.94069 0
      vertex 7.61302 -1.79645 0
      vertex 7.83729 -1.76812 0
    endloop
  endfacet
  facet normal 0 0 -1
    outer loop
      vertex 13.9957 -3.09093 0
      vertex 7.38698 -1.79645 0
      vertex 7.61302 -1.79645 0
    endloop
  endfacet
  facet normal 0 0 -1
    outer loop
      vertex 13.9957 -3.09093 0
      vertex 1.38378 -2.94069 0
      vertex 7.38698 -1.79645 0
    endloop
  endfacet
  facet normal 0 0 -1
    outer loop
      vertex 5.71419 -0.225599 0
      vertex 3.25 0 0
      vertex 5.7 0 0
    endloop
  endfacet
  facet normal 0 0 -1
    outer loop
      vertex 3.22437 -0.407332 0
      vertex 5.71419 -0.225599 0
      vertex 5.75655 -0.447641 0
    endloop
  endfacet
  facet normal 0 0 -1
    outer loop
      vertex 3.14789 -0.808242 0
      vertex 5.75655 -0.447641 0
      vertex 5.8264 -0.662623 0
    endloop
  endfacet
  facet normal 0 0 -1
    outer loop
      vertex 3.14789 -0.808242 0
      vertex 5.8264 -0.662623 0
      vertex 5.92265 -0.867156 0
    endloop
  endfacet
  facet normal 0 0 -1
    outer loop
      vertex 3.02177 -1.1964 0
      vertex 5.92265 -0.867156 0
      vertex 6.04377 -1.05801 0
    endloop
  endfacet
  facet normal 0 0 -1
    outer loop
      vertex 2.848 -1.5657 0
      vertex 6.04377 -1.05801 0
      vertex 6.18786 -1.23218 0
    endloop
  endfacet
  facet normal 0 0 -1
    outer loop
      vertex 2.6293 -1.9103 0
      vertex 6.18786 -1.23218 0
      vertex 6.35264 -1.38692 0
    endloop
  endfacet
  facet normal 0 0 -1
    outer loop
      vertex 2.6293 -1.9103 0
      vertex 6.35264 -1.38692 0
      vertex 6.53551 -1.51979 0
    endloop
  endfacet
  facet normal 0 0 -1
    outer loop
      vertex 2.36915 -2.22478 0
      vertex 6.53551 -1.51979 0
      vertex 6.7336 -1.62869 0
    endloop
  endfacet
  facet normal -0 0 -1
    outer loop
      vertex 5.71419 -0.225599 0
      vertex 3.22437 -0.407332 0
      vertex 3.25 0 0
    endloop
  endfacet
  facet normal 0 0 -1
    outer loop
      vertex 2.07163 -2.50417 0
      vertex 6.7336 -1.62869 0
      vertex 6.94377 -1.7119 0
    endloop
  endfacet
  facet normal -0 0 -1
    outer loop
      vertex 5.75655 -0.447641 0
      vertex 3.14789 -0.808242 0
      vertex 3.22437 -0.407332 0
    endloop
  endfacet
  facet normal 0 0 -1
    outer loop
      vertex 1.74144 -2.74407 0
      vertex 6.94377 -1.7119 0
      vertex 7.16271 -1.76812 0
    endloop
  endfacet
  facet normal -0 0 -1
    outer loop
      vertex 5.92265 -0.867156 0
      vertex 3.02177 -1.1964 0
      vertex 3.14789 -0.808242 0
    endloop
  endfacet
  facet normal -0 0 -1
    outer loop
      vertex 7.38698 -1.79645 0
      vertex 1.38378 -2.94069 0
      vertex 7.16271 -1.76812 0
    endloop
  endfacet
  facet normal 0 0 -1
    outer loop
      vertex 6.04377 -1.05801 0
      vertex 2.848 -1.5657 0
      vertex 3.02177 -1.1964 0
    endloop
  endfacet
  facet normal 0 0 -1
    outer loop
      vertex 6.18786 -1.23218 0
      vertex 2.6293 -1.9103 0
      vertex 2.848 -1.5657 0
    endloop
  endfacet
  facet normal 0 0 -1
    outer loop
      vertex 0.608989 -3.19243 0
      vertex 14.391 -3.19243 0
      vertex 14.7959 -3.24359 0
    endloop
  endfacet
  facet normal 0 0 -1
    outer loop
      vertex 0.204069 -3.24359 0
      vertex 14.7959 -3.24359 0
      vertex 47.314 -6.99013 0
    endloop
  endfacet
  facet normal 0 0 -1
    outer loop
      vertex 6.53551 -1.51979 0
      vertex 2.36915 -2.22478 0
      vertex 2.6293 -1.9103 0
    endloop
  endfacet
  facet normal 0 0 -1
    outer loop
      vertex 6.7336 -1.62869 0
      vertex 2.07163 -2.50417 0
      vertex 2.36915 -2.22478 0
    endloop
  endfacet
  facet normal 0 0 -1
    outer loop
      vertex 6.94377 -1.7119 0
      vertex 1.74144 -2.74407 0
      vertex 2.07163 -2.50417 0
    endloop
  endfacet
  facet normal 0 0 -1
    outer loop
      vertex 7.16271 -1.76812 0
      vertex 1.38378 -2.94069 0
      vertex 1.74144 -2.74407 0
    endloop
  endfacet
  facet normal 0 0 -1
    outer loop
      vertex 13.9957 -3.09093 0
      vertex 1.0043 -3.09093 0
      vertex 1.38378 -2.94069 0
    endloop
  endfacet
  facet normal 0 0 -1
    outer loop
      vertex 14.391 -3.19243 0
      vertex 0.608989 -3.19243 0
      vertex 1.0043 -3.09093 0
    endloop
  endfacet
  facet normal 0 0 -1
    outer loop
      vertex 14.7959 -3.24359 0
      vertex 0.204069 -3.24359 0
      vertex 0.608989 -3.19243 0
    endloop
  endfacet
  facet normal 0 0 -1
    outer loop
      vertex 47.314 -6.99013 0
      vertex -0.204069 -3.24359 0
      vertex 0.204069 -3.24359 0
    endloop
  endfacet
  facet normal 0 0 -1
    outer loop
      vertex -3.14789 0.808242 0
      vertex -5.92265 0.867156 0
      vertex -3.02177 1.1964 0
    endloop
  endfacet
  facet normal 0 0 -1
    outer loop
      vertex -5.71419 -0.225599 0
      vertex -3.25 0 0
      vertex -3.22437 -0.407332 0
    endloop
  endfacet
  facet normal 0 0 -1
    outer loop
      vertex -5.75655 -0.447641 0
      vertex -3.22437 -0.407332 0
      vertex -3.14789 -0.808242 0
    endloop
  endfacet
  facet normal 0 0 -1
    outer loop
      vertex -5.92265 -0.867156 0
      vertex -3.14789 -0.808242 0
      vertex -3.02177 -1.1964 0
    endloop
  endfacet
  facet normal 0 0 -1
    outer loop
      vertex -6.04377 -1.05801 0
      vertex -3.02177 -1.1964 0
      vertex -2.848 -1.5657 0
    endloop
  endfacet
  facet normal 0 0 -1
    outer loop
      vertex -6.18786 -1.23218 0
      vertex -2.848 -1.5657 0
      vertex -2.6293 -1.9103 0
    endloop
  endfacet
  facet normal 0 0 -1
    outer loop
      vertex -6.53551 -1.51979 0
      vertex -2.6293 -1.9103 0
      vertex -2.36915 -2.22478 0
    endloop
  endfacet
  facet normal 0 0 -1
    outer loop
      vertex -6.7336 -1.62869 0
      vertex -2.36915 -2.22478 0
      vertex -2.07163 -2.50417 0
    endloop
  endfacet
  facet normal 0 0 -1
    outer loop
      vertex -6.94377 -1.7119 0
      vertex -2.07163 -2.50417 0
      vertex -1.74144 -2.74407 0
    endloop
  endfacet
  facet normal -0 0 -1
    outer loop
      vertex -3.25 0 0
      vertex -5.71419 -0.225599 0
      vertex -5.7 0 0
    endloop
  endfacet
  facet normal -0 0 -1
    outer loop
      vertex -3.22437 -0.407332 0
      vertex -5.75655 -0.447641 0
      vertex -5.71419 -0.225599 0
    endloop
  endfacet
  facet normal 0 0 -1
    outer loop
      vertex -3.14789 -0.808242 0
      vertex -5.8264 -0.662623 0
      vertex -5.75655 -0.447641 0
    endloop
  endfacet
  facet normal 0 0 -1
    outer loop
      vertex -7.16271 -1.76812 0
      vertex -1.74144 -2.74407 0
      vertex -1.38378 -2.94069 0
    endloop
  endfacet
  facet normal -0 0 -1
    outer loop
      vertex -3.14789 -0.808242 0
      vertex -5.92265 -0.867156 0
      vertex -5.8264 -0.662623 0
    endloop
  endfacet
  facet normal 0 0 -1
    outer loop
      vertex -3.02177 -1.1964 0
      vertex -6.04377 -1.05801 0
      vertex -5.92265 -0.867156 0
    endloop
  endfacet
  facet normal 0 0 -1
    outer loop
      vertex -2.848 -1.5657 0
      vertex -6.18786 -1.23218 0
      vertex -6.04377 -1.05801 0
    endloop
  endfacet
  facet normal 0 0 -1
    outer loop
      vertex -7.38698 -1.79645 0
      vertex -1.38378 -2.94069 0
      vertex -1.0043 -3.09093 0
    endloop
  endfacet
  facet normal 0 0 -1
    outer loop
      vertex -2.6293 -1.9103 0
      vertex -6.35264 -1.38692 0
      vertex -6.18786 -1.23218 0
    endloop
  endfacet
  facet normal 0 0 -1
    outer loop
      vertex -2.6293 -1.9103 0
      vertex -6.53551 -1.51979 0
      vertex -6.35264 -1.38692 0
    endloop
  endfacet
  facet normal 0 0 -1
    outer loop
      vertex -2.36915 -2.22478 0
      vertex -6.7336 -1.62869 0
      vertex -6.53551 -1.51979 0
    endloop
  endfacet
  facet normal 0 0 -1
    outer loop
      vertex -13.9957 -3.09093 0
      vertex -1.0043 -3.09093 0
      vertex -0.608989 -3.19243 0
    endloop
  endfacet
  facet normal 0 0 -1
    outer loop
      vertex -2.07163 -2.50417 0
      vertex -6.94377 -1.7119 0
      vertex -6.7336 -1.62869 0
    endloop
  endfacet
  facet normal 0 0 -1
    outer loop
      vertex -1.74144 -2.74407 0
      vertex -7.16271 -1.76812 0
      vertex -6.94377 -1.7119 0
    endloop
  endfacet
  facet normal 0 0 -1
    outer loop
      vertex -1.38378 -2.94069 0
      vertex -7.38698 -1.79645 0
      vertex -7.16271 -1.76812 0
    endloop
  endfacet
  facet normal 0 0 -1
    outer loop
      vertex -1.0043 -3.09093 0
      vertex -7.61302 -1.79645 0
      vertex -7.38698 -1.79645 0
    endloop
  endfacet
  facet normal 0 0 -1
    outer loop
      vertex -1.0043 -3.09093 0
      vertex -13.6162 -2.94069 0
      vertex -7.61302 -1.79645 0
    endloop
  endfacet
  facet normal 0 0 -1
    outer loop
      vertex -11.75 0 0
      vertex -9.3 0 0
      vertex -9.28581 -0.225599 0
    endloop
  endfacet
  facet normal 0 0 -1
    outer loop
      vertex -9.3 0 0
      vertex -11.7756 0.407332 0
      vertex -11.8521 0.808242 0
    endloop
  endfacet
  facet normal 0 0 -1
    outer loop
      vertex -9.3 0 0
      vertex -11.75 0 0
      vertex -11.7756 0.407332 0
    endloop
  endfacet
  facet normal 0 0 -1
    outer loop
      vertex -11.7756 -0.407332 0
      vertex -9.28581 -0.225599 0
      vertex -9.24345 -0.447641 0
    endloop
  endfacet
  facet normal 0 0 -1
    outer loop
      vertex -11.8521 -0.808242 0
      vertex -9.24345 -0.447641 0
      vertex -9.1736 -0.662623 0
    endloop
  endfacet
  facet normal 0 0 -1
    outer loop
      vertex -11.8521 -0.808242 0
      vertex -9.1736 -0.662623 0
      vertex -9.07735 -0.867156 0
    endloop
  endfacet
  facet normal 0 0 -1
    outer loop
      vertex -11.9782 -1.1964 0
      vertex -9.07735 -0.867156 0
      vertex -8.95623 -1.05801 0
    endloop
  endfacet
  facet normal 0 0 -1
    outer loop
      vertex -12.152 -1.5657 0
      vertex -8.95623 -1.05801 0
      vertex -8.81214 -1.23218 0
    endloop
  endfacet
  facet normal 0 0 -1
    outer loop
      vertex -12.3707 -1.9103 0
      vertex -8.81214 -1.23218 0
      vertex -8.64736 -1.38692 0
    endloop
  endfacet
  facet normal 0 0 -1
    outer loop
      vertex -12.3707 -1.9103 0
      vertex -8.64736 -1.38692 0
      vertex -8.46449 -1.51979 0
    endloop
  endfacet
  facet normal 0 0 -1
    outer loop
      vertex -12.6309 -2.22478 0
      vertex -8.46449 -1.51979 0
      vertex -8.2664 -1.62869 0
    endloop
  endfacet
  facet normal -0 0 -1
    outer loop
      vertex -9.28581 -0.225599 0
      vertex -11.7756 -0.407332 0
      vertex -11.75 0 0
    endloop
  endfacet
  facet normal 0 0 -1
    outer loop
      vertex -12.9284 -2.50417 0
      vertex -8.2664 -1.62869 0
      vertex -8.05623 -1.7119 0
    endloop
  endfacet
  facet normal -0 0 -1
    outer loop
      vertex -9.24345 -0.447641 0
      vertex -11.8521 -0.808242 0
      vertex -11.7756 -0.407332 0
    endloop
  endfacet
  facet normal 0 0 -1
    outer loop
      vertex -13.2586 -2.74407 0
      vertex -8.05623 -1.7119 0
      vertex -7.83729 -1.76812 0
    endloop
  endfacet
  facet normal -0 0 -1
    outer loop
      vertex -9.07735 -0.867156 0
      vertex -11.9782 -1.1964 0
      vertex -11.8521 -0.808242 0
    endloop
  endfacet
  facet normal -0 0 -1
    outer loop
      vertex -7.61302 -1.79645 0
      vertex -13.6162 -2.94069 0
      vertex -7.83729 -1.76812 0
    endloop
  endfacet
  facet normal 0 0 -1
    outer loop
      vertex -8.95623 -1.05801 0
      vertex -12.152 -1.5657 0
      vertex -11.9782 -1.1964 0
    endloop
  endfacet
  facet normal 0 0 -1
    outer loop
      vertex -8.81214 -1.23218 0
      vertex -12.3707 -1.9103 0
      vertex -12.152 -1.5657 0
    endloop
  endfacet
  facet normal 0 0 -1
    outer loop
      vertex -14.391 -3.19243 0
      vertex -0.608989 -3.19243 0
      vertex -0.204069 -3.24359 0
    endloop
  endfacet
  facet normal 0 0 -1
    outer loop
      vertex -8.46449 -1.51979 0
      vertex -12.6309 -2.22478 0
      vertex -12.3707 -1.9103 0
    endloop
  endfacet
  facet normal 0 0 -1
    outer loop
      vertex -8.2664 -1.62869 0
      vertex -12.9284 -2.50417 0
      vertex -12.6309 -2.22478 0
    endloop
  endfacet
  facet normal 0 0 -1
    outer loop
      vertex -47.314 -6.99013 0
      vertex -0.204069 -3.24359 0
      vertex 47.314 -6.99013 0
    endloop
  endfacet
  facet normal 0 0 -1
    outer loop
      vertex -8.05623 -1.7119 0
      vertex -13.2586 -2.74407 0
      vertex -12.9284 -2.50417 0
    endloop
  endfacet
  facet normal 0 0 -1
    outer loop
      vertex -7.83729 -1.76812 0
      vertex -13.6162 -2.94069 0
      vertex -13.2586 -2.74407 0
    endloop
  endfacet
  facet normal 0 0 -1
    outer loop
      vertex -1.0043 -3.09093 0
      vertex -13.9957 -3.09093 0
      vertex -13.6162 -2.94069 0
    endloop
  endfacet
  facet normal 0 0 -1
    outer loop
      vertex -0.608989 -3.19243 0
      vertex -14.391 -3.19243 0
      vertex -13.9957 -3.09093 0
    endloop
  endfacet
  facet normal 0 0 -1
    outer loop
      vertex -0.204069 -3.24359 0
      vertex -14.7959 -3.24359 0
      vertex -14.391 -3.19243 0
    endloop
  endfacet
  facet normal -0 0 -1
    outer loop
      vertex -0.204069 -3.24359 0
      vertex -47.314 -6.99013 0
      vertex -14.7959 -3.24359 0
    endloop
  endfacet
  facet normal 0 0 -1
    outer loop
      vertex -20.7142 -0.225599 0
      vertex -18.25 0 0
      vertex -18.2244 -0.407332 0
    endloop
  endfacet
  facet normal 0 0 -1
    outer loop
      vertex -20.7565 -0.447641 0
      vertex -18.2244 -0.407332 0
      vertex -18.1479 -0.808242 0
    endloop
  endfacet
  facet normal 0 0 -1
    outer loop
      vertex -20.9226 -0.867156 0
      vertex -18.1479 -0.808242 0
      vertex -18.0218 -1.1964 0
    endloop
  endfacet
  facet normal 0 0 -1
    outer loop
      vertex -21.0438 -1.05801 0
      vertex -18.0218 -1.1964 0
      vertex -17.848 -1.5657 0
    endloop
  endfacet
  facet normal 0 0 -1
    outer loop
      vertex -21.1879 -1.23218 0
      vertex -17.848 -1.5657 0
      vertex -17.6293 -1.9103 0
    endloop
  endfacet
  facet normal 0 0 -1
    outer loop
      vertex -21.5355 -1.51979 0
      vertex -17.6293 -1.9103 0
      vertex -17.3691 -2.22478 0
    endloop
  endfacet
  facet normal 0 0 -1
    outer loop
      vertex -21.7336 -1.62869 0
      vertex -17.3691 -2.22478 0
      vertex -17.0716 -2.50417 0
    endloop
  endfacet
  facet normal 0 0 -1
    outer loop
      vertex -21.9438 -1.7119 0
      vertex -17.0716 -2.50417 0
      vertex -16.7414 -2.74407 0
    endloop
  endfacet
  facet normal -0 0 -1
    outer loop
      vertex -18.25 0 0
      vertex -20.7142 -0.225599 0
      vertex -20.7 0 0
    endloop
  endfacet
  facet normal -0 0 -1
    outer loop
      vertex -18.2244 -0.407332 0
      vertex -20.7565 -0.447641 0
      vertex -20.7142 -0.225599 0
    endloop
  endfacet
  facet normal 0 0 -1
    outer loop
      vertex -18.1479 -0.808242 0
      vertex -20.8264 -0.662623 0
      vertex -20.7565 -0.447641 0
    endloop
  endfacet
  facet normal 0 0 -1
    outer loop
      vertex -22.1627 -1.76812 0
      vertex -16.7414 -2.74407 0
      vertex -16.3838 -2.94069 0
    endloop
  endfacet
  facet normal -0 0 -1
    outer loop
      vertex -18.1479 -0.808242 0
      vertex -20.9226 -0.867156 0
      vertex -20.8264 -0.662623 0
    endloop
  endfacet
  facet normal 0 0 -1
    outer loop
      vertex -18.0218 -1.1964 0
      vertex -21.0438 -1.05801 0
      vertex -20.9226 -0.867156 0
    endloop
  endfacet
  facet normal 0 0 -1
    outer loop
      vertex -17.848 -1.5657 0
      vertex -21.1879 -1.23218 0
      vertex -21.0438 -1.05801 0
    endloop
  endfacet
  facet normal 0 0 -1
    outer loop
      vertex -22.387 -1.79645 0
      vertex -16.3838 -2.94069 0
      vertex -16.0043 -3.09093 0
    endloop
  endfacet
  facet normal 0 0 -1
    outer loop
      vertex -17.6293 -1.9103 0
      vertex -21.3526 -1.38692 0
      vertex -21.1879 -1.23218 0
    endloop
  endfacet
  facet normal 0 0 -1
    outer loop
      vertex -17.6293 -1.9103 0
      vertex -21.5355 -1.51979 0
      vertex -21.3526 -1.38692 0
    endloop
  endfacet
  facet normal 0 0 -1
    outer loop
      vertex -17.3691 -2.22478 0
      vertex -21.7336 -1.62869 0
      vertex -21.5355 -1.51979 0
    endloop
  endfacet
  facet normal 0 0 -1
    outer loop
      vertex -28.9957 -3.09093 0
      vertex -16.0043 -3.09093 0
      vertex -15.609 -3.19243 0
    endloop
  endfacet
  facet normal 0 0 -1
    outer loop
      vertex -17.0716 -2.50417 0
      vertex -21.9438 -1.7119 0
      vertex -21.7336 -1.62869 0
    endloop
  endfacet
  facet normal 0 0 -1
    outer loop
      vertex -16.7414 -2.74407 0
      vertex -22.1627 -1.76812 0
      vertex -21.9438 -1.7119 0
    endloop
  endfacet
  facet normal 0 0 -1
    outer loop
      vertex -16.3838 -2.94069 0
      vertex -22.387 -1.79645 0
      vertex -22.1627 -1.76812 0
    endloop
  endfacet
  facet normal 0 0 -1
    outer loop
      vertex -16.0043 -3.09093 0
      vertex -22.613 -1.79645 0
      vertex -22.387 -1.79645 0
    endloop
  endfacet
  facet normal 0 0 -1
    outer loop
      vertex -16.0043 -3.09093 0
      vertex -28.6162 -2.94069 0
      vertex -22.613 -1.79645 0
    endloop
  endfacet
  facet normal 0 0 -1
    outer loop
      vertex -24.2858 -0.225599 0
      vertex -26.75 0 0
      vertex -24.3 0 0
    endloop
  endfacet
  facet normal 0 0 -1
    outer loop
      vertex -26.7756 -0.407332 0
      vertex -24.2858 -0.225599 0
      vertex -24.2435 -0.447641 0
    endloop
  endfacet
  facet normal 0 0 -1
    outer loop
      vertex -26.8521 -0.808242 0
      vertex -24.2435 -0.447641 0
      vertex -24.1736 -0.662623 0
    endloop
  endfacet
  facet normal 0 0 -1
    outer loop
      vertex -26.8521 -0.808242 0
      vertex -24.1736 -0.662623 0
      vertex -24.0774 -0.867156 0
    endloop
  endfacet
  facet normal 0 0 -1
    outer loop
      vertex -26.9782 -1.1964 0
      vertex -24.0774 -0.867156 0
      vertex -23.9562 -1.05801 0
    endloop
  endfacet
  facet normal 0 0 -1
    outer loop
      vertex -27.152 -1.5657 0
      vertex -23.9562 -1.05801 0
      vertex -23.8121 -1.23218 0
    endloop
  endfacet
  facet normal 0 0 -1
    outer loop
      vertex -27.3707 -1.9103 0
      vertex -23.8121 -1.23218 0
      vertex -23.6474 -1.38692 0
    endloop
  endfacet
  facet normal 0 0 -1
    outer loop
      vertex -27.3707 -1.9103 0
      vertex -23.6474 -1.38692 0
      vertex -23.4645 -1.51979 0
    endloop
  endfacet
  facet normal 0 0 -1
    outer loop
      vertex -27.6309 -2.22478 0
      vertex -23.4645 -1.51979 0
      vertex -23.2664 -1.62869 0
    endloop
  endfacet
  facet normal -0 0 -1
    outer loop
      vertex -24.2858 -0.225599 0
      vertex -26.7756 -0.407332 0
      vertex -26.75 0 0
    endloop
  endfacet
  facet normal 0 0 -1
    outer loop
      vertex -27.9284 -2.50417 0
      vertex -23.2664 -1.62869 0
      vertex -23.0562 -1.7119 0
    endloop
  endfacet
  facet normal -0 0 -1
    outer loop
      vertex -24.2435 -0.447641 0
      vertex -26.8521 -0.808242 0
      vertex -26.7756 -0.407332 0
    endloop
  endfacet
  facet normal 0 0 -1
    outer loop
      vertex -28.2586 -2.74407 0
      vertex -23.0562 -1.7119 0
      vertex -22.8373 -1.76812 0
    endloop
  endfacet
  facet normal -0 0 -1
    outer loop
      vertex -24.0774 -0.867156 0
      vertex -26.9782 -1.1964 0
      vertex -26.8521 -0.808242 0
    endloop
  endfacet
  facet normal -0 0 -1
    outer loop
      vertex -22.613 -1.79645 0
      vertex -28.6162 -2.94069 0
      vertex -22.8373 -1.76812 0
    endloop
  endfacet
  facet normal 0 0 -1
    outer loop
      vertex -23.9562 -1.05801 0
      vertex -27.152 -1.5657 0
      vertex -26.9782 -1.1964 0
    endloop
  endfacet
  facet normal 0 0 -1
    outer loop
      vertex -23.8121 -1.23218 0
      vertex -27.3707 -1.9103 0
      vertex -27.152 -1.5657 0
    endloop
  endfacet
  facet normal 0 0 -1
    outer loop
      vertex -29.391 -3.19243 0
      vertex -15.609 -3.19243 0
      vertex -15.2041 -3.24359 0
    endloop
  endfacet
  facet normal 0 0 -1
    outer loop
      vertex -23.4645 -1.51979 0
      vertex -27.6309 -2.22478 0
      vertex -27.3707 -1.9103 0
    endloop
  endfacet
  facet normal 0 0 -1
    outer loop
      vertex -23.2664 -1.62869 0
      vertex -27.9284 -2.50417 0
      vertex -27.6309 -2.22478 0
    endloop
  endfacet
  facet normal -0 0 -1
    outer loop
      vertex -14.7959 -3.24359 0
      vertex -47.314 -6.99013 0
      vertex -15.2041 -3.24359 0
    endloop
  endfacet
  facet normal 0 0 -1
    outer loop
      vertex -23.0562 -1.7119 0
      vertex -28.2586 -2.74407 0
      vertex -27.9284 -2.50417 0
    endloop
  endfacet
  facet normal 0 0 -1
    outer loop
      vertex -22.8373 -1.76812 0
      vertex -28.6162 -2.94069 0
      vertex -28.2586 -2.74407 0
    endloop
  endfacet
  facet normal 0 0 -1
    outer loop
      vertex -16.0043 -3.09093 0
      vertex -28.9957 -3.09093 0
      vertex -28.6162 -2.94069 0
    endloop
  endfacet
  facet normal 0 0 -1
    outer loop
      vertex -15.609 -3.19243 0
      vertex -29.391 -3.19243 0
      vertex -28.9957 -3.09093 0
    endloop
  endfacet
  facet normal 0 -0 -1
    outer loop
      vertex -29.7959 -3.24359 0
      vertex -15.2041 -3.24359 0
      vertex -47.314 -6.99013 0
    endloop
  endfacet
  facet normal 0 0 -1
    outer loop
      vertex -15.2041 -3.24359 0
      vertex -29.7959 -3.24359 0
      vertex -29.391 -3.19243 0
    endloop
  endfacet
  facet normal 0 0 -1
    outer loop
      vertex -35.7142 -0.225599 0
      vertex -33.25 0 0
      vertex -33.2244 -0.407332 0
    endloop
  endfacet
  facet normal 0 0 -1
    outer loop
      vertex -35.7565 -0.447641 0
      vertex -33.2244 -0.407332 0
      vertex -33.1479 -0.808242 0
    endloop
  endfacet
  facet normal 0 0 -1
    outer loop
      vertex -35.9226 -0.867156 0
      vertex -33.1479 -0.808242 0
      vertex -33.0218 -1.1964 0
    endloop
  endfacet
  facet normal 0 0 -1
    outer loop
      vertex -36.0438 -1.05801 0
      vertex -33.0218 -1.1964 0
      vertex -32.848 -1.5657 0
    endloop
  endfacet
  facet normal 0 0 -1
    outer loop
      vertex -36.1879 -1.23218 0
      vertex -32.848 -1.5657 0
      vertex -32.6293 -1.9103 0
    endloop
  endfacet
  facet normal 0 0 -1
    outer loop
      vertex -36.5355 -1.51979 0
      vertex -32.6293 -1.9103 0
      vertex -32.3691 -2.22478 0
    endloop
  endfacet
  facet normal 0 0 -1
    outer loop
      vertex -36.7336 -1.62869 0
      vertex -32.3691 -2.22478 0
      vertex -32.0716 -2.50417 0
    endloop
  endfacet
  facet normal 0 0 -1
    outer loop
      vertex -36.9438 -1.7119 0
      vertex -32.0716 -2.50417 0
      vertex -31.7414 -2.74407 0
    endloop
  endfacet
  facet normal -0 0 -1
    outer loop
      vertex -33.25 0 0
      vertex -35.7142 -0.225599 0
      vertex -35.7 0 0
    endloop
  endfacet
  facet normal -0 0 -1
    outer loop
      vertex -33.2244 -0.407332 0
      vertex -35.7565 -0.447641 0
      vertex -35.7142 -0.225599 0
    endloop
  endfacet
  facet normal 0 0 -1
    outer loop
      vertex -33.1479 -0.808242 0
      vertex -35.8264 -0.662623 0
      vertex -35.7565 -0.447641 0
    endloop
  endfacet
  facet normal 0 0 -1
    outer loop
      vertex -37.1627 -1.76812 0
      vertex -31.7414 -2.74407 0
      vertex -31.3838 -2.94069 0
    endloop
  endfacet
  facet normal -0 0 -1
    outer loop
      vertex -33.1479 -0.808242 0
      vertex -35.9226 -0.867156 0
      vertex -35.8264 -0.662623 0
    endloop
  endfacet
  facet normal 0 0 -1
    outer loop
      vertex -33.0218 -1.1964 0
      vertex -36.0438 -1.05801 0
      vertex -35.9226 -0.867156 0
    endloop
  endfacet
  facet normal 0 0 -1
    outer loop
      vertex -32.848 -1.5657 0
      vertex -36.1879 -1.23218 0
      vertex -36.0438 -1.05801 0
    endloop
  endfacet
  facet normal 0 0 -1
    outer loop
      vertex -47.314 -6.99013 0
      vertex -31.3838 -2.94069 0
      vertex -31.0043 -3.09093 0
    endloop
  endfacet
  facet normal 0 0 -1
    outer loop
      vertex -32.6293 -1.9103 0
      vertex -36.3526 -1.38692 0
      vertex -36.1879 -1.23218 0
    endloop
  endfacet
  facet normal 0 0 -1
    outer loop
      vertex -32.6293 -1.9103 0
      vertex -36.5355 -1.51979 0
      vertex -36.3526 -1.38692 0
    endloop
  endfacet
  facet normal 0 0 -1
    outer loop
      vertex -32.3691 -2.22478 0
      vertex -36.7336 -1.62869 0
      vertex -36.5355 -1.51979 0
    endloop
  endfacet
  facet normal 0 0 -1
    outer loop
      vertex -47.314 -6.99013 0
      vertex -31.0043 -3.09093 0
      vertex -30.609 -3.19243 0
    endloop
  endfacet
  facet normal 0 0 -1
    outer loop
      vertex -32.0716 -2.50417 0
      vertex -36.9438 -1.7119 0
      vertex -36.7336 -1.62869 0
    endloop
  endfacet
  facet normal 0 0 -1
    outer loop
      vertex -31.7414 -2.74407 0
      vertex -37.1627 -1.76812 0
      vertex -36.9438 -1.7119 0
    endloop
  endfacet
  facet normal 0 0 -1
    outer loop
      vertex -31.3838 -2.94069 0
      vertex -37.387 -1.79645 0
      vertex -37.1627 -1.76812 0
    endloop
  endfacet
  facet normal -0 0 -1
    outer loop
      vertex -31.3838 -2.94069 0
      vertex -47.314 -6.99013 0
      vertex -37.387 -1.79645 0
    endloop
  endfacet
  facet normal -0 0 -1
    outer loop
      vertex -37.387 -1.79645 0
      vertex -47.314 -6.99013 0
      vertex -37.613 -1.79645 0
    endloop
  endfacet
  facet normal 0 0 -1
    outer loop
      vertex -39.2858 -0.225599 0
      vertex -41.75 0 0
      vertex -39.3 0 0
    endloop
  endfacet
  facet normal 0 0 -1
    outer loop
      vertex -41.7756 -0.407332 0
      vertex -39.2858 -0.225599 0
      vertex -39.2435 -0.447641 0
    endloop
  endfacet
  facet normal 0 0 -1
    outer loop
      vertex -41.8521 -0.808242 0
      vertex -39.2435 -0.447641 0
      vertex -39.1736 -0.662623 0
    endloop
  endfacet
  facet normal 0 0 -1
    outer loop
      vertex -41.8521 -0.808242 0
      vertex -39.1736 -0.662623 0
      vertex -39.0774 -0.867156 0
    endloop
  endfacet
  facet normal 0 0 -1
    outer loop
      vertex -41.9782 -1.1964 0
      vertex -39.0774 -0.867156 0
      vertex -38.9562 -1.05801 0
    endloop
  endfacet
  facet normal 0 0 -1
    outer loop
      vertex -42.152 -1.5657 0
      vertex -38.9562 -1.05801 0
      vertex -38.8121 -1.23218 0
    endloop
  endfacet
  facet normal 0 0 -1
    outer loop
      vertex -42.3707 -1.9103 0
      vertex -38.8121 -1.23218 0
      vertex -38.6474 -1.38692 0
    endloop
  endfacet
  facet normal 0 0 -1
    outer loop
      vertex -42.3707 -1.9103 0
      vertex -38.6474 -1.38692 0
      vertex -38.4645 -1.51979 0
    endloop
  endfacet
  facet normal 0 0 -1
    outer loop
      vertex -42.6309 -2.22478 0
      vertex -38.4645 -1.51979 0
      vertex -38.2664 -1.62869 0
    endloop
  endfacet
  facet normal -0 0 -1
    outer loop
      vertex -39.2858 -0.225599 0
      vertex -41.7756 -0.407332 0
      vertex -41.75 0 0
    endloop
  endfacet
  facet normal 0 0 -1
    outer loop
      vertex -42.9284 -2.50417 0
      vertex -38.2664 -1.62869 0
      vertex -38.0562 -1.7119 0
    endloop
  endfacet
  facet normal -0 0 -1
    outer loop
      vertex -39.2435 -0.447641 0
      vertex -41.8521 -0.808242 0
      vertex -41.7756 -0.407332 0
    endloop
  endfacet
  facet normal 0 0 -1
    outer loop
      vertex -43.2586 -2.74407 0
      vertex -38.0562 -1.7119 0
      vertex -37.8373 -1.76812 0
    endloop
  endfacet
  facet normal -0 0 -1
    outer loop
      vertex -39.0774 -0.867156 0
      vertex -41.9782 -1.1964 0
      vertex -41.8521 -0.808242 0
    endloop
  endfacet
  facet normal -0 0 -1
    outer loop
      vertex -37.613 -1.79645 0
      vertex -47.314 -6.99013 0
      vertex -37.8373 -1.76812 0
    endloop
  endfacet
  facet normal 0 0 -1
    outer loop
      vertex -38.9562 -1.05801 0
      vertex -42.152 -1.5657 0
      vertex -41.9782 -1.1964 0
    endloop
  endfacet
  facet normal 0 0 -1
    outer loop
      vertex -38.8121 -1.23218 0
      vertex -42.3707 -1.9103 0
      vertex -42.152 -1.5657 0
    endloop
  endfacet
  facet normal 0 0 -1
    outer loop
      vertex -47.314 -6.99013 0
      vertex -30.609 -3.19243 0
      vertex -30.2041 -3.24359 0
    endloop
  endfacet
  facet normal 0 0 -1
    outer loop
      vertex -38.4645 -1.51979 0
      vertex -42.6309 -2.22478 0
      vertex -42.3707 -1.9103 0
    endloop
  endfacet
  facet normal 0 0 -1
    outer loop
      vertex -38.2664 -1.62869 0
      vertex -42.9284 -2.50417 0
      vertex -42.6309 -2.22478 0
    endloop
  endfacet
  facet normal 0 0 -1
    outer loop
      vertex -38.0562 -1.7119 0
      vertex -43.2586 -2.74407 0
      vertex -42.9284 -2.50417 0
    endloop
  endfacet
  facet normal -0 0 -1
    outer loop
      vertex -29.7959 -3.24359 0
      vertex -47.314 -6.99013 0
      vertex -30.2041 -3.24359 0
    endloop
  endfacet
  facet normal 0 0 -1
    outer loop
      vertex -37.8373 -1.76812 0
      vertex -47.314 -6.99013 0
      vertex -43.2586 -2.74407 0
    endloop
  endfacet
  facet normal 0 0 -1
    outer loop
      vertex -43.2586 -2.74407 0
      vertex -47.314 -6.99013 0
      vertex -43.6162 -2.94069 0
    endloop
  endfacet
  facet normal 0 0 -1
    outer loop
      vertex -43.6162 -2.94069 0
      vertex -47.314 -6.99013 0
      vertex -43.9957 -3.09093 0
    endloop
  endfacet
  facet normal 0 0 -1
    outer loop
      vertex -43.9957 -3.09093 0
      vertex -47.314 -6.99013 0
      vertex -44.391 -3.19243 0
    endloop
  endfacet
  facet normal 0 0 -1
    outer loop
      vertex -44.391 -3.19243 0
      vertex -47.314 -6.99013 0
      vertex -44.7959 -3.24359 0
    endloop
  endfacet
  facet normal -0 0 -1
    outer loop
      vertex -44.7959 -3.24359 0
      vertex -47.314 -6.99013 0
      vertex -45.2041 -3.24359 0
    endloop
  endfacet
  facet normal 0 0 -1
    outer loop
      vertex -47.314 -6.99013 0
      vertex -45.609 -3.19243 0
      vertex -45.2041 -3.24359 0
    endloop
  endfacet
  facet normal 0 0 -1
    outer loop
      vertex -47.314 -6.99013 0
      vertex -46.0043 -3.09093 0
      vertex -45.609 -3.19243 0
    endloop
  endfacet
  facet normal 0 0 -1
    outer loop
      vertex -47.314 -6.99013 0
      vertex -46.3838 -2.94069 0
      vertex -46.0043 -3.09093 0
    endloop
  endfacet
  facet normal 0 0 -1
    outer loop
      vertex -47.9369 -6.91144 0
      vertex -46.3838 -2.94069 0
      vertex -47.314 -6.99013 0
    endloop
  endfacet
  facet normal -0 0 -1
    outer loop
      vertex -46.3838 -2.94069 0
      vertex -47.9369 -6.91144 0
      vertex -46.7414 -2.74407 0
    endloop
  endfacet
  facet normal 0 0 -1
    outer loop
      vertex -48.5451 -6.75528 0
      vertex -46.7414 -2.74407 0
      vertex -47.9369 -6.91144 0
    endloop
  endfacet
  facet normal 0 0 -1
    outer loop
      vertex -49.1289 -6.52413 0
      vertex -46.7414 -2.74407 0
      vertex -48.5451 -6.75528 0
    endloop
  endfacet
  facet normal -0 0 -1
    outer loop
      vertex -46.7414 -2.74407 0
      vertex -49.1289 -6.52413 0
      vertex -47.0716 -2.50417 0
    endloop
  endfacet
  facet normal 0 0 -1
    outer loop
      vertex -49.6791 -6.22164 0
      vertex -47.0716 -2.50417 0
      vertex -49.1289 -6.52413 0
    endloop
  endfacet
  facet normal 0 0 -1
    outer loop
      vertex -50.1871 -5.85257 0
      vertex -47.0716 -2.50417 0
      vertex -49.6791 -6.22164 0
    endloop
  endfacet
  facet normal -0 0 -1
    outer loop
      vertex -47.0716 -2.50417 0
      vertex -50.1871 -5.85257 0
      vertex -47.3691 -2.22478 0
    endloop
  endfacet
  facet normal 0 0 -1
    outer loop
      vertex -50.6448 -5.42274 0
      vertex -47.3691 -2.22478 0
      vertex -50.1871 -5.85257 0
    endloop
  endfacet
  facet normal 0 0 -1
    outer loop
      vertex -51.0451 -4.93893 0
      vertex -47.3691 -2.22478 0
      vertex -50.6448 -5.42274 0
    endloop
  endfacet
  facet normal -0 0 -1
    outer loop
      vertex -47.3691 -2.22478 0
      vertex -51.0451 -4.93893 0
      vertex -47.6293 -1.9103 0
    endloop
  endfacet
  facet normal 0 0 -1
    outer loop
      vertex 47.3691 2.22478 0
      vertex 51.0451 4.93893 0
      vertex 47.6293 1.9103 0
    endloop
  endfacet
  facet normal -0 0 -1
    outer loop
      vertex 51.0451 4.93893 0
      vertex 47.3691 2.22478 0
      vertex 50.6448 5.42274 0
    endloop
  endfacet
  facet normal -0 0 -1
    outer loop
      vertex 50.6448 5.42274 0
      vertex 47.3691 2.22478 0
      vertex 50.1871 5.85257 0
    endloop
  endfacet
  facet normal 0 0 -1
    outer loop
      vertex 47.0716 2.50417 0
      vertex 50.1871 5.85257 0
      vertex 47.3691 2.22478 0
    endloop
  endfacet
  facet normal -0 0 -1
    outer loop
      vertex 50.1871 5.85257 0
      vertex 47.0716 2.50417 0
      vertex 49.6791 6.22164 0
    endloop
  endfacet
  facet normal -0 0 -1
    outer loop
      vertex 49.6791 6.22164 0
      vertex 47.0716 2.50417 0
      vertex 49.1289 6.52413 0
    endloop
  endfacet
  facet normal 0 0 -1
    outer loop
      vertex 46.7414 2.74407 0
      vertex 49.1289 6.52413 0
      vertex 47.0716 2.50417 0
    endloop
  endfacet
  facet normal -0 0 -1
    outer loop
      vertex 49.1289 6.52413 0
      vertex 46.7414 2.74407 0
      vertex 48.5451 6.75528 0
    endloop
  endfacet
  facet normal -0 0 -1
    outer loop
      vertex 48.5451 6.75528 0
      vertex 46.7414 2.74407 0
      vertex 47.9369 6.91144 0
    endloop
  endfacet
  facet normal 0 0 -1
    outer loop
      vertex 46.3838 2.94069 0
      vertex 47.9369 6.91144 0
      vertex 46.7414 2.74407 0
    endloop
  endfacet
  facet normal -0 0 -1
    outer loop
      vertex 47.9369 6.91144 0
      vertex 46.3838 2.94069 0
      vertex 47.314 6.99013 0
    endloop
  endfacet
  facet normal 0 0 -1
    outer loop
      vertex 46.0043 3.09093 0
      vertex 47.314 6.99013 0
      vertex 46.3838 2.94069 0
    endloop
  endfacet
  facet normal 0 0 -1
    outer loop
      vertex 45.609 3.19243 0
      vertex 47.314 6.99013 0
      vertex 46.0043 3.09093 0
    endloop
  endfacet
  facet normal 0 0 -1
    outer loop
      vertex 45.2041 3.24359 0
      vertex 47.314 6.99013 0
      vertex 45.609 3.19243 0
    endloop
  endfacet
  facet normal 0 0 -1
    outer loop
      vertex 44.7959 3.24359 0
      vertex 47.314 6.99013 0
      vertex 45.2041 3.24359 0
    endloop
  endfacet
  facet normal 0 0 -1
    outer loop
      vertex 44.391 3.19243 0
      vertex 47.314 6.99013 0
      vertex 44.7959 3.24359 0
    endloop
  endfacet
  facet normal 0 0 -1
    outer loop
      vertex 43.9957 3.09093 0
      vertex 47.314 6.99013 0
      vertex 44.391 3.19243 0
    endloop
  endfacet
  facet normal 0 0 -1
    outer loop
      vertex 43.6162 2.94069 0
      vertex 47.314 6.99013 0
      vertex 43.9957 3.09093 0
    endloop
  endfacet
  facet normal 0 0 -1
    outer loop
      vertex 43.2586 2.74407 0
      vertex 47.314 6.99013 0
      vertex 43.6162 2.94069 0
    endloop
  endfacet
  facet normal 0 0 -1
    outer loop
      vertex 38.0562 1.7119 0
      vertex 43.2586 2.74407 0
      vertex 42.9284 2.50417 0
    endloop
  endfacet
  facet normal 0 0 -1
    outer loop
      vertex 38.2664 1.62869 0
      vertex 42.9284 2.50417 0
      vertex 42.6309 2.22478 0
    endloop
  endfacet
  facet normal 0 0 -1
    outer loop
      vertex 39.2858 0.225599 0
      vertex 41.75 0 0
      vertex 39.3 0 0
    endloop
  endfacet
  facet normal 0 0 -1
    outer loop
      vertex 41.75 0 0
      vertex 39.2858 0.225599 0
      vertex 41.7756 0.407332 0
    endloop
  endfacet
  facet normal 0 0 -1
    outer loop
      vertex 39.2435 0.447641 0
      vertex 41.7756 0.407332 0
      vertex 39.2858 0.225599 0
    endloop
  endfacet
  facet normal 0 0 -1
    outer loop
      vertex 41.7756 0.407332 0
      vertex 39.2435 0.447641 0
      vertex 41.8521 0.808242 0
    endloop
  endfacet
  facet normal 0 0 -1
    outer loop
      vertex 39.1736 0.662623 0
      vertex 41.8521 0.808242 0
      vertex 39.2435 0.447641 0
    endloop
  endfacet
  facet normal 0 0 -1
    outer loop
      vertex 39.0774 0.867156 0
      vertex 41.8521 0.808242 0
      vertex 39.1736 0.662623 0
    endloop
  endfacet
  facet normal 0 0 -1
    outer loop
      vertex 41.8521 0.808242 0
      vertex 39.0774 0.867156 0
      vertex 41.9782 1.1964 0
    endloop
  endfacet
  facet normal 0 0 -1
    outer loop
      vertex 38.9562 1.05801 0
      vertex 41.9782 1.1964 0
      vertex 39.0774 0.867156 0
    endloop
  endfacet
  facet normal -0 0 -1
    outer loop
      vertex 41.9782 1.1964 0
      vertex 38.9562 1.05801 0
      vertex 42.152 1.5657 0
    endloop
  endfacet
  facet normal 0 0 -1
    outer loop
      vertex 38.8121 1.23218 0
      vertex 42.152 1.5657 0
      vertex 38.9562 1.05801 0
    endloop
  endfacet
  facet normal -0 0 -1
    outer loop
      vertex 42.152 1.5657 0
      vertex 38.8121 1.23218 0
      vertex 42.3707 1.9103 0
    endloop
  endfacet
  facet normal 0 0 -1
    outer loop
      vertex 38.6474 1.38692 0
      vertex 42.3707 1.9103 0
      vertex 38.8121 1.23218 0
    endloop
  endfacet
  facet normal 0 0 -1
    outer loop
      vertex 38.4645 1.51979 0
      vertex 42.3707 1.9103 0
      vertex 38.6474 1.38692 0
    endloop
  endfacet
  facet normal -0 0 -1
    outer loop
      vertex 42.3707 1.9103 0
      vertex 38.4645 1.51979 0
      vertex 42.6309 2.22478 0
    endloop
  endfacet
  facet normal 0 0 -1
    outer loop
      vertex 38.2664 1.62869 0
      vertex 42.6309 2.22478 0
      vertex 38.4645 1.51979 0
    endloop
  endfacet
  facet normal 0 0 -1
    outer loop
      vertex 42.9284 2.50417 0
      vertex 38.2664 1.62869 0
      vertex 38.0562 1.7119 0
    endloop
  endfacet
  facet normal 0 0 -1
    outer loop
      vertex 43.2586 2.74407 0
      vertex 38.0562 1.7119 0
      vertex 37.8373 1.76812 0
    endloop
  endfacet
  facet normal -0 0 -1
    outer loop
      vertex 43.2586 2.74407 0
      vertex 37.8373 1.76812 0
      vertex 47.314 6.99013 0
    endloop
  endfacet
  facet normal 0 0 -1
    outer loop
      vertex 37.613 1.79645 0
      vertex 47.314 6.99013 0
      vertex 37.8373 1.76812 0
    endloop
  endfacet
  facet normal 0 0 -1
    outer loop
      vertex 37.387 1.79645 0
      vertex 47.314 6.99013 0
      vertex 37.613 1.79645 0
    endloop
  endfacet
  facet normal 0 0 -1
    outer loop
      vertex 31.3838 2.94069 0
      vertex 37.387 1.79645 0
      vertex 37.1627 1.76812 0
    endloop
  endfacet
  facet normal 0 0 -1
    outer loop
      vertex 31.7414 2.74407 0
      vertex 37.1627 1.76812 0
      vertex 36.9438 1.7119 0
    endloop
  endfacet
  facet normal 0 0 -1
    outer loop
      vertex 32.0716 2.50417 0
      vertex 36.9438 1.7119 0
      vertex 36.7336 1.62869 0
    endloop
  endfacet
  facet normal 0 0 -1
    outer loop
      vertex 33.25 0 0
      vertex 35.7142 0.225599 0
      vertex 35.7 0 0
    endloop
  endfacet
  facet normal 0 0 -1
    outer loop
      vertex 33.2244 0.407332 0
      vertex 35.7142 0.225599 0
      vertex 33.25 0 0
    endloop
  endfacet
  facet normal 0 0 -1
    outer loop
      vertex 35.7142 0.225599 0
      vertex 33.2244 0.407332 0
      vertex 35.7565 0.447641 0
    endloop
  endfacet
  facet normal 0 0 -1
    outer loop
      vertex 33.1479 0.808242 0
      vertex 35.7565 0.447641 0
      vertex 33.2244 0.407332 0
    endloop
  endfacet
  facet normal 0 0 -1
    outer loop
      vertex 35.7565 0.447641 0
      vertex 33.1479 0.808242 0
      vertex 35.8264 0.662623 0
    endloop
  endfacet
  facet normal 0 0 -1
    outer loop
      vertex 35.8264 0.662623 0
      vertex 33.1479 0.808242 0
      vertex 35.9226 0.867156 0
    endloop
  endfacet
  facet normal 0 0 -1
    outer loop
      vertex 33.0218 1.1964 0
      vertex 35.9226 0.867156 0
      vertex 33.1479 0.808242 0
    endloop
  endfacet
  facet normal 0 0 -1
    outer loop
      vertex 35.9226 0.867156 0
      vertex 33.0218 1.1964 0
      vertex 36.0438 1.05801 0
    endloop
  endfacet
  facet normal 0 0 -1
    outer loop
      vertex 32.848 1.5657 0
      vertex 36.0438 1.05801 0
      vertex 33.0218 1.1964 0
    endloop
  endfacet
  facet normal 0 0 -1
    outer loop
      vertex 36.0438 1.05801 0
      vertex 32.848 1.5657 0
      vertex 36.1879 1.23218 0
    endloop
  endfacet
  facet normal 0 0 -1
    outer loop
      vertex 32.6293 1.9103 0
      vertex 36.1879 1.23218 0
      vertex 32.848 1.5657 0
    endloop
  endfacet
  facet normal 0 0 -1
    outer loop
      vertex 36.1879 1.23218 0
      vertex 32.6293 1.9103 0
      vertex 36.3526 1.38692 0
    endloop
  endfacet
  facet normal 0 0 -1
    outer loop
      vertex 36.3526 1.38692 0
      vertex 32.6293 1.9103 0
      vertex 36.5355 1.51979 0
    endloop
  endfacet
  facet normal 0 0 -1
    outer loop
      vertex 32.3691 2.22478 0
      vertex 36.5355 1.51979 0
      vertex 32.6293 1.9103 0
    endloop
  endfacet
  facet normal 0 0 -1
    outer loop
      vertex 36.5355 1.51979 0
      vertex 32.3691 2.22478 0
      vertex 36.7336 1.62869 0
    endloop
  endfacet
  facet normal 0 0 -1
    outer loop
      vertex 32.0716 2.50417 0
      vertex 36.7336 1.62869 0
      vertex 32.3691 2.22478 0
    endloop
  endfacet
  facet normal 0 0 -1
    outer loop
      vertex 36.9438 1.7119 0
      vertex 32.0716 2.50417 0
      vertex 31.7414 2.74407 0
    endloop
  endfacet
  facet normal 0 0 -1
    outer loop
      vertex 37.1627 1.76812 0
      vertex 31.7414 2.74407 0
      vertex 31.3838 2.94069 0
    endloop
  endfacet
  facet normal 0 0 -1
    outer loop
      vertex 37.387 1.79645 0
      vertex 31.3838 2.94069 0
      vertex 47.314 6.99013 0
    endloop
  endfacet
  facet normal 0 0 -1
    outer loop
      vertex 31.0043 3.09093 0
      vertex 47.314 6.99013 0
      vertex 31.3838 2.94069 0
    endloop
  endfacet
  facet normal 0 0 -1
    outer loop
      vertex 30.609 3.19243 0
      vertex 47.314 6.99013 0
      vertex 31.0043 3.09093 0
    endloop
  endfacet
  facet normal 0 0 -1
    outer loop
      vertex 30.2041 3.24359 0
      vertex 47.314 6.99013 0
      vertex 30.609 3.19243 0
    endloop
  endfacet
  facet normal 0 0 -1
    outer loop
      vertex 29.7959 3.24359 0
      vertex 47.314 6.99013 0
      vertex 30.2041 3.24359 0
    endloop
  endfacet
  facet normal 0 0 -1
    outer loop
      vertex 6.7091 6.99013 0
      vertex 29.7959 3.24359 0
      vertex 29.391 3.19243 0
    endloop
  endfacet
  facet normal 0 0 -1
    outer loop
      vertex 24.2858 0.225599 0
      vertex 26.75 0 0
      vertex 24.3 0 0
    endloop
  endfacet
  facet normal 0 0 -1
    outer loop
      vertex 26.75 0 0
      vertex 24.2858 0.225599 0
      vertex 26.7756 0.407332 0
    endloop
  endfacet
  facet normal 0 0 -1
    outer loop
      vertex 24.2435 0.447641 0
      vertex 26.7756 0.407332 0
      vertex 24.2858 0.225599 0
    endloop
  endfacet
  facet normal 0 0 -1
    outer loop
      vertex 26.7756 0.407332 0
      vertex 24.2435 0.447641 0
      vertex 26.8521 0.808242 0
    endloop
  endfacet
  facet normal 0 0 -1
    outer loop
      vertex 24.1736 0.662623 0
      vertex 26.8521 0.808242 0
      vertex 24.2435 0.447641 0
    endloop
  endfacet
  facet normal 0 0 -1
    outer loop
      vertex 24.0774 0.867156 0
      vertex 26.8521 0.808242 0
      vertex 24.1736 0.662623 0
    endloop
  endfacet
  facet normal 0 0 -1
    outer loop
      vertex 26.8521 0.808242 0
      vertex 24.0774 0.867156 0
      vertex 26.9782 1.1964 0
    endloop
  endfacet
  facet normal 0 0 -1
    outer loop
      vertex 23.9562 1.05801 0
      vertex 26.9782 1.1964 0
      vertex 24.0774 0.867156 0
    endloop
  endfacet
  facet normal -0 0 -1
    outer loop
      vertex 26.9782 1.1964 0
      vertex 23.9562 1.05801 0
      vertex 27.152 1.5657 0
    endloop
  endfacet
  facet normal 0 0 -1
    outer loop
      vertex 23.8121 1.23218 0
      vertex 27.152 1.5657 0
      vertex 23.9562 1.05801 0
    endloop
  endfacet
  facet normal -0 0 -1
    outer loop
      vertex 27.152 1.5657 0
      vertex 23.8121 1.23218 0
      vertex 27.3707 1.9103 0
    endloop
  endfacet
  facet normal 0 0 -1
    outer loop
      vertex 23.6474 1.38692 0
      vertex 27.3707 1.9103 0
      vertex 23.8121 1.23218 0
    endloop
  endfacet
  facet normal 0 0 -1
    outer loop
      vertex 23.4645 1.51979 0
      vertex 27.3707 1.9103 0
      vertex 23.6474 1.38692 0
    endloop
  endfacet
  facet normal -0 0 -1
    outer loop
      vertex 27.3707 1.9103 0
      vertex 23.4645 1.51979 0
      vertex 27.6309 2.22478 0
    endloop
  endfacet
  facet normal 0 0 -1
    outer loop
      vertex 23.2664 1.62869 0
      vertex 27.6309 2.22478 0
      vertex 23.4645 1.51979 0
    endloop
  endfacet
  facet normal -0 0 -1
    outer loop
      vertex 27.6309 2.22478 0
      vertex 23.2664 1.62869 0
      vertex 27.9284 2.50417 0
    endloop
  endfacet
  facet normal 0 0 -1
    outer loop
      vertex 23.0562 1.7119 0
      vertex 27.9284 2.50417 0
      vertex 23.2664 1.62869 0
    endloop
  endfacet
  facet normal -0 0 -1
    outer loop
      vertex 27.9284 2.50417 0
      vertex 23.0562 1.7119 0
      vertex 28.2586 2.74407 0
    endloop
  endfacet
  facet normal 0 0 -1
    outer loop
      vertex 22.8373 1.76812 0
      vertex 28.2586 2.74407 0
      vertex 23.0562 1.7119 0
    endloop
  endfacet
  facet normal -0 0 -1
    outer loop
      vertex 28.2586 2.74407 0
      vertex 22.8373 1.76812 0
      vertex 28.6162 2.94069 0
    endloop
  endfacet
  facet normal 0 0 -1
    outer loop
      vertex 22.613 1.79645 0
      vertex 28.6162 2.94069 0
      vertex 22.8373 1.76812 0
    endloop
  endfacet
  facet normal -0 0 -1
    outer loop
      vertex 28.6162 2.94069 0
      vertex 22.613 1.79645 0
      vertex 28.9957 3.09093 0
    endloop
  endfacet
  facet normal 0 0 -1
    outer loop
      vertex 16.0043 3.09093 0
      vertex 28.9957 3.09093 0
      vertex 22.613 1.79645 0
    endloop
  endfacet
  facet normal 0 0 -1
    outer loop
      vertex 28.9957 3.09093 0
      vertex 16.0043 3.09093 0
      vertex 29.391 3.19243 0
    endloop
  endfacet
  facet normal 0 0 -1
    outer loop
      vertex 16.0043 3.09093 0
      vertex 22.613 1.79645 0
      vertex 22.387 1.79645 0
    endloop
  endfacet
  facet normal 0 0 -1
    outer loop
      vertex 16.3838 2.94069 0
      vertex 22.387 1.79645 0
      vertex 22.1627 1.76812 0
    endloop
  endfacet
  facet normal 0 0 -1
    outer loop
      vertex 18.25 0 0
      vertex 20.7142 0.225599 0
      vertex 20.7 0 0
    endloop
  endfacet
  facet normal 0 0 -1
    outer loop
      vertex 18.2244 0.407332 0
      vertex 20.7142 0.225599 0
      vertex 18.25 0 0
    endloop
  endfacet
  facet normal 0 0 -1
    outer loop
      vertex 20.7142 0.225599 0
      vertex 18.2244 0.407332 0
      vertex 20.7565 0.447641 0
    endloop
  endfacet
  facet normal 0 0 -1
    outer loop
      vertex 18.1479 0.808242 0
      vertex 20.7565 0.447641 0
      vertex 18.2244 0.407332 0
    endloop
  endfacet
  facet normal 0 0 -1
    outer loop
      vertex 20.7565 0.447641 0
      vertex 18.1479 0.808242 0
      vertex 20.8264 0.662623 0
    endloop
  endfacet
  facet normal 0 0 -1
    outer loop
      vertex 20.8264 0.662623 0
      vertex 18.1479 0.808242 0
      vertex 20.9226 0.867156 0
    endloop
  endfacet
  facet normal 0 0 -1
    outer loop
      vertex 18.0218 1.1964 0
      vertex 20.9226 0.867156 0
      vertex 18.1479 0.808242 0
    endloop
  endfacet
  facet normal 0 0 -1
    outer loop
      vertex 20.9226 0.867156 0
      vertex 18.0218 1.1964 0
      vertex 21.0438 1.05801 0
    endloop
  endfacet
  facet normal 0 0 -1
    outer loop
      vertex 17.848 1.5657 0
      vertex 21.0438 1.05801 0
      vertex 18.0218 1.1964 0
    endloop
  endfacet
  facet normal 0 0 -1
    outer loop
      vertex 21.0438 1.05801 0
      vertex 17.848 1.5657 0
      vertex 21.1879 1.23218 0
    endloop
  endfacet
  facet normal 0 0 -1
    outer loop
      vertex 17.6293 1.9103 0
      vertex 21.1879 1.23218 0
      vertex 17.848 1.5657 0
    endloop
  endfacet
  facet normal 0 0 -1
    outer loop
      vertex 21.1879 1.23218 0
      vertex 17.6293 1.9103 0
      vertex 21.3526 1.38692 0
    endloop
  endfacet
  facet normal 0 0 -1
    outer loop
      vertex 21.3526 1.38692 0
      vertex 17.6293 1.9103 0
      vertex 21.5355 1.51979 0
    endloop
  endfacet
  facet normal 0 0 -1
    outer loop
      vertex 17.3691 2.22478 0
      vertex 21.5355 1.51979 0
      vertex 17.6293 1.9103 0
    endloop
  endfacet
  facet normal 0 0 -1
    outer loop
      vertex 21.5355 1.51979 0
      vertex 17.3691 2.22478 0
      vertex 21.7336 1.62869 0
    endloop
  endfacet
  facet normal 0 0 -1
    outer loop
      vertex 17.0716 2.50417 0
      vertex 21.7336 1.62869 0
      vertex 17.3691 2.22478 0
    endloop
  endfacet
  facet normal 0 0 -1
    outer loop
      vertex 21.7336 1.62869 0
      vertex 17.0716 2.50417 0
      vertex 21.9438 1.7119 0
    endloop
  endfacet
  facet normal 0 0 -1
    outer loop
      vertex 16.7414 2.74407 0
      vertex 21.9438 1.7119 0
      vertex 17.0716 2.50417 0
    endloop
  endfacet
  facet normal 0 0 -1
    outer loop
      vertex 21.9438 1.7119 0
      vertex 16.7414 2.74407 0
      vertex 22.1627 1.76812 0
    endloop
  endfacet
  facet normal 0 0 -1
    outer loop
      vertex 16.3838 2.94069 0
      vertex 22.1627 1.76812 0
      vertex 16.7414 2.74407 0
    endloop
  endfacet
  facet normal 0 0 -1
    outer loop
      vertex 22.387 1.79645 0
      vertex 16.3838 2.94069 0
      vertex 16.0043 3.09093 0
    endloop
  endfacet
  facet normal 0 0 -1
    outer loop
      vertex 15.609 3.19243 0
      vertex 29.391 3.19243 0
      vertex 16.0043 3.09093 0
    endloop
  endfacet
  facet normal 0 0 -1
    outer loop
      vertex 29.391 3.19243 0
      vertex 15.609 3.19243 0
      vertex 6.7091 6.99013 0
    endloop
  endfacet
  facet normal 0 0 -1
    outer loop
      vertex 6.7091 6.99013 0
      vertex 15.609 3.19243 0
      vertex 15.2041 3.24359 0
    endloop
  endfacet
  facet normal 0 0 -1
    outer loop
      vertex 6.7091 6.99013 0
      vertex 15.2041 3.24359 0
      vertex 14.7959 3.24359 0
    endloop
  endfacet
  facet normal 0 0 -1
    outer loop
      vertex 9.28581 0.225599 0
      vertex 11.75 0 0
      vertex 9.3 0 0
    endloop
  endfacet
  facet normal 0 0 -1
    outer loop
      vertex 11.75 0 0
      vertex 9.28581 0.225599 0
      vertex 11.7756 0.407332 0
    endloop
  endfacet
  facet normal 0 0 -1
    outer loop
      vertex 9.24345 0.447641 0
      vertex 11.7756 0.407332 0
      vertex 9.28581 0.225599 0
    endloop
  endfacet
  facet normal 0 0 -1
    outer loop
      vertex 11.7756 0.407332 0
      vertex 9.24345 0.447641 0
      vertex 11.8521 0.808242 0
    endloop
  endfacet
  facet normal 0 0 -1
    outer loop
      vertex 9.1736 0.662623 0
      vertex 11.8521 0.808242 0
      vertex 9.24345 0.447641 0
    endloop
  endfacet
  facet normal 0 0 -1
    outer loop
      vertex 9.07735 0.867156 0
      vertex 11.8521 0.808242 0
      vertex 9.1736 0.662623 0
    endloop
  endfacet
  facet normal 0 0 -1
    outer loop
      vertex 11.8521 0.808242 0
      vertex 9.07735 0.867156 0
      vertex 11.9782 1.1964 0
    endloop
  endfacet
  facet normal 0 0 -1
    outer loop
      vertex 8.95623 1.05801 0
      vertex 11.9782 1.1964 0
      vertex 9.07735 0.867156 0
    endloop
  endfacet
  facet normal -0 0 -1
    outer loop
      vertex 11.9782 1.1964 0
      vertex 8.95623 1.05801 0
      vertex 12.152 1.5657 0
    endloop
  endfacet
  facet normal 0 0 -1
    outer loop
      vertex 8.81214 1.23218 0
      vertex 12.152 1.5657 0
      vertex 8.95623 1.05801 0
    endloop
  endfacet
  facet normal -0 0 -1
    outer loop
      vertex 12.152 1.5657 0
      vertex 8.81214 1.23218 0
      vertex 12.3707 1.9103 0
    endloop
  endfacet
  facet normal 0 0 -1
    outer loop
      vertex 8.64736 1.38692 0
      vertex 12.3707 1.9103 0
      vertex 8.81214 1.23218 0
    endloop
  endfacet
  facet normal 0 0 -1
    outer loop
      vertex 8.46449 1.51979 0
      vertex 12.3707 1.9103 0
      vertex 8.64736 1.38692 0
    endloop
  endfacet
  facet normal -0 0 -1
    outer loop
      vertex 12.3707 1.9103 0
      vertex 8.46449 1.51979 0
      vertex 12.6309 2.22478 0
    endloop
  endfacet
  facet normal 0 0 -1
    outer loop
      vertex 8.2664 1.62869 0
      vertex 12.6309 2.22478 0
      vertex 8.46449 1.51979 0
    endloop
  endfacet
  facet normal 0 0 -1
    outer loop
      vertex 6.7091 6.99013 0
      vertex 12.6309 2.22478 0
      vertex 8.2664 1.62869 0
    endloop
  endfacet
  facet normal 0 0 -1
    outer loop
      vertex 12.6309 2.22478 0
      vertex 6.7091 6.99013 0
      vertex 12.9284 2.50417 0
    endloop
  endfacet
  facet normal 0 0 -1
    outer loop
      vertex 12.9284 2.50417 0
      vertex 6.7091 6.99013 0
      vertex 13.2586 2.74407 0
    endloop
  endfacet
  facet normal 0 0 -1
    outer loop
      vertex 13.2586 2.74407 0
      vertex 6.7091 6.99013 0
      vertex 13.6162 2.94069 0
    endloop
  endfacet
  facet normal 0 0 -1
    outer loop
      vertex 13.6162 2.94069 0
      vertex 6.7091 6.99013 0
      vertex 13.9957 3.09093 0
    endloop
  endfacet
  facet normal 0 0 -1
    outer loop
      vertex 6.7091 6.99013 0
      vertex 8.2664 1.62869 0
      vertex 8.05623 1.7119 0
    endloop
  endfacet
  facet normal 0 0 -1
    outer loop
      vertex 6.7091 6.99013 0
      vertex 8.05623 1.7119 0
      vertex 7.83729 1.76812 0
    endloop
  endfacet
  facet normal 0 0 -1
    outer loop
      vertex 6.7091 6.99013 0
      vertex 7.83729 1.76812 0
      vertex 7.61302 1.79645 0
    endloop
  endfacet
  facet normal 0 0 -1
    outer loop
      vertex 6.7091 6.99013 0
      vertex 7.61302 1.79645 0
      vertex 7.38698 1.79645 0
    endloop
  endfacet
  facet normal 0 0 -1
    outer loop
      vertex 6.7091 6.99013 0
      vertex 7.38698 1.79645 0
      vertex 7.16271 1.76812 0
    endloop
  endfacet
  facet normal 0 0 -1
    outer loop
      vertex 29.7959 3.24359 0
      vertex 6.7091 6.99013 0
      vertex 47.314 6.99013 0
    endloop
  endfacet
  facet normal 0 0 -1
    outer loop
      vertex 14.391 3.19243 0
      vertex 6.7091 6.99013 0
      vertex 14.7959 3.24359 0
    endloop
  endfacet
  facet normal 0 0 -1
    outer loop
      vertex 13.9957 3.09093 0
      vertex 6.7091 6.99013 0
      vertex 14.391 3.19243 0
    endloop
  endfacet
  facet normal 0 0 -1
    outer loop
      vertex 6.94377 1.7119 0
      vertex 6.7091 6.99013 0
      vertex 7.16271 1.76812 0
    endloop
  endfacet
  facet normal 0 0 -1
    outer loop
      vertex 6.7336 1.62869 0
      vertex 6.7091 6.99013 0
      vertex 6.94377 1.7119 0
    endloop
  endfacet
  facet normal 0 -0 -1
    outer loop
      vertex 6.7091 6.99013 0
      vertex 6.7336 1.62869 0
      vertex 6.53551 1.51979 0
    endloop
  endfacet
  facet normal 0 0 -1
    outer loop
      vertex 16.2253 50.2232 0
      vertex 35.3592 50.2232 0
      vertex 35.1567 44.3494 0
    endloop
  endfacet
  facet normal 0 0 -1
    outer loop
      vertex 15.8045 42.4122 0
      vertex 35.1567 44.3494 0
      vertex 34.5493 38.8766 0
    endloop
  endfacet
  facet normal 0 0 -1
    outer loop
      vertex 16.1128 54.2402 0
      vertex 35.3592 50.2232 0
      vertex 16.2253 50.2232 0
    endloop
  endfacet
  facet normal 0 0 -1
    outer loop
      vertex 15.8045 42.4122 0
      vertex 34.5493 38.8766 0
      vertex 33.5368 33.8048 0
    endloop
  endfacet
  facet normal 0 0 -1
    outer loop
      vertex 35.3592 50.2232 0
      vertex 16.1128 54.2402 0
      vertex 35.1456 56.165 0
    endloop
  endfacet
  facet normal 0 0 -1
    outer loop
      vertex 14.5424 35.8029 0
      vertex 33.5368 33.8048 0
      vertex 32.1194 29.1341 0
    endloop
  endfacet
  facet normal 0 0 -1
    outer loop
      vertex 15.7756 57.9351 0
      vertex 35.1456 56.165 0
      vertex 16.1128 54.2402 0
    endloop
  endfacet
  facet normal 0 0 -1
    outer loop
      vertex 14.5424 35.8029 0
      vertex 32.1194 29.1341 0
      vertex 30.2971 24.8644 0
    endloop
  endfacet
  facet normal 0 0 -1
    outer loop
      vertex 35.1456 56.165 0
      vertex 15.7756 57.9351 0
      vertex 34.5046 61.6586 0
    endloop
  endfacet
  facet normal 0 0 -1
    outer loop
      vertex 12.4388 30.3952 0
      vertex 30.2971 24.8644 0
      vertex 28.0697 20.9957 0
    endloop
  endfacet
  facet normal 0 0 -1
    outer loop
      vertex 15.2136 61.308 0
      vertex 34.5046 61.6586 0
      vertex 15.7756 57.9351 0
    endloop
  endfacet
  facet normal 0 0 -1
    outer loop
      vertex 12.4388 30.3952 0
      vertex 28.0697 20.9957 0
      vertex 25.4374 17.528 0
    endloop
  endfacet
  facet normal -0 0 -1
    outer loop
      vertex 34.5046 61.6586 0
      vertex 15.2136 61.308 0
      vertex 33.4363 66.7038 0
    endloop
  endfacet
  facet normal 0 0 -1
    outer loop
      vertex 9.49382 26.1893 0
      vertex 25.4374 17.528 0
      vertex 22.4306 14.4944 0
    endloop
  endfacet
  facet normal 0 0 -1
    outer loop
      vertex 14.4267 64.3587 0
      vertex 33.4363 66.7038 0
      vertex 15.2136 61.308 0
    endloop
  endfacet
  facet normal 0 0 -1
    outer loop
      vertex 9.49382 26.1893 0
      vertex 22.4306 14.4944 0
      vertex 19.0795 11.9275 0
    endloop
  endfacet
  facet normal -0 0 -1
    outer loop
      vertex 33.4363 66.7038 0
      vertex 14.4267 64.3587 0
      vertex 31.9408 71.3008 0
    endloop
  endfacet
  facet normal 0 0 -1
    outer loop
      vertex 13.415 67.0873 0
      vertex 31.9408 71.3008 0
      vertex 14.4267 64.3587 0
    endloop
  endfacet
  facet normal -0 0 -1
    outer loop
      vertex 35.1567 44.3494 0
      vertex 15.8045 42.4122 0
      vertex 16.2253 50.2232 0
    endloop
  endfacet
  facet normal 0 0 -1
    outer loop
      vertex 9.49382 26.1893 0
      vertex 19.0795 11.9275 0
      vertex 15.3838 9.82738 0
    endloop
  endfacet
  facet normal 0 0 -1
    outer loop
      vertex 33.5368 33.8048 0
      vertex 14.5424 35.8029 0
      vertex 15.8045 42.4122 0
    endloop
  endfacet
  facet normal 0 0 -1
    outer loop
      vertex 30.2971 24.8644 0
      vertex 12.4388 30.3952 0
      vertex 14.5424 35.8029 0
    endloop
  endfacet
  facet normal 0 0 -1
    outer loop
      vertex 5.7074 23.1851 0
      vertex 15.3838 9.82738 0
      vertex 11.3438 8.19392 0
    endloop
  endfacet
  facet normal 0 0 -1
    outer loop
      vertex 25.4374 17.528 0
      vertex 9.49382 26.1893 0
      vertex 12.4388 30.3952 0
    endloop
  endfacet
  facet normal 0 0 -1
    outer loop
      vertex 5.7074 23.1851 0
      vertex 11.3438 8.19392 0
      vertex 6.95923 7.02716 0
    endloop
  endfacet
  facet normal 0 0 -1
    outer loop
      vertex 1.07954 21.3826 0
      vertex 6.95923 7.02716 0
      vertex 6.7091 6.99013 0
    endloop
  endfacet
  facet normal 0 0 -1
    outer loop
      vertex 2.6293 1.9103 0
      vertex 6.53551 1.51979 0
      vertex 6.35264 1.38692 0
    endloop
  endfacet
  facet normal 0 0 -1
    outer loop
      vertex 2.6293 1.9103 0
      vertex 6.35264 1.38692 0
      vertex 6.18786 1.23218 0
    endloop
  endfacet
  facet normal 0 0 -1
    outer loop
      vertex 2.848 1.5657 0
      vertex 6.18786 1.23218 0
      vertex 6.04377 1.05801 0
    endloop
  endfacet
  facet normal 0 0 -1
    outer loop
      vertex 3.02177 1.1964 0
      vertex 6.04377 1.05801 0
      vertex 5.92265 0.867156 0
    endloop
  endfacet
  facet normal 0 0 -1
    outer loop
      vertex 3.14789 0.808242 0
      vertex 5.92265 0.867156 0
      vertex 5.8264 0.662623 0
    endloop
  endfacet
  facet normal 0 0 -1
    outer loop
      vertex 3.14789 0.808242 0
      vertex 5.8264 0.662623 0
      vertex 5.75655 0.447641 0
    endloop
  endfacet
  facet normal 0 0 -1
    outer loop
      vertex 6.53551 1.51979 0
      vertex 2.6293 1.9103 0
      vertex 2.36915 2.22478 0
    endloop
  endfacet
  facet normal 0 0 -1
    outer loop
      vertex 3.22437 0.407332 0
      vertex 5.75655 0.447641 0
      vertex 5.71419 0.225599 0
    endloop
  endfacet
  facet normal 0 0 -1
    outer loop
      vertex 15.3838 9.82738 0
      vertex 5.7074 23.1851 0
      vertex 9.49382 26.1893 0
    endloop
  endfacet
  facet normal 0 0 -1
    outer loop
      vertex 3.25 0 0
      vertex 5.71419 0.225599 0
      vertex 5.7 0 0
    endloop
  endfacet
  facet normal -0 0 -1
    outer loop
      vertex 5.71419 0.225599 0
      vertex 3.25 0 0
      vertex 3.22437 0.407332 0
    endloop
  endfacet
  facet normal -0 0 -1
    outer loop
      vertex 5.75655 0.447641 0
      vertex 3.22437 0.407332 0
      vertex 3.14789 0.808242 0
    endloop
  endfacet
  facet normal -0 0 -1
    outer loop
      vertex 5.92265 0.867156 0
      vertex 3.14789 0.808242 0
      vertex 3.02177 1.1964 0
    endloop
  endfacet
  facet normal 0 0 -1
    outer loop
      vertex 6.04377 1.05801 0
      vertex 3.02177 1.1964 0
      vertex 2.848 1.5657 0
    endloop
  endfacet
  facet normal 0 0 -1
    outer loop
      vertex 6.18786 1.23218 0
      vertex 2.848 1.5657 0
      vertex 2.6293 1.9103 0
    endloop
  endfacet
  facet normal 0 0 -1
    outer loop
      vertex 6.53551 1.51979 0
      vertex 2.36915 2.22478 0
      vertex 6.7091 6.99013 0
    endloop
  endfacet
  facet normal 0 0 -1
    outer loop
      vertex 6.7091 6.99013 0
      vertex 2.36915 2.22478 0
      vertex 2.07163 2.50417 0
    endloop
  endfacet
  facet normal 0 0 -1
    outer loop
      vertex 1.74144 2.74407 0
      vertex 6.7091 6.99013 0
      vertex 2.07163 2.50417 0
    endloop
  endfacet
  facet normal 0 0 -1
    outer loop
      vertex 1.38378 2.94069 0
      vertex 6.7091 6.99013 0
      vertex 1.74144 2.74407 0
    endloop
  endfacet
  facet normal 0 0 -1
    outer loop
      vertex 1.0043 3.09093 0
      vertex 6.7091 6.99013 0
      vertex 1.38378 2.94069 0
    endloop
  endfacet
  facet normal 0 0 -1
    outer loop
      vertex 6.95923 7.02716 0
      vertex 1.07954 21.3826 0
      vertex 5.7074 23.1851 0
    endloop
  endfacet
  facet normal 0 0 -1
    outer loop
      vertex 0.608989 3.19243 0
      vertex 6.7091 6.99013 0
      vertex 1.0043 3.09093 0
    endloop
  endfacet
  facet normal 0 0 -1
    outer loop
      vertex 0.204069 3.24359 0
      vertex 6.7091 6.99013 0
      vertex 0.608989 3.19243 0
    endloop
  endfacet
  facet normal 0 0 -1
    outer loop
      vertex -0.204069 3.24359 0
      vertex 6.7091 6.99013 0
      vertex 0.204069 3.24359 0
    endloop
  endfacet
  facet normal -0 0 -1
    outer loop
      vertex 6.7091 6.99013 0
      vertex -0.204069 3.24359 0
      vertex 1.07954 21.3826 0
    endloop
  endfacet
  facet normal 0 0 -1
    outer loop
      vertex -4.38972 20.7817 0
      vertex -0.204069 3.24359 0
      vertex -0.608989 3.19243 0
    endloop
  endfacet
  facet normal 0 0 -1
    outer loop
      vertex -4.38972 20.7817 0
      vertex -0.608989 3.19243 0
      vertex -1.0043 3.09093 0
    endloop
  endfacet
  facet normal 0 0 -1
    outer loop
      vertex -4.38972 20.7817 0
      vertex -1.0043 3.09093 0
      vertex -1.38378 2.94069 0
    endloop
  endfacet
  facet normal 0 0 -1
    outer loop
      vertex -4.38972 20.7817 0
      vertex -1.38378 2.94069 0
      vertex -1.74144 2.74407 0
    endloop
  endfacet
  facet normal 0 0 -1
    outer loop
      vertex -4.38972 20.7817 0
      vertex -1.74144 2.74407 0
      vertex -2.07163 2.50417 0
    endloop
  endfacet
  facet normal 0 0 -1
    outer loop
      vertex -4.38972 20.7817 0
      vertex -2.07163 2.50417 0
      vertex -2.36915 2.22478 0
    endloop
  endfacet
  facet normal 0 0 -1
    outer loop
      vertex -5.92265 0.867156 0
      vertex -3.14789 0.808242 0
      vertex -5.8264 0.662623 0
    endloop
  endfacet
  facet normal 0 0 -1
    outer loop
      vertex -5.8264 0.662623 0
      vertex -3.14789 0.808242 0
      vertex -5.75655 0.447641 0
    endloop
  endfacet
  facet normal 0 0 -1
    outer loop
      vertex -3.22437 0.407332 0
      vertex -5.75655 0.447641 0
      vertex -3.14789 0.808242 0
    endloop
  endfacet
  facet normal 0 0 -1
    outer loop
      vertex -5.75655 0.447641 0
      vertex -3.22437 0.407332 0
      vertex -5.71419 0.225599 0
    endloop
  endfacet
  facet normal 0 0 -1
    outer loop
      vertex -0.204069 3.24359 0
      vertex -4.38972 20.7817 0
      vertex 1.07954 21.3826 0
    endloop
  endfacet
  facet normal 0 0 -1
    outer loop
      vertex -3.25 0 0
      vertex -5.71419 0.225599 0
      vertex -3.22437 0.407332 0
    endloop
  endfacet
  facet normal 0 0 -1
    outer loop
      vertex -5.71419 0.225599 0
      vertex -3.25 0 0
      vertex -5.7 0 0
    endloop
  endfacet
  facet normal -0 0 -1
    outer loop
      vertex 31.9408 71.3008 0
      vertex 13.415 67.0873 0
      vertex 30.0179 75.4493 0
    endloop
  endfacet
  facet normal -0 0 -1
    outer loop
      vertex 30.0179 75.4493 0
      vertex 13.415 67.0873 0
      vertex 27.6677 79.1496 0
    endloop
  endfacet
  facet normal 0 0 -1
    outer loop
      vertex 12.1785 69.4938 0
      vertex 27.6677 79.1496 0
      vertex 13.415 67.0873 0
    endloop
  endfacet
  facet normal -0 0 -1
    outer loop
      vertex 27.6677 79.1496 0
      vertex 12.1785 69.4938 0
      vertex 24.8902 82.4016 0
    endloop
  endfacet
  facet normal 0 0 -1
    outer loop
      vertex 10.7171 71.5782 0
      vertex 24.8902 82.4016 0
      vertex 12.1785 69.4938 0
    endloop
  endfacet
  facet normal -0 0 -1
    outer loop
      vertex 24.8902 82.4016 0
      vertex 10.7171 71.5782 0
      vertex 21.6817 85.2131 0
    endloop
  endfacet
  facet normal 0 0 -1
    outer loop
      vertex 9.00603 73.3644 0
      vertex 21.6817 85.2131 0
      vertex 10.7171 71.5782 0
    endloop
  endfacet
  facet normal -0 0 -1
    outer loop
      vertex 21.6817 85.2131 0
      vertex 9.00603 73.3644 0
      vertex 18.038 87.592 0
    endloop
  endfacet
  facet normal 0 0 -1
    outer loop
      vertex 7.02014 74.8758 0
      vertex 18.038 87.592 0
      vertex 9.00603 73.3644 0
    endloop
  endfacet
  facet normal -0 0 -1
    outer loop
      vertex 18.038 87.592 0
      vertex 7.02014 74.8758 0
      vertex 13.9591 89.5385 0
    endloop
  endfacet
  facet normal 0 0 -1
    outer loop
      vertex 4.75949 76.1124 0
      vertex 13.9591 89.5385 0
      vertex 7.02014 74.8758 0
    endloop
  endfacet
  facet normal -0 0 -1
    outer loop
      vertex 13.9591 89.5385 0
      vertex 4.75949 76.1124 0
      vertex 9.44499 91.0524 0
    endloop
  endfacet
  facet normal 0 0 -1
    outer loop
      vertex 2.22408 77.0742 0
      vertex 9.44499 91.0524 0
      vertex 4.75949 76.1124 0
    endloop
  endfacet
  facet normal -0 0 -1
    outer loop
      vertex 9.44499 91.0524 0
      vertex 2.22408 77.0742 0
      vertex 4.49564 92.1337 0
    endloop
  endfacet
  facet normal 0 0 -1
    outer loop
      vertex -0.58609 77.7613 0
      vertex 4.49564 92.1337 0
      vertex 2.22408 77.0742 0
    endloop
  endfacet
  facet normal 0 0 -1
    outer loop
      vertex -0.58609 77.7613 0
      vertex -0.888901 92.7825 0
      vertex 4.49564 92.1337 0
    endloop
  endfacet
  facet normal 0 0 -1
    outer loop
      vertex -3.67102 78.1735 0
      vertex -0.888901 92.7825 0
      vertex -0.58609 77.7613 0
    endloop
  endfacet
  facet normal 0 0 -1
    outer loop
      vertex -3.67102 78.1735 0
      vertex -6.70868 92.9988 0
      vertex -0.888901 92.7825 0
    endloop
  endfacet
  facet normal 0 0 -1
    outer loop
      vertex -7.03073 78.3109 0
      vertex -6.70868 92.9988 0
      vertex -3.67102 78.1735 0
    endloop
  endfacet
  facet normal 0 0 -1
    outer loop
      vertex -10.9609 78.3109 0
      vertex -6.70868 92.9988 0
      vertex -7.03073 78.3109 0
    endloop
  endfacet
  facet normal 0 0 -1
    outer loop
      vertex -9.3 0 0
      vertex -11.8521 0.808242 0
      vertex -11.9782 1.1964 0
    endloop
  endfacet
  facet normal 0 0 -1
    outer loop
      vertex -9.3 0 0
      vertex -11.9782 1.1964 0
      vertex -12.152 1.5657 0
    endloop
  endfacet
  facet normal 0 0 -1
    outer loop
      vertex -9.3 0 0
      vertex -12.152 1.5657 0
      vertex -12.3707 1.9103 0
    endloop
  endfacet
  facet normal 0 0 -1
    outer loop
      vertex -9.3 0 0
      vertex -12.3707 1.9103 0
      vertex -12.6309 2.22478 0
    endloop
  endfacet
  facet normal 0 0 -1
    outer loop
      vertex -9.3 0 0
      vertex -12.6309 2.22478 0
      vertex -10.9609 20.7817 0
    endloop
  endfacet
  facet normal 0 0 -1
    outer loop
      vertex -12.9284 2.50417 0
      vertex -10.9609 20.7817 0
      vertex -12.6309 2.22478 0
    endloop
  endfacet
  facet normal 0 0 -1
    outer loop
      vertex -13.2586 2.74407 0
      vertex -10.9609 20.7817 0
      vertex -12.9284 2.50417 0
    endloop
  endfacet
  facet normal 0 0 -1
    outer loop
      vertex -13.6162 2.94069 0
      vertex -10.9609 20.7817 0
      vertex -13.2586 2.74407 0
    endloop
  endfacet
  facet normal 0 0 -1
    outer loop
      vertex -13.9957 3.09093 0
      vertex -10.9609 20.7817 0
      vertex -13.6162 2.94069 0
    endloop
  endfacet
  facet normal 0 0 -1
    outer loop
      vertex -14.391 3.19243 0
      vertex -10.9609 20.7817 0
      vertex -13.9957 3.09093 0
    endloop
  endfacet
  facet normal 0 0 -1
    outer loop
      vertex -14.7959 3.24359 0
      vertex -10.9609 20.7817 0
      vertex -14.391 3.19243 0
    endloop
  endfacet
  facet normal 0 0 -1
    outer loop
      vertex -15.2041 3.24359 0
      vertex -10.9609 20.7817 0
      vertex -14.7959 3.24359 0
    endloop
  endfacet
  facet normal 0 0 -1
    outer loop
      vertex -15.609 3.19243 0
      vertex -10.9609 20.7817 0
      vertex -15.2041 3.24359 0
    endloop
  endfacet
  facet normal 0 0 -1
    outer loop
      vertex -16.0043 3.09093 0
      vertex -10.9609 20.7817 0
      vertex -15.609 3.19243 0
    endloop
  endfacet
  facet normal 0 0 -1
    outer loop
      vertex -10.9609 20.7817 0
      vertex -16.0043 3.09093 0
      vertex -29.9647 6.99013 0
    endloop
  endfacet
  facet normal 0 0 -1
    outer loop
      vertex -29.9647 6.99013 0
      vertex -16.0043 3.09093 0
      vertex -16.3838 2.94069 0
    endloop
  endfacet
  facet normal 0 0 -1
    outer loop
      vertex -22.1627 1.76812 0
      vertex -16.3838 2.94069 0
      vertex -16.7414 2.74407 0
    endloop
  endfacet
  facet normal 0 0 -1
    outer loop
      vertex -21.9438 1.7119 0
      vertex -16.7414 2.74407 0
      vertex -17.0716 2.50417 0
    endloop
  endfacet
  facet normal 0 0 -1
    outer loop
      vertex -21.7336 1.62869 0
      vertex -17.0716 2.50417 0
      vertex -17.3691 2.22478 0
    endloop
  endfacet
  facet normal 0 0 -1
    outer loop
      vertex -21.5355 1.51979 0
      vertex -17.3691 2.22478 0
      vertex -17.6293 1.9103 0
    endloop
  endfacet
  facet normal 0 0 -1
    outer loop
      vertex -21.1879 1.23218 0
      vertex -17.6293 1.9103 0
      vertex -17.848 1.5657 0
    endloop
  endfacet
  facet normal 0 0 -1
    outer loop
      vertex -21.0438 1.05801 0
      vertex -17.848 1.5657 0
      vertex -18.0218 1.1964 0
    endloop
  endfacet
  facet normal 0 0 -1
    outer loop
      vertex -20.9226 0.867156 0
      vertex -18.0218 1.1964 0
      vertex -18.1479 0.808242 0
    endloop
  endfacet
  facet normal 0 0 -1
    outer loop
      vertex -20.7565 0.447641 0
      vertex -18.1479 0.808242 0
      vertex -18.2244 0.407332 0
    endloop
  endfacet
  facet normal 0 0 -1
    outer loop
      vertex -20.7142 0.225599 0
      vertex -18.25 0 0
      vertex -20.7 0 0
    endloop
  endfacet
  facet normal 0 0 -1
    outer loop
      vertex -18.25 0 0
      vertex -20.7142 0.225599 0
      vertex -18.2244 0.407332 0
    endloop
  endfacet
  facet normal 0 0 -1
    outer loop
      vertex -20.7565 0.447641 0
      vertex -18.2244 0.407332 0
      vertex -20.7142 0.225599 0
    endloop
  endfacet
  facet normal 0 0 -1
    outer loop
      vertex -18.1479 0.808242 0
      vertex -20.7565 0.447641 0
      vertex -20.8264 0.662623 0
    endloop
  endfacet
  facet normal -0 0 -1
    outer loop
      vertex -18.1479 0.808242 0
      vertex -20.8264 0.662623 0
      vertex -20.9226 0.867156 0
    endloop
  endfacet
  facet normal 0 0 -1
    outer loop
      vertex -18.0218 1.1964 0
      vertex -20.9226 0.867156 0
      vertex -21.0438 1.05801 0
    endloop
  endfacet
  facet normal 0 0 -1
    outer loop
      vertex -17.848 1.5657 0
      vertex -21.0438 1.05801 0
      vertex -21.1879 1.23218 0
    endloop
  endfacet
  facet normal 0 0 -1
    outer loop
      vertex -17.6293 1.9103 0
      vertex -21.1879 1.23218 0
      vertex -21.3526 1.38692 0
    endloop
  endfacet
  facet normal 0 0 -1
    outer loop
      vertex -17.6293 1.9103 0
      vertex -21.3526 1.38692 0
      vertex -21.5355 1.51979 0
    endloop
  endfacet
  facet normal 0 0 -1
    outer loop
      vertex -17.3691 2.22478 0
      vertex -21.5355 1.51979 0
      vertex -21.7336 1.62869 0
    endloop
  endfacet
  facet normal 0 0 -1
    outer loop
      vertex -17.0716 2.50417 0
      vertex -21.7336 1.62869 0
      vertex -21.9438 1.7119 0
    endloop
  endfacet
  facet normal 0 0 -1
    outer loop
      vertex -16.7414 2.74407 0
      vertex -21.9438 1.7119 0
      vertex -22.1627 1.76812 0
    endloop
  endfacet
  facet normal 0 0 -1
    outer loop
      vertex -16.3838 2.94069 0
      vertex -22.1627 1.76812 0
      vertex -22.387 1.79645 0
    endloop
  endfacet
  facet normal -0 0 -1
    outer loop
      vertex -16.3838 2.94069 0
      vertex -22.387 1.79645 0
      vertex -29.9647 6.99013 0
    endloop
  endfacet
  facet normal 0 0 -1
    outer loop
      vertex -29.9647 6.99013 0
      vertex -22.387 1.79645 0
      vertex -22.613 1.79645 0
    endloop
  endfacet
  facet normal 0 0 -1
    outer loop
      vertex -29.9647 6.99013 0
      vertex -22.613 1.79645 0
      vertex -22.8373 1.76812 0
    endloop
  endfacet
  facet normal 0 0 -1
    outer loop
      vertex -29.9647 6.99013 0
      vertex -22.8373 1.76812 0
      vertex -23.0562 1.7119 0
    endloop
  endfacet
  facet normal 0 0 -1
    outer loop
      vertex -27.9284 2.50417 0
      vertex -23.0562 1.7119 0
      vertex -23.2664 1.62869 0
    endloop
  endfacet
  facet normal 0 0 -1
    outer loop
      vertex -27.6309 2.22478 0
      vertex -23.2664 1.62869 0
      vertex -23.4645 1.51979 0
    endloop
  endfacet
  facet normal 0 0 -1
    outer loop
      vertex -27.3707 1.9103 0
      vertex -23.4645 1.51979 0
      vertex -23.6474 1.38692 0
    endloop
  endfacet
  facet normal 0 0 -1
    outer loop
      vertex -27.3707 1.9103 0
      vertex -23.6474 1.38692 0
      vertex -23.8121 1.23218 0
    endloop
  endfacet
  facet normal 0 0 -1
    outer loop
      vertex -27.152 1.5657 0
      vertex -23.8121 1.23218 0
      vertex -23.9562 1.05801 0
    endloop
  endfacet
  facet normal 0 0 -1
    outer loop
      vertex -26.9782 1.1964 0
      vertex -23.9562 1.05801 0
      vertex -24.0774 0.867156 0
    endloop
  endfacet
  facet normal 0 0 -1
    outer loop
      vertex -26.8521 0.808242 0
      vertex -24.0774 0.867156 0
      vertex -24.1736 0.662623 0
    endloop
  endfacet
  facet normal 0 0 -1
    outer loop
      vertex -26.8521 0.808242 0
      vertex -24.1736 0.662623 0
      vertex -24.2435 0.447641 0
    endloop
  endfacet
  facet normal 0 0 -1
    outer loop
      vertex -26.7756 0.407332 0
      vertex -24.2435 0.447641 0
      vertex -24.2858 0.225599 0
    endloop
  endfacet
  facet normal 0 0 -1
    outer loop
      vertex -26.75 0 0
      vertex -24.2858 0.225599 0
      vertex -24.3 0 0
    endloop
  endfacet
  facet normal 0 0 -1
    outer loop
      vertex -26.7756 0.407332 0
      vertex -24.2858 0.225599 0
      vertex -26.75 0 0
    endloop
  endfacet
  facet normal -0 0 -1
    outer loop
      vertex -24.2435 0.447641 0
      vertex -26.7756 0.407332 0
      vertex -26.8521 0.808242 0
    endloop
  endfacet
  facet normal -0 0 -1
    outer loop
      vertex -24.0774 0.867156 0
      vertex -26.8521 0.808242 0
      vertex -26.9782 1.1964 0
    endloop
  endfacet
  facet normal 0 0 -1
    outer loop
      vertex -23.9562 1.05801 0
      vertex -26.9782 1.1964 0
      vertex -27.152 1.5657 0
    endloop
  endfacet
  facet normal 0 0 -1
    outer loop
      vertex -23.8121 1.23218 0
      vertex -27.152 1.5657 0
      vertex -27.3707 1.9103 0
    endloop
  endfacet
  facet normal 0 0 -1
    outer loop
      vertex -23.4645 1.51979 0
      vertex -27.3707 1.9103 0
      vertex -27.6309 2.22478 0
    endloop
  endfacet
  facet normal 0 0 -1
    outer loop
      vertex -23.2664 1.62869 0
      vertex -27.6309 2.22478 0
      vertex -27.9284 2.50417 0
    endloop
  endfacet
  facet normal 0 0 -1
    outer loop
      vertex -23.0562 1.7119 0
      vertex -27.9284 2.50417 0
      vertex -29.9647 6.99013 0
    endloop
  endfacet
  facet normal 0 0 -1
    outer loop
      vertex -29.9647 6.99013 0
      vertex -27.9284 2.50417 0
      vertex -28.2586 2.74407 0
    endloop
  endfacet
  facet normal 0 0 -1
    outer loop
      vertex -29.9647 6.99013 0
      vertex -28.2586 2.74407 0
      vertex -28.6162 2.94069 0
    endloop
  endfacet
  facet normal 0 0 -1
    outer loop
      vertex -29.9647 6.99013 0
      vertex -28.6162 2.94069 0
      vertex -28.9957 3.09093 0
    endloop
  endfacet
  facet normal 0 0 -1
    outer loop
      vertex -29.9647 6.99013 0
      vertex -28.9957 3.09093 0
      vertex -29.391 3.19243 0
    endloop
  endfacet
  facet normal 0 0 -1
    outer loop
      vertex -29.9647 6.99013 0
      vertex -29.391 3.19243 0
      vertex -29.7959 3.24359 0
    endloop
  endfacet
  facet normal -0 0 -1
    outer loop
      vertex -10.9609 20.7817 0
      vertex -29.9647 6.99013 0
      vertex -10.9609 78.3109 0
    endloop
  endfacet
  facet normal 0 0 -1
    outer loop
      vertex -10.9609 78.3109 0
      vertex -29.9647 92.9988 0
      vertex -6.70868 92.9988 0
    endloop
  endfacet
  facet normal 0 0 -1
    outer loop
      vertex -29.9647 92.9988 0
      vertex -10.9609 78.3109 0
      vertex -29.9647 6.99013 0
    endloop
  endfacet
  facet normal 0 0 -1
    outer loop
      vertex -30.2041 3.24359 0
      vertex -29.9647 6.99013 0
      vertex -29.7959 3.24359 0
    endloop
  endfacet
  facet normal 0 0 -1
    outer loop
      vertex -30.609 3.19243 0
      vertex -29.9647 6.99013 0
      vertex -30.2041 3.24359 0
    endloop
  endfacet
  facet normal 0 0 -1
    outer loop
      vertex -31.0043 3.09093 0
      vertex -29.9647 6.99013 0
      vertex -30.609 3.19243 0
    endloop
  endfacet
  facet normal 0 0 -1
    outer loop
      vertex -31.3838 2.94069 0
      vertex -29.9647 6.99013 0
      vertex -31.0043 3.09093 0
    endloop
  endfacet
  facet normal 0 0 -1
    outer loop
      vertex -31.7414 2.74407 0
      vertex -29.9647 6.99013 0
      vertex -31.3838 2.94069 0
    endloop
  endfacet
  facet normal 0 0 -1
    outer loop
      vertex -32.0716 2.50417 0
      vertex -29.9647 6.99013 0
      vertex -31.7414 2.74407 0
    endloop
  endfacet
  facet normal 0 0 -1
    outer loop
      vertex -36.7336 1.62869 0
      vertex -32.0716 2.50417 0
      vertex -32.3691 2.22478 0
    endloop
  endfacet
  facet normal 0 0 -1
    outer loop
      vertex -36.5355 1.51979 0
      vertex -32.3691 2.22478 0
      vertex -32.6293 1.9103 0
    endloop
  endfacet
  facet normal 0 0 -1
    outer loop
      vertex -36.1879 1.23218 0
      vertex -32.6293 1.9103 0
      vertex -32.848 1.5657 0
    endloop
  endfacet
  facet normal 0 0 -1
    outer loop
      vertex -35.7142 0.225599 0
      vertex -33.25 0 0
      vertex -35.7 0 0
    endloop
  endfacet
  facet normal 0 0 -1
    outer loop
      vertex -33.25 0 0
      vertex -35.7142 0.225599 0
      vertex -33.2244 0.407332 0
    endloop
  endfacet
  facet normal 0 0 -1
    outer loop
      vertex -35.7565 0.447641 0
      vertex -33.2244 0.407332 0
      vertex -35.7142 0.225599 0
    endloop
  endfacet
  facet normal 0 0 -1
    outer loop
      vertex -33.2244 0.407332 0
      vertex -35.7565 0.447641 0
      vertex -33.1479 0.808242 0
    endloop
  endfacet
  facet normal 0 0 -1
    outer loop
      vertex -35.8264 0.662623 0
      vertex -33.1479 0.808242 0
      vertex -35.7565 0.447641 0
    endloop
  endfacet
  facet normal 0 0 -1
    outer loop
      vertex -35.9226 0.867156 0
      vertex -33.1479 0.808242 0
      vertex -35.8264 0.662623 0
    endloop
  endfacet
  facet normal 0 0 -1
    outer loop
      vertex -33.1479 0.808242 0
      vertex -35.9226 0.867156 0
      vertex -33.0218 1.1964 0
    endloop
  endfacet
  facet normal 0 0 -1
    outer loop
      vertex -36.0438 1.05801 0
      vertex -33.0218 1.1964 0
      vertex -35.9226 0.867156 0
    endloop
  endfacet
  facet normal -0 0 -1
    outer loop
      vertex -33.0218 1.1964 0
      vertex -36.0438 1.05801 0
      vertex -32.848 1.5657 0
    endloop
  endfacet
  facet normal 0 0 -1
    outer loop
      vertex -36.1879 1.23218 0
      vertex -32.848 1.5657 0
      vertex -36.0438 1.05801 0
    endloop
  endfacet
  facet normal 0 0 -1
    outer loop
      vertex -32.6293 1.9103 0
      vertex -36.1879 1.23218 0
      vertex -36.3526 1.38692 0
    endloop
  endfacet
  facet normal 0 0 -1
    outer loop
      vertex -32.6293 1.9103 0
      vertex -36.3526 1.38692 0
      vertex -36.5355 1.51979 0
    endloop
  endfacet
  facet normal 0 0 -1
    outer loop
      vertex -32.3691 2.22478 0
      vertex -36.5355 1.51979 0
      vertex -36.7336 1.62869 0
    endloop
  endfacet
  facet normal 0 0 -1
    outer loop
      vertex -32.0716 2.50417 0
      vertex -36.7336 1.62869 0
      vertex -36.9438 1.7119 0
    endloop
  endfacet
  facet normal -0 0 -1
    outer loop
      vertex -32.0716 2.50417 0
      vertex -36.9438 1.7119 0
      vertex -29.9647 6.99013 0
    endloop
  endfacet
  facet normal 0 0 -1
    outer loop
      vertex -37.1627 1.76812 0
      vertex -29.9647 6.99013 0
      vertex -36.9438 1.7119 0
    endloop
  endfacet
  facet normal 0 0 -1
    outer loop
      vertex -37.387 1.79645 0
      vertex -29.9647 6.99013 0
      vertex -37.1627 1.76812 0
    endloop
  endfacet
  facet normal 0 0 -1
    outer loop
      vertex -37.613 1.79645 0
      vertex -29.9647 6.99013 0
      vertex -37.387 1.79645 0
    endloop
  endfacet
  facet normal 0 0 -1
    outer loop
      vertex -47.314 6.99013 0
      vertex -37.613 1.79645 0
      vertex -37.8373 1.76812 0
    endloop
  endfacet
  facet normal 0 0 -1
    outer loop
      vertex -43.2586 2.74407 0
      vertex -37.8373 1.76812 0
      vertex -38.0562 1.7119 0
    endloop
  endfacet
  facet normal 0 0 -1
    outer loop
      vertex -42.9284 2.50417 0
      vertex -38.0562 1.7119 0
      vertex -38.2664 1.62869 0
    endloop
  endfacet
  facet normal 0 0 -1
    outer loop
      vertex -42.6309 2.22478 0
      vertex -38.2664 1.62869 0
      vertex -38.4645 1.51979 0
    endloop
  endfacet
  facet normal 0 0 -1
    outer loop
      vertex -41.75 0 0
      vertex -39.2858 0.225599 0
      vertex -39.3 0 0
    endloop
  endfacet
  facet normal 0 0 -1
    outer loop
      vertex -41.7756 0.407332 0
      vertex -39.2858 0.225599 0
      vertex -41.75 0 0
    endloop
  endfacet
  facet normal 0 0 -1
    outer loop
      vertex -39.2858 0.225599 0
      vertex -41.7756 0.407332 0
      vertex -39.2435 0.447641 0
    endloop
  endfacet
  facet normal 0 0 -1
    outer loop
      vertex -41.8521 0.808242 0
      vertex -39.2435 0.447641 0
      vertex -41.7756 0.407332 0
    endloop
  endfacet
  facet normal 0 0 -1
    outer loop
      vertex -39.2435 0.447641 0
      vertex -41.8521 0.808242 0
      vertex -39.1736 0.662623 0
    endloop
  endfacet
  facet normal 0 0 -1
    outer loop
      vertex -39.1736 0.662623 0
      vertex -41.8521 0.808242 0
      vertex -39.0774 0.867156 0
    endloop
  endfacet
  facet normal 0 0 -1
    outer loop
      vertex -41.9782 1.1964 0
      vertex -39.0774 0.867156 0
      vertex -41.8521 0.808242 0
    endloop
  endfacet
  facet normal 0 0 -1
    outer loop
      vertex -39.0774 0.867156 0
      vertex -41.9782 1.1964 0
      vertex -38.9562 1.05801 0
    endloop
  endfacet
  facet normal 0 0 -1
    outer loop
      vertex -42.152 1.5657 0
      vertex -38.9562 1.05801 0
      vertex -41.9782 1.1964 0
    endloop
  endfacet
  facet normal 0 0 -1
    outer loop
      vertex -38.9562 1.05801 0
      vertex -42.152 1.5657 0
      vertex -38.8121 1.23218 0
    endloop
  endfacet
  facet normal 0 0 -1
    outer loop
      vertex -42.3707 1.9103 0
      vertex -38.8121 1.23218 0
      vertex -42.152 1.5657 0
    endloop
  endfacet
  facet normal 0 0 -1
    outer loop
      vertex -38.8121 1.23218 0
      vertex -42.3707 1.9103 0
      vertex -38.6474 1.38692 0
    endloop
  endfacet
  facet normal 0 0 -1
    outer loop
      vertex -38.6474 1.38692 0
      vertex -42.3707 1.9103 0
      vertex -38.4645 1.51979 0
    endloop
  endfacet
  facet normal 0 0 -1
    outer loop
      vertex -42.6309 2.22478 0
      vertex -38.4645 1.51979 0
      vertex -42.3707 1.9103 0
    endloop
  endfacet
  facet normal 0 0 -1
    outer loop
      vertex -38.2664 1.62869 0
      vertex -42.6309 2.22478 0
      vertex -42.9284 2.50417 0
    endloop
  endfacet
  facet normal 0 0 -1
    outer loop
      vertex -38.0562 1.7119 0
      vertex -42.9284 2.50417 0
      vertex -43.2586 2.74407 0
    endloop
  endfacet
  facet normal 0 0 -1
    outer loop
      vertex -37.8373 1.76812 0
      vertex -43.2586 2.74407 0
      vertex -47.314 6.99013 0
    endloop
  endfacet
  facet normal 0 0 -1
    outer loop
      vertex -47.314 6.99013 0
      vertex -43.2586 2.74407 0
      vertex -43.6162 2.94069 0
    endloop
  endfacet
  facet normal 0 0 -1
    outer loop
      vertex -47.314 6.99013 0
      vertex -43.6162 2.94069 0
      vertex -43.9957 3.09093 0
    endloop
  endfacet
  facet normal 0 0 -1
    outer loop
      vertex -47.314 6.99013 0
      vertex -43.9957 3.09093 0
      vertex -44.391 3.19243 0
    endloop
  endfacet
  facet normal 0 0 -1
    outer loop
      vertex -47.314 6.99013 0
      vertex -44.391 3.19243 0
      vertex -44.7959 3.24359 0
    endloop
  endfacet
  facet normal 0 0 -1
    outer loop
      vertex -47.314 6.99013 0
      vertex -44.7959 3.24359 0
      vertex -45.2041 3.24359 0
    endloop
  endfacet
  facet normal 0 0 -1
    outer loop
      vertex -47.314 6.99013 0
      vertex -45.2041 3.24359 0
      vertex -45.609 3.19243 0
    endloop
  endfacet
  facet normal 0 0 -1
    outer loop
      vertex -37.613 1.79645 0
      vertex -47.314 6.99013 0
      vertex -29.9647 6.99013 0
    endloop
  endfacet
  facet normal 0 0 -1
    outer loop
      vertex -46.0043 3.09093 0
      vertex -47.314 6.99013 0
      vertex -45.609 3.19243 0
    endloop
  endfacet
  facet normal 0 0 -1
    outer loop
      vertex -46.3838 2.94069 0
      vertex -47.314 6.99013 0
      vertex -46.0043 3.09093 0
    endloop
  endfacet
  facet normal 0 0 -1
    outer loop
      vertex -47.9369 6.91144 0
      vertex -46.3838 2.94069 0
      vertex -46.7414 2.74407 0
    endloop
  endfacet
  facet normal 0 0 -1
    outer loop
      vertex -49.1289 6.52413 0
      vertex -46.7414 2.74407 0
      vertex -47.0716 2.50417 0
    endloop
  endfacet
  facet normal 0 0 -1
    outer loop
      vertex -50.1871 5.85257 0
      vertex -47.0716 2.50417 0
      vertex -47.3691 2.22478 0
    endloop
  endfacet
  facet normal 0 0 -1
    outer loop
      vertex -51.0451 4.93893 0
      vertex -47.3691 2.22478 0
      vertex -47.6293 1.9103 0
    endloop
  endfacet
  facet normal 0 0 -1
    outer loop
      vertex -51.6489 3.84062 0
      vertex -47.6293 1.9103 0
      vertex -47.848 1.5657 0
    endloop
  endfacet
  facet normal 0 0 -1
    outer loop
      vertex -46.3838 2.94069 0
      vertex -47.9369 6.91144 0
      vertex -47.314 6.99013 0
    endloop
  endfacet
  facet normal 0 0 -1
    outer loop
      vertex -51.9606 2.62667 0
      vertex -47.848 1.5657 0
      vertex -48.0218 1.1964 0
    endloop
  endfacet
  facet normal 0 0 -1
    outer loop
      vertex -52 2 0
      vertex -48.0218 1.1964 0
      vertex -48.1479 0.808242 0
    endloop
  endfacet
  facet normal 0 0 -1
    outer loop
      vertex -52 2 0
      vertex -48.1479 0.808242 0
      vertex -48.2244 0.407332 0
    endloop
  endfacet
  facet normal 0 0 -1
    outer loop
      vertex -52 2 0
      vertex -48.2244 0.407332 0
      vertex -48.25 0 0
    endloop
  endfacet
  facet normal 0 0 -1
    outer loop
      vertex -46.7414 2.74407 0
      vertex -48.5451 6.75528 0
      vertex -47.9369 6.91144 0
    endloop
  endfacet
  facet normal 0 0 -1
    outer loop
      vertex -51.3815 -4.40877 0
      vertex -47.6293 -1.9103 0
      vertex -51.0451 -4.93893 0
    endloop
  endfacet
  facet normal 0 0 -1
    outer loop
      vertex -51.6489 -3.84062 0
      vertex -47.6293 -1.9103 0
      vertex -51.3815 -4.40877 0
    endloop
  endfacet
  facet normal 0 0 -1
    outer loop
      vertex -52 2 0
      vertex -48.25 0 0
      vertex -52 -2 0
    endloop
  endfacet
  facet normal -0 0 -1
    outer loop
      vertex -47.6293 -1.9103 0
      vertex -51.6489 -3.84062 0
      vertex -47.848 -1.5657 0
    endloop
  endfacet
  facet normal 0 0 -1
    outer loop
      vertex -48.0218 1.1964 0
      vertex -52 2 0
      vertex -51.9606 2.62667 0
    endloop
  endfacet
  facet normal 0 0 -1
    outer loop
      vertex -51.8429 -3.24345 0
      vertex -47.848 -1.5657 0
      vertex -51.6489 -3.84062 0
    endloop
  endfacet
  facet normal 0 0 -1
    outer loop
      vertex -46.7414 2.74407 0
      vertex -49.1289 6.52413 0
      vertex -48.5451 6.75528 0
    endloop
  endfacet
  facet normal 0 0 -1
    outer loop
      vertex -51.9606 -2.62667 0
      vertex -47.848 -1.5657 0
      vertex -51.8429 -3.24345 0
    endloop
  endfacet
  facet normal 0 0 -1
    outer loop
      vertex -47.0716 2.50417 0
      vertex -49.6791 6.22164 0
      vertex -49.1289 6.52413 0
    endloop
  endfacet
  facet normal -0 0 -1
    outer loop
      vertex -47.848 -1.5657 0
      vertex -51.9606 -2.62667 0
      vertex -48.0218 -1.1964 0
    endloop
  endfacet
  facet normal 0 0 -1
    outer loop
      vertex -47.0716 2.50417 0
      vertex -50.1871 5.85257 0
      vertex -49.6791 6.22164 0
    endloop
  endfacet
  facet normal 0 0 -1
    outer loop
      vertex -52 -2 0
      vertex -48.0218 -1.1964 0
      vertex -51.9606 -2.62667 0
    endloop
  endfacet
  facet normal 0 0 -1
    outer loop
      vertex -47.3691 2.22478 0
      vertex -50.6448 5.42274 0
      vertex -50.1871 5.85257 0
    endloop
  endfacet
  facet normal -0 0 -1
    outer loop
      vertex -48.0218 -1.1964 0
      vertex -52 -2 0
      vertex -48.1479 -0.808242 0
    endloop
  endfacet
  facet normal 0 0 -1
    outer loop
      vertex -47.3691 2.22478 0
      vertex -51.0451 4.93893 0
      vertex -50.6448 5.42274 0
    endloop
  endfacet
  facet normal -0 0 -1
    outer loop
      vertex -48.1479 -0.808242 0
      vertex -52 -2 0
      vertex -48.2244 -0.407332 0
    endloop
  endfacet
  facet normal 0 0 -1
    outer loop
      vertex -47.6293 1.9103 0
      vertex -51.3815 4.40877 0
      vertex -51.0451 4.93893 0
    endloop
  endfacet
  facet normal -0 0 -1
    outer loop
      vertex -48.2244 -0.407332 0
      vertex -52 -2 0
      vertex -48.25 0 0
    endloop
  endfacet
  facet normal 0 0 -1
    outer loop
      vertex -47.6293 1.9103 0
      vertex -51.6489 3.84062 0
      vertex -51.3815 4.40877 0
    endloop
  endfacet
  facet normal 0 0 -1
    outer loop
      vertex -47.848 1.5657 0
      vertex -51.8429 3.24345 0
      vertex -51.6489 3.84062 0
    endloop
  endfacet
  facet normal 0 0 -1
    outer loop
      vertex -47.848 1.5657 0
      vertex -51.9606 2.62667 0
      vertex -51.8429 3.24345 0
    endloop
  endfacet
  facet normal 0 0 -1
    outer loop
      vertex -6.04377 1.05801 0
      vertex -3.02177 1.1964 0
      vertex -5.92265 0.867156 0
    endloop
  endfacet
  facet normal -0 0 -1
    outer loop
      vertex -3.02177 1.1964 0
      vertex -6.04377 1.05801 0
      vertex -2.848 1.5657 0
    endloop
  endfacet
  facet normal 0 0 -1
    outer loop
      vertex -6.18786 1.23218 0
      vertex -2.848 1.5657 0
      vertex -6.04377 1.05801 0
    endloop
  endfacet
  facet normal -0 0 -1
    outer loop
      vertex -2.848 1.5657 0
      vertex -6.18786 1.23218 0
      vertex -2.6293 1.9103 0
    endloop
  endfacet
  facet normal 0 0 -1
    outer loop
      vertex -6.35264 1.38692 0
      vertex -2.6293 1.9103 0
      vertex -6.18786 1.23218 0
    endloop
  endfacet
  facet normal 0 0 -1
    outer loop
      vertex -6.53551 1.51979 0
      vertex -2.6293 1.9103 0
      vertex -6.35264 1.38692 0
    endloop
  endfacet
  facet normal -0 0 -1
    outer loop
      vertex -2.6293 1.9103 0
      vertex -6.53551 1.51979 0
      vertex -2.36915 2.22478 0
    endloop
  endfacet
  facet normal 0 0 -1
    outer loop
      vertex -6.7336 1.62869 0
      vertex -2.36915 2.22478 0
      vertex -6.53551 1.51979 0
    endloop
  endfacet
  facet normal 0 0 -1
    outer loop
      vertex -6.94377 1.7119 0
      vertex -2.36915 2.22478 0
      vertex -6.7336 1.62869 0
    endloop
  endfacet
  facet normal 0 0 -1
    outer loop
      vertex -7.16271 1.76812 0
      vertex -2.36915 2.22478 0
      vertex -6.94377 1.7119 0
    endloop
  endfacet
  facet normal -0 0 -1
    outer loop
      vertex -2.36915 2.22478 0
      vertex -7.16271 1.76812 0
      vertex -4.38972 20.7817 0
    endloop
  endfacet
  facet normal 0 0 -1
    outer loop
      vertex -7.38698 1.79645 0
      vertex -4.38972 20.7817 0
      vertex -7.16271 1.76812 0
    endloop
  endfacet
  facet normal 0 0 -1
    outer loop
      vertex -7.61302 1.79645 0
      vertex -4.38972 20.7817 0
      vertex -7.38698 1.79645 0
    endloop
  endfacet
  facet normal 0 0 -1
    outer loop
      vertex -10.9609 20.7817 0
      vertex -7.61302 1.79645 0
      vertex -7.83729 1.76812 0
    endloop
  endfacet
  facet normal 0 0 -1
    outer loop
      vertex -10.9609 20.7817 0
      vertex -7.83729 1.76812 0
      vertex -8.05623 1.7119 0
    endloop
  endfacet
  facet normal 0 0 -1
    outer loop
      vertex -10.9609 20.7817 0
      vertex -8.05623 1.7119 0
      vertex -8.2664 1.62869 0
    endloop
  endfacet
  facet normal 0 0 -1
    outer loop
      vertex -10.9609 20.7817 0
      vertex -8.2664 1.62869 0
      vertex -8.46449 1.51979 0
    endloop
  endfacet
  facet normal 0 0 -1
    outer loop
      vertex -10.9609 20.7817 0
      vertex -8.46449 1.51979 0
      vertex -8.64736 1.38692 0
    endloop
  endfacet
  facet normal 0 0 -1
    outer loop
      vertex -10.9609 20.7817 0
      vertex -8.64736 1.38692 0
      vertex -8.81214 1.23218 0
    endloop
  endfacet
  facet normal 0 0 -1
    outer loop
      vertex -10.9609 20.7817 0
      vertex -8.81214 1.23218 0
      vertex -8.95623 1.05801 0
    endloop
  endfacet
  facet normal 0 0 -1
    outer loop
      vertex -10.9609 20.7817 0
      vertex -8.95623 1.05801 0
      vertex -9.07735 0.867156 0
    endloop
  endfacet
  facet normal 0 0 -1
    outer loop
      vertex -10.9609 20.7817 0
      vertex -9.07735 0.867156 0
      vertex -9.1736 0.662623 0
    endloop
  endfacet
  facet normal 0 0 -1
    outer loop
      vertex -10.9609 20.7817 0
      vertex -9.1736 0.662623 0
      vertex -9.24345 0.447641 0
    endloop
  endfacet
  facet normal 0 0 -1
    outer loop
      vertex -7.61302 1.79645 0
      vertex -10.9609 20.7817 0
      vertex -4.38972 20.7817 0
    endloop
  endfacet
  facet normal 0 0 -1
    outer loop
      vertex -9.28581 0.225599 0
      vertex -10.9609 20.7817 0
      vertex -9.24345 0.447641 0
    endloop
  endfacet
  facet normal 0 0 -1
    outer loop
      vertex -10.9609 20.7817 0
      vertex -9.28581 0.225599 0
      vertex -9.3 0 0
    endloop
  endfacet
  facet normal -0.951072 -0.30897 0
    outer loop
      vertex -51.6489 -3.84062 0
      vertex -51.8429 -3.24345 3
      vertex -51.8429 -3.24345 0
    endloop
  endfacet
  facet normal -0.951072 -0.30897 0
    outer loop
      vertex -51.8429 -3.24345 3
      vertex -51.6489 -3.84062 0
      vertex -51.6489 -3.84062 3
    endloop
  endfacet
  facet normal -0.770468 -0.637478 0
    outer loop
      vertex -50.6448 -5.42274 0
      vertex -51.0451 -4.93893 3
      vertex -51.0451 -4.93893 0
    endloop
  endfacet
  facet normal -0.770468 -0.637478 0
    outer loop
      vertex -51.0451 -4.93893 3
      vertex -50.6448 -5.42274 0
      vertex -50.6448 -5.42274 3
    endloop
  endfacet
  facet normal -0.904797 -0.425843 0
    outer loop
      vertex -51.3815 -4.40877 0
      vertex -51.6489 -3.84062 3
      vertex -51.6489 -3.84062 0
    endloop
  endfacet
  facet normal -0.904797 -0.425843 0
    outer loop
      vertex -51.6489 -3.84062 3
      vertex -51.3815 -4.40877 0
      vertex -51.3815 -4.40877 3
    endloop
  endfacet
  facet normal -0.248691 -0.968583 0
    outer loop
      vertex -48.5451 -6.75528 0
      vertex -47.9369 -6.91144 3
      vertex -48.5451 -6.75528 3
    endloop
  endfacet
  facet normal -0.248691 -0.968583 -0
    outer loop
      vertex -47.9369 -6.91144 3
      vertex -48.5451 -6.75528 0
      vertex -47.9369 -6.91144 0
    endloop
  endfacet
  facet normal -0.587771 -0.809027 0
    outer loop
      vertex -50.1871 -5.85257 0
      vertex -49.6791 -6.22164 3
      vertex -50.1871 -5.85257 3
    endloop
  endfacet
  facet normal -0.587771 -0.809027 -0
    outer loop
      vertex -49.6791 -6.22164 3
      vertex -50.1871 -5.85257 0
      vertex -49.6791 -6.22164 0
    endloop
  endfacet
  facet normal 0.998029 -0.0627481 0
    outer loop
      vertex 51.9606 -2.62667 3
      vertex 52 -2 0
      vertex 52 -2 3
    endloop
  endfacet
  facet normal 0.998029 -0.0627481 0
    outer loop
      vertex 52 -2 0
      vertex 51.9606 -2.62667 3
      vertex 51.9606 -2.62667 0
    endloop
  endfacet
  facet normal 0.844364 -0.53577 0
    outer loop
      vertex 51.0451 -4.93893 3
      vertex 51.3815 -4.40877 0
      vertex 51.3815 -4.40877 3
    endloop
  endfacet
  facet normal 0.844364 -0.53577 0
    outer loop
      vertex 51.3815 -4.40877 0
      vertex 51.0451 -4.93893 3
      vertex 51.0451 -4.93893 0
    endloop
  endfacet
  facet normal 0.587771 -0.809027 0
    outer loop
      vertex 49.6791 -6.22164 0
      vertex 50.1871 -5.85257 3
      vertex 49.6791 -6.22164 3
    endloop
  endfacet
  facet normal 0.587771 -0.809027 0
    outer loop
      vertex 50.1871 -5.85257 3
      vertex 49.6791 -6.22164 0
      vertex 50.1871 -5.85257 0
    endloop
  endfacet
  facet normal 0.770468 -0.637478 0
    outer loop
      vertex 50.6448 -5.42274 3
      vertex 51.0451 -4.93893 0
      vertex 51.0451 -4.93893 3
    endloop
  endfacet
  facet normal 0.770468 -0.637478 0
    outer loop
      vertex 51.0451 -4.93893 0
      vertex 50.6448 -5.42274 3
      vertex 50.6448 -5.42274 0
    endloop
  endfacet
  facet normal 0.368135 -0.929773 0
    outer loop
      vertex 48.5451 -6.75528 0
      vertex 49.1289 -6.52413 3
      vertex 48.5451 -6.75528 3
    endloop
  endfacet
  facet normal 0.368135 -0.929773 0
    outer loop
      vertex 49.1289 -6.52413 3
      vertex 48.5451 -6.75528 0
      vertex 49.1289 -6.52413 0
    endloop
  endfacet
  facet normal 0.125332 -0.992115 0
    outer loop
      vertex 47.314 -6.99013 0
      vertex 47.9369 -6.91144 3
      vertex 47.314 -6.99013 3
    endloop
  endfacet
  facet normal 0.125332 -0.992115 0
    outer loop
      vertex 47.9369 -6.91144 3
      vertex 47.314 -6.99013 0
      vertex 47.9369 -6.91144 0
    endloop
  endfacet
  facet normal 0.770468 0.637478 0
    outer loop
      vertex 51.0451 4.93893 3
      vertex 50.6448 5.42274 0
      vertex 50.6448 5.42274 3
    endloop
  endfacet
  facet normal 0.770468 0.637478 0
    outer loop
      vertex 50.6448 5.42274 0
      vertex 51.0451 4.93893 3
      vertex 51.0451 4.93893 0
    endloop
  endfacet
  facet normal 0.844364 0.53577 0
    outer loop
      vertex 51.3815 4.40877 3
      vertex 51.0451 4.93893 0
      vertex 51.0451 4.93893 3
    endloop
  endfacet
  facet normal 0.844364 0.53577 0
    outer loop
      vertex 51.0451 4.93893 0
      vertex 51.3815 4.40877 3
      vertex 51.3815 4.40877 0
    endloop
  endfacet
  facet normal 0.587771 0.809027 -0
    outer loop
      vertex 50.1871 5.85257 0
      vertex 49.6791 6.22164 3
      vertex 50.1871 5.85257 3
    endloop
  endfacet
  facet normal 0.587771 0.809027 0
    outer loop
      vertex 49.6791 6.22164 3
      vertex 50.1871 5.85257 0
      vertex 49.6791 6.22164 0
    endloop
  endfacet
  facet normal 0.481772 0.876297 -0
    outer loop
      vertex 49.6791 6.22164 0
      vertex 49.1289 6.52413 3
      vertex 49.6791 6.22164 3
    endloop
  endfacet
  facet normal 0.481772 0.876297 0
    outer loop
      vertex 49.1289 6.52413 3
      vertex 49.6791 6.22164 0
      vertex 49.1289 6.52413 0
    endloop
  endfacet
  facet normal -0.125332 0.992115 0
    outer loop
      vertex -47.314 6.99013 0
      vertex -47.9369 6.91144 3
      vertex -47.314 6.99013 3
    endloop
  endfacet
  facet normal -0.125332 0.992115 0
    outer loop
      vertex -47.9369 6.91144 3
      vertex -47.314 6.99013 0
      vertex -47.9369 6.91144 0
    endloop
  endfacet
  facet normal -0.982275 0.187447 0
    outer loop
      vertex -51.9606 2.62667 0
      vertex -51.8429 3.24345 3
      vertex -51.8429 3.24345 0
    endloop
  endfacet
  facet normal -0.982275 0.187447 0
    outer loop
      vertex -51.8429 3.24345 3
      vertex -51.9606 2.62667 0
      vertex -51.9606 2.62667 3
    endloop
  endfacet
  facet normal -0.951072 0.30897 0
    outer loop
      vertex -51.8429 3.24345 0
      vertex -51.6489 3.84062 3
      vertex -51.6489 3.84062 0
    endloop
  endfacet
  facet normal -0.951072 0.30897 0
    outer loop
      vertex -51.6489 3.84062 3
      vertex -51.8429 3.24345 0
      vertex -51.8429 3.24345 3
    endloop
  endfacet
  facet normal -0.982275 -0.187447 0
    outer loop
      vertex -51.8429 -3.24345 0
      vertex -51.9606 -2.62667 3
      vertex -51.9606 -2.62667 0
    endloop
  endfacet
  facet normal -0.982275 -0.187447 0
    outer loop
      vertex -51.9606 -2.62667 3
      vertex -51.8429 -3.24345 0
      vertex -51.8429 -3.24345 3
    endloop
  endfacet
  facet normal -0.844364 -0.53577 0
    outer loop
      vertex -51.0451 -4.93893 0
      vertex -51.3815 -4.40877 3
      vertex -51.3815 -4.40877 0
    endloop
  endfacet
  facet normal -0.844364 -0.53577 0
    outer loop
      vertex -51.3815 -4.40877 3
      vertex -51.0451 -4.93893 0
      vertex -51.0451 -4.93893 3
    endloop
  endfacet
  facet normal -0.125332 -0.992115 0
    outer loop
      vertex -47.9369 -6.91144 0
      vertex -47.314 -6.99013 3
      vertex -47.9369 -6.91144 3
    endloop
  endfacet
  facet normal -0.125332 -0.992115 -0
    outer loop
      vertex -47.314 -6.99013 3
      vertex -47.9369 -6.91144 0
      vertex -47.314 -6.99013 0
    endloop
  endfacet
  facet normal -0.481772 -0.876297 0
    outer loop
      vertex -49.6791 -6.22164 0
      vertex -49.1289 -6.52413 3
      vertex -49.6791 -6.22164 3
    endloop
  endfacet
  facet normal -0.481772 -0.876297 -0
    outer loop
      vertex -49.1289 -6.52413 3
      vertex -49.6791 -6.22164 0
      vertex -49.1289 -6.52413 0
    endloop
  endfacet
  facet normal 0.982275 -0.187447 0
    outer loop
      vertex 51.8429 -3.24345 3
      vertex 51.9606 -2.62667 0
      vertex 51.9606 -2.62667 3
    endloop
  endfacet
  facet normal 0.982275 -0.187447 0
    outer loop
      vertex 51.9606 -2.62667 0
      vertex 51.8429 -3.24345 3
      vertex 51.8429 -3.24345 0
    endloop
  endfacet
  facet normal 0.684565 -0.728952 0
    outer loop
      vertex 50.1871 -5.85257 0
      vertex 50.6448 -5.42274 3
      vertex 50.1871 -5.85257 3
    endloop
  endfacet
  facet normal 0.684565 -0.728952 0
    outer loop
      vertex 50.6448 -5.42274 3
      vertex 50.1871 -5.85257 0
      vertex 50.6448 -5.42274 0
    endloop
  endfacet
  facet normal 0.481772 -0.876297 0
    outer loop
      vertex 49.1289 -6.52413 0
      vertex 49.6791 -6.22164 3
      vertex 49.1289 -6.52413 3
    endloop
  endfacet
  facet normal 0.481772 -0.876297 0
    outer loop
      vertex 49.6791 -6.22164 3
      vertex 49.1289 -6.52413 0
      vertex 49.6791 -6.22164 0
    endloop
  endfacet
  facet normal 0.248691 -0.968583 0
    outer loop
      vertex 47.9369 -6.91144 0
      vertex 48.5451 -6.75528 3
      vertex 47.9369 -6.91144 3
    endloop
  endfacet
  facet normal 0.248691 -0.968583 0
    outer loop
      vertex 48.5451 -6.75528 3
      vertex 47.9369 -6.91144 0
      vertex 48.5451 -6.75528 0
    endloop
  endfacet
  facet normal -0.684565 0.728952 0
    outer loop
      vertex -50.1871 5.85257 0
      vertex -50.6448 5.42274 3
      vertex -50.1871 5.85257 3
    endloop
  endfacet
  facet normal -0.684565 0.728952 0
    outer loop
      vertex -50.6448 5.42274 3
      vertex -50.1871 5.85257 0
      vertex -50.6448 5.42274 0
    endloop
  endfacet
  facet normal -0.587771 0.809027 0
    outer loop
      vertex -49.6791 6.22164 0
      vertex -50.1871 5.85257 3
      vertex -49.6791 6.22164 3
    endloop
  endfacet
  facet normal -0.587771 0.809027 0
    outer loop
      vertex -50.1871 5.85257 3
      vertex -49.6791 6.22164 0
      vertex -50.1871 5.85257 0
    endloop
  endfacet
  facet normal -0.368135 0.929773 0
    outer loop
      vertex -48.5451 6.75528 0
      vertex -49.1289 6.52413 3
      vertex -48.5451 6.75528 3
    endloop
  endfacet
  facet normal -0.368135 0.929773 0
    outer loop
      vertex -49.1289 6.52413 3
      vertex -48.5451 6.75528 0
      vertex -49.1289 6.52413 0
    endloop
  endfacet
  facet normal -0.844364 0.53577 0
    outer loop
      vertex -51.3815 4.40877 0
      vertex -51.0451 4.93893 3
      vertex -51.0451 4.93893 0
    endloop
  endfacet
  facet normal -0.844364 0.53577 0
    outer loop
      vertex -51.0451 4.93893 3
      vertex -51.3815 4.40877 0
      vertex -51.3815 4.40877 3
    endloop
  endfacet
  facet normal -0.770468 0.637478 0
    outer loop
      vertex -51.0451 4.93893 0
      vertex -50.6448 5.42274 3
      vertex -50.6448 5.42274 0
    endloop
  endfacet
  facet normal -0.770468 0.637478 0
    outer loop
      vertex -50.6448 5.42274 3
      vertex -51.0451 4.93893 0
      vertex -51.0451 4.93893 3
    endloop
  endfacet
  facet normal -0.904797 0.425843 0
    outer loop
      vertex -51.6489 3.84062 0
      vertex -51.3815 4.40877 3
      vertex -51.3815 4.40877 0
    endloop
  endfacet
  facet normal -0.904797 0.425843 0
    outer loop
      vertex -51.3815 4.40877 3
      vertex -51.6489 3.84062 0
      vertex -51.6489 3.84062 3
    endloop
  endfacet
  facet normal 0.982275 0.187447 0
    outer loop
      vertex 51.9606 2.62667 3
      vertex 51.8429 3.24345 0
      vertex 51.8429 3.24345 3
    endloop
  endfacet
  facet normal 0.982275 0.187447 0
    outer loop
      vertex 51.8429 3.24345 0
      vertex 51.9606 2.62667 3
      vertex 51.9606 2.62667 0
    endloop
  endfacet
  facet normal 0.998029 0.0627481 0
    outer loop
      vertex 52 2 3
      vertex 51.9606 2.62667 0
      vertex 51.9606 2.62667 3
    endloop
  endfacet
  facet normal 0.998029 0.0627481 0
    outer loop
      vertex 51.9606 2.62667 0
      vertex 52 2 3
      vertex 52 2 0
    endloop
  endfacet
  facet normal 0.146447 -0.989219 0
    outer loop
      vertex 6.7091 6.99013 0
      vertex 6.95923 7.02716 3
      vertex 6.7091 6.99013 3
    endloop
  endfacet
  facet normal 0.146447 -0.989219 0
    outer loop
      vertex 6.95923 7.02716 3
      vertex 6.7091 6.99013 0
      vertex 6.95923 7.02716 0
    endloop
  endfacet
  facet normal 0.257157 -0.96637 0
    outer loop
      vertex 6.95923 7.02716 0
      vertex 11.3438 8.19392 3
      vertex 6.95923 7.02716 3
    endloop
  endfacet
  facet normal 0.257157 -0.96637 0
    outer loop
      vertex 11.3438 8.19392 3
      vertex 6.95923 7.02716 0
      vertex 11.3438 8.19392 0
    endloop
  endfacet
  facet normal 0.374842 -0.927089 0
    outer loop
      vertex 11.3438 8.19392 0
      vertex 15.3838 9.82738 3
      vertex 11.3438 8.19392 3
    endloop
  endfacet
  facet normal 0.374842 -0.927089 0
    outer loop
      vertex 15.3838 9.82738 3
      vertex 11.3438 8.19392 0
      vertex 15.3838 9.82738 0
    endloop
  endfacet
  facet normal 0.494061 -0.869427 0
    outer loop
      vertex 15.3838 9.82738 0
      vertex 19.0795 11.9275 3
      vertex 15.3838 9.82738 3
    endloop
  endfacet
  facet normal 0.494061 -0.869427 0
    outer loop
      vertex 19.0795 11.9275 3
      vertex 15.3838 9.82738 0
      vertex 19.0795 11.9275 0
    endloop
  endfacet
  facet normal 0.608092 -0.793867 0
    outer loop
      vertex 19.0795 11.9275 0
      vertex 22.4306 14.4944 3
      vertex 19.0795 11.9275 3
    endloop
  endfacet
  facet normal 0.608092 -0.793867 0
    outer loop
      vertex 22.4306 14.4944 3
      vertex 19.0795 11.9275 0
      vertex 22.4306 14.4944 0
    endloop
  endfacet
  facet normal 0.710237 -0.703963 0
    outer loop
      vertex 22.4306 14.4944 3
      vertex 25.4374 17.528 0
      vertex 25.4374 17.528 3
    endloop
  endfacet
  facet normal 0.710237 -0.703963 0
    outer loop
      vertex 25.4374 17.528 0
      vertex 22.4306 14.4944 3
      vertex 22.4306 14.4944 0
    endloop
  endfacet
  facet normal 0.796511 -0.604624 0
    outer loop
      vertex 25.4374 17.528 3
      vertex 28.0697 20.9957 0
      vertex 28.0697 20.9957 3
    endloop
  endfacet
  facet normal 0.796511 -0.604624 0
    outer loop
      vertex 28.0697 20.9957 0
      vertex 25.4374 17.528 3
      vertex 25.4374 17.528 0
    endloop
  endfacet
  facet normal 0.866626 -0.498959 0
    outer loop
      vertex 28.0697 20.9957 3
      vertex 30.2971 24.8644 0
      vertex 30.2971 24.8644 3
    endloop
  endfacet
  facet normal 0.866626 -0.498959 0
    outer loop
      vertex 30.2971 24.8644 0
      vertex 28.0697 20.9957 3
      vertex 28.0697 20.9957 0
    endloop
  endfacet
  facet normal 0.919735 -0.392541 0
    outer loop
      vertex 30.2971 24.8644 3
      vertex 32.1194 29.1341 0
      vertex 32.1194 29.1341 3
    endloop
  endfacet
  facet normal 0.919735 -0.392541 0
    outer loop
      vertex 32.1194 29.1341 0
      vertex 30.2971 24.8644 3
      vertex 30.2971 24.8644 0
    endloop
  endfacet
  facet normal 0.956909 -0.290389 0
    outer loop
      vertex 32.1194 29.1341 3
      vertex 33.5368 33.8048 0
      vertex 33.5368 33.8048 3
    endloop
  endfacet
  facet normal 0.956909 -0.290389 0
    outer loop
      vertex 33.5368 33.8048 0
      vertex 32.1194 29.1341 3
      vertex 32.1194 29.1341 0
    endloop
  endfacet
  facet normal 0.98065 -0.19577 0
    outer loop
      vertex 33.5368 33.8048 3
      vertex 34.5493 38.8766 0
      vertex 34.5493 38.8766 3
    endloop
  endfacet
  facet normal 0.98065 -0.19577 0
    outer loop
      vertex 34.5493 38.8766 0
      vertex 33.5368 33.8048 3
      vertex 33.5368 33.8048 0
    endloop
  endfacet
  facet normal 0.993897 -0.110308 0
    outer loop
      vertex 34.5493 38.8766 3
      vertex 35.1567 44.3494 0
      vertex 35.1567 44.3494 3
    endloop
  endfacet
  facet normal 0.993897 -0.110308 0
    outer loop
      vertex 35.1567 44.3494 0
      vertex 34.5493 38.8766 3
      vertex 34.5493 38.8766 0
    endloop
  endfacet
  facet normal 0.999406 -0.0344547 0
    outer loop
      vertex 35.1567 44.3494 3
      vertex 35.3592 50.2232 0
      vertex 35.3592 50.2232 3
    endloop
  endfacet
  facet normal 0.999406 -0.0344547 0
    outer loop
      vertex 35.3592 50.2232 0
      vertex 35.1567 44.3494 3
      vertex 35.1567 44.3494 0
    endloop
  endfacet
  facet normal 0.999354 0.0359255 0
    outer loop
      vertex 35.3592 50.2232 3
      vertex 35.1456 56.165 0
      vertex 35.1456 56.165 3
    endloop
  endfacet
  facet normal 0.999354 0.0359255 0
    outer loop
      vertex 35.1456 56.165 0
      vertex 35.3592 50.2232 3
      vertex 35.3592 50.2232 0
    endloop
  endfacet
  facet normal 0.993261 0.115895 0
    outer loop
      vertex 35.1456 56.165 3
      vertex 34.5046 61.6586 0
      vertex 34.5046 61.6586 3
    endloop
  endfacet
  facet normal 0.993261 0.115895 0
    outer loop
      vertex 34.5046 61.6586 0
      vertex 35.1456 56.165 3
      vertex 35.1456 56.165 0
    endloop
  endfacet
  facet normal 0.978309 0.207153 0
    outer loop
      vertex 34.5046 61.6586 3
      vertex 33.4363 66.7038 0
      vertex 33.4363 66.7038 3
    endloop
  endfacet
  facet normal 0.978309 0.207153 0
    outer loop
      vertex 33.4363 66.7038 0
      vertex 34.5046 61.6586 3
      vertex 34.5046 61.6586 0
    endloop
  endfacet
  facet normal 0.950944 0.309362 0
    outer loop
      vertex 33.4363 66.7038 3
      vertex 31.9408 71.3008 0
      vertex 31.9408 71.3008 3
    endloop
  endfacet
  facet normal 0.950944 0.309362 0
    outer loop
      vertex 31.9408 71.3008 0
      vertex 33.4363 66.7038 3
      vertex 33.4363 66.7038 0
    endloop
  endfacet
  facet normal 0.907275 0.420537 0
    outer loop
      vertex 31.9408 71.3008 3
      vertex 30.0179 75.4493 0
      vertex 30.0179 75.4493 3
    endloop
  endfacet
  facet normal 0.907275 0.420537 0
    outer loop
      vertex 30.0179 75.4493 0
      vertex 31.9408 71.3008 3
      vertex 31.9408 71.3008 0
    endloop
  endfacet
  facet normal 0.84413 0.536139 0
    outer loop
      vertex 30.0179 75.4493 3
      vertex 27.6677 79.1496 0
      vertex 27.6677 79.1496 3
    endloop
  endfacet
  facet normal 0.84413 0.536139 0
    outer loop
      vertex 27.6677 79.1496 0
      vertex 30.0179 75.4493 3
      vertex 30.0179 75.4493 0
    endloop
  endfacet
  facet normal 0.760403 0.649452 0
    outer loop
      vertex 27.6677 79.1496 3
      vertex 24.8902 82.4016 0
      vertex 24.8902 82.4016 3
    endloop
  endfacet
  facet normal 0.760403 0.649452 0
    outer loop
      vertex 24.8902 82.4016 0
      vertex 27.6677 79.1496 3
      vertex 27.6677 79.1496 0
    endloop
  endfacet
  facet normal 0.659044 0.752105 -0
    outer loop
      vertex 24.8902 82.4016 0
      vertex 21.6817 85.2131 3
      vertex 24.8902 82.4016 3
    endloop
  endfacet
  facet normal 0.659044 0.752105 0
    outer loop
      vertex 21.6817 85.2131 3
      vertex 24.8902 82.4016 0
      vertex 21.6817 85.2131 0
    endloop
  endfacet
  facet normal 0.546683 0.83734 -0
    outer loop
      vertex 21.6817 85.2131 0
      vertex 18.038 87.592 3
      vertex 21.6817 85.2131 3
    endloop
  endfacet
  facet normal 0.546683 0.83734 0
    outer loop
      vertex 18.038 87.592 3
      vertex 21.6817 85.2131 0
      vertex 18.038 87.592 0
    endloop
  endfacet
  facet normal 0.430685 0.902502 -0
    outer loop
      vertex 18.038 87.592 0
      vertex 13.9591 89.5385 3
      vertex 18.038 87.592 3
    endloop
  endfacet
  facet normal 0.430685 0.902502 0
    outer loop
      vertex 13.9591 89.5385 3
      vertex 18.038 87.592 0
      vertex 13.9591 89.5385 0
    endloop
  endfacet
  facet normal 0.317966 0.948102 -0
    outer loop
      vertex 13.9591 89.5385 0
      vertex 9.44499 91.0524 3
      vertex 13.9591 89.5385 3
    endloop
  endfacet
  facet normal 0.317966 0.948102 0
    outer loop
      vertex 9.44499 91.0524 3
      vertex 13.9591 89.5385 0
      vertex 9.44499 91.0524 0
    endloop
  endfacet
  facet normal 0.213439 0.976956 -0
    outer loop
      vertex 9.44499 91.0524 0
      vertex 4.49564 92.1337 3
      vertex 9.44499 91.0524 3
    endloop
  endfacet
  facet normal 0.213439 0.976956 0
    outer loop
      vertex 4.49564 92.1337 3
      vertex 9.44499 91.0524 0
      vertex 4.49564 92.1337 0
    endloop
  endfacet
  facet normal 0.119628 0.992819 -0
    outer loop
      vertex 4.49564 92.1337 0
      vertex -0.888901 92.7825 3
      vertex 4.49564 92.1337 3
    endloop
  endfacet
  facet normal 0.119628 0.992819 0
    outer loop
      vertex -0.888901 92.7825 3
      vertex 4.49564 92.1337 0
      vertex -0.888901 92.7825 0
    endloop
  endfacet
  facet normal 0.0371407 0.99931 -0
    outer loop
      vertex -0.888901 92.7825 0
      vertex -6.70868 92.9988 3
      vertex -0.888901 92.7825 3
    endloop
  endfacet
  facet normal 0.0371407 0.99931 0
    outer loop
      vertex -6.70868 92.9988 3
      vertex -0.888901 92.7825 0
      vertex -6.70868 92.9988 0
    endloop
  endfacet
  facet normal 0 1 -0
    outer loop
      vertex -6.70868 92.9988 0
      vertex -29.9647 92.9988 3
      vertex -6.70868 92.9988 3
    endloop
  endfacet
  facet normal 0 1 0
    outer loop
      vertex -29.9647 92.9988 3
      vertex -6.70868 92.9988 0
      vertex -29.9647 92.9988 0
    endloop
  endfacet
  facet normal -1 0 0
    outer loop
      vertex -29.9647 6.99013 0
      vertex -29.9647 92.9988 3
      vertex -29.9647 92.9988 0
    endloop
  endfacet
  facet normal -1 -0 0
    outer loop
      vertex -29.9647 92.9988 3
      vertex -29.9647 6.99013 0
      vertex -29.9647 6.99013 3
    endloop
  endfacet
  facet normal 1 -0 0
    outer loop
      vertex -10.9609 20.7817 3
      vertex -10.9609 78.3109 0
      vertex -10.9609 78.3109 3
    endloop
  endfacet
  facet normal 1 0 0
    outer loop
      vertex -10.9609 78.3109 0
      vertex -10.9609 20.7817 3
      vertex -10.9609 20.7817 0
    endloop
  endfacet
  facet normal 0 -1 0
    outer loop
      vertex -10.9609 78.3109 0
      vertex -7.03073 78.3109 3
      vertex -10.9609 78.3109 3
    endloop
  endfacet
  facet normal 0 -1 -0
    outer loop
      vertex -7.03073 78.3109 3
      vertex -10.9609 78.3109 0
      vertex -7.03073 78.3109 0
    endloop
  endfacet
  facet normal -0.0408622 -0.999165 0
    outer loop
      vertex -7.03073 78.3109 0
      vertex -3.67102 78.1735 3
      vertex -7.03073 78.3109 3
    endloop
  endfacet
  facet normal -0.0408622 -0.999165 -0
    outer loop
      vertex -3.67102 78.1735 3
      vertex -7.03073 78.3109 0
      vertex -3.67102 78.1735 0
    endloop
  endfacet
  facet normal -0.13244 -0.991191 0
    outer loop
      vertex -3.67102 78.1735 0
      vertex -0.58609 77.7613 3
      vertex -3.67102 78.1735 3
    endloop
  endfacet
  facet normal -0.13244 -0.991191 -0
    outer loop
      vertex -0.58609 77.7613 3
      vertex -3.67102 78.1735 0
      vertex -0.58609 77.7613 0
    endloop
  endfacet
  facet normal -0.237508 -0.971385 0
    outer loop
      vertex -0.58609 77.7613 0
      vertex 2.22408 77.0742 3
      vertex -0.58609 77.7613 3
    endloop
  endfacet
  facet normal -0.237508 -0.971385 -0
    outer loop
      vertex 2.22408 77.0742 3
      vertex -0.58609 77.7613 0
      vertex 2.22408 77.0742 0
    endloop
  endfacet
  facet normal -0.354684 -0.934986 0
    outer loop
      vertex 2.22408 77.0742 0
      vertex 4.75949 76.1124 3
      vertex 2.22408 77.0742 3
    endloop
  endfacet
  facet normal -0.354684 -0.934986 -0
    outer loop
      vertex 4.75949 76.1124 3
      vertex 2.22408 77.0742 0
      vertex 4.75949 76.1124 0
    endloop
  endfacet
  facet normal -0.479904 -0.877321 0
    outer loop
      vertex 4.75949 76.1124 0
      vertex 7.02014 74.8758 3
      vertex 4.75949 76.1124 3
    endloop
  endfacet
  facet normal -0.479904 -0.877321 -0
    outer loop
      vertex 7.02014 74.8758 3
      vertex 4.75949 76.1124 0
      vertex 7.02014 74.8758 0
    endloop
  endfacet
  facet normal -0.605623 -0.795752 0
    outer loop
      vertex 7.02014 74.8758 0
      vertex 9.00603 73.3644 3
      vertex 7.02014 74.8758 3
    endloop
  endfacet
  facet normal -0.605623 -0.795752 -0
    outer loop
      vertex 9.00603 73.3644 3
      vertex 7.02014 74.8758 0
      vertex 9.00603 73.3644 0
    endloop
  endfacet
  facet normal -0.722131 -0.691757 0
    outer loop
      vertex 10.7171 71.5782 0
      vertex 9.00603 73.3644 3
      vertex 9.00603 73.3644 0
    endloop
  endfacet
  facet normal -0.722131 -0.691757 0
    outer loop
      vertex 9.00603 73.3644 3
      vertex 10.7171 71.5782 0
      vertex 10.7171 71.5782 3
    endloop
  endfacet
  facet normal -0.818804 -0.574074 0
    outer loop
      vertex 12.1785 69.4938 0
      vertex 10.7171 71.5782 3
      vertex 10.7171 71.5782 0
    endloop
  endfacet
  facet normal -0.818804 -0.574074 0
    outer loop
      vertex 10.7171 71.5782 3
      vertex 12.1785 69.4938 0
      vertex 12.1785 69.4938 3
    endloop
  endfacet
  facet normal -0.889457 -0.457018 0
    outer loop
      vertex 13.415 67.0873 0
      vertex 12.1785 69.4938 3
      vertex 12.1785 69.4938 0
    endloop
  endfacet
  facet normal -0.889457 -0.457018 0
    outer loop
      vertex 12.1785 69.4938 3
      vertex 13.415 67.0873 0
      vertex 13.415 67.0873 3
    endloop
  endfacet
  facet normal -0.937625 -0.347649 0
    outer loop
      vertex 14.4267 64.3587 0
      vertex 13.415 67.0873 3
      vertex 13.415 67.0873 0
    endloop
  endfacet
  facet normal -0.937625 -0.347649 0
    outer loop
      vertex 13.415 67.0873 3
      vertex 14.4267 64.3587 0
      vertex 14.4267 64.3587 3
    endloop
  endfacet
  facet normal -0.968306 -0.249766 0
    outer loop
      vertex 15.2136 61.308 0
      vertex 14.4267 64.3587 3
      vertex 14.4267 64.3587 0
    endloop
  endfacet
  facet normal -0.968306 -0.249766 0
    outer loop
      vertex 14.4267 64.3587 3
      vertex 15.2136 61.308 0
      vertex 15.2136 61.308 3
    endloop
  endfacet
  facet normal -0.986401 -0.164356 0
    outer loop
      vertex 15.7756 57.9351 0
      vertex 15.2136 61.308 3
      vertex 15.2136 61.308 0
    endloop
  endfacet
  facet normal -0.986401 -0.164356 0
    outer loop
      vertex 15.2136 61.308 3
      vertex 15.7756 57.9351 0
      vertex 15.7756 57.9351 3
    endloop
  endfacet
  facet normal -0.995862 -0.0908832 0
    outer loop
      vertex 16.1128 54.2402 0
      vertex 15.7756 57.9351 3
      vertex 15.7756 57.9351 0
    endloop
  endfacet
  facet normal -0.995862 -0.0908832 0
    outer loop
      vertex 15.7756 57.9351 3
      vertex 16.1128 54.2402 0
      vertex 16.1128 54.2402 3
    endloop
  endfacet
  facet normal -0.999608 -0.027995 0
    outer loop
      vertex 16.2253 50.2232 0
      vertex 16.1128 54.2402 3
      vertex 16.1128 54.2402 0
    endloop
  endfacet
  facet normal -0.999608 -0.027995 0
    outer loop
      vertex 16.1128 54.2402 3
      vertex 16.2253 50.2232 0
      vertex 16.2253 50.2232 3
    endloop
  endfacet
  facet normal -0.998552 0.0537947 0
    outer loop
      vertex 15.8045 42.4122 0
      vertex 16.2253 50.2232 3
      vertex 16.2253 50.2232 0
    endloop
  endfacet
  facet normal -0.998552 0.0537947 0
    outer loop
      vertex 16.2253 50.2232 3
      vertex 15.8045 42.4122 0
      vertex 15.8045 42.4122 3
    endloop
  endfacet
  facet normal -0.982251 0.187569 0
    outer loop
      vertex 14.5424 35.8029 0
      vertex 15.8045 42.4122 3
      vertex 15.8045 42.4122 0
    endloop
  endfacet
  facet normal -0.982251 0.187569 0
    outer loop
      vertex 15.8045 42.4122 3
      vertex 14.5424 35.8029 0
      vertex 14.5424 35.8029 3
    endloop
  endfacet
  facet normal -0.931969 0.362537 0
    outer loop
      vertex 12.4388 30.3952 0
      vertex 14.5424 35.8029 3
      vertex 14.5424 35.8029 0
    endloop
  endfacet
  facet normal -0.931969 0.362537 0
    outer loop
      vertex 14.5424 35.8029 3
      vertex 12.4388 30.3952 0
      vertex 12.4388 30.3952 3
    endloop
  endfacet
  facet normal -0.819154 0.573573 0
    outer loop
      vertex 9.49382 26.1893 0
      vertex 12.4388 30.3952 3
      vertex 12.4388 30.3952 0
    endloop
  endfacet
  facet normal -0.819154 0.573573 0
    outer loop
      vertex 12.4388 30.3952 3
      vertex 9.49382 26.1893 0
      vertex 9.49382 26.1893 3
    endloop
  endfacet
  facet normal -0.621544 0.783379 0
    outer loop
      vertex 9.49382 26.1893 0
      vertex 5.7074 23.1851 3
      vertex 9.49382 26.1893 3
    endloop
  endfacet
  facet normal -0.621544 0.783379 0
    outer loop
      vertex 5.7074 23.1851 3
      vertex 9.49382 26.1893 0
      vertex 5.7074 23.1851 0
    endloop
  endfacet
  facet normal -0.362932 0.931816 0
    outer loop
      vertex 5.7074 23.1851 0
      vertex 1.07954 21.3826 3
      vertex 5.7074 23.1851 3
    endloop
  endfacet
  facet normal -0.362932 0.931816 0
    outer loop
      vertex 1.07954 21.3826 3
      vertex 5.7074 23.1851 0
      vertex 1.07954 21.3826 0
    endloop
  endfacet
  facet normal -0.109211 0.994019 0
    outer loop
      vertex 1.07954 21.3826 0
      vertex -4.38972 20.7817 3
      vertex 1.07954 21.3826 3
    endloop
  endfacet
  facet normal -0.109211 0.994019 0
    outer loop
      vertex -4.38972 20.7817 3
      vertex 1.07954 21.3826 0
      vertex -4.38972 20.7817 0
    endloop
  endfacet
  facet normal 0 1 -0
    outer loop
      vertex -4.38972 20.7817 0
      vertex -10.9609 20.7817 3
      vertex -4.38972 20.7817 3
    endloop
  endfacet
  facet normal 0 1 0
    outer loop
      vertex -10.9609 20.7817 3
      vertex -4.38972 20.7817 0
      vertex -10.9609 20.7817 0
    endloop
  endfacet
  facet normal -0.998031 -0.0627242 0
    outer loop
      vertex -41.75 0 0
      vertex -41.7756 0.407332 3
      vertex -41.7756 0.407332 0
    endloop
  endfacet
  facet normal -0.998031 -0.0627242 0
    outer loop
      vertex -41.7756 0.407332 3
      vertex -41.75 0 0
      vertex -41.75 0 3
    endloop
  endfacet
  facet normal 0.998031 -0.0627242 0
    outer loop
      vertex -48.25 0 3
      vertex -48.2244 0.407332 0
      vertex -48.2244 0.407332 3
    endloop
  endfacet
  facet normal 0.998031 -0.0627242 0
    outer loop
      vertex -48.2244 0.407332 0
      vertex -48.25 0 3
      vertex -48.25 0 0
    endloop
  endfacet
  facet normal 0 -1 0
    outer loop
      vertex -45.2041 3.24359 0
      vertex -44.7959 3.24359 3
      vertex -45.2041 3.24359 3
    endloop
  endfacet
  facet normal 0 -1 -0
    outer loop
      vertex -44.7959 3.24359 3
      vertex -45.2041 3.24359 0
      vertex -44.7959 3.24359 0
    endloop
  endfacet
  facet normal 0 1 -0
    outer loop
      vertex -44.7959 -3.24359 0
      vertex -45.2041 -3.24359 3
      vertex -44.7959 -3.24359 3
    endloop
  endfacet
  facet normal 0 1 0
    outer loop
      vertex -45.2041 -3.24359 3
      vertex -44.7959 -3.24359 0
      vertex -45.2041 -3.24359 0
    endloop
  endfacet
  facet normal -0.770466 0.637481 0
    outer loop
      vertex -42.6309 -2.22478 0
      vertex -42.3707 -1.9103 3
      vertex -42.3707 -1.9103 0
    endloop
  endfacet
  facet normal -0.770466 0.637481 0
    outer loop
      vertex -42.3707 -1.9103 3
      vertex -42.6309 -2.22478 0
      vertex -42.6309 -2.22478 3
    endloop
  endfacet
  facet normal -0.684572 -0.728946 0
    outer loop
      vertex -42.9284 2.50417 0
      vertex -42.6309 2.22478 3
      vertex -42.9284 2.50417 3
    endloop
  endfacet
  facet normal -0.684572 -0.728946 -0
    outer loop
      vertex -42.6309 2.22478 3
      vertex -42.9284 2.50417 0
      vertex -42.6309 2.22478 0
    endloop
  endfacet
  facet normal 0.684572 -0.728946 0
    outer loop
      vertex -47.3691 2.22478 0
      vertex -47.0716 2.50417 3
      vertex -47.3691 2.22478 3
    endloop
  endfacet
  facet normal 0.684572 -0.728946 0
    outer loop
      vertex -47.0716 2.50417 3
      vertex -47.3691 2.22478 0
      vertex -47.0716 2.50417 0
    endloop
  endfacet
  facet normal 0.368093 -0.929789 0
    outer loop
      vertex -46.3838 2.94069 0
      vertex -46.0043 3.09093 3
      vertex -46.3838 2.94069 3
    endloop
  endfacet
  facet normal 0.368093 -0.929789 0
    outer loop
      vertex -46.0043 3.09093 3
      vertex -46.3838 2.94069 0
      vertex -46.0043 3.09093 0
    endloop
  endfacet
  facet normal -0.904808 -0.425821 0
    outer loop
      vertex -41.9782 1.1964 0
      vertex -42.152 1.5657 3
      vertex -42.152 1.5657 0
    endloop
  endfacet
  facet normal -0.904808 -0.425821 0
    outer loop
      vertex -42.152 1.5657 3
      vertex -41.9782 1.1964 0
      vertex -41.9782 1.1964 3
    endloop
  endfacet
  facet normal -0.844317 -0.535845 0
    outer loop
      vertex -42.152 1.5657 0
      vertex -42.3707 1.9103 3
      vertex -42.3707 1.9103 0
    endloop
  endfacet
  facet normal -0.844317 -0.535845 0
    outer loop
      vertex -42.3707 1.9103 3
      vertex -42.152 1.5657 0
      vertex -42.152 1.5657 3
    endloop
  endfacet
  facet normal -0.368093 -0.929789 0
    outer loop
      vertex -43.9957 3.09093 0
      vertex -43.6162 2.94069 3
      vertex -43.9957 3.09093 3
    endloop
  endfacet
  facet normal -0.368093 -0.929789 -0
    outer loop
      vertex -43.6162 2.94069 3
      vertex -43.9957 3.09093 0
      vertex -43.6162 2.94069 0
    endloop
  endfacet
  facet normal -0.2487 -0.968581 0
    outer loop
      vertex -44.391 3.19243 0
      vertex -43.9957 3.09093 3
      vertex -44.391 3.19243 3
    endloop
  endfacet
  facet normal -0.2487 -0.968581 -0
    outer loop
      vertex -43.9957 3.09093 3
      vertex -44.391 3.19243 0
      vertex -43.9957 3.09093 0
    endloop
  endfacet
  facet normal -0.587778 -0.809022 0
    outer loop
      vertex -43.2586 2.74407 0
      vertex -42.9284 2.50417 3
      vertex -43.2586 2.74407 3
    endloop
  endfacet
  facet normal -0.587778 -0.809022 -0
    outer loop
      vertex -42.9284 2.50417 3
      vertex -43.2586 2.74407 0
      vertex -42.9284 2.50417 0
    endloop
  endfacet
  facet normal 0.844317 -0.535845 0
    outer loop
      vertex -47.848 1.5657 3
      vertex -47.6293 1.9103 0
      vertex -47.6293 1.9103 3
    endloop
  endfacet
  facet normal 0.844317 -0.535845 0
    outer loop
      vertex -47.6293 1.9103 0
      vertex -47.848 1.5657 3
      vertex -47.848 1.5657 0
    endloop
  endfacet
  facet normal 0.770466 -0.637481 0
    outer loop
      vertex -47.6293 1.9103 3
      vertex -47.3691 2.22478 0
      vertex -47.3691 2.22478 3
    endloop
  endfacet
  facet normal 0.770466 -0.637481 0
    outer loop
      vertex -47.3691 2.22478 0
      vertex -47.6293 1.9103 3
      vertex -47.6293 1.9103 0
    endloop
  endfacet
  facet normal 0.951071 -0.308972 0
    outer loop
      vertex -48.1479 0.808242 3
      vertex -48.0218 1.1964 0
      vertex -48.0218 1.1964 3
    endloop
  endfacet
  facet normal 0.951071 -0.308972 0
    outer loop
      vertex -48.0218 1.1964 0
      vertex -48.1479 0.808242 3
      vertex -48.1479 0.808242 0
    endloop
  endfacet
  facet normal 0.481806 -0.876278 0
    outer loop
      vertex -46.7414 2.74407 0
      vertex -46.3838 2.94069 3
      vertex -46.7414 2.74407 3
    endloop
  endfacet
  facet normal 0.481806 -0.876278 0
    outer loop
      vertex -46.3838 2.94069 3
      vertex -46.7414 2.74407 0
      vertex -46.3838 2.94069 0
    endloop
  endfacet
  facet normal 0.125356 -0.992112 0
    outer loop
      vertex -45.609 3.19243 0
      vertex -45.2041 3.24359 3
      vertex -45.609 3.19243 3
    endloop
  endfacet
  facet normal 0.125356 -0.992112 0
    outer loop
      vertex -45.2041 3.24359 3
      vertex -45.609 3.19243 0
      vertex -45.2041 3.24359 0
    endloop
  endfacet
  facet normal -0.125356 0.992112 0
    outer loop
      vertex -44.391 -3.19243 0
      vertex -44.7959 -3.24359 3
      vertex -44.391 -3.19243 3
    endloop
  endfacet
  facet normal -0.125356 0.992112 0
    outer loop
      vertex -44.7959 -3.24359 3
      vertex -44.391 -3.19243 0
      vertex -44.7959 -3.24359 0
    endloop
  endfacet
  facet normal -0.951071 -0.308972 0
    outer loop
      vertex -41.8521 0.808242 0
      vertex -41.9782 1.1964 3
      vertex -41.9782 1.1964 0
    endloop
  endfacet
  facet normal -0.951071 -0.308972 0
    outer loop
      vertex -41.9782 1.1964 3
      vertex -41.8521 0.808242 0
      vertex -41.8521 0.808242 3
    endloop
  endfacet
  facet normal -0.982277 -0.187434 0
    outer loop
      vertex -41.7756 0.407332 0
      vertex -41.8521 0.808242 3
      vertex -41.8521 0.808242 0
    endloop
  endfacet
  facet normal -0.982277 -0.187434 0
    outer loop
      vertex -41.8521 0.808242 3
      vertex -41.7756 0.407332 0
      vertex -41.7756 0.407332 3
    endloop
  endfacet
  facet normal -0.770466 -0.637481 0
    outer loop
      vertex -42.3707 1.9103 0
      vertex -42.6309 2.22478 3
      vertex -42.6309 2.22478 0
    endloop
  endfacet
  facet normal -0.770466 -0.637481 0
    outer loop
      vertex -42.6309 2.22478 3
      vertex -42.3707 1.9103 0
      vertex -42.3707 1.9103 3
    endloop
  endfacet
  facet normal -0.125356 -0.992112 0
    outer loop
      vertex -44.7959 3.24359 0
      vertex -44.391 3.19243 3
      vertex -44.7959 3.24359 3
    endloop
  endfacet
  facet normal -0.125356 -0.992112 -0
    outer loop
      vertex -44.391 3.19243 3
      vertex -44.7959 3.24359 0
      vertex -44.391 3.19243 0
    endloop
  endfacet
  facet normal 0.904808 -0.425821 0
    outer loop
      vertex -48.0218 1.1964 3
      vertex -47.848 1.5657 0
      vertex -47.848 1.5657 3
    endloop
  endfacet
  facet normal 0.904808 -0.425821 0
    outer loop
      vertex -47.848 1.5657 0
      vertex -48.0218 1.1964 3
      vertex -48.0218 1.1964 0
    endloop
  endfacet
  facet normal 0.982277 -0.187434 0
    outer loop
      vertex -48.2244 0.407332 3
      vertex -48.1479 0.808242 0
      vertex -48.1479 0.808242 3
    endloop
  endfacet
  facet normal 0.982277 -0.187434 0
    outer loop
      vertex -48.1479 0.808242 0
      vertex -48.2244 0.407332 3
      vertex -48.2244 0.407332 0
    endloop
  endfacet
  facet normal 0.587778 -0.809022 0
    outer loop
      vertex -47.0716 2.50417 0
      vertex -46.7414 2.74407 3
      vertex -47.0716 2.50417 3
    endloop
  endfacet
  facet normal 0.587778 -0.809022 0
    outer loop
      vertex -46.7414 2.74407 3
      vertex -47.0716 2.50417 0
      vertex -46.7414 2.74407 0
    endloop
  endfacet
  facet normal -0.951071 0.308972 0
    outer loop
      vertex -41.9782 -1.1964 0
      vertex -41.8521 -0.808242 3
      vertex -41.8521 -0.808242 0
    endloop
  endfacet
  facet normal -0.951071 0.308972 0
    outer loop
      vertex -41.8521 -0.808242 3
      vertex -41.9782 -1.1964 0
      vertex -41.9782 -1.1964 3
    endloop
  endfacet
  facet normal -0.982277 0.187434 0
    outer loop
      vertex -41.8521 -0.808242 0
      vertex -41.7756 -0.407332 3
      vertex -41.7756 -0.407332 0
    endloop
  endfacet
  facet normal -0.982277 0.187434 0
    outer loop
      vertex -41.7756 -0.407332 3
      vertex -41.8521 -0.808242 0
      vertex -41.8521 -0.808242 3
    endloop
  endfacet
  facet normal 0.368093 0.929789 -0
    outer loop
      vertex -46.0043 -3.09093 0
      vertex -46.3838 -2.94069 3
      vertex -46.0043 -3.09093 3
    endloop
  endfacet
  facet normal 0.368093 0.929789 0
    outer loop
      vertex -46.3838 -2.94069 3
      vertex -46.0043 -3.09093 0
      vertex -46.3838 -2.94069 0
    endloop
  endfacet
  facet normal -0.587778 0.809022 0
    outer loop
      vertex -42.9284 -2.50417 0
      vertex -43.2586 -2.74407 3
      vertex -42.9284 -2.50417 3
    endloop
  endfacet
  facet normal -0.587778 0.809022 0
    outer loop
      vertex -43.2586 -2.74407 3
      vertex -42.9284 -2.50417 0
      vertex -43.2586 -2.74407 0
    endloop
  endfacet
  facet normal -0.481806 0.876278 0
    outer loop
      vertex -43.2586 -2.74407 0
      vertex -43.6162 -2.94069 3
      vertex -43.2586 -2.74407 3
    endloop
  endfacet
  facet normal -0.481806 0.876278 0
    outer loop
      vertex -43.6162 -2.94069 3
      vertex -43.2586 -2.74407 0
      vertex -43.6162 -2.94069 0
    endloop
  endfacet
  facet normal -0.481806 -0.876278 0
    outer loop
      vertex -43.6162 2.94069 0
      vertex -43.2586 2.74407 3
      vertex -43.6162 2.94069 3
    endloop
  endfacet
  facet normal -0.481806 -0.876278 -0
    outer loop
      vertex -43.2586 2.74407 3
      vertex -43.6162 2.94069 0
      vertex -43.2586 2.74407 0
    endloop
  endfacet
  facet normal 0.2487 -0.968581 0
    outer loop
      vertex -46.0043 3.09093 0
      vertex -45.609 3.19243 3
      vertex -46.0043 3.09093 3
    endloop
  endfacet
  facet normal 0.2487 -0.968581 0
    outer loop
      vertex -45.609 3.19243 3
      vertex -46.0043 3.09093 0
      vertex -45.609 3.19243 0
    endloop
  endfacet
  facet normal -0.844317 0.535845 0
    outer loop
      vertex -42.3707 -1.9103 0
      vertex -42.152 -1.5657 3
      vertex -42.152 -1.5657 0
    endloop
  endfacet
  facet normal -0.844317 0.535845 0
    outer loop
      vertex -42.152 -1.5657 3
      vertex -42.3707 -1.9103 0
      vertex -42.3707 -1.9103 3
    endloop
  endfacet
  facet normal -0.998031 0.0627242 0
    outer loop
      vertex -41.7756 -0.407332 0
      vertex -41.75 0 3
      vertex -41.75 0 0
    endloop
  endfacet
  facet normal -0.998031 0.0627242 0
    outer loop
      vertex -41.75 0 3
      vertex -41.7756 -0.407332 0
      vertex -41.7756 -0.407332 3
    endloop
  endfacet
  facet normal 0.770466 0.637481 0
    outer loop
      vertex -47.3691 -2.22478 3
      vertex -47.6293 -1.9103 0
      vertex -47.6293 -1.9103 3
    endloop
  endfacet
  facet normal 0.770466 0.637481 0
    outer loop
      vertex -47.6293 -1.9103 0
      vertex -47.3691 -2.22478 3
      vertex -47.3691 -2.22478 0
    endloop
  endfacet
  facet normal 0.951071 0.308972 0
    outer loop
      vertex -48.0218 -1.1964 3
      vertex -48.1479 -0.808242 0
      vertex -48.1479 -0.808242 3
    endloop
  endfacet
  facet normal 0.951071 0.308972 0
    outer loop
      vertex -48.1479 -0.808242 0
      vertex -48.0218 -1.1964 3
      vertex -48.0218 -1.1964 0
    endloop
  endfacet
  facet normal 0.998031 0.0627242 0
    outer loop
      vertex -48.2244 -0.407332 3
      vertex -48.25 0 0
      vertex -48.25 0 3
    endloop
  endfacet
  facet normal 0.998031 0.0627242 0
    outer loop
      vertex -48.25 0 0
      vertex -48.2244 -0.407332 3
      vertex -48.2244 -0.407332 0
    endloop
  endfacet
  facet normal -0.684572 0.728946 0
    outer loop
      vertex -42.6309 -2.22478 0
      vertex -42.9284 -2.50417 3
      vertex -42.6309 -2.22478 3
    endloop
  endfacet
  facet normal -0.684572 0.728946 0
    outer loop
      vertex -42.9284 -2.50417 3
      vertex -42.6309 -2.22478 0
      vertex -42.9284 -2.50417 0
    endloop
  endfacet
  facet normal -0.904808 0.425821 0
    outer loop
      vertex -42.152 -1.5657 0
      vertex -41.9782 -1.1964 3
      vertex -41.9782 -1.1964 0
    endloop
  endfacet
  facet normal -0.904808 0.425821 0
    outer loop
      vertex -41.9782 -1.1964 3
      vertex -42.152 -1.5657 0
      vertex -42.152 -1.5657 3
    endloop
  endfacet
  facet normal 0.481806 0.876278 -0
    outer loop
      vertex -46.3838 -2.94069 0
      vertex -46.7414 -2.74407 3
      vertex -46.3838 -2.94069 3
    endloop
  endfacet
  facet normal 0.481806 0.876278 0
    outer loop
      vertex -46.7414 -2.74407 3
      vertex -46.3838 -2.94069 0
      vertex -46.7414 -2.74407 0
    endloop
  endfacet
  facet normal 0.2487 0.968581 -0
    outer loop
      vertex -45.609 -3.19243 0
      vertex -46.0043 -3.09093 3
      vertex -45.609 -3.19243 3
    endloop
  endfacet
  facet normal 0.2487 0.968581 0
    outer loop
      vertex -46.0043 -3.09093 3
      vertex -45.609 -3.19243 0
      vertex -46.0043 -3.09093 0
    endloop
  endfacet
  facet normal 0.684572 0.728946 -0
    outer loop
      vertex -47.0716 -2.50417 0
      vertex -47.3691 -2.22478 3
      vertex -47.0716 -2.50417 3
    endloop
  endfacet
  facet normal 0.684572 0.728946 0
    outer loop
      vertex -47.3691 -2.22478 3
      vertex -47.0716 -2.50417 0
      vertex -47.3691 -2.22478 0
    endloop
  endfacet
  facet normal 0.844317 0.535845 0
    outer loop
      vertex -47.6293 -1.9103 3
      vertex -47.848 -1.5657 0
      vertex -47.848 -1.5657 3
    endloop
  endfacet
  facet normal 0.844317 0.535845 0
    outer loop
      vertex -47.848 -1.5657 0
      vertex -47.6293 -1.9103 3
      vertex -47.6293 -1.9103 0
    endloop
  endfacet
  facet normal 0.904808 0.425821 0
    outer loop
      vertex -47.848 -1.5657 3
      vertex -48.0218 -1.1964 0
      vertex -48.0218 -1.1964 3
    endloop
  endfacet
  facet normal 0.904808 0.425821 0
    outer loop
      vertex -48.0218 -1.1964 0
      vertex -47.848 -1.5657 3
      vertex -47.848 -1.5657 0
    endloop
  endfacet
  facet normal 0.982277 0.187434 0
    outer loop
      vertex -48.1479 -0.808242 3
      vertex -48.2244 -0.407332 0
      vertex -48.2244 -0.407332 3
    endloop
  endfacet
  facet normal 0.982277 0.187434 0
    outer loop
      vertex -48.2244 -0.407332 0
      vertex -48.1479 -0.808242 3
      vertex -48.1479 -0.808242 0
    endloop
  endfacet
  facet normal -0.2487 0.968581 0
    outer loop
      vertex -43.9957 -3.09093 0
      vertex -44.391 -3.19243 3
      vertex -43.9957 -3.09093 3
    endloop
  endfacet
  facet normal -0.2487 0.968581 0
    outer loop
      vertex -44.391 -3.19243 3
      vertex -43.9957 -3.09093 0
      vertex -44.391 -3.19243 0
    endloop
  endfacet
  facet normal -0.368093 0.929789 0
    outer loop
      vertex -43.6162 -2.94069 0
      vertex -43.9957 -3.09093 3
      vertex -43.6162 -2.94069 3
    endloop
  endfacet
  facet normal -0.368093 0.929789 0
    outer loop
      vertex -43.9957 -3.09093 3
      vertex -43.6162 -2.94069 0
      vertex -43.9957 -3.09093 0
    endloop
  endfacet
  facet normal 0.587778 0.809022 -0
    outer loop
      vertex -46.7414 -2.74407 0
      vertex -47.0716 -2.50417 3
      vertex -46.7414 -2.74407 3
    endloop
  endfacet
  facet normal 0.587778 0.809022 0
    outer loop
      vertex -47.0716 -2.50417 3
      vertex -46.7414 -2.74407 0
      vertex -47.0716 -2.50417 0
    endloop
  endfacet
  facet normal 0.125356 0.992112 -0
    outer loop
      vertex -45.2041 -3.24359 0
      vertex -45.609 -3.19243 3
      vertex -45.2041 -3.24359 3
    endloop
  endfacet
  facet normal 0.125356 0.992112 0
    outer loop
      vertex -45.609 -3.19243 3
      vertex -45.2041 -3.24359 0
      vertex -45.609 -3.19243 0
    endloop
  endfacet
  facet normal -0.998031 -0.0627242 0
    outer loop
      vertex -26.75 0 0
      vertex -26.7756 0.407332 3
      vertex -26.7756 0.407332 0
    endloop
  endfacet
  facet normal -0.998031 -0.0627242 0
    outer loop
      vertex -26.7756 0.407332 3
      vertex -26.75 0 0
      vertex -26.75 0 3
    endloop
  endfacet
  facet normal 0.998031 -0.0627242 0
    outer loop
      vertex -33.25 0 3
      vertex -33.2244 0.407332 0
      vertex -33.2244 0.407332 3
    endloop
  endfacet
  facet normal 0.998031 -0.0627242 0
    outer loop
      vertex -33.2244 0.407332 0
      vertex -33.25 0 3
      vertex -33.25 0 0
    endloop
  endfacet
  facet normal 0 -1 0
    outer loop
      vertex -30.2041 3.24359 0
      vertex -29.7959 3.24359 3
      vertex -30.2041 3.24359 3
    endloop
  endfacet
  facet normal 0 -1 -0
    outer loop
      vertex -29.7959 3.24359 3
      vertex -30.2041 3.24359 0
      vertex -29.7959 3.24359 0
    endloop
  endfacet
  facet normal 0 1 -0
    outer loop
      vertex -29.7959 -3.24359 0
      vertex -30.2041 -3.24359 3
      vertex -29.7959 -3.24359 3
    endloop
  endfacet
  facet normal 0 1 0
    outer loop
      vertex -30.2041 -3.24359 3
      vertex -29.7959 -3.24359 0
      vertex -30.2041 -3.24359 0
    endloop
  endfacet
  facet normal -0.770466 0.637481 0
    outer loop
      vertex -27.6309 -2.22478 0
      vertex -27.3707 -1.9103 3
      vertex -27.3707 -1.9103 0
    endloop
  endfacet
  facet normal -0.770466 0.637481 0
    outer loop
      vertex -27.3707 -1.9103 3
      vertex -27.6309 -2.22478 0
      vertex -27.6309 -2.22478 3
    endloop
  endfacet
  facet normal -0.684572 -0.728946 0
    outer loop
      vertex -27.9284 2.50417 0
      vertex -27.6309 2.22478 3
      vertex -27.9284 2.50417 3
    endloop
  endfacet
  facet normal -0.684572 -0.728946 -0
    outer loop
      vertex -27.6309 2.22478 3
      vertex -27.9284 2.50417 0
      vertex -27.6309 2.22478 0
    endloop
  endfacet
  facet normal 0.684572 -0.728946 0
    outer loop
      vertex -32.3691 2.22478 0
      vertex -32.0716 2.50417 3
      vertex -32.3691 2.22478 3
    endloop
  endfacet
  facet normal 0.684572 -0.728946 0
    outer loop
      vertex -32.0716 2.50417 3
      vertex -32.3691 2.22478 0
      vertex -32.0716 2.50417 0
    endloop
  endfacet
  facet normal 0.368093 -0.929789 0
    outer loop
      vertex -31.3838 2.94069 0
      vertex -31.0043 3.09093 3
      vertex -31.3838 2.94069 3
    endloop
  endfacet
  facet normal 0.368093 -0.929789 0
    outer loop
      vertex -31.0043 3.09093 3
      vertex -31.3838 2.94069 0
      vertex -31.0043 3.09093 0
    endloop
  endfacet
  facet normal -0.904808 -0.425821 0
    outer loop
      vertex -26.9782 1.1964 0
      vertex -27.152 1.5657 3
      vertex -27.152 1.5657 0
    endloop
  endfacet
  facet normal -0.904808 -0.425821 0
    outer loop
      vertex -27.152 1.5657 3
      vertex -26.9782 1.1964 0
      vertex -26.9782 1.1964 3
    endloop
  endfacet
  facet normal -0.844317 -0.535845 0
    outer loop
      vertex -27.152 1.5657 0
      vertex -27.3707 1.9103 3
      vertex -27.3707 1.9103 0
    endloop
  endfacet
  facet normal -0.844317 -0.535845 0
    outer loop
      vertex -27.3707 1.9103 3
      vertex -27.152 1.5657 0
      vertex -27.152 1.5657 3
    endloop
  endfacet
  facet normal -0.368093 -0.929789 0
    outer loop
      vertex -28.9957 3.09093 0
      vertex -28.6162 2.94069 3
      vertex -28.9957 3.09093 3
    endloop
  endfacet
  facet normal -0.368093 -0.929789 -0
    outer loop
      vertex -28.6162 2.94069 3
      vertex -28.9957 3.09093 0
      vertex -28.6162 2.94069 0
    endloop
  endfacet
  facet normal -0.2487 -0.968581 0
    outer loop
      vertex -29.391 3.19243 0
      vertex -28.9957 3.09093 3
      vertex -29.391 3.19243 3
    endloop
  endfacet
  facet normal -0.2487 -0.968581 -0
    outer loop
      vertex -28.9957 3.09093 3
      vertex -29.391 3.19243 0
      vertex -28.9957 3.09093 0
    endloop
  endfacet
  facet normal -0.587778 -0.809022 0
    outer loop
      vertex -28.2586 2.74407 0
      vertex -27.9284 2.50417 3
      vertex -28.2586 2.74407 3
    endloop
  endfacet
  facet normal -0.587778 -0.809022 -0
    outer loop
      vertex -27.9284 2.50417 3
      vertex -28.2586 2.74407 0
      vertex -27.9284 2.50417 0
    endloop
  endfacet
  facet normal 0.844317 -0.535845 0
    outer loop
      vertex -32.848 1.5657 3
      vertex -32.6293 1.9103 0
      vertex -32.6293 1.9103 3
    endloop
  endfacet
  facet normal 0.844317 -0.535845 0
    outer loop
      vertex -32.6293 1.9103 0
      vertex -32.848 1.5657 3
      vertex -32.848 1.5657 0
    endloop
  endfacet
  facet normal 0.770466 -0.637481 0
    outer loop
      vertex -32.6293 1.9103 3
      vertex -32.3691 2.22478 0
      vertex -32.3691 2.22478 3
    endloop
  endfacet
  facet normal 0.770466 -0.637481 0
    outer loop
      vertex -32.3691 2.22478 0
      vertex -32.6293 1.9103 3
      vertex -32.6293 1.9103 0
    endloop
  endfacet
  facet normal 0.951071 -0.308972 0
    outer loop
      vertex -33.1479 0.808242 3
      vertex -33.0218 1.1964 0
      vertex -33.0218 1.1964 3
    endloop
  endfacet
  facet normal 0.951071 -0.308972 0
    outer loop
      vertex -33.0218 1.1964 0
      vertex -33.1479 0.808242 3
      vertex -33.1479 0.808242 0
    endloop
  endfacet
  facet normal 0.481806 -0.876278 0
    outer loop
      vertex -31.7414 2.74407 0
      vertex -31.3838 2.94069 3
      vertex -31.7414 2.74407 3
    endloop
  endfacet
  facet normal 0.481806 -0.876278 0
    outer loop
      vertex -31.3838 2.94069 3
      vertex -31.7414 2.74407 0
      vertex -31.3838 2.94069 0
    endloop
  endfacet
  facet normal 0.125356 -0.992112 0
    outer loop
      vertex -30.609 3.19243 0
      vertex -30.2041 3.24359 3
      vertex -30.609 3.19243 3
    endloop
  endfacet
  facet normal 0.125356 -0.992112 0
    outer loop
      vertex -30.2041 3.24359 3
      vertex -30.609 3.19243 0
      vertex -30.2041 3.24359 0
    endloop
  endfacet
  facet normal -0.125356 0.992112 0
    outer loop
      vertex -29.391 -3.19243 0
      vertex -29.7959 -3.24359 3
      vertex -29.391 -3.19243 3
    endloop
  endfacet
  facet normal -0.125356 0.992112 0
    outer loop
      vertex -29.7959 -3.24359 3
      vertex -29.391 -3.19243 0
      vertex -29.7959 -3.24359 0
    endloop
  endfacet
  facet normal -0.951071 -0.308972 0
    outer loop
      vertex -26.8521 0.808242 0
      vertex -26.9782 1.1964 3
      vertex -26.9782 1.1964 0
    endloop
  endfacet
  facet normal -0.951071 -0.308972 0
    outer loop
      vertex -26.9782 1.1964 3
      vertex -26.8521 0.808242 0
      vertex -26.8521 0.808242 3
    endloop
  endfacet
  facet normal -0.982277 -0.187434 0
    outer loop
      vertex -26.7756 0.407332 0
      vertex -26.8521 0.808242 3
      vertex -26.8521 0.808242 0
    endloop
  endfacet
  facet normal -0.982277 -0.187434 0
    outer loop
      vertex -26.8521 0.808242 3
      vertex -26.7756 0.407332 0
      vertex -26.7756 0.407332 3
    endloop
  endfacet
  facet normal -0.770466 -0.637481 0
    outer loop
      vertex -27.3707 1.9103 0
      vertex -27.6309 2.22478 3
      vertex -27.6309 2.22478 0
    endloop
  endfacet
  facet normal -0.770466 -0.637481 0
    outer loop
      vertex -27.6309 2.22478 3
      vertex -27.3707 1.9103 0
      vertex -27.3707 1.9103 3
    endloop
  endfacet
  facet normal -0.125356 -0.992112 0
    outer loop
      vertex -29.7959 3.24359 0
      vertex -29.391 3.19243 3
      vertex -29.7959 3.24359 3
    endloop
  endfacet
  facet normal -0.125356 -0.992112 -0
    outer loop
      vertex -29.391 3.19243 3
      vertex -29.7959 3.24359 0
      vertex -29.391 3.19243 0
    endloop
  endfacet
  facet normal -0.481806 -0.876278 0
    outer loop
      vertex -28.6162 2.94069 0
      vertex -28.2586 2.74407 3
      vertex -28.6162 2.94069 3
    endloop
  endfacet
  facet normal -0.481806 -0.876278 -0
    outer loop
      vertex -28.2586 2.74407 3
      vertex -28.6162 2.94069 0
      vertex -28.2586 2.74407 0
    endloop
  endfacet
  facet normal 0.904808 -0.425821 0
    outer loop
      vertex -33.0218 1.1964 3
      vertex -32.848 1.5657 0
      vertex -32.848 1.5657 3
    endloop
  endfacet
  facet normal 0.904808 -0.425821 0
    outer loop
      vertex -32.848 1.5657 0
      vertex -33.0218 1.1964 3
      vertex -33.0218 1.1964 0
    endloop
  endfacet
  facet normal 0.982277 -0.187434 0
    outer loop
      vertex -33.2244 0.407332 3
      vertex -33.1479 0.808242 0
      vertex -33.1479 0.808242 3
    endloop
  endfacet
  facet normal 0.982277 -0.187434 0
    outer loop
      vertex -33.1479 0.808242 0
      vertex -33.2244 0.407332 3
      vertex -33.2244 0.407332 0
    endloop
  endfacet
  facet normal 0.2487 -0.968581 0
    outer loop
      vertex -31.0043 3.09093 0
      vertex -30.609 3.19243 3
      vertex -31.0043 3.09093 3
    endloop
  endfacet
  facet normal 0.2487 -0.968581 0
    outer loop
      vertex -30.609 3.19243 3
      vertex -31.0043 3.09093 0
      vertex -30.609 3.19243 0
    endloop
  endfacet
  facet normal -0.951071 0.308972 0
    outer loop
      vertex -26.9782 -1.1964 0
      vertex -26.8521 -0.808242 3
      vertex -26.8521 -0.808242 0
    endloop
  endfacet
  facet normal -0.951071 0.308972 0
    outer loop
      vertex -26.8521 -0.808242 3
      vertex -26.9782 -1.1964 0
      vertex -26.9782 -1.1964 3
    endloop
  endfacet
  facet normal -0.982277 0.187434 0
    outer loop
      vertex -26.8521 -0.808242 0
      vertex -26.7756 -0.407332 3
      vertex -26.7756 -0.407332 0
    endloop
  endfacet
  facet normal -0.982277 0.187434 0
    outer loop
      vertex -26.7756 -0.407332 3
      vertex -26.8521 -0.808242 0
      vertex -26.8521 -0.808242 3
    endloop
  endfacet
  facet normal 0.368093 0.929789 -0
    outer loop
      vertex -31.0043 -3.09093 0
      vertex -31.3838 -2.94069 3
      vertex -31.0043 -3.09093 3
    endloop
  endfacet
  facet normal 0.368093 0.929789 0
    outer loop
      vertex -31.3838 -2.94069 3
      vertex -31.0043 -3.09093 0
      vertex -31.3838 -2.94069 0
    endloop
  endfacet
  facet normal -0.587778 0.809022 0
    outer loop
      vertex -27.9284 -2.50417 0
      vertex -28.2586 -2.74407 3
      vertex -27.9284 -2.50417 3
    endloop
  endfacet
  facet normal -0.587778 0.809022 0
    outer loop
      vertex -28.2586 -2.74407 3
      vertex -27.9284 -2.50417 0
      vertex -28.2586 -2.74407 0
    endloop
  endfacet
  facet normal -0.481806 0.876278 0
    outer loop
      vertex -28.2586 -2.74407 0
      vertex -28.6162 -2.94069 3
      vertex -28.2586 -2.74407 3
    endloop
  endfacet
  facet normal -0.481806 0.876278 0
    outer loop
      vertex -28.6162 -2.94069 3
      vertex -28.2586 -2.74407 0
      vertex -28.6162 -2.94069 0
    endloop
  endfacet
  facet normal 0.587778 -0.809022 0
    outer loop
      vertex -32.0716 2.50417 0
      vertex -31.7414 2.74407 3
      vertex -32.0716 2.50417 3
    endloop
  endfacet
  facet normal 0.587778 -0.809022 0
    outer loop
      vertex -31.7414 2.74407 3
      vertex -32.0716 2.50417 0
      vertex -31.7414 2.74407 0
    endloop
  endfacet
  facet normal -0.998031 0.0627242 0
    outer loop
      vertex -26.7756 -0.407332 0
      vertex -26.75 0 3
      vertex -26.75 0 0
    endloop
  endfacet
  facet normal -0.998031 0.0627242 0
    outer loop
      vertex -26.75 0 3
      vertex -26.7756 -0.407332 0
      vertex -26.7756 -0.407332 3
    endloop
  endfacet
  facet normal 0.770466 0.637481 0
    outer loop
      vertex -32.3691 -2.22478 3
      vertex -32.6293 -1.9103 0
      vertex -32.6293 -1.9103 3
    endloop
  endfacet
  facet normal 0.770466 0.637481 0
    outer loop
      vertex -32.6293 -1.9103 0
      vertex -32.3691 -2.22478 3
      vertex -32.3691 -2.22478 0
    endloop
  endfacet
  facet normal 0.951071 0.308972 0
    outer loop
      vertex -33.0218 -1.1964 3
      vertex -33.1479 -0.808242 0
      vertex -33.1479 -0.808242 3
    endloop
  endfacet
  facet normal 0.951071 0.308972 0
    outer loop
      vertex -33.1479 -0.808242 0
      vertex -33.0218 -1.1964 3
      vertex -33.0218 -1.1964 0
    endloop
  endfacet
  facet normal -0.684572 0.728946 0
    outer loop
      vertex -27.6309 -2.22478 0
      vertex -27.9284 -2.50417 3
      vertex -27.6309 -2.22478 3
    endloop
  endfacet
  facet normal -0.684572 0.728946 0
    outer loop
      vertex -27.9284 -2.50417 3
      vertex -27.6309 -2.22478 0
      vertex -27.9284 -2.50417 0
    endloop
  endfacet
  facet normal -0.904808 0.425821 0
    outer loop
      vertex -27.152 -1.5657 0
      vertex -26.9782 -1.1964 3
      vertex -26.9782 -1.1964 0
    endloop
  endfacet
  facet normal -0.904808 0.425821 0
    outer loop
      vertex -26.9782 -1.1964 3
      vertex -27.152 -1.5657 0
      vertex -27.152 -1.5657 3
    endloop
  endfacet
  facet normal -0.844317 0.535845 0
    outer loop
      vertex -27.3707 -1.9103 0
      vertex -27.152 -1.5657 3
      vertex -27.152 -1.5657 0
    endloop
  endfacet
  facet normal -0.844317 0.535845 0
    outer loop
      vertex -27.152 -1.5657 3
      vertex -27.3707 -1.9103 0
      vertex -27.3707 -1.9103 3
    endloop
  endfacet
  facet normal 0.125356 0.992112 -0
    outer loop
      vertex -30.2041 -3.24359 0
      vertex -30.609 -3.19243 3
      vertex -30.2041 -3.24359 3
    endloop
  endfacet
  facet normal 0.125356 0.992112 0
    outer loop
      vertex -30.609 -3.19243 3
      vertex -30.2041 -3.24359 0
      vertex -30.609 -3.19243 0
    endloop
  endfacet
  facet normal 0.481806 0.876278 -0
    outer loop
      vertex -31.3838 -2.94069 0
      vertex -31.7414 -2.74407 3
      vertex -31.3838 -2.94069 3
    endloop
  endfacet
  facet normal 0.481806 0.876278 0
    outer loop
      vertex -31.7414 -2.74407 3
      vertex -31.3838 -2.94069 0
      vertex -31.7414 -2.74407 0
    endloop
  endfacet
  facet normal 0.2487 0.968581 -0
    outer loop
      vertex -30.609 -3.19243 0
      vertex -31.0043 -3.09093 3
      vertex -30.609 -3.19243 3
    endloop
  endfacet
  facet normal 0.2487 0.968581 0
    outer loop
      vertex -31.0043 -3.09093 3
      vertex -30.609 -3.19243 0
      vertex -31.0043 -3.09093 0
    endloop
  endfacet
  facet normal 0.684572 0.728946 -0
    outer loop
      vertex -32.0716 -2.50417 0
      vertex -32.3691 -2.22478 3
      vertex -32.0716 -2.50417 3
    endloop
  endfacet
  facet normal 0.684572 0.728946 0
    outer loop
      vertex -32.3691 -2.22478 3
      vertex -32.0716 -2.50417 0
      vertex -32.3691 -2.22478 0
    endloop
  endfacet
  facet normal 0.844317 0.535845 0
    outer loop
      vertex -32.6293 -1.9103 3
      vertex -32.848 -1.5657 0
      vertex -32.848 -1.5657 3
    endloop
  endfacet
  facet normal 0.844317 0.535845 0
    outer loop
      vertex -32.848 -1.5657 0
      vertex -32.6293 -1.9103 3
      vertex -32.6293 -1.9103 0
    endloop
  endfacet
  facet normal 0.904808 0.425821 0
    outer loop
      vertex -32.848 -1.5657 3
      vertex -33.0218 -1.1964 0
      vertex -33.0218 -1.1964 3
    endloop
  endfacet
  facet normal 0.904808 0.425821 0
    outer loop
      vertex -33.0218 -1.1964 0
      vertex -32.848 -1.5657 3
      vertex -32.848 -1.5657 0
    endloop
  endfacet
  facet normal 0.982277 0.187434 0
    outer loop
      vertex -33.1479 -0.808242 3
      vertex -33.2244 -0.407332 0
      vertex -33.2244 -0.407332 3
    endloop
  endfacet
  facet normal 0.982277 0.187434 0
    outer loop
      vertex -33.2244 -0.407332 0
      vertex -33.1479 -0.808242 3
      vertex -33.1479 -0.808242 0
    endloop
  endfacet
  facet normal 0.998031 0.0627242 0
    outer loop
      vertex -33.2244 -0.407332 3
      vertex -33.25 0 0
      vertex -33.25 0 3
    endloop
  endfacet
  facet normal 0.998031 0.0627242 0
    outer loop
      vertex -33.25 0 0
      vertex -33.2244 -0.407332 3
      vertex -33.2244 -0.407332 0
    endloop
  endfacet
  facet normal -0.2487 0.968581 0
    outer loop
      vertex -28.9957 -3.09093 0
      vertex -29.391 -3.19243 3
      vertex -28.9957 -3.09093 3
    endloop
  endfacet
  facet normal -0.2487 0.968581 0
    outer loop
      vertex -29.391 -3.19243 3
      vertex -28.9957 -3.09093 0
      vertex -29.391 -3.19243 0
    endloop
  endfacet
  facet normal -0.368093 0.929789 0
    outer loop
      vertex -28.6162 -2.94069 0
      vertex -28.9957 -3.09093 3
      vertex -28.6162 -2.94069 3
    endloop
  endfacet
  facet normal -0.368093 0.929789 0
    outer loop
      vertex -28.9957 -3.09093 3
      vertex -28.6162 -2.94069 0
      vertex -28.9957 -3.09093 0
    endloop
  endfacet
  facet normal 0.587778 0.809022 -0
    outer loop
      vertex -31.7414 -2.74407 0
      vertex -32.0716 -2.50417 3
      vertex -31.7414 -2.74407 3
    endloop
  endfacet
  facet normal 0.587778 0.809022 0
    outer loop
      vertex -32.0716 -2.50417 3
      vertex -31.7414 -2.74407 0
      vertex -32.0716 -2.50417 0
    endloop
  endfacet
  facet normal -0.998031 -0.0627242 0
    outer loop
      vertex -11.75 0 0
      vertex -11.7756 0.407332 3
      vertex -11.7756 0.407332 0
    endloop
  endfacet
  facet normal -0.998031 -0.0627242 0
    outer loop
      vertex -11.7756 0.407332 3
      vertex -11.75 0 0
      vertex -11.75 0 3
    endloop
  endfacet
  facet normal 0.998031 -0.0627242 0
    outer loop
      vertex -18.25 0 3
      vertex -18.2244 0.407332 0
      vertex -18.2244 0.407332 3
    endloop
  endfacet
  facet normal 0.998031 -0.0627242 0
    outer loop
      vertex -18.2244 0.407332 0
      vertex -18.25 0 3
      vertex -18.25 0 0
    endloop
  endfacet
  facet normal 0 -1 0
    outer loop
      vertex -15.2041 3.24359 0
      vertex -14.7959 3.24359 3
      vertex -15.2041 3.24359 3
    endloop
  endfacet
  facet normal 0 -1 -0
    outer loop
      vertex -14.7959 3.24359 3
      vertex -15.2041 3.24359 0
      vertex -14.7959 3.24359 0
    endloop
  endfacet
  facet normal -0.684572 -0.728946 0
    outer loop
      vertex -12.9284 2.50417 0
      vertex -12.6309 2.22478 3
      vertex -12.9284 2.50417 3
    endloop
  endfacet
  facet normal -0.684572 -0.728946 -0
    outer loop
      vertex -12.6309 2.22478 3
      vertex -12.9284 2.50417 0
      vertex -12.6309 2.22478 0
    endloop
  endfacet
  facet normal 0.684572 -0.728946 0
    outer loop
      vertex -17.3691 2.22478 0
      vertex -17.0716 2.50417 3
      vertex -17.3691 2.22478 3
    endloop
  endfacet
  facet normal 0.684572 -0.728946 0
    outer loop
      vertex -17.0716 2.50417 3
      vertex -17.3691 2.22478 0
      vertex -17.0716 2.50417 0
    endloop
  endfacet
  facet normal 0.368093 -0.929789 0
    outer loop
      vertex -16.3838 2.94069 0
      vertex -16.0043 3.09093 3
      vertex -16.3838 2.94069 3
    endloop
  endfacet
  facet normal 0.368093 -0.929789 0
    outer loop
      vertex -16.0043 3.09093 3
      vertex -16.3838 2.94069 0
      vertex -16.0043 3.09093 0
    endloop
  endfacet
  facet normal -0.844317 0.535845 0
    outer loop
      vertex -12.3707 -1.9103 0
      vertex -12.152 -1.5657 3
      vertex -12.152 -1.5657 0
    endloop
  endfacet
  facet normal -0.844317 0.535845 0
    outer loop
      vertex -12.152 -1.5657 3
      vertex -12.3707 -1.9103 0
      vertex -12.3707 -1.9103 3
    endloop
  endfacet
  facet normal -0.904808 -0.425821 0
    outer loop
      vertex -11.9782 1.1964 0
      vertex -12.152 1.5657 3
      vertex -12.152 1.5657 0
    endloop
  endfacet
  facet normal -0.904808 -0.425821 0
    outer loop
      vertex -12.152 1.5657 3
      vertex -11.9782 1.1964 0
      vertex -11.9782 1.1964 3
    endloop
  endfacet
  facet normal -0.844317 -0.535845 0
    outer loop
      vertex -12.152 1.5657 0
      vertex -12.3707 1.9103 3
      vertex -12.3707 1.9103 0
    endloop
  endfacet
  facet normal -0.844317 -0.535845 0
    outer loop
      vertex -12.3707 1.9103 3
      vertex -12.152 1.5657 0
      vertex -12.152 1.5657 3
    endloop
  endfacet
  facet normal -0.368093 -0.929789 0
    outer loop
      vertex -13.9957 3.09093 0
      vertex -13.6162 2.94069 3
      vertex -13.9957 3.09093 3
    endloop
  endfacet
  facet normal -0.368093 -0.929789 -0
    outer loop
      vertex -13.6162 2.94069 3
      vertex -13.9957 3.09093 0
      vertex -13.6162 2.94069 0
    endloop
  endfacet
  facet normal -0.2487 -0.968581 0
    outer loop
      vertex -14.391 3.19243 0
      vertex -13.9957 3.09093 3
      vertex -14.391 3.19243 3
    endloop
  endfacet
  facet normal -0.2487 -0.968581 -0
    outer loop
      vertex -13.9957 3.09093 3
      vertex -14.391 3.19243 0
      vertex -13.9957 3.09093 0
    endloop
  endfacet
  facet normal -0.587778 -0.809022 0
    outer loop
      vertex -13.2586 2.74407 0
      vertex -12.9284 2.50417 3
      vertex -13.2586 2.74407 3
    endloop
  endfacet
  facet normal -0.587778 -0.809022 -0
    outer loop
      vertex -12.9284 2.50417 3
      vertex -13.2586 2.74407 0
      vertex -12.9284 2.50417 0
    endloop
  endfacet
  facet normal 0.844317 -0.535845 0
    outer loop
      vertex -17.848 1.5657 3
      vertex -17.6293 1.9103 0
      vertex -17.6293 1.9103 3
    endloop
  endfacet
  facet normal 0.844317 -0.535845 0
    outer loop
      vertex -17.6293 1.9103 0
      vertex -17.848 1.5657 3
      vertex -17.848 1.5657 0
    endloop
  endfacet
  facet normal 0.770466 -0.637481 0
    outer loop
      vertex -17.6293 1.9103 3
      vertex -17.3691 2.22478 0
      vertex -17.3691 2.22478 3
    endloop
  endfacet
  facet normal 0.770466 -0.637481 0
    outer loop
      vertex -17.3691 2.22478 0
      vertex -17.6293 1.9103 3
      vertex -17.6293 1.9103 0
    endloop
  endfacet
  facet normal 0.951071 -0.308972 0
    outer loop
      vertex -18.1479 0.808242 3
      vertex -18.0218 1.1964 0
      vertex -18.0218 1.1964 3
    endloop
  endfacet
  facet normal 0.951071 -0.308972 0
    outer loop
      vertex -18.0218 1.1964 0
      vertex -18.1479 0.808242 3
      vertex -18.1479 0.808242 0
    endloop
  endfacet
  facet normal 0.481806 -0.876278 0
    outer loop
      vertex -16.7414 2.74407 0
      vertex -16.3838 2.94069 3
      vertex -16.7414 2.74407 3
    endloop
  endfacet
  facet normal 0.481806 -0.876278 0
    outer loop
      vertex -16.3838 2.94069 3
      vertex -16.7414 2.74407 0
      vertex -16.3838 2.94069 0
    endloop
  endfacet
  facet normal 0.125356 -0.992112 0
    outer loop
      vertex -15.609 3.19243 0
      vertex -15.2041 3.24359 3
      vertex -15.609 3.19243 3
    endloop
  endfacet
  facet normal 0.125356 -0.992112 0
    outer loop
      vertex -15.2041 3.24359 3
      vertex -15.609 3.19243 0
      vertex -15.2041 3.24359 0
    endloop
  endfacet
  facet normal -0.998031 0.0627242 0
    outer loop
      vertex -11.7756 -0.407332 0
      vertex -11.75 0 3
      vertex -11.75 0 0
    endloop
  endfacet
  facet normal -0.998031 0.0627242 0
    outer loop
      vertex -11.75 0 3
      vertex -11.7756 -0.407332 0
      vertex -11.7756 -0.407332 3
    endloop
  endfacet
  facet normal 0.2487 0.968581 -0
    outer loop
      vertex -15.609 -3.19243 0
      vertex -16.0043 -3.09093 3
      vertex -15.609 -3.19243 3
    endloop
  endfacet
  facet normal 0.2487 0.968581 0
    outer loop
      vertex -16.0043 -3.09093 3
      vertex -15.609 -3.19243 0
      vertex -16.0043 -3.09093 0
    endloop
  endfacet
  facet normal -0.125356 0.992112 0
    outer loop
      vertex -14.391 -3.19243 0
      vertex -14.7959 -3.24359 3
      vertex -14.391 -3.19243 3
    endloop
  endfacet
  facet normal -0.125356 0.992112 0
    outer loop
      vertex -14.7959 -3.24359 3
      vertex -14.391 -3.19243 0
      vertex -14.7959 -3.24359 0
    endloop
  endfacet
  facet normal -0.951071 -0.308972 0
    outer loop
      vertex -11.8521 0.808242 0
      vertex -11.9782 1.1964 3
      vertex -11.9782 1.1964 0
    endloop
  endfacet
  facet normal -0.951071 -0.308972 0
    outer loop
      vertex -11.9782 1.1964 3
      vertex -11.8521 0.808242 0
      vertex -11.8521 0.808242 3
    endloop
  endfacet
  facet normal -0.982277 -0.187434 0
    outer loop
      vertex -11.7756 0.407332 0
      vertex -11.8521 0.808242 3
      vertex -11.8521 0.808242 0
    endloop
  endfacet
  facet normal -0.982277 -0.187434 0
    outer loop
      vertex -11.8521 0.808242 3
      vertex -11.7756 0.407332 0
      vertex -11.7756 0.407332 3
    endloop
  endfacet
  facet normal -0.770466 -0.637481 0
    outer loop
      vertex -12.3707 1.9103 0
      vertex -12.6309 2.22478 3
      vertex -12.6309 2.22478 0
    endloop
  endfacet
  facet normal -0.770466 -0.637481 0
    outer loop
      vertex -12.6309 2.22478 3
      vertex -12.3707 1.9103 0
      vertex -12.3707 1.9103 3
    endloop
  endfacet
  facet normal -0.125356 -0.992112 0
    outer loop
      vertex -14.7959 3.24359 0
      vertex -14.391 3.19243 3
      vertex -14.7959 3.24359 3
    endloop
  endfacet
  facet normal -0.125356 -0.992112 -0
    outer loop
      vertex -14.391 3.19243 3
      vertex -14.7959 3.24359 0
      vertex -14.391 3.19243 0
    endloop
  endfacet
  facet normal 0.904808 -0.425821 0
    outer loop
      vertex -18.0218 1.1964 3
      vertex -17.848 1.5657 0
      vertex -17.848 1.5657 3
    endloop
  endfacet
  facet normal 0.904808 -0.425821 0
    outer loop
      vertex -17.848 1.5657 0
      vertex -18.0218 1.1964 3
      vertex -18.0218 1.1964 0
    endloop
  endfacet
  facet normal 0.982277 -0.187434 0
    outer loop
      vertex -18.2244 0.407332 3
      vertex -18.1479 0.808242 0
      vertex -18.1479 0.808242 3
    endloop
  endfacet
  facet normal 0.982277 -0.187434 0
    outer loop
      vertex -18.1479 0.808242 0
      vertex -18.2244 0.407332 3
      vertex -18.2244 0.407332 0
    endloop
  endfacet
  facet normal 0.587778 -0.809022 0
    outer loop
      vertex -17.0716 2.50417 0
      vertex -16.7414 2.74407 3
      vertex -17.0716 2.50417 3
    endloop
  endfacet
  facet normal 0.587778 -0.809022 0
    outer loop
      vertex -16.7414 2.74407 3
      vertex -17.0716 2.50417 0
      vertex -16.7414 2.74407 0
    endloop
  endfacet
  facet normal 0.2487 -0.968581 0
    outer loop
      vertex -16.0043 3.09093 0
      vertex -15.609 3.19243 3
      vertex -16.0043 3.09093 3
    endloop
  endfacet
  facet normal 0.2487 -0.968581 0
    outer loop
      vertex -15.609 3.19243 3
      vertex -16.0043 3.09093 0
      vertex -15.609 3.19243 0
    endloop
  endfacet
  facet normal -0.587778 0.809022 0
    outer loop
      vertex -12.9284 -2.50417 0
      vertex -13.2586 -2.74407 3
      vertex -12.9284 -2.50417 3
    endloop
  endfacet
  facet normal -0.587778 0.809022 0
    outer loop
      vertex -13.2586 -2.74407 3
      vertex -12.9284 -2.50417 0
      vertex -13.2586 -2.74407 0
    endloop
  endfacet
  facet normal -0.951071 0.308972 0
    outer loop
      vertex -11.9782 -1.1964 0
      vertex -11.8521 -0.808242 3
      vertex -11.8521 -0.808242 0
    endloop
  endfacet
  facet normal -0.951071 0.308972 0
    outer loop
      vertex -11.8521 -0.808242 3
      vertex -11.9782 -1.1964 0
      vertex -11.9782 -1.1964 3
    endloop
  endfacet
  facet normal -0.904808 0.425821 0
    outer loop
      vertex -12.152 -1.5657 0
      vertex -11.9782 -1.1964 3
      vertex -11.9782 -1.1964 0
    endloop
  endfacet
  facet normal -0.904808 0.425821 0
    outer loop
      vertex -11.9782 -1.1964 3
      vertex -12.152 -1.5657 0
      vertex -12.152 -1.5657 3
    endloop
  endfacet
  facet normal -0.982277 0.187434 0
    outer loop
      vertex -11.8521 -0.808242 0
      vertex -11.7756 -0.407332 3
      vertex -11.7756 -0.407332 0
    endloop
  endfacet
  facet normal -0.982277 0.187434 0
    outer loop
      vertex -11.7756 -0.407332 3
      vertex -11.8521 -0.808242 0
      vertex -11.8521 -0.808242 3
    endloop
  endfacet
  facet normal 0.125356 0.992112 -0
    outer loop
      vertex -15.2041 -3.24359 0
      vertex -15.609 -3.19243 3
      vertex -15.2041 -3.24359 3
    endloop
  endfacet
  facet normal 0.125356 0.992112 0
    outer loop
      vertex -15.609 -3.19243 3
      vertex -15.2041 -3.24359 0
      vertex -15.609 -3.19243 0
    endloop
  endfacet
  facet normal 0.951071 0.308972 0
    outer loop
      vertex -18.0218 -1.1964 3
      vertex -18.1479 -0.808242 0
      vertex -18.1479 -0.808242 3
    endloop
  endfacet
  facet normal 0.951071 0.308972 0
    outer loop
      vertex -18.1479 -0.808242 0
      vertex -18.0218 -1.1964 3
      vertex -18.0218 -1.1964 0
    endloop
  endfacet
  facet normal -0.481806 0.876278 0
    outer loop
      vertex -13.2586 -2.74407 0
      vertex -13.6162 -2.94069 3
      vertex -13.2586 -2.74407 3
    endloop
  endfacet
  facet normal -0.481806 0.876278 0
    outer loop
      vertex -13.6162 -2.94069 3
      vertex -13.2586 -2.74407 0
      vertex -13.6162 -2.94069 0
    endloop
  endfacet
  facet normal -0.481806 -0.876278 0
    outer loop
      vertex -13.6162 2.94069 0
      vertex -13.2586 2.74407 3
      vertex -13.6162 2.94069 3
    endloop
  endfacet
  facet normal -0.481806 -0.876278 -0
    outer loop
      vertex -13.2586 2.74407 3
      vertex -13.6162 2.94069 0
      vertex -13.2586 2.74407 0
    endloop
  endfacet
  facet normal 0.368093 0.929789 -0
    outer loop
      vertex -16.0043 -3.09093 0
      vertex -16.3838 -2.94069 3
      vertex -16.0043 -3.09093 3
    endloop
  endfacet
  facet normal 0.368093 0.929789 0
    outer loop
      vertex -16.3838 -2.94069 3
      vertex -16.0043 -3.09093 0
      vertex -16.3838 -2.94069 0
    endloop
  endfacet
  facet normal 0.770466 0.637481 0
    outer loop
      vertex -17.3691 -2.22478 3
      vertex -17.6293 -1.9103 0
      vertex -17.6293 -1.9103 3
    endloop
  endfacet
  facet normal 0.770466 0.637481 0
    outer loop
      vertex -17.6293 -1.9103 0
      vertex -17.3691 -2.22478 3
      vertex -17.3691 -2.22478 0
    endloop
  endfacet
  facet normal 0.998031 0.0627242 0
    outer loop
      vertex -18.2244 -0.407332 3
      vertex -18.25 0 0
      vertex -18.25 0 3
    endloop
  endfacet
  facet normal 0.998031 0.0627242 0
    outer loop
      vertex -18.25 0 0
      vertex -18.2244 -0.407332 3
      vertex -18.2244 -0.407332 0
    endloop
  endfacet
  facet normal -0.684572 0.728946 0
    outer loop
      vertex -12.6309 -2.22478 0
      vertex -12.9284 -2.50417 3
      vertex -12.6309 -2.22478 3
    endloop
  endfacet
  facet normal -0.684572 0.728946 0
    outer loop
      vertex -12.9284 -2.50417 3
      vertex -12.6309 -2.22478 0
      vertex -12.9284 -2.50417 0
    endloop
  endfacet
  facet normal 0 1 -0
    outer loop
      vertex -14.7959 -3.24359 0
      vertex -15.2041 -3.24359 3
      vertex -14.7959 -3.24359 3
    endloop
  endfacet
  facet normal 0 1 0
    outer loop
      vertex -15.2041 -3.24359 3
      vertex -14.7959 -3.24359 0
      vertex -15.2041 -3.24359 0
    endloop
  endfacet
  facet normal 0.481806 0.876278 -0
    outer loop
      vertex -16.3838 -2.94069 0
      vertex -16.7414 -2.74407 3
      vertex -16.3838 -2.94069 3
    endloop
  endfacet
  facet normal 0.481806 0.876278 0
    outer loop
      vertex -16.7414 -2.74407 3
      vertex -16.3838 -2.94069 0
      vertex -16.7414 -2.74407 0
    endloop
  endfacet
  facet normal 0.684572 0.728946 -0
    outer loop
      vertex -17.0716 -2.50417 0
      vertex -17.3691 -2.22478 3
      vertex -17.0716 -2.50417 3
    endloop
  endfacet
  facet normal 0.684572 0.728946 0
    outer loop
      vertex -17.3691 -2.22478 3
      vertex -17.0716 -2.50417 0
      vertex -17.3691 -2.22478 0
    endloop
  endfacet
  facet normal 0.844317 0.535845 0
    outer loop
      vertex -17.6293 -1.9103 3
      vertex -17.848 -1.5657 0
      vertex -17.848 -1.5657 3
    endloop
  endfacet
  facet normal 0.844317 0.535845 0
    outer loop
      vertex -17.848 -1.5657 0
      vertex -17.6293 -1.9103 3
      vertex -17.6293 -1.9103 0
    endloop
  endfacet
  facet normal 0.904808 0.425821 0
    outer loop
      vertex -17.848 -1.5657 3
      vertex -18.0218 -1.1964 0
      vertex -18.0218 -1.1964 3
    endloop
  endfacet
  facet normal 0.904808 0.425821 0
    outer loop
      vertex -18.0218 -1.1964 0
      vertex -17.848 -1.5657 3
      vertex -17.848 -1.5657 0
    endloop
  endfacet
  facet normal 0.982277 0.187434 0
    outer loop
      vertex -18.1479 -0.808242 3
      vertex -18.2244 -0.407332 0
      vertex -18.2244 -0.407332 3
    endloop
  endfacet
  facet normal 0.982277 0.187434 0
    outer loop
      vertex -18.2244 -0.407332 0
      vertex -18.1479 -0.808242 3
      vertex -18.1479 -0.808242 0
    endloop
  endfacet
  facet normal -0.770466 0.637481 0
    outer loop
      vertex -12.6309 -2.22478 0
      vertex -12.3707 -1.9103 3
      vertex -12.3707 -1.9103 0
    endloop
  endfacet
  facet normal -0.770466 0.637481 0
    outer loop
      vertex -12.3707 -1.9103 3
      vertex -12.6309 -2.22478 0
      vertex -12.6309 -2.22478 3
    endloop
  endfacet
  facet normal -0.2487 0.968581 0
    outer loop
      vertex -13.9957 -3.09093 0
      vertex -14.391 -3.19243 3
      vertex -13.9957 -3.09093 3
    endloop
  endfacet
  facet normal -0.2487 0.968581 0
    outer loop
      vertex -14.391 -3.19243 3
      vertex -13.9957 -3.09093 0
      vertex -14.391 -3.19243 0
    endloop
  endfacet
  facet normal -0.368093 0.929789 0
    outer loop
      vertex -13.6162 -2.94069 0
      vertex -13.9957 -3.09093 3
      vertex -13.6162 -2.94069 3
    endloop
  endfacet
  facet normal -0.368093 0.929789 0
    outer loop
      vertex -13.9957 -3.09093 3
      vertex -13.6162 -2.94069 0
      vertex -13.9957 -3.09093 0
    endloop
  endfacet
  facet normal 0.587778 0.809022 -0
    outer loop
      vertex -16.7414 -2.74407 0
      vertex -17.0716 -2.50417 3
      vertex -16.7414 -2.74407 3
    endloop
  endfacet
  facet normal 0.587778 0.809022 0
    outer loop
      vertex -17.0716 -2.50417 3
      vertex -16.7414 -2.74407 0
      vertex -17.0716 -2.50417 0
    endloop
  endfacet
  facet normal -0.998026 -0.0627975 0
    outer loop
      vertex 3.25 0 0
      vertex 3.22437 0.407332 3
      vertex 3.22437 0.407332 0
    endloop
  endfacet
  facet normal -0.998026 -0.0627975 0
    outer loop
      vertex 3.22437 0.407332 3
      vertex 3.25 0 0
      vertex 3.25 0 3
    endloop
  endfacet
  facet normal 0.998026 -0.0627975 0
    outer loop
      vertex -3.25 0 3
      vertex -3.22437 0.407332 0
      vertex -3.22437 0.407332 3
    endloop
  endfacet
  facet normal 0.998026 -0.0627975 0
    outer loop
      vertex -3.22437 0.407332 0
      vertex -3.25 0 3
      vertex -3.25 0 0
    endloop
  endfacet
  facet normal 0 -1 0
    outer loop
      vertex -0.204069 3.24359 0
      vertex 0.204069 3.24359 3
      vertex -0.204069 3.24359 3
    endloop
  endfacet
  facet normal 0 -1 -0
    outer loop
      vertex 0.204069 3.24359 3
      vertex -0.204069 3.24359 0
      vertex 0.204069 3.24359 0
    endloop
  endfacet
  facet normal 0 1 -0
    outer loop
      vertex 0.204069 -3.24359 0
      vertex -0.204069 -3.24359 3
      vertex 0.204069 -3.24359 3
    endloop
  endfacet
  facet normal 0 1 0
    outer loop
      vertex -0.204069 -3.24359 3
      vertex 0.204069 -3.24359 0
      vertex -0.204069 -3.24359 0
    endloop
  endfacet
  facet normal -0.684547 -0.728968 0
    outer loop
      vertex 2.07163 2.50417 0
      vertex 2.36915 2.22478 3
      vertex 2.07163 2.50417 3
    endloop
  endfacet
  facet normal -0.684547 -0.728968 -0
    outer loop
      vertex 2.36915 2.22478 3
      vertex 2.07163 2.50417 0
      vertex 2.36915 2.22478 0
    endloop
  endfacet
  facet normal 0.684547 -0.728968 0
    outer loop
      vertex -2.36915 2.22478 0
      vertex -2.07163 2.50417 3
      vertex -2.36915 2.22478 3
    endloop
  endfacet
  facet normal 0.684547 -0.728968 0
    outer loop
      vertex -2.07163 2.50417 3
      vertex -2.36915 2.22478 0
      vertex -2.07163 2.50417 0
    endloop
  endfacet
  facet normal 0.36811 -0.929782 0
    outer loop
      vertex -1.38378 2.94069 0
      vertex -1.0043 3.09093 3
      vertex -1.38378 2.94069 3
    endloop
  endfacet
  facet normal 0.36811 -0.929782 0
    outer loop
      vertex -1.0043 3.09093 3
      vertex -1.38378 2.94069 0
      vertex -1.0043 3.09093 0
    endloop
  endfacet
  facet normal -0.904836 -0.42576 0
    outer loop
      vertex 3.02177 1.1964 0
      vertex 2.848 1.5657 3
      vertex 2.848 1.5657 0
    endloop
  endfacet
  facet normal -0.904836 -0.42576 0
    outer loop
      vertex 2.848 1.5657 3
      vertex 3.02177 1.1964 0
      vertex 3.02177 1.1964 3
    endloop
  endfacet
  facet normal -0.844317 -0.535845 0
    outer loop
      vertex 2.848 1.5657 0
      vertex 2.6293 1.9103 3
      vertex 2.6293 1.9103 0
    endloop
  endfacet
  facet normal -0.844317 -0.535845 0
    outer loop
      vertex 2.6293 1.9103 3
      vertex 2.848 1.5657 0
      vertex 2.848 1.5657 3
    endloop
  endfacet
  facet normal -0.36811 -0.929782 0
    outer loop
      vertex 1.0043 3.09093 0
      vertex 1.38378 2.94069 3
      vertex 1.0043 3.09093 3
    endloop
  endfacet
  facet normal -0.36811 -0.929782 -0
    outer loop
      vertex 1.38378 2.94069 3
      vertex 1.0043 3.09093 0
      vertex 1.38378 2.94069 0
    endloop
  endfacet
  facet normal -0.248693 -0.968582 0
    outer loop
      vertex 0.608989 3.19243 0
      vertex 1.0043 3.09093 3
      vertex 0.608989 3.19243 3
    endloop
  endfacet
  facet normal -0.248693 -0.968582 -0
    outer loop
      vertex 1.0043 3.09093 3
      vertex 0.608989 3.19243 0
      vertex 1.0043 3.09093 0
    endloop
  endfacet
  facet normal -0.58779 -0.809014 0
    outer loop
      vertex 1.74144 2.74407 0
      vertex 2.07163 2.50417 3
      vertex 1.74144 2.74407 3
    endloop
  endfacet
  facet normal -0.58779 -0.809014 -0
    outer loop
      vertex 2.07163 2.50417 3
      vertex 1.74144 2.74407 0
      vertex 2.07163 2.50417 0
    endloop
  endfacet
  facet normal 0.904836 -0.42576 0
    outer loop
      vertex -3.02177 1.1964 3
      vertex -2.848 1.5657 0
      vertex -2.848 1.5657 3
    endloop
  endfacet
  facet normal 0.904836 -0.42576 0
    outer loop
      vertex -2.848 1.5657 0
      vertex -3.02177 1.1964 3
      vertex -3.02177 1.1964 0
    endloop
  endfacet
  facet normal 0.770526 -0.637409 0
    outer loop
      vertex -2.6293 1.9103 3
      vertex -2.36915 2.22478 0
      vertex -2.36915 2.22478 3
    endloop
  endfacet
  facet normal 0.770526 -0.637409 0
    outer loop
      vertex -2.36915 2.22478 0
      vertex -2.6293 1.9103 3
      vertex -2.6293 1.9103 0
    endloop
  endfacet
  facet normal 0.951057 -0.309017 0
    outer loop
      vertex -3.14789 0.808242 3
      vertex -3.02177 1.1964 0
      vertex -3.02177 1.1964 3
    endloop
  endfacet
  facet normal 0.951057 -0.309017 0
    outer loop
      vertex -3.02177 1.1964 0
      vertex -3.14789 0.808242 3
      vertex -3.14789 0.808242 0
    endloop
  endfacet
  facet normal 0.481744 -0.876312 0
    outer loop
      vertex -1.74144 2.74407 0
      vertex -1.38378 2.94069 3
      vertex -1.74144 2.74407 3
    endloop
  endfacet
  facet normal 0.481744 -0.876312 0
    outer loop
      vertex -1.38378 2.94069 3
      vertex -1.74144 2.74407 0
      vertex -1.38378 2.94069 0
    endloop
  endfacet
  facet normal 0.125349 -0.992113 0
    outer loop
      vertex -0.608989 3.19243 0
      vertex -0.204069 3.24359 3
      vertex -0.608989 3.19243 3
    endloop
  endfacet
  facet normal 0.125349 -0.992113 0
    outer loop
      vertex -0.204069 3.24359 3
      vertex -0.608989 3.19243 0
      vertex -0.204069 3.24359 0
    endloop
  endfacet
  facet normal -0.125349 0.992113 0
    outer loop
      vertex 0.608989 -3.19243 0
      vertex 0.204069 -3.24359 3
      vertex 0.608989 -3.19243 3
    endloop
  endfacet
  facet normal -0.125349 0.992113 0
    outer loop
      vertex 0.204069 -3.24359 3
      vertex 0.608989 -3.19243 0
      vertex 0.204069 -3.24359 0
    endloop
  endfacet
  facet normal -0.951057 -0.309017 0
    outer loop
      vertex 3.14789 0.808242 0
      vertex 3.02177 1.1964 3
      vertex 3.02177 1.1964 0
    endloop
  endfacet
  facet normal -0.951057 -0.309017 0
    outer loop
      vertex 3.02177 1.1964 3
      vertex 3.14789 0.808242 0
      vertex 3.14789 0.808242 3
    endloop
  endfacet
  facet normal -0.982286 -0.187387 0
    outer loop
      vertex 3.22437 0.407332 0
      vertex 3.14789 0.808242 3
      vertex 3.14789 0.808242 0
    endloop
  endfacet
  facet normal -0.982286 -0.187387 0
    outer loop
      vertex 3.14789 0.808242 3
      vertex 3.22437 0.407332 0
      vertex 3.22437 0.407332 3
    endloop
  endfacet
  facet normal -0.770526 -0.637409 0
    outer loop
      vertex 2.6293 1.9103 0
      vertex 2.36915 2.22478 3
      vertex 2.36915 2.22478 0
    endloop
  endfacet
  facet normal -0.770526 -0.637409 0
    outer loop
      vertex 2.36915 2.22478 3
      vertex 2.6293 1.9103 0
      vertex 2.6293 1.9103 3
    endloop
  endfacet
  facet normal -0.125349 -0.992113 0
    outer loop
      vertex 0.204069 3.24359 0
      vertex 0.608989 3.19243 3
      vertex 0.204069 3.24359 3
    endloop
  endfacet
  facet normal -0.125349 -0.992113 -0
    outer loop
      vertex 0.608989 3.19243 3
      vertex 0.204069 3.24359 0
      vertex 0.608989 3.19243 0
    endloop
  endfacet
  facet normal -0.481744 -0.876312 0
    outer loop
      vertex 1.38378 2.94069 0
      vertex 1.74144 2.74407 3
      vertex 1.38378 2.94069 3
    endloop
  endfacet
  facet normal -0.481744 -0.876312 -0
    outer loop
      vertex 1.74144 2.74407 3
      vertex 1.38378 2.94069 0
      vertex 1.74144 2.74407 0
    endloop
  endfacet
  facet normal 0.844317 -0.535845 0
    outer loop
      vertex -2.848 1.5657 3
      vertex -2.6293 1.9103 0
      vertex -2.6293 1.9103 3
    endloop
  endfacet
  facet normal 0.844317 -0.535845 0
    outer loop
      vertex -2.6293 1.9103 0
      vertex -2.848 1.5657 3
      vertex -2.848 1.5657 0
    endloop
  endfacet
  facet normal 0.982286 -0.187387 0
    outer loop
      vertex -3.22437 0.407332 3
      vertex -3.14789 0.808242 0
      vertex -3.14789 0.808242 3
    endloop
  endfacet
  facet normal 0.982286 -0.187387 0
    outer loop
      vertex -3.14789 0.808242 0
      vertex -3.22437 0.407332 3
      vertex -3.22437 0.407332 0
    endloop
  endfacet
  facet normal 0.58779 -0.809014 0
    outer loop
      vertex -2.07163 2.50417 0
      vertex -1.74144 2.74407 3
      vertex -2.07163 2.50417 3
    endloop
  endfacet
  facet normal 0.58779 -0.809014 0
    outer loop
      vertex -1.74144 2.74407 3
      vertex -2.07163 2.50417 0
      vertex -1.74144 2.74407 0
    endloop
  endfacet
  facet normal 0.248693 -0.968582 0
    outer loop
      vertex -1.0043 3.09093 0
      vertex -0.608989 3.19243 3
      vertex -1.0043 3.09093 3
    endloop
  endfacet
  facet normal 0.248693 -0.968582 0
    outer loop
      vertex -0.608989 3.19243 3
      vertex -1.0043 3.09093 0
      vertex -0.608989 3.19243 0
    endloop
  endfacet
  facet normal -0.998026 0.0627975 0
    outer loop
      vertex 3.22437 -0.407332 0
      vertex 3.25 0 3
      vertex 3.25 0 0
    endloop
  endfacet
  facet normal -0.998026 0.0627975 0
    outer loop
      vertex 3.25 0 3
      vertex 3.22437 -0.407332 0
      vertex 3.22437 -0.407332 3
    endloop
  endfacet
  facet normal -0.951057 0.309017 0
    outer loop
      vertex 3.02177 -1.1964 0
      vertex 3.14789 -0.808242 3
      vertex 3.14789 -0.808242 0
    endloop
  endfacet
  facet normal -0.951057 0.309017 0
    outer loop
      vertex 3.14789 -0.808242 3
      vertex 3.02177 -1.1964 0
      vertex 3.02177 -1.1964 3
    endloop
  endfacet
  facet normal -0.982286 0.187387 0
    outer loop
      vertex 3.14789 -0.808242 0
      vertex 3.22437 -0.407332 3
      vertex 3.22437 -0.407332 0
    endloop
  endfacet
  facet normal -0.982286 0.187387 0
    outer loop
      vertex 3.22437 -0.407332 3
      vertex 3.14789 -0.808242 0
      vertex 3.14789 -0.808242 3
    endloop
  endfacet
  facet normal 0.904836 0.42576 0
    outer loop
      vertex -2.848 -1.5657 3
      vertex -3.02177 -1.1964 0
      vertex -3.02177 -1.1964 3
    endloop
  endfacet
  facet normal 0.904836 0.42576 0
    outer loop
      vertex -3.02177 -1.1964 0
      vertex -2.848 -1.5657 3
      vertex -2.848 -1.5657 0
    endloop
  endfacet
  facet normal -0.58779 0.809014 0
    outer loop
      vertex 2.07163 -2.50417 0
      vertex 1.74144 -2.74407 3
      vertex 2.07163 -2.50417 3
    endloop
  endfacet
  facet normal -0.58779 0.809014 0
    outer loop
      vertex 1.74144 -2.74407 3
      vertex 2.07163 -2.50417 0
      vertex 1.74144 -2.74407 0
    endloop
  endfacet
  facet normal 0.951057 0.309017 0
    outer loop
      vertex -3.02177 -1.1964 3
      vertex -3.14789 -0.808242 0
      vertex -3.14789 -0.808242 3
    endloop
  endfacet
  facet normal 0.951057 0.309017 0
    outer loop
      vertex -3.14789 -0.808242 0
      vertex -3.02177 -1.1964 3
      vertex -3.02177 -1.1964 0
    endloop
  endfacet
  facet normal -0.684547 0.728968 0
    outer loop
      vertex 2.36915 -2.22478 0
      vertex 2.07163 -2.50417 3
      vertex 2.36915 -2.22478 3
    endloop
  endfacet
  facet normal -0.684547 0.728968 0
    outer loop
      vertex 2.07163 -2.50417 3
      vertex 2.36915 -2.22478 0
      vertex 2.07163 -2.50417 0
    endloop
  endfacet
  facet normal -0.248693 0.968582 0
    outer loop
      vertex 1.0043 -3.09093 0
      vertex 0.608989 -3.19243 3
      vertex 1.0043 -3.09093 3
    endloop
  endfacet
  facet normal -0.248693 0.968582 0
    outer loop
      vertex 0.608989 -3.19243 3
      vertex 1.0043 -3.09093 0
      vertex 0.608989 -3.19243 0
    endloop
  endfacet
  facet normal -0.481744 0.876312 0
    outer loop
      vertex 1.74144 -2.74407 0
      vertex 1.38378 -2.94069 3
      vertex 1.74144 -2.74407 3
    endloop
  endfacet
  facet normal -0.481744 0.876312 0
    outer loop
      vertex 1.38378 -2.94069 3
      vertex 1.74144 -2.74407 0
      vertex 1.38378 -2.94069 0
    endloop
  endfacet
  facet normal -0.904836 0.42576 0
    outer loop
      vertex 2.848 -1.5657 0
      vertex 3.02177 -1.1964 3
      vertex 3.02177 -1.1964 0
    endloop
  endfacet
  facet normal -0.904836 0.42576 0
    outer loop
      vertex 3.02177 -1.1964 3
      vertex 2.848 -1.5657 0
      vertex 2.848 -1.5657 3
    endloop
  endfacet
  facet normal -0.844317 0.535845 0
    outer loop
      vertex 2.6293 -1.9103 0
      vertex 2.848 -1.5657 3
      vertex 2.848 -1.5657 0
    endloop
  endfacet
  facet normal -0.844317 0.535845 0
    outer loop
      vertex 2.848 -1.5657 3
      vertex 2.6293 -1.9103 0
      vertex 2.6293 -1.9103 3
    endloop
  endfacet
  facet normal 0.125349 0.992113 -0
    outer loop
      vertex -0.204069 -3.24359 0
      vertex -0.608989 -3.19243 3
      vertex -0.204069 -3.24359 3
    endloop
  endfacet
  facet normal 0.125349 0.992113 0
    outer loop
      vertex -0.608989 -3.19243 3
      vertex -0.204069 -3.24359 0
      vertex -0.608989 -3.19243 0
    endloop
  endfacet
  facet normal 0.248693 0.968582 -0
    outer loop
      vertex -0.608989 -3.19243 0
      vertex -1.0043 -3.09093 3
      vertex -0.608989 -3.19243 3
    endloop
  endfacet
  facet normal 0.248693 0.968582 0
    outer loop
      vertex -1.0043 -3.09093 3
      vertex -0.608989 -3.19243 0
      vertex -1.0043 -3.09093 0
    endloop
  endfacet
  facet normal 0.770526 0.637409 0
    outer loop
      vertex -2.36915 -2.22478 3
      vertex -2.6293 -1.9103 0
      vertex -2.6293 -1.9103 3
    endloop
  endfacet
  facet normal 0.770526 0.637409 0
    outer loop
      vertex -2.6293 -1.9103 0
      vertex -2.36915 -2.22478 3
      vertex -2.36915 -2.22478 0
    endloop
  endfacet
  facet normal 0.684547 0.728968 -0
    outer loop
      vertex -2.07163 -2.50417 0
      vertex -2.36915 -2.22478 3
      vertex -2.07163 -2.50417 3
    endloop
  endfacet
  facet normal 0.684547 0.728968 0
    outer loop
      vertex -2.36915 -2.22478 3
      vertex -2.07163 -2.50417 0
      vertex -2.36915 -2.22478 0
    endloop
  endfacet
  facet normal 0.982286 0.187387 0
    outer loop
      vertex -3.14789 -0.808242 3
      vertex -3.22437 -0.407332 0
      vertex -3.22437 -0.407332 3
    endloop
  endfacet
  facet normal 0.982286 0.187387 0
    outer loop
      vertex -3.22437 -0.407332 0
      vertex -3.14789 -0.808242 3
      vertex -3.14789 -0.808242 0
    endloop
  endfacet
  facet normal 0.998026 0.0627975 0
    outer loop
      vertex -3.22437 -0.407332 3
      vertex -3.25 0 0
      vertex -3.25 0 3
    endloop
  endfacet
  facet normal 0.998026 0.0627975 0
    outer loop
      vertex -3.25 0 0
      vertex -3.22437 -0.407332 3
      vertex -3.22437 -0.407332 0
    endloop
  endfacet
  facet normal -0.770526 0.637409 0
    outer loop
      vertex 2.36915 -2.22478 0
      vertex 2.6293 -1.9103 3
      vertex 2.6293 -1.9103 0
    endloop
  endfacet
  facet normal -0.770526 0.637409 0
    outer loop
      vertex 2.6293 -1.9103 3
      vertex 2.36915 -2.22478 0
      vertex 2.36915 -2.22478 3
    endloop
  endfacet
  facet normal 0.58779 0.809014 -0
    outer loop
      vertex -1.74144 -2.74407 0
      vertex -2.07163 -2.50417 3
      vertex -1.74144 -2.74407 3
    endloop
  endfacet
  facet normal 0.58779 0.809014 0
    outer loop
      vertex -2.07163 -2.50417 3
      vertex -1.74144 -2.74407 0
      vertex -2.07163 -2.50417 0
    endloop
  endfacet
  facet normal 0.481744 0.876312 -0
    outer loop
      vertex -1.38378 -2.94069 0
      vertex -1.74144 -2.74407 3
      vertex -1.38378 -2.94069 3
    endloop
  endfacet
  facet normal 0.481744 0.876312 0
    outer loop
      vertex -1.74144 -2.74407 3
      vertex -1.38378 -2.94069 0
      vertex -1.74144 -2.74407 0
    endloop
  endfacet
  facet normal 0.844317 0.535845 0
    outer loop
      vertex -2.6293 -1.9103 3
      vertex -2.848 -1.5657 0
      vertex -2.848 -1.5657 3
    endloop
  endfacet
  facet normal 0.844317 0.535845 0
    outer loop
      vertex -2.848 -1.5657 0
      vertex -2.6293 -1.9103 3
      vertex -2.6293 -1.9103 0
    endloop
  endfacet
  facet normal -0.36811 0.929782 0
    outer loop
      vertex 1.38378 -2.94069 0
      vertex 1.0043 -3.09093 3
      vertex 1.38378 -2.94069 3
    endloop
  endfacet
  facet normal -0.36811 0.929782 0
    outer loop
      vertex 1.0043 -3.09093 3
      vertex 1.38378 -2.94069 0
      vertex 1.0043 -3.09093 0
    endloop
  endfacet
  facet normal 0.36811 0.929782 -0
    outer loop
      vertex -1.0043 -3.09093 0
      vertex -1.38378 -2.94069 3
      vertex -1.0043 -3.09093 3
    endloop
  endfacet
  facet normal 0.36811 0.929782 0
    outer loop
      vertex -1.38378 -2.94069 3
      vertex -1.0043 -3.09093 0
      vertex -1.38378 -2.94069 0
    endloop
  endfacet
  facet normal -0.587778 -0.809022 0
    outer loop
      vertex 16.7414 2.74407 0
      vertex 17.0716 2.50417 3
      vertex 16.7414 2.74407 3
    endloop
  endfacet
  facet normal -0.587778 -0.809022 -0
    outer loop
      vertex 17.0716 2.50417 3
      vertex 16.7414 2.74407 0
      vertex 17.0716 2.50417 0
    endloop
  endfacet
  facet normal -0.998031 0.0627242 0
    outer loop
      vertex 18.2244 -0.407332 0
      vertex 18.25 0 3
      vertex 18.25 0 0
    endloop
  endfacet
  facet normal -0.998031 0.0627242 0
    outer loop
      vertex 18.25 0 3
      vertex 18.2244 -0.407332 0
      vertex 18.2244 -0.407332 3
    endloop
  endfacet
  facet normal 0.2487 0.968581 -0
    outer loop
      vertex 14.391 -3.19243 0
      vertex 13.9957 -3.09093 3
      vertex 14.391 -3.19243 3
    endloop
  endfacet
  facet normal 0.2487 0.968581 0
    outer loop
      vertex 13.9957 -3.09093 3
      vertex 14.391 -3.19243 0
      vertex 13.9957 -3.09093 0
    endloop
  endfacet
  facet normal 0.481806 -0.876278 0
    outer loop
      vertex 13.2586 2.74407 0
      vertex 13.6162 2.94069 3
      vertex 13.2586 2.74407 3
    endloop
  endfacet
  facet normal 0.481806 -0.876278 0
    outer loop
      vertex 13.6162 2.94069 3
      vertex 13.2586 2.74407 0
      vertex 13.6162 2.94069 0
    endloop
  endfacet
  facet normal 0.951071 -0.308972 0
    outer loop
      vertex 11.8521 0.808242 3
      vertex 11.9782 1.1964 0
      vertex 11.9782 1.1964 3
    endloop
  endfacet
  facet normal 0.951071 -0.308972 0
    outer loop
      vertex 11.9782 1.1964 0
      vertex 11.8521 0.808242 3
      vertex 11.8521 0.808242 0
    endloop
  endfacet
  facet normal 0.844317 0.535845 0
    outer loop
      vertex 12.3707 -1.9103 3
      vertex 12.152 -1.5657 0
      vertex 12.152 -1.5657 3
    endloop
  endfacet
  facet normal 0.844317 0.535845 0
    outer loop
      vertex 12.152 -1.5657 0
      vertex 12.3707 -1.9103 3
      vertex 12.3707 -1.9103 0
    endloop
  endfacet
  facet normal -0.951071 -0.308972 0
    outer loop
      vertex 18.1479 0.808242 0
      vertex 18.0218 1.1964 3
      vertex 18.0218 1.1964 0
    endloop
  endfacet
  facet normal -0.951071 -0.308972 0
    outer loop
      vertex 18.0218 1.1964 3
      vertex 18.1479 0.808242 0
      vertex 18.1479 0.808242 3
    endloop
  endfacet
  facet normal -0.904808 -0.425821 0
    outer loop
      vertex 18.0218 1.1964 0
      vertex 17.848 1.5657 3
      vertex 17.848 1.5657 0
    endloop
  endfacet
  facet normal -0.904808 -0.425821 0
    outer loop
      vertex 17.848 1.5657 3
      vertex 18.0218 1.1964 0
      vertex 18.0218 1.1964 3
    endloop
  endfacet
  facet normal -0.844317 -0.535845 0
    outer loop
      vertex 17.848 1.5657 0
      vertex 17.6293 1.9103 3
      vertex 17.6293 1.9103 0
    endloop
  endfacet
  facet normal -0.844317 -0.535845 0
    outer loop
      vertex 17.6293 1.9103 3
      vertex 17.848 1.5657 0
      vertex 17.848 1.5657 3
    endloop
  endfacet
  facet normal -0.770466 -0.637481 0
    outer loop
      vertex 17.6293 1.9103 0
      vertex 17.3691 2.22478 3
      vertex 17.3691 2.22478 0
    endloop
  endfacet
  facet normal -0.770466 -0.637481 0
    outer loop
      vertex 17.3691 2.22478 3
      vertex 17.6293 1.9103 0
      vertex 17.6293 1.9103 3
    endloop
  endfacet
  facet normal -0.481806 -0.876278 0
    outer loop
      vertex 16.3838 2.94069 0
      vertex 16.7414 2.74407 3
      vertex 16.3838 2.94069 3
    endloop
  endfacet
  facet normal -0.481806 -0.876278 -0
    outer loop
      vertex 16.7414 2.74407 3
      vertex 16.3838 2.94069 0
      vertex 16.7414 2.74407 0
    endloop
  endfacet
  facet normal -0.2487 -0.968581 0
    outer loop
      vertex 15.609 3.19243 0
      vertex 16.0043 3.09093 3
      vertex 15.609 3.19243 3
    endloop
  endfacet
  facet normal -0.2487 -0.968581 -0
    outer loop
      vertex 16.0043 3.09093 3
      vertex 15.609 3.19243 0
      vertex 16.0043 3.09093 0
    endloop
  endfacet
  facet normal 0.998031 -0.0627242 0
    outer loop
      vertex 11.75 0 3
      vertex 11.7756 0.407332 0
      vertex 11.7756 0.407332 3
    endloop
  endfacet
  facet normal 0.998031 -0.0627242 0
    outer loop
      vertex 11.7756 0.407332 0
      vertex 11.75 0 3
      vertex 11.75 0 0
    endloop
  endfacet
  facet normal 0.844317 -0.535845 0
    outer loop
      vertex 12.152 1.5657 3
      vertex 12.3707 1.9103 0
      vertex 12.3707 1.9103 3
    endloop
  endfacet
  facet normal 0.844317 -0.535845 0
    outer loop
      vertex 12.3707 1.9103 0
      vertex 12.152 1.5657 3
      vertex 12.152 1.5657 0
    endloop
  endfacet
  facet normal 0.587778 -0.809022 0
    outer loop
      vertex 12.9284 2.50417 0
      vertex 13.2586 2.74407 3
      vertex 12.9284 2.50417 3
    endloop
  endfacet
  facet normal 0.587778 -0.809022 0
    outer loop
      vertex 13.2586 2.74407 3
      vertex 12.9284 2.50417 0
      vertex 13.2586 2.74407 0
    endloop
  endfacet
  facet normal 0.684572 -0.728946 0
    outer loop
      vertex 12.6309 2.22478 0
      vertex 12.9284 2.50417 3
      vertex 12.6309 2.22478 3
    endloop
  endfacet
  facet normal 0.684572 -0.728946 0
    outer loop
      vertex 12.9284 2.50417 3
      vertex 12.6309 2.22478 0
      vertex 12.9284 2.50417 0
    endloop
  endfacet
  facet normal -0.998031 -0.0627242 0
    outer loop
      vertex 18.25 0 0
      vertex 18.2244 0.407332 3
      vertex 18.2244 0.407332 0
    endloop
  endfacet
  facet normal -0.998031 -0.0627242 0
    outer loop
      vertex 18.2244 0.407332 3
      vertex 18.25 0 0
      vertex 18.25 0 3
    endloop
  endfacet
  facet normal -0.844317 0.535845 0
    outer loop
      vertex 17.6293 -1.9103 0
      vertex 17.848 -1.5657 3
      vertex 17.848 -1.5657 0
    endloop
  endfacet
  facet normal -0.844317 0.535845 0
    outer loop
      vertex 17.848 -1.5657 3
      vertex 17.6293 -1.9103 0
      vertex 17.6293 -1.9103 3
    endloop
  endfacet
  facet normal -0.368093 0.929789 0
    outer loop
      vertex 16.3838 -2.94069 0
      vertex 16.0043 -3.09093 3
      vertex 16.3838 -2.94069 3
    endloop
  endfacet
  facet normal -0.368093 0.929789 0
    outer loop
      vertex 16.0043 -3.09093 3
      vertex 16.3838 -2.94069 0
      vertex 16.0043 -3.09093 0
    endloop
  endfacet
  facet normal -0.770466 0.637481 0
    outer loop
      vertex 17.3691 -2.22478 0
      vertex 17.6293 -1.9103 3
      vertex 17.6293 -1.9103 0
    endloop
  endfacet
  facet normal -0.770466 0.637481 0
    outer loop
      vertex 17.6293 -1.9103 3
      vertex 17.3691 -2.22478 0
      vertex 17.3691 -2.22478 3
    endloop
  endfacet
  facet normal -0.587778 0.809022 0
    outer loop
      vertex 17.0716 -2.50417 0
      vertex 16.7414 -2.74407 3
      vertex 17.0716 -2.50417 3
    endloop
  endfacet
  facet normal -0.587778 0.809022 0
    outer loop
      vertex 16.7414 -2.74407 3
      vertex 17.0716 -2.50417 0
      vertex 16.7414 -2.74407 0
    endloop
  endfacet
  facet normal 0 1 -0
    outer loop
      vertex 15.2041 -3.24359 0
      vertex 14.7959 -3.24359 3
      vertex 15.2041 -3.24359 3
    endloop
  endfacet
  facet normal 0 1 0
    outer loop
      vertex 14.7959 -3.24359 3
      vertex 15.2041 -3.24359 0
      vertex 14.7959 -3.24359 0
    endloop
  endfacet
  facet normal 0.481806 0.876278 -0
    outer loop
      vertex 13.6162 -2.94069 0
      vertex 13.2586 -2.74407 3
      vertex 13.6162 -2.94069 3
    endloop
  endfacet
  facet normal 0.481806 0.876278 0
    outer loop
      vertex 13.2586 -2.74407 3
      vertex 13.6162 -2.94069 0
      vertex 13.2586 -2.74407 0
    endloop
  endfacet
  facet normal 0.587778 0.809022 -0
    outer loop
      vertex 13.2586 -2.74407 0
      vertex 12.9284 -2.50417 3
      vertex 13.2586 -2.74407 3
    endloop
  endfacet
  facet normal 0.587778 0.809022 0
    outer loop
      vertex 12.9284 -2.50417 3
      vertex 13.2586 -2.74407 0
      vertex 12.9284 -2.50417 0
    endloop
  endfacet
  facet normal -0.684572 -0.728946 0
    outer loop
      vertex 17.0716 2.50417 0
      vertex 17.3691 2.22478 3
      vertex 17.0716 2.50417 3
    endloop
  endfacet
  facet normal -0.684572 -0.728946 -0
    outer loop
      vertex 17.3691 2.22478 3
      vertex 17.0716 2.50417 0
      vertex 17.3691 2.22478 0
    endloop
  endfacet
  facet normal 0 -1 0
    outer loop
      vertex 14.7959 3.24359 0
      vertex 15.2041 3.24359 3
      vertex 14.7959 3.24359 3
    endloop
  endfacet
  facet normal 0 -1 -0
    outer loop
      vertex 15.2041 3.24359 3
      vertex 14.7959 3.24359 0
      vertex 15.2041 3.24359 0
    endloop
  endfacet
  facet normal -0.368093 -0.929789 0
    outer loop
      vertex 16.0043 3.09093 0
      vertex 16.3838 2.94069 3
      vertex 16.0043 3.09093 3
    endloop
  endfacet
  facet normal -0.368093 -0.929789 -0
    outer loop
      vertex 16.3838 2.94069 3
      vertex 16.0043 3.09093 0
      vertex 16.3838 2.94069 0
    endloop
  endfacet
  facet normal 0.998031 0.0627242 0
    outer loop
      vertex 11.7756 -0.407332 3
      vertex 11.75 0 0
      vertex 11.75 0 3
    endloop
  endfacet
  facet normal 0.998031 0.0627242 0
    outer loop
      vertex 11.75 0 0
      vertex 11.7756 -0.407332 3
      vertex 11.7756 -0.407332 0
    endloop
  endfacet
  facet normal 0.904808 -0.425821 0
    outer loop
      vertex 11.9782 1.1964 3
      vertex 12.152 1.5657 0
      vertex 12.152 1.5657 3
    endloop
  endfacet
  facet normal 0.904808 -0.425821 0
    outer loop
      vertex 12.152 1.5657 0
      vertex 11.9782 1.1964 3
      vertex 11.9782 1.1964 0
    endloop
  endfacet
  facet normal 0.125356 -0.992112 0
    outer loop
      vertex 14.391 3.19243 0
      vertex 14.7959 3.24359 3
      vertex 14.391 3.19243 3
    endloop
  endfacet
  facet normal 0.125356 -0.992112 0
    outer loop
      vertex 14.7959 3.24359 3
      vertex 14.391 3.19243 0
      vertex 14.7959 3.24359 0
    endloop
  endfacet
  facet normal 0.2487 -0.968581 0
    outer loop
      vertex 13.9957 3.09093 0
      vertex 14.391 3.19243 3
      vertex 13.9957 3.09093 3
    endloop
  endfacet
  facet normal 0.2487 -0.968581 0
    outer loop
      vertex 14.391 3.19243 3
      vertex 13.9957 3.09093 0
      vertex 14.391 3.19243 0
    endloop
  endfacet
  facet normal 0.770466 -0.637481 0
    outer loop
      vertex 12.3707 1.9103 3
      vertex 12.6309 2.22478 0
      vertex 12.6309 2.22478 3
    endloop
  endfacet
  facet normal 0.770466 -0.637481 0
    outer loop
      vertex 12.6309 2.22478 0
      vertex 12.3707 1.9103 3
      vertex 12.3707 1.9103 0
    endloop
  endfacet
  facet normal -0.125356 0.992112 0
    outer loop
      vertex 15.609 -3.19243 0
      vertex 15.2041 -3.24359 3
      vertex 15.609 -3.19243 3
    endloop
  endfacet
  facet normal -0.125356 0.992112 0
    outer loop
      vertex 15.2041 -3.24359 3
      vertex 15.609 -3.19243 0
      vertex 15.2041 -3.24359 0
    endloop
  endfacet
  facet normal -0.982277 0.187434 0
    outer loop
      vertex 18.1479 -0.808242 0
      vertex 18.2244 -0.407332 3
      vertex 18.2244 -0.407332 0
    endloop
  endfacet
  facet normal -0.982277 0.187434 0
    outer loop
      vertex 18.2244 -0.407332 3
      vertex 18.1479 -0.808242 0
      vertex 18.1479 -0.808242 3
    endloop
  endfacet
  facet normal -0.951071 0.308972 0
    outer loop
      vertex 18.0218 -1.1964 0
      vertex 18.1479 -0.808242 3
      vertex 18.1479 -0.808242 0
    endloop
  endfacet
  facet normal -0.951071 0.308972 0
    outer loop
      vertex 18.1479 -0.808242 3
      vertex 18.0218 -1.1964 0
      vertex 18.0218 -1.1964 3
    endloop
  endfacet
  facet normal -0.2487 0.968581 0
    outer loop
      vertex 16.0043 -3.09093 0
      vertex 15.609 -3.19243 3
      vertex 16.0043 -3.09093 3
    endloop
  endfacet
  facet normal -0.2487 0.968581 0
    outer loop
      vertex 15.609 -3.19243 3
      vertex 16.0043 -3.09093 0
      vertex 15.609 -3.19243 0
    endloop
  endfacet
  facet normal -0.684572 0.728946 0
    outer loop
      vertex 17.3691 -2.22478 0
      vertex 17.0716 -2.50417 3
      vertex 17.3691 -2.22478 3
    endloop
  endfacet
  facet normal -0.684572 0.728946 0
    outer loop
      vertex 17.0716 -2.50417 3
      vertex 17.3691 -2.22478 0
      vertex 17.0716 -2.50417 0
    endloop
  endfacet
  facet normal 0.125356 0.992112 -0
    outer loop
      vertex 14.7959 -3.24359 0
      vertex 14.391 -3.19243 3
      vertex 14.7959 -3.24359 3
    endloop
  endfacet
  facet normal 0.125356 0.992112 0
    outer loop
      vertex 14.391 -3.19243 3
      vertex 14.7959 -3.24359 0
      vertex 14.391 -3.19243 0
    endloop
  endfacet
  facet normal 0.368093 0.929789 -0
    outer loop
      vertex 13.9957 -3.09093 0
      vertex 13.6162 -2.94069 3
      vertex 13.9957 -3.09093 3
    endloop
  endfacet
  facet normal 0.368093 0.929789 0
    outer loop
      vertex 13.6162 -2.94069 3
      vertex 13.9957 -3.09093 0
      vertex 13.6162 -2.94069 0
    endloop
  endfacet
  facet normal 0.904808 0.425821 0
    outer loop
      vertex 12.152 -1.5657 3
      vertex 11.9782 -1.1964 0
      vertex 11.9782 -1.1964 3
    endloop
  endfacet
  facet normal 0.904808 0.425821 0
    outer loop
      vertex 11.9782 -1.1964 0
      vertex 12.152 -1.5657 3
      vertex 12.152 -1.5657 0
    endloop
  endfacet
  facet normal 0.982277 0.187434 0
    outer loop
      vertex 11.8521 -0.808242 3
      vertex 11.7756 -0.407332 0
      vertex 11.7756 -0.407332 3
    endloop
  endfacet
  facet normal 0.982277 0.187434 0
    outer loop
      vertex 11.7756 -0.407332 0
      vertex 11.8521 -0.808242 3
      vertex 11.8521 -0.808242 0
    endloop
  endfacet
  facet normal 0.770466 0.637481 0
    outer loop
      vertex 12.6309 -2.22478 3
      vertex 12.3707 -1.9103 0
      vertex 12.3707 -1.9103 3
    endloop
  endfacet
  facet normal 0.770466 0.637481 0
    outer loop
      vertex 12.3707 -1.9103 0
      vertex 12.6309 -2.22478 3
      vertex 12.6309 -2.22478 0
    endloop
  endfacet
  facet normal 0.684572 0.728946 -0
    outer loop
      vertex 12.9284 -2.50417 0
      vertex 12.6309 -2.22478 3
      vertex 12.9284 -2.50417 3
    endloop
  endfacet
  facet normal 0.684572 0.728946 0
    outer loop
      vertex 12.6309 -2.22478 3
      vertex 12.9284 -2.50417 0
      vertex 12.6309 -2.22478 0
    endloop
  endfacet
  facet normal -0.982277 -0.187434 0
    outer loop
      vertex 18.2244 0.407332 0
      vertex 18.1479 0.808242 3
      vertex 18.1479 0.808242 0
    endloop
  endfacet
  facet normal -0.982277 -0.187434 0
    outer loop
      vertex 18.1479 0.808242 3
      vertex 18.2244 0.407332 0
      vertex 18.2244 0.407332 3
    endloop
  endfacet
  facet normal -0.125356 -0.992112 0
    outer loop
      vertex 15.2041 3.24359 0
      vertex 15.609 3.19243 3
      vertex 15.2041 3.24359 3
    endloop
  endfacet
  facet normal -0.125356 -0.992112 -0
    outer loop
      vertex 15.609 3.19243 3
      vertex 15.2041 3.24359 0
      vertex 15.609 3.19243 0
    endloop
  endfacet
  facet normal 0.982277 -0.187434 0
    outer loop
      vertex 11.7756 0.407332 3
      vertex 11.8521 0.808242 0
      vertex 11.8521 0.808242 3
    endloop
  endfacet
  facet normal 0.982277 -0.187434 0
    outer loop
      vertex 11.8521 0.808242 0
      vertex 11.7756 0.407332 3
      vertex 11.7756 0.407332 0
    endloop
  endfacet
  facet normal 0.368093 -0.929789 0
    outer loop
      vertex 13.6162 2.94069 0
      vertex 13.9957 3.09093 3
      vertex 13.6162 2.94069 3
    endloop
  endfacet
  facet normal 0.368093 -0.929789 0
    outer loop
      vertex 13.9957 3.09093 3
      vertex 13.6162 2.94069 0
      vertex 13.9957 3.09093 0
    endloop
  endfacet
  facet normal -0.904808 0.425821 0
    outer loop
      vertex 17.848 -1.5657 0
      vertex 18.0218 -1.1964 3
      vertex 18.0218 -1.1964 0
    endloop
  endfacet
  facet normal -0.904808 0.425821 0
    outer loop
      vertex 18.0218 -1.1964 3
      vertex 17.848 -1.5657 0
      vertex 17.848 -1.5657 3
    endloop
  endfacet
  facet normal -0.481806 0.876278 0
    outer loop
      vertex 16.7414 -2.74407 0
      vertex 16.3838 -2.94069 3
      vertex 16.7414 -2.74407 3
    endloop
  endfacet
  facet normal -0.481806 0.876278 0
    outer loop
      vertex 16.3838 -2.94069 3
      vertex 16.7414 -2.74407 0
      vertex 16.3838 -2.94069 0
    endloop
  endfacet
  facet normal 0.951071 0.308972 0
    outer loop
      vertex 11.9782 -1.1964 3
      vertex 11.8521 -0.808242 0
      vertex 11.8521 -0.808242 3
    endloop
  endfacet
  facet normal 0.951071 0.308972 0
    outer loop
      vertex 11.8521 -0.808242 0
      vertex 11.9782 -1.1964 3
      vertex 11.9782 -1.1964 0
    endloop
  endfacet
  facet normal -0.998031 -0.0627242 0
    outer loop
      vertex 33.25 0 0
      vertex 33.2244 0.407332 3
      vertex 33.2244 0.407332 0
    endloop
  endfacet
  facet normal -0.998031 -0.0627242 0
    outer loop
      vertex 33.2244 0.407332 3
      vertex 33.25 0 0
      vertex 33.25 0 3
    endloop
  endfacet
  facet normal 0 -1 0
    outer loop
      vertex 29.7959 3.24359 0
      vertex 30.2041 3.24359 3
      vertex 29.7959 3.24359 3
    endloop
  endfacet
  facet normal 0 -1 -0
    outer loop
      vertex 30.2041 3.24359 3
      vertex 29.7959 3.24359 0
      vertex 30.2041 3.24359 0
    endloop
  endfacet
  facet normal -0.684572 -0.728946 0
    outer loop
      vertex 32.0716 2.50417 0
      vertex 32.3691 2.22478 3
      vertex 32.0716 2.50417 3
    endloop
  endfacet
  facet normal -0.684572 -0.728946 -0
    outer loop
      vertex 32.3691 2.22478 3
      vertex 32.0716 2.50417 0
      vertex 32.3691 2.22478 0
    endloop
  endfacet
  facet normal 0.770466 -0.637481 0
    outer loop
      vertex 27.3707 1.9103 3
      vertex 27.6309 2.22478 0
      vertex 27.6309 2.22478 3
    endloop
  endfacet
  facet normal 0.770466 -0.637481 0
    outer loop
      vertex 27.6309 2.22478 0
      vertex 27.3707 1.9103 3
      vertex 27.3707 1.9103 0
    endloop
  endfacet
  facet normal 0.481806 -0.876278 0
    outer loop
      vertex 28.2586 2.74407 0
      vertex 28.6162 2.94069 3
      vertex 28.2586 2.74407 3
    endloop
  endfacet
  facet normal 0.481806 -0.876278 0
    outer loop
      vertex 28.6162 2.94069 3
      vertex 28.2586 2.74407 0
      vertex 28.6162 2.94069 0
    endloop
  endfacet
  facet normal -0.904808 -0.425821 0
    outer loop
      vertex 33.0218 1.1964 0
      vertex 32.848 1.5657 3
      vertex 32.848 1.5657 0
    endloop
  endfacet
  facet normal -0.904808 -0.425821 0
    outer loop
      vertex 32.848 1.5657 3
      vertex 33.0218 1.1964 0
      vertex 33.0218 1.1964 3
    endloop
  endfacet
  facet normal -0.844317 -0.535845 0
    outer loop
      vertex 32.848 1.5657 0
      vertex 32.6293 1.9103 3
      vertex 32.6293 1.9103 0
    endloop
  endfacet
  facet normal -0.844317 -0.535845 0
    outer loop
      vertex 32.6293 1.9103 3
      vertex 32.848 1.5657 0
      vertex 32.848 1.5657 3
    endloop
  endfacet
  facet normal -0.368093 -0.929789 0
    outer loop
      vertex 31.0043 3.09093 0
      vertex 31.3838 2.94069 3
      vertex 31.0043 3.09093 3
    endloop
  endfacet
  facet normal -0.368093 -0.929789 -0
    outer loop
      vertex 31.3838 2.94069 3
      vertex 31.0043 3.09093 0
      vertex 31.3838 2.94069 0
    endloop
  endfacet
  facet normal -0.2487 -0.968581 0
    outer loop
      vertex 30.609 3.19243 0
      vertex 31.0043 3.09093 3
      vertex 30.609 3.19243 3
    endloop
  endfacet
  facet normal -0.2487 -0.968581 -0
    outer loop
      vertex 31.0043 3.09093 3
      vertex 30.609 3.19243 0
      vertex 31.0043 3.09093 0
    endloop
  endfacet
  facet normal -0.587778 -0.809022 0
    outer loop
      vertex 31.7414 2.74407 0
      vertex 32.0716 2.50417 3
      vertex 31.7414 2.74407 3
    endloop
  endfacet
  facet normal -0.587778 -0.809022 -0
    outer loop
      vertex 32.0716 2.50417 3
      vertex 31.7414 2.74407 0
      vertex 32.0716 2.50417 0
    endloop
  endfacet
  facet normal 0.951071 -0.308972 0
    outer loop
      vertex 26.8521 0.808242 3
      vertex 26.9782 1.1964 0
      vertex 26.9782 1.1964 3
    endloop
  endfacet
  facet normal 0.951071 -0.308972 0
    outer loop
      vertex 26.9782 1.1964 0
      vertex 26.8521 0.808242 3
      vertex 26.8521 0.808242 0
    endloop
  endfacet
  facet normal 0.904808 -0.425821 0
    outer loop
      vertex 26.9782 1.1964 3
      vertex 27.152 1.5657 0
      vertex 27.152 1.5657 3
    endloop
  endfacet
  facet normal 0.904808 -0.425821 0
    outer loop
      vertex 27.152 1.5657 0
      vertex 26.9782 1.1964 3
      vertex 26.9782 1.1964 0
    endloop
  endfacet
  facet normal 0.587778 -0.809022 0
    outer loop
      vertex 27.9284 2.50417 0
      vertex 28.2586 2.74407 3
      vertex 27.9284 2.50417 3
    endloop
  endfacet
  facet normal 0.587778 -0.809022 0
    outer loop
      vertex 28.2586 2.74407 3
      vertex 27.9284 2.50417 0
      vertex 28.2586 2.74407 0
    endloop
  endfacet
  facet normal 0.2487 -0.968581 0
    outer loop
      vertex 28.9957 3.09093 0
      vertex 29.391 3.19243 3
      vertex 28.9957 3.09093 3
    endloop
  endfacet
  facet normal 0.2487 -0.968581 0
    outer loop
      vertex 29.391 3.19243 3
      vertex 28.9957 3.09093 0
      vertex 29.391 3.19243 0
    endloop
  endfacet
  facet normal -0.368093 0.929789 0
    outer loop
      vertex 31.3838 -2.94069 0
      vertex 31.0043 -3.09093 3
      vertex 31.3838 -2.94069 3
    endloop
  endfacet
  facet normal -0.368093 0.929789 0
    outer loop
      vertex 31.0043 -3.09093 3
      vertex 31.3838 -2.94069 0
      vertex 31.0043 -3.09093 0
    endloop
  endfacet
  facet normal -0.770466 0.637481 0
    outer loop
      vertex 32.3691 -2.22478 0
      vertex 32.6293 -1.9103 3
      vertex 32.6293 -1.9103 0
    endloop
  endfacet
  facet normal -0.770466 0.637481 0
    outer loop
      vertex 32.6293 -1.9103 3
      vertex 32.3691 -2.22478 0
      vertex 32.3691 -2.22478 3
    endloop
  endfacet
  facet normal -0.587778 0.809022 0
    outer loop
      vertex 32.0716 -2.50417 0
      vertex 31.7414 -2.74407 3
      vertex 32.0716 -2.50417 3
    endloop
  endfacet
  facet normal -0.587778 0.809022 0
    outer loop
      vertex 31.7414 -2.74407 3
      vertex 32.0716 -2.50417 0
      vertex 31.7414 -2.74407 0
    endloop
  endfacet
  facet normal -0.904808 0.425821 0
    outer loop
      vertex 32.848 -1.5657 0
      vertex 33.0218 -1.1964 3
      vertex 33.0218 -1.1964 0
    endloop
  endfacet
  facet normal -0.904808 0.425821 0
    outer loop
      vertex 33.0218 -1.1964 3
      vertex 32.848 -1.5657 0
      vertex 32.848 -1.5657 3
    endloop
  endfacet
  facet normal 0.587778 0.809022 -0
    outer loop
      vertex 28.2586 -2.74407 0
      vertex 27.9284 -2.50417 3
      vertex 28.2586 -2.74407 3
    endloop
  endfacet
  facet normal 0.587778 0.809022 0
    outer loop
      vertex 27.9284 -2.50417 3
      vertex 28.2586 -2.74407 0
      vertex 27.9284 -2.50417 0
    endloop
  endfacet
  facet normal 0.2487 0.968581 -0
    outer loop
      vertex 29.391 -3.19243 0
      vertex 28.9957 -3.09093 3
      vertex 29.391 -3.19243 3
    endloop
  endfacet
  facet normal 0.2487 0.968581 0
    outer loop
      vertex 28.9957 -3.09093 3
      vertex 29.391 -3.19243 0
      vertex 28.9957 -3.09093 0
    endloop
  endfacet
  facet normal 0.844317 0.535845 0
    outer loop
      vertex 27.3707 -1.9103 3
      vertex 27.152 -1.5657 0
      vertex 27.152 -1.5657 3
    endloop
  endfacet
  facet normal 0.844317 0.535845 0
    outer loop
      vertex 27.152 -1.5657 0
      vertex 27.3707 -1.9103 3
      vertex 27.3707 -1.9103 0
    endloop
  endfacet
  facet normal 0.770466 0.637481 0
    outer loop
      vertex 27.6309 -2.22478 3
      vertex 27.3707 -1.9103 0
      vertex 27.3707 -1.9103 3
    endloop
  endfacet
  facet normal 0.770466 0.637481 0
    outer loop
      vertex 27.3707 -1.9103 0
      vertex 27.6309 -2.22478 3
      vertex 27.6309 -2.22478 0
    endloop
  endfacet
  facet normal -0.951071 -0.308972 0
    outer loop
      vertex 33.1479 0.808242 0
      vertex 33.0218 1.1964 3
      vertex 33.0218 1.1964 0
    endloop
  endfacet
  facet normal -0.951071 -0.308972 0
    outer loop
      vertex 33.0218 1.1964 3
      vertex 33.1479 0.808242 0
      vertex 33.1479 0.808242 3
    endloop
  endfacet
  facet normal -0.982277 -0.187434 0
    outer loop
      vertex 33.2244 0.407332 0
      vertex 33.1479 0.808242 3
      vertex 33.1479 0.808242 0
    endloop
  endfacet
  facet normal -0.982277 -0.187434 0
    outer loop
      vertex 33.1479 0.808242 3
      vertex 33.2244 0.407332 0
      vertex 33.2244 0.407332 3
    endloop
  endfacet
  facet normal -0.770466 -0.637481 0
    outer loop
      vertex 32.6293 1.9103 0
      vertex 32.3691 2.22478 3
      vertex 32.3691 2.22478 0
    endloop
  endfacet
  facet normal -0.770466 -0.637481 0
    outer loop
      vertex 32.3691 2.22478 3
      vertex 32.6293 1.9103 0
      vertex 32.6293 1.9103 3
    endloop
  endfacet
  facet normal -0.125356 -0.992112 0
    outer loop
      vertex 30.2041 3.24359 0
      vertex 30.609 3.19243 3
      vertex 30.2041 3.24359 3
    endloop
  endfacet
  facet normal -0.125356 -0.992112 -0
    outer loop
      vertex 30.609 3.19243 3
      vertex 30.2041 3.24359 0
      vertex 30.609 3.19243 0
    endloop
  endfacet
  facet normal -0.481806 -0.876278 0
    outer loop
      vertex 31.3838 2.94069 0
      vertex 31.7414 2.74407 3
      vertex 31.3838 2.94069 3
    endloop
  endfacet
  facet normal -0.481806 -0.876278 -0
    outer loop
      vertex 31.7414 2.74407 3
      vertex 31.3838 2.94069 0
      vertex 31.7414 2.74407 0
    endloop
  endfacet
  facet normal 0.982277 -0.187434 0
    outer loop
      vertex 26.7756 0.407332 3
      vertex 26.8521 0.808242 0
      vertex 26.8521 0.808242 3
    endloop
  endfacet
  facet normal 0.982277 -0.187434 0
    outer loop
      vertex 26.8521 0.808242 0
      vertex 26.7756 0.407332 3
      vertex 26.7756 0.407332 0
    endloop
  endfacet
  facet normal 0.998031 -0.0627242 0
    outer loop
      vertex 26.75 0 3
      vertex 26.7756 0.407332 0
      vertex 26.7756 0.407332 3
    endloop
  endfacet
  facet normal 0.998031 -0.0627242 0
    outer loop
      vertex 26.7756 0.407332 0
      vertex 26.75 0 3
      vertex 26.75 0 0
    endloop
  endfacet
  facet normal 0.998031 0.0627242 0
    outer loop
      vertex 26.7756 -0.407332 3
      vertex 26.75 0 0
      vertex 26.75 0 3
    endloop
  endfacet
  facet normal 0.998031 0.0627242 0
    outer loop
      vertex 26.75 0 0
      vertex 26.7756 -0.407332 3
      vertex 26.7756 -0.407332 0
    endloop
  endfacet
  facet normal 0.368093 -0.929789 0
    outer loop
      vertex 28.6162 2.94069 0
      vertex 28.9957 3.09093 3
      vertex 28.6162 2.94069 3
    endloop
  endfacet
  facet normal 0.368093 -0.929789 0
    outer loop
      vertex 28.9957 3.09093 3
      vertex 28.6162 2.94069 0
      vertex 28.9957 3.09093 0
    endloop
  endfacet
  facet normal 0.125356 -0.992112 0
    outer loop
      vertex 29.391 3.19243 0
      vertex 29.7959 3.24359 3
      vertex 29.391 3.19243 3
    endloop
  endfacet
  facet normal 0.125356 -0.992112 0
    outer loop
      vertex 29.7959 3.24359 3
      vertex 29.391 3.19243 0
      vertex 29.7959 3.24359 0
    endloop
  endfacet
  facet normal -0.125356 0.992112 0
    outer loop
      vertex 30.609 -3.19243 0
      vertex 30.2041 -3.24359 3
      vertex 30.609 -3.19243 3
    endloop
  endfacet
  facet normal -0.125356 0.992112 0
    outer loop
      vertex 30.2041 -3.24359 3
      vertex 30.609 -3.19243 0
      vertex 30.2041 -3.24359 0
    endloop
  endfacet
  facet normal -0.684572 0.728946 0
    outer loop
      vertex 32.3691 -2.22478 0
      vertex 32.0716 -2.50417 3
      vertex 32.3691 -2.22478 3
    endloop
  endfacet
  facet normal -0.684572 0.728946 0
    outer loop
      vertex 32.0716 -2.50417 3
      vertex 32.3691 -2.22478 0
      vertex 32.0716 -2.50417 0
    endloop
  endfacet
  facet normal -0.951071 0.308972 0
    outer loop
      vertex 33.0218 -1.1964 0
      vertex 33.1479 -0.808242 3
      vertex 33.1479 -0.808242 0
    endloop
  endfacet
  facet normal -0.951071 0.308972 0
    outer loop
      vertex 33.1479 -0.808242 3
      vertex 33.0218 -1.1964 0
      vertex 33.0218 -1.1964 3
    endloop
  endfacet
  facet normal -0.844317 0.535845 0
    outer loop
      vertex 32.6293 -1.9103 0
      vertex 32.848 -1.5657 3
      vertex 32.848 -1.5657 0
    endloop
  endfacet
  facet normal -0.844317 0.535845 0
    outer loop
      vertex 32.848 -1.5657 3
      vertex 32.6293 -1.9103 0
      vertex 32.6293 -1.9103 3
    endloop
  endfacet
  facet normal 0.481806 0.876278 -0
    outer loop
      vertex 28.6162 -2.94069 0
      vertex 28.2586 -2.74407 3
      vertex 28.6162 -2.94069 3
    endloop
  endfacet
  facet normal 0.481806 0.876278 0
    outer loop
      vertex 28.2586 -2.74407 3
      vertex 28.6162 -2.94069 0
      vertex 28.2586 -2.74407 0
    endloop
  endfacet
  facet normal 0.125356 0.992112 -0
    outer loop
      vertex 29.7959 -3.24359 0
      vertex 29.391 -3.19243 3
      vertex 29.7959 -3.24359 3
    endloop
  endfacet
  facet normal 0.125356 0.992112 0
    outer loop
      vertex 29.391 -3.19243 3
      vertex 29.7959 -3.24359 0
      vertex 29.391 -3.19243 0
    endloop
  endfacet
  facet normal 0.684572 0.728946 -0
    outer loop
      vertex 27.9284 -2.50417 0
      vertex 27.6309 -2.22478 3
      vertex 27.9284 -2.50417 3
    endloop
  endfacet
  facet normal 0.684572 0.728946 0
    outer loop
      vertex 27.6309 -2.22478 3
      vertex 27.9284 -2.50417 0
      vertex 27.6309 -2.22478 0
    endloop
  endfacet
  facet normal 0.904808 0.425821 0
    outer loop
      vertex 27.152 -1.5657 3
      vertex 26.9782 -1.1964 0
      vertex 26.9782 -1.1964 3
    endloop
  endfacet
  facet normal 0.904808 0.425821 0
    outer loop
      vertex 26.9782 -1.1964 0
      vertex 27.152 -1.5657 3
      vertex 27.152 -1.5657 0
    endloop
  endfacet
  facet normal 0.982277 0.187434 0
    outer loop
      vertex 26.8521 -0.808242 3
      vertex 26.7756 -0.407332 0
      vertex 26.7756 -0.407332 3
    endloop
  endfacet
  facet normal 0.982277 0.187434 0
    outer loop
      vertex 26.7756 -0.407332 0
      vertex 26.8521 -0.808242 3
      vertex 26.8521 -0.808242 0
    endloop
  endfacet
  facet normal 0.844317 -0.535845 0
    outer loop
      vertex 27.152 1.5657 3
      vertex 27.3707 1.9103 0
      vertex 27.3707 1.9103 3
    endloop
  endfacet
  facet normal 0.844317 -0.535845 0
    outer loop
      vertex 27.3707 1.9103 0
      vertex 27.152 1.5657 3
      vertex 27.152 1.5657 0
    endloop
  endfacet
  facet normal 0.684572 -0.728946 0
    outer loop
      vertex 27.6309 2.22478 0
      vertex 27.9284 2.50417 3
      vertex 27.6309 2.22478 3
    endloop
  endfacet
  facet normal 0.684572 -0.728946 0
    outer loop
      vertex 27.9284 2.50417 3
      vertex 27.6309 2.22478 0
      vertex 27.9284 2.50417 0
    endloop
  endfacet
  facet normal -0.2487 0.968581 0
    outer loop
      vertex 31.0043 -3.09093 0
      vertex 30.609 -3.19243 3
      vertex 31.0043 -3.09093 3
    endloop
  endfacet
  facet normal -0.2487 0.968581 0
    outer loop
      vertex 30.609 -3.19243 3
      vertex 31.0043 -3.09093 0
      vertex 30.609 -3.19243 0
    endloop
  endfacet
  facet normal -0.481806 0.876278 0
    outer loop
      vertex 31.7414 -2.74407 0
      vertex 31.3838 -2.94069 3
      vertex 31.7414 -2.74407 3
    endloop
  endfacet
  facet normal -0.481806 0.876278 0
    outer loop
      vertex 31.3838 -2.94069 3
      vertex 31.7414 -2.74407 0
      vertex 31.3838 -2.94069 0
    endloop
  endfacet
  facet normal -0.982277 0.187434 0
    outer loop
      vertex 33.1479 -0.808242 0
      vertex 33.2244 -0.407332 3
      vertex 33.2244 -0.407332 0
    endloop
  endfacet
  facet normal -0.982277 0.187434 0
    outer loop
      vertex 33.2244 -0.407332 3
      vertex 33.1479 -0.808242 0
      vertex 33.1479 -0.808242 3
    endloop
  endfacet
  facet normal 0.368093 0.929789 -0
    outer loop
      vertex 28.9957 -3.09093 0
      vertex 28.6162 -2.94069 3
      vertex 28.9957 -3.09093 3
    endloop
  endfacet
  facet normal 0.368093 0.929789 0
    outer loop
      vertex 28.6162 -2.94069 3
      vertex 28.9957 -3.09093 0
      vertex 28.6162 -2.94069 0
    endloop
  endfacet
  facet normal 0 1 -0
    outer loop
      vertex 30.2041 -3.24359 0
      vertex 29.7959 -3.24359 3
      vertex 30.2041 -3.24359 3
    endloop
  endfacet
  facet normal 0 1 0
    outer loop
      vertex 29.7959 -3.24359 3
      vertex 30.2041 -3.24359 0
      vertex 29.7959 -3.24359 0
    endloop
  endfacet
  facet normal 0.951071 0.308972 0
    outer loop
      vertex 26.9782 -1.1964 3
      vertex 26.8521 -0.808242 0
      vertex 26.8521 -0.808242 3
    endloop
  endfacet
  facet normal 0.951071 0.308972 0
    outer loop
      vertex 26.8521 -0.808242 0
      vertex 26.9782 -1.1964 3
      vertex 26.9782 -1.1964 0
    endloop
  endfacet
  facet normal -0.998031 0.0627242 0
    outer loop
      vertex 33.2244 -0.407332 0
      vertex 33.25 0 3
      vertex 33.25 0 0
    endloop
  endfacet
  facet normal -0.998031 0.0627242 0
    outer loop
      vertex 33.25 0 3
      vertex 33.2244 -0.407332 0
      vertex 33.2244 -0.407332 3
    endloop
  endfacet
  facet normal -0.998031 -0.0627242 0
    outer loop
      vertex 48.25 0 0
      vertex 48.2244 0.407332 3
      vertex 48.2244 0.407332 0
    endloop
  endfacet
  facet normal -0.998031 -0.0627242 0
    outer loop
      vertex 48.2244 0.407332 3
      vertex 48.25 0 0
      vertex 48.25 0 3
    endloop
  endfacet
  facet normal 0 -1 0
    outer loop
      vertex 44.7959 3.24359 0
      vertex 45.2041 3.24359 3
      vertex 44.7959 3.24359 3
    endloop
  endfacet
  facet normal 0 -1 -0
    outer loop
      vertex 45.2041 3.24359 3
      vertex 44.7959 3.24359 0
      vertex 45.2041 3.24359 0
    endloop
  endfacet
  facet normal 0 1 -0
    outer loop
      vertex 45.2041 -3.24359 0
      vertex 44.7959 -3.24359 3
      vertex 45.2041 -3.24359 3
    endloop
  endfacet
  facet normal 0 1 0
    outer loop
      vertex 44.7959 -3.24359 3
      vertex 45.2041 -3.24359 0
      vertex 44.7959 -3.24359 0
    endloop
  endfacet
  facet normal 0.684572 0.728946 -0
    outer loop
      vertex 42.9284 -2.50417 0
      vertex 42.6309 -2.22478 3
      vertex 42.9284 -2.50417 3
    endloop
  endfacet
  facet normal 0.684572 0.728946 0
    outer loop
      vertex 42.6309 -2.22478 3
      vertex 42.9284 -2.50417 0
      vertex 42.6309 -2.22478 0
    endloop
  endfacet
  facet normal -0.684572 -0.728946 0
    outer loop
      vertex 47.0716 2.50417 0
      vertex 47.3691 2.22478 3
      vertex 47.0716 2.50417 3
    endloop
  endfacet
  facet normal -0.684572 -0.728946 -0
    outer loop
      vertex 47.3691 2.22478 3
      vertex 47.0716 2.50417 0
      vertex 47.3691 2.22478 0
    endloop
  endfacet
  facet normal 0.770466 -0.637481 0
    outer loop
      vertex 42.3707 1.9103 3
      vertex 42.6309 2.22478 0
      vertex 42.6309 2.22478 3
    endloop
  endfacet
  facet normal 0.770466 -0.637481 0
    outer loop
      vertex 42.6309 2.22478 0
      vertex 42.3707 1.9103 3
      vertex 42.3707 1.9103 0
    endloop
  endfacet
  facet normal 0.481806 -0.876278 0
    outer loop
      vertex 43.2586 2.74407 0
      vertex 43.6162 2.94069 3
      vertex 43.2586 2.74407 3
    endloop
  endfacet
  facet normal 0.481806 -0.876278 0
    outer loop
      vertex 43.6162 2.94069 3
      vertex 43.2586 2.74407 0
      vertex 43.6162 2.94069 0
    endloop
  endfacet
  facet normal -0.904808 -0.425821 0
    outer loop
      vertex 48.0218 1.1964 0
      vertex 47.848 1.5657 3
      vertex 47.848 1.5657 0
    endloop
  endfacet
  facet normal -0.904808 -0.425821 0
    outer loop
      vertex 47.848 1.5657 3
      vertex 48.0218 1.1964 0
      vertex 48.0218 1.1964 3
    endloop
  endfacet
  facet normal -0.844317 -0.535845 0
    outer loop
      vertex 47.848 1.5657 0
      vertex 47.6293 1.9103 3
      vertex 47.6293 1.9103 0
    endloop
  endfacet
  facet normal -0.844317 -0.535845 0
    outer loop
      vertex 47.6293 1.9103 3
      vertex 47.848 1.5657 0
      vertex 47.848 1.5657 3
    endloop
  endfacet
  facet normal -0.368093 -0.929789 0
    outer loop
      vertex 46.0043 3.09093 0
      vertex 46.3838 2.94069 3
      vertex 46.0043 3.09093 3
    endloop
  endfacet
  facet normal -0.368093 -0.929789 -0
    outer loop
      vertex 46.3838 2.94069 3
      vertex 46.0043 3.09093 0
      vertex 46.3838 2.94069 0
    endloop
  endfacet
  facet normal -0.2487 -0.968581 0
    outer loop
      vertex 45.609 3.19243 0
      vertex 46.0043 3.09093 3
      vertex 45.609 3.19243 3
    endloop
  endfacet
  facet normal -0.2487 -0.968581 -0
    outer loop
      vertex 46.0043 3.09093 3
      vertex 45.609 3.19243 0
      vertex 46.0043 3.09093 0
    endloop
  endfacet
  facet normal -0.587778 -0.809022 0
    outer loop
      vertex 46.7414 2.74407 0
      vertex 47.0716 2.50417 3
      vertex 46.7414 2.74407 3
    endloop
  endfacet
  facet normal -0.587778 -0.809022 -0
    outer loop
      vertex 47.0716 2.50417 3
      vertex 46.7414 2.74407 0
      vertex 47.0716 2.50417 0
    endloop
  endfacet
  facet normal 0.951071 -0.308972 0
    outer loop
      vertex 41.8521 0.808242 3
      vertex 41.9782 1.1964 0
      vertex 41.9782 1.1964 3
    endloop
  endfacet
  facet normal 0.951071 -0.308972 0
    outer loop
      vertex 41.9782 1.1964 0
      vertex 41.8521 0.808242 3
      vertex 41.8521 0.808242 0
    endloop
  endfacet
  facet normal 0.587778 -0.809022 0
    outer loop
      vertex 42.9284 2.50417 0
      vertex 43.2586 2.74407 3
      vertex 42.9284 2.50417 3
    endloop
  endfacet
  facet normal 0.587778 -0.809022 0
    outer loop
      vertex 43.2586 2.74407 3
      vertex 42.9284 2.50417 0
      vertex 43.2586 2.74407 0
    endloop
  endfacet
  facet normal 0.2487 -0.968581 0
    outer loop
      vertex 43.9957 3.09093 0
      vertex 44.391 3.19243 3
      vertex 43.9957 3.09093 3
    endloop
  endfacet
  facet normal 0.2487 -0.968581 0
    outer loop
      vertex 44.391 3.19243 3
      vertex 43.9957 3.09093 0
      vertex 44.391 3.19243 0
    endloop
  endfacet
  facet normal -0.481806 0.876278 0
    outer loop
      vertex 46.7414 -2.74407 0
      vertex 46.3838 -2.94069 3
      vertex 46.7414 -2.74407 3
    endloop
  endfacet
  facet normal -0.481806 0.876278 0
    outer loop
      vertex 46.3838 -2.94069 3
      vertex 46.7414 -2.74407 0
      vertex 46.3838 -2.94069 0
    endloop
  endfacet
  facet normal -0.587778 0.809022 0
    outer loop
      vertex 47.0716 -2.50417 0
      vertex 46.7414 -2.74407 3
      vertex 47.0716 -2.50417 3
    endloop
  endfacet
  facet normal -0.587778 0.809022 0
    outer loop
      vertex 46.7414 -2.74407 3
      vertex 47.0716 -2.50417 0
      vertex 46.7414 -2.74407 0
    endloop
  endfacet
  facet normal 0.368093 0.929789 -0
    outer loop
      vertex 43.9957 -3.09093 0
      vertex 43.6162 -2.94069 3
      vertex 43.9957 -3.09093 3
    endloop
  endfacet
  facet normal 0.368093 0.929789 0
    outer loop
      vertex 43.6162 -2.94069 3
      vertex 43.9957 -3.09093 0
      vertex 43.6162 -2.94069 0
    endloop
  endfacet
  facet normal 0.587778 0.809022 -0
    outer loop
      vertex 43.2586 -2.74407 0
      vertex 42.9284 -2.50417 3
      vertex 43.2586 -2.74407 3
    endloop
  endfacet
  facet normal 0.587778 0.809022 0
    outer loop
      vertex 42.9284 -2.50417 3
      vertex 43.2586 -2.74407 0
      vertex 42.9284 -2.50417 0
    endloop
  endfacet
  facet normal 0.2487 0.968581 -0
    outer loop
      vertex 44.391 -3.19243 0
      vertex 43.9957 -3.09093 3
      vertex 44.391 -3.19243 3
    endloop
  endfacet
  facet normal 0.2487 0.968581 0
    outer loop
      vertex 43.9957 -3.09093 3
      vertex 44.391 -3.19243 0
      vertex 43.9957 -3.09093 0
    endloop
  endfacet
  facet normal 0.844317 0.535845 0
    outer loop
      vertex 42.3707 -1.9103 3
      vertex 42.152 -1.5657 0
      vertex 42.152 -1.5657 3
    endloop
  endfacet
  facet normal 0.844317 0.535845 0
    outer loop
      vertex 42.152 -1.5657 0
      vertex 42.3707 -1.9103 3
      vertex 42.3707 -1.9103 0
    endloop
  endfacet
  facet normal -0.951071 -0.308972 0
    outer loop
      vertex 48.1479 0.808242 0
      vertex 48.0218 1.1964 3
      vertex 48.0218 1.1964 0
    endloop
  endfacet
  facet normal -0.951071 -0.308972 0
    outer loop
      vertex 48.0218 1.1964 3
      vertex 48.1479 0.808242 0
      vertex 48.1479 0.808242 3
    endloop
  endfacet
  facet normal -0.982277 -0.187434 0
    outer loop
      vertex 48.2244 0.407332 0
      vertex 48.1479 0.808242 3
      vertex 48.1479 0.808242 0
    endloop
  endfacet
  facet normal -0.982277 -0.187434 0
    outer loop
      vertex 48.1479 0.808242 3
      vertex 48.2244 0.407332 0
      vertex 48.2244 0.407332 3
    endloop
  endfacet
  facet normal -0.770466 -0.637481 0
    outer loop
      vertex 47.6293 1.9103 0
      vertex 47.3691 2.22478 3
      vertex 47.3691 2.22478 0
    endloop
  endfacet
  facet normal -0.770466 -0.637481 0
    outer loop
      vertex 47.3691 2.22478 3
      vertex 47.6293 1.9103 0
      vertex 47.6293 1.9103 3
    endloop
  endfacet
  facet normal -0.125356 -0.992112 0
    outer loop
      vertex 45.2041 3.24359 0
      vertex 45.609 3.19243 3
      vertex 45.2041 3.24359 3
    endloop
  endfacet
  facet normal -0.125356 -0.992112 -0
    outer loop
      vertex 45.609 3.19243 3
      vertex 45.2041 3.24359 0
      vertex 45.609 3.19243 0
    endloop
  endfacet
  facet normal -0.481806 -0.876278 0
    outer loop
      vertex 46.3838 2.94069 0
      vertex 46.7414 2.74407 3
      vertex 46.3838 2.94069 3
    endloop
  endfacet
  facet normal -0.481806 -0.876278 -0
    outer loop
      vertex 46.7414 2.74407 3
      vertex 46.3838 2.94069 0
      vertex 46.7414 2.74407 0
    endloop
  endfacet
  facet normal 0.904808 -0.425821 0
    outer loop
      vertex 41.9782 1.1964 3
      vertex 42.152 1.5657 0
      vertex 42.152 1.5657 3
    endloop
  endfacet
  facet normal 0.904808 -0.425821 0
    outer loop
      vertex 42.152 1.5657 0
      vertex 41.9782 1.1964 3
      vertex 41.9782 1.1964 0
    endloop
  endfacet
  facet normal 0.844317 -0.535845 0
    outer loop
      vertex 42.152 1.5657 3
      vertex 42.3707 1.9103 0
      vertex 42.3707 1.9103 3
    endloop
  endfacet
  facet normal 0.844317 -0.535845 0
    outer loop
      vertex 42.3707 1.9103 0
      vertex 42.152 1.5657 3
      vertex 42.152 1.5657 0
    endloop
  endfacet
  facet normal 0.982277 -0.187434 0
    outer loop
      vertex 41.7756 0.407332 3
      vertex 41.8521 0.808242 0
      vertex 41.8521 0.808242 3
    endloop
  endfacet
  facet normal 0.982277 -0.187434 0
    outer loop
      vertex 41.8521 0.808242 0
      vertex 41.7756 0.407332 3
      vertex 41.7756 0.407332 0
    endloop
  endfacet
  facet normal 0.998031 -0.0627242 0
    outer loop
      vertex 41.75 0 3
      vertex 41.7756 0.407332 0
      vertex 41.7756 0.407332 3
    endloop
  endfacet
  facet normal 0.998031 -0.0627242 0
    outer loop
      vertex 41.7756 0.407332 0
      vertex 41.75 0 3
      vertex 41.75 0 0
    endloop
  endfacet
  facet normal 0.998031 0.0627242 0
    outer loop
      vertex 41.7756 -0.407332 3
      vertex 41.75 0 0
      vertex 41.75 0 3
    endloop
  endfacet
  facet normal 0.998031 0.0627242 0
    outer loop
      vertex 41.75 0 0
      vertex 41.7756 -0.407332 3
      vertex 41.7756 -0.407332 0
    endloop
  endfacet
  facet normal 0.684572 -0.728946 0
    outer loop
      vertex 42.6309 2.22478 0
      vertex 42.9284 2.50417 3
      vertex 42.6309 2.22478 3
    endloop
  endfacet
  facet normal 0.684572 -0.728946 0
    outer loop
      vertex 42.9284 2.50417 3
      vertex 42.6309 2.22478 0
      vertex 42.9284 2.50417 0
    endloop
  endfacet
  facet normal 0.368093 -0.929789 0
    outer loop
      vertex 43.6162 2.94069 0
      vertex 43.9957 3.09093 3
      vertex 43.6162 2.94069 3
    endloop
  endfacet
  facet normal 0.368093 -0.929789 0
    outer loop
      vertex 43.9957 3.09093 3
      vertex 43.6162 2.94069 0
      vertex 43.9957 3.09093 0
    endloop
  endfacet
  facet normal 0.125356 -0.992112 0
    outer loop
      vertex 44.391 3.19243 0
      vertex 44.7959 3.24359 3
      vertex 44.391 3.19243 3
    endloop
  endfacet
  facet normal 0.125356 -0.992112 0
    outer loop
      vertex 44.7959 3.24359 3
      vertex 44.391 3.19243 0
      vertex 44.7959 3.24359 0
    endloop
  endfacet
  facet normal -0.125356 0.992112 0
    outer loop
      vertex 45.609 -3.19243 0
      vertex 45.2041 -3.24359 3
      vertex 45.609 -3.19243 3
    endloop
  endfacet
  facet normal -0.125356 0.992112 0
    outer loop
      vertex 45.2041 -3.24359 3
      vertex 45.609 -3.19243 0
      vertex 45.2041 -3.24359 0
    endloop
  endfacet
  facet normal -0.368093 0.929789 0
    outer loop
      vertex 46.3838 -2.94069 0
      vertex 46.0043 -3.09093 3
      vertex 46.3838 -2.94069 3
    endloop
  endfacet
  facet normal -0.368093 0.929789 0
    outer loop
      vertex 46.0043 -3.09093 3
      vertex 46.3838 -2.94069 0
      vertex 46.0043 -3.09093 0
    endloop
  endfacet
  facet normal -0.684572 0.728946 0
    outer loop
      vertex 47.3691 -2.22478 0
      vertex 47.0716 -2.50417 3
      vertex 47.3691 -2.22478 3
    endloop
  endfacet
  facet normal -0.684572 0.728946 0
    outer loop
      vertex 47.0716 -2.50417 3
      vertex 47.3691 -2.22478 0
      vertex 47.0716 -2.50417 0
    endloop
  endfacet
  facet normal -0.951071 0.308972 0
    outer loop
      vertex 48.0218 -1.1964 0
      vertex 48.1479 -0.808242 3
      vertex 48.1479 -0.808242 0
    endloop
  endfacet
  facet normal -0.951071 0.308972 0
    outer loop
      vertex 48.1479 -0.808242 3
      vertex 48.0218 -1.1964 0
      vertex 48.0218 -1.1964 3
    endloop
  endfacet
  facet normal -0.844317 0.535845 0
    outer loop
      vertex 47.6293 -1.9103 0
      vertex 47.848 -1.5657 3
      vertex 47.848 -1.5657 0
    endloop
  endfacet
  facet normal -0.844317 0.535845 0
    outer loop
      vertex 47.848 -1.5657 3
      vertex 47.6293 -1.9103 0
      vertex 47.6293 -1.9103 3
    endloop
  endfacet
  facet normal 0.481806 0.876278 -0
    outer loop
      vertex 43.6162 -2.94069 0
      vertex 43.2586 -2.74407 3
      vertex 43.6162 -2.94069 3
    endloop
  endfacet
  facet normal 0.481806 0.876278 0
    outer loop
      vertex 43.2586 -2.74407 3
      vertex 43.6162 -2.94069 0
      vertex 43.2586 -2.74407 0
    endloop
  endfacet
  facet normal 0.125356 0.992112 -0
    outer loop
      vertex 44.7959 -3.24359 0
      vertex 44.391 -3.19243 3
      vertex 44.7959 -3.24359 3
    endloop
  endfacet
  facet normal 0.125356 0.992112 0
    outer loop
      vertex 44.391 -3.19243 3
      vertex 44.7959 -3.24359 0
      vertex 44.391 -3.19243 0
    endloop
  endfacet
  facet normal 0.770466 0.637481 0
    outer loop
      vertex 42.6309 -2.22478 3
      vertex 42.3707 -1.9103 0
      vertex 42.3707 -1.9103 3
    endloop
  endfacet
  facet normal 0.770466 0.637481 0
    outer loop
      vertex 42.3707 -1.9103 0
      vertex 42.6309 -2.22478 3
      vertex 42.6309 -2.22478 0
    endloop
  endfacet
  facet normal 0.904808 0.425821 0
    outer loop
      vertex 42.152 -1.5657 3
      vertex 41.9782 -1.1964 0
      vertex 41.9782 -1.1964 3
    endloop
  endfacet
  facet normal 0.904808 0.425821 0
    outer loop
      vertex 41.9782 -1.1964 0
      vertex 42.152 -1.5657 3
      vertex 42.152 -1.5657 0
    endloop
  endfacet
  facet normal 0.982277 0.187434 0
    outer loop
      vertex 41.8521 -0.808242 3
      vertex 41.7756 -0.407332 0
      vertex 41.7756 -0.407332 3
    endloop
  endfacet
  facet normal 0.982277 0.187434 0
    outer loop
      vertex 41.7756 -0.407332 0
      vertex 41.8521 -0.808242 3
      vertex 41.8521 -0.808242 0
    endloop
  endfacet
  facet normal -0.2487 0.968581 0
    outer loop
      vertex 46.0043 -3.09093 0
      vertex 45.609 -3.19243 3
      vertex 46.0043 -3.09093 3
    endloop
  endfacet
  facet normal -0.2487 0.968581 0
    outer loop
      vertex 45.609 -3.19243 3
      vertex 46.0043 -3.09093 0
      vertex 45.609 -3.19243 0
    endloop
  endfacet
  facet normal -0.770466 0.637481 0
    outer loop
      vertex 47.3691 -2.22478 0
      vertex 47.6293 -1.9103 3
      vertex 47.6293 -1.9103 0
    endloop
  endfacet
  facet normal -0.770466 0.637481 0
    outer loop
      vertex 47.6293 -1.9103 3
      vertex 47.3691 -2.22478 0
      vertex 47.3691 -2.22478 3
    endloop
  endfacet
  facet normal -0.982277 0.187434 0
    outer loop
      vertex 48.1479 -0.808242 0
      vertex 48.2244 -0.407332 3
      vertex 48.2244 -0.407332 0
    endloop
  endfacet
  facet normal -0.982277 0.187434 0
    outer loop
      vertex 48.2244 -0.407332 3
      vertex 48.1479 -0.808242 0
      vertex 48.1479 -0.808242 3
    endloop
  endfacet
  facet normal -0.904808 0.425821 0
    outer loop
      vertex 47.848 -1.5657 0
      vertex 48.0218 -1.1964 3
      vertex 48.0218 -1.1964 0
    endloop
  endfacet
  facet normal -0.904808 0.425821 0
    outer loop
      vertex 48.0218 -1.1964 3
      vertex 47.848 -1.5657 0
      vertex 47.848 -1.5657 3
    endloop
  endfacet
  facet normal 0.951071 0.308972 0
    outer loop
      vertex 41.9782 -1.1964 3
      vertex 41.8521 -0.808242 0
      vertex 41.8521 -0.808242 3
    endloop
  endfacet
  facet normal 0.951071 0.308972 0
    outer loop
      vertex 41.8521 -0.808242 0
      vertex 41.9782 -1.1964 3
      vertex 41.9782 -1.1964 0
    endloop
  endfacet
  facet normal -0.998031 0.0627242 0
    outer loop
      vertex 48.2244 -0.407332 0
      vertex 48.25 0 3
      vertex 48.25 0 0
    endloop
  endfacet
  facet normal -0.998031 0.0627242 0
    outer loop
      vertex 48.25 0 3
      vertex 48.2244 -0.407332 0
      vertex 48.2244 -0.407332 3
    endloop
  endfacet
  facet normal -0.998025 -0.0628192 0
    outer loop
      vertex -35.7 0 0
      vertex -35.7142 0.225599 3
      vertex -35.7142 0.225599 0
    endloop
  endfacet
  facet normal -0.998025 -0.0628192 0
    outer loop
      vertex -35.7142 0.225599 3
      vertex -35.7 0 0
      vertex -35.7 0 3
    endloop
  endfacet
  facet normal 0.998025 -0.0628192 0
    outer loop
      vertex -39.3 0 3
      vertex -39.2858 0.225599 0
      vertex -39.2858 0.225599 3
    endloop
  endfacet
  facet normal 0.998025 -0.0628192 0
    outer loop
      vertex -39.2858 0.225599 0
      vertex -39.3 0 3
      vertex -39.3 0 0
    endloop
  endfacet
  facet normal 0 -1 0
    outer loop
      vertex -37.613 1.79645 0
      vertex -37.387 1.79645 3
      vertex -37.613 1.79645 3
    endloop
  endfacet
  facet normal 0 -1 -0
    outer loop
      vertex -37.387 1.79645 3
      vertex -37.613 1.79645 0
      vertex -37.387 1.79645 0
    endloop
  endfacet
  facet normal 0 1 -0
    outer loop
      vertex -37.387 -1.79645 0
      vertex -37.613 -1.79645 3
      vertex -37.387 -1.79645 3
    endloop
  endfacet
  facet normal 0 1 0
    outer loop
      vertex -37.613 -1.79645 3
      vertex -37.387 -1.79645 0
      vertex -37.613 -1.79645 0
    endloop
  endfacet
  facet normal -0.684727 -0.7288 0
    outer loop
      vertex -36.3526 1.38692 0
      vertex -36.1879 1.23218 3
      vertex -36.3526 1.38692 3
    endloop
  endfacet
  facet normal -0.684727 -0.7288 -0
    outer loop
      vertex -36.1879 1.23218 3
      vertex -36.3526 1.38692 0
      vertex -36.1879 1.23218 0
    endloop
  endfacet
  facet normal 0.684727 -0.7288 0
    outer loop
      vertex -38.8121 1.23218 0
      vertex -38.6474 1.38692 3
      vertex -38.8121 1.23218 3
    endloop
  endfacet
  facet normal 0.684727 -0.7288 0
    outer loop
      vertex -38.6474 1.38692 3
      vertex -38.8121 1.23218 0
      vertex -38.6474 1.38692 0
    endloop
  endfacet
  facet normal 0.368071 -0.929798 0
    outer loop
      vertex -38.2664 1.62869 0
      vertex -38.0562 1.7119 3
      vertex -38.2664 1.62869 3
    endloop
  endfacet
  facet normal 0.368071 -0.929798 0
    outer loop
      vertex -38.0562 1.7119 3
      vertex -38.2664 1.62869 0
      vertex -38.0562 1.7119 0
    endloop
  endfacet
  facet normal -0.844167 0.53608 0
    outer loop
      vertex -36.0438 -1.05801 0
      vertex -35.9226 -0.867156 3
      vertex -35.9226 -0.867156 0
    endloop
  endfacet
  facet normal -0.844167 0.53608 0
    outer loop
      vertex -35.9226 -0.867156 3
      vertex -36.0438 -1.05801 0
      vertex -36.0438 -1.05801 3
    endloop
  endfacet
  facet normal -0.904905 -0.425613 0
    outer loop
      vertex -35.8264 0.662623 0
      vertex -35.9226 0.867156 3
      vertex -35.9226 0.867156 0
    endloop
  endfacet
  facet normal -0.904905 -0.425613 0
    outer loop
      vertex -35.9226 0.867156 3
      vertex -35.8264 0.662623 0
      vertex -35.8264 0.662623 3
    endloop
  endfacet
  facet normal -0.982333 -0.187139 0
    outer loop
      vertex -35.7142 0.225599 0
      vertex -35.7565 0.447641 3
      vertex -35.7565 0.447641 0
    endloop
  endfacet
  facet normal -0.982333 -0.187139 0
    outer loop
      vertex -35.7565 0.447641 3
      vertex -35.7142 0.225599 0
      vertex -35.7142 0.225599 3
    endloop
  endfacet
  facet normal -0.368071 -0.929798 0
    outer loop
      vertex -36.9438 1.7119 0
      vertex -36.7336 1.62869 3
      vertex -36.9438 1.7119 3
    endloop
  endfacet
  facet normal -0.368071 -0.929798 -0
    outer loop
      vertex -36.7336 1.62869 3
      vertex -36.9438 1.7119 0
      vertex -36.7336 1.62869 0
    endloop
  endfacet
  facet normal -0.248756 -0.968566 0
    outer loop
      vertex -37.1627 1.76812 0
      vertex -36.9438 1.7119 3
      vertex -37.1627 1.76812 3
    endloop
  endfacet
  facet normal -0.248756 -0.968566 -0
    outer loop
      vertex -36.9438 1.7119 3
      vertex -37.1627 1.76812 0
      vertex -36.9438 1.7119 0
    endloop
  endfacet
  facet normal -0.587743 -0.809048 0
    outer loop
      vertex -36.5355 1.51979 0
      vertex -36.3526 1.38692 3
      vertex -36.5355 1.51979 3
    endloop
  endfacet
  facet normal -0.587743 -0.809048 -0
    outer loop
      vertex -36.3526 1.38692 3
      vertex -36.5355 1.51979 0
      vertex -36.3526 1.38692 0
    endloop
  endfacet
  facet normal 0.904905 -0.425613 0
    outer loop
      vertex -39.1736 0.662623 3
      vertex -39.0774 0.867156 0
      vertex -39.0774 0.867156 3
    endloop
  endfacet
  facet normal 0.904905 -0.425613 0
    outer loop
      vertex -39.0774 0.867156 0
      vertex -39.1736 0.662623 3
      vertex -39.1736 0.662623 0
    endloop
  endfacet
  facet normal 0.950994 -0.30921 0
    outer loop
      vertex -39.2435 0.447641 3
      vertex -39.1736 0.662623 0
      vertex -39.1736 0.662623 3
    endloop
  endfacet
  facet normal 0.950994 -0.30921 0
    outer loop
      vertex -39.1736 0.662623 0
      vertex -39.2435 0.447641 3
      vertex -39.2435 0.447641 0
    endloop
  endfacet
  facet normal 0.248756 -0.968566 0
    outer loop
      vertex -38.0562 1.7119 0
      vertex -37.8373 1.76812 3
      vertex -38.0562 1.7119 3
    endloop
  endfacet
  facet normal 0.248756 -0.968566 0
    outer loop
      vertex -37.8373 1.76812 3
      vertex -38.0562 1.7119 0
      vertex -37.8373 1.76812 0
    endloop
  endfacet
  facet normal -0.125309 0.992118 0
    outer loop
      vertex -37.1627 -1.76812 0
      vertex -37.387 -1.79645 3
      vertex -37.1627 -1.76812 3
    endloop
  endfacet
  facet normal -0.125309 0.992118 0
    outer loop
      vertex -37.387 -1.79645 3
      vertex -37.1627 -1.76812 0
      vertex -37.387 -1.79645 0
    endloop
  endfacet
  facet normal -0.950994 -0.30921 0
    outer loop
      vertex -35.7565 0.447641 0
      vertex -35.8264 0.662623 3
      vertex -35.8264 0.662623 0
    endloop
  endfacet
  facet normal -0.950994 -0.30921 0
    outer loop
      vertex -35.8264 0.662623 3
      vertex -35.7565 0.447641 0
      vertex -35.7565 0.447641 3
    endloop
  endfacet
  facet normal -0.770483 -0.637461 0
    outer loop
      vertex -36.0438 1.05801 0
      vertex -36.1879 1.23218 3
      vertex -36.1879 1.23218 0
    endloop
  endfacet
  facet normal -0.770483 -0.637461 0
    outer loop
      vertex -36.1879 1.23218 3
      vertex -36.0438 1.05801 0
      vertex -36.0438 1.05801 3
    endloop
  endfacet
  facet normal -0.844167 -0.53608 0
    outer loop
      vertex -35.9226 0.867156 0
      vertex -36.0438 1.05801 3
      vertex -36.0438 1.05801 0
    endloop
  endfacet
  facet normal -0.844167 -0.53608 0
    outer loop
      vertex -36.0438 1.05801 3
      vertex -35.9226 0.867156 0
      vertex -35.9226 0.867156 3
    endloop
  endfacet
  facet normal -0.125309 -0.992118 0
    outer loop
      vertex -37.387 1.79645 0
      vertex -37.1627 1.76812 3
      vertex -37.387 1.79645 3
    endloop
  endfacet
  facet normal -0.125309 -0.992118 -0
    outer loop
      vertex -37.1627 1.76812 3
      vertex -37.387 1.79645 0
      vertex -37.1627 1.76812 0
    endloop
  endfacet
  facet normal -0.481732 -0.876319 0
    outer loop
      vertex -36.7336 1.62869 0
      vertex -36.5355 1.51979 3
      vertex -36.7336 1.62869 3
    endloop
  endfacet
  facet normal -0.481732 -0.876319 -0
    outer loop
      vertex -36.5355 1.51979 3
      vertex -36.7336 1.62869 0
      vertex -36.5355 1.51979 0
    endloop
  endfacet
  facet normal 0.844167 -0.53608 0
    outer loop
      vertex -39.0774 0.867156 3
      vertex -38.9562 1.05801 0
      vertex -38.9562 1.05801 3
    endloop
  endfacet
  facet normal 0.844167 -0.53608 0
    outer loop
      vertex -38.9562 1.05801 0
      vertex -39.0774 0.867156 3
      vertex -39.0774 0.867156 0
    endloop
  endfacet
  facet normal 0.770483 -0.637461 0
    outer loop
      vertex -38.9562 1.05801 3
      vertex -38.8121 1.23218 0
      vertex -38.8121 1.23218 3
    endloop
  endfacet
  facet normal 0.770483 -0.637461 0
    outer loop
      vertex -38.8121 1.23218 0
      vertex -38.9562 1.05801 3
      vertex -38.9562 1.05801 0
    endloop
  endfacet
  facet normal 0.982333 -0.187139 0
    outer loop
      vertex -39.2858 0.225599 3
      vertex -39.2435 0.447641 0
      vertex -39.2435 0.447641 3
    endloop
  endfacet
  facet normal 0.982333 -0.187139 0
    outer loop
      vertex -39.2435 0.447641 0
      vertex -39.2858 0.225599 3
      vertex -39.2858 0.225599 0
    endloop
  endfacet
  facet normal 0.481732 -0.876319 0
    outer loop
      vertex -38.4645 1.51979 0
      vertex -38.2664 1.62869 3
      vertex -38.4645 1.51979 3
    endloop
  endfacet
  facet normal 0.481732 -0.876319 0
    outer loop
      vertex -38.2664 1.62869 3
      vertex -38.4645 1.51979 0
      vertex -38.2664 1.62869 0
    endloop
  endfacet
  facet normal 0.587743 -0.809048 0
    outer loop
      vertex -38.6474 1.38692 0
      vertex -38.4645 1.51979 3
      vertex -38.6474 1.38692 3
    endloop
  endfacet
  facet normal 0.587743 -0.809048 0
    outer loop
      vertex -38.4645 1.51979 3
      vertex -38.6474 1.38692 0
      vertex -38.4645 1.51979 0
    endloop
  endfacet
  facet normal 0.125309 -0.992118 0
    outer loop
      vertex -37.8373 1.76812 0
      vertex -37.613 1.79645 3
      vertex -37.8373 1.76812 3
    endloop
  endfacet
  facet normal 0.125309 -0.992118 0
    outer loop
      vertex -37.613 1.79645 3
      vertex -37.8373 1.76812 0
      vertex -37.613 1.79645 0
    endloop
  endfacet
  facet normal -0.684727 0.7288 0
    outer loop
      vertex -36.1879 -1.23218 0
      vertex -36.3526 -1.38692 3
      vertex -36.1879 -1.23218 3
    endloop
  endfacet
  facet normal -0.684727 0.7288 0
    outer loop
      vertex -36.3526 -1.38692 3
      vertex -36.1879 -1.23218 0
      vertex -36.3526 -1.38692 0
    endloop
  endfacet
  facet normal -0.982333 0.187139 0
    outer loop
      vertex -35.7565 -0.447641 0
      vertex -35.7142 -0.225599 3
      vertex -35.7142 -0.225599 0
    endloop
  endfacet
  facet normal -0.982333 0.187139 0
    outer loop
      vertex -35.7142 -0.225599 3
      vertex -35.7565 -0.447641 0
      vertex -35.7565 -0.447641 3
    endloop
  endfacet
  facet normal 0.904905 0.425613 0
    outer loop
      vertex -39.0774 -0.867156 3
      vertex -39.1736 -0.662623 0
      vertex -39.1736 -0.662623 3
    endloop
  endfacet
  facet normal 0.904905 0.425613 0
    outer loop
      vertex -39.1736 -0.662623 0
      vertex -39.0774 -0.867156 3
      vertex -39.0774 -0.867156 0
    endloop
  endfacet
  facet normal -0.904905 0.425613 0
    outer loop
      vertex -35.9226 -0.867156 0
      vertex -35.8264 -0.662623 3
      vertex -35.8264 -0.662623 0
    endloop
  endfacet
  facet normal -0.904905 0.425613 0
    outer loop
      vertex -35.8264 -0.662623 3
      vertex -35.9226 -0.867156 0
      vertex -35.9226 -0.867156 3
    endloop
  endfacet
  facet normal -0.770483 0.637461 0
    outer loop
      vertex -36.1879 -1.23218 0
      vertex -36.0438 -1.05801 3
      vertex -36.0438 -1.05801 0
    endloop
  endfacet
  facet normal -0.770483 0.637461 0
    outer loop
      vertex -36.0438 -1.05801 3
      vertex -36.1879 -1.23218 0
      vertex -36.1879 -1.23218 3
    endloop
  endfacet
  facet normal -0.998025 0.0628192 0
    outer loop
      vertex -35.7142 -0.225599 0
      vertex -35.7 0 3
      vertex -35.7 0 0
    endloop
  endfacet
  facet normal -0.998025 0.0628192 0
    outer loop
      vertex -35.7 0 3
      vertex -35.7142 -0.225599 0
      vertex -35.7142 -0.225599 3
    endloop
  endfacet
  facet normal 0.587743 0.809048 -0
    outer loop
      vertex -38.4645 -1.51979 0
      vertex -38.6474 -1.38692 3
      vertex -38.4645 -1.51979 3
    endloop
  endfacet
  facet normal 0.587743 0.809048 0
    outer loop
      vertex -38.6474 -1.38692 3
      vertex -38.4645 -1.51979 0
      vertex -38.6474 -1.38692 0
    endloop
  endfacet
  facet normal 0.248756 0.968566 -0
    outer loop
      vertex -37.8373 -1.76812 0
      vertex -38.0562 -1.7119 3
      vertex -37.8373 -1.76812 3
    endloop
  endfacet
  facet normal 0.248756 0.968566 0
    outer loop
      vertex -38.0562 -1.7119 3
      vertex -37.8373 -1.76812 0
      vertex -38.0562 -1.7119 0
    endloop
  endfacet
  facet normal 0.950994 0.30921 0
    outer loop
      vertex -39.1736 -0.662623 3
      vertex -39.2435 -0.447641 0
      vertex -39.2435 -0.447641 3
    endloop
  endfacet
  facet normal 0.950994 0.30921 0
    outer loop
      vertex -39.2435 -0.447641 0
      vertex -39.1736 -0.662623 3
      vertex -39.1736 -0.662623 0
    endloop
  endfacet
  facet normal 0.998025 0.0628192 0
    outer loop
      vertex -39.2858 -0.225599 3
      vertex -39.3 0 0
      vertex -39.3 0 3
    endloop
  endfacet
  facet normal 0.998025 0.0628192 0
    outer loop
      vertex -39.3 0 0
      vertex -39.2858 -0.225599 3
      vertex -39.2858 -0.225599 0
    endloop
  endfacet
  facet normal -0.368071 0.929798 0
    outer loop
      vertex -36.7336 -1.62869 0
      vertex -36.9438 -1.7119 3
      vertex -36.7336 -1.62869 3
    endloop
  endfacet
  facet normal -0.368071 0.929798 0
    outer loop
      vertex -36.9438 -1.7119 3
      vertex -36.7336 -1.62869 0
      vertex -36.9438 -1.7119 0
    endloop
  endfacet
  facet normal -0.248756 0.968566 0
    outer loop
      vertex -36.9438 -1.7119 0
      vertex -37.1627 -1.76812 3
      vertex -36.9438 -1.7119 3
    endloop
  endfacet
  facet normal -0.248756 0.968566 0
    outer loop
      vertex -37.1627 -1.76812 3
      vertex -36.9438 -1.7119 0
      vertex -37.1627 -1.76812 0
    endloop
  endfacet
  facet normal -0.587743 0.809048 0
    outer loop
      vertex -36.3526 -1.38692 0
      vertex -36.5355 -1.51979 3
      vertex -36.3526 -1.38692 3
    endloop
  endfacet
  facet normal -0.587743 0.809048 0
    outer loop
      vertex -36.5355 -1.51979 3
      vertex -36.3526 -1.38692 0
      vertex -36.5355 -1.51979 0
    endloop
  endfacet
  facet normal -0.481732 0.876319 0
    outer loop
      vertex -36.5355 -1.51979 0
      vertex -36.7336 -1.62869 3
      vertex -36.5355 -1.51979 3
    endloop
  endfacet
  facet normal -0.481732 0.876319 0
    outer loop
      vertex -36.7336 -1.62869 3
      vertex -36.5355 -1.51979 0
      vertex -36.7336 -1.62869 0
    endloop
  endfacet
  facet normal -0.950994 0.30921 0
    outer loop
      vertex -35.8264 -0.662623 0
      vertex -35.7565 -0.447641 3
      vertex -35.7565 -0.447641 0
    endloop
  endfacet
  facet normal -0.950994 0.30921 0
    outer loop
      vertex -35.7565 -0.447641 3
      vertex -35.8264 -0.662623 0
      vertex -35.8264 -0.662623 3
    endloop
  endfacet
  facet normal 0.125309 0.992118 -0
    outer loop
      vertex -37.613 -1.79645 0
      vertex -37.8373 -1.76812 3
      vertex -37.613 -1.79645 3
    endloop
  endfacet
  facet normal 0.125309 0.992118 0
    outer loop
      vertex -37.8373 -1.76812 3
      vertex -37.613 -1.79645 0
      vertex -37.8373 -1.76812 0
    endloop
  endfacet
  facet normal 0.684727 0.7288 -0
    outer loop
      vertex -38.6474 -1.38692 0
      vertex -38.8121 -1.23218 3
      vertex -38.6474 -1.38692 3
    endloop
  endfacet
  facet normal 0.684727 0.7288 0
    outer loop
      vertex -38.8121 -1.23218 3
      vertex -38.6474 -1.38692 0
      vertex -38.8121 -1.23218 0
    endloop
  endfacet
  facet normal 0.982333 0.187139 0
    outer loop
      vertex -39.2435 -0.447641 3
      vertex -39.2858 -0.225599 0
      vertex -39.2858 -0.225599 3
    endloop
  endfacet
  facet normal 0.982333 0.187139 0
    outer loop
      vertex -39.2858 -0.225599 0
      vertex -39.2435 -0.447641 3
      vertex -39.2435 -0.447641 0
    endloop
  endfacet
  facet normal 0.368071 0.929798 -0
    outer loop
      vertex -38.0562 -1.7119 0
      vertex -38.2664 -1.62869 3
      vertex -38.0562 -1.7119 3
    endloop
  endfacet
  facet normal 0.368071 0.929798 0
    outer loop
      vertex -38.2664 -1.62869 3
      vertex -38.0562 -1.7119 0
      vertex -38.2664 -1.62869 0
    endloop
  endfacet
  facet normal 0.481732 0.876319 -0
    outer loop
      vertex -38.2664 -1.62869 0
      vertex -38.4645 -1.51979 3
      vertex -38.2664 -1.62869 3
    endloop
  endfacet
  facet normal 0.481732 0.876319 0
    outer loop
      vertex -38.4645 -1.51979 3
      vertex -38.2664 -1.62869 0
      vertex -38.4645 -1.51979 0
    endloop
  endfacet
  facet normal 0.844167 0.53608 0
    outer loop
      vertex -38.9562 -1.05801 3
      vertex -39.0774 -0.867156 0
      vertex -39.0774 -0.867156 3
    endloop
  endfacet
  facet normal 0.844167 0.53608 0
    outer loop
      vertex -39.0774 -0.867156 0
      vertex -38.9562 -1.05801 3
      vertex -38.9562 -1.05801 0
    endloop
  endfacet
  facet normal 0.770483 0.637461 0
    outer loop
      vertex -38.8121 -1.23218 3
      vertex -38.9562 -1.05801 0
      vertex -38.9562 -1.05801 3
    endloop
  endfacet
  facet normal 0.770483 0.637461 0
    outer loop
      vertex -38.9562 -1.05801 0
      vertex -38.8121 -1.23218 3
      vertex -38.8121 -1.23218 0
    endloop
  endfacet
  facet normal -0.998025 -0.0628192 0
    outer loop
      vertex -20.7 0 0
      vertex -20.7142 0.225599 3
      vertex -20.7142 0.225599 0
    endloop
  endfacet
  facet normal -0.998025 -0.0628192 0
    outer loop
      vertex -20.7142 0.225599 3
      vertex -20.7 0 0
      vertex -20.7 0 3
    endloop
  endfacet
  facet normal 0.998025 -0.0628192 0
    outer loop
      vertex -24.3 0 3
      vertex -24.2858 0.225599 0
      vertex -24.2858 0.225599 3
    endloop
  endfacet
  facet normal 0.998025 -0.0628192 0
    outer loop
      vertex -24.2858 0.225599 0
      vertex -24.3 0 3
      vertex -24.3 0 0
    endloop
  endfacet
  facet normal 0 -1 0
    outer loop
      vertex -22.613 1.79645 0
      vertex -22.387 1.79645 3
      vertex -22.613 1.79645 3
    endloop
  endfacet
  facet normal 0 -1 -0
    outer loop
      vertex -22.387 1.79645 3
      vertex -22.613 1.79645 0
      vertex -22.387 1.79645 0
    endloop
  endfacet
  facet normal 0 1 -0
    outer loop
      vertex -22.387 -1.79645 0
      vertex -22.613 -1.79645 3
      vertex -22.387 -1.79645 3
    endloop
  endfacet
  facet normal 0 1 0
    outer loop
      vertex -22.613 -1.79645 3
      vertex -22.387 -1.79645 0
      vertex -22.613 -1.79645 0
    endloop
  endfacet
  facet normal -0.684727 -0.7288 0
    outer loop
      vertex -21.3526 1.38692 0
      vertex -21.1879 1.23218 3
      vertex -21.3526 1.38692 3
    endloop
  endfacet
  facet normal -0.684727 -0.7288 -0
    outer loop
      vertex -21.1879 1.23218 3
      vertex -21.3526 1.38692 0
      vertex -21.1879 1.23218 0
    endloop
  endfacet
  facet normal 0.684727 -0.7288 0
    outer loop
      vertex -23.8121 1.23218 0
      vertex -23.6474 1.38692 3
      vertex -23.8121 1.23218 3
    endloop
  endfacet
  facet normal 0.684727 -0.7288 0
    outer loop
      vertex -23.6474 1.38692 3
      vertex -23.8121 1.23218 0
      vertex -23.6474 1.38692 0
    endloop
  endfacet
  facet normal 0.368071 -0.929798 0
    outer loop
      vertex -23.2664 1.62869 0
      vertex -23.0562 1.7119 3
      vertex -23.2664 1.62869 3
    endloop
  endfacet
  facet normal 0.368071 -0.929798 0
    outer loop
      vertex -23.0562 1.7119 3
      vertex -23.2664 1.62869 0
      vertex -23.0562 1.7119 0
    endloop
  endfacet
  facet normal -0.844167 0.53608 0
    outer loop
      vertex -21.0438 -1.05801 0
      vertex -20.9226 -0.867156 3
      vertex -20.9226 -0.867156 0
    endloop
  endfacet
  facet normal -0.844167 0.53608 0
    outer loop
      vertex -20.9226 -0.867156 3
      vertex -21.0438 -1.05801 0
      vertex -21.0438 -1.05801 3
    endloop
  endfacet
  facet normal -0.904905 -0.425613 0
    outer loop
      vertex -20.8264 0.662623 0
      vertex -20.9226 0.867156 3
      vertex -20.9226 0.867156 0
    endloop
  endfacet
  facet normal -0.904905 -0.425613 0
    outer loop
      vertex -20.9226 0.867156 3
      vertex -20.8264 0.662623 0
      vertex -20.8264 0.662623 3
    endloop
  endfacet
  facet normal -0.982333 -0.187139 0
    outer loop
      vertex -20.7142 0.225599 0
      vertex -20.7565 0.447641 3
      vertex -20.7565 0.447641 0
    endloop
  endfacet
  facet normal -0.982333 -0.187139 0
    outer loop
      vertex -20.7565 0.447641 3
      vertex -20.7142 0.225599 0
      vertex -20.7142 0.225599 3
    endloop
  endfacet
  facet normal -0.368071 -0.929798 0
    outer loop
      vertex -21.9438 1.7119 0
      vertex -21.7336 1.62869 3
      vertex -21.9438 1.7119 3
    endloop
  endfacet
  facet normal -0.368071 -0.929798 -0
    outer loop
      vertex -21.7336 1.62869 3
      vertex -21.9438 1.7119 0
      vertex -21.7336 1.62869 0
    endloop
  endfacet
  facet normal -0.248756 -0.968566 0
    outer loop
      vertex -22.1627 1.76812 0
      vertex -21.9438 1.7119 3
      vertex -22.1627 1.76812 3
    endloop
  endfacet
  facet normal -0.248756 -0.968566 -0
    outer loop
      vertex -21.9438 1.7119 3
      vertex -22.1627 1.76812 0
      vertex -21.9438 1.7119 0
    endloop
  endfacet
  facet normal -0.587743 -0.809048 0
    outer loop
      vertex -21.5355 1.51979 0
      vertex -21.3526 1.38692 3
      vertex -21.5355 1.51979 3
    endloop
  endfacet
  facet normal -0.587743 -0.809048 -0
    outer loop
      vertex -21.3526 1.38692 3
      vertex -21.5355 1.51979 0
      vertex -21.3526 1.38692 0
    endloop
  endfacet
  facet normal 0.904905 -0.425613 0
    outer loop
      vertex -24.1736 0.662623 3
      vertex -24.0774 0.867156 0
      vertex -24.0774 0.867156 3
    endloop
  endfacet
  facet normal 0.904905 -0.425613 0
    outer loop
      vertex -24.0774 0.867156 0
      vertex -24.1736 0.662623 3
      vertex -24.1736 0.662623 0
    endloop
  endfacet
  facet normal 0.950994 -0.30921 0
    outer loop
      vertex -24.2435 0.447641 3
      vertex -24.1736 0.662623 0
      vertex -24.1736 0.662623 3
    endloop
  endfacet
  facet normal 0.950994 -0.30921 0
    outer loop
      vertex -24.1736 0.662623 0
      vertex -24.2435 0.447641 3
      vertex -24.2435 0.447641 0
    endloop
  endfacet
  facet normal 0.248756 -0.968566 0
    outer loop
      vertex -23.0562 1.7119 0
      vertex -22.8373 1.76812 3
      vertex -23.0562 1.7119 3
    endloop
  endfacet
  facet normal 0.248756 -0.968566 0
    outer loop
      vertex -22.8373 1.76812 3
      vertex -23.0562 1.7119 0
      vertex -22.8373 1.76812 0
    endloop
  endfacet
  facet normal -0.125309 0.992118 0
    outer loop
      vertex -22.1627 -1.76812 0
      vertex -22.387 -1.79645 3
      vertex -22.1627 -1.76812 3
    endloop
  endfacet
  facet normal -0.125309 0.992118 0
    outer loop
      vertex -22.387 -1.79645 3
      vertex -22.1627 -1.76812 0
      vertex -22.387 -1.79645 0
    endloop
  endfacet
  facet normal -0.368071 0.929798 0
    outer loop
      vertex -21.7336 -1.62869 0
      vertex -21.9438 -1.7119 3
      vertex -21.7336 -1.62869 3
    endloop
  endfacet
  facet normal -0.368071 0.929798 0
    outer loop
      vertex -21.9438 -1.7119 3
      vertex -21.7336 -1.62869 0
      vertex -21.9438 -1.7119 0
    endloop
  endfacet
  facet normal -0.950994 -0.30921 0
    outer loop
      vertex -20.7565 0.447641 0
      vertex -20.8264 0.662623 3
      vertex -20.8264 0.662623 0
    endloop
  endfacet
  facet normal -0.950994 -0.30921 0
    outer loop
      vertex -20.8264 0.662623 3
      vertex -20.7565 0.447641 0
      vertex -20.7565 0.447641 3
    endloop
  endfacet
  facet normal -0.770483 -0.637461 0
    outer loop
      vertex -21.0438 1.05801 0
      vertex -21.1879 1.23218 3
      vertex -21.1879 1.23218 0
    endloop
  endfacet
  facet normal -0.770483 -0.637461 0
    outer loop
      vertex -21.1879 1.23218 3
      vertex -21.0438 1.05801 0
      vertex -21.0438 1.05801 3
    endloop
  endfacet
  facet normal -0.844167 -0.53608 0
    outer loop
      vertex -20.9226 0.867156 0
      vertex -21.0438 1.05801 3
      vertex -21.0438 1.05801 0
    endloop
  endfacet
  facet normal -0.844167 -0.53608 0
    outer loop
      vertex -21.0438 1.05801 3
      vertex -20.9226 0.867156 0
      vertex -20.9226 0.867156 3
    endloop
  endfacet
  facet normal -0.125309 -0.992118 0
    outer loop
      vertex -22.387 1.79645 0
      vertex -22.1627 1.76812 3
      vertex -22.387 1.79645 3
    endloop
  endfacet
  facet normal -0.125309 -0.992118 -0
    outer loop
      vertex -22.1627 1.76812 3
      vertex -22.387 1.79645 0
      vertex -22.1627 1.76812 0
    endloop
  endfacet
  facet normal -0.481732 -0.876319 0
    outer loop
      vertex -21.7336 1.62869 0
      vertex -21.5355 1.51979 3
      vertex -21.7336 1.62869 3
    endloop
  endfacet
  facet normal -0.481732 -0.876319 -0
    outer loop
      vertex -21.5355 1.51979 3
      vertex -21.7336 1.62869 0
      vertex -21.5355 1.51979 0
    endloop
  endfacet
  facet normal 0.844167 -0.53608 0
    outer loop
      vertex -24.0774 0.867156 3
      vertex -23.9562 1.05801 0
      vertex -23.9562 1.05801 3
    endloop
  endfacet
  facet normal 0.844167 -0.53608 0
    outer loop
      vertex -23.9562 1.05801 0
      vertex -24.0774 0.867156 3
      vertex -24.0774 0.867156 0
    endloop
  endfacet
  facet normal 0.770483 -0.637461 0
    outer loop
      vertex -23.9562 1.05801 3
      vertex -23.8121 1.23218 0
      vertex -23.8121 1.23218 3
    endloop
  endfacet
  facet normal 0.770483 -0.637461 0
    outer loop
      vertex -23.8121 1.23218 0
      vertex -23.9562 1.05801 3
      vertex -23.9562 1.05801 0
    endloop
  endfacet
  facet normal 0.982333 -0.187139 0
    outer loop
      vertex -24.2858 0.225599 3
      vertex -24.2435 0.447641 0
      vertex -24.2435 0.447641 3
    endloop
  endfacet
  facet normal 0.982333 -0.187139 0
    outer loop
      vertex -24.2435 0.447641 0
      vertex -24.2858 0.225599 3
      vertex -24.2858 0.225599 0
    endloop
  endfacet
  facet normal 0.481732 -0.876319 0
    outer loop
      vertex -23.4645 1.51979 0
      vertex -23.2664 1.62869 3
      vertex -23.4645 1.51979 3
    endloop
  endfacet
  facet normal 0.481732 -0.876319 0
    outer loop
      vertex -23.2664 1.62869 3
      vertex -23.4645 1.51979 0
      vertex -23.2664 1.62869 0
    endloop
  endfacet
  facet normal 0.587743 -0.809048 0
    outer loop
      vertex -23.6474 1.38692 0
      vertex -23.4645 1.51979 3
      vertex -23.6474 1.38692 3
    endloop
  endfacet
  facet normal 0.587743 -0.809048 0
    outer loop
      vertex -23.4645 1.51979 3
      vertex -23.6474 1.38692 0
      vertex -23.4645 1.51979 0
    endloop
  endfacet
  facet normal 0.125309 -0.992118 0
    outer loop
      vertex -22.8373 1.76812 0
      vertex -22.613 1.79645 3
      vertex -22.8373 1.76812 3
    endloop
  endfacet
  facet normal 0.125309 -0.992118 0
    outer loop
      vertex -22.613 1.79645 3
      vertex -22.8373 1.76812 0
      vertex -22.613 1.79645 0
    endloop
  endfacet
  facet normal -0.998025 0.0628192 0
    outer loop
      vertex -20.7142 -0.225599 0
      vertex -20.7 0 3
      vertex -20.7 0 0
    endloop
  endfacet
  facet normal -0.998025 0.0628192 0
    outer loop
      vertex -20.7 0 3
      vertex -20.7142 -0.225599 0
      vertex -20.7142 -0.225599 3
    endloop
  endfacet
  facet normal -0.684727 0.7288 0
    outer loop
      vertex -21.1879 -1.23218 0
      vertex -21.3526 -1.38692 3
      vertex -21.1879 -1.23218 3
    endloop
  endfacet
  facet normal -0.684727 0.7288 0
    outer loop
      vertex -21.3526 -1.38692 3
      vertex -21.1879 -1.23218 0
      vertex -21.3526 -1.38692 0
    endloop
  endfacet
  facet normal -0.982333 0.187139 0
    outer loop
      vertex -20.7565 -0.447641 0
      vertex -20.7142 -0.225599 3
      vertex -20.7142 -0.225599 0
    endloop
  endfacet
  facet normal -0.982333 0.187139 0
    outer loop
      vertex -20.7142 -0.225599 3
      vertex -20.7565 -0.447641 0
      vertex -20.7565 -0.447641 3
    endloop
  endfacet
  facet normal 0.904905 0.425613 0
    outer loop
      vertex -24.0774 -0.867156 3
      vertex -24.1736 -0.662623 0
      vertex -24.1736 -0.662623 3
    endloop
  endfacet
  facet normal 0.904905 0.425613 0
    outer loop
      vertex -24.1736 -0.662623 0
      vertex -24.0774 -0.867156 3
      vertex -24.0774 -0.867156 0
    endloop
  endfacet
  facet normal -0.904905 0.425613 0
    outer loop
      vertex -20.9226 -0.867156 0
      vertex -20.8264 -0.662623 3
      vertex -20.8264 -0.662623 0
    endloop
  endfacet
  facet normal -0.904905 0.425613 0
    outer loop
      vertex -20.8264 -0.662623 3
      vertex -20.9226 -0.867156 0
      vertex -20.9226 -0.867156 3
    endloop
  endfacet
  facet normal -0.770483 0.637461 0
    outer loop
      vertex -21.1879 -1.23218 0
      vertex -21.0438 -1.05801 3
      vertex -21.0438 -1.05801 0
    endloop
  endfacet
  facet normal -0.770483 0.637461 0
    outer loop
      vertex -21.0438 -1.05801 3
      vertex -21.1879 -1.23218 0
      vertex -21.1879 -1.23218 3
    endloop
  endfacet
  facet normal 0.587743 0.809048 -0
    outer loop
      vertex -23.4645 -1.51979 0
      vertex -23.6474 -1.38692 3
      vertex -23.4645 -1.51979 3
    endloop
  endfacet
  facet normal 0.587743 0.809048 0
    outer loop
      vertex -23.6474 -1.38692 3
      vertex -23.4645 -1.51979 0
      vertex -23.6474 -1.38692 0
    endloop
  endfacet
  facet normal 0.248756 0.968566 -0
    outer loop
      vertex -22.8373 -1.76812 0
      vertex -23.0562 -1.7119 3
      vertex -22.8373 -1.76812 3
    endloop
  endfacet
  facet normal 0.248756 0.968566 0
    outer loop
      vertex -23.0562 -1.7119 3
      vertex -22.8373 -1.76812 0
      vertex -23.0562 -1.7119 0
    endloop
  endfacet
  facet normal 0.950994 0.30921 0
    outer loop
      vertex -24.1736 -0.662623 3
      vertex -24.2435 -0.447641 0
      vertex -24.2435 -0.447641 3
    endloop
  endfacet
  facet normal 0.950994 0.30921 0
    outer loop
      vertex -24.2435 -0.447641 0
      vertex -24.1736 -0.662623 3
      vertex -24.1736 -0.662623 0
    endloop
  endfacet
  facet normal -0.248756 0.968566 0
    outer loop
      vertex -21.9438 -1.7119 0
      vertex -22.1627 -1.76812 3
      vertex -21.9438 -1.7119 3
    endloop
  endfacet
  facet normal -0.248756 0.968566 0
    outer loop
      vertex -22.1627 -1.76812 3
      vertex -21.9438 -1.7119 0
      vertex -22.1627 -1.76812 0
    endloop
  endfacet
  facet normal -0.587743 0.809048 0
    outer loop
      vertex -21.3526 -1.38692 0
      vertex -21.5355 -1.51979 3
      vertex -21.3526 -1.38692 3
    endloop
  endfacet
  facet normal -0.587743 0.809048 0
    outer loop
      vertex -21.5355 -1.51979 3
      vertex -21.3526 -1.38692 0
      vertex -21.5355 -1.51979 0
    endloop
  endfacet
  facet normal -0.481732 0.876319 0
    outer loop
      vertex -21.5355 -1.51979 0
      vertex -21.7336 -1.62869 3
      vertex -21.5355 -1.51979 3
    endloop
  endfacet
  facet normal -0.481732 0.876319 0
    outer loop
      vertex -21.7336 -1.62869 3
      vertex -21.5355 -1.51979 0
      vertex -21.7336 -1.62869 0
    endloop
  endfacet
  facet normal -0.950994 0.30921 0
    outer loop
      vertex -20.8264 -0.662623 0
      vertex -20.7565 -0.447641 3
      vertex -20.7565 -0.447641 0
    endloop
  endfacet
  facet normal -0.950994 0.30921 0
    outer loop
      vertex -20.7565 -0.447641 3
      vertex -20.8264 -0.662623 0
      vertex -20.8264 -0.662623 3
    endloop
  endfacet
  facet normal 0.125309 0.992118 -0
    outer loop
      vertex -22.613 -1.79645 0
      vertex -22.8373 -1.76812 3
      vertex -22.613 -1.79645 3
    endloop
  endfacet
  facet normal 0.125309 0.992118 0
    outer loop
      vertex -22.8373 -1.76812 3
      vertex -22.613 -1.79645 0
      vertex -22.8373 -1.76812 0
    endloop
  endfacet
  facet normal 0.684727 0.7288 -0
    outer loop
      vertex -23.6474 -1.38692 0
      vertex -23.8121 -1.23218 3
      vertex -23.6474 -1.38692 3
    endloop
  endfacet
  facet normal 0.684727 0.7288 0
    outer loop
      vertex -23.8121 -1.23218 3
      vertex -23.6474 -1.38692 0
      vertex -23.8121 -1.23218 0
    endloop
  endfacet
  facet normal 0.982333 0.187139 0
    outer loop
      vertex -24.2435 -0.447641 3
      vertex -24.2858 -0.225599 0
      vertex -24.2858 -0.225599 3
    endloop
  endfacet
  facet normal 0.982333 0.187139 0
    outer loop
      vertex -24.2858 -0.225599 0
      vertex -24.2435 -0.447641 3
      vertex -24.2435 -0.447641 0
    endloop
  endfacet
  facet normal 0.998025 0.0628192 0
    outer loop
      vertex -24.2858 -0.225599 3
      vertex -24.3 0 0
      vertex -24.3 0 3
    endloop
  endfacet
  facet normal 0.998025 0.0628192 0
    outer loop
      vertex -24.3 0 0
      vertex -24.2858 -0.225599 3
      vertex -24.2858 -0.225599 0
    endloop
  endfacet
  facet normal 0.368071 0.929798 -0
    outer loop
      vertex -23.0562 -1.7119 0
      vertex -23.2664 -1.62869 3
      vertex -23.0562 -1.7119 3
    endloop
  endfacet
  facet normal 0.368071 0.929798 0
    outer loop
      vertex -23.2664 -1.62869 3
      vertex -23.0562 -1.7119 0
      vertex -23.2664 -1.62869 0
    endloop
  endfacet
  facet normal 0.481732 0.876319 -0
    outer loop
      vertex -23.2664 -1.62869 0
      vertex -23.4645 -1.51979 3
      vertex -23.2664 -1.62869 3
    endloop
  endfacet
  facet normal 0.481732 0.876319 0
    outer loop
      vertex -23.4645 -1.51979 3
      vertex -23.2664 -1.62869 0
      vertex -23.4645 -1.51979 0
    endloop
  endfacet
  facet normal 0.844167 0.53608 0
    outer loop
      vertex -23.9562 -1.05801 3
      vertex -24.0774 -0.867156 0
      vertex -24.0774 -0.867156 3
    endloop
  endfacet
  facet normal 0.844167 0.53608 0
    outer loop
      vertex -24.0774 -0.867156 0
      vertex -23.9562 -1.05801 3
      vertex -23.9562 -1.05801 0
    endloop
  endfacet
  facet normal 0.770483 0.637461 0
    outer loop
      vertex -23.8121 -1.23218 3
      vertex -23.9562 -1.05801 0
      vertex -23.9562 -1.05801 3
    endloop
  endfacet
  facet normal 0.770483 0.637461 0
    outer loop
      vertex -23.9562 -1.05801 0
      vertex -23.8121 -1.23218 3
      vertex -23.8121 -1.23218 0
    endloop
  endfacet
  facet normal -0.998028 -0.0627752 0
    outer loop
      vertex -5.7 0 0
      vertex -5.71419 0.225599 3
      vertex -5.71419 0.225599 0
    endloop
  endfacet
  facet normal -0.998028 -0.0627752 0
    outer loop
      vertex -5.71419 0.225599 3
      vertex -5.7 0 0
      vertex -5.7 0 3
    endloop
  endfacet
  facet normal 0.998028 -0.0627752 0
    outer loop
      vertex -9.3 0 3
      vertex -9.28581 0.225599 0
      vertex -9.28581 0.225599 3
    endloop
  endfacet
  facet normal 0.998028 -0.0627752 0
    outer loop
      vertex -9.28581 0.225599 0
      vertex -9.3 0 3
      vertex -9.3 0 0
    endloop
  endfacet
  facet normal 0 -1 0
    outer loop
      vertex -7.61302 1.79645 0
      vertex -7.38698 1.79645 3
      vertex -7.61302 1.79645 3
    endloop
  endfacet
  facet normal 0 -1 -0
    outer loop
      vertex -7.38698 1.79645 3
      vertex -7.61302 1.79645 0
      vertex -7.38698 1.79645 0
    endloop
  endfacet
  facet normal 0 1 -0
    outer loop
      vertex -7.38698 -1.79645 0
      vertex -7.61302 -1.79645 3
      vertex -7.38698 -1.79645 3
    endloop
  endfacet
  facet normal 0 1 0
    outer loop
      vertex -7.61302 -1.79645 3
      vertex -7.38698 -1.79645 0
      vertex -7.61302 -1.79645 0
    endloop
  endfacet
  facet normal -0.68455 -0.728966 0
    outer loop
      vertex -6.35264 1.38692 0
      vertex -6.18786 1.23218 3
      vertex -6.35264 1.38692 3
    endloop
  endfacet
  facet normal -0.68455 -0.728966 -0
    outer loop
      vertex -6.18786 1.23218 3
      vertex -6.35264 1.38692 0
      vertex -6.18786 1.23218 0
    endloop
  endfacet
  facet normal 0.68455 -0.728966 0
    outer loop
      vertex -8.81214 1.23218 0
      vertex -8.64736 1.38692 3
      vertex -8.81214 1.23218 3
    endloop
  endfacet
  facet normal 0.68455 -0.728966 0
    outer loop
      vertex -8.64736 1.38692 3
      vertex -8.81214 1.23218 0
      vertex -8.64736 1.38692 0
    endloop
  endfacet
  facet normal 0.368116 -0.92978 0
    outer loop
      vertex -8.2664 1.62869 0
      vertex -8.05623 1.7119 3
      vertex -8.2664 1.62869 3
    endloop
  endfacet
  facet normal 0.368116 -0.92978 0
    outer loop
      vertex -8.05623 1.7119 3
      vertex -8.2664 1.62869 0
      vertex -8.05623 1.7119 0
    endloop
  endfacet
  facet normal -0.844327 0.535828 0
    outer loop
      vertex -6.04377 -1.05801 0
      vertex -5.92265 -0.867156 3
      vertex -5.92265 -0.867156 0
    endloop
  endfacet
  facet normal -0.844327 0.535828 0
    outer loop
      vertex -5.92265 -0.867156 3
      vertex -6.04377 -1.05801 0
      vertex -6.04377 -1.05801 3
    endloop
  endfacet
  facet normal -0.90482 -0.425794 0
    outer loop
      vertex -5.8264 0.662623 0
      vertex -5.92265 0.867156 3
      vertex -5.92265 0.867156 0
    endloop
  endfacet
  facet normal -0.90482 -0.425794 0
    outer loop
      vertex -5.92265 0.867156 3
      vertex -5.8264 0.662623 0
      vertex -5.8264 0.662623 3
    endloop
  endfacet
  facet normal -0.982285 -0.187395 0
    outer loop
      vertex -5.71419 0.225599 0
      vertex -5.75655 0.447641 3
      vertex -5.75655 0.447641 0
    endloop
  endfacet
  facet normal -0.982285 -0.187395 0
    outer loop
      vertex -5.75655 0.447641 3
      vertex -5.71419 0.225599 0
      vertex -5.71419 0.225599 3
    endloop
  endfacet
  facet normal -0.368116 -0.92978 0
    outer loop
      vertex -6.94377 1.7119 0
      vertex -6.7336 1.62869 3
      vertex -6.94377 1.7119 3
    endloop
  endfacet
  facet normal -0.368116 -0.92978 -0
    outer loop
      vertex -6.7336 1.62869 3
      vertex -6.94377 1.7119 0
      vertex -6.7336 1.62869 0
    endloop
  endfacet
  facet normal -0.248714 -0.968577 0
    outer loop
      vertex -7.16271 1.76812 0
      vertex -6.94377 1.7119 3
      vertex -7.16271 1.76812 3
    endloop
  endfacet
  facet normal -0.248714 -0.968577 -0
    outer loop
      vertex -6.94377 1.7119 3
      vertex -7.16271 1.76812 0
      vertex -6.94377 1.7119 0
    endloop
  endfacet
  facet normal -0.587806 -0.809002 0
    outer loop
      vertex -6.53551 1.51979 0
      vertex -6.35264 1.38692 3
      vertex -6.53551 1.51979 3
    endloop
  endfacet
  facet normal -0.587806 -0.809002 -0
    outer loop
      vertex -6.35264 1.38692 3
      vertex -6.53551 1.51979 0
      vertex -6.35264 1.38692 0
    endloop
  endfacet
  facet normal 0.90482 -0.425794 0
    outer loop
      vertex -9.1736 0.662623 3
      vertex -9.07735 0.867156 0
      vertex -9.07735 0.867156 3
    endloop
  endfacet
  facet normal 0.90482 -0.425794 0
    outer loop
      vertex -9.07735 0.867156 0
      vertex -9.1736 0.662623 3
      vertex -9.1736 0.662623 0
    endloop
  endfacet
  facet normal 0.951059 -0.309009 0
    outer loop
      vertex -9.24345 0.447641 3
      vertex -9.1736 0.662623 0
      vertex -9.1736 0.662623 3
    endloop
  endfacet
  facet normal 0.951059 -0.309009 0
    outer loop
      vertex -9.1736 0.662623 0
      vertex -9.24345 0.447641 3
      vertex -9.24345 0.447641 0
    endloop
  endfacet
  facet normal 0.248714 -0.968577 0
    outer loop
      vertex -8.05623 1.7119 0
      vertex -7.83729 1.76812 3
      vertex -8.05623 1.7119 3
    endloop
  endfacet
  facet normal 0.248714 -0.968577 0
    outer loop
      vertex -7.83729 1.76812 3
      vertex -8.05623 1.7119 0
      vertex -7.83729 1.76812 0
    endloop
  endfacet
  facet normal -0.125325 0.992116 0
    outer loop
      vertex -7.16271 -1.76812 0
      vertex -7.38698 -1.79645 3
      vertex -7.16271 -1.76812 3
    endloop
  endfacet
  facet normal -0.125325 0.992116 0
    outer loop
      vertex -7.38698 -1.79645 3
      vertex -7.16271 -1.76812 0
      vertex -7.38698 -1.79645 0
    endloop
  endfacet
  facet normal -0.368116 0.92978 0
    outer loop
      vertex -6.7336 -1.62869 0
      vertex -6.94377 -1.7119 3
      vertex -6.7336 -1.62869 3
    endloop
  endfacet
  facet normal -0.368116 0.92978 0
    outer loop
      vertex -6.94377 -1.7119 3
      vertex -6.7336 -1.62869 0
      vertex -6.94377 -1.7119 0
    endloop
  endfacet
  facet normal -0.951059 -0.309009 0
    outer loop
      vertex -5.75655 0.447641 0
      vertex -5.8264 0.662623 3
      vertex -5.8264 0.662623 0
    endloop
  endfacet
  facet normal -0.951059 -0.309009 0
    outer loop
      vertex -5.8264 0.662623 3
      vertex -5.75655 0.447641 0
      vertex -5.75655 0.447641 3
    endloop
  endfacet
  facet normal -0.770504 -0.637435 0
    outer loop
      vertex -6.04377 1.05801 0
      vertex -6.18786 1.23218 3
      vertex -6.18786 1.23218 0
    endloop
  endfacet
  facet normal -0.770504 -0.637435 0
    outer loop
      vertex -6.18786 1.23218 3
      vertex -6.04377 1.05801 0
      vertex -6.04377 1.05801 3
    endloop
  endfacet
  facet normal -0.844327 -0.535828 0
    outer loop
      vertex -5.92265 0.867156 0
      vertex -6.04377 1.05801 3
      vertex -6.04377 1.05801 0
    endloop
  endfacet
  facet normal -0.844327 -0.535828 0
    outer loop
      vertex -6.04377 1.05801 3
      vertex -5.92265 0.867156 0
      vertex -5.92265 0.867156 3
    endloop
  endfacet
  facet normal -0.125325 -0.992116 0
    outer loop
      vertex -7.38698 1.79645 0
      vertex -7.16271 1.76812 3
      vertex -7.38698 1.79645 3
    endloop
  endfacet
  facet normal -0.125325 -0.992116 -0
    outer loop
      vertex -7.16271 1.76812 3
      vertex -7.38698 1.79645 0
      vertex -7.16271 1.76812 0
    endloop
  endfacet
  facet normal -0.481751 -0.876308 0
    outer loop
      vertex -6.7336 1.62869 0
      vertex -6.53551 1.51979 3
      vertex -6.7336 1.62869 3
    endloop
  endfacet
  facet normal -0.481751 -0.876308 -0
    outer loop
      vertex -6.53551 1.51979 3
      vertex -6.7336 1.62869 0
      vertex -6.53551 1.51979 0
    endloop
  endfacet
  facet normal 0.844327 -0.535828 0
    outer loop
      vertex -9.07735 0.867156 3
      vertex -8.95623 1.05801 0
      vertex -8.95623 1.05801 3
    endloop
  endfacet
  facet normal 0.844327 -0.535828 0
    outer loop
      vertex -8.95623 1.05801 0
      vertex -9.07735 0.867156 3
      vertex -9.07735 0.867156 0
    endloop
  endfacet
  facet normal 0.770504 -0.637435 0
    outer loop
      vertex -8.95623 1.05801 3
      vertex -8.81214 1.23218 0
      vertex -8.81214 1.23218 3
    endloop
  endfacet
  facet normal 0.770504 -0.637435 0
    outer loop
      vertex -8.81214 1.23218 0
      vertex -8.95623 1.05801 3
      vertex -8.95623 1.05801 0
    endloop
  endfacet
  facet normal 0.982285 -0.187395 0
    outer loop
      vertex -9.28581 0.225599 3
      vertex -9.24345 0.447641 0
      vertex -9.24345 0.447641 3
    endloop
  endfacet
  facet normal 0.982285 -0.187395 0
    outer loop
      vertex -9.24345 0.447641 0
      vertex -9.28581 0.225599 3
      vertex -9.28581 0.225599 0
    endloop
  endfacet
  facet normal 0.481751 -0.876308 0
    outer loop
      vertex -8.46449 1.51979 0
      vertex -8.2664 1.62869 3
      vertex -8.46449 1.51979 3
    endloop
  endfacet
  facet normal 0.481751 -0.876308 0
    outer loop
      vertex -8.2664 1.62869 3
      vertex -8.46449 1.51979 0
      vertex -8.2664 1.62869 0
    endloop
  endfacet
  facet normal 0.587806 -0.809002 0
    outer loop
      vertex -8.64736 1.38692 0
      vertex -8.46449 1.51979 3
      vertex -8.64736 1.38692 3
    endloop
  endfacet
  facet normal 0.587806 -0.809002 0
    outer loop
      vertex -8.46449 1.51979 3
      vertex -8.64736 1.38692 0
      vertex -8.46449 1.51979 0
    endloop
  endfacet
  facet normal 0.125325 -0.992116 0
    outer loop
      vertex -7.83729 1.76812 0
      vertex -7.61302 1.79645 3
      vertex -7.83729 1.76812 3
    endloop
  endfacet
  facet normal 0.125325 -0.992116 0
    outer loop
      vertex -7.61302 1.79645 3
      vertex -7.83729 1.76812 0
      vertex -7.61302 1.79645 0
    endloop
  endfacet
  facet normal -0.68455 0.728966 0
    outer loop
      vertex -6.18786 -1.23218 0
      vertex -6.35264 -1.38692 3
      vertex -6.18786 -1.23218 3
    endloop
  endfacet
  facet normal -0.68455 0.728966 0
    outer loop
      vertex -6.35264 -1.38692 3
      vertex -6.18786 -1.23218 0
      vertex -6.35264 -1.38692 0
    endloop
  endfacet
  facet normal -0.982285 0.187395 0
    outer loop
      vertex -5.75655 -0.447641 0
      vertex -5.71419 -0.225599 3
      vertex -5.71419 -0.225599 0
    endloop
  endfacet
  facet normal -0.982285 0.187395 0
    outer loop
      vertex -5.71419 -0.225599 3
      vertex -5.75655 -0.447641 0
      vertex -5.75655 -0.447641 3
    endloop
  endfacet
  facet normal 0.90482 0.425794 0
    outer loop
      vertex -9.07735 -0.867156 3
      vertex -9.1736 -0.662623 0
      vertex -9.1736 -0.662623 3
    endloop
  endfacet
  facet normal 0.90482 0.425794 0
    outer loop
      vertex -9.1736 -0.662623 0
      vertex -9.07735 -0.867156 3
      vertex -9.07735 -0.867156 0
    endloop
  endfacet
  facet normal -0.90482 0.425794 0
    outer loop
      vertex -5.92265 -0.867156 0
      vertex -5.8264 -0.662623 3
      vertex -5.8264 -0.662623 0
    endloop
  endfacet
  facet normal -0.90482 0.425794 0
    outer loop
      vertex -5.8264 -0.662623 3
      vertex -5.92265 -0.867156 0
      vertex -5.92265 -0.867156 3
    endloop
  endfacet
  facet normal -0.770504 0.637435 0
    outer loop
      vertex -6.18786 -1.23218 0
      vertex -6.04377 -1.05801 3
      vertex -6.04377 -1.05801 0
    endloop
  endfacet
  facet normal -0.770504 0.637435 0
    outer loop
      vertex -6.04377 -1.05801 3
      vertex -6.18786 -1.23218 0
      vertex -6.18786 -1.23218 3
    endloop
  endfacet
  facet normal -0.998028 0.0627752 0
    outer loop
      vertex -5.71419 -0.225599 0
      vertex -5.7 0 3
      vertex -5.7 0 0
    endloop
  endfacet
  facet normal -0.998028 0.0627752 0
    outer loop
      vertex -5.7 0 3
      vertex -5.71419 -0.225599 0
      vertex -5.71419 -0.225599 3
    endloop
  endfacet
  facet normal 0.587806 0.809002 -0
    outer loop
      vertex -8.46449 -1.51979 0
      vertex -8.64736 -1.38692 3
      vertex -8.46449 -1.51979 3
    endloop
  endfacet
  facet normal 0.587806 0.809002 0
    outer loop
      vertex -8.64736 -1.38692 3
      vertex -8.46449 -1.51979 0
      vertex -8.64736 -1.38692 0
    endloop
  endfacet
  facet normal 0.248714 0.968577 -0
    outer loop
      vertex -7.83729 -1.76812 0
      vertex -8.05623 -1.7119 3
      vertex -7.83729 -1.76812 3
    endloop
  endfacet
  facet normal 0.248714 0.968577 0
    outer loop
      vertex -8.05623 -1.7119 3
      vertex -7.83729 -1.76812 0
      vertex -8.05623 -1.7119 0
    endloop
  endfacet
  facet normal 0.951059 0.309009 0
    outer loop
      vertex -9.1736 -0.662623 3
      vertex -9.24345 -0.447641 0
      vertex -9.24345 -0.447641 3
    endloop
  endfacet
  facet normal 0.951059 0.309009 0
    outer loop
      vertex -9.24345 -0.447641 0
      vertex -9.1736 -0.662623 3
      vertex -9.1736 -0.662623 0
    endloop
  endfacet
  facet normal -0.248714 0.968577 0
    outer loop
      vertex -6.94377 -1.7119 0
      vertex -7.16271 -1.76812 3
      vertex -6.94377 -1.7119 3
    endloop
  endfacet
  facet normal -0.248714 0.968577 0
    outer loop
      vertex -7.16271 -1.76812 3
      vertex -6.94377 -1.7119 0
      vertex -7.16271 -1.76812 0
    endloop
  endfacet
  facet normal -0.587806 0.809002 0
    outer loop
      vertex -6.35264 -1.38692 0
      vertex -6.53551 -1.51979 3
      vertex -6.35264 -1.38692 3
    endloop
  endfacet
  facet normal -0.587806 0.809002 0
    outer loop
      vertex -6.53551 -1.51979 3
      vertex -6.35264 -1.38692 0
      vertex -6.53551 -1.51979 0
    endloop
  endfacet
  facet normal -0.481751 0.876308 0
    outer loop
      vertex -6.53551 -1.51979 0
      vertex -6.7336 -1.62869 3
      vertex -6.53551 -1.51979 3
    endloop
  endfacet
  facet normal -0.481751 0.876308 0
    outer loop
      vertex -6.7336 -1.62869 3
      vertex -6.53551 -1.51979 0
      vertex -6.7336 -1.62869 0
    endloop
  endfacet
  facet normal -0.951059 0.309009 0
    outer loop
      vertex -5.8264 -0.662623 0
      vertex -5.75655 -0.447641 3
      vertex -5.75655 -0.447641 0
    endloop
  endfacet
  facet normal -0.951059 0.309009 0
    outer loop
      vertex -5.75655 -0.447641 3
      vertex -5.8264 -0.662623 0
      vertex -5.8264 -0.662623 3
    endloop
  endfacet
  facet normal 0.125325 0.992116 -0
    outer loop
      vertex -7.61302 -1.79645 0
      vertex -7.83729 -1.76812 3
      vertex -7.61302 -1.79645 3
    endloop
  endfacet
  facet normal 0.125325 0.992116 0
    outer loop
      vertex -7.83729 -1.76812 3
      vertex -7.61302 -1.79645 0
      vertex -7.83729 -1.76812 0
    endloop
  endfacet
  facet normal 0.68455 0.728966 -0
    outer loop
      vertex -8.64736 -1.38692 0
      vertex -8.81214 -1.23218 3
      vertex -8.64736 -1.38692 3
    endloop
  endfacet
  facet normal 0.68455 0.728966 0
    outer loop
      vertex -8.81214 -1.23218 3
      vertex -8.64736 -1.38692 0
      vertex -8.81214 -1.23218 0
    endloop
  endfacet
  facet normal 0.982285 0.187395 0
    outer loop
      vertex -9.24345 -0.447641 3
      vertex -9.28581 -0.225599 0
      vertex -9.28581 -0.225599 3
    endloop
  endfacet
  facet normal 0.982285 0.187395 0
    outer loop
      vertex -9.28581 -0.225599 0
      vertex -9.24345 -0.447641 3
      vertex -9.24345 -0.447641 0
    endloop
  endfacet
  facet normal 0.998028 0.0627752 0
    outer loop
      vertex -9.28581 -0.225599 3
      vertex -9.3 0 0
      vertex -9.3 0 3
    endloop
  endfacet
  facet normal 0.998028 0.0627752 0
    outer loop
      vertex -9.3 0 0
      vertex -9.28581 -0.225599 3
      vertex -9.28581 -0.225599 0
    endloop
  endfacet
  facet normal 0.368116 0.92978 -0
    outer loop
      vertex -8.05623 -1.7119 0
      vertex -8.2664 -1.62869 3
      vertex -8.05623 -1.7119 3
    endloop
  endfacet
  facet normal 0.368116 0.92978 0
    outer loop
      vertex -8.2664 -1.62869 3
      vertex -8.05623 -1.7119 0
      vertex -8.2664 -1.62869 0
    endloop
  endfacet
  facet normal 0.481751 0.876308 -0
    outer loop
      vertex -8.2664 -1.62869 0
      vertex -8.46449 -1.51979 3
      vertex -8.2664 -1.62869 3
    endloop
  endfacet
  facet normal 0.481751 0.876308 0
    outer loop
      vertex -8.46449 -1.51979 3
      vertex -8.2664 -1.62869 0
      vertex -8.46449 -1.51979 0
    endloop
  endfacet
  facet normal 0.844327 0.535828 0
    outer loop
      vertex -8.95623 -1.05801 3
      vertex -9.07735 -0.867156 0
      vertex -9.07735 -0.867156 3
    endloop
  endfacet
  facet normal 0.844327 0.535828 0
    outer loop
      vertex -9.07735 -0.867156 0
      vertex -8.95623 -1.05801 3
      vertex -8.95623 -1.05801 0
    endloop
  endfacet
  facet normal 0.770504 0.637435 0
    outer loop
      vertex -8.81214 -1.23218 3
      vertex -8.95623 -1.05801 0
      vertex -8.95623 -1.05801 3
    endloop
  endfacet
  facet normal 0.770504 0.637435 0
    outer loop
      vertex -8.95623 -1.05801 0
      vertex -8.81214 -1.23218 3
      vertex -8.81214 -1.23218 0
    endloop
  endfacet
  facet normal -0.998028 -0.0627752 0
    outer loop
      vertex 9.3 0 0
      vertex 9.28581 0.225599 3
      vertex 9.28581 0.225599 0
    endloop
  endfacet
  facet normal -0.998028 -0.0627752 0
    outer loop
      vertex 9.28581 0.225599 3
      vertex 9.3 0 0
      vertex 9.3 0 3
    endloop
  endfacet
  facet normal 0.998028 -0.0627752 0
    outer loop
      vertex 5.7 0 3
      vertex 5.71419 0.225599 0
      vertex 5.71419 0.225599 3
    endloop
  endfacet
  facet normal 0.998028 -0.0627752 0
    outer loop
      vertex 5.71419 0.225599 0
      vertex 5.7 0 3
      vertex 5.7 0 0
    endloop
  endfacet
  facet normal 0 -1 0
    outer loop
      vertex 7.38698 1.79645 0
      vertex 7.61302 1.79645 3
      vertex 7.38698 1.79645 3
    endloop
  endfacet
  facet normal 0 -1 -0
    outer loop
      vertex 7.61302 1.79645 3
      vertex 7.38698 1.79645 0
      vertex 7.61302 1.79645 0
    endloop
  endfacet
  facet normal 0 1 -0
    outer loop
      vertex 7.61302 -1.79645 0
      vertex 7.38698 -1.79645 3
      vertex 7.61302 -1.79645 3
    endloop
  endfacet
  facet normal 0 1 0
    outer loop
      vertex 7.38698 -1.79645 3
      vertex 7.61302 -1.79645 0
      vertex 7.38698 -1.79645 0
    endloop
  endfacet
  facet normal -0.68455 -0.728966 0
    outer loop
      vertex 8.64736 1.38692 0
      vertex 8.81214 1.23218 3
      vertex 8.64736 1.38692 3
    endloop
  endfacet
  facet normal -0.68455 -0.728966 -0
    outer loop
      vertex 8.81214 1.23218 3
      vertex 8.64736 1.38692 0
      vertex 8.81214 1.23218 0
    endloop
  endfacet
  facet normal 0.68455 -0.728966 0
    outer loop
      vertex 6.18786 1.23218 0
      vertex 6.35264 1.38692 3
      vertex 6.18786 1.23218 3
    endloop
  endfacet
  facet normal 0.68455 -0.728966 0
    outer loop
      vertex 6.35264 1.38692 3
      vertex 6.18786 1.23218 0
      vertex 6.35264 1.38692 0
    endloop
  endfacet
  facet normal 0.368116 -0.92978 0
    outer loop
      vertex 6.7336 1.62869 0
      vertex 6.94377 1.7119 3
      vertex 6.7336 1.62869 3
    endloop
  endfacet
  facet normal 0.368116 -0.92978 0
    outer loop
      vertex 6.94377 1.7119 3
      vertex 6.7336 1.62869 0
      vertex 6.94377 1.7119 0
    endloop
  endfacet
  facet normal -0.844327 0.535828 0
    outer loop
      vertex 8.95623 -1.05801 0
      vertex 9.07735 -0.867156 3
      vertex 9.07735 -0.867156 0
    endloop
  endfacet
  facet normal -0.844327 0.535828 0
    outer loop
      vertex 9.07735 -0.867156 3
      vertex 8.95623 -1.05801 0
      vertex 8.95623 -1.05801 3
    endloop
  endfacet
  facet normal -0.90482 -0.425794 0
    outer loop
      vertex 9.1736 0.662623 0
      vertex 9.07735 0.867156 3
      vertex 9.07735 0.867156 0
    endloop
  endfacet
  facet normal -0.90482 -0.425794 0
    outer loop
      vertex 9.07735 0.867156 3
      vertex 9.1736 0.662623 0
      vertex 9.1736 0.662623 3
    endloop
  endfacet
  facet normal -0.982285 -0.187395 0
    outer loop
      vertex 9.28581 0.225599 0
      vertex 9.24345 0.447641 3
      vertex 9.24345 0.447641 0
    endloop
  endfacet
  facet normal -0.982285 -0.187395 0
    outer loop
      vertex 9.24345 0.447641 3
      vertex 9.28581 0.225599 0
      vertex 9.28581 0.225599 3
    endloop
  endfacet
  facet normal -0.368116 -0.92978 0
    outer loop
      vertex 8.05623 1.7119 0
      vertex 8.2664 1.62869 3
      vertex 8.05623 1.7119 3
    endloop
  endfacet
  facet normal -0.368116 -0.92978 -0
    outer loop
      vertex 8.2664 1.62869 3
      vertex 8.05623 1.7119 0
      vertex 8.2664 1.62869 0
    endloop
  endfacet
  facet normal -0.248714 -0.968577 0
    outer loop
      vertex 7.83729 1.76812 0
      vertex 8.05623 1.7119 3
      vertex 7.83729 1.76812 3
    endloop
  endfacet
  facet normal -0.248714 -0.968577 -0
    outer loop
      vertex 8.05623 1.7119 3
      vertex 7.83729 1.76812 0
      vertex 8.05623 1.7119 0
    endloop
  endfacet
  facet normal -0.587806 -0.809002 0
    outer loop
      vertex 8.46449 1.51979 0
      vertex 8.64736 1.38692 3
      vertex 8.46449 1.51979 3
    endloop
  endfacet
  facet normal -0.587806 -0.809002 -0
    outer loop
      vertex 8.64736 1.38692 3
      vertex 8.46449 1.51979 0
      vertex 8.64736 1.38692 0
    endloop
  endfacet
  facet normal 0.90482 -0.425794 0
    outer loop
      vertex 5.8264 0.662623 3
      vertex 5.92265 0.867156 0
      vertex 5.92265 0.867156 3
    endloop
  endfacet
  facet normal 0.90482 -0.425794 0
    outer loop
      vertex 5.92265 0.867156 0
      vertex 5.8264 0.662623 3
      vertex 5.8264 0.662623 0
    endloop
  endfacet
  facet normal 0.951059 -0.309009 0
    outer loop
      vertex 5.75655 0.447641 3
      vertex 5.8264 0.662623 0
      vertex 5.8264 0.662623 3
    endloop
  endfacet
  facet normal 0.951059 -0.309009 0
    outer loop
      vertex 5.8264 0.662623 0
      vertex 5.75655 0.447641 3
      vertex 5.75655 0.447641 0
    endloop
  endfacet
  facet normal 0.248714 -0.968577 0
    outer loop
      vertex 6.94377 1.7119 0
      vertex 7.16271 1.76812 3
      vertex 6.94377 1.7119 3
    endloop
  endfacet
  facet normal 0.248714 -0.968577 0
    outer loop
      vertex 7.16271 1.76812 3
      vertex 6.94377 1.7119 0
      vertex 7.16271 1.76812 0
    endloop
  endfacet
  facet normal -0.125325 0.992116 0
    outer loop
      vertex 7.83729 -1.76812 0
      vertex 7.61302 -1.79645 3
      vertex 7.83729 -1.76812 3
    endloop
  endfacet
  facet normal -0.125325 0.992116 0
    outer loop
      vertex 7.61302 -1.79645 3
      vertex 7.83729 -1.76812 0
      vertex 7.61302 -1.79645 0
    endloop
  endfacet
  facet normal -0.368116 0.92978 0
    outer loop
      vertex 8.2664 -1.62869 0
      vertex 8.05623 -1.7119 3
      vertex 8.2664 -1.62869 3
    endloop
  endfacet
  facet normal -0.368116 0.92978 0
    outer loop
      vertex 8.05623 -1.7119 3
      vertex 8.2664 -1.62869 0
      vertex 8.05623 -1.7119 0
    endloop
  endfacet
  facet normal -0.951059 -0.309009 0
    outer loop
      vertex 9.24345 0.447641 0
      vertex 9.1736 0.662623 3
      vertex 9.1736 0.662623 0
    endloop
  endfacet
  facet normal -0.951059 -0.309009 0
    outer loop
      vertex 9.1736 0.662623 3
      vertex 9.24345 0.447641 0
      vertex 9.24345 0.447641 3
    endloop
  endfacet
  facet normal -0.770504 -0.637435 0
    outer loop
      vertex 8.95623 1.05801 0
      vertex 8.81214 1.23218 3
      vertex 8.81214 1.23218 0
    endloop
  endfacet
  facet normal -0.770504 -0.637435 0
    outer loop
      vertex 8.81214 1.23218 3
      vertex 8.95623 1.05801 0
      vertex 8.95623 1.05801 3
    endloop
  endfacet
  facet normal -0.844327 -0.535828 0
    outer loop
      vertex 9.07735 0.867156 0
      vertex 8.95623 1.05801 3
      vertex 8.95623 1.05801 0
    endloop
  endfacet
  facet normal -0.844327 -0.535828 0
    outer loop
      vertex 8.95623 1.05801 3
      vertex 9.07735 0.867156 0
      vertex 9.07735 0.867156 3
    endloop
  endfacet
  facet normal -0.125325 -0.992116 0
    outer loop
      vertex 7.61302 1.79645 0
      vertex 7.83729 1.76812 3
      vertex 7.61302 1.79645 3
    endloop
  endfacet
  facet normal -0.125325 -0.992116 -0
    outer loop
      vertex 7.83729 1.76812 3
      vertex 7.61302 1.79645 0
      vertex 7.83729 1.76812 0
    endloop
  endfacet
  facet normal -0.481751 -0.876308 0
    outer loop
      vertex 8.2664 1.62869 0
      vertex 8.46449 1.51979 3
      vertex 8.2664 1.62869 3
    endloop
  endfacet
  facet normal -0.481751 -0.876308 -0
    outer loop
      vertex 8.46449 1.51979 3
      vertex 8.2664 1.62869 0
      vertex 8.46449 1.51979 0
    endloop
  endfacet
  facet normal 0.844327 -0.535828 0
    outer loop
      vertex 5.92265 0.867156 3
      vertex 6.04377 1.05801 0
      vertex 6.04377 1.05801 3
    endloop
  endfacet
  facet normal 0.844327 -0.535828 0
    outer loop
      vertex 6.04377 1.05801 0
      vertex 5.92265 0.867156 3
      vertex 5.92265 0.867156 0
    endloop
  endfacet
  facet normal 0.770504 -0.637435 0
    outer loop
      vertex 6.04377 1.05801 3
      vertex 6.18786 1.23218 0
      vertex 6.18786 1.23218 3
    endloop
  endfacet
  facet normal 0.770504 -0.637435 0
    outer loop
      vertex 6.18786 1.23218 0
      vertex 6.04377 1.05801 3
      vertex 6.04377 1.05801 0
    endloop
  endfacet
  facet normal 0.982285 -0.187395 0
    outer loop
      vertex 5.71419 0.225599 3
      vertex 5.75655 0.447641 0
      vertex 5.75655 0.447641 3
    endloop
  endfacet
  facet normal 0.982285 -0.187395 0
    outer loop
      vertex 5.75655 0.447641 0
      vertex 5.71419 0.225599 3
      vertex 5.71419 0.225599 0
    endloop
  endfacet
  facet normal 0.481751 -0.876308 0
    outer loop
      vertex 6.53551 1.51979 0
      vertex 6.7336 1.62869 3
      vertex 6.53551 1.51979 3
    endloop
  endfacet
  facet normal 0.481751 -0.876308 0
    outer loop
      vertex 6.7336 1.62869 3
      vertex 6.53551 1.51979 0
      vertex 6.7336 1.62869 0
    endloop
  endfacet
  facet normal 0.587806 -0.809002 0
    outer loop
      vertex 6.35264 1.38692 0
      vertex 6.53551 1.51979 3
      vertex 6.35264 1.38692 3
    endloop
  endfacet
  facet normal 0.587806 -0.809002 0
    outer loop
      vertex 6.53551 1.51979 3
      vertex 6.35264 1.38692 0
      vertex 6.53551 1.51979 0
    endloop
  endfacet
  facet normal 0.125325 -0.992116 0
    outer loop
      vertex 7.16271 1.76812 0
      vertex 7.38698 1.79645 3
      vertex 7.16271 1.76812 3
    endloop
  endfacet
  facet normal 0.125325 -0.992116 0
    outer loop
      vertex 7.38698 1.79645 3
      vertex 7.16271 1.76812 0
      vertex 7.38698 1.79645 0
    endloop
  endfacet
  facet normal -0.998028 0.0627752 0
    outer loop
      vertex 9.28581 -0.225599 0
      vertex 9.3 0 3
      vertex 9.3 0 0
    endloop
  endfacet
  facet normal -0.998028 0.0627752 0
    outer loop
      vertex 9.3 0 3
      vertex 9.28581 -0.225599 0
      vertex 9.28581 -0.225599 3
    endloop
  endfacet
  facet normal -0.68455 0.728966 0
    outer loop
      vertex 8.81214 -1.23218 0
      vertex 8.64736 -1.38692 3
      vertex 8.81214 -1.23218 3
    endloop
  endfacet
  facet normal -0.68455 0.728966 0
    outer loop
      vertex 8.64736 -1.38692 3
      vertex 8.81214 -1.23218 0
      vertex 8.64736 -1.38692 0
    endloop
  endfacet
  facet normal -0.982285 0.187395 0
    outer loop
      vertex 9.24345 -0.447641 0
      vertex 9.28581 -0.225599 3
      vertex 9.28581 -0.225599 0
    endloop
  endfacet
  facet normal -0.982285 0.187395 0
    outer loop
      vertex 9.28581 -0.225599 3
      vertex 9.24345 -0.447641 0
      vertex 9.24345 -0.447641 3
    endloop
  endfacet
  facet normal 0.90482 0.425794 0
    outer loop
      vertex 5.92265 -0.867156 3
      vertex 5.8264 -0.662623 0
      vertex 5.8264 -0.662623 3
    endloop
  endfacet
  facet normal 0.90482 0.425794 0
    outer loop
      vertex 5.8264 -0.662623 0
      vertex 5.92265 -0.867156 3
      vertex 5.92265 -0.867156 0
    endloop
  endfacet
  facet normal -0.90482 0.425794 0
    outer loop
      vertex 9.07735 -0.867156 0
      vertex 9.1736 -0.662623 3
      vertex 9.1736 -0.662623 0
    endloop
  endfacet
  facet normal -0.90482 0.425794 0
    outer loop
      vertex 9.1736 -0.662623 3
      vertex 9.07735 -0.867156 0
      vertex 9.07735 -0.867156 3
    endloop
  endfacet
  facet normal -0.770504 0.637435 0
    outer loop
      vertex 8.81214 -1.23218 0
      vertex 8.95623 -1.05801 3
      vertex 8.95623 -1.05801 0
    endloop
  endfacet
  facet normal -0.770504 0.637435 0
    outer loop
      vertex 8.95623 -1.05801 3
      vertex 8.81214 -1.23218 0
      vertex 8.81214 -1.23218 3
    endloop
  endfacet
  facet normal 0.587806 0.809002 -0
    outer loop
      vertex 6.53551 -1.51979 0
      vertex 6.35264 -1.38692 3
      vertex 6.53551 -1.51979 3
    endloop
  endfacet
  facet normal 0.587806 0.809002 0
    outer loop
      vertex 6.35264 -1.38692 3
      vertex 6.53551 -1.51979 0
      vertex 6.35264 -1.38692 0
    endloop
  endfacet
  facet normal 0.248714 0.968577 -0
    outer loop
      vertex 7.16271 -1.76812 0
      vertex 6.94377 -1.7119 3
      vertex 7.16271 -1.76812 3
    endloop
  endfacet
  facet normal 0.248714 0.968577 0
    outer loop
      vertex 6.94377 -1.7119 3
      vertex 7.16271 -1.76812 0
      vertex 6.94377 -1.7119 0
    endloop
  endfacet
  facet normal 0.951059 0.309009 0
    outer loop
      vertex 5.8264 -0.662623 3
      vertex 5.75655 -0.447641 0
      vertex 5.75655 -0.447641 3
    endloop
  endfacet
  facet normal 0.951059 0.309009 0
    outer loop
      vertex 5.75655 -0.447641 0
      vertex 5.8264 -0.662623 3
      vertex 5.8264 -0.662623 0
    endloop
  endfacet
  facet normal -0.248714 0.968577 0
    outer loop
      vertex 8.05623 -1.7119 0
      vertex 7.83729 -1.76812 3
      vertex 8.05623 -1.7119 3
    endloop
  endfacet
  facet normal -0.248714 0.968577 0
    outer loop
      vertex 7.83729 -1.76812 3
      vertex 8.05623 -1.7119 0
      vertex 7.83729 -1.76812 0
    endloop
  endfacet
  facet normal -0.587806 0.809002 0
    outer loop
      vertex 8.64736 -1.38692 0
      vertex 8.46449 -1.51979 3
      vertex 8.64736 -1.38692 3
    endloop
  endfacet
  facet normal -0.587806 0.809002 0
    outer loop
      vertex 8.46449 -1.51979 3
      vertex 8.64736 -1.38692 0
      vertex 8.46449 -1.51979 0
    endloop
  endfacet
  facet normal -0.481751 0.876308 0
    outer loop
      vertex 8.46449 -1.51979 0
      vertex 8.2664 -1.62869 3
      vertex 8.46449 -1.51979 3
    endloop
  endfacet
  facet normal -0.481751 0.876308 0
    outer loop
      vertex 8.2664 -1.62869 3
      vertex 8.46449 -1.51979 0
      vertex 8.2664 -1.62869 0
    endloop
  endfacet
  facet normal -0.951059 0.309009 0
    outer loop
      vertex 9.1736 -0.662623 0
      vertex 9.24345 -0.447641 3
      vertex 9.24345 -0.447641 0
    endloop
  endfacet
  facet normal -0.951059 0.309009 0
    outer loop
      vertex 9.24345 -0.447641 3
      vertex 9.1736 -0.662623 0
      vertex 9.1736 -0.662623 3
    endloop
  endfacet
  facet normal 0.125325 0.992116 -0
    outer loop
      vertex 7.38698 -1.79645 0
      vertex 7.16271 -1.76812 3
      vertex 7.38698 -1.79645 3
    endloop
  endfacet
  facet normal 0.125325 0.992116 0
    outer loop
      vertex 7.16271 -1.76812 3
      vertex 7.38698 -1.79645 0
      vertex 7.16271 -1.76812 0
    endloop
  endfacet
  facet normal 0.68455 0.728966 -0
    outer loop
      vertex 6.35264 -1.38692 0
      vertex 6.18786 -1.23218 3
      vertex 6.35264 -1.38692 3
    endloop
  endfacet
  facet normal 0.68455 0.728966 0
    outer loop
      vertex 6.18786 -1.23218 3
      vertex 6.35264 -1.38692 0
      vertex 6.18786 -1.23218 0
    endloop
  endfacet
  facet normal 0.982285 0.187395 0
    outer loop
      vertex 5.75655 -0.447641 3
      vertex 5.71419 -0.225599 0
      vertex 5.71419 -0.225599 3
    endloop
  endfacet
  facet normal 0.982285 0.187395 0
    outer loop
      vertex 5.71419 -0.225599 0
      vertex 5.75655 -0.447641 3
      vertex 5.75655 -0.447641 0
    endloop
  endfacet
  facet normal 0.998028 0.0627752 0
    outer loop
      vertex 5.71419 -0.225599 3
      vertex 5.7 0 0
      vertex 5.7 0 3
    endloop
  endfacet
  facet normal 0.998028 0.0627752 0
    outer loop
      vertex 5.7 0 0
      vertex 5.71419 -0.225599 3
      vertex 5.71419 -0.225599 0
    endloop
  endfacet
  facet normal 0.368116 0.92978 -0
    outer loop
      vertex 6.94377 -1.7119 0
      vertex 6.7336 -1.62869 3
      vertex 6.94377 -1.7119 3
    endloop
  endfacet
  facet normal 0.368116 0.92978 0
    outer loop
      vertex 6.7336 -1.62869 3
      vertex 6.94377 -1.7119 0
      vertex 6.7336 -1.62869 0
    endloop
  endfacet
  facet normal 0.481751 0.876308 -0
    outer loop
      vertex 6.7336 -1.62869 0
      vertex 6.53551 -1.51979 3
      vertex 6.7336 -1.62869 3
    endloop
  endfacet
  facet normal 0.481751 0.876308 0
    outer loop
      vertex 6.53551 -1.51979 3
      vertex 6.7336 -1.62869 0
      vertex 6.53551 -1.51979 0
    endloop
  endfacet
  facet normal 0.844327 0.535828 0
    outer loop
      vertex 6.04377 -1.05801 3
      vertex 5.92265 -0.867156 0
      vertex 5.92265 -0.867156 3
    endloop
  endfacet
  facet normal 0.844327 0.535828 0
    outer loop
      vertex 5.92265 -0.867156 0
      vertex 6.04377 -1.05801 3
      vertex 6.04377 -1.05801 0
    endloop
  endfacet
  facet normal 0.770504 0.637435 0
    outer loop
      vertex 6.18786 -1.23218 3
      vertex 6.04377 -1.05801 0
      vertex 6.04377 -1.05801 3
    endloop
  endfacet
  facet normal 0.770504 0.637435 0
    outer loop
      vertex 6.04377 -1.05801 0
      vertex 6.18786 -1.23218 3
      vertex 6.18786 -1.23218 0
    endloop
  endfacet
  facet normal -0.998025 -0.0628192 0
    outer loop
      vertex 24.3 0 0
      vertex 24.2858 0.225599 3
      vertex 24.2858 0.225599 0
    endloop
  endfacet
  facet normal -0.998025 -0.0628192 0
    outer loop
      vertex 24.2858 0.225599 3
      vertex 24.3 0 0
      vertex 24.3 0 3
    endloop
  endfacet
  facet normal 0.998025 -0.0628192 0
    outer loop
      vertex 20.7 0 3
      vertex 20.7142 0.225599 0
      vertex 20.7142 0.225599 3
    endloop
  endfacet
  facet normal 0.998025 -0.0628192 0
    outer loop
      vertex 20.7142 0.225599 0
      vertex 20.7 0 3
      vertex 20.7 0 0
    endloop
  endfacet
  facet normal 0 -1 0
    outer loop
      vertex 22.387 1.79645 0
      vertex 22.613 1.79645 3
      vertex 22.387 1.79645 3
    endloop
  endfacet
  facet normal 0 -1 -0
    outer loop
      vertex 22.613 1.79645 3
      vertex 22.387 1.79645 0
      vertex 22.613 1.79645 0
    endloop
  endfacet
  facet normal 0 1 -0
    outer loop
      vertex 22.613 -1.79645 0
      vertex 22.387 -1.79645 3
      vertex 22.613 -1.79645 3
    endloop
  endfacet
  facet normal 0 1 0
    outer loop
      vertex 22.387 -1.79645 3
      vertex 22.613 -1.79645 0
      vertex 22.387 -1.79645 0
    endloop
  endfacet
  facet normal -0.684727 -0.7288 0
    outer loop
      vertex 23.6474 1.38692 0
      vertex 23.8121 1.23218 3
      vertex 23.6474 1.38692 3
    endloop
  endfacet
  facet normal -0.684727 -0.7288 -0
    outer loop
      vertex 23.8121 1.23218 3
      vertex 23.6474 1.38692 0
      vertex 23.8121 1.23218 0
    endloop
  endfacet
  facet normal 0.684727 -0.7288 0
    outer loop
      vertex 21.1879 1.23218 0
      vertex 21.3526 1.38692 3
      vertex 21.1879 1.23218 3
    endloop
  endfacet
  facet normal 0.684727 -0.7288 0
    outer loop
      vertex 21.3526 1.38692 3
      vertex 21.1879 1.23218 0
      vertex 21.3526 1.38692 0
    endloop
  endfacet
  facet normal 0.368071 -0.929798 0
    outer loop
      vertex 21.7336 1.62869 0
      vertex 21.9438 1.7119 3
      vertex 21.7336 1.62869 3
    endloop
  endfacet
  facet normal 0.368071 -0.929798 0
    outer loop
      vertex 21.9438 1.7119 3
      vertex 21.7336 1.62869 0
      vertex 21.9438 1.7119 0
    endloop
  endfacet
  facet normal -0.904905 -0.425613 0
    outer loop
      vertex 24.1736 0.662623 0
      vertex 24.0774 0.867156 3
      vertex 24.0774 0.867156 0
    endloop
  endfacet
  facet normal -0.904905 -0.425613 0
    outer loop
      vertex 24.0774 0.867156 3
      vertex 24.1736 0.662623 0
      vertex 24.1736 0.662623 3
    endloop
  endfacet
  facet normal -0.982333 -0.187139 0
    outer loop
      vertex 24.2858 0.225599 0
      vertex 24.2435 0.447641 3
      vertex 24.2435 0.447641 0
    endloop
  endfacet
  facet normal -0.982333 -0.187139 0
    outer loop
      vertex 24.2435 0.447641 3
      vertex 24.2858 0.225599 0
      vertex 24.2858 0.225599 3
    endloop
  endfacet
  facet normal -0.368071 -0.929798 0
    outer loop
      vertex 23.0562 1.7119 0
      vertex 23.2664 1.62869 3
      vertex 23.0562 1.7119 3
    endloop
  endfacet
  facet normal -0.368071 -0.929798 -0
    outer loop
      vertex 23.2664 1.62869 3
      vertex 23.0562 1.7119 0
      vertex 23.2664 1.62869 0
    endloop
  endfacet
  facet normal -0.248756 -0.968566 0
    outer loop
      vertex 22.8373 1.76812 0
      vertex 23.0562 1.7119 3
      vertex 22.8373 1.76812 3
    endloop
  endfacet
  facet normal -0.248756 -0.968566 -0
    outer loop
      vertex 23.0562 1.7119 3
      vertex 22.8373 1.76812 0
      vertex 23.0562 1.7119 0
    endloop
  endfacet
  facet normal -0.587743 -0.809048 0
    outer loop
      vertex 23.4645 1.51979 0
      vertex 23.6474 1.38692 3
      vertex 23.4645 1.51979 3
    endloop
  endfacet
  facet normal -0.587743 -0.809048 -0
    outer loop
      vertex 23.6474 1.38692 3
      vertex 23.4645 1.51979 0
      vertex 23.6474 1.38692 0
    endloop
  endfacet
  facet normal 0.904905 -0.425613 0
    outer loop
      vertex 20.8264 0.662623 3
      vertex 20.9226 0.867156 0
      vertex 20.9226 0.867156 3
    endloop
  endfacet
  facet normal 0.904905 -0.425613 0
    outer loop
      vertex 20.9226 0.867156 0
      vertex 20.8264 0.662623 3
      vertex 20.8264 0.662623 0
    endloop
  endfacet
  facet normal 0.844167 -0.53608 0
    outer loop
      vertex 20.9226 0.867156 3
      vertex 21.0438 1.05801 0
      vertex 21.0438 1.05801 3
    endloop
  endfacet
  facet normal 0.844167 -0.53608 0
    outer loop
      vertex 21.0438 1.05801 0
      vertex 20.9226 0.867156 3
      vertex 20.9226 0.867156 0
    endloop
  endfacet
  facet normal 0.950994 -0.30921 0
    outer loop
      vertex 20.7565 0.447641 3
      vertex 20.8264 0.662623 0
      vertex 20.8264 0.662623 3
    endloop
  endfacet
  facet normal 0.950994 -0.30921 0
    outer loop
      vertex 20.8264 0.662623 0
      vertex 20.7565 0.447641 3
      vertex 20.7565 0.447641 0
    endloop
  endfacet
  facet normal 0.587743 -0.809048 0
    outer loop
      vertex 21.3526 1.38692 0
      vertex 21.5355 1.51979 3
      vertex 21.3526 1.38692 3
    endloop
  endfacet
  facet normal 0.587743 -0.809048 0
    outer loop
      vertex 21.5355 1.51979 3
      vertex 21.3526 1.38692 0
      vertex 21.5355 1.51979 0
    endloop
  endfacet
  facet normal 0.248756 -0.968566 0
    outer loop
      vertex 21.9438 1.7119 0
      vertex 22.1627 1.76812 3
      vertex 21.9438 1.7119 3
    endloop
  endfacet
  facet normal 0.248756 -0.968566 0
    outer loop
      vertex 22.1627 1.76812 3
      vertex 21.9438 1.7119 0
      vertex 22.1627 1.76812 0
    endloop
  endfacet
  facet normal -0.125309 0.992118 0
    outer loop
      vertex 22.8373 -1.76812 0
      vertex 22.613 -1.79645 3
      vertex 22.8373 -1.76812 3
    endloop
  endfacet
  facet normal -0.125309 0.992118 0
    outer loop
      vertex 22.613 -1.79645 3
      vertex 22.8373 -1.76812 0
      vertex 22.613 -1.79645 0
    endloop
  endfacet
  facet normal -0.950994 -0.30921 0
    outer loop
      vertex 24.2435 0.447641 0
      vertex 24.1736 0.662623 3
      vertex 24.1736 0.662623 0
    endloop
  endfacet
  facet normal -0.950994 -0.30921 0
    outer loop
      vertex 24.1736 0.662623 3
      vertex 24.2435 0.447641 0
      vertex 24.2435 0.447641 3
    endloop
  endfacet
  facet normal -0.770483 -0.637461 0
    outer loop
      vertex 23.9562 1.05801 0
      vertex 23.8121 1.23218 3
      vertex 23.8121 1.23218 0
    endloop
  endfacet
  facet normal -0.770483 -0.637461 0
    outer loop
      vertex 23.8121 1.23218 3
      vertex 23.9562 1.05801 0
      vertex 23.9562 1.05801 3
    endloop
  endfacet
  facet normal -0.844167 -0.53608 0
    outer loop
      vertex 24.0774 0.867156 0
      vertex 23.9562 1.05801 3
      vertex 23.9562 1.05801 0
    endloop
  endfacet
  facet normal -0.844167 -0.53608 0
    outer loop
      vertex 23.9562 1.05801 3
      vertex 24.0774 0.867156 0
      vertex 24.0774 0.867156 3
    endloop
  endfacet
  facet normal -0.125309 -0.992118 0
    outer loop
      vertex 22.613 1.79645 0
      vertex 22.8373 1.76812 3
      vertex 22.613 1.79645 3
    endloop
  endfacet
  facet normal -0.125309 -0.992118 -0
    outer loop
      vertex 22.8373 1.76812 3
      vertex 22.613 1.79645 0
      vertex 22.8373 1.76812 0
    endloop
  endfacet
  facet normal 0.770483 -0.637461 0
    outer loop
      vertex 21.0438 1.05801 3
      vertex 21.1879 1.23218 0
      vertex 21.1879 1.23218 3
    endloop
  endfacet
  facet normal 0.770483 -0.637461 0
    outer loop
      vertex 21.1879 1.23218 0
      vertex 21.0438 1.05801 3
      vertex 21.0438 1.05801 0
    endloop
  endfacet
  facet normal 0.982333 -0.187139 0
    outer loop
      vertex 20.7142 0.225599 3
      vertex 20.7565 0.447641 0
      vertex 20.7565 0.447641 3
    endloop
  endfacet
  facet normal 0.982333 -0.187139 0
    outer loop
      vertex 20.7565 0.447641 0
      vertex 20.7142 0.225599 3
      vertex 20.7142 0.225599 0
    endloop
  endfacet
  facet normal 0.481732 -0.876319 0
    outer loop
      vertex 21.5355 1.51979 0
      vertex 21.7336 1.62869 3
      vertex 21.5355 1.51979 3
    endloop
  endfacet
  facet normal 0.481732 -0.876319 0
    outer loop
      vertex 21.7336 1.62869 3
      vertex 21.5355 1.51979 0
      vertex 21.7336 1.62869 0
    endloop
  endfacet
  facet normal 0.125309 -0.992118 0
    outer loop
      vertex 22.1627 1.76812 0
      vertex 22.387 1.79645 3
      vertex 22.1627 1.76812 3
    endloop
  endfacet
  facet normal 0.125309 -0.992118 0
    outer loop
      vertex 22.387 1.79645 3
      vertex 22.1627 1.76812 0
      vertex 22.387 1.79645 0
    endloop
  endfacet
  facet normal -0.684727 0.7288 0
    outer loop
      vertex 23.8121 -1.23218 0
      vertex 23.6474 -1.38692 3
      vertex 23.8121 -1.23218 3
    endloop
  endfacet
  facet normal -0.684727 0.7288 0
    outer loop
      vertex 23.6474 -1.38692 3
      vertex 23.8121 -1.23218 0
      vertex 23.6474 -1.38692 0
    endloop
  endfacet
  facet normal -0.982333 0.187139 0
    outer loop
      vertex 24.2435 -0.447641 0
      vertex 24.2858 -0.225599 3
      vertex 24.2858 -0.225599 0
    endloop
  endfacet
  facet normal -0.982333 0.187139 0
    outer loop
      vertex 24.2858 -0.225599 3
      vertex 24.2435 -0.447641 0
      vertex 24.2435 -0.447641 3
    endloop
  endfacet
  facet normal -0.368071 0.929798 0
    outer loop
      vertex 23.2664 -1.62869 0
      vertex 23.0562 -1.7119 3
      vertex 23.2664 -1.62869 3
    endloop
  endfacet
  facet normal -0.368071 0.929798 0
    outer loop
      vertex 23.0562 -1.7119 3
      vertex 23.2664 -1.62869 0
      vertex 23.0562 -1.7119 0
    endloop
  endfacet
  facet normal -0.481732 -0.876319 0
    outer loop
      vertex 23.2664 1.62869 0
      vertex 23.4645 1.51979 3
      vertex 23.2664 1.62869 3
    endloop
  endfacet
  facet normal -0.481732 -0.876319 -0
    outer loop
      vertex 23.4645 1.51979 3
      vertex 23.2664 1.62869 0
      vertex 23.4645 1.51979 0
    endloop
  endfacet
  facet normal -0.481732 0.876319 0
    outer loop
      vertex 23.4645 -1.51979 0
      vertex 23.2664 -1.62869 3
      vertex 23.4645 -1.51979 3
    endloop
  endfacet
  facet normal -0.481732 0.876319 0
    outer loop
      vertex 23.2664 -1.62869 3
      vertex 23.4645 -1.51979 0
      vertex 23.2664 -1.62869 0
    endloop
  endfacet
  facet normal -0.904905 0.425613 0
    outer loop
      vertex 24.0774 -0.867156 0
      vertex 24.1736 -0.662623 3
      vertex 24.1736 -0.662623 0
    endloop
  endfacet
  facet normal -0.904905 0.425613 0
    outer loop
      vertex 24.1736 -0.662623 3
      vertex 24.0774 -0.867156 0
      vertex 24.0774 -0.867156 3
    endloop
  endfacet
  facet normal -0.770483 0.637461 0
    outer loop
      vertex 23.8121 -1.23218 0
      vertex 23.9562 -1.05801 3
      vertex 23.9562 -1.05801 0
    endloop
  endfacet
  facet normal -0.770483 0.637461 0
    outer loop
      vertex 23.9562 -1.05801 3
      vertex 23.8121 -1.23218 0
      vertex 23.8121 -1.23218 3
    endloop
  endfacet
  facet normal -0.998025 0.0628192 0
    outer loop
      vertex 24.2858 -0.225599 0
      vertex 24.3 0 3
      vertex 24.3 0 0
    endloop
  endfacet
  facet normal -0.998025 0.0628192 0
    outer loop
      vertex 24.3 0 3
      vertex 24.2858 -0.225599 0
      vertex 24.2858 -0.225599 3
    endloop
  endfacet
  facet normal 0.587743 0.809048 -0
    outer loop
      vertex 21.5355 -1.51979 0
      vertex 21.3526 -1.38692 3
      vertex 21.5355 -1.51979 3
    endloop
  endfacet
  facet normal 0.587743 0.809048 0
    outer loop
      vertex 21.3526 -1.38692 3
      vertex 21.5355 -1.51979 0
      vertex 21.3526 -1.38692 0
    endloop
  endfacet
  facet normal 0.248756 0.968566 -0
    outer loop
      vertex 22.1627 -1.76812 0
      vertex 21.9438 -1.7119 3
      vertex 22.1627 -1.76812 3
    endloop
  endfacet
  facet normal 0.248756 0.968566 0
    outer loop
      vertex 21.9438 -1.7119 3
      vertex 22.1627 -1.76812 0
      vertex 21.9438 -1.7119 0
    endloop
  endfacet
  facet normal 0.950994 0.30921 0
    outer loop
      vertex 20.8264 -0.662623 3
      vertex 20.7565 -0.447641 0
      vertex 20.7565 -0.447641 3
    endloop
  endfacet
  facet normal 0.950994 0.30921 0
    outer loop
      vertex 20.7565 -0.447641 0
      vertex 20.8264 -0.662623 3
      vertex 20.8264 -0.662623 0
    endloop
  endfacet
  facet normal -0.248756 0.968566 0
    outer loop
      vertex 23.0562 -1.7119 0
      vertex 22.8373 -1.76812 3
      vertex 23.0562 -1.7119 3
    endloop
  endfacet
  facet normal -0.248756 0.968566 0
    outer loop
      vertex 22.8373 -1.76812 3
      vertex 23.0562 -1.7119 0
      vertex 22.8373 -1.76812 0
    endloop
  endfacet
  facet normal -0.587743 0.809048 0
    outer loop
      vertex 23.6474 -1.38692 0
      vertex 23.4645 -1.51979 3
      vertex 23.6474 -1.38692 3
    endloop
  endfacet
  facet normal -0.587743 0.809048 0
    outer loop
      vertex 23.4645 -1.51979 3
      vertex 23.6474 -1.38692 0
      vertex 23.4645 -1.51979 0
    endloop
  endfacet
  facet normal -0.950994 0.30921 0
    outer loop
      vertex 24.1736 -0.662623 0
      vertex 24.2435 -0.447641 3
      vertex 24.2435 -0.447641 0
    endloop
  endfacet
  facet normal -0.950994 0.30921 0
    outer loop
      vertex 24.2435 -0.447641 3
      vertex 24.1736 -0.662623 0
      vertex 24.1736 -0.662623 3
    endloop
  endfacet
  facet normal -0.844167 0.53608 0
    outer loop
      vertex 23.9562 -1.05801 0
      vertex 24.0774 -0.867156 3
      vertex 24.0774 -0.867156 0
    endloop
  endfacet
  facet normal -0.844167 0.53608 0
    outer loop
      vertex 24.0774 -0.867156 3
      vertex 23.9562 -1.05801 0
      vertex 23.9562 -1.05801 3
    endloop
  endfacet
  facet normal 0.125309 0.992118 -0
    outer loop
      vertex 22.387 -1.79645 0
      vertex 22.1627 -1.76812 3
      vertex 22.387 -1.79645 3
    endloop
  endfacet
  facet normal 0.125309 0.992118 0
    outer loop
      vertex 22.1627 -1.76812 3
      vertex 22.387 -1.79645 0
      vertex 22.1627 -1.76812 0
    endloop
  endfacet
  facet normal 0.684727 0.7288 -0
    outer loop
      vertex 21.3526 -1.38692 0
      vertex 21.1879 -1.23218 3
      vertex 21.3526 -1.38692 3
    endloop
  endfacet
  facet normal 0.684727 0.7288 0
    outer loop
      vertex 21.1879 -1.23218 3
      vertex 21.3526 -1.38692 0
      vertex 21.1879 -1.23218 0
    endloop
  endfacet
  facet normal 0.904905 0.425613 0
    outer loop
      vertex 20.9226 -0.867156 3
      vertex 20.8264 -0.662623 0
      vertex 20.8264 -0.662623 3
    endloop
  endfacet
  facet normal 0.904905 0.425613 0
    outer loop
      vertex 20.8264 -0.662623 0
      vertex 20.9226 -0.867156 3
      vertex 20.9226 -0.867156 0
    endloop
  endfacet
  facet normal 0.982333 0.187139 0
    outer loop
      vertex 20.7565 -0.447641 3
      vertex 20.7142 -0.225599 0
      vertex 20.7142 -0.225599 3
    endloop
  endfacet
  facet normal 0.982333 0.187139 0
    outer loop
      vertex 20.7142 -0.225599 0
      vertex 20.7565 -0.447641 3
      vertex 20.7565 -0.447641 0
    endloop
  endfacet
  facet normal 0.998025 0.0628192 0
    outer loop
      vertex 20.7142 -0.225599 3
      vertex 20.7 0 0
      vertex 20.7 0 3
    endloop
  endfacet
  facet normal 0.998025 0.0628192 0
    outer loop
      vertex 20.7 0 0
      vertex 20.7142 -0.225599 3
      vertex 20.7142 -0.225599 0
    endloop
  endfacet
  facet normal 0.368071 0.929798 -0
    outer loop
      vertex 21.9438 -1.7119 0
      vertex 21.7336 -1.62869 3
      vertex 21.9438 -1.7119 3
    endloop
  endfacet
  facet normal 0.368071 0.929798 0
    outer loop
      vertex 21.7336 -1.62869 3
      vertex 21.9438 -1.7119 0
      vertex 21.7336 -1.62869 0
    endloop
  endfacet
  facet normal 0.481732 0.876319 -0
    outer loop
      vertex 21.7336 -1.62869 0
      vertex 21.5355 -1.51979 3
      vertex 21.7336 -1.62869 3
    endloop
  endfacet
  facet normal 0.481732 0.876319 0
    outer loop
      vertex 21.5355 -1.51979 3
      vertex 21.7336 -1.62869 0
      vertex 21.5355 -1.51979 0
    endloop
  endfacet
  facet normal 0.844167 0.53608 0
    outer loop
      vertex 21.0438 -1.05801 3
      vertex 20.9226 -0.867156 0
      vertex 20.9226 -0.867156 3
    endloop
  endfacet
  facet normal 0.844167 0.53608 0
    outer loop
      vertex 20.9226 -0.867156 0
      vertex 21.0438 -1.05801 3
      vertex 21.0438 -1.05801 0
    endloop
  endfacet
  facet normal 0.770483 0.637461 0
    outer loop
      vertex 21.1879 -1.23218 3
      vertex 21.0438 -1.05801 0
      vertex 21.0438 -1.05801 3
    endloop
  endfacet
  facet normal 0.770483 0.637461 0
    outer loop
      vertex 21.0438 -1.05801 0
      vertex 21.1879 -1.23218 3
      vertex 21.1879 -1.23218 0
    endloop
  endfacet
  facet normal -0.998025 -0.0628192 0
    outer loop
      vertex 39.3 0 0
      vertex 39.2858 0.225599 3
      vertex 39.2858 0.225599 0
    endloop
  endfacet
  facet normal -0.998025 -0.0628192 0
    outer loop
      vertex 39.2858 0.225599 3
      vertex 39.3 0 0
      vertex 39.3 0 3
    endloop
  endfacet
  facet normal 0.998025 -0.0628192 0
    outer loop
      vertex 35.7 0 3
      vertex 35.7142 0.225599 0
      vertex 35.7142 0.225599 3
    endloop
  endfacet
  facet normal 0.998025 -0.0628192 0
    outer loop
      vertex 35.7142 0.225599 0
      vertex 35.7 0 3
      vertex 35.7 0 0
    endloop
  endfacet
  facet normal 0 -1 0
    outer loop
      vertex 37.387 1.79645 0
      vertex 37.613 1.79645 3
      vertex 37.387 1.79645 3
    endloop
  endfacet
  facet normal 0 -1 -0
    outer loop
      vertex 37.613 1.79645 3
      vertex 37.387 1.79645 0
      vertex 37.613 1.79645 0
    endloop
  endfacet
  facet normal 0 1 -0
    outer loop
      vertex 37.613 -1.79645 0
      vertex 37.387 -1.79645 3
      vertex 37.613 -1.79645 3
    endloop
  endfacet
  facet normal 0 1 0
    outer loop
      vertex 37.387 -1.79645 3
      vertex 37.613 -1.79645 0
      vertex 37.387 -1.79645 0
    endloop
  endfacet
  facet normal -0.684727 -0.7288 0
    outer loop
      vertex 38.6474 1.38692 0
      vertex 38.8121 1.23218 3
      vertex 38.6474 1.38692 3
    endloop
  endfacet
  facet normal -0.684727 -0.7288 -0
    outer loop
      vertex 38.8121 1.23218 3
      vertex 38.6474 1.38692 0
      vertex 38.8121 1.23218 0
    endloop
  endfacet
  facet normal 0.684727 -0.7288 0
    outer loop
      vertex 36.1879 1.23218 0
      vertex 36.3526 1.38692 3
      vertex 36.1879 1.23218 3
    endloop
  endfacet
  facet normal 0.684727 -0.7288 0
    outer loop
      vertex 36.3526 1.38692 3
      vertex 36.1879 1.23218 0
      vertex 36.3526 1.38692 0
    endloop
  endfacet
  facet normal 0.368071 -0.929798 0
    outer loop
      vertex 36.7336 1.62869 0
      vertex 36.9438 1.7119 3
      vertex 36.7336 1.62869 3
    endloop
  endfacet
  facet normal 0.368071 -0.929798 0
    outer loop
      vertex 36.9438 1.7119 3
      vertex 36.7336 1.62869 0
      vertex 36.9438 1.7119 0
    endloop
  endfacet
  facet normal -0.904905 -0.425613 0
    outer loop
      vertex 39.1736 0.662623 0
      vertex 39.0774 0.867156 3
      vertex 39.0774 0.867156 0
    endloop
  endfacet
  facet normal -0.904905 -0.425613 0
    outer loop
      vertex 39.0774 0.867156 3
      vertex 39.1736 0.662623 0
      vertex 39.1736 0.662623 3
    endloop
  endfacet
  facet normal -0.982333 -0.187139 0
    outer loop
      vertex 39.2858 0.225599 0
      vertex 39.2435 0.447641 3
      vertex 39.2435 0.447641 0
    endloop
  endfacet
  facet normal -0.982333 -0.187139 0
    outer loop
      vertex 39.2435 0.447641 3
      vertex 39.2858 0.225599 0
      vertex 39.2858 0.225599 3
    endloop
  endfacet
  facet normal -0.368071 -0.929798 0
    outer loop
      vertex 38.0562 1.7119 0
      vertex 38.2664 1.62869 3
      vertex 38.0562 1.7119 3
    endloop
  endfacet
  facet normal -0.368071 -0.929798 -0
    outer loop
      vertex 38.2664 1.62869 3
      vertex 38.0562 1.7119 0
      vertex 38.2664 1.62869 0
    endloop
  endfacet
  facet normal -0.248756 -0.968566 0
    outer loop
      vertex 37.8373 1.76812 0
      vertex 38.0562 1.7119 3
      vertex 37.8373 1.76812 3
    endloop
  endfacet
  facet normal -0.248756 -0.968566 -0
    outer loop
      vertex 38.0562 1.7119 3
      vertex 37.8373 1.76812 0
      vertex 38.0562 1.7119 0
    endloop
  endfacet
  facet normal -0.587743 -0.809048 0
    outer loop
      vertex 38.4645 1.51979 0
      vertex 38.6474 1.38692 3
      vertex 38.4645 1.51979 3
    endloop
  endfacet
  facet normal -0.587743 -0.809048 -0
    outer loop
      vertex 38.6474 1.38692 3
      vertex 38.4645 1.51979 0
      vertex 38.6474 1.38692 0
    endloop
  endfacet
  facet normal 0.904905 -0.425613 0
    outer loop
      vertex 35.8264 0.662623 3
      vertex 35.9226 0.867156 0
      vertex 35.9226 0.867156 3
    endloop
  endfacet
  facet normal 0.904905 -0.425613 0
    outer loop
      vertex 35.9226 0.867156 0
      vertex 35.8264 0.662623 3
      vertex 35.8264 0.662623 0
    endloop
  endfacet
  facet normal 0.844167 -0.53608 0
    outer loop
      vertex 35.9226 0.867156 3
      vertex 36.0438 1.05801 0
      vertex 36.0438 1.05801 3
    endloop
  endfacet
  facet normal 0.844167 -0.53608 0
    outer loop
      vertex 36.0438 1.05801 0
      vertex 35.9226 0.867156 3
      vertex 35.9226 0.867156 0
    endloop
  endfacet
  facet normal 0.950994 -0.30921 0
    outer loop
      vertex 35.7565 0.447641 3
      vertex 35.8264 0.662623 0
      vertex 35.8264 0.662623 3
    endloop
  endfacet
  facet normal 0.950994 -0.30921 0
    outer loop
      vertex 35.8264 0.662623 0
      vertex 35.7565 0.447641 3
      vertex 35.7565 0.447641 0
    endloop
  endfacet
  facet normal 0.587743 -0.809048 0
    outer loop
      vertex 36.3526 1.38692 0
      vertex 36.5355 1.51979 3
      vertex 36.3526 1.38692 3
    endloop
  endfacet
  facet normal 0.587743 -0.809048 0
    outer loop
      vertex 36.5355 1.51979 3
      vertex 36.3526 1.38692 0
      vertex 36.5355 1.51979 0
    endloop
  endfacet
  facet normal 0.248756 -0.968566 0
    outer loop
      vertex 36.9438 1.7119 0
      vertex 37.1627 1.76812 3
      vertex 36.9438 1.7119 3
    endloop
  endfacet
  facet normal 0.248756 -0.968566 0
    outer loop
      vertex 37.1627 1.76812 3
      vertex 36.9438 1.7119 0
      vertex 37.1627 1.76812 0
    endloop
  endfacet
  facet normal -0.125309 0.992118 0
    outer loop
      vertex 37.8373 -1.76812 0
      vertex 37.613 -1.79645 3
      vertex 37.8373 -1.76812 3
    endloop
  endfacet
  facet normal -0.125309 0.992118 0
    outer loop
      vertex 37.613 -1.79645 3
      vertex 37.8373 -1.76812 0
      vertex 37.613 -1.79645 0
    endloop
  endfacet
  facet normal -0.950994 -0.30921 0
    outer loop
      vertex 39.2435 0.447641 0
      vertex 39.1736 0.662623 3
      vertex 39.1736 0.662623 0
    endloop
  endfacet
  facet normal -0.950994 -0.30921 0
    outer loop
      vertex 39.1736 0.662623 3
      vertex 39.2435 0.447641 0
      vertex 39.2435 0.447641 3
    endloop
  endfacet
  facet normal -0.770483 -0.637461 0
    outer loop
      vertex 38.9562 1.05801 0
      vertex 38.8121 1.23218 3
      vertex 38.8121 1.23218 0
    endloop
  endfacet
  facet normal -0.770483 -0.637461 0
    outer loop
      vertex 38.8121 1.23218 3
      vertex 38.9562 1.05801 0
      vertex 38.9562 1.05801 3
    endloop
  endfacet
  facet normal -0.844167 -0.53608 0
    outer loop
      vertex 39.0774 0.867156 0
      vertex 38.9562 1.05801 3
      vertex 38.9562 1.05801 0
    endloop
  endfacet
  facet normal -0.844167 -0.53608 0
    outer loop
      vertex 38.9562 1.05801 3
      vertex 39.0774 0.867156 0
      vertex 39.0774 0.867156 3
    endloop
  endfacet
  facet normal -0.125309 -0.992118 0
    outer loop
      vertex 37.613 1.79645 0
      vertex 37.8373 1.76812 3
      vertex 37.613 1.79645 3
    endloop
  endfacet
  facet normal -0.125309 -0.992118 -0
    outer loop
      vertex 37.8373 1.76812 3
      vertex 37.613 1.79645 0
      vertex 37.8373 1.76812 0
    endloop
  endfacet
  facet normal 0.982333 -0.187139 0
    outer loop
      vertex 35.7142 0.225599 3
      vertex 35.7565 0.447641 0
      vertex 35.7565 0.447641 3
    endloop
  endfacet
  facet normal 0.982333 -0.187139 0
    outer loop
      vertex 35.7565 0.447641 0
      vertex 35.7142 0.225599 3
      vertex 35.7142 0.225599 0
    endloop
  endfacet
  facet normal 0.125309 -0.992118 0
    outer loop
      vertex 37.1627 1.76812 0
      vertex 37.387 1.79645 3
      vertex 37.1627 1.76812 3
    endloop
  endfacet
  facet normal 0.125309 -0.992118 0
    outer loop
      vertex 37.387 1.79645 3
      vertex 37.1627 1.76812 0
      vertex 37.387 1.79645 0
    endloop
  endfacet
  facet normal -0.998025 0.0628192 0
    outer loop
      vertex 39.2858 -0.225599 0
      vertex 39.3 0 3
      vertex 39.3 0 0
    endloop
  endfacet
  facet normal -0.998025 0.0628192 0
    outer loop
      vertex 39.3 0 3
      vertex 39.2858 -0.225599 0
      vertex 39.2858 -0.225599 3
    endloop
  endfacet
  facet normal -0.684727 0.7288 0
    outer loop
      vertex 38.8121 -1.23218 0
      vertex 38.6474 -1.38692 3
      vertex 38.8121 -1.23218 3
    endloop
  endfacet
  facet normal -0.684727 0.7288 0
    outer loop
      vertex 38.6474 -1.38692 3
      vertex 38.8121 -1.23218 0
      vertex 38.6474 -1.38692 0
    endloop
  endfacet
  facet normal -0.982333 0.187139 0
    outer loop
      vertex 39.2435 -0.447641 0
      vertex 39.2858 -0.225599 3
      vertex 39.2858 -0.225599 0
    endloop
  endfacet
  facet normal -0.982333 0.187139 0
    outer loop
      vertex 39.2858 -0.225599 3
      vertex 39.2435 -0.447641 0
      vertex 39.2435 -0.447641 3
    endloop
  endfacet
  facet normal -0.368071 0.929798 0
    outer loop
      vertex 38.2664 -1.62869 0
      vertex 38.0562 -1.7119 3
      vertex 38.2664 -1.62869 3
    endloop
  endfacet
  facet normal -0.368071 0.929798 0
    outer loop
      vertex 38.0562 -1.7119 3
      vertex 38.2664 -1.62869 0
      vertex 38.0562 -1.7119 0
    endloop
  endfacet
  facet normal -0.481732 -0.876319 0
    outer loop
      vertex 38.2664 1.62869 0
      vertex 38.4645 1.51979 3
      vertex 38.2664 1.62869 3
    endloop
  endfacet
  facet normal -0.481732 -0.876319 -0
    outer loop
      vertex 38.4645 1.51979 3
      vertex 38.2664 1.62869 0
      vertex 38.4645 1.51979 0
    endloop
  endfacet
  facet normal 0.770483 -0.637461 0
    outer loop
      vertex 36.0438 1.05801 3
      vertex 36.1879 1.23218 0
      vertex 36.1879 1.23218 3
    endloop
  endfacet
  facet normal 0.770483 -0.637461 0
    outer loop
      vertex 36.1879 1.23218 0
      vertex 36.0438 1.05801 3
      vertex 36.0438 1.05801 0
    endloop
  endfacet
  facet normal 0.481732 -0.876319 0
    outer loop
      vertex 36.5355 1.51979 0
      vertex 36.7336 1.62869 3
      vertex 36.5355 1.51979 3
    endloop
  endfacet
  facet normal 0.481732 -0.876319 0
    outer loop
      vertex 36.7336 1.62869 3
      vertex 36.5355 1.51979 0
      vertex 36.7336 1.62869 0
    endloop
  endfacet
  facet normal -0.481732 0.876319 0
    outer loop
      vertex 38.4645 -1.51979 0
      vertex 38.2664 -1.62869 3
      vertex 38.4645 -1.51979 3
    endloop
  endfacet
  facet normal -0.481732 0.876319 0
    outer loop
      vertex 38.2664 -1.62869 3
      vertex 38.4645 -1.51979 0
      vertex 38.2664 -1.62869 0
    endloop
  endfacet
  facet normal -0.904905 0.425613 0
    outer loop
      vertex 39.0774 -0.867156 0
      vertex 39.1736 -0.662623 3
      vertex 39.1736 -0.662623 0
    endloop
  endfacet
  facet normal -0.904905 0.425613 0
    outer loop
      vertex 39.1736 -0.662623 3
      vertex 39.0774 -0.867156 0
      vertex 39.0774 -0.867156 3
    endloop
  endfacet
  facet normal -0.770483 0.637461 0
    outer loop
      vertex 38.8121 -1.23218 0
      vertex 38.9562 -1.05801 3
      vertex 38.9562 -1.05801 0
    endloop
  endfacet
  facet normal -0.770483 0.637461 0
    outer loop
      vertex 38.9562 -1.05801 3
      vertex 38.8121 -1.23218 0
      vertex 38.8121 -1.23218 3
    endloop
  endfacet
  facet normal 0.587743 0.809048 -0
    outer loop
      vertex 36.5355 -1.51979 0
      vertex 36.3526 -1.38692 3
      vertex 36.5355 -1.51979 3
    endloop
  endfacet
  facet normal 0.587743 0.809048 0
    outer loop
      vertex 36.3526 -1.38692 3
      vertex 36.5355 -1.51979 0
      vertex 36.3526 -1.38692 0
    endloop
  endfacet
  facet normal 0.248756 0.968566 -0
    outer loop
      vertex 37.1627 -1.76812 0
      vertex 36.9438 -1.7119 3
      vertex 37.1627 -1.76812 3
    endloop
  endfacet
  facet normal 0.248756 0.968566 0
    outer loop
      vertex 36.9438 -1.7119 3
      vertex 37.1627 -1.76812 0
      vertex 36.9438 -1.7119 0
    endloop
  endfacet
  facet normal 0.950994 0.30921 0
    outer loop
      vertex 35.8264 -0.662623 3
      vertex 35.7565 -0.447641 0
      vertex 35.7565 -0.447641 3
    endloop
  endfacet
  facet normal 0.950994 0.30921 0
    outer loop
      vertex 35.7565 -0.447641 0
      vertex 35.8264 -0.662623 3
      vertex 35.8264 -0.662623 0
    endloop
  endfacet
  facet normal -0.248756 0.968566 0
    outer loop
      vertex 38.0562 -1.7119 0
      vertex 37.8373 -1.76812 3
      vertex 38.0562 -1.7119 3
    endloop
  endfacet
  facet normal -0.248756 0.968566 0
    outer loop
      vertex 37.8373 -1.76812 3
      vertex 38.0562 -1.7119 0
      vertex 37.8373 -1.76812 0
    endloop
  endfacet
  facet normal -0.587743 0.809048 0
    outer loop
      vertex 38.6474 -1.38692 0
      vertex 38.4645 -1.51979 3
      vertex 38.6474 -1.38692 3
    endloop
  endfacet
  facet normal -0.587743 0.809048 0
    outer loop
      vertex 38.4645 -1.51979 3
      vertex 38.6474 -1.38692 0
      vertex 38.4645 -1.51979 0
    endloop
  endfacet
  facet normal -0.950994 0.30921 0
    outer loop
      vertex 39.1736 -0.662623 0
      vertex 39.2435 -0.447641 3
      vertex 39.2435 -0.447641 0
    endloop
  endfacet
  facet normal -0.950994 0.30921 0
    outer loop
      vertex 39.2435 -0.447641 3
      vertex 39.1736 -0.662623 0
      vertex 39.1736 -0.662623 3
    endloop
  endfacet
  facet normal -0.844167 0.53608 0
    outer loop
      vertex 38.9562 -1.05801 0
      vertex 39.0774 -0.867156 3
      vertex 39.0774 -0.867156 0
    endloop
  endfacet
  facet normal -0.844167 0.53608 0
    outer loop
      vertex 39.0774 -0.867156 3
      vertex 38.9562 -1.05801 0
      vertex 38.9562 -1.05801 3
    endloop
  endfacet
  facet normal 0.125309 0.992118 -0
    outer loop
      vertex 37.387 -1.79645 0
      vertex 37.1627 -1.76812 3
      vertex 37.387 -1.79645 3
    endloop
  endfacet
  facet normal 0.125309 0.992118 0
    outer loop
      vertex 37.1627 -1.76812 3
      vertex 37.387 -1.79645 0
      vertex 37.1627 -1.76812 0
    endloop
  endfacet
  facet normal 0.684727 0.7288 -0
    outer loop
      vertex 36.3526 -1.38692 0
      vertex 36.1879 -1.23218 3
      vertex 36.3526 -1.38692 3
    endloop
  endfacet
  facet normal 0.684727 0.7288 0
    outer loop
      vertex 36.1879 -1.23218 3
      vertex 36.3526 -1.38692 0
      vertex 36.1879 -1.23218 0
    endloop
  endfacet
  facet normal 0.904905 0.425613 0
    outer loop
      vertex 35.9226 -0.867156 3
      vertex 35.8264 -0.662623 0
      vertex 35.8264 -0.662623 3
    endloop
  endfacet
  facet normal 0.904905 0.425613 0
    outer loop
      vertex 35.8264 -0.662623 0
      vertex 35.9226 -0.867156 3
      vertex 35.9226 -0.867156 0
    endloop
  endfacet
  facet normal 0.982333 0.187139 0
    outer loop
      vertex 35.7565 -0.447641 3
      vertex 35.7142 -0.225599 0
      vertex 35.7142 -0.225599 3
    endloop
  endfacet
  facet normal 0.982333 0.187139 0
    outer loop
      vertex 35.7142 -0.225599 0
      vertex 35.7565 -0.447641 3
      vertex 35.7565 -0.447641 0
    endloop
  endfacet
  facet normal 0.998025 0.0628192 0
    outer loop
      vertex 35.7142 -0.225599 3
      vertex 35.7 0 0
      vertex 35.7 0 3
    endloop
  endfacet
  facet normal 0.998025 0.0628192 0
    outer loop
      vertex 35.7 0 0
      vertex 35.7142 -0.225599 3
      vertex 35.7142 -0.225599 0
    endloop
  endfacet
  facet normal 0.368071 0.929798 -0
    outer loop
      vertex 36.9438 -1.7119 0
      vertex 36.7336 -1.62869 3
      vertex 36.9438 -1.7119 3
    endloop
  endfacet
  facet normal 0.368071 0.929798 0
    outer loop
      vertex 36.7336 -1.62869 3
      vertex 36.9438 -1.7119 0
      vertex 36.7336 -1.62869 0
    endloop
  endfacet
  facet normal 0.481732 0.876319 -0
    outer loop
      vertex 36.7336 -1.62869 0
      vertex 36.5355 -1.51979 3
      vertex 36.7336 -1.62869 3
    endloop
  endfacet
  facet normal 0.481732 0.876319 0
    outer loop
      vertex 36.5355 -1.51979 3
      vertex 36.7336 -1.62869 0
      vertex 36.5355 -1.51979 0
    endloop
  endfacet
  facet normal 0.844167 0.53608 0
    outer loop
      vertex 36.0438 -1.05801 3
      vertex 35.9226 -0.867156 0
      vertex 35.9226 -0.867156 3
    endloop
  endfacet
  facet normal 0.844167 0.53608 0
    outer loop
      vertex 35.9226 -0.867156 0
      vertex 36.0438 -1.05801 3
      vertex 36.0438 -1.05801 0
    endloop
  endfacet
  facet normal 0.770483 0.637461 0
    outer loop
      vertex 36.1879 -1.23218 3
      vertex 36.0438 -1.05801 0
      vertex 36.0438 -1.05801 3
    endloop
  endfacet
  facet normal 0.770483 0.637461 0
    outer loop
      vertex 36.0438 -1.05801 0
      vertex 36.1879 -1.23218 3
      vertex 36.1879 -1.23218 0
    endloop
  endfacet
endsolid OpenSCAD_Model
