solid OpenSCAD_Model
  facet normal -1 0 0
    outer loop
      vertex -22 -2 0
      vertex -22 2 1
      vertex -22 2 0
    endloop
  endfacet
  facet normal -1 -0 0
    outer loop
      vertex -22 2 1
      vertex -22 -2 0
      vertex -22 -2 1
    endloop
  endfacet
  facet normal -0.998029 -0.0627481 0
    outer loop
      vertex -21.9606 -2.62667 0
      vertex -22 -2 1
      vertex -22 -2 0
    endloop
  endfacet
  facet normal -0.998029 -0.0627481 0
    outer loop
      vertex -22 -2 1
      vertex -21.9606 -2.62667 0
      vertex -21.9606 -2.62667 1
    endloop
  endfacet
  facet normal -0.998029 0.0627481 0
    outer loop
      vertex -22 2 0
      vertex -21.9606 2.62667 1
      vertex -21.9606 2.62667 0
    endloop
  endfacet
  facet normal -0.998029 0.0627481 0
    outer loop
      vertex -21.9606 2.62667 1
      vertex -22 2 0
      vertex -22 2 1
    endloop
  endfacet
  facet normal -0.904797 -0.425843 0
    outer loop
      vertex -21.3815 -4.40877 0
      vertex -21.6489 -3.84062 1
      vertex -21.6489 -3.84062 0
    endloop
  endfacet
  facet normal -0.904797 -0.425843 0
    outer loop
      vertex -21.6489 -3.84062 1
      vertex -21.3815 -4.40877 0
      vertex -21.3815 -4.40877 1
    endloop
  endfacet
  facet normal 0 0 1
    outer loop
      vertex 7.138 16.7309 1
      vertex 3.25848 17.0751 1
      vertex 3.32237 15.5061 1
    endloop
  endfacet
  facet normal 0 0 1
    outer loop
      vertex 4.21196 23.2718 1
      vertex 3.0668 18.4027 1
      vertex 3.25848 17.0751 1
    endloop
  endfacet
  facet normal 0 0 1
    outer loop
      vertex 1.72502 20.9372 1
      vertex 3.53621 23.6812 1
      vertex 2.7963 23.9996 1
    endloop
  endfacet
  facet normal 0 0 1
    outer loop
      vertex 4.21196 23.2718 1
      vertex 2.74733 19.4889 1
      vertex 3.0668 18.4027 1
    endloop
  endfacet
  facet normal 0 0 1
    outer loop
      vertex 4.21196 23.2718 1
      vertex 2.30006 20.3338 1
      vertex 2.74733 19.4889 1
    endloop
  endfacet
  facet normal 0 0 1
    outer loop
      vertex 1.02219 21.2993 1
      vertex 2.7963 23.9996 1
      vertex 1.99222 24.2271 1
    endloop
  endfacet
  facet normal 0 0 1
    outer loop
      vertex 4.21196 23.2718 1
      vertex 1.72502 20.9372 1
      vertex 2.30006 20.3338 1
    endloop
  endfacet
  facet normal 0 0 1
    outer loop
      vertex 1.02219 21.2993 1
      vertex 1.99222 24.2271 1
      vertex 1.12396 24.3636 1
    endloop
  endfacet
  facet normal 0 0 1
    outer loop
      vertex 2.7963 23.9996 1
      vertex 1.02219 21.2993 1
      vertex 1.72502 20.9372 1
    endloop
  endfacet
  facet normal 0 0 1
    outer loop
      vertex 0.191559 21.42 1
      vertex 1.12396 24.3636 1
      vertex 0.191559 24.4091 1
    endloop
  endfacet
  facet normal 0 0 1
    outer loop
      vertex 1.12396 24.3636 1
      vertex 0.191559 21.42 1
      vertex 1.02219 21.2993 1
    endloop
  endfacet
  facet normal -0 0 1
    outer loop
      vertex -0.740982 24.3636 1
      vertex 0.191559 21.42 1
      vertex 0.191559 24.4091 1
    endloop
  endfacet
  facet normal 0 0 1
    outer loop
      vertex 0.191559 21.42 1
      vertex -0.740982 24.3636 1
      vertex -0.642532 21.2993 1
    endloop
  endfacet
  facet normal -0 0 1
    outer loop
      vertex -1.60963 24.2271 1
      vertex -0.642532 21.2993 1
      vertex -0.740982 24.3636 1
    endloop
  endfacet
  facet normal -0 0 1
    outer loop
      vertex -2.41438 23.9996 1
      vertex -0.642532 21.2993 1
      vertex -1.60963 24.2271 1
    endloop
  endfacet
  facet normal 0 0 1
    outer loop
      vertex -0.642532 21.2993 1
      vertex -2.41438 23.9996 1
      vertex -1.34831 20.9372 1
    endloop
  endfacet
  facet normal -0 0 1
    outer loop
      vertex -3.15526 23.6812 1
      vertex -1.34831 20.9372 1
      vertex -2.41438 23.9996 1
    endloop
  endfacet
  facet normal -0 0 1
    outer loop
      vertex -3.83223 23.2718 1
      vertex -1.34831 20.9372 1
      vertex -3.15526 23.6812 1
    endloop
  endfacet
  facet normal 0 0 1
    outer loop
      vertex -1.34831 20.9372 1
      vertex -3.83223 23.2718 1
      vertex -1.92577 20.3338 1
    endloop
  endfacet
  facet normal -0 0 1
    outer loop
      vertex -4.4453 22.7714 1
      vertex -1.92577 20.3338 1
      vertex -3.83223 23.2718 1
    endloop
  endfacet
  facet normal -0 0 1
    outer loop
      vertex -5.47472 21.4979 1
      vertex -1.92577 20.3338 1
      vertex -4.99448 22.18 1
    endloop
  endfacet
  facet normal -0 0 1
    outer loop
      vertex -4.99448 22.18 1
      vertex -1.92577 20.3338 1
      vertex -4.4453 22.7714 1
    endloop
  endfacet
  facet normal 0 0 1
    outer loop
      vertex 3.32237 15.5061 1
      vertex 7.17482 15.5061 1
      vertex 7.138 16.7309 1
    endloop
  endfacet
  facet normal 0 0 1
    outer loop
      vertex 3.30634 14.6887 1
      vertex 7.17482 15.5061 1
      vertex 3.32237 15.5061 1
    endloop
  endfacet
  facet normal -0 0 1
    outer loop
      vertex 3.25848 17.0751 1
      vertex 7.138 16.7309 1
      vertex 7.02756 17.8652 1
    endloop
  endfacet
  facet normal 0 0 1
    outer loop
      vertex 7.17482 15.5061 1
      vertex 3.30634 14.6887 1
      vertex 7.14944 14.4769 1
    endloop
  endfacet
  facet normal 0 0 1
    outer loop
      vertex 3.25848 17.0751 1
      vertex 7.02756 17.8652 1
      vertex 6.84349 18.9091 1
    endloop
  endfacet
  facet normal 0 0 1
    outer loop
      vertex 3.25821 13.9299 1
      vertex 7.14944 14.4769 1
      vertex 3.30634 14.6887 1
    endloop
  endfacet
  facet normal 0 0 1
    outer loop
      vertex 3.25848 17.0751 1
      vertex 6.84349 18.9091 1
      vertex 6.5858 19.8625 1
    endloop
  endfacet
  facet normal 0 0 1
    outer loop
      vertex 7.14944 14.4769 1
      vertex 3.25821 13.9299 1
      vertex 7.07332 13.5098 1
    endloop
  endfacet
  facet normal 0 0 1
    outer loop
      vertex 3.17801 13.2298 1
      vertex 7.07332 13.5098 1
      vertex 3.25821 13.9299 1
    endloop
  endfacet
  facet normal 0 0 1
    outer loop
      vertex 3.25848 17.0751 1
      vertex 6.5858 19.8625 1
      vertex 6.25447 20.7254 1
    endloop
  endfacet
  facet normal 0 0 1
    outer loop
      vertex 7.07332 13.5098 1
      vertex 3.17801 13.2298 1
      vertex 6.94644 12.6047 1
    endloop
  endfacet
  facet normal 0 0 1
    outer loop
      vertex 3.25848 17.0751 1
      vertex 6.25447 20.7254 1
      vertex 5.84953 21.4979 1
    endloop
  endfacet
  facet normal 0 0 1
    outer loop
      vertex 6.94644 12.6047 1
      vertex 3.17801 13.2298 1
      vertex 6.76881 11.7616 1
    endloop
  endfacet
  facet normal 0 0 1
    outer loop
      vertex 3.25848 17.0751 1
      vertex 5.84953 21.4979 1
      vertex 5.37096 22.18 1
    endloop
  endfacet
  facet normal -0 0 1
    outer loop
      vertex 3.0657 12.5884 1
      vertex 6.76881 11.7616 1
      vertex 3.17801 13.2298 1
    endloop
  endfacet
  facet normal 0 0 1
    outer loop
      vertex 3.25848 17.0751 1
      vertex 5.37096 22.18 1
      vertex 4.82353 22.7714 1
    endloop
  endfacet
  facet normal 0 0 1
    outer loop
      vertex 6.76881 11.7616 1
      vertex 3.0657 12.5884 1
      vertex 6.54045 10.9807 1
    endloop
  endfacet
  facet normal 0 0 1
    outer loop
      vertex 3.25848 17.0751 1
      vertex 4.82353 22.7714 1
      vertex 4.21196 23.2718 1
    endloop
  endfacet
  facet normal -0 0 1
    outer loop
      vertex 2.92134 12.0055 1
      vertex 6.54045 10.9807 1
      vertex 3.0657 12.5884 1
    endloop
  endfacet
  facet normal 0 0 1
    outer loop
      vertex 6.54045 10.9807 1
      vertex 2.92134 12.0055 1
      vertex 6.26132 10.2617 1
    endloop
  endfacet
  facet normal 0 0 1
    outer loop
      vertex 1.72502 20.9372 1
      vertex 4.21196 23.2718 1
      vertex 3.53621 23.6812 1
    endloop
  endfacet
  facet normal -0 0 1
    outer loop
      vertex 2.74489 11.4813 1
      vertex 6.26132 10.2617 1
      vertex 2.92134 12.0055 1
    endloop
  endfacet
  facet normal 0 0 1
    outer loop
      vertex 6.26132 10.2617 1
      vertex 2.74489 11.4813 1
      vertex 5.93146 9.60484 1
    endloop
  endfacet
  facet normal -0 0 1
    outer loop
      vertex 2.53635 11.0158 1
      vertex 5.93146 9.60484 1
      vertex 2.74489 11.4813 1
    endloop
  endfacet
  facet normal 0 0 1
    outer loop
      vertex 5.93146 9.60484 1
      vertex 2.53635 11.0158 1
      vertex 5.55293 9.01033 1
    endloop
  endfacet
  facet normal -0 0 1
    outer loop
      vertex 2.29604 10.6107 1
      vertex 5.55293 9.01033 1
      vertex 2.53635 11.0158 1
    endloop
  endfacet
  facet normal 0 0 1
    outer loop
      vertex 5.55293 9.01033 1
      vertex 2.29604 10.6107 1
      vertex 5.12788 8.47841 1
    endloop
  endfacet
  facet normal 0 0 1
    outer loop
      vertex 5.12788 8.47841 1
      vertex 2.29604 10.6107 1
      vertex 4.6563 8.00906 1
    endloop
  endfacet
  facet normal 0 0 1
    outer loop
      vertex 18.0218 1.1964 1
      vertex 22 2 1
      vertex 21.9606 2.62667 1
    endloop
  endfacet
  facet normal 0 0 1
    outer loop
      vertex 22 2 1
      vertex 18.25 0 1
      vertex 22 -2 1
    endloop
  endfacet
  facet normal 0 0 1
    outer loop
      vertex 17.848 1.5657 1
      vertex 21.9606 2.62667 1
      vertex 21.8429 3.24345 1
    endloop
  endfacet
  facet normal -0 0 1
    outer loop
      vertex 18.2244 -0.407332 1
      vertex 22 -2 1
      vertex 18.25 0 1
    endloop
  endfacet
  facet normal 0 0 1
    outer loop
      vertex 17.848 1.5657 1
      vertex 21.8429 3.24345 1
      vertex 21.6489 3.84062 1
    endloop
  endfacet
  facet normal -0 0 1
    outer loop
      vertex 18.1479 -0.808242 1
      vertex 22 -2 1
      vertex 18.2244 -0.407332 1
    endloop
  endfacet
  facet normal 0 0 1
    outer loop
      vertex 17.6293 1.9103 1
      vertex 21.6489 3.84062 1
      vertex 21.3815 4.40877 1
    endloop
  endfacet
  facet normal -0 0 1
    outer loop
      vertex 18.0218 -1.1964 1
      vertex 22 -2 1
      vertex 18.1479 -0.808242 1
    endloop
  endfacet
  facet normal 0 0 1
    outer loop
      vertex 17.6293 1.9103 1
      vertex 21.3815 4.40877 1
      vertex 21.0451 4.93893 1
    endloop
  endfacet
  facet normal 0 0 1
    outer loop
      vertex 22 -2 1
      vertex 18.0218 -1.1964 1
      vertex 21.9606 -2.62667 1
    endloop
  endfacet
  facet normal 0 0 1
    outer loop
      vertex 17.3691 2.22478 1
      vertex 21.0451 4.93893 1
      vertex 20.6448 5.42274 1
    endloop
  endfacet
  facet normal -0 0 1
    outer loop
      vertex 17.848 -1.5657 1
      vertex 21.9606 -2.62667 1
      vertex 18.0218 -1.1964 1
    endloop
  endfacet
  facet normal 0 0 1
    outer loop
      vertex 17.3691 2.22478 1
      vertex 20.6448 5.42274 1
      vertex 20.1871 5.85257 1
    endloop
  endfacet
  facet normal 0 0 1
    outer loop
      vertex 21.9606 -2.62667 1
      vertex 17.848 -1.5657 1
      vertex 21.8429 -3.24345 1
    endloop
  endfacet
  facet normal 0 0 1
    outer loop
      vertex 17.0716 2.50417 1
      vertex 20.1871 5.85257 1
      vertex 19.6791 6.22164 1
    endloop
  endfacet
  facet normal 0 0 1
    outer loop
      vertex 21.8429 -3.24345 1
      vertex 17.848 -1.5657 1
      vertex 21.6489 -3.84062 1
    endloop
  endfacet
  facet normal 0 0 1
    outer loop
      vertex 17.0716 2.50417 1
      vertex 19.6791 6.22164 1
      vertex 19.1289 6.52413 1
    endloop
  endfacet
  facet normal -0 0 1
    outer loop
      vertex 17.6293 -1.9103 1
      vertex 21.6489 -3.84062 1
      vertex 17.848 -1.5657 1
    endloop
  endfacet
  facet normal 0 0 1
    outer loop
      vertex 16.7414 2.74407 1
      vertex 19.1289 6.52413 1
      vertex 18.5451 6.75528 1
    endloop
  endfacet
  facet normal 0 0 1
    outer loop
      vertex 21.6489 -3.84062 1
      vertex 17.6293 -1.9103 1
      vertex 21.3815 -4.40877 1
    endloop
  endfacet
  facet normal 0 0 1
    outer loop
      vertex 21.3815 -4.40877 1
      vertex 17.6293 -1.9103 1
      vertex 21.0451 -4.93893 1
    endloop
  endfacet
  facet normal 0 0 1
    outer loop
      vertex 22 2 1
      vertex 18.2244 0.407332 1
      vertex 18.25 0 1
    endloop
  endfacet
  facet normal 0 0 1
    outer loop
      vertex 22 2 1
      vertex 18.1479 0.808242 1
      vertex 18.2244 0.407332 1
    endloop
  endfacet
  facet normal 0 0 1
    outer loop
      vertex 22 2 1
      vertex 18.0218 1.1964 1
      vertex 18.1479 0.808242 1
    endloop
  endfacet
  facet normal 0 0 1
    outer loop
      vertex 16.7414 2.74407 1
      vertex 18.5451 6.75528 1
      vertex 17.9369 6.91144 1
    endloop
  endfacet
  facet normal 0 0 1
    outer loop
      vertex 21.9606 2.62667 1
      vertex 17.848 1.5657 1
      vertex 18.0218 1.1964 1
    endloop
  endfacet
  facet normal 0 0 1
    outer loop
      vertex 21.6489 3.84062 1
      vertex 17.6293 1.9103 1
      vertex 17.848 1.5657 1
    endloop
  endfacet
  facet normal 0 0 1
    outer loop
      vertex 21.0451 4.93893 1
      vertex 17.3691 2.22478 1
      vertex 17.6293 1.9103 1
    endloop
  endfacet
  facet normal 0 0 1
    outer loop
      vertex 16.3838 2.94069 1
      vertex 17.9369 6.91144 1
      vertex 17.314 6.99013 1
    endloop
  endfacet
  facet normal 0 0 1
    outer loop
      vertex 20.1871 5.85257 1
      vertex 17.0716 2.50417 1
      vertex 17.3691 2.22478 1
    endloop
  endfacet
  facet normal 0 0 1
    outer loop
      vertex 19.1289 6.52413 1
      vertex 16.7414 2.74407 1
      vertex 17.0716 2.50417 1
    endloop
  endfacet
  facet normal 0 0 1
    outer loop
      vertex 17.9369 6.91144 1
      vertex 16.3838 2.94069 1
      vertex 16.7414 2.74407 1
    endloop
  endfacet
  facet normal 0 0 1
    outer loop
      vertex 17.314 6.99013 1
      vertex 16.0043 3.09093 1
      vertex 16.3838 2.94069 1
    endloop
  endfacet
  facet normal 0 0 1
    outer loop
      vertex 17.314 6.99013 1
      vertex 15.609 3.19243 1
      vertex 16.0043 3.09093 1
    endloop
  endfacet
  facet normal 0 0 1
    outer loop
      vertex 17.314 6.99013 1
      vertex 15.2041 3.24359 1
      vertex 15.609 3.19243 1
    endloop
  endfacet
  facet normal 0 0 1
    outer loop
      vertex 17.314 6.99013 1
      vertex 14.7959 3.24359 1
      vertex 15.2041 3.24359 1
    endloop
  endfacet
  facet normal 0 0 1
    outer loop
      vertex 17.314 6.99013 1
      vertex 14.391 3.19243 1
      vertex 14.7959 3.24359 1
    endloop
  endfacet
  facet normal 0 0 1
    outer loop
      vertex 17.314 6.99013 1
      vertex 13.9957 3.09093 1
      vertex 14.391 3.19243 1
    endloop
  endfacet
  facet normal 0 0 1
    outer loop
      vertex 17.314 6.99013 1
      vertex 13.6162 2.94069 1
      vertex 13.9957 3.09093 1
    endloop
  endfacet
  facet normal -0 0 1
    outer loop
      vertex 2.99185 6.99013 1
      vertex 13.6162 2.94069 1
      vertex 17.314 6.99013 1
    endloop
  endfacet
  facet normal 0 0 1
    outer loop
      vertex 13.6162 2.94069 1
      vertex 2.99185 6.99013 1
      vertex 13.2586 2.74407 1
    endloop
  endfacet
  facet normal 0 -0 1
    outer loop
      vertex 7.83729 1.76812 1
      vertex 13.2586 2.74407 1
      vertex 2.99185 6.99013 1
    endloop
  endfacet
  facet normal -0 0 1
    outer loop
      vertex 9.28581 0.225599 1
      vertex 11.75 0 1
      vertex 11.7756 0.407332 1
    endloop
  endfacet
  facet normal -0 0 1
    outer loop
      vertex 9.24345 0.447641 1
      vertex 11.7756 0.407332 1
      vertex 11.8521 0.808242 1
    endloop
  endfacet
  facet normal -0 0 1
    outer loop
      vertex 9.07735 0.867156 1
      vertex 11.8521 0.808242 1
      vertex 11.9782 1.1964 1
    endloop
  endfacet
  facet normal 0 0 1
    outer loop
      vertex 8.95623 1.05801 1
      vertex 11.9782 1.1964 1
      vertex 12.152 1.5657 1
    endloop
  endfacet
  facet normal 0 0 1
    outer loop
      vertex 8.81214 1.23218 1
      vertex 12.152 1.5657 1
      vertex 12.3707 1.9103 1
    endloop
  endfacet
  facet normal 0 0 1
    outer loop
      vertex 8.46449 1.51979 1
      vertex 12.3707 1.9103 1
      vertex 12.6309 2.22478 1
    endloop
  endfacet
  facet normal 0 -0 1
    outer loop
      vertex 8.05623 1.7119 1
      vertex 13.2586 2.74407 1
      vertex 7.83729 1.76812 1
    endloop
  endfacet
  facet normal 0 0 1
    outer loop
      vertex 11.75 0 1
      vertex 9.28581 0.225599 1
      vertex 9.3 0 1
    endloop
  endfacet
  facet normal 0 0 1
    outer loop
      vertex 11.7756 0.407332 1
      vertex 9.24345 0.447641 1
      vertex 9.28581 0.225599 1
    endloop
  endfacet
  facet normal 0 0 1
    outer loop
      vertex 11.8521 0.808242 1
      vertex 9.1736 0.662623 1
      vertex 9.24345 0.447641 1
    endloop
  endfacet
  facet normal 0 0 1
    outer loop
      vertex 11.8521 0.808242 1
      vertex 9.07735 0.867156 1
      vertex 9.1736 0.662623 1
    endloop
  endfacet
  facet normal 0 0 1
    outer loop
      vertex 11.9782 1.1964 1
      vertex 8.95623 1.05801 1
      vertex 9.07735 0.867156 1
    endloop
  endfacet
  facet normal 0 0 1
    outer loop
      vertex 12.152 1.5657 1
      vertex 8.81214 1.23218 1
      vertex 8.95623 1.05801 1
    endloop
  endfacet
  facet normal 0 0 1
    outer loop
      vertex 12.3707 1.9103 1
      vertex 8.64736 1.38692 1
      vertex 8.81214 1.23218 1
    endloop
  endfacet
  facet normal 0 0 1
    outer loop
      vertex 12.3707 1.9103 1
      vertex 8.46449 1.51979 1
      vertex 8.64736 1.38692 1
    endloop
  endfacet
  facet normal 0 0 1
    outer loop
      vertex 12.6309 2.22478 1
      vertex 8.2664 1.62869 1
      vertex 8.46449 1.51979 1
    endloop
  endfacet
  facet normal 0 0 1
    outer loop
      vertex 12.9284 2.50417 1
      vertex 8.2664 1.62869 1
      vertex 12.6309 2.22478 1
    endloop
  endfacet
  facet normal 0 -0 1
    outer loop
      vertex 8.2664 1.62869 1
      vertex 12.9284 2.50417 1
      vertex 8.05623 1.7119 1
    endloop
  endfacet
  facet normal 0 0 1
    outer loop
      vertex 13.2586 2.74407 1
      vertex 8.05623 1.7119 1
      vertex 12.9284 2.50417 1
    endloop
  endfacet
  facet normal 0 0 1
    outer loop
      vertex 7.83729 1.76812 1
      vertex 2.99185 6.99013 1
      vertex 7.61302 1.79645 1
    endloop
  endfacet
  facet normal 0 0 1
    outer loop
      vertex 7.61302 1.79645 1
      vertex 2.99185 6.99013 1
      vertex 7.38698 1.79645 1
    endloop
  endfacet
  facet normal 0 0 1
    outer loop
      vertex 7.38698 1.79645 1
      vertex 2.99185 6.99013 1
      vertex 7.16271 1.76812 1
    endloop
  endfacet
  facet normal 0 0 1
    outer loop
      vertex 7.16271 1.76812 1
      vertex 2.99185 6.99013 1
      vertex 6.94377 1.7119 1
    endloop
  endfacet
  facet normal 0 0 1
    outer loop
      vertex 5.71419 0.225599 1
      vertex 3.25 0 1
      vertex 5.7 0 1
    endloop
  endfacet
  facet normal -0 0 1
    outer loop
      vertex 3.22437 0.407332 1
      vertex 5.71419 0.225599 1
      vertex 5.75655 0.447641 1
    endloop
  endfacet
  facet normal 0 0 1
    outer loop
      vertex 3.14789 0.808242 1
      vertex 5.75655 0.447641 1
      vertex 5.8264 0.662623 1
    endloop
  endfacet
  facet normal -0 0 1
    outer loop
      vertex 3.14789 0.808242 1
      vertex 5.8264 0.662623 1
      vertex 5.92265 0.867156 1
    endloop
  endfacet
  facet normal 0 0 1
    outer loop
      vertex 3.02177 1.1964 1
      vertex 5.92265 0.867156 1
      vertex 6.04377 1.05801 1
    endloop
  endfacet
  facet normal 0 0 1
    outer loop
      vertex 2.848 1.5657 1
      vertex 6.04377 1.05801 1
      vertex 6.18786 1.23218 1
    endloop
  endfacet
  facet normal 0 0 1
    outer loop
      vertex 2.6293 1.9103 1
      vertex 6.18786 1.23218 1
      vertex 6.35264 1.38692 1
    endloop
  endfacet
  facet normal 0 0 1
    outer loop
      vertex 2.6293 1.9103 1
      vertex 6.35264 1.38692 1
      vertex 6.53551 1.51979 1
    endloop
  endfacet
  facet normal 0 0 1
    outer loop
      vertex 2.99185 6.99013 1
      vertex 6.53551 1.51979 1
      vertex 6.7336 1.62869 1
    endloop
  endfacet
  facet normal 0 0 1
    outer loop
      vertex 6.94377 1.7119 1
      vertex 2.99185 6.99013 1
      vertex 6.7336 1.62869 1
    endloop
  endfacet
  facet normal 0 0 1
    outer loop
      vertex 5.71419 0.225599 1
      vertex 3.22437 0.407332 1
      vertex 3.25 0 1
    endloop
  endfacet
  facet normal 0 0 1
    outer loop
      vertex 5.75655 0.447641 1
      vertex 3.14789 0.808242 1
      vertex 3.22437 0.407332 1
    endloop
  endfacet
  facet normal 0 0 1
    outer loop
      vertex 5.92265 0.867156 1
      vertex 3.02177 1.1964 1
      vertex 3.14789 0.808242 1
    endloop
  endfacet
  facet normal 0 0 1
    outer loop
      vertex 6.53551 1.51979 1
      vertex 2.99185 6.99013 1
      vertex 2.36915 2.22478 1
    endloop
  endfacet
  facet normal -0 0 1
    outer loop
      vertex 2.02419 10.2679 1
      vertex 4.6563 8.00906 1
      vertex 2.29604 10.6107 1
    endloop
  endfacet
  facet normal 0 0 1
    outer loop
      vertex 4.6563 8.00906 1
      vertex 2.02419 10.2679 1
      vertex 4.13817 7.60229 1
    endloop
  endfacet
  facet normal 0 0 1
    outer loop
      vertex 6.04377 1.05801 1
      vertex 2.848 1.5657 1
      vertex 3.02177 1.1964 1
    endloop
  endfacet
  facet normal -0 0 1
    outer loop
      vertex 1.72076 9.9875 1
      vertex 4.13817 7.60229 1
      vertex 2.02419 10.2679 1
    endloop
  endfacet
  facet normal 0 0 1
    outer loop
      vertex 6.18786 1.23218 1
      vertex 2.6293 1.9103 1
      vertex 2.848 1.5657 1
    endloop
  endfacet
  facet normal 0 0 1
    outer loop
      vertex 4.13817 7.60229 1
      vertex 1.72076 9.9875 1
      vertex 3.5735 7.25812 1
    endloop
  endfacet
  facet normal 0 0 1
    outer loop
      vertex 6.53551 1.51979 1
      vertex 2.36915 2.22478 1
      vertex 2.6293 1.9103 1
    endloop
  endfacet
  facet normal 0 0 1
    outer loop
      vertex 3.5735 7.25812 1
      vertex 1.72076 9.9875 1
      vertex 2.99185 6.99013 1
    endloop
  endfacet
  facet normal 0 0 1
    outer loop
      vertex 2.99185 6.99013 1
      vertex 2.07163 2.50417 1
      vertex 2.36915 2.22478 1
    endloop
  endfacet
  facet normal -0 0 1
    outer loop
      vertex 1.3858 9.76939 1
      vertex 2.99185 6.99013 1
      vertex 1.72076 9.9875 1
    endloop
  endfacet
  facet normal 0 0 1
    outer loop
      vertex 2.99185 6.99013 1
      vertex 1.74144 2.74407 1
      vertex 2.07163 2.50417 1
    endloop
  endfacet
  facet normal -0 0 1
    outer loop
      vertex 1.01927 9.61359 1
      vertex 2.99185 6.99013 1
      vertex 1.3858 9.76939 1
    endloop
  endfacet
  facet normal 0 0 1
    outer loop
      vertex 2.99185 6.99013 1
      vertex 1.38378 2.94069 1
      vertex 1.74144 2.74407 1
    endloop
  endfacet
  facet normal -0 0 1
    outer loop
      vertex 0.621185 9.52011 1
      vertex 2.99185 6.99013 1
      vertex 1.01927 9.61359 1
    endloop
  endfacet
  facet normal 0 0 1
    outer loop
      vertex 2.99185 6.99013 1
      vertex 1.0043 3.09093 1
      vertex 1.38378 2.94069 1
    endloop
  endfacet
  facet normal -0 0 1
    outer loop
      vertex 0.191559 9.48895 1
      vertex 2.99185 6.99013 1
      vertex 0.621185 9.52011 1
    endloop
  endfacet
  facet normal 0 0 1
    outer loop
      vertex 2.99185 6.99013 1
      vertex 0.608989 3.19243 1
      vertex 1.0043 3.09093 1
    endloop
  endfacet
  facet normal 0 0 1
    outer loop
      vertex 2.99185 6.99013 1
      vertex 0.204069 3.24359 1
      vertex 0.608989 3.19243 1
    endloop
  endfacet
  facet normal 0 0 1
    outer loop
      vertex -2.57816 6.99013 1
      vertex 2.99185 6.99013 1
      vertex 0.191559 9.48895 1
    endloop
  endfacet
  facet normal 0 0 1
    outer loop
      vertex 2.99185 6.99013 1
      vertex -2.57816 6.99013 1
      vertex 0.204069 3.24359 1
    endloop
  endfacet
  facet normal 0 0 1
    outer loop
      vertex -2.57816 6.99013 1
      vertex 0.191559 9.48895 1
      vertex -0.238251 9.52011 1
    endloop
  endfacet
  facet normal 0 0 1
    outer loop
      vertex 0.204069 3.24359 1
      vertex -2.57816 6.99013 1
      vertex -0.204069 3.24359 1
    endloop
  endfacet
  facet normal 0 0 1
    outer loop
      vertex -2.57816 6.99013 1
      vertex -0.238251 9.52011 1
      vertex -0.63678 9.61359 1
    endloop
  endfacet
  facet normal 0 0 1
    outer loop
      vertex -2.57816 6.99013 1
      vertex -0.63678 9.61359 1
      vertex -1.00403 9.76939 1
    endloop
  endfacet
  facet normal 0 0 1
    outer loop
      vertex -0.204069 3.24359 1
      vertex -2.57816 6.99013 1
      vertex -0.608989 3.19243 1
    endloop
  endfacet
  facet normal 0 0 1
    outer loop
      vertex -2.57816 6.99013 1
      vertex -1.00403 9.76939 1
      vertex -1.33997 9.9875 1
    endloop
  endfacet
  facet normal 0 0 1
    outer loop
      vertex -0.608989 3.19243 1
      vertex -2.57816 6.99013 1
      vertex -1.0043 3.09093 1
    endloop
  endfacet
  facet normal 0 0 1
    outer loop
      vertex -3.50603 7.43874 1
      vertex -1.33997 9.9875 1
      vertex -1.64462 10.2679 1
    endloop
  endfacet
  facet normal 0 0 1
    outer loop
      vertex -1.0043 3.09093 1
      vertex -2.57816 6.99013 1
      vertex -1.38378 2.94069 1
    endloop
  endfacet
  facet normal 0 0 1
    outer loop
      vertex -4.06741 7.83263 1
      vertex -1.64462 10.2679 1
      vertex -1.91798 10.6107 1
    endloop
  endfacet
  facet normal 0 0 1
    outer loop
      vertex -1.38378 2.94069 1
      vertex -2.57816 6.99013 1
      vertex -1.74144 2.74407 1
    endloop
  endfacet
  facet normal 0 0 1
    outer loop
      vertex -5.04031 8.82553 1
      vertex -1.91798 10.6107 1
      vertex -2.16006 11.0158 1
    endloop
  endfacet
  facet normal 0 0 1
    outer loop
      vertex -1.74144 2.74407 1
      vertex -2.57816 6.99013 1
      vertex -2.07163 2.50417 1
    endloop
  endfacet
  facet normal 0 0 1
    outer loop
      vertex -5.45181 9.42453 1
      vertex -2.16006 11.0158 1
      vertex -2.37025 11.4813 1
    endloop
  endfacet
  facet normal 0 0 1
    outer loop
      vertex -5.81071 10.0914 1
      vertex -2.37025 11.4813 1
      vertex -2.54813 12.0055 1
    endloop
  endfacet
  facet normal 0 0 1
    outer loop
      vertex -2.07163 2.50417 1
      vertex -2.57816 6.99013 1
      vertex -2.36915 2.22478 1
    endloop
  endfacet
  facet normal 0 0 1
    outer loop
      vertex -6.53551 1.51979 1
      vertex -2.36915 2.22478 1
      vertex -2.57816 6.99013 1
    endloop
  endfacet
  facet normal 0 0 1
    outer loop
      vertex -2.36915 2.22478 1
      vertex -6.53551 1.51979 1
      vertex -2.6293 1.9103 1
    endloop
  endfacet
  facet normal 0 -0 1
    outer loop
      vertex -6.35264 1.38692 1
      vertex -2.6293 1.9103 1
      vertex -6.53551 1.51979 1
    endloop
  endfacet
  facet normal 0 -0 1
    outer loop
      vertex -6.18786 1.23218 1
      vertex -2.6293 1.9103 1
      vertex -6.35264 1.38692 1
    endloop
  endfacet
  facet normal 0 -0 1
    outer loop
      vertex -6.04377 1.05801 1
      vertex -2.848 1.5657 1
      vertex -6.18786 1.23218 1
    endloop
  endfacet
  facet normal -0 0 1
    outer loop
      vertex -5.71419 0.225599 1
      vertex -3.25 0 1
      vertex -3.22437 0.407332 1
    endloop
  endfacet
  facet normal 0 -0 1
    outer loop
      vertex -5.92265 0.867156 1
      vertex -3.02177 1.1964 1
      vertex -6.04377 1.05801 1
    endloop
  endfacet
  facet normal 0 0 1
    outer loop
      vertex -3.25 0 1
      vertex -5.71419 0.225599 1
      vertex -5.7 0 1
    endloop
  endfacet
  facet normal 0 0 1
    outer loop
      vertex -3.22437 0.407332 1
      vertex -5.75655 0.447641 1
      vertex -5.71419 0.225599 1
    endloop
  endfacet
  facet normal 0 0 1
    outer loop
      vertex -3.14789 0.808242 1
      vertex -5.75655 0.447641 1
      vertex -3.22437 0.407332 1
    endloop
  endfacet
  facet normal 0 -0 1
    outer loop
      vertex -5.75655 0.447641 1
      vertex -3.14789 0.808242 1
      vertex -5.8264 0.662623 1
    endloop
  endfacet
  facet normal 0 -0 1
    outer loop
      vertex -5.8264 0.662623 1
      vertex -3.14789 0.808242 1
      vertex -5.92265 0.867156 1
    endloop
  endfacet
  facet normal 0 0 1
    outer loop
      vertex -3.02177 1.1964 1
      vertex -5.92265 0.867156 1
      vertex -3.14789 0.808242 1
    endloop
  endfacet
  facet normal 0 0 1
    outer loop
      vertex -2.848 1.5657 1
      vertex -6.04377 1.05801 1
      vertex -3.02177 1.1964 1
    endloop
  endfacet
  facet normal 0 0 1
    outer loop
      vertex -2.6293 1.9103 1
      vertex -6.18786 1.23218 1
      vertex -2.848 1.5657 1
    endloop
  endfacet
  facet normal 0 0 1
    outer loop
      vertex -2.57816 6.99013 1
      vertex -6.7336 1.62869 1
      vertex -6.53551 1.51979 1
    endloop
  endfacet
  facet normal 0 0 1
    outer loop
      vertex -2.57816 6.99013 1
      vertex -6.94377 1.7119 1
      vertex -6.7336 1.62869 1
    endloop
  endfacet
  facet normal 0 0 1
    outer loop
      vertex -2.57816 6.99013 1
      vertex -7.16271 1.76812 1
      vertex -6.94377 1.7119 1
    endloop
  endfacet
  facet normal 0 0 1
    outer loop
      vertex -2.57816 6.99013 1
      vertex -7.38698 1.79645 1
      vertex -7.16271 1.76812 1
    endloop
  endfacet
  facet normal 0 0 1
    outer loop
      vertex -2.57816 6.99013 1
      vertex -7.61302 1.79645 1
      vertex -7.38698 1.79645 1
    endloop
  endfacet
  facet normal 0 0 1
    outer loop
      vertex -2.57816 6.99013 1
      vertex -7.83729 1.76812 1
      vertex -7.61302 1.79645 1
    endloop
  endfacet
  facet normal -0 0 1
    outer loop
      vertex -13.2586 2.74407 1
      vertex -7.83729 1.76812 1
      vertex -2.57816 6.99013 1
    endloop
  endfacet
  facet normal 0 0 1
    outer loop
      vertex -7.83729 1.76812 1
      vertex -13.2586 2.74407 1
      vertex -8.05623 1.7119 1
    endloop
  endfacet
  facet normal -0 -0 1
    outer loop
      vertex -12.9284 2.50417 1
      vertex -8.05623 1.7119 1
      vertex -13.2586 2.74407 1
    endloop
  endfacet
  facet normal 0 0 1
    outer loop
      vertex -8.05623 1.7119 1
      vertex -12.9284 2.50417 1
      vertex -8.2664 1.62869 1
    endloop
  endfacet
  facet normal 0 0 1
    outer loop
      vertex -9.28581 0.225599 1
      vertex -11.75 0 1
      vertex -9.3 0 1
    endloop
  endfacet
  facet normal -0 0 1
    outer loop
      vertex -11.7756 0.407332 1
      vertex -9.28581 0.225599 1
      vertex -9.24345 0.447641 1
    endloop
  endfacet
  facet normal 0 0 1
    outer loop
      vertex -11.8521 0.808242 1
      vertex -9.24345 0.447641 1
      vertex -9.1736 0.662623 1
    endloop
  endfacet
  facet normal -0 0 1
    outer loop
      vertex -11.8521 0.808242 1
      vertex -9.1736 0.662623 1
      vertex -9.07735 0.867156 1
    endloop
  endfacet
  facet normal 0 0 1
    outer loop
      vertex -11.9782 1.1964 1
      vertex -9.07735 0.867156 1
      vertex -8.95623 1.05801 1
    endloop
  endfacet
  facet normal 0 0 1
    outer loop
      vertex -12.152 1.5657 1
      vertex -8.95623 1.05801 1
      vertex -8.81214 1.23218 1
    endloop
  endfacet
  facet normal 0 0 1
    outer loop
      vertex -12.3707 1.9103 1
      vertex -8.81214 1.23218 1
      vertex -8.64736 1.38692 1
    endloop
  endfacet
  facet normal 0 0 1
    outer loop
      vertex -8.2664 1.62869 1
      vertex -12.6309 2.22478 1
      vertex -8.46449 1.51979 1
    endloop
  endfacet
  facet normal 0 0 1
    outer loop
      vertex -9.28581 0.225599 1
      vertex -11.7756 0.407332 1
      vertex -11.75 0 1
    endloop
  endfacet
  facet normal 0 0 1
    outer loop
      vertex -9.24345 0.447641 1
      vertex -11.8521 0.808242 1
      vertex -11.7756 0.407332 1
    endloop
  endfacet
  facet normal 0 0 1
    outer loop
      vertex -9.07735 0.867156 1
      vertex -11.9782 1.1964 1
      vertex -11.8521 0.808242 1
    endloop
  endfacet
  facet normal 0 0 1
    outer loop
      vertex -8.95623 1.05801 1
      vertex -12.152 1.5657 1
      vertex -11.9782 1.1964 1
    endloop
  endfacet
  facet normal 0 0 1
    outer loop
      vertex -8.81214 1.23218 1
      vertex -12.3707 1.9103 1
      vertex -12.152 1.5657 1
    endloop
  endfacet
  facet normal 0 0 1
    outer loop
      vertex -8.46449 1.51979 1
      vertex -12.3707 1.9103 1
      vertex -8.64736 1.38692 1
    endloop
  endfacet
  facet normal -0 -0 1
    outer loop
      vertex -12.3707 1.9103 1
      vertex -8.46449 1.51979 1
      vertex -12.6309 2.22478 1
    endloop
  endfacet
  facet normal -0 -0 1
    outer loop
      vertex -12.6309 2.22478 1
      vertex -8.2664 1.62869 1
      vertex -12.9284 2.50417 1
    endloop
  endfacet
  facet normal 0 0 1
    outer loop
      vertex -2.57816 6.99013 1
      vertex -13.6162 2.94069 1
      vertex -13.2586 2.74407 1
    endloop
  endfacet
  facet normal -0 0 1
    outer loop
      vertex -17.314 6.99013 1
      vertex -13.6162 2.94069 1
      vertex -2.57816 6.99013 1
    endloop
  endfacet
  facet normal 0 0 1
    outer loop
      vertex -13.6162 2.94069 1
      vertex -17.314 6.99013 1
      vertex -13.9957 3.09093 1
    endloop
  endfacet
  facet normal 0 0 1
    outer loop
      vertex -13.9957 3.09093 1
      vertex -17.314 6.99013 1
      vertex -14.391 3.19243 1
    endloop
  endfacet
  facet normal 0 0 1
    outer loop
      vertex -14.391 3.19243 1
      vertex -17.314 6.99013 1
      vertex -14.7959 3.24359 1
    endloop
  endfacet
  facet normal 0 0 1
    outer loop
      vertex -14.7959 3.24359 1
      vertex -17.314 6.99013 1
      vertex -15.2041 3.24359 1
    endloop
  endfacet
  facet normal 0 0 1
    outer loop
      vertex -15.2041 3.24359 1
      vertex -17.314 6.99013 1
      vertex -15.609 3.19243 1
    endloop
  endfacet
  facet normal 0 0 1
    outer loop
      vertex -15.609 3.19243 1
      vertex -17.314 6.99013 1
      vertex -16.0043 3.09093 1
    endloop
  endfacet
  facet normal 0 0 1
    outer loop
      vertex -17.314 6.99013 1
      vertex -16.3838 2.94069 1
      vertex -16.0043 3.09093 1
    endloop
  endfacet
  facet normal -0 0 1
    outer loop
      vertex -17.9369 6.91144 1
      vertex -16.3838 2.94069 1
      vertex -17.314 6.99013 1
    endloop
  endfacet
  facet normal 0 0 1
    outer loop
      vertex -16.3838 2.94069 1
      vertex -17.9369 6.91144 1
      vertex -16.7414 2.74407 1
    endloop
  endfacet
  facet normal -0 0 1
    outer loop
      vertex -18.5451 6.75528 1
      vertex -16.7414 2.74407 1
      vertex -17.9369 6.91144 1
    endloop
  endfacet
  facet normal -0 0 1
    outer loop
      vertex -19.1289 6.52413 1
      vertex -16.7414 2.74407 1
      vertex -18.5451 6.75528 1
    endloop
  endfacet
  facet normal 0 0 1
    outer loop
      vertex -16.7414 2.74407 1
      vertex -19.1289 6.52413 1
      vertex -17.0716 2.50417 1
    endloop
  endfacet
  facet normal -0 0 1
    outer loop
      vertex -19.6791 6.22164 1
      vertex -17.0716 2.50417 1
      vertex -19.1289 6.52413 1
    endloop
  endfacet
  facet normal -0 0 1
    outer loop
      vertex -20.1871 5.85257 1
      vertex -17.0716 2.50417 1
      vertex -19.6791 6.22164 1
    endloop
  endfacet
  facet normal 0 0 1
    outer loop
      vertex -17.0716 2.50417 1
      vertex -20.1871 5.85257 1
      vertex -17.3691 2.22478 1
    endloop
  endfacet
  facet normal -0 0 1
    outer loop
      vertex -20.6448 5.42274 1
      vertex -17.3691 2.22478 1
      vertex -20.1871 5.85257 1
    endloop
  endfacet
  facet normal -0 0 1
    outer loop
      vertex -21.0451 4.93893 1
      vertex -17.3691 2.22478 1
      vertex -20.6448 5.42274 1
    endloop
  endfacet
  facet normal 0 0 1
    outer loop
      vertex -17.3691 2.22478 1
      vertex -21.0451 4.93893 1
      vertex -17.6293 1.9103 1
    endloop
  endfacet
  facet normal -0 0 1
    outer loop
      vertex 17.3691 -2.22478 1
      vertex 21.0451 -4.93893 1
      vertex 17.6293 -1.9103 1
    endloop
  endfacet
  facet normal 0 0 1
    outer loop
      vertex 21.0451 -4.93893 1
      vertex 17.3691 -2.22478 1
      vertex 20.6448 -5.42274 1
    endloop
  endfacet
  facet normal 0 0 1
    outer loop
      vertex 20.6448 -5.42274 1
      vertex 17.3691 -2.22478 1
      vertex 20.1871 -5.85257 1
    endloop
  endfacet
  facet normal -0 0 1
    outer loop
      vertex 17.0716 -2.50417 1
      vertex 20.1871 -5.85257 1
      vertex 17.3691 -2.22478 1
    endloop
  endfacet
  facet normal 0 0 1
    outer loop
      vertex 20.1871 -5.85257 1
      vertex 17.0716 -2.50417 1
      vertex 19.6791 -6.22164 1
    endloop
  endfacet
  facet normal 0 0 1
    outer loop
      vertex 19.6791 -6.22164 1
      vertex 17.0716 -2.50417 1
      vertex 19.1289 -6.52413 1
    endloop
  endfacet
  facet normal -0 0 1
    outer loop
      vertex 16.7414 -2.74407 1
      vertex 19.1289 -6.52413 1
      vertex 17.0716 -2.50417 1
    endloop
  endfacet
  facet normal 0 0 1
    outer loop
      vertex 19.1289 -6.52413 1
      vertex 16.7414 -2.74407 1
      vertex 18.5451 -6.75528 1
    endloop
  endfacet
  facet normal 0 0 1
    outer loop
      vertex 18.5451 -6.75528 1
      vertex 16.7414 -2.74407 1
      vertex 17.9369 -6.91144 1
    endloop
  endfacet
  facet normal -0 0 1
    outer loop
      vertex 16.3838 -2.94069 1
      vertex 17.9369 -6.91144 1
      vertex 16.7414 -2.74407 1
    endloop
  endfacet
  facet normal 0 0 1
    outer loop
      vertex 17.9369 -6.91144 1
      vertex 16.3838 -2.94069 1
      vertex 17.314 -6.99013 1
    endloop
  endfacet
  facet normal -0 0 1
    outer loop
      vertex 16.0043 -3.09093 1
      vertex 17.314 -6.99013 1
      vertex 16.3838 -2.94069 1
    endloop
  endfacet
  facet normal -0 0 1
    outer loop
      vertex 15.609 -3.19243 1
      vertex 17.314 -6.99013 1
      vertex 16.0043 -3.09093 1
    endloop
  endfacet
  facet normal -0 0 1
    outer loop
      vertex 15.2041 -3.24359 1
      vertex 17.314 -6.99013 1
      vertex 15.609 -3.19243 1
    endloop
  endfacet
  facet normal -0 0 1
    outer loop
      vertex 14.7959 -3.24359 1
      vertex 17.314 -6.99013 1
      vertex 15.2041 -3.24359 1
    endloop
  endfacet
  facet normal 0 0 1
    outer loop
      vertex 14.391 -3.19243 1
      vertex 17.314 -6.99013 1
      vertex 14.7959 -3.24359 1
    endloop
  endfacet
  facet normal 0 0 1
    outer loop
      vertex 13.9957 -3.09093 1
      vertex 17.314 -6.99013 1
      vertex 14.391 -3.19243 1
    endloop
  endfacet
  facet normal 0 0 1
    outer loop
      vertex 13.6162 -2.94069 1
      vertex 17.314 -6.99013 1
      vertex 13.9957 -3.09093 1
    endloop
  endfacet
  facet normal 0 0 1
    outer loop
      vertex 13.2586 -2.74407 1
      vertex 17.314 -6.99013 1
      vertex 13.6162 -2.94069 1
    endloop
  endfacet
  facet normal 0 0 1
    outer loop
      vertex 8.05623 -1.7119 1
      vertex 13.2586 -2.74407 1
      vertex 12.9284 -2.50417 1
    endloop
  endfacet
  facet normal 0 0 1
    outer loop
      vertex 8.2664 -1.62869 1
      vertex 12.9284 -2.50417 1
      vertex 12.6309 -2.22478 1
    endloop
  endfacet
  facet normal 0 0 1
    outer loop
      vertex 9.28581 -0.225599 1
      vertex 11.75 0 1
      vertex 9.3 0 1
    endloop
  endfacet
  facet normal 0 0 1
    outer loop
      vertex 11.75 0 1
      vertex 9.28581 -0.225599 1
      vertex 11.7756 -0.407332 1
    endloop
  endfacet
  facet normal 0 0 1
    outer loop
      vertex 9.24345 -0.447641 1
      vertex 11.7756 -0.407332 1
      vertex 9.28581 -0.225599 1
    endloop
  endfacet
  facet normal 0 0 1
    outer loop
      vertex 11.7756 -0.407332 1
      vertex 9.24345 -0.447641 1
      vertex 11.8521 -0.808242 1
    endloop
  endfacet
  facet normal -0 0 1
    outer loop
      vertex 9.1736 -0.662623 1
      vertex 11.8521 -0.808242 1
      vertex 9.24345 -0.447641 1
    endloop
  endfacet
  facet normal 0 0 1
    outer loop
      vertex 9.07735 -0.867156 1
      vertex 11.8521 -0.808242 1
      vertex 9.1736 -0.662623 1
    endloop
  endfacet
  facet normal 0 0 1
    outer loop
      vertex 11.8521 -0.808242 1
      vertex 9.07735 -0.867156 1
      vertex 11.9782 -1.1964 1
    endloop
  endfacet
  facet normal -0 0 1
    outer loop
      vertex 8.95623 -1.05801 1
      vertex 11.9782 -1.1964 1
      vertex 9.07735 -0.867156 1
    endloop
  endfacet
  facet normal 0 0 1
    outer loop
      vertex 11.9782 -1.1964 1
      vertex 8.95623 -1.05801 1
      vertex 12.152 -1.5657 1
    endloop
  endfacet
  facet normal -0 0 1
    outer loop
      vertex 8.81214 -1.23218 1
      vertex 12.152 -1.5657 1
      vertex 8.95623 -1.05801 1
    endloop
  endfacet
  facet normal 0 0 1
    outer loop
      vertex 12.152 -1.5657 1
      vertex 8.81214 -1.23218 1
      vertex 12.3707 -1.9103 1
    endloop
  endfacet
  facet normal -0 0 1
    outer loop
      vertex 8.64736 -1.38692 1
      vertex 12.3707 -1.9103 1
      vertex 8.81214 -1.23218 1
    endloop
  endfacet
  facet normal -0 0 1
    outer loop
      vertex 8.46449 -1.51979 1
      vertex 12.3707 -1.9103 1
      vertex 8.64736 -1.38692 1
    endloop
  endfacet
  facet normal 0 0 1
    outer loop
      vertex 12.3707 -1.9103 1
      vertex 8.46449 -1.51979 1
      vertex 12.6309 -2.22478 1
    endloop
  endfacet
  facet normal -0 0 1
    outer loop
      vertex 8.2664 -1.62869 1
      vertex 12.6309 -2.22478 1
      vertex 8.46449 -1.51979 1
    endloop
  endfacet
  facet normal 0 0 1
    outer loop
      vertex 12.9284 -2.50417 1
      vertex 8.2664 -1.62869 1
      vertex 8.05623 -1.7119 1
    endloop
  endfacet
  facet normal 0 0 1
    outer loop
      vertex 13.2586 -2.74407 1
      vertex 8.05623 -1.7119 1
      vertex 7.83729 -1.76812 1
    endloop
  endfacet
  facet normal 0 0 1
    outer loop
      vertex 13.2586 -2.74407 1
      vertex 7.83729 -1.76812 1
      vertex 17.314 -6.99013 1
    endloop
  endfacet
  facet normal -0 0 1
    outer loop
      vertex 7.61302 -1.79645 1
      vertex 17.314 -6.99013 1
      vertex 7.83729 -1.76812 1
    endloop
  endfacet
  facet normal -0 0 1
    outer loop
      vertex 7.38698 -1.79645 1
      vertex 17.314 -6.99013 1
      vertex 7.61302 -1.79645 1
    endloop
  endfacet
  facet normal 0 0 1
    outer loop
      vertex 1.38378 -2.94069 1
      vertex 7.38698 -1.79645 1
      vertex 7.16271 -1.76812 1
    endloop
  endfacet
  facet normal 0 0 1
    outer loop
      vertex 1.74144 -2.74407 1
      vertex 7.16271 -1.76812 1
      vertex 6.94377 -1.7119 1
    endloop
  endfacet
  facet normal 0 0 1
    outer loop
      vertex 2.07163 -2.50417 1
      vertex 6.94377 -1.7119 1
      vertex 6.7336 -1.62869 1
    endloop
  endfacet
  facet normal -0 0 1
    outer loop
      vertex 3.25 0 1
      vertex 5.71419 -0.225599 1
      vertex 5.7 0 1
    endloop
  endfacet
  facet normal 0 0 1
    outer loop
      vertex 3.22437 -0.407332 1
      vertex 5.71419 -0.225599 1
      vertex 3.25 0 1
    endloop
  endfacet
  facet normal 0 0 1
    outer loop
      vertex 5.71419 -0.225599 1
      vertex 3.22437 -0.407332 1
      vertex 5.75655 -0.447641 1
    endloop
  endfacet
  facet normal 0 0 1
    outer loop
      vertex 3.14789 -0.808242 1
      vertex 5.75655 -0.447641 1
      vertex 3.22437 -0.407332 1
    endloop
  endfacet
  facet normal 0 0 1
    outer loop
      vertex 5.75655 -0.447641 1
      vertex 3.14789 -0.808242 1
      vertex 5.8264 -0.662623 1
    endloop
  endfacet
  facet normal 0 0 1
    outer loop
      vertex 5.8264 -0.662623 1
      vertex 3.14789 -0.808242 1
      vertex 5.92265 -0.867156 1
    endloop
  endfacet
  facet normal 0 0 1
    outer loop
      vertex 3.02177 -1.1964 1
      vertex 5.92265 -0.867156 1
      vertex 3.14789 -0.808242 1
    endloop
  endfacet
  facet normal 0 0 1
    outer loop
      vertex 5.92265 -0.867156 1
      vertex 3.02177 -1.1964 1
      vertex 6.04377 -1.05801 1
    endloop
  endfacet
  facet normal 0 0 1
    outer loop
      vertex 2.848 -1.5657 1
      vertex 6.04377 -1.05801 1
      vertex 3.02177 -1.1964 1
    endloop
  endfacet
  facet normal 0 0 1
    outer loop
      vertex 6.04377 -1.05801 1
      vertex 2.848 -1.5657 1
      vertex 6.18786 -1.23218 1
    endloop
  endfacet
  facet normal 0 0 1
    outer loop
      vertex 2.6293 -1.9103 1
      vertex 6.18786 -1.23218 1
      vertex 2.848 -1.5657 1
    endloop
  endfacet
  facet normal 0 0 1
    outer loop
      vertex 6.18786 -1.23218 1
      vertex 2.6293 -1.9103 1
      vertex 6.35264 -1.38692 1
    endloop
  endfacet
  facet normal 0 0 1
    outer loop
      vertex 6.35264 -1.38692 1
      vertex 2.6293 -1.9103 1
      vertex 6.53551 -1.51979 1
    endloop
  endfacet
  facet normal 0 0 1
    outer loop
      vertex 2.36915 -2.22478 1
      vertex 6.53551 -1.51979 1
      vertex 2.6293 -1.9103 1
    endloop
  endfacet
  facet normal 0 0 1
    outer loop
      vertex 6.53551 -1.51979 1
      vertex 2.36915 -2.22478 1
      vertex 6.7336 -1.62869 1
    endloop
  endfacet
  facet normal 0 0 1
    outer loop
      vertex 2.07163 -2.50417 1
      vertex 6.7336 -1.62869 1
      vertex 2.36915 -2.22478 1
    endloop
  endfacet
  facet normal 0 0 1
    outer loop
      vertex 6.94377 -1.7119 1
      vertex 2.07163 -2.50417 1
      vertex 1.74144 -2.74407 1
    endloop
  endfacet
  facet normal 0 0 1
    outer loop
      vertex 7.16271 -1.76812 1
      vertex 1.74144 -2.74407 1
      vertex 1.38378 -2.94069 1
    endloop
  endfacet
  facet normal 0 0 1
    outer loop
      vertex 7.38698 -1.79645 1
      vertex 1.38378 -2.94069 1
      vertex 17.314 -6.99013 1
    endloop
  endfacet
  facet normal -0 0 1
    outer loop
      vertex 1.0043 -3.09093 1
      vertex 17.314 -6.99013 1
      vertex 1.38378 -2.94069 1
    endloop
  endfacet
  facet normal -0 0 1
    outer loop
      vertex 0.608989 -3.19243 1
      vertex 17.314 -6.99013 1
      vertex 1.0043 -3.09093 1
    endloop
  endfacet
  facet normal -0 0 1
    outer loop
      vertex 0.204069 -3.24359 1
      vertex 17.314 -6.99013 1
      vertex 0.608989 -3.19243 1
    endloop
  endfacet
  facet normal -0 0 1
    outer loop
      vertex -0.204069 -3.24359 1
      vertex 17.314 -6.99013 1
      vertex 0.204069 -3.24359 1
    endloop
  endfacet
  facet normal 0 0 1
    outer loop
      vertex -17.314 -6.99013 1
      vertex -0.204069 -3.24359 1
      vertex -0.608989 -3.19243 1
    endloop
  endfacet
  facet normal 0 0 1
    outer loop
      vertex -5.71419 -0.225599 1
      vertex -3.25 0 1
      vertex -5.7 0 1
    endloop
  endfacet
  facet normal 0 0 1
    outer loop
      vertex -3.25 0 1
      vertex -5.71419 -0.225599 1
      vertex -3.22437 -0.407332 1
    endloop
  endfacet
  facet normal 0 0 1
    outer loop
      vertex -5.75655 -0.447641 1
      vertex -3.22437 -0.407332 1
      vertex -5.71419 -0.225599 1
    endloop
  endfacet
  facet normal 0 0 1
    outer loop
      vertex -3.22437 -0.407332 1
      vertex -5.75655 -0.447641 1
      vertex -3.14789 -0.808242 1
    endloop
  endfacet
  facet normal -0 0 1
    outer loop
      vertex -5.8264 -0.662623 1
      vertex -3.14789 -0.808242 1
      vertex -5.75655 -0.447641 1
    endloop
  endfacet
  facet normal 0 0 1
    outer loop
      vertex -5.92265 -0.867156 1
      vertex -3.14789 -0.808242 1
      vertex -5.8264 -0.662623 1
    endloop
  endfacet
  facet normal 0 0 1
    outer loop
      vertex -3.14789 -0.808242 1
      vertex -5.92265 -0.867156 1
      vertex -3.02177 -1.1964 1
    endloop
  endfacet
  facet normal -0 0 1
    outer loop
      vertex -6.04377 -1.05801 1
      vertex -3.02177 -1.1964 1
      vertex -5.92265 -0.867156 1
    endloop
  endfacet
  facet normal 0 0 1
    outer loop
      vertex -3.02177 -1.1964 1
      vertex -6.04377 -1.05801 1
      vertex -2.848 -1.5657 1
    endloop
  endfacet
  facet normal -0 0 1
    outer loop
      vertex -6.18786 -1.23218 1
      vertex -2.848 -1.5657 1
      vertex -6.04377 -1.05801 1
    endloop
  endfacet
  facet normal 0 0 1
    outer loop
      vertex -2.848 -1.5657 1
      vertex -6.18786 -1.23218 1
      vertex -2.6293 -1.9103 1
    endloop
  endfacet
  facet normal -0 0 1
    outer loop
      vertex -6.35264 -1.38692 1
      vertex -2.6293 -1.9103 1
      vertex -6.18786 -1.23218 1
    endloop
  endfacet
  facet normal -0 0 1
    outer loop
      vertex -6.53551 -1.51979 1
      vertex -2.6293 -1.9103 1
      vertex -6.35264 -1.38692 1
    endloop
  endfacet
  facet normal 0 0 1
    outer loop
      vertex -2.6293 -1.9103 1
      vertex -6.53551 -1.51979 1
      vertex -2.36915 -2.22478 1
    endloop
  endfacet
  facet normal -0 0 1
    outer loop
      vertex -6.7336 -1.62869 1
      vertex -2.36915 -2.22478 1
      vertex -6.53551 -1.51979 1
    endloop
  endfacet
  facet normal 0 0 1
    outer loop
      vertex -2.36915 -2.22478 1
      vertex -6.7336 -1.62869 1
      vertex -2.07163 -2.50417 1
    endloop
  endfacet
  facet normal -0 0 1
    outer loop
      vertex -6.94377 -1.7119 1
      vertex -2.07163 -2.50417 1
      vertex -6.7336 -1.62869 1
    endloop
  endfacet
  facet normal 0 0 1
    outer loop
      vertex -2.07163 -2.50417 1
      vertex -6.94377 -1.7119 1
      vertex -1.74144 -2.74407 1
    endloop
  endfacet
  facet normal -0 0 1
    outer loop
      vertex -7.16271 -1.76812 1
      vertex -1.74144 -2.74407 1
      vertex -6.94377 -1.7119 1
    endloop
  endfacet
  facet normal 0 0 1
    outer loop
      vertex -1.74144 -2.74407 1
      vertex -7.16271 -1.76812 1
      vertex -1.38378 -2.94069 1
    endloop
  endfacet
  facet normal -0 0 1
    outer loop
      vertex -7.38698 -1.79645 1
      vertex -1.38378 -2.94069 1
      vertex -7.16271 -1.76812 1
    endloop
  endfacet
  facet normal 0 0 1
    outer loop
      vertex -17.314 -6.99013 1
      vertex -1.38378 -2.94069 1
      vertex -7.38698 -1.79645 1
    endloop
  endfacet
  facet normal 0 0 1
    outer loop
      vertex -1.38378 -2.94069 1
      vertex -17.314 -6.99013 1
      vertex -1.0043 -3.09093 1
    endloop
  endfacet
  facet normal 0 0 1
    outer loop
      vertex -1.0043 -3.09093 1
      vertex -17.314 -6.99013 1
      vertex -0.608989 -3.19243 1
    endloop
  endfacet
  facet normal 0 0 1
    outer loop
      vertex -17.314 -6.99013 1
      vertex -7.38698 -1.79645 1
      vertex -7.61302 -1.79645 1
    endloop
  endfacet
  facet normal 0 0 1
    outer loop
      vertex -17.314 -6.99013 1
      vertex -7.61302 -1.79645 1
      vertex -7.83729 -1.76812 1
    endloop
  endfacet
  facet normal -0 0 1
    outer loop
      vertex -11.75 0 1
      vertex -9.28581 -0.225599 1
      vertex -9.3 0 1
    endloop
  endfacet
  facet normal 0 0 1
    outer loop
      vertex -11.7756 -0.407332 1
      vertex -9.28581 -0.225599 1
      vertex -11.75 0 1
    endloop
  endfacet
  facet normal 0 0 1
    outer loop
      vertex -9.28581 -0.225599 1
      vertex -11.7756 -0.407332 1
      vertex -9.24345 -0.447641 1
    endloop
  endfacet
  facet normal 0 0 1
    outer loop
      vertex -11.8521 -0.808242 1
      vertex -9.24345 -0.447641 1
      vertex -11.7756 -0.407332 1
    endloop
  endfacet
  facet normal 0 0 1
    outer loop
      vertex -9.24345 -0.447641 1
      vertex -11.8521 -0.808242 1
      vertex -9.1736 -0.662623 1
    endloop
  endfacet
  facet normal 0 0 1
    outer loop
      vertex -9.1736 -0.662623 1
      vertex -11.8521 -0.808242 1
      vertex -9.07735 -0.867156 1
    endloop
  endfacet
  facet normal 0 0 1
    outer loop
      vertex -11.9782 -1.1964 1
      vertex -9.07735 -0.867156 1
      vertex -11.8521 -0.808242 1
    endloop
  endfacet
  facet normal 0 0 1
    outer loop
      vertex -9.07735 -0.867156 1
      vertex -11.9782 -1.1964 1
      vertex -8.95623 -1.05801 1
    endloop
  endfacet
  facet normal 0 0 1
    outer loop
      vertex -12.152 -1.5657 1
      vertex -8.95623 -1.05801 1
      vertex -11.9782 -1.1964 1
    endloop
  endfacet
  facet normal 0 0 1
    outer loop
      vertex -8.95623 -1.05801 1
      vertex -12.152 -1.5657 1
      vertex -8.81214 -1.23218 1
    endloop
  endfacet
  facet normal 0 0 1
    outer loop
      vertex -12.3707 -1.9103 1
      vertex -8.81214 -1.23218 1
      vertex -12.152 -1.5657 1
    endloop
  endfacet
  facet normal 0 0 1
    outer loop
      vertex -8.81214 -1.23218 1
      vertex -12.3707 -1.9103 1
      vertex -8.64736 -1.38692 1
    endloop
  endfacet
  facet normal 0 0 1
    outer loop
      vertex -8.64736 -1.38692 1
      vertex -12.3707 -1.9103 1
      vertex -8.46449 -1.51979 1
    endloop
  endfacet
  facet normal 0 0 1
    outer loop
      vertex -12.6309 -2.22478 1
      vertex -8.46449 -1.51979 1
      vertex -12.3707 -1.9103 1
    endloop
  endfacet
  facet normal 0 0 1
    outer loop
      vertex -8.46449 -1.51979 1
      vertex -12.6309 -2.22478 1
      vertex -8.2664 -1.62869 1
    endloop
  endfacet
  facet normal 0 0 1
    outer loop
      vertex -12.9284 -2.50417 1
      vertex -8.2664 -1.62869 1
      vertex -12.6309 -2.22478 1
    endloop
  endfacet
  facet normal 0 0 1
    outer loop
      vertex -8.2664 -1.62869 1
      vertex -12.9284 -2.50417 1
      vertex -8.05623 -1.7119 1
    endloop
  endfacet
  facet normal 0 0 1
    outer loop
      vertex -13.2586 -2.74407 1
      vertex -8.05623 -1.7119 1
      vertex -12.9284 -2.50417 1
    endloop
  endfacet
  facet normal 0 0 1
    outer loop
      vertex -8.05623 -1.7119 1
      vertex -13.2586 -2.74407 1
      vertex -7.83729 -1.76812 1
    endloop
  endfacet
  facet normal 0 0 1
    outer loop
      vertex -7.83729 -1.76812 1
      vertex -13.2586 -2.74407 1
      vertex -17.314 -6.99013 1
    endloop
  endfacet
  facet normal 0 0 1
    outer loop
      vertex -17.314 -6.99013 1
      vertex -13.2586 -2.74407 1
      vertex -13.6162 -2.94069 1
    endloop
  endfacet
  facet normal 0 0 1
    outer loop
      vertex -17.314 -6.99013 1
      vertex -13.6162 -2.94069 1
      vertex -13.9957 -3.09093 1
    endloop
  endfacet
  facet normal 0 0 1
    outer loop
      vertex -17.314 -6.99013 1
      vertex -13.9957 -3.09093 1
      vertex -14.391 -3.19243 1
    endloop
  endfacet
  facet normal 0 0 1
    outer loop
      vertex -17.314 -6.99013 1
      vertex -14.391 -3.19243 1
      vertex -14.7959 -3.24359 1
    endloop
  endfacet
  facet normal 0 0 1
    outer loop
      vertex -17.314 -6.99013 1
      vertex -14.7959 -3.24359 1
      vertex -15.2041 -3.24359 1
    endloop
  endfacet
  facet normal 0 0 1
    outer loop
      vertex -0.204069 -3.24359 1
      vertex -17.314 -6.99013 1
      vertex 17.314 -6.99013 1
    endloop
  endfacet
  facet normal 0 0 1
    outer loop
      vertex -15.609 -3.19243 1
      vertex -17.314 -6.99013 1
      vertex -15.2041 -3.24359 1
    endloop
  endfacet
  facet normal 0 0 1
    outer loop
      vertex -16.0043 -3.09093 1
      vertex -17.314 -6.99013 1
      vertex -15.609 -3.19243 1
    endloop
  endfacet
  facet normal 0 0 1
    outer loop
      vertex -16.3838 -2.94069 1
      vertex -17.314 -6.99013 1
      vertex -16.0043 -3.09093 1
    endloop
  endfacet
  facet normal 0 0 1
    outer loop
      vertex -17.9369 -6.91144 1
      vertex -16.3838 -2.94069 1
      vertex -16.7414 -2.74407 1
    endloop
  endfacet
  facet normal 0 0 1
    outer loop
      vertex -19.1289 -6.52413 1
      vertex -16.7414 -2.74407 1
      vertex -17.0716 -2.50417 1
    endloop
  endfacet
  facet normal 0 0 1
    outer loop
      vertex -20.1871 -5.85257 1
      vertex -17.0716 -2.50417 1
      vertex -17.3691 -2.22478 1
    endloop
  endfacet
  facet normal 0 0 1
    outer loop
      vertex -21.0451 -4.93893 1
      vertex -17.3691 -2.22478 1
      vertex -17.6293 -1.9103 1
    endloop
  endfacet
  facet normal 0 0 1
    outer loop
      vertex -21.6489 -3.84062 1
      vertex -17.6293 -1.9103 1
      vertex -17.848 -1.5657 1
    endloop
  endfacet
  facet normal 0 0 1
    outer loop
      vertex -16.3838 -2.94069 1
      vertex -17.9369 -6.91144 1
      vertex -17.314 -6.99013 1
    endloop
  endfacet
  facet normal 0 0 1
    outer loop
      vertex -21.9606 -2.62667 1
      vertex -17.848 -1.5657 1
      vertex -18.0218 -1.1964 1
    endloop
  endfacet
  facet normal 0 0 1
    outer loop
      vertex -22 -2 1
      vertex -18.0218 -1.1964 1
      vertex -18.1479 -0.808242 1
    endloop
  endfacet
  facet normal 0 0 1
    outer loop
      vertex -22 -2 1
      vertex -18.1479 -0.808242 1
      vertex -18.2244 -0.407332 1
    endloop
  endfacet
  facet normal 0 0 1
    outer loop
      vertex -22 -2 1
      vertex -18.2244 -0.407332 1
      vertex -18.25 0 1
    endloop
  endfacet
  facet normal 0 0 1
    outer loop
      vertex -16.7414 -2.74407 1
      vertex -18.5451 -6.75528 1
      vertex -17.9369 -6.91144 1
    endloop
  endfacet
  facet normal -0 0 1
    outer loop
      vertex -21.3815 4.40877 1
      vertex -17.6293 1.9103 1
      vertex -21.0451 4.93893 1
    endloop
  endfacet
  facet normal -0 0 1
    outer loop
      vertex -21.6489 3.84062 1
      vertex -17.6293 1.9103 1
      vertex -21.3815 4.40877 1
    endloop
  endfacet
  facet normal 0 0 1
    outer loop
      vertex -22 -2 1
      vertex -18.25 0 1
      vertex -22 2 1
    endloop
  endfacet
  facet normal 0 0 1
    outer loop
      vertex -17.6293 1.9103 1
      vertex -21.6489 3.84062 1
      vertex -17.848 1.5657 1
    endloop
  endfacet
  facet normal 0 0 1
    outer loop
      vertex -18.0218 -1.1964 1
      vertex -22 -2 1
      vertex -21.9606 -2.62667 1
    endloop
  endfacet
  facet normal -0 0 1
    outer loop
      vertex -21.8429 3.24345 1
      vertex -17.848 1.5657 1
      vertex -21.6489 3.84062 1
    endloop
  endfacet
  facet normal 0 0 1
    outer loop
      vertex -16.7414 -2.74407 1
      vertex -19.1289 -6.52413 1
      vertex -18.5451 -6.75528 1
    endloop
  endfacet
  facet normal -0 0 1
    outer loop
      vertex -21.9606 2.62667 1
      vertex -17.848 1.5657 1
      vertex -21.8429 3.24345 1
    endloop
  endfacet
  facet normal 0 0 1
    outer loop
      vertex -17.0716 -2.50417 1
      vertex -19.6791 -6.22164 1
      vertex -19.1289 -6.52413 1
    endloop
  endfacet
  facet normal 0 0 1
    outer loop
      vertex -17.848 1.5657 1
      vertex -21.9606 2.62667 1
      vertex -18.0218 1.1964 1
    endloop
  endfacet
  facet normal 0 0 1
    outer loop
      vertex -17.0716 -2.50417 1
      vertex -20.1871 -5.85257 1
      vertex -19.6791 -6.22164 1
    endloop
  endfacet
  facet normal -0 0 1
    outer loop
      vertex -22 2 1
      vertex -18.0218 1.1964 1
      vertex -21.9606 2.62667 1
    endloop
  endfacet
  facet normal 0 0 1
    outer loop
      vertex -17.3691 -2.22478 1
      vertex -20.6448 -5.42274 1
      vertex -20.1871 -5.85257 1
    endloop
  endfacet
  facet normal 0 0 1
    outer loop
      vertex -18.0218 1.1964 1
      vertex -22 2 1
      vertex -18.1479 0.808242 1
    endloop
  endfacet
  facet normal 0 0 1
    outer loop
      vertex -17.3691 -2.22478 1
      vertex -21.0451 -4.93893 1
      vertex -20.6448 -5.42274 1
    endloop
  endfacet
  facet normal 0 0 1
    outer loop
      vertex -18.1479 0.808242 1
      vertex -22 2 1
      vertex -18.2244 0.407332 1
    endloop
  endfacet
  facet normal 0 0 1
    outer loop
      vertex -17.6293 -1.9103 1
      vertex -21.3815 -4.40877 1
      vertex -21.0451 -4.93893 1
    endloop
  endfacet
  facet normal 0 0 1
    outer loop
      vertex -18.2244 0.407332 1
      vertex -22 2 1
      vertex -18.25 0 1
    endloop
  endfacet
  facet normal 0 0 1
    outer loop
      vertex -17.6293 -1.9103 1
      vertex -21.6489 -3.84062 1
      vertex -21.3815 -4.40877 1
    endloop
  endfacet
  facet normal 0 0 1
    outer loop
      vertex -17.848 -1.5657 1
      vertex -21.8429 -3.24345 1
      vertex -21.6489 -3.84062 1
    endloop
  endfacet
  facet normal 0 0 1
    outer loop
      vertex -17.848 -1.5657 1
      vertex -21.9606 -2.62667 1
      vertex -21.8429 -3.24345 1
    endloop
  endfacet
  facet normal 0 0 1
    outer loop
      vertex -6.36288 11.627 1
      vertex -2.54813 12.0055 1
      vertex -2.69365 12.5884 1
    endloop
  endfacet
  facet normal 0 0 1
    outer loop
      vertex -6.55614 12.4958 1
      vertex -2.69365 12.5884 1
      vertex -2.80684 13.2298 1
    endloop
  endfacet
  facet normal -0 0 1
    outer loop
      vertex -6.69418 13.4319 1
      vertex -2.80684 13.2298 1
      vertex -2.88768 13.9299 1
    endloop
  endfacet
  facet normal 0 0 1
    outer loop
      vertex -1.33997 9.9875 1
      vertex -2.89467 7.1132 1
      vertex -2.57816 6.99013 1
    endloop
  endfacet
  facet normal -0 0 1
    outer loop
      vertex -6.77701 14.4353 1
      vertex -2.88768 13.9299 1
      vertex -2.93619 14.6887 1
    endloop
  endfacet
  facet normal -0 0 1
    outer loop
      vertex -6.80461 15.5061 1
      vertex -2.93619 14.6887 1
      vertex -2.95236 15.5061 1
    endloop
  endfacet
  facet normal 0 0 1
    outer loop
      vertex -1.92577 20.3338 1
      vertex -5.47472 21.4979 1
      vertex -2.37491 19.4889 1
    endloop
  endfacet
  facet normal 0 0 1
    outer loop
      vertex -2.93619 14.6887 1
      vertex -6.80461 15.5061 1
      vertex -6.77701 14.4353 1
    endloop
  endfacet
  facet normal -0 0 1
    outer loop
      vertex -5.88107 20.7254 1
      vertex -2.37491 19.4889 1
      vertex -5.47472 21.4979 1
    endloop
  endfacet
  facet normal 0 0 1
    outer loop
      vertex -2.88768 13.9299 1
      vertex -6.77701 14.4353 1
      vertex -6.69418 13.4319 1
    endloop
  endfacet
  facet normal -0 0 1
    outer loop
      vertex -6.21355 19.8625 1
      vertex -2.37491 19.4889 1
      vertex -5.88107 20.7254 1
    endloop
  endfacet
  facet normal 0 0 1
    outer loop
      vertex -2.80684 13.2298 1
      vertex -6.69418 13.4319 1
      vertex -6.55614 12.4958 1
    endloop
  endfacet
  facet normal 0 0 1
    outer loop
      vertex -2.37491 19.4889 1
      vertex -6.21355 19.8625 1
      vertex -2.69571 18.4027 1
    endloop
  endfacet
  facet normal 0 0 1
    outer loop
      vertex -2.69365 12.5884 1
      vertex -6.55614 12.4958 1
      vertex -6.36288 11.627 1
    endloop
  endfacet
  facet normal 0 0 1
    outer loop
      vertex -2.54813 12.0055 1
      vertex -6.36288 11.627 1
      vertex -6.11441 10.8255 1
    endloop
  endfacet
  facet normal -0 0 1
    outer loop
      vertex -6.47214 18.9091 1
      vertex -2.69571 18.4027 1
      vertex -6.21355 19.8625 1
    endloop
  endfacet
  facet normal 0 0 1
    outer loop
      vertex -2.54813 12.0055 1
      vertex -6.11441 10.8255 1
      vertex -5.81071 10.0914 1
    endloop
  endfacet
  facet normal 0 0 1
    outer loop
      vertex -6.65685 17.8652 1
      vertex -2.69571 18.4027 1
      vertex -6.47214 18.9091 1
    endloop
  endfacet
  facet normal 0 0 1
    outer loop
      vertex -2.37025 11.4813 1
      vertex -5.81071 10.0914 1
      vertex -5.45181 9.42453 1
    endloop
  endfacet
  facet normal 0 0 1
    outer loop
      vertex -2.69571 18.4027 1
      vertex -6.65685 17.8652 1
      vertex -2.8882 17.0751 1
    endloop
  endfacet
  facet normal 0 0 1
    outer loop
      vertex -1.33997 9.9875 1
      vertex -3.50603 7.43874 1
      vertex -2.89467 7.1132 1
    endloop
  endfacet
  facet normal 0 0 1
    outer loop
      vertex -6.76767 16.7309 1
      vertex -2.8882 17.0751 1
      vertex -6.65685 17.8652 1
    endloop
  endfacet
  facet normal 0 0 1
    outer loop
      vertex -1.91798 10.6107 1
      vertex -5.04031 8.82553 1
      vertex -4.57884 8.29489 1
    endloop
  endfacet
  facet normal 0 0 1
    outer loop
      vertex -2.8882 17.0751 1
      vertex -6.76767 16.7309 1
      vertex -2.95236 15.5061 1
    endloop
  endfacet
  facet normal 0 0 1
    outer loop
      vertex -1.91798 10.6107 1
      vertex -4.57884 8.29489 1
      vertex -4.06741 7.83263 1
    endloop
  endfacet
  facet normal 0 0 1
    outer loop
      vertex -2.95236 15.5061 1
      vertex -6.76767 16.7309 1
      vertex -6.80461 15.5061 1
    endloop
  endfacet
  facet normal 0 0 1
    outer loop
      vertex -1.64462 10.2679 1
      vertex -4.06741 7.83263 1
      vertex -3.50603 7.43874 1
    endloop
  endfacet
  facet normal 0 0 1
    outer loop
      vertex -2.16006 11.0158 1
      vertex -5.45181 9.42453 1
      vertex -5.04031 8.82553 1
    endloop
  endfacet
  facet normal 0.998029 -0.0627481 0
    outer loop
      vertex 21.9606 -2.62667 1
      vertex 22 -2 0
      vertex 22 -2 1
    endloop
  endfacet
  facet normal 0.998029 -0.0627481 0
    outer loop
      vertex 22 -2 0
      vertex 21.9606 -2.62667 1
      vertex 21.9606 -2.62667 0
    endloop
  endfacet
  facet normal 0 1 -0
    outer loop
      vertex -2.57816 6.99013 0
      vertex -17.314 6.99013 1
      vertex -2.57816 6.99013 1
    endloop
  endfacet
  facet normal 0 1 0
    outer loop
      vertex -17.314 6.99013 1
      vertex -2.57816 6.99013 0
      vertex -17.314 6.99013 0
    endloop
  endfacet
  facet normal 0 1 -0
    outer loop
      vertex 17.314 6.99013 0
      vertex 2.99185 6.99013 1
      vertex 17.314 6.99013 1
    endloop
  endfacet
  facet normal 0 1 0
    outer loop
      vertex 2.99185 6.99013 1
      vertex 17.314 6.99013 0
      vertex 2.99185 6.99013 0
    endloop
  endfacet
  facet normal 0.125332 0.992115 -0
    outer loop
      vertex 17.9369 6.91144 0
      vertex 17.314 6.99013 1
      vertex 17.9369 6.91144 1
    endloop
  endfacet
  facet normal 0.125332 0.992115 0
    outer loop
      vertex 17.314 6.99013 1
      vertex 17.9369 6.91144 0
      vertex 17.314 6.99013 0
    endloop
  endfacet
  facet normal 0 -1 0
    outer loop
      vertex -17.314 -6.99013 0
      vertex 17.314 -6.99013 1
      vertex -17.314 -6.99013 1
    endloop
  endfacet
  facet normal 0 -1 -0
    outer loop
      vertex 17.314 -6.99013 1
      vertex -17.314 -6.99013 0
      vertex 17.314 -6.99013 0
    endloop
  endfacet
  facet normal -0.125332 0.992115 0
    outer loop
      vertex -17.314 6.99013 0
      vertex -17.9369 6.91144 1
      vertex -17.314 6.99013 1
    endloop
  endfacet
  facet normal -0.125332 0.992115 0
    outer loop
      vertex -17.9369 6.91144 1
      vertex -17.314 6.99013 0
      vertex -17.9369 6.91144 0
    endloop
  endfacet
  facet normal -0.125332 -0.992115 0
    outer loop
      vertex -17.9369 -6.91144 0
      vertex -17.314 -6.99013 1
      vertex -17.9369 -6.91144 1
    endloop
  endfacet
  facet normal -0.125332 -0.992115 -0
    outer loop
      vertex -17.314 -6.99013 1
      vertex -17.9369 -6.91144 0
      vertex -17.314 -6.99013 0
    endloop
  endfacet
  facet normal 0.770468 -0.637478 0
    outer loop
      vertex 20.6448 -5.42274 1
      vertex 21.0451 -4.93893 0
      vertex 21.0451 -4.93893 1
    endloop
  endfacet
  facet normal 0.770468 -0.637478 0
    outer loop
      vertex 21.0451 -4.93893 0
      vertex 20.6448 -5.42274 1
      vertex 20.6448 -5.42274 0
    endloop
  endfacet
  facet normal 0.982275 -0.187447 0
    outer loop
      vertex 21.8429 -3.24345 1
      vertex 21.9606 -2.62667 0
      vertex 21.9606 -2.62667 1
    endloop
  endfacet
  facet normal 0.982275 -0.187447 0
    outer loop
      vertex 21.9606 -2.62667 0
      vertex 21.8429 -3.24345 1
      vertex 21.8429 -3.24345 0
    endloop
  endfacet
  facet normal 1 -0 0
    outer loop
      vertex 22 -2 1
      vertex 22 2 0
      vertex 22 2 1
    endloop
  endfacet
  facet normal 1 0 0
    outer loop
      vertex 22 2 0
      vertex 22 -2 1
      vertex 22 -2 0
    endloop
  endfacet
  facet normal -0.481772 0.876297 0
    outer loop
      vertex -19.1289 6.52413 0
      vertex -19.6791 6.22164 1
      vertex -19.1289 6.52413 1
    endloop
  endfacet
  facet normal -0.481772 0.876297 0
    outer loop
      vertex -19.6791 6.22164 1
      vertex -19.1289 6.52413 0
      vertex -19.6791 6.22164 0
    endloop
  endfacet
  facet normal -0.770468 0.637478 0
    outer loop
      vertex -21.0451 4.93893 0
      vertex -20.6448 5.42274 1
      vertex -20.6448 5.42274 0
    endloop
  endfacet
  facet normal -0.770468 0.637478 0
    outer loop
      vertex -20.6448 5.42274 1
      vertex -21.0451 4.93893 0
      vertex -21.0451 4.93893 1
    endloop
  endfacet
  facet normal 0.998029 0.0627481 0
    outer loop
      vertex 22 2 1
      vertex 21.9606 2.62667 0
      vertex 21.9606 2.62667 1
    endloop
  endfacet
  facet normal 0.998029 0.0627481 0
    outer loop
      vertex 21.9606 2.62667 0
      vertex 22 2 1
      vertex 22 2 0
    endloop
  endfacet
  facet normal 0.684565 0.728952 -0
    outer loop
      vertex 20.6448 5.42274 0
      vertex 20.1871 5.85257 1
      vertex 20.6448 5.42274 1
    endloop
  endfacet
  facet normal 0.684565 0.728952 0
    outer loop
      vertex 20.1871 5.85257 1
      vertex 20.6448 5.42274 0
      vertex 20.1871 5.85257 0
    endloop
  endfacet
  facet normal 0.770468 0.637478 0
    outer loop
      vertex 21.0451 4.93893 1
      vertex 20.6448 5.42274 0
      vertex 20.6448 5.42274 1
    endloop
  endfacet
  facet normal 0.770468 0.637478 0
    outer loop
      vertex 20.6448 5.42274 0
      vertex 21.0451 4.93893 1
      vertex 21.0451 4.93893 0
    endloop
  endfacet
  facet normal -0.248691 -0.968583 0
    outer loop
      vertex -18.5451 -6.75528 0
      vertex -17.9369 -6.91144 1
      vertex -18.5451 -6.75528 1
    endloop
  endfacet
  facet normal -0.248691 -0.968583 -0
    outer loop
      vertex -17.9369 -6.91144 1
      vertex -18.5451 -6.75528 0
      vertex -17.9369 -6.91144 0
    endloop
  endfacet
  facet normal 0.951072 -0.30897 0
    outer loop
      vertex 21.6489 -3.84062 1
      vertex 21.8429 -3.24345 0
      vertex 21.8429 -3.24345 1
    endloop
  endfacet
  facet normal 0.951072 -0.30897 0
    outer loop
      vertex 21.8429 -3.24345 0
      vertex 21.6489 -3.84062 1
      vertex 21.6489 -3.84062 0
    endloop
  endfacet
  facet normal -0.951072 0.30897 0
    outer loop
      vertex -21.8429 3.24345 0
      vertex -21.6489 3.84062 1
      vertex -21.6489 3.84062 0
    endloop
  endfacet
  facet normal -0.951072 0.30897 0
    outer loop
      vertex -21.6489 3.84062 1
      vertex -21.8429 3.24345 0
      vertex -21.8429 3.24345 1
    endloop
  endfacet
  facet normal -0.844364 0.53577 0
    outer loop
      vertex -21.3815 4.40877 0
      vertex -21.0451 4.93893 1
      vertex -21.0451 4.93893 0
    endloop
  endfacet
  facet normal -0.844364 0.53577 0
    outer loop
      vertex -21.0451 4.93893 1
      vertex -21.3815 4.40877 0
      vertex -21.3815 4.40877 1
    endloop
  endfacet
  facet normal -0.368135 0.929773 0
    outer loop
      vertex -18.5451 6.75528 0
      vertex -19.1289 6.52413 1
      vertex -18.5451 6.75528 1
    endloop
  endfacet
  facet normal -0.368135 0.929773 0
    outer loop
      vertex -19.1289 6.52413 1
      vertex -18.5451 6.75528 0
      vertex -19.1289 6.52413 0
    endloop
  endfacet
  facet normal -0.248691 0.968583 0
    outer loop
      vertex -17.9369 6.91144 0
      vertex -18.5451 6.75528 1
      vertex -17.9369 6.91144 1
    endloop
  endfacet
  facet normal -0.248691 0.968583 0
    outer loop
      vertex -18.5451 6.75528 1
      vertex -17.9369 6.91144 0
      vertex -18.5451 6.75528 0
    endloop
  endfacet
  facet normal 0.248691 0.968583 -0
    outer loop
      vertex 18.5451 6.75528 0
      vertex 17.9369 6.91144 1
      vertex 18.5451 6.75528 1
    endloop
  endfacet
  facet normal 0.248691 0.968583 0
    outer loop
      vertex 17.9369 6.91144 1
      vertex 18.5451 6.75528 0
      vertex 17.9369 6.91144 0
    endloop
  endfacet
  facet normal 0.982275 0.187447 0
    outer loop
      vertex 21.9606 2.62667 1
      vertex 21.8429 3.24345 0
      vertex 21.8429 3.24345 1
    endloop
  endfacet
  facet normal 0.982275 0.187447 0
    outer loop
      vertex 21.8429 3.24345 0
      vertex 21.9606 2.62667 1
      vertex 21.9606 2.62667 0
    endloop
  endfacet
  facet normal 0.587771 0.809027 -0
    outer loop
      vertex 20.1871 5.85257 0
      vertex 19.6791 6.22164 1
      vertex 20.1871 5.85257 1
    endloop
  endfacet
  facet normal 0.587771 0.809027 0
    outer loop
      vertex 19.6791 6.22164 1
      vertex 20.1871 5.85257 0
      vertex 19.6791 6.22164 0
    endloop
  endfacet
  facet normal 0.481772 0.876297 -0
    outer loop
      vertex 19.6791 6.22164 0
      vertex 19.1289 6.52413 1
      vertex 19.6791 6.22164 1
    endloop
  endfacet
  facet normal 0.481772 0.876297 0
    outer loop
      vertex 19.1289 6.52413 1
      vertex 19.6791 6.22164 0
      vertex 19.1289 6.52413 0
    endloop
  endfacet
  facet normal 0 0 -1
    outer loop
      vertex 18.0218 -1.1964 0
      vertex 22 -2 0
      vertex 21.9606 -2.62667 0
    endloop
  endfacet
  facet normal 0 0 -1
    outer loop
      vertex 22 -2 0
      vertex 18.25 0 0
      vertex 22 2 0
    endloop
  endfacet
  facet normal 0 0 -1
    outer loop
      vertex 17.848 -1.5657 0
      vertex 21.9606 -2.62667 0
      vertex 21.8429 -3.24345 0
    endloop
  endfacet
  facet normal 0 0 -1
    outer loop
      vertex 18.2244 0.407332 0
      vertex 22 2 0
      vertex 18.25 0 0
    endloop
  endfacet
  facet normal 0 0 -1
    outer loop
      vertex 17.848 -1.5657 0
      vertex 21.8429 -3.24345 0
      vertex 21.6489 -3.84062 0
    endloop
  endfacet
  facet normal 0 0 -1
    outer loop
      vertex 18.1479 0.808242 0
      vertex 22 2 0
      vertex 18.2244 0.407332 0
    endloop
  endfacet
  facet normal 0 0 -1
    outer loop
      vertex 17.6293 -1.9103 0
      vertex 21.6489 -3.84062 0
      vertex 21.3815 -4.40877 0
    endloop
  endfacet
  facet normal 0 0 -1
    outer loop
      vertex 18.0218 1.1964 0
      vertex 22 2 0
      vertex 18.1479 0.808242 0
    endloop
  endfacet
  facet normal 0 0 -1
    outer loop
      vertex 17.6293 -1.9103 0
      vertex 21.3815 -4.40877 0
      vertex 21.0451 -4.93893 0
    endloop
  endfacet
  facet normal -0 0 -1
    outer loop
      vertex 22 2 0
      vertex 18.0218 1.1964 0
      vertex 21.9606 2.62667 0
    endloop
  endfacet
  facet normal 0 0 -1
    outer loop
      vertex 17.3691 -2.22478 0
      vertex 21.0451 -4.93893 0
      vertex 20.6448 -5.42274 0
    endloop
  endfacet
  facet normal 0 0 -1
    outer loop
      vertex 17.848 1.5657 0
      vertex 21.9606 2.62667 0
      vertex 18.0218 1.1964 0
    endloop
  endfacet
  facet normal 0 0 -1
    outer loop
      vertex 17.3691 -2.22478 0
      vertex 20.6448 -5.42274 0
      vertex 20.1871 -5.85257 0
    endloop
  endfacet
  facet normal -0 0 -1
    outer loop
      vertex 21.9606 2.62667 0
      vertex 17.848 1.5657 0
      vertex 21.8429 3.24345 0
    endloop
  endfacet
  facet normal 0 0 -1
    outer loop
      vertex 17.0716 -2.50417 0
      vertex 20.1871 -5.85257 0
      vertex 19.6791 -6.22164 0
    endloop
  endfacet
  facet normal -0 0 -1
    outer loop
      vertex 21.8429 3.24345 0
      vertex 17.848 1.5657 0
      vertex 21.6489 3.84062 0
    endloop
  endfacet
  facet normal 0 0 -1
    outer loop
      vertex 17.0716 -2.50417 0
      vertex 19.6791 -6.22164 0
      vertex 19.1289 -6.52413 0
    endloop
  endfacet
  facet normal 0 0 -1
    outer loop
      vertex 17.6293 1.9103 0
      vertex 21.6489 3.84062 0
      vertex 17.848 1.5657 0
    endloop
  endfacet
  facet normal 0 0 -1
    outer loop
      vertex 16.7414 -2.74407 0
      vertex 19.1289 -6.52413 0
      vertex 18.5451 -6.75528 0
    endloop
  endfacet
  facet normal -0 0 -1
    outer loop
      vertex 21.6489 3.84062 0
      vertex 17.6293 1.9103 0
      vertex 21.3815 4.40877 0
    endloop
  endfacet
  facet normal -0 0 -1
    outer loop
      vertex 21.3815 4.40877 0
      vertex 17.6293 1.9103 0
      vertex 21.0451 4.93893 0
    endloop
  endfacet
  facet normal 0 0 -1
    outer loop
      vertex 22 -2 0
      vertex 18.2244 -0.407332 0
      vertex 18.25 0 0
    endloop
  endfacet
  facet normal 0 0 -1
    outer loop
      vertex 22 -2 0
      vertex 18.1479 -0.808242 0
      vertex 18.2244 -0.407332 0
    endloop
  endfacet
  facet normal 0 0 -1
    outer loop
      vertex 22 -2 0
      vertex 18.0218 -1.1964 0
      vertex 18.1479 -0.808242 0
    endloop
  endfacet
  facet normal 0 0 -1
    outer loop
      vertex 16.7414 -2.74407 0
      vertex 18.5451 -6.75528 0
      vertex 17.9369 -6.91144 0
    endloop
  endfacet
  facet normal 0 0 -1
    outer loop
      vertex 21.9606 -2.62667 0
      vertex 17.848 -1.5657 0
      vertex 18.0218 -1.1964 0
    endloop
  endfacet
  facet normal 0 0 -1
    outer loop
      vertex 21.6489 -3.84062 0
      vertex 17.6293 -1.9103 0
      vertex 17.848 -1.5657 0
    endloop
  endfacet
  facet normal 0 0 -1
    outer loop
      vertex 21.0451 -4.93893 0
      vertex 17.3691 -2.22478 0
      vertex 17.6293 -1.9103 0
    endloop
  endfacet
  facet normal 0 0 -1
    outer loop
      vertex 16.3838 -2.94069 0
      vertex 17.9369 -6.91144 0
      vertex 17.314 -6.99013 0
    endloop
  endfacet
  facet normal 0 0 -1
    outer loop
      vertex 20.1871 -5.85257 0
      vertex 17.0716 -2.50417 0
      vertex 17.3691 -2.22478 0
    endloop
  endfacet
  facet normal 0 0 -1
    outer loop
      vertex 19.1289 -6.52413 0
      vertex 16.7414 -2.74407 0
      vertex 17.0716 -2.50417 0
    endloop
  endfacet
  facet normal 0 0 -1
    outer loop
      vertex 17.9369 -6.91144 0
      vertex 16.3838 -2.94069 0
      vertex 16.7414 -2.74407 0
    endloop
  endfacet
  facet normal 0 0 -1
    outer loop
      vertex 17.314 -6.99013 0
      vertex 16.0043 -3.09093 0
      vertex 16.3838 -2.94069 0
    endloop
  endfacet
  facet normal 0 0 -1
    outer loop
      vertex 17.314 -6.99013 0
      vertex 15.609 -3.19243 0
      vertex 16.0043 -3.09093 0
    endloop
  endfacet
  facet normal 0 0 -1
    outer loop
      vertex 17.314 -6.99013 0
      vertex 15.2041 -3.24359 0
      vertex 15.609 -3.19243 0
    endloop
  endfacet
  facet normal 0 0 -1
    outer loop
      vertex 17.314 -6.99013 0
      vertex 14.7959 -3.24359 0
      vertex 15.2041 -3.24359 0
    endloop
  endfacet
  facet normal 0 0 -1
    outer loop
      vertex 17.314 -6.99013 0
      vertex 14.391 -3.19243 0
      vertex 14.7959 -3.24359 0
    endloop
  endfacet
  facet normal 0 0 -1
    outer loop
      vertex 17.314 -6.99013 0
      vertex 13.9957 -3.09093 0
      vertex 14.391 -3.19243 0
    endloop
  endfacet
  facet normal 0 0 -1
    outer loop
      vertex 17.314 -6.99013 0
      vertex 13.6162 -2.94069 0
      vertex 13.9957 -3.09093 0
    endloop
  endfacet
  facet normal 0 0 -1
    outer loop
      vertex 17.314 -6.99013 0
      vertex 13.2586 -2.74407 0
      vertex 13.6162 -2.94069 0
    endloop
  endfacet
  facet normal 0 0 -1
    outer loop
      vertex 7.83729 -1.76812 0
      vertex 13.2586 -2.74407 0
      vertex 17.314 -6.99013 0
    endloop
  endfacet
  facet normal 0 -0 -1
    outer loop
      vertex 8.05623 -1.7119 0
      vertex 13.2586 -2.74407 0
      vertex 7.83729 -1.76812 0
    endloop
  endfacet
  facet normal 0 0 -1
    outer loop
      vertex 9.28581 -0.225599 0
      vertex 11.75 0 0
      vertex 11.7756 -0.407332 0
    endloop
  endfacet
  facet normal 0 0 -1
    outer loop
      vertex 9.24345 -0.447641 0
      vertex 11.7756 -0.407332 0
      vertex 11.8521 -0.808242 0
    endloop
  endfacet
  facet normal 0 0 -1
    outer loop
      vertex 9.07735 -0.867156 0
      vertex 11.8521 -0.808242 0
      vertex 11.9782 -1.1964 0
    endloop
  endfacet
  facet normal 0 0 -1
    outer loop
      vertex 8.95623 -1.05801 0
      vertex 11.9782 -1.1964 0
      vertex 12.152 -1.5657 0
    endloop
  endfacet
  facet normal 0 0 -1
    outer loop
      vertex 8.81214 -1.23218 0
      vertex 12.152 -1.5657 0
      vertex 12.3707 -1.9103 0
    endloop
  endfacet
  facet normal 0 0 -1
    outer loop
      vertex 8.46449 -1.51979 0
      vertex 12.3707 -1.9103 0
      vertex 12.6309 -2.22478 0
    endloop
  endfacet
  facet normal 0 0 -1
    outer loop
      vertex 13.2586 -2.74407 0
      vertex 8.05623 -1.7119 0
      vertex 12.9284 -2.50417 0
    endloop
  endfacet
  facet normal -0 0 -1
    outer loop
      vertex 11.75 0 0
      vertex 9.28581 -0.225599 0
      vertex 9.3 0 0
    endloop
  endfacet
  facet normal -0 0 -1
    outer loop
      vertex 11.7756 -0.407332 0
      vertex 9.24345 -0.447641 0
      vertex 9.28581 -0.225599 0
    endloop
  endfacet
  facet normal 0 0 -1
    outer loop
      vertex 11.8521 -0.808242 0
      vertex 9.1736 -0.662623 0
      vertex 9.24345 -0.447641 0
    endloop
  endfacet
  facet normal -0 0 -1
    outer loop
      vertex 11.8521 -0.808242 0
      vertex 9.07735 -0.867156 0
      vertex 9.1736 -0.662623 0
    endloop
  endfacet
  facet normal 0 0 -1
    outer loop
      vertex 11.9782 -1.1964 0
      vertex 8.95623 -1.05801 0
      vertex 9.07735 -0.867156 0
    endloop
  endfacet
  facet normal 0 0 -1
    outer loop
      vertex 12.152 -1.5657 0
      vertex 8.81214 -1.23218 0
      vertex 8.95623 -1.05801 0
    endloop
  endfacet
  facet normal 0 0 -1
    outer loop
      vertex 12.3707 -1.9103 0
      vertex 8.64736 -1.38692 0
      vertex 8.81214 -1.23218 0
    endloop
  endfacet
  facet normal 0 0 -1
    outer loop
      vertex 12.3707 -1.9103 0
      vertex 8.46449 -1.51979 0
      vertex 8.64736 -1.38692 0
    endloop
  endfacet
  facet normal 0 0 -1
    outer loop
      vertex 12.6309 -2.22478 0
      vertex 8.2664 -1.62869 0
      vertex 8.46449 -1.51979 0
    endloop
  endfacet
  facet normal 0 0 -1
    outer loop
      vertex 12.9284 -2.50417 0
      vertex 8.2664 -1.62869 0
      vertex 12.6309 -2.22478 0
    endloop
  endfacet
  facet normal 0 -0 -1
    outer loop
      vertex 8.2664 -1.62869 0
      vertex 12.9284 -2.50417 0
      vertex 8.05623 -1.7119 0
    endloop
  endfacet
  facet normal 0 0 -1
    outer loop
      vertex 17.314 -6.99013 0
      vertex 7.61302 -1.79645 0
      vertex 7.83729 -1.76812 0
    endloop
  endfacet
  facet normal 0 0 -1
    outer loop
      vertex 17.314 -6.99013 0
      vertex 7.38698 -1.79645 0
      vertex 7.61302 -1.79645 0
    endloop
  endfacet
  facet normal 0 0 -1
    outer loop
      vertex 1.38378 -2.94069 0
      vertex 7.38698 -1.79645 0
      vertex 17.314 -6.99013 0
    endloop
  endfacet
  facet normal -0 0 -1
    outer loop
      vertex 7.38698 -1.79645 0
      vertex 1.38378 -2.94069 0
      vertex 7.16271 -1.76812 0
    endloop
  endfacet
  facet normal 0 -0 -1
    outer loop
      vertex 1.74144 -2.74407 0
      vertex 7.16271 -1.76812 0
      vertex 1.38378 -2.94069 0
    endloop
  endfacet
  facet normal 0 0 -1
    outer loop
      vertex 5.71419 -0.225599 0
      vertex 3.25 0 0
      vertex 5.7 0 0
    endloop
  endfacet
  facet normal 0 0 -1
    outer loop
      vertex 3.22437 -0.407332 0
      vertex 5.71419 -0.225599 0
      vertex 5.75655 -0.447641 0
    endloop
  endfacet
  facet normal 0 0 -1
    outer loop
      vertex 3.14789 -0.808242 0
      vertex 5.75655 -0.447641 0
      vertex 5.8264 -0.662623 0
    endloop
  endfacet
  facet normal 0 0 -1
    outer loop
      vertex 3.14789 -0.808242 0
      vertex 5.8264 -0.662623 0
      vertex 5.92265 -0.867156 0
    endloop
  endfacet
  facet normal 0 0 -1
    outer loop
      vertex 3.02177 -1.1964 0
      vertex 5.92265 -0.867156 0
      vertex 6.04377 -1.05801 0
    endloop
  endfacet
  facet normal 0 0 -1
    outer loop
      vertex 2.848 -1.5657 0
      vertex 6.04377 -1.05801 0
      vertex 6.18786 -1.23218 0
    endloop
  endfacet
  facet normal 0 0 -1
    outer loop
      vertex 2.6293 -1.9103 0
      vertex 6.18786 -1.23218 0
      vertex 6.35264 -1.38692 0
    endloop
  endfacet
  facet normal 0 0 -1
    outer loop
      vertex 2.6293 -1.9103 0
      vertex 6.35264 -1.38692 0
      vertex 6.53551 -1.51979 0
    endloop
  endfacet
  facet normal 0 0 -1
    outer loop
      vertex 2.36915 -2.22478 0
      vertex 6.53551 -1.51979 0
      vertex 6.7336 -1.62869 0
    endloop
  endfacet
  facet normal -0 0 -1
    outer loop
      vertex 7.16271 -1.76812 0
      vertex 1.74144 -2.74407 0
      vertex 6.94377 -1.7119 0
    endloop
  endfacet
  facet normal -0 0 -1
    outer loop
      vertex 5.71419 -0.225599 0
      vertex 3.22437 -0.407332 0
      vertex 3.25 0 0
    endloop
  endfacet
  facet normal -0 0 -1
    outer loop
      vertex 5.75655 -0.447641 0
      vertex 3.14789 -0.808242 0
      vertex 3.22437 -0.407332 0
    endloop
  endfacet
  facet normal -0 0 -1
    outer loop
      vertex 5.92265 -0.867156 0
      vertex 3.02177 -1.1964 0
      vertex 3.14789 -0.808242 0
    endloop
  endfacet
  facet normal 0 0 -1
    outer loop
      vertex 6.04377 -1.05801 0
      vertex 2.848 -1.5657 0
      vertex 3.02177 -1.1964 0
    endloop
  endfacet
  facet normal 0 0 -1
    outer loop
      vertex 6.18786 -1.23218 0
      vertex 2.6293 -1.9103 0
      vertex 2.848 -1.5657 0
    endloop
  endfacet
  facet normal 0 0 -1
    outer loop
      vertex 6.53551 -1.51979 0
      vertex 2.36915 -2.22478 0
      vertex 2.6293 -1.9103 0
    endloop
  endfacet
  facet normal 0 0 -1
    outer loop
      vertex 6.7336 -1.62869 0
      vertex 2.07163 -2.50417 0
      vertex 2.36915 -2.22478 0
    endloop
  endfacet
  facet normal -0 0 -1
    outer loop
      vertex 6.94377 -1.7119 0
      vertex 2.07163 -2.50417 0
      vertex 6.7336 -1.62869 0
    endloop
  endfacet
  facet normal 0 -0 -1
    outer loop
      vertex 2.07163 -2.50417 0
      vertex 6.94377 -1.7119 0
      vertex 1.74144 -2.74407 0
    endloop
  endfacet
  facet normal 0 0 -1
    outer loop
      vertex 17.314 -6.99013 0
      vertex 1.0043 -3.09093 0
      vertex 1.38378 -2.94069 0
    endloop
  endfacet
  facet normal 0 0 -1
    outer loop
      vertex 17.314 -6.99013 0
      vertex 0.608989 -3.19243 0
      vertex 1.0043 -3.09093 0
    endloop
  endfacet
  facet normal 0 0 -1
    outer loop
      vertex 17.314 -6.99013 0
      vertex 0.204069 -3.24359 0
      vertex 0.608989 -3.19243 0
    endloop
  endfacet
  facet normal 0 0 -1
    outer loop
      vertex 17.314 -6.99013 0
      vertex -0.204069 -3.24359 0
      vertex 0.204069 -3.24359 0
    endloop
  endfacet
  facet normal 0 0 -1
    outer loop
      vertex -17.314 -6.99013 0
      vertex -0.204069 -3.24359 0
      vertex 17.314 -6.99013 0
    endloop
  endfacet
  facet normal 0 0 -1
    outer loop
      vertex -5.71419 -0.225599 0
      vertex -3.25 0 0
      vertex -3.22437 -0.407332 0
    endloop
  endfacet
  facet normal 0 0 -1
    outer loop
      vertex -5.75655 -0.447641 0
      vertex -3.22437 -0.407332 0
      vertex -3.14789 -0.808242 0
    endloop
  endfacet
  facet normal 0 0 -1
    outer loop
      vertex -5.92265 -0.867156 0
      vertex -3.14789 -0.808242 0
      vertex -3.02177 -1.1964 0
    endloop
  endfacet
  facet normal 0 0 -1
    outer loop
      vertex -6.04377 -1.05801 0
      vertex -3.02177 -1.1964 0
      vertex -2.848 -1.5657 0
    endloop
  endfacet
  facet normal 0 0 -1
    outer loop
      vertex -6.18786 -1.23218 0
      vertex -2.848 -1.5657 0
      vertex -2.6293 -1.9103 0
    endloop
  endfacet
  facet normal 0 0 -1
    outer loop
      vertex -6.53551 -1.51979 0
      vertex -2.6293 -1.9103 0
      vertex -2.36915 -2.22478 0
    endloop
  endfacet
  facet normal 0 0 -1
    outer loop
      vertex -6.7336 -1.62869 0
      vertex -2.36915 -2.22478 0
      vertex -2.07163 -2.50417 0
    endloop
  endfacet
  facet normal 0 0 -1
    outer loop
      vertex -6.94377 -1.7119 0
      vertex -2.07163 -2.50417 0
      vertex -1.74144 -2.74407 0
    endloop
  endfacet
  facet normal -0 0 -1
    outer loop
      vertex -3.25 0 0
      vertex -5.71419 -0.225599 0
      vertex -5.7 0 0
    endloop
  endfacet
  facet normal -0 0 -1
    outer loop
      vertex -3.22437 -0.407332 0
      vertex -5.75655 -0.447641 0
      vertex -5.71419 -0.225599 0
    endloop
  endfacet
  facet normal 0 0 -1
    outer loop
      vertex -3.14789 -0.808242 0
      vertex -5.8264 -0.662623 0
      vertex -5.75655 -0.447641 0
    endloop
  endfacet
  facet normal 0 0 -1
    outer loop
      vertex -7.16271 -1.76812 0
      vertex -1.74144 -2.74407 0
      vertex -1.38378 -2.94069 0
    endloop
  endfacet
  facet normal -0 0 -1
    outer loop
      vertex -3.14789 -0.808242 0
      vertex -5.92265 -0.867156 0
      vertex -5.8264 -0.662623 0
    endloop
  endfacet
  facet normal 0 0 -1
    outer loop
      vertex -3.02177 -1.1964 0
      vertex -6.04377 -1.05801 0
      vertex -5.92265 -0.867156 0
    endloop
  endfacet
  facet normal 0 0 -1
    outer loop
      vertex -2.848 -1.5657 0
      vertex -6.18786 -1.23218 0
      vertex -6.04377 -1.05801 0
    endloop
  endfacet
  facet normal 0 0 -1
    outer loop
      vertex -17.314 -6.99013 0
      vertex -1.38378 -2.94069 0
      vertex -1.0043 -3.09093 0
    endloop
  endfacet
  facet normal 0 0 -1
    outer loop
      vertex -2.6293 -1.9103 0
      vertex -6.35264 -1.38692 0
      vertex -6.18786 -1.23218 0
    endloop
  endfacet
  facet normal 0 0 -1
    outer loop
      vertex -2.6293 -1.9103 0
      vertex -6.53551 -1.51979 0
      vertex -6.35264 -1.38692 0
    endloop
  endfacet
  facet normal 0 0 -1
    outer loop
      vertex -2.36915 -2.22478 0
      vertex -6.7336 -1.62869 0
      vertex -6.53551 -1.51979 0
    endloop
  endfacet
  facet normal 0 0 -1
    outer loop
      vertex -17.314 -6.99013 0
      vertex -1.0043 -3.09093 0
      vertex -0.608989 -3.19243 0
    endloop
  endfacet
  facet normal 0 0 -1
    outer loop
      vertex -2.07163 -2.50417 0
      vertex -6.94377 -1.7119 0
      vertex -6.7336 -1.62869 0
    endloop
  endfacet
  facet normal 0 0 -1
    outer loop
      vertex -1.74144 -2.74407 0
      vertex -7.16271 -1.76812 0
      vertex -6.94377 -1.7119 0
    endloop
  endfacet
  facet normal 0 0 -1
    outer loop
      vertex -1.38378 -2.94069 0
      vertex -7.38698 -1.79645 0
      vertex -7.16271 -1.76812 0
    endloop
  endfacet
  facet normal -0 0 -1
    outer loop
      vertex -0.204069 -3.24359 0
      vertex -17.314 -6.99013 0
      vertex -0.608989 -3.19243 0
    endloop
  endfacet
  facet normal -0 0 -1
    outer loop
      vertex -1.38378 -2.94069 0
      vertex -17.314 -6.99013 0
      vertex -7.38698 -1.79645 0
    endloop
  endfacet
  facet normal -0 0 -1
    outer loop
      vertex -7.38698 -1.79645 0
      vertex -17.314 -6.99013 0
      vertex -7.61302 -1.79645 0
    endloop
  endfacet
  facet normal 0 0 -1
    outer loop
      vertex -9.28581 -0.225599 0
      vertex -11.75 0 0
      vertex -9.3 0 0
    endloop
  endfacet
  facet normal 0 0 -1
    outer loop
      vertex -11.7756 -0.407332 0
      vertex -9.28581 -0.225599 0
      vertex -9.24345 -0.447641 0
    endloop
  endfacet
  facet normal 0 0 -1
    outer loop
      vertex -11.8521 -0.808242 0
      vertex -9.24345 -0.447641 0
      vertex -9.1736 -0.662623 0
    endloop
  endfacet
  facet normal 0 0 -1
    outer loop
      vertex -11.8521 -0.808242 0
      vertex -9.1736 -0.662623 0
      vertex -9.07735 -0.867156 0
    endloop
  endfacet
  facet normal 0 0 -1
    outer loop
      vertex -11.9782 -1.1964 0
      vertex -9.07735 -0.867156 0
      vertex -8.95623 -1.05801 0
    endloop
  endfacet
  facet normal 0 0 -1
    outer loop
      vertex -12.152 -1.5657 0
      vertex -8.95623 -1.05801 0
      vertex -8.81214 -1.23218 0
    endloop
  endfacet
  facet normal 0 0 -1
    outer loop
      vertex -12.3707 -1.9103 0
      vertex -8.81214 -1.23218 0
      vertex -8.64736 -1.38692 0
    endloop
  endfacet
  facet normal 0 0 -1
    outer loop
      vertex -12.3707 -1.9103 0
      vertex -8.64736 -1.38692 0
      vertex -8.46449 -1.51979 0
    endloop
  endfacet
  facet normal 0 0 -1
    outer loop
      vertex -12.6309 -2.22478 0
      vertex -8.46449 -1.51979 0
      vertex -8.2664 -1.62869 0
    endloop
  endfacet
  facet normal -0 0 -1
    outer loop
      vertex -9.28581 -0.225599 0
      vertex -11.7756 -0.407332 0
      vertex -11.75 0 0
    endloop
  endfacet
  facet normal 0 0 -1
    outer loop
      vertex -12.9284 -2.50417 0
      vertex -8.2664 -1.62869 0
      vertex -8.05623 -1.7119 0
    endloop
  endfacet
  facet normal -0 0 -1
    outer loop
      vertex -9.24345 -0.447641 0
      vertex -11.8521 -0.808242 0
      vertex -11.7756 -0.407332 0
    endloop
  endfacet
  facet normal 0 0 -1
    outer loop
      vertex -13.2586 -2.74407 0
      vertex -8.05623 -1.7119 0
      vertex -7.83729 -1.76812 0
    endloop
  endfacet
  facet normal -0 0 -1
    outer loop
      vertex -9.07735 -0.867156 0
      vertex -11.9782 -1.1964 0
      vertex -11.8521 -0.808242 0
    endloop
  endfacet
  facet normal -0 0 -1
    outer loop
      vertex -7.61302 -1.79645 0
      vertex -17.314 -6.99013 0
      vertex -7.83729 -1.76812 0
    endloop
  endfacet
  facet normal 0 0 -1
    outer loop
      vertex -8.95623 -1.05801 0
      vertex -12.152 -1.5657 0
      vertex -11.9782 -1.1964 0
    endloop
  endfacet
  facet normal 0 0 -1
    outer loop
      vertex -8.81214 -1.23218 0
      vertex -12.3707 -1.9103 0
      vertex -12.152 -1.5657 0
    endloop
  endfacet
  facet normal 0 0 -1
    outer loop
      vertex -8.46449 -1.51979 0
      vertex -12.6309 -2.22478 0
      vertex -12.3707 -1.9103 0
    endloop
  endfacet
  facet normal 0 0 -1
    outer loop
      vertex -8.2664 -1.62869 0
      vertex -12.9284 -2.50417 0
      vertex -12.6309 -2.22478 0
    endloop
  endfacet
  facet normal 0 -0 -1
    outer loop
      vertex -13.2586 -2.74407 0
      vertex -7.83729 -1.76812 0
      vertex -17.314 -6.99013 0
    endloop
  endfacet
  facet normal 0 0 -1
    outer loop
      vertex -8.05623 -1.7119 0
      vertex -13.2586 -2.74407 0
      vertex -12.9284 -2.50417 0
    endloop
  endfacet
  facet normal 0 0 -1
    outer loop
      vertex -13.2586 -2.74407 0
      vertex -17.314 -6.99013 0
      vertex -13.6162 -2.94069 0
    endloop
  endfacet
  facet normal 0 0 -1
    outer loop
      vertex -13.6162 -2.94069 0
      vertex -17.314 -6.99013 0
      vertex -13.9957 -3.09093 0
    endloop
  endfacet
  facet normal 0 0 -1
    outer loop
      vertex -13.9957 -3.09093 0
      vertex -17.314 -6.99013 0
      vertex -14.391 -3.19243 0
    endloop
  endfacet
  facet normal 0 0 -1
    outer loop
      vertex -14.391 -3.19243 0
      vertex -17.314 -6.99013 0
      vertex -14.7959 -3.24359 0
    endloop
  endfacet
  facet normal -0 0 -1
    outer loop
      vertex -14.7959 -3.24359 0
      vertex -17.314 -6.99013 0
      vertex -15.2041 -3.24359 0
    endloop
  endfacet
  facet normal 0 0 -1
    outer loop
      vertex -17.314 -6.99013 0
      vertex -15.609 -3.19243 0
      vertex -15.2041 -3.24359 0
    endloop
  endfacet
  facet normal 0 0 -1
    outer loop
      vertex -17.314 -6.99013 0
      vertex -16.0043 -3.09093 0
      vertex -15.609 -3.19243 0
    endloop
  endfacet
  facet normal 0 0 -1
    outer loop
      vertex -17.314 -6.99013 0
      vertex -16.3838 -2.94069 0
      vertex -16.0043 -3.09093 0
    endloop
  endfacet
  facet normal 0 0 -1
    outer loop
      vertex -17.9369 -6.91144 0
      vertex -16.3838 -2.94069 0
      vertex -17.314 -6.99013 0
    endloop
  endfacet
  facet normal -0 0 -1
    outer loop
      vertex -16.3838 -2.94069 0
      vertex -17.9369 -6.91144 0
      vertex -16.7414 -2.74407 0
    endloop
  endfacet
  facet normal 0 0 -1
    outer loop
      vertex -18.5451 -6.75528 0
      vertex -16.7414 -2.74407 0
      vertex -17.9369 -6.91144 0
    endloop
  endfacet
  facet normal 0 0 -1
    outer loop
      vertex -19.1289 -6.52413 0
      vertex -16.7414 -2.74407 0
      vertex -18.5451 -6.75528 0
    endloop
  endfacet
  facet normal -0 0 -1
    outer loop
      vertex -16.7414 -2.74407 0
      vertex -19.1289 -6.52413 0
      vertex -17.0716 -2.50417 0
    endloop
  endfacet
  facet normal 0 0 -1
    outer loop
      vertex -19.6791 -6.22164 0
      vertex -17.0716 -2.50417 0
      vertex -19.1289 -6.52413 0
    endloop
  endfacet
  facet normal 0 0 -1
    outer loop
      vertex -20.1871 -5.85257 0
      vertex -17.0716 -2.50417 0
      vertex -19.6791 -6.22164 0
    endloop
  endfacet
  facet normal -0 0 -1
    outer loop
      vertex -17.0716 -2.50417 0
      vertex -20.1871 -5.85257 0
      vertex -17.3691 -2.22478 0
    endloop
  endfacet
  facet normal 0 0 -1
    outer loop
      vertex -20.6448 -5.42274 0
      vertex -17.3691 -2.22478 0
      vertex -20.1871 -5.85257 0
    endloop
  endfacet
  facet normal 0 0 -1
    outer loop
      vertex -21.0451 -4.93893 0
      vertex -17.3691 -2.22478 0
      vertex -20.6448 -5.42274 0
    endloop
  endfacet
  facet normal -0 0 -1
    outer loop
      vertex -17.3691 -2.22478 0
      vertex -21.0451 -4.93893 0
      vertex -17.6293 -1.9103 0
    endloop
  endfacet
  facet normal 0 0 -1
    outer loop
      vertex 17.3691 2.22478 0
      vertex 21.0451 4.93893 0
      vertex 17.6293 1.9103 0
    endloop
  endfacet
  facet normal -0 0 -1
    outer loop
      vertex 21.0451 4.93893 0
      vertex 17.3691 2.22478 0
      vertex 20.6448 5.42274 0
    endloop
  endfacet
  facet normal -0 0 -1
    outer loop
      vertex 20.6448 5.42274 0
      vertex 17.3691 2.22478 0
      vertex 20.1871 5.85257 0
    endloop
  endfacet
  facet normal 0 0 -1
    outer loop
      vertex 17.0716 2.50417 0
      vertex 20.1871 5.85257 0
      vertex 17.3691 2.22478 0
    endloop
  endfacet
  facet normal -0 0 -1
    outer loop
      vertex 20.1871 5.85257 0
      vertex 17.0716 2.50417 0
      vertex 19.6791 6.22164 0
    endloop
  endfacet
  facet normal -0 0 -1
    outer loop
      vertex 19.6791 6.22164 0
      vertex 17.0716 2.50417 0
      vertex 19.1289 6.52413 0
    endloop
  endfacet
  facet normal 0 0 -1
    outer loop
      vertex 16.7414 2.74407 0
      vertex 19.1289 6.52413 0
      vertex 17.0716 2.50417 0
    endloop
  endfacet
  facet normal -0 0 -1
    outer loop
      vertex 19.1289 6.52413 0
      vertex 16.7414 2.74407 0
      vertex 18.5451 6.75528 0
    endloop
  endfacet
  facet normal -0 0 -1
    outer loop
      vertex 18.5451 6.75528 0
      vertex 16.7414 2.74407 0
      vertex 17.9369 6.91144 0
    endloop
  endfacet
  facet normal 0 0 -1
    outer loop
      vertex 16.3838 2.94069 0
      vertex 17.9369 6.91144 0
      vertex 16.7414 2.74407 0
    endloop
  endfacet
  facet normal -0 0 -1
    outer loop
      vertex 17.9369 6.91144 0
      vertex 16.3838 2.94069 0
      vertex 17.314 6.99013 0
    endloop
  endfacet
  facet normal 0 0 -1
    outer loop
      vertex 16.0043 3.09093 0
      vertex 17.314 6.99013 0
      vertex 16.3838 2.94069 0
    endloop
  endfacet
  facet normal 0 0 -1
    outer loop
      vertex 15.609 3.19243 0
      vertex 17.314 6.99013 0
      vertex 16.0043 3.09093 0
    endloop
  endfacet
  facet normal 0 0 -1
    outer loop
      vertex 15.2041 3.24359 0
      vertex 17.314 6.99013 0
      vertex 15.609 3.19243 0
    endloop
  endfacet
  facet normal 0 0 -1
    outer loop
      vertex 14.7959 3.24359 0
      vertex 17.314 6.99013 0
      vertex 15.2041 3.24359 0
    endloop
  endfacet
  facet normal 0 0 -1
    outer loop
      vertex 14.391 3.19243 0
      vertex 17.314 6.99013 0
      vertex 14.7959 3.24359 0
    endloop
  endfacet
  facet normal 0 0 -1
    outer loop
      vertex 13.9957 3.09093 0
      vertex 17.314 6.99013 0
      vertex 14.391 3.19243 0
    endloop
  endfacet
  facet normal 0 0 -1
    outer loop
      vertex 13.6162 2.94069 0
      vertex 17.314 6.99013 0
      vertex 13.9957 3.09093 0
    endloop
  endfacet
  facet normal 0 0 -1
    outer loop
      vertex 2.99185 6.99013 0
      vertex 13.6162 2.94069 0
      vertex 13.2586 2.74407 0
    endloop
  endfacet
  facet normal 0 0 -1
    outer loop
      vertex 8.05623 1.7119 0
      vertex 13.2586 2.74407 0
      vertex 12.9284 2.50417 0
    endloop
  endfacet
  facet normal 0 0 -1
    outer loop
      vertex 8.2664 1.62869 0
      vertex 12.9284 2.50417 0
      vertex 12.6309 2.22478 0
    endloop
  endfacet
  facet normal 0 0 -1
    outer loop
      vertex 9.28581 0.225599 0
      vertex 11.75 0 0
      vertex 9.3 0 0
    endloop
  endfacet
  facet normal 0 0 -1
    outer loop
      vertex 11.75 0 0
      vertex 9.28581 0.225599 0
      vertex 11.7756 0.407332 0
    endloop
  endfacet
  facet normal 0 0 -1
    outer loop
      vertex 9.24345 0.447641 0
      vertex 11.7756 0.407332 0
      vertex 9.28581 0.225599 0
    endloop
  endfacet
  facet normal 0 0 -1
    outer loop
      vertex 11.7756 0.407332 0
      vertex 9.24345 0.447641 0
      vertex 11.8521 0.808242 0
    endloop
  endfacet
  facet normal 0 0 -1
    outer loop
      vertex 9.1736 0.662623 0
      vertex 11.8521 0.808242 0
      vertex 9.24345 0.447641 0
    endloop
  endfacet
  facet normal 0 0 -1
    outer loop
      vertex 9.07735 0.867156 0
      vertex 11.8521 0.808242 0
      vertex 9.1736 0.662623 0
    endloop
  endfacet
  facet normal 0 0 -1
    outer loop
      vertex 11.8521 0.808242 0
      vertex 9.07735 0.867156 0
      vertex 11.9782 1.1964 0
    endloop
  endfacet
  facet normal 0 0 -1
    outer loop
      vertex 8.95623 1.05801 0
      vertex 11.9782 1.1964 0
      vertex 9.07735 0.867156 0
    endloop
  endfacet
  facet normal -0 0 -1
    outer loop
      vertex 11.9782 1.1964 0
      vertex 8.95623 1.05801 0
      vertex 12.152 1.5657 0
    endloop
  endfacet
  facet normal 0 0 -1
    outer loop
      vertex 8.81214 1.23218 0
      vertex 12.152 1.5657 0
      vertex 8.95623 1.05801 0
    endloop
  endfacet
  facet normal -0 0 -1
    outer loop
      vertex 12.152 1.5657 0
      vertex 8.81214 1.23218 0
      vertex 12.3707 1.9103 0
    endloop
  endfacet
  facet normal 0 0 -1
    outer loop
      vertex 8.64736 1.38692 0
      vertex 12.3707 1.9103 0
      vertex 8.81214 1.23218 0
    endloop
  endfacet
  facet normal 0 0 -1
    outer loop
      vertex 8.46449 1.51979 0
      vertex 12.3707 1.9103 0
      vertex 8.64736 1.38692 0
    endloop
  endfacet
  facet normal -0 0 -1
    outer loop
      vertex 12.3707 1.9103 0
      vertex 8.46449 1.51979 0
      vertex 12.6309 2.22478 0
    endloop
  endfacet
  facet normal 0 0 -1
    outer loop
      vertex 8.2664 1.62869 0
      vertex 12.6309 2.22478 0
      vertex 8.46449 1.51979 0
    endloop
  endfacet
  facet normal 0 0 -1
    outer loop
      vertex 12.9284 2.50417 0
      vertex 8.2664 1.62869 0
      vertex 8.05623 1.7119 0
    endloop
  endfacet
  facet normal 0 0 -1
    outer loop
      vertex 13.2586 2.74407 0
      vertex 8.05623 1.7119 0
      vertex 7.83729 1.76812 0
    endloop
  endfacet
  facet normal -0 0 -1
    outer loop
      vertex 13.2586 2.74407 0
      vertex 7.83729 1.76812 0
      vertex 2.99185 6.99013 0
    endloop
  endfacet
  facet normal 0 0 -1
    outer loop
      vertex 2.99185 6.99013 0
      vertex 7.83729 1.76812 0
      vertex 7.61302 1.79645 0
    endloop
  endfacet
  facet normal 0 0 -1
    outer loop
      vertex 2.99185 6.99013 0
      vertex 7.61302 1.79645 0
      vertex 7.38698 1.79645 0
    endloop
  endfacet
  facet normal 0 0 -1
    outer loop
      vertex 2.99185 6.99013 0
      vertex 7.38698 1.79645 0
      vertex 7.16271 1.76812 0
    endloop
  endfacet
  facet normal 0 0 -1
    outer loop
      vertex 2.99185 6.99013 0
      vertex 7.16271 1.76812 0
      vertex 6.94377 1.7119 0
    endloop
  endfacet
  facet normal 0 0 -1
    outer loop
      vertex 2.99185 6.99013 0
      vertex 6.94377 1.7119 0
      vertex 6.7336 1.62869 0
    endloop
  endfacet
  facet normal 0 0 -1
    outer loop
      vertex 3.25 0 0
      vertex 5.71419 0.225599 0
      vertex 5.7 0 0
    endloop
  endfacet
  facet normal 0 0 -1
    outer loop
      vertex 3.22437 0.407332 0
      vertex 5.71419 0.225599 0
      vertex 3.25 0 0
    endloop
  endfacet
  facet normal 0 0 -1
    outer loop
      vertex 5.71419 0.225599 0
      vertex 3.22437 0.407332 0
      vertex 5.75655 0.447641 0
    endloop
  endfacet
  facet normal 0 0 -1
    outer loop
      vertex 3.14789 0.808242 0
      vertex 5.75655 0.447641 0
      vertex 3.22437 0.407332 0
    endloop
  endfacet
  facet normal 0 0 -1
    outer loop
      vertex 5.75655 0.447641 0
      vertex 3.14789 0.808242 0
      vertex 5.8264 0.662623 0
    endloop
  endfacet
  facet normal 0 0 -1
    outer loop
      vertex 5.8264 0.662623 0
      vertex 3.14789 0.808242 0
      vertex 5.92265 0.867156 0
    endloop
  endfacet
  facet normal 0 0 -1
    outer loop
      vertex 3.02177 1.1964 0
      vertex 5.92265 0.867156 0
      vertex 3.14789 0.808242 0
    endloop
  endfacet
  facet normal 0 0 -1
    outer loop
      vertex 5.92265 0.867156 0
      vertex 3.02177 1.1964 0
      vertex 6.04377 1.05801 0
    endloop
  endfacet
  facet normal 0 0 -1
    outer loop
      vertex 2.848 1.5657 0
      vertex 6.04377 1.05801 0
      vertex 3.02177 1.1964 0
    endloop
  endfacet
  facet normal 0 0 -1
    outer loop
      vertex 6.04377 1.05801 0
      vertex 2.848 1.5657 0
      vertex 6.18786 1.23218 0
    endloop
  endfacet
  facet normal 0 0 -1
    outer loop
      vertex 2.6293 1.9103 0
      vertex 6.18786 1.23218 0
      vertex 2.848 1.5657 0
    endloop
  endfacet
  facet normal 0 0 -1
    outer loop
      vertex 6.18786 1.23218 0
      vertex 2.6293 1.9103 0
      vertex 6.35264 1.38692 0
    endloop
  endfacet
  facet normal 0 0 -1
    outer loop
      vertex 6.35264 1.38692 0
      vertex 2.6293 1.9103 0
      vertex 6.53551 1.51979 0
    endloop
  endfacet
  facet normal 0 0 -1
    outer loop
      vertex 13.6162 2.94069 0
      vertex 2.99185 6.99013 0
      vertex 17.314 6.99013 0
    endloop
  endfacet
  facet normal 0 0 -1
    outer loop
      vertex 2.36915 2.22478 0
      vertex 6.53551 1.51979 0
      vertex 2.6293 1.9103 0
    endloop
  endfacet
  facet normal 0 -0 -1
    outer loop
      vertex 2.99185 6.99013 0
      vertex 6.53551 1.51979 0
      vertex 2.36915 2.22478 0
    endloop
  endfacet
  facet normal 0 0 -1
    outer loop
      vertex 2.99185 6.99013 0
      vertex 2.74489 11.4813 0
      vertex 2.92134 12.0055 0
    endloop
  endfacet
  facet normal 0 0 -1
    outer loop
      vertex 6.53551 1.51979 0
      vertex 2.99185 6.99013 0
      vertex 6.7336 1.62869 0
    endloop
  endfacet
  facet normal 0 0 -1
    outer loop
      vertex 2.99185 6.99013 0
      vertex 2.53635 11.0158 0
      vertex 2.74489 11.4813 0
    endloop
  endfacet
  facet normal 0 0 -1
    outer loop
      vertex 2.07163 2.50417 0
      vertex 2.99185 6.99013 0
      vertex 2.36915 2.22478 0
    endloop
  endfacet
  facet normal 0 0 -1
    outer loop
      vertex 2.99185 6.99013 0
      vertex 2.29604 10.6107 0
      vertex 2.53635 11.0158 0
    endloop
  endfacet
  facet normal 0 0 -1
    outer loop
      vertex 1.74144 2.74407 0
      vertex 2.99185 6.99013 0
      vertex 2.07163 2.50417 0
    endloop
  endfacet
  facet normal 0 0 -1
    outer loop
      vertex 2.99185 6.99013 0
      vertex 2.02419 10.2679 0
      vertex 2.29604 10.6107 0
    endloop
  endfacet
  facet normal 0 0 -1
    outer loop
      vertex 1.38378 2.94069 0
      vertex 2.99185 6.99013 0
      vertex 1.74144 2.74407 0
    endloop
  endfacet
  facet normal 0 0 -1
    outer loop
      vertex 2.99185 6.99013 0
      vertex 1.72076 9.9875 0
      vertex 2.02419 10.2679 0
    endloop
  endfacet
  facet normal 0 0 -1
    outer loop
      vertex 2.99185 6.99013 0
      vertex 1.3858 9.76939 0
      vertex 1.72076 9.9875 0
    endloop
  endfacet
  facet normal 0 0 -1
    outer loop
      vertex 1.0043 3.09093 0
      vertex 2.99185 6.99013 0
      vertex 1.38378 2.94069 0
    endloop
  endfacet
  facet normal 0 0 -1
    outer loop
      vertex 2.99185 6.99013 0
      vertex 1.01927 9.61359 0
      vertex 1.3858 9.76939 0
    endloop
  endfacet
  facet normal 0 0 -1
    outer loop
      vertex 0.608989 3.19243 0
      vertex 2.99185 6.99013 0
      vertex 1.0043 3.09093 0
    endloop
  endfacet
  facet normal 0 0 -1
    outer loop
      vertex 0.204069 3.24359 0
      vertex 2.99185 6.99013 0
      vertex 0.608989 3.19243 0
    endloop
  endfacet
  facet normal 0 0 -1
    outer loop
      vertex 2.99185 6.99013 0
      vertex 0.621185 9.52011 0
      vertex 1.01927 9.61359 0
    endloop
  endfacet
  facet normal 0 0 -1
    outer loop
      vertex -2.57816 6.99013 0
      vertex 2.99185 6.99013 0
      vertex 0.204069 3.24359 0
    endloop
  endfacet
  facet normal 0 0 -1
    outer loop
      vertex 2.99185 6.99013 0
      vertex 0.191559 9.48895 0
      vertex 0.621185 9.52011 0
    endloop
  endfacet
  facet normal 0 0 -1
    outer loop
      vertex -2.57816 6.99013 0
      vertex 0.204069 3.24359 0
      vertex -0.204069 3.24359 0
    endloop
  endfacet
  facet normal 0 0 -1
    outer loop
      vertex 2.99185 6.99013 0
      vertex -2.57816 6.99013 0
      vertex 0.191559 9.48895 0
    endloop
  endfacet
  facet normal 0 0 -1
    outer loop
      vertex -2.57816 6.99013 0
      vertex -0.204069 3.24359 0
      vertex -0.608989 3.19243 0
    endloop
  endfacet
  facet normal -0 0 -1
    outer loop
      vertex 0.191559 9.48895 0
      vertex -2.57816 6.99013 0
      vertex -0.238251 9.52011 0
    endloop
  endfacet
  facet normal -0 0 -1
    outer loop
      vertex -0.238251 9.52011 0
      vertex -2.57816 6.99013 0
      vertex -0.63678 9.61359 0
    endloop
  endfacet
  facet normal 0 0 -1
    outer loop
      vertex -2.57816 6.99013 0
      vertex -0.608989 3.19243 0
      vertex -1.0043 3.09093 0
    endloop
  endfacet
  facet normal -0 0 -1
    outer loop
      vertex -0.63678 9.61359 0
      vertex -2.57816 6.99013 0
      vertex -1.00403 9.76939 0
    endloop
  endfacet
  facet normal 0 0 -1
    outer loop
      vertex -2.57816 6.99013 0
      vertex -1.0043 3.09093 0
      vertex -1.38378 2.94069 0
    endloop
  endfacet
  facet normal -0 0 -1
    outer loop
      vertex -1.00403 9.76939 0
      vertex -2.57816 6.99013 0
      vertex -1.33997 9.9875 0
    endloop
  endfacet
  facet normal 0 0 -1
    outer loop
      vertex -2.57816 6.99013 0
      vertex -1.38378 2.94069 0
      vertex -1.74144 2.74407 0
    endloop
  endfacet
  facet normal 0 0 -1
    outer loop
      vertex -2.89467 7.1132 0
      vertex -1.33997 9.9875 0
      vertex -2.57816 6.99013 0
    endloop
  endfacet
  facet normal 0 0 -1
    outer loop
      vertex -2.57816 6.99013 0
      vertex -1.74144 2.74407 0
      vertex -2.07163 2.50417 0
    endloop
  endfacet
  facet normal 0 0 -1
    outer loop
      vertex -3.50603 7.43874 0
      vertex -1.33997 9.9875 0
      vertex -2.89467 7.1132 0
    endloop
  endfacet
  facet normal 0 0 -1
    outer loop
      vertex -2.57816 6.99013 0
      vertex -2.07163 2.50417 0
      vertex -2.36915 2.22478 0
    endloop
  endfacet
  facet normal -0 0 -1
    outer loop
      vertex -1.33997 9.9875 0
      vertex -3.50603 7.43874 0
      vertex -1.64462 10.2679 0
    endloop
  endfacet
  facet normal 0 0 -1
    outer loop
      vertex -4.06741 7.83263 0
      vertex -1.64462 10.2679 0
      vertex -3.50603 7.43874 0
    endloop
  endfacet
  facet normal -0 0 -1
    outer loop
      vertex -1.64462 10.2679 0
      vertex -4.06741 7.83263 0
      vertex -1.91798 10.6107 0
    endloop
  endfacet
  facet normal 0 0 -1
    outer loop
      vertex -6.53551 1.51979 0
      vertex -2.36915 2.22478 0
      vertex -2.6293 1.9103 0
    endloop
  endfacet
  facet normal 0 0 -1
    outer loop
      vertex -6.18786 1.23218 0
      vertex -2.6293 1.9103 0
      vertex -2.848 1.5657 0
    endloop
  endfacet
  facet normal 0 0 -1
    outer loop
      vertex -6.04377 1.05801 0
      vertex -2.848 1.5657 0
      vertex -3.02177 1.1964 0
    endloop
  endfacet
  facet normal 0 0 -1
    outer loop
      vertex -5.92265 0.867156 0
      vertex -3.02177 1.1964 0
      vertex -3.14789 0.808242 0
    endloop
  endfacet
  facet normal 0 0 -1
    outer loop
      vertex -5.75655 0.447641 0
      vertex -3.14789 0.808242 0
      vertex -3.22437 0.407332 0
    endloop
  endfacet
  facet normal 0 0 -1
    outer loop
      vertex -5.71419 0.225599 0
      vertex -3.25 0 0
      vertex -5.7 0 0
    endloop
  endfacet
  facet normal 0 0 -1
    outer loop
      vertex -3.25 0 0
      vertex -5.71419 0.225599 0
      vertex -3.22437 0.407332 0
    endloop
  endfacet
  facet normal 0 0 -1
    outer loop
      vertex -5.75655 0.447641 0
      vertex -3.22437 0.407332 0
      vertex -5.71419 0.225599 0
    endloop
  endfacet
  facet normal 0 0 -1
    outer loop
      vertex -3.14789 0.808242 0
      vertex -5.75655 0.447641 0
      vertex -5.8264 0.662623 0
    endloop
  endfacet
  facet normal -0 0 -1
    outer loop
      vertex -3.14789 0.808242 0
      vertex -5.8264 0.662623 0
      vertex -5.92265 0.867156 0
    endloop
  endfacet
  facet normal 0 0 -1
    outer loop
      vertex -3.02177 1.1964 0
      vertex -5.92265 0.867156 0
      vertex -6.04377 1.05801 0
    endloop
  endfacet
  facet normal 0 0 -1
    outer loop
      vertex -2.848 1.5657 0
      vertex -6.04377 1.05801 0
      vertex -6.18786 1.23218 0
    endloop
  endfacet
  facet normal 0 0 -1
    outer loop
      vertex -2.6293 1.9103 0
      vertex -6.18786 1.23218 0
      vertex -6.35264 1.38692 0
    endloop
  endfacet
  facet normal 0 0 -1
    outer loop
      vertex -2.6293 1.9103 0
      vertex -6.35264 1.38692 0
      vertex -6.53551 1.51979 0
    endloop
  endfacet
  facet normal -0 0 -1
    outer loop
      vertex -2.36915 2.22478 0
      vertex -6.53551 1.51979 0
      vertex -2.57816 6.99013 0
    endloop
  endfacet
  facet normal 0 0 -1
    outer loop
      vertex -6.7336 1.62869 0
      vertex -2.57816 6.99013 0
      vertex -6.53551 1.51979 0
    endloop
  endfacet
  facet normal 0 0 -1
    outer loop
      vertex -6.94377 1.7119 0
      vertex -2.57816 6.99013 0
      vertex -6.7336 1.62869 0
    endloop
  endfacet
  facet normal 0 0 -1
    outer loop
      vertex -7.16271 1.76812 0
      vertex -2.57816 6.99013 0
      vertex -6.94377 1.7119 0
    endloop
  endfacet
  facet normal 0 0 -1
    outer loop
      vertex -7.38698 1.79645 0
      vertex -2.57816 6.99013 0
      vertex -7.16271 1.76812 0
    endloop
  endfacet
  facet normal 0 0 -1
    outer loop
      vertex -7.61302 1.79645 0
      vertex -2.57816 6.99013 0
      vertex -7.38698 1.79645 0
    endloop
  endfacet
  facet normal 0 0 -1
    outer loop
      vertex -7.83729 1.76812 0
      vertex -2.57816 6.99013 0
      vertex -7.61302 1.79645 0
    endloop
  endfacet
  facet normal 0 0 -1
    outer loop
      vertex -13.2586 2.74407 0
      vertex -7.83729 1.76812 0
      vertex -8.05623 1.7119 0
    endloop
  endfacet
  facet normal 0 0 -1
    outer loop
      vertex -12.9284 2.50417 0
      vertex -8.05623 1.7119 0
      vertex -8.2664 1.62869 0
    endloop
  endfacet
  facet normal 0 0 -1
    outer loop
      vertex -12.6309 2.22478 0
      vertex -8.2664 1.62869 0
      vertex -8.46449 1.51979 0
    endloop
  endfacet
  facet normal 0 0 -1
    outer loop
      vertex -12.3707 1.9103 0
      vertex -8.46449 1.51979 0
      vertex -8.64736 1.38692 0
    endloop
  endfacet
  facet normal 0 0 -1
    outer loop
      vertex -11.75 0 0
      vertex -9.28581 0.225599 0
      vertex -9.3 0 0
    endloop
  endfacet
  facet normal 0 0 -1
    outer loop
      vertex -11.7756 0.407332 0
      vertex -9.28581 0.225599 0
      vertex -11.75 0 0
    endloop
  endfacet
  facet normal 0 0 -1
    outer loop
      vertex -9.28581 0.225599 0
      vertex -11.7756 0.407332 0
      vertex -9.24345 0.447641 0
    endloop
  endfacet
  facet normal 0 0 -1
    outer loop
      vertex -11.8521 0.808242 0
      vertex -9.24345 0.447641 0
      vertex -11.7756 0.407332 0
    endloop
  endfacet
  facet normal 0 0 -1
    outer loop
      vertex -9.24345 0.447641 0
      vertex -11.8521 0.808242 0
      vertex -9.1736 0.662623 0
    endloop
  endfacet
  facet normal 0 0 -1
    outer loop
      vertex -9.1736 0.662623 0
      vertex -11.8521 0.808242 0
      vertex -9.07735 0.867156 0
    endloop
  endfacet
  facet normal 0 0 -1
    outer loop
      vertex -11.9782 1.1964 0
      vertex -9.07735 0.867156 0
      vertex -11.8521 0.808242 0
    endloop
  endfacet
  facet normal 0 0 -1
    outer loop
      vertex -9.07735 0.867156 0
      vertex -11.9782 1.1964 0
      vertex -8.95623 1.05801 0
    endloop
  endfacet
  facet normal 0 0 -1
    outer loop
      vertex -12.152 1.5657 0
      vertex -8.95623 1.05801 0
      vertex -11.9782 1.1964 0
    endloop
  endfacet
  facet normal 0 0 -1
    outer loop
      vertex -8.95623 1.05801 0
      vertex -12.152 1.5657 0
      vertex -8.81214 1.23218 0
    endloop
  endfacet
  facet normal 0 0 -1
    outer loop
      vertex -12.3707 1.9103 0
      vertex -8.81214 1.23218 0
      vertex -12.152 1.5657 0
    endloop
  endfacet
  facet normal 0 0 -1
    outer loop
      vertex -8.81214 1.23218 0
      vertex -12.3707 1.9103 0
      vertex -8.64736 1.38692 0
    endloop
  endfacet
  facet normal 0 0 -1
    outer loop
      vertex -8.46449 1.51979 0
      vertex -12.3707 1.9103 0
      vertex -12.6309 2.22478 0
    endloop
  endfacet
  facet normal 0 0 -1
    outer loop
      vertex -8.2664 1.62869 0
      vertex -12.6309 2.22478 0
      vertex -12.9284 2.50417 0
    endloop
  endfacet
  facet normal 0 0 -1
    outer loop
      vertex -8.05623 1.7119 0
      vertex -12.9284 2.50417 0
      vertex -13.2586 2.74407 0
    endloop
  endfacet
  facet normal 0 0 -1
    outer loop
      vertex -7.83729 1.76812 0
      vertex -13.2586 2.74407 0
      vertex -2.57816 6.99013 0
    endloop
  endfacet
  facet normal 0 0 -1
    outer loop
      vertex -13.6162 2.94069 0
      vertex -2.57816 6.99013 0
      vertex -13.2586 2.74407 0
    endloop
  endfacet
  facet normal 0 0 -1
    outer loop
      vertex -17.314 6.99013 0
      vertex -13.6162 2.94069 0
      vertex -13.9957 3.09093 0
    endloop
  endfacet
  facet normal 0 0 -1
    outer loop
      vertex -17.314 6.99013 0
      vertex -13.9957 3.09093 0
      vertex -14.391 3.19243 0
    endloop
  endfacet
  facet normal 0 0 -1
    outer loop
      vertex -17.314 6.99013 0
      vertex -14.391 3.19243 0
      vertex -14.7959 3.24359 0
    endloop
  endfacet
  facet normal 0 0 -1
    outer loop
      vertex -17.314 6.99013 0
      vertex -14.7959 3.24359 0
      vertex -15.2041 3.24359 0
    endloop
  endfacet
  facet normal 0 0 -1
    outer loop
      vertex -17.314 6.99013 0
      vertex -15.2041 3.24359 0
      vertex -15.609 3.19243 0
    endloop
  endfacet
  facet normal 0 0 -1
    outer loop
      vertex -17.314 6.99013 0
      vertex -15.609 3.19243 0
      vertex -16.0043 3.09093 0
    endloop
  endfacet
  facet normal 0 0 -1
    outer loop
      vertex -13.6162 2.94069 0
      vertex -17.314 6.99013 0
      vertex -2.57816 6.99013 0
    endloop
  endfacet
  facet normal 0 0 -1
    outer loop
      vertex -16.3838 2.94069 0
      vertex -17.314 6.99013 0
      vertex -16.0043 3.09093 0
    endloop
  endfacet
  facet normal 0 0 -1
    outer loop
      vertex -17.9369 6.91144 0
      vertex -16.3838 2.94069 0
      vertex -16.7414 2.74407 0
    endloop
  endfacet
  facet normal 0 0 -1
    outer loop
      vertex -19.1289 6.52413 0
      vertex -16.7414 2.74407 0
      vertex -17.0716 2.50417 0
    endloop
  endfacet
  facet normal 0 0 -1
    outer loop
      vertex -20.1871 5.85257 0
      vertex -17.0716 2.50417 0
      vertex -17.3691 2.22478 0
    endloop
  endfacet
  facet normal 0 0 -1
    outer loop
      vertex -21.0451 4.93893 0
      vertex -17.3691 2.22478 0
      vertex -17.6293 1.9103 0
    endloop
  endfacet
  facet normal 0 0 -1
    outer loop
      vertex -21.6489 3.84062 0
      vertex -17.6293 1.9103 0
      vertex -17.848 1.5657 0
    endloop
  endfacet
  facet normal 0 0 -1
    outer loop
      vertex -16.3838 2.94069 0
      vertex -17.9369 6.91144 0
      vertex -17.314 6.99013 0
    endloop
  endfacet
  facet normal 0 0 -1
    outer loop
      vertex -21.9606 2.62667 0
      vertex -17.848 1.5657 0
      vertex -18.0218 1.1964 0
    endloop
  endfacet
  facet normal 0 0 -1
    outer loop
      vertex -22 2 0
      vertex -18.0218 1.1964 0
      vertex -18.1479 0.808242 0
    endloop
  endfacet
  facet normal 0 0 -1
    outer loop
      vertex -22 2 0
      vertex -18.1479 0.808242 0
      vertex -18.2244 0.407332 0
    endloop
  endfacet
  facet normal 0 0 -1
    outer loop
      vertex -22 2 0
      vertex -18.2244 0.407332 0
      vertex -18.25 0 0
    endloop
  endfacet
  facet normal 0 0 -1
    outer loop
      vertex -16.7414 2.74407 0
      vertex -18.5451 6.75528 0
      vertex -17.9369 6.91144 0
    endloop
  endfacet
  facet normal 0 0 -1
    outer loop
      vertex -21.3815 -4.40877 0
      vertex -17.6293 -1.9103 0
      vertex -21.0451 -4.93893 0
    endloop
  endfacet
  facet normal 0 0 -1
    outer loop
      vertex -21.6489 -3.84062 0
      vertex -17.6293 -1.9103 0
      vertex -21.3815 -4.40877 0
    endloop
  endfacet
  facet normal 0 0 -1
    outer loop
      vertex -22 2 0
      vertex -18.25 0 0
      vertex -22 -2 0
    endloop
  endfacet
  facet normal -0 0 -1
    outer loop
      vertex -17.6293 -1.9103 0
      vertex -21.6489 -3.84062 0
      vertex -17.848 -1.5657 0
    endloop
  endfacet
  facet normal 0 0 -1
    outer loop
      vertex -18.0218 1.1964 0
      vertex -22 2 0
      vertex -21.9606 2.62667 0
    endloop
  endfacet
  facet normal 0 0 -1
    outer loop
      vertex -21.8429 -3.24345 0
      vertex -17.848 -1.5657 0
      vertex -21.6489 -3.84062 0
    endloop
  endfacet
  facet normal 0 0 -1
    outer loop
      vertex -16.7414 2.74407 0
      vertex -19.1289 6.52413 0
      vertex -18.5451 6.75528 0
    endloop
  endfacet
  facet normal 0 0 -1
    outer loop
      vertex -21.9606 -2.62667 0
      vertex -17.848 -1.5657 0
      vertex -21.8429 -3.24345 0
    endloop
  endfacet
  facet normal 0 0 -1
    outer loop
      vertex -17.0716 2.50417 0
      vertex -19.6791 6.22164 0
      vertex -19.1289 6.52413 0
    endloop
  endfacet
  facet normal -0 0 -1
    outer loop
      vertex -17.848 -1.5657 0
      vertex -21.9606 -2.62667 0
      vertex -18.0218 -1.1964 0
    endloop
  endfacet
  facet normal 0 0 -1
    outer loop
      vertex -17.0716 2.50417 0
      vertex -20.1871 5.85257 0
      vertex -19.6791 6.22164 0
    endloop
  endfacet
  facet normal 0 0 -1
    outer loop
      vertex -22 -2 0
      vertex -18.0218 -1.1964 0
      vertex -21.9606 -2.62667 0
    endloop
  endfacet
  facet normal 0 0 -1
    outer loop
      vertex -17.3691 2.22478 0
      vertex -20.6448 5.42274 0
      vertex -20.1871 5.85257 0
    endloop
  endfacet
  facet normal -0 0 -1
    outer loop
      vertex -18.0218 -1.1964 0
      vertex -22 -2 0
      vertex -18.1479 -0.808242 0
    endloop
  endfacet
  facet normal 0 0 -1
    outer loop
      vertex -17.3691 2.22478 0
      vertex -21.0451 4.93893 0
      vertex -20.6448 5.42274 0
    endloop
  endfacet
  facet normal -0 0 -1
    outer loop
      vertex -18.1479 -0.808242 0
      vertex -22 -2 0
      vertex -18.2244 -0.407332 0
    endloop
  endfacet
  facet normal 0 0 -1
    outer loop
      vertex -17.6293 1.9103 0
      vertex -21.3815 4.40877 0
      vertex -21.0451 4.93893 0
    endloop
  endfacet
  facet normal -0 0 -1
    outer loop
      vertex -18.2244 -0.407332 0
      vertex -22 -2 0
      vertex -18.25 0 0
    endloop
  endfacet
  facet normal 0 0 -1
    outer loop
      vertex -17.6293 1.9103 0
      vertex -21.6489 3.84062 0
      vertex -21.3815 4.40877 0
    endloop
  endfacet
  facet normal 0 0 -1
    outer loop
      vertex -17.848 1.5657 0
      vertex -21.8429 3.24345 0
      vertex -21.6489 3.84062 0
    endloop
  endfacet
  facet normal 0 0 -1
    outer loop
      vertex -17.848 1.5657 0
      vertex -21.9606 2.62667 0
      vertex -21.8429 3.24345 0
    endloop
  endfacet
  facet normal 0 0 -1
    outer loop
      vertex 3.30634 14.6887 0
      vertex 7.17482 15.5061 0
      vertex 7.14944 14.4769 0
    endloop
  endfacet
  facet normal 0 0 -1
    outer loop
      vertex 3.25821 13.9299 0
      vertex 7.14944 14.4769 0
      vertex 7.07332 13.5098 0
    endloop
  endfacet
  facet normal 0 0 -1
    outer loop
      vertex 7.17482 15.5061 0
      vertex 3.32237 15.5061 0
      vertex 7.138 16.7309 0
    endloop
  endfacet
  facet normal 0 0 -1
    outer loop
      vertex 3.17801 13.2298 0
      vertex 7.07332 13.5098 0
      vertex 6.94644 12.6047 0
    endloop
  endfacet
  facet normal 0 0 -1
    outer loop
      vertex 3.25848 17.0751 0
      vertex 7.138 16.7309 0
      vertex 3.32237 15.5061 0
    endloop
  endfacet
  facet normal 0 0 -1
    outer loop
      vertex 3.17801 13.2298 0
      vertex 6.94644 12.6047 0
      vertex 6.76881 11.7616 0
    endloop
  endfacet
  facet normal 0 0 -1
    outer loop
      vertex 7.138 16.7309 0
      vertex 3.25848 17.0751 0
      vertex 7.02756 17.8652 0
    endloop
  endfacet
  facet normal 0 0 -1
    outer loop
      vertex 3.0657 12.5884 0
      vertex 6.76881 11.7616 0
      vertex 6.54045 10.9807 0
    endloop
  endfacet
  facet normal 0 0 -1
    outer loop
      vertex 2.92134 12.0055 0
      vertex 6.54045 10.9807 0
      vertex 6.26132 10.2617 0
    endloop
  endfacet
  facet normal 0 0 -1
    outer loop
      vertex 3.0668 18.4027 0
      vertex 7.02756 17.8652 0
      vertex 3.25848 17.0751 0
    endloop
  endfacet
  facet normal 0 0 -1
    outer loop
      vertex 2.92134 12.0055 0
      vertex 6.26132 10.2617 0
      vertex 5.93146 9.60484 0
    endloop
  endfacet
  facet normal 0 0 -1
    outer loop
      vertex 7.02756 17.8652 0
      vertex 3.0668 18.4027 0
      vertex 6.84349 18.9091 0
    endloop
  endfacet
  facet normal 0 0 -1
    outer loop
      vertex 2.92134 12.0055 0
      vertex 5.93146 9.60484 0
      vertex 5.55293 9.01033 0
    endloop
  endfacet
  facet normal -0 0 -1
    outer loop
      vertex 6.84349 18.9091 0
      vertex 3.0668 18.4027 0
      vertex 6.5858 19.8625 0
    endloop
  endfacet
  facet normal 0 0 -1
    outer loop
      vertex 2.92134 12.0055 0
      vertex 5.55293 9.01033 0
      vertex 5.12788 8.47841 0
    endloop
  endfacet
  facet normal 0 0 -1
    outer loop
      vertex 2.74733 19.4889 0
      vertex 6.5858 19.8625 0
      vertex 3.0668 18.4027 0
    endloop
  endfacet
  facet normal 0 0 -1
    outer loop
      vertex 2.92134 12.0055 0
      vertex 5.12788 8.47841 0
      vertex 4.6563 8.00906 0
    endloop
  endfacet
  facet normal -0 0 -1
    outer loop
      vertex 6.5858 19.8625 0
      vertex 2.74733 19.4889 0
      vertex 6.25447 20.7254 0
    endloop
  endfacet
  facet normal 0 0 -1
    outer loop
      vertex 2.92134 12.0055 0
      vertex 4.6563 8.00906 0
      vertex 4.13817 7.60229 0
    endloop
  endfacet
  facet normal 0 0 -1
    outer loop
      vertex 2.92134 12.0055 0
      vertex 4.13817 7.60229 0
      vertex 3.5735 7.25812 0
    endloop
  endfacet
  facet normal -0 0 -1
    outer loop
      vertex 7.17482 15.5061 0
      vertex 3.30634 14.6887 0
      vertex 3.32237 15.5061 0
    endloop
  endfacet
  facet normal 0 0 -1
    outer loop
      vertex 2.30006 20.3338 0
      vertex 5.84953 21.4979 0
      vertex 2.74733 19.4889 0
    endloop
  endfacet
  facet normal -0 0 -1
    outer loop
      vertex 6.25447 20.7254 0
      vertex 2.74733 19.4889 0
      vertex 5.84953 21.4979 0
    endloop
  endfacet
  facet normal -0 0 -1
    outer loop
      vertex 7.14944 14.4769 0
      vertex 3.25821 13.9299 0
      vertex 3.30634 14.6887 0
    endloop
  endfacet
  facet normal -0 0 -1
    outer loop
      vertex 7.07332 13.5098 0
      vertex 3.17801 13.2298 0
      vertex 3.25821 13.9299 0
    endloop
  endfacet
  facet normal 0 0 -1
    outer loop
      vertex 6.76881 11.7616 0
      vertex 3.0657 12.5884 0
      vertex 3.17801 13.2298 0
    endloop
  endfacet
  facet normal 0 0 -1
    outer loop
      vertex 2.92134 12.0055 0
      vertex 3.5735 7.25812 0
      vertex 2.99185 6.99013 0
    endloop
  endfacet
  facet normal 0 0 -1
    outer loop
      vertex 6.54045 10.9807 0
      vertex 2.92134 12.0055 0
      vertex 3.0657 12.5884 0
    endloop
  endfacet
  facet normal -0 0 -1
    outer loop
      vertex 5.84953 21.4979 0
      vertex 2.30006 20.3338 0
      vertex 5.37096 22.18 0
    endloop
  endfacet
  facet normal -0 0 -1
    outer loop
      vertex 5.37096 22.18 0
      vertex 2.30006 20.3338 0
      vertex 4.82353 22.7714 0
    endloop
  endfacet
  facet normal -0 0 -1
    outer loop
      vertex 4.82353 22.7714 0
      vertex 2.30006 20.3338 0
      vertex 4.21196 23.2718 0
    endloop
  endfacet
  facet normal 0 0 -1
    outer loop
      vertex 1.72502 20.9372 0
      vertex 4.21196 23.2718 0
      vertex 2.30006 20.3338 0
    endloop
  endfacet
  facet normal -0 0 -1
    outer loop
      vertex 4.21196 23.2718 0
      vertex 1.72502 20.9372 0
      vertex 3.53621 23.6812 0
    endloop
  endfacet
  facet normal -0 0 -1
    outer loop
      vertex 3.53621 23.6812 0
      vertex 1.72502 20.9372 0
      vertex 2.7963 23.9996 0
    endloop
  endfacet
  facet normal 0 0 -1
    outer loop
      vertex 1.02219 21.2993 0
      vertex 2.7963 23.9996 0
      vertex 1.72502 20.9372 0
    endloop
  endfacet
  facet normal -0 0 -1
    outer loop
      vertex 2.7963 23.9996 0
      vertex 1.02219 21.2993 0
      vertex 1.99222 24.2271 0
    endloop
  endfacet
  facet normal -0 0 -1
    outer loop
      vertex 1.99222 24.2271 0
      vertex 1.02219 21.2993 0
      vertex 1.12396 24.3636 0
    endloop
  endfacet
  facet normal 0 0 -1
    outer loop
      vertex 0.191559 21.42 0
      vertex 1.12396 24.3636 0
      vertex 1.02219 21.2993 0
    endloop
  endfacet
  facet normal 0 0 -1
    outer loop
      vertex 0.191559 21.42 0
      vertex 0.191559 24.4091 0
      vertex 1.12396 24.3636 0
    endloop
  endfacet
  facet normal 0 0 -1
    outer loop
      vertex -0.740982 24.3636 0
      vertex 0.191559 21.42 0
      vertex -0.642532 21.2993 0
    endloop
  endfacet
  facet normal 0 0 -1
    outer loop
      vertex 0.191559 21.42 0
      vertex -0.740982 24.3636 0
      vertex 0.191559 24.4091 0
    endloop
  endfacet
  facet normal 0 0 -1
    outer loop
      vertex -2.41438 23.9996 0
      vertex -0.642532 21.2993 0
      vertex -1.34831 20.9372 0
    endloop
  endfacet
  facet normal 0 0 -1
    outer loop
      vertex -0.642532 21.2993 0
      vertex -1.60963 24.2271 0
      vertex -0.740982 24.3636 0
    endloop
  endfacet
  facet normal 0 0 -1
    outer loop
      vertex -3.83223 23.2718 0
      vertex -1.34831 20.9372 0
      vertex -1.92577 20.3338 0
    endloop
  endfacet
  facet normal 0 0 -1
    outer loop
      vertex -5.47472 21.4979 0
      vertex -1.92577 20.3338 0
      vertex -2.37491 19.4889 0
    endloop
  endfacet
  facet normal 0 0 -1
    outer loop
      vertex -0.642532 21.2993 0
      vertex -2.41438 23.9996 0
      vertex -1.60963 24.2271 0
    endloop
  endfacet
  facet normal 0 0 -1
    outer loop
      vertex -6.21355 19.8625 0
      vertex -2.37491 19.4889 0
      vertex -2.69571 18.4027 0
    endloop
  endfacet
  facet normal 0 0 -1
    outer loop
      vertex -6.65685 17.8652 0
      vertex -2.69571 18.4027 0
      vertex -2.8882 17.0751 0
    endloop
  endfacet
  facet normal 0 0 -1
    outer loop
      vertex -1.34831 20.9372 0
      vertex -3.15526 23.6812 0
      vertex -2.41438 23.9996 0
    endloop
  endfacet
  facet normal 0 0 -1
    outer loop
      vertex -6.76767 16.7309 0
      vertex -2.8882 17.0751 0
      vertex -2.95236 15.5061 0
    endloop
  endfacet
  facet normal 0 0 -1
    outer loop
      vertex -4.57884 8.29489 0
      vertex -1.91798 10.6107 0
      vertex -4.06741 7.83263 0
    endloop
  endfacet
  facet normal 0 0 -1
    outer loop
      vertex -5.04031 8.82553 0
      vertex -1.91798 10.6107 0
      vertex -4.57884 8.29489 0
    endloop
  endfacet
  facet normal -0 0 -1
    outer loop
      vertex -1.91798 10.6107 0
      vertex -5.04031 8.82553 0
      vertex -2.16006 11.0158 0
    endloop
  endfacet
  facet normal 0 0 -1
    outer loop
      vertex -5.45181 9.42453 0
      vertex -2.16006 11.0158 0
      vertex -5.04031 8.82553 0
    endloop
  endfacet
  facet normal -0 0 -1
    outer loop
      vertex -2.16006 11.0158 0
      vertex -5.45181 9.42453 0
      vertex -2.37025 11.4813 0
    endloop
  endfacet
  facet normal 0 0 -1
    outer loop
      vertex -5.81071 10.0914 0
      vertex -2.37025 11.4813 0
      vertex -5.45181 9.42453 0
    endloop
  endfacet
  facet normal -0 0 -1
    outer loop
      vertex -2.37025 11.4813 0
      vertex -5.81071 10.0914 0
      vertex -2.54813 12.0055 0
    endloop
  endfacet
  facet normal 0 0 -1
    outer loop
      vertex -6.11441 10.8255 0
      vertex -2.54813 12.0055 0
      vertex -5.81071 10.0914 0
    endloop
  endfacet
  facet normal 0 -0 -1
    outer loop
      vertex -6.76767 16.7309 0
      vertex -2.95236 15.5061 0
      vertex -6.80461 15.5061 0
    endloop
  endfacet
  facet normal 0 0 -1
    outer loop
      vertex -6.36288 11.627 0
      vertex -2.54813 12.0055 0
      vertex -6.11441 10.8255 0
    endloop
  endfacet
  facet normal -0 0 -1
    outer loop
      vertex -2.8882 17.0751 0
      vertex -6.76767 16.7309 0
      vertex -6.65685 17.8652 0
    endloop
  endfacet
  facet normal -0 0 -1
    outer loop
      vertex -2.54813 12.0055 0
      vertex -6.36288 11.627 0
      vertex -2.69365 12.5884 0
    endloop
  endfacet
  facet normal -0 0 -1
    outer loop
      vertex -2.69571 18.4027 0
      vertex -6.65685 17.8652 0
      vertex -6.47214 18.9091 0
    endloop
  endfacet
  facet normal 0 0 -1
    outer loop
      vertex -6.55614 12.4958 0
      vertex -2.69365 12.5884 0
      vertex -6.36288 11.627 0
    endloop
  endfacet
  facet normal -0 0 -1
    outer loop
      vertex -2.69365 12.5884 0
      vertex -6.55614 12.4958 0
      vertex -2.80684 13.2298 0
    endloop
  endfacet
  facet normal 0 0 -1
    outer loop
      vertex -2.69571 18.4027 0
      vertex -6.47214 18.9091 0
      vertex -6.21355 19.8625 0
    endloop
  endfacet
  facet normal 0 0 -1
    outer loop
      vertex -6.69418 13.4319 0
      vertex -2.80684 13.2298 0
      vertex -6.55614 12.4958 0
    endloop
  endfacet
  facet normal 0 0 -1
    outer loop
      vertex -2.37491 19.4889 0
      vertex -6.21355 19.8625 0
      vertex -5.88107 20.7254 0
    endloop
  endfacet
  facet normal 0 0 -1
    outer loop
      vertex -2.80684 13.2298 0
      vertex -6.69418 13.4319 0
      vertex -2.88768 13.9299 0
    endloop
  endfacet
  facet normal 0 0 -1
    outer loop
      vertex -2.93619 14.6887 0
      vertex -6.80461 15.5061 0
      vertex -2.95236 15.5061 0
    endloop
  endfacet
  facet normal 0 0 -1
    outer loop
      vertex -6.77701 14.4353 0
      vertex -2.88768 13.9299 0
      vertex -6.69418 13.4319 0
    endloop
  endfacet
  facet normal 0 0 -1
    outer loop
      vertex -2.88768 13.9299 0
      vertex -6.77701 14.4353 0
      vertex -2.93619 14.6887 0
    endloop
  endfacet
  facet normal 0 0 -1
    outer loop
      vertex -6.80461 15.5061 0
      vertex -2.93619 14.6887 0
      vertex -6.77701 14.4353 0
    endloop
  endfacet
  facet normal 0 0 -1
    outer loop
      vertex -1.92577 20.3338 0
      vertex -5.47472 21.4979 0
      vertex -4.99448 22.18 0
    endloop
  endfacet
  facet normal 0 0 -1
    outer loop
      vertex -2.37491 19.4889 0
      vertex -5.88107 20.7254 0
      vertex -5.47472 21.4979 0
    endloop
  endfacet
  facet normal 0 0 -1
    outer loop
      vertex -1.92577 20.3338 0
      vertex -4.99448 22.18 0
      vertex -4.4453 22.7714 0
    endloop
  endfacet
  facet normal 0 0 -1
    outer loop
      vertex -1.34831 20.9372 0
      vertex -3.83223 23.2718 0
      vertex -3.15526 23.6812 0
    endloop
  endfacet
  facet normal 0 0 -1
    outer loop
      vertex -1.92577 20.3338 0
      vertex -4.4453 22.7714 0
      vertex -3.83223 23.2718 0
    endloop
  endfacet
  facet normal -0.951072 -0.30897 0
    outer loop
      vertex -21.6489 -3.84062 0
      vertex -21.8429 -3.24345 1
      vertex -21.8429 -3.24345 0
    endloop
  endfacet
  facet normal -0.951072 -0.30897 0
    outer loop
      vertex -21.8429 -3.24345 1
      vertex -21.6489 -3.84062 0
      vertex -21.6489 -3.84062 1
    endloop
  endfacet
  facet normal -0.770468 -0.637478 0
    outer loop
      vertex -20.6448 -5.42274 0
      vertex -21.0451 -4.93893 1
      vertex -21.0451 -4.93893 0
    endloop
  endfacet
  facet normal -0.770468 -0.637478 0
    outer loop
      vertex -21.0451 -4.93893 1
      vertex -20.6448 -5.42274 0
      vertex -20.6448 -5.42274 1
    endloop
  endfacet
  facet normal -0.368135 -0.929773 0
    outer loop
      vertex -19.1289 -6.52413 0
      vertex -18.5451 -6.75528 1
      vertex -19.1289 -6.52413 1
    endloop
  endfacet
  facet normal -0.368135 -0.929773 -0
    outer loop
      vertex -18.5451 -6.75528 1
      vertex -19.1289 -6.52413 0
      vertex -18.5451 -6.75528 0
    endloop
  endfacet
  facet normal -0.684565 -0.728952 0
    outer loop
      vertex -20.6448 -5.42274 0
      vertex -20.1871 -5.85257 1
      vertex -20.6448 -5.42274 1
    endloop
  endfacet
  facet normal -0.684565 -0.728952 -0
    outer loop
      vertex -20.1871 -5.85257 1
      vertex -20.6448 -5.42274 0
      vertex -20.1871 -5.85257 0
    endloop
  endfacet
  facet normal -0.982275 0.187447 0
    outer loop
      vertex -21.9606 2.62667 0
      vertex -21.8429 3.24345 1
      vertex -21.8429 3.24345 0
    endloop
  endfacet
  facet normal -0.982275 0.187447 0
    outer loop
      vertex -21.8429 3.24345 1
      vertex -21.9606 2.62667 0
      vertex -21.9606 2.62667 1
    endloop
  endfacet
  facet normal -0.904797 0.425843 0
    outer loop
      vertex -21.6489 3.84062 0
      vertex -21.3815 4.40877 1
      vertex -21.3815 4.40877 0
    endloop
  endfacet
  facet normal -0.904797 0.425843 0
    outer loop
      vertex -21.3815 4.40877 1
      vertex -21.6489 3.84062 0
      vertex -21.6489 3.84062 1
    endloop
  endfacet
  facet normal -0.684565 0.728952 0
    outer loop
      vertex -20.1871 5.85257 0
      vertex -20.6448 5.42274 1
      vertex -20.1871 5.85257 1
    endloop
  endfacet
  facet normal -0.684565 0.728952 0
    outer loop
      vertex -20.6448 5.42274 1
      vertex -20.1871 5.85257 0
      vertex -20.6448 5.42274 0
    endloop
  endfacet
  facet normal -0.587771 0.809027 0
    outer loop
      vertex -19.6791 6.22164 0
      vertex -20.1871 5.85257 1
      vertex -19.6791 6.22164 1
    endloop
  endfacet
  facet normal -0.587771 0.809027 0
    outer loop
      vertex -20.1871 5.85257 1
      vertex -19.6791 6.22164 0
      vertex -20.1871 5.85257 0
    endloop
  endfacet
  facet normal 0.904797 0.425843 0
    outer loop
      vertex 21.6489 3.84062 1
      vertex 21.3815 4.40877 0
      vertex 21.3815 4.40877 1
    endloop
  endfacet
  facet normal 0.904797 0.425843 0
    outer loop
      vertex 21.3815 4.40877 0
      vertex 21.6489 3.84062 1
      vertex 21.6489 3.84062 0
    endloop
  endfacet
  facet normal 0.951072 0.30897 0
    outer loop
      vertex 21.8429 3.24345 1
      vertex 21.6489 3.84062 0
      vertex 21.6489 3.84062 1
    endloop
  endfacet
  facet normal 0.951072 0.30897 0
    outer loop
      vertex 21.6489 3.84062 0
      vertex 21.8429 3.24345 1
      vertex 21.8429 3.24345 0
    endloop
  endfacet
  facet normal 0.844364 0.53577 0
    outer loop
      vertex 21.3815 4.40877 1
      vertex 21.0451 4.93893 0
      vertex 21.0451 4.93893 1
    endloop
  endfacet
  facet normal 0.844364 0.53577 0
    outer loop
      vertex 21.0451 4.93893 0
      vertex 21.3815 4.40877 1
      vertex 21.3815 4.40877 0
    endloop
  endfacet
  facet normal 0.368135 0.929773 -0
    outer loop
      vertex 19.1289 6.52413 0
      vertex 18.5451 6.75528 1
      vertex 19.1289 6.52413 1
    endloop
  endfacet
  facet normal 0.368135 0.929773 0
    outer loop
      vertex 18.5451 6.75528 1
      vertex 19.1289 6.52413 0
      vertex 18.5451 6.75528 0
    endloop
  endfacet
  facet normal -0.982275 -0.187447 0
    outer loop
      vertex -21.8429 -3.24345 0
      vertex -21.9606 -2.62667 1
      vertex -21.9606 -2.62667 0
    endloop
  endfacet
  facet normal -0.982275 -0.187447 0
    outer loop
      vertex -21.9606 -2.62667 1
      vertex -21.8429 -3.24345 0
      vertex -21.8429 -3.24345 1
    endloop
  endfacet
  facet normal -0.844364 -0.53577 0
    outer loop
      vertex -21.0451 -4.93893 0
      vertex -21.3815 -4.40877 1
      vertex -21.3815 -4.40877 0
    endloop
  endfacet
  facet normal -0.844364 -0.53577 0
    outer loop
      vertex -21.3815 -4.40877 1
      vertex -21.0451 -4.93893 0
      vertex -21.0451 -4.93893 1
    endloop
  endfacet
  facet normal -0.481772 -0.876297 0
    outer loop
      vertex -19.6791 -6.22164 0
      vertex -19.1289 -6.52413 1
      vertex -19.6791 -6.22164 1
    endloop
  endfacet
  facet normal -0.481772 -0.876297 -0
    outer loop
      vertex -19.1289 -6.52413 1
      vertex -19.6791 -6.22164 0
      vertex -19.1289 -6.52413 0
    endloop
  endfacet
  facet normal -0.587771 -0.809027 0
    outer loop
      vertex -20.1871 -5.85257 0
      vertex -19.6791 -6.22164 1
      vertex -20.1871 -5.85257 1
    endloop
  endfacet
  facet normal -0.587771 -0.809027 -0
    outer loop
      vertex -19.6791 -6.22164 1
      vertex -20.1871 -5.85257 0
      vertex -19.6791 -6.22164 0
    endloop
  endfacet
  facet normal 0.248691 -0.968583 0
    outer loop
      vertex 17.9369 -6.91144 0
      vertex 18.5451 -6.75528 1
      vertex 17.9369 -6.91144 1
    endloop
  endfacet
  facet normal 0.248691 -0.968583 0
    outer loop
      vertex 18.5451 -6.75528 1
      vertex 17.9369 -6.91144 0
      vertex 18.5451 -6.75528 0
    endloop
  endfacet
  facet normal 0.587771 -0.809027 0
    outer loop
      vertex 19.6791 -6.22164 0
      vertex 20.1871 -5.85257 1
      vertex 19.6791 -6.22164 1
    endloop
  endfacet
  facet normal 0.587771 -0.809027 0
    outer loop
      vertex 20.1871 -5.85257 1
      vertex 19.6791 -6.22164 0
      vertex 20.1871 -5.85257 0
    endloop
  endfacet
  facet normal 0.684565 -0.728952 0
    outer loop
      vertex 20.1871 -5.85257 0
      vertex 20.6448 -5.42274 1
      vertex 20.1871 -5.85257 1
    endloop
  endfacet
  facet normal 0.684565 -0.728952 0
    outer loop
      vertex 20.6448 -5.42274 1
      vertex 20.1871 -5.85257 0
      vertex 20.6448 -5.42274 0
    endloop
  endfacet
  facet normal 0.125332 -0.992115 0
    outer loop
      vertex 17.314 -6.99013 0
      vertex 17.9369 -6.91144 1
      vertex 17.314 -6.99013 1
    endloop
  endfacet
  facet normal 0.125332 -0.992115 0
    outer loop
      vertex 17.9369 -6.91144 1
      vertex 17.314 -6.99013 0
      vertex 17.9369 -6.91144 0
    endloop
  endfacet
  facet normal 0.904797 -0.425843 0
    outer loop
      vertex 21.3815 -4.40877 1
      vertex 21.6489 -3.84062 0
      vertex 21.6489 -3.84062 1
    endloop
  endfacet
  facet normal 0.904797 -0.425843 0
    outer loop
      vertex 21.6489 -3.84062 0
      vertex 21.3815 -4.40877 1
      vertex 21.3815 -4.40877 0
    endloop
  endfacet
  facet normal 0.844364 -0.53577 0
    outer loop
      vertex 21.0451 -4.93893 1
      vertex 21.3815 -4.40877 0
      vertex 21.3815 -4.40877 1
    endloop
  endfacet
  facet normal 0.844364 -0.53577 0
    outer loop
      vertex 21.3815 -4.40877 0
      vertex 21.0451 -4.93893 1
      vertex 21.0451 -4.93893 0
    endloop
  endfacet
  facet normal 0.481772 -0.876297 0
    outer loop
      vertex 19.1289 -6.52413 0
      vertex 19.6791 -6.22164 1
      vertex 19.1289 -6.52413 1
    endloop
  endfacet
  facet normal 0.481772 -0.876297 0
    outer loop
      vertex 19.6791 -6.22164 1
      vertex 19.1289 -6.52413 0
      vertex 19.6791 -6.22164 0
    endloop
  endfacet
  facet normal 0.368135 -0.929773 0
    outer loop
      vertex 18.5451 -6.75528 0
      vertex 19.1289 -6.52413 1
      vertex 18.5451 -6.75528 1
    endloop
  endfacet
  facet normal 0.368135 -0.929773 0
    outer loop
      vertex 19.1289 -6.52413 1
      vertex 18.5451 -6.75528 0
      vertex 19.1289 -6.52413 0
    endloop
  endfacet
  facet normal 0.418461 -0.908235 0
    outer loop
      vertex 2.99185 6.99013 0
      vertex 3.5735 7.25812 1
      vertex 2.99185 6.99013 1
    endloop
  endfacet
  facet normal 0.418461 -0.908235 0
    outer loop
      vertex 3.5735 7.25812 1
      vertex 2.99185 6.99013 0
      vertex 3.5735 7.25812 0
    endloop
  endfacet
  facet normal 0.520452 -0.853891 0
    outer loop
      vertex 3.5735 7.25812 0
      vertex 4.13817 7.60229 1
      vertex 3.5735 7.25812 1
    endloop
  endfacet
  facet normal 0.520452 -0.853891 0
    outer loop
      vertex 4.13817 7.60229 1
      vertex 3.5735 7.25812 0
      vertex 4.13817 7.60229 0
    endloop
  endfacet
  facet normal 0.61751 -0.786563 0
    outer loop
      vertex 4.13817 7.60229 0
      vertex 4.6563 8.00906 1
      vertex 4.13817 7.60229 1
    endloop
  endfacet
  facet normal 0.61751 -0.786563 0
    outer loop
      vertex 4.6563 8.00906 1
      vertex 4.13817 7.60229 0
      vertex 4.6563 8.00906 0
    endloop
  endfacet
  facet normal 0.705429 -0.708781 0
    outer loop
      vertex 4.6563 8.00906 0
      vertex 5.12788 8.47841 1
      vertex 4.6563 8.00906 1
    endloop
  endfacet
  facet normal 0.705429 -0.708781 0
    outer loop
      vertex 5.12788 8.47841 1
      vertex 4.6563 8.00906 0
      vertex 5.12788 8.47841 0
    endloop
  endfacet
  facet normal 0.781217 -0.62426 0
    outer loop
      vertex 5.12788 8.47841 1
      vertex 5.55293 9.01033 0
      vertex 5.55293 9.01033 1
    endloop
  endfacet
  facet normal 0.781217 -0.62426 0
    outer loop
      vertex 5.55293 9.01033 0
      vertex 5.12788 8.47841 1
      vertex 5.12788 8.47841 0
    endloop
  endfacet
  facet normal 0.843529 -0.537083 0
    outer loop
      vertex 5.55293 9.01033 1
      vertex 5.93146 9.60484 0
      vertex 5.93146 9.60484 1
    endloop
  endfacet
  facet normal 0.843529 -0.537083 0
    outer loop
      vertex 5.93146 9.60484 0
      vertex 5.55293 9.01033 1
      vertex 5.55293 9.01033 0
    endloop
  endfacet
  facet normal 0.893648 -0.448769 0
    outer loop
      vertex 5.93146 9.60484 1
      vertex 6.26132 10.2617 0
      vertex 6.26132 10.2617 1
    endloop
  endfacet
  facet normal 0.893648 -0.448769 0
    outer loop
      vertex 6.26132 10.2617 0
      vertex 5.93146 9.60484 1
      vertex 5.93146 9.60484 0
    endloop
  endfacet
  facet normal 0.932215 -0.361904 0
    outer loop
      vertex 6.26132 10.2617 1
      vertex 6.54045 10.9807 0
      vertex 6.54045 10.9807 1
    endloop
  endfacet
  facet normal 0.932215 -0.361904 0
    outer loop
      vertex 6.54045 10.9807 0
      vertex 6.26132 10.2617 1
      vertex 6.26132 10.2617 0
    endloop
  endfacet
  facet normal 0.959802 -0.280677 0
    outer loop
      vertex 6.54045 10.9807 1
      vertex 6.76881 11.7616 0
      vertex 6.76881 11.7616 1
    endloop
  endfacet
  facet normal 0.959802 -0.280677 0
    outer loop
      vertex 6.76881 11.7616 0
      vertex 6.54045 10.9807 1
      vertex 6.54045 10.9807 0
    endloop
  endfacet
  facet normal 0.978518 -0.206161 0
    outer loop
      vertex 6.76881 11.7616 1
      vertex 6.94644 12.6047 0
      vertex 6.94644 12.6047 1
    endloop
  endfacet
  facet normal 0.978518 -0.206161 0
    outer loop
      vertex 6.94644 12.6047 0
      vertex 6.76881 11.7616 1
      vertex 6.76881 11.7616 0
    endloop
  endfacet
  facet normal 0.990317 -0.138826 0
    outer loop
      vertex 6.94644 12.6047 1
      vertex 7.07332 13.5098 0
      vertex 7.07332 13.5098 1
    endloop
  endfacet
  facet normal 0.990317 -0.138826 0
    outer loop
      vertex 7.07332 13.5098 0
      vertex 6.94644 12.6047 1
      vertex 6.94644 12.6047 0
    endloop
  endfacet
  facet normal 0.996917 -0.0784669 0
    outer loop
      vertex 7.07332 13.5098 1
      vertex 7.14944 14.4769 0
      vertex 7.14944 14.4769 1
    endloop
  endfacet
  facet normal 0.996917 -0.0784669 0
    outer loop
      vertex 7.14944 14.4769 0
      vertex 7.07332 13.5098 1
      vertex 7.07332 13.5098 0
    endloop
  endfacet
  facet normal 0.999696 -0.0246524 0
    outer loop
      vertex 7.14944 14.4769 1
      vertex 7.17482 15.5061 0
      vertex 7.17482 15.5061 1
    endloop
  endfacet
  facet normal 0.999696 -0.0246524 0
    outer loop
      vertex 7.17482 15.5061 0
      vertex 7.14944 14.4769 1
      vertex 7.14944 14.4769 0
    endloop
  endfacet
  facet normal 0.999548 0.0300485 0
    outer loop
      vertex 7.17482 15.5061 1
      vertex 7.138 16.7309 0
      vertex 7.138 16.7309 1
    endloop
  endfacet
  facet normal 0.999548 0.0300485 0
    outer loop
      vertex 7.138 16.7309 0
      vertex 7.17482 15.5061 1
      vertex 7.17482 15.5061 0
    endloop
  endfacet
  facet normal 0.995294 0.0969058 0
    outer loop
      vertex 7.138 16.7309 1
      vertex 7.02756 17.8652 0
      vertex 7.02756 17.8652 1
    endloop
  endfacet
  facet normal 0.995294 0.0969058 0
    outer loop
      vertex 7.02756 17.8652 0
      vertex 7.138 16.7309 1
      vertex 7.138 16.7309 0
    endloop
  endfacet
  facet normal 0.984807 0.17365 0
    outer loop
      vertex 7.02756 17.8652 1
      vertex 6.84349 18.9091 0
      vertex 6.84349 18.9091 1
    endloop
  endfacet
  facet normal 0.984807 0.17365 0
    outer loop
      vertex 6.84349 18.9091 0
      vertex 7.02756 17.8652 1
      vertex 7.02756 17.8652 0
    endloop
  endfacet
  facet normal 0.96536 0.260923 0
    outer loop
      vertex 6.84349 18.9091 1
      vertex 6.5858 19.8625 0
      vertex 6.5858 19.8625 1
    endloop
  endfacet
  facet normal 0.96536 0.260923 0
    outer loop
      vertex 6.5858 19.8625 0
      vertex 6.84349 18.9091 1
      vertex 6.84349 18.9091 0
    endloop
  endfacet
  facet normal 0.933546 0.358456 0
    outer loop
      vertex 6.5858 19.8625 1
      vertex 6.25447 20.7254 0
      vertex 6.25447 20.7254 1
    endloop
  endfacet
  facet normal 0.933546 0.358456 0
    outer loop
      vertex 6.25447 20.7254 0
      vertex 6.5858 19.8625 1
      vertex 6.5858 19.8625 0
    endloop
  endfacet
  facet normal 0.885691 0.464274 0
    outer loop
      vertex 6.25447 20.7254 1
      vertex 5.84953 21.4979 0
      vertex 5.84953 21.4979 1
    endloop
  endfacet
  facet normal 0.885691 0.464274 0
    outer loop
      vertex 5.84953 21.4979 0
      vertex 6.25447 20.7254 1
      vertex 6.25447 20.7254 0
    endloop
  endfacet
  facet normal 0.818611 0.574348 0
    outer loop
      vertex 5.84953 21.4979 1
      vertex 5.37096 22.18 0
      vertex 5.37096 22.18 1
    endloop
  endfacet
  facet normal 0.818611 0.574348 0
    outer loop
      vertex 5.37096 22.18 0
      vertex 5.84953 21.4979 1
      vertex 5.84953 21.4979 0
    endloop
  endfacet
  facet normal 0.733861 0.679299 0
    outer loop
      vertex 5.37096 22.18 1
      vertex 4.82353 22.7714 0
      vertex 4.82353 22.7714 1
    endloop
  endfacet
  facet normal 0.733861 0.679299 0
    outer loop
      vertex 4.82353 22.7714 0
      vertex 5.37096 22.18 1
      vertex 5.37096 22.18 0
    endloop
  endfacet
  facet normal 0.633256 0.773942 -0
    outer loop
      vertex 4.82353 22.7714 0
      vertex 4.21196 23.2718 1
      vertex 4.82353 22.7714 1
    endloop
  endfacet
  facet normal 0.633256 0.773942 0
    outer loop
      vertex 4.21196 23.2718 1
      vertex 4.82353 22.7714 0
      vertex 4.21196 23.2718 0
    endloop
  endfacet
  facet normal 0.518167 0.855279 -0
    outer loop
      vertex 4.21196 23.2718 0
      vertex 3.53621 23.6812 1
      vertex 4.21196 23.2718 1
    endloop
  endfacet
  facet normal 0.518167 0.855279 0
    outer loop
      vertex 3.53621 23.6812 1
      vertex 4.21196 23.2718 0
      vertex 3.53621 23.6812 0
    endloop
  endfacet
  facet normal 0.395278 0.918562 -0
    outer loop
      vertex 3.53621 23.6812 0
      vertex 2.7963 23.9996 1
      vertex 3.53621 23.6812 1
    endloop
  endfacet
  facet normal 0.395278 0.918562 0
    outer loop
      vertex 2.7963 23.9996 1
      vertex 3.53621 23.6812 0
      vertex 2.7963 23.9996 0
    endloop
  endfacet
  facet normal 0.272245 0.962228 -0
    outer loop
      vertex 2.7963 23.9996 0
      vertex 1.99222 24.2271 1
      vertex 2.7963 23.9996 1
    endloop
  endfacet
  facet normal 0.272245 0.962228 0
    outer loop
      vertex 1.99222 24.2271 1
      vertex 2.7963 23.9996 0
      vertex 1.99222 24.2271 0
    endloop
  endfacet
  facet normal 0.155304 0.987867 -0
    outer loop
      vertex 1.99222 24.2271 0
      vertex 1.12396 24.3636 1
      vertex 1.99222 24.2271 1
    endloop
  endfacet
  facet normal 0.155304 0.987867 0
    outer loop
      vertex 1.12396 24.3636 1
      vertex 1.99222 24.2271 0
      vertex 1.12396 24.3636 0
    endloop
  endfacet
  facet normal 0.0487407 0.998811 -0
    outer loop
      vertex 1.12396 24.3636 0
      vertex 0.191559 24.4091 1
      vertex 1.12396 24.3636 1
    endloop
  endfacet
  facet normal 0.0487407 0.998811 0
    outer loop
      vertex 0.191559 24.4091 1
      vertex 1.12396 24.3636 0
      vertex 0.191559 24.4091 0
    endloop
  endfacet
  facet normal -0.0487334 0.998812 0
    outer loop
      vertex 0.191559 24.4091 0
      vertex -0.740982 24.3636 1
      vertex 0.191559 24.4091 1
    endloop
  endfacet
  facet normal -0.0487334 0.998812 0
    outer loop
      vertex -0.740982 24.3636 1
      vertex 0.191559 24.4091 0
      vertex -0.740982 24.3636 0
    endloop
  endfacet
  facet normal -0.155236 0.987877 0
    outer loop
      vertex -0.740982 24.3636 0
      vertex -1.60963 24.2271 1
      vertex -0.740982 24.3636 1
    endloop
  endfacet
  facet normal -0.155236 0.987877 0
    outer loop
      vertex -1.60963 24.2271 1
      vertex -0.740982 24.3636 0
      vertex -1.60963 24.2271 0
    endloop
  endfacet
  facet normal -0.272035 0.962287 0
    outer loop
      vertex -1.60963 24.2271 0
      vertex -2.41438 23.9996 1
      vertex -1.60963 24.2271 1
    endloop
  endfacet
  facet normal -0.272035 0.962287 0
    outer loop
      vertex -2.41438 23.9996 1
      vertex -1.60963 24.2271 0
      vertex -2.41438 23.9996 0
    endloop
  endfacet
  facet normal -0.394841 0.918749 0
    outer loop
      vertex -2.41438 23.9996 0
      vertex -3.15526 23.6812 1
      vertex -2.41438 23.9996 1
    endloop
  endfacet
  facet normal -0.394841 0.918749 0
    outer loop
      vertex -3.15526 23.6812 1
      vertex -2.41438 23.9996 0
      vertex -3.15526 23.6812 0
    endloop
  endfacet
  facet normal -0.517483 0.855693 0
    outer loop
      vertex -3.15526 23.6812 0
      vertex -3.83223 23.2718 1
      vertex -3.15526 23.6812 1
    endloop
  endfacet
  facet normal -0.517483 0.855693 0
    outer loop
      vertex -3.83223 23.2718 1
      vertex -3.15526 23.6812 0
      vertex -3.83223 23.2718 0
    endloop
  endfacet
  facet normal -0.632327 0.774702 0
    outer loop
      vertex -3.83223 23.2718 0
      vertex -4.4453 22.7714 1
      vertex -3.83223 23.2718 1
    endloop
  endfacet
  facet normal -0.632327 0.774702 0
    outer loop
      vertex -4.4453 22.7714 1
      vertex -3.83223 23.2718 0
      vertex -4.4453 22.7714 0
    endloop
  endfacet
  facet normal -0.732779 0.680466 0
    outer loop
      vertex -4.99448 22.18 0
      vertex -4.4453 22.7714 1
      vertex -4.4453 22.7714 0
    endloop
  endfacet
  facet normal -0.732779 0.680466 0
    outer loop
      vertex -4.4453 22.7714 1
      vertex -4.99448 22.18 0
      vertex -4.99448 22.18 1
    endloop
  endfacet
  facet normal -0.817669 0.575689 0
    outer loop
      vertex -5.47472 21.4979 0
      vertex -4.99448 22.18 1
      vertex -4.99448 22.18 0
    endloop
  endfacet
  facet normal -0.817669 0.575689 0
    outer loop
      vertex -4.99448 22.18 1
      vertex -5.47472 21.4979 0
      vertex -5.47472 21.4979 1
    endloop
  endfacet
  facet normal -0.885026 0.465541 0
    outer loop
      vertex -5.88107 20.7254 0
      vertex -5.47472 21.4979 1
      vertex -5.47472 21.4979 0
    endloop
  endfacet
  facet normal -0.885026 0.465541 0
    outer loop
      vertex -5.47472 21.4979 1
      vertex -5.88107 20.7254 0
      vertex -5.88107 20.7254 1
    endloop
  endfacet
  facet normal -0.93313 0.35954 0
    outer loop
      vertex -6.21355 19.8625 0
      vertex -5.88107 20.7254 1
      vertex -5.88107 20.7254 0
    endloop
  endfacet
  facet normal -0.93313 0.35954 0
    outer loop
      vertex -5.88107 20.7254 1
      vertex -6.21355 19.8625 0
      vertex -6.21355 19.8625 1
    endloop
  endfacet
  facet normal -0.96513 0.261771 0
    outer loop
      vertex -6.47214 18.9091 0
      vertex -6.21355 19.8625 1
      vertex -6.21355 19.8625 0
    endloop
  endfacet
  facet normal -0.96513 0.261771 0
    outer loop
      vertex -6.21355 19.8625 1
      vertex -6.47214 18.9091 0
      vertex -6.47214 18.9091 1
    endloop
  endfacet
  facet normal -0.984704 0.174236 0
    outer loop
      vertex -6.65685 17.8652 0
      vertex -6.47214 18.9091 1
      vertex -6.47214 18.9091 0
    endloop
  endfacet
  facet normal -0.984704 0.174236 0
    outer loop
      vertex -6.47214 18.9091 1
      vertex -6.65685 17.8652 0
      vertex -6.65685 17.8652 1
    endloop
  endfacet
  facet normal -0.995261 0.0972361 0
    outer loop
      vertex -6.76767 16.7309 0
      vertex -6.65685 17.8652 1
      vertex -6.65685 17.8652 0
    endloop
  endfacet
  facet normal -0.995261 0.0972361 0
    outer loop
      vertex -6.65685 17.8652 1
      vertex -6.76767 16.7309 0
      vertex -6.76767 16.7309 1
    endloop
  endfacet
  facet normal -0.999545 0.0301463 0
    outer loop
      vertex -6.80461 15.5061 0
      vertex -6.76767 16.7309 1
      vertex -6.76767 16.7309 0
    endloop
  endfacet
  facet normal -0.999545 0.0301463 0
    outer loop
      vertex -6.76767 16.7309 1
      vertex -6.80461 15.5061 0
      vertex -6.80461 15.5061 1
    endloop
  endfacet
  facet normal -0.999668 -0.0257666 0
    outer loop
      vertex -6.77701 14.4353 0
      vertex -6.80461 15.5061 1
      vertex -6.80461 15.5061 0
    endloop
  endfacet
  facet normal -0.999668 -0.0257666 0
    outer loop
      vertex -6.80461 15.5061 1
      vertex -6.77701 14.4353 0
      vertex -6.77701 14.4353 1
    endloop
  endfacet
  facet normal -0.99661 -0.0822695 0
    outer loop
      vertex -6.69418 13.4319 0
      vertex -6.77701 14.4353 1
      vertex -6.77701 14.4353 0
    endloop
  endfacet
  facet normal -0.99661 -0.0822695 0
    outer loop
      vertex -6.77701 14.4353 1
      vertex -6.69418 13.4319 0
      vertex -6.69418 13.4319 1
    endloop
  endfacet
  facet normal -0.989302 -0.145885 0
    outer loop
      vertex -6.55614 12.4958 0
      vertex -6.69418 13.4319 1
      vertex -6.69418 13.4319 0
    endloop
  endfacet
  facet normal -0.989302 -0.145885 0
    outer loop
      vertex -6.69418 13.4319 1
      vertex -6.55614 12.4958 0
      vertex -6.55614 12.4958 1
    endloop
  endfacet
  facet normal -0.976141 -0.217137 0
    outer loop
      vertex -6.36288 11.627 0
      vertex -6.55614 12.4958 1
      vertex -6.55614 12.4958 0
    endloop
  endfacet
  facet normal -0.976141 -0.217137 0
    outer loop
      vertex -6.55614 12.4958 1
      vertex -6.36288 11.627 0
      vertex -6.36288 11.627 1
    endloop
  endfacet
  facet normal -0.955156 -0.296104 0
    outer loop
      vertex -6.11441 10.8255 0
      vertex -6.36288 11.627 1
      vertex -6.36288 11.627 0
    endloop
  endfacet
  facet normal -0.955156 -0.296104 0
    outer loop
      vertex -6.36288 11.627 1
      vertex -6.11441 10.8255 0
      vertex -6.11441 10.8255 1
    endloop
  endfacet
  facet normal -0.924046 -0.382281 0
    outer loop
      vertex -5.81071 10.0914 0
      vertex -6.11441 10.8255 1
      vertex -6.11441 10.8255 0
    endloop
  endfacet
  facet normal -0.924046 -0.382281 0
    outer loop
      vertex -6.11441 10.8255 1
      vertex -5.81071 10.0914 0
      vertex -5.81071 10.0914 1
    endloop
  endfacet
  facet normal -0.880572 -0.473912 0
    outer loop
      vertex -5.45181 9.42453 0
      vertex -5.81071 10.0914 1
      vertex -5.81071 10.0914 0
    endloop
  endfacet
  facet normal -0.880572 -0.473912 0
    outer loop
      vertex -5.81071 10.0914 1
      vertex -5.45181 9.42453 0
      vertex -5.45181 9.42453 1
    endloop
  endfacet
  facet normal -0.824243 -0.566237 0
    outer loop
      vertex -5.04031 8.82553 0
      vertex -5.45181 9.42453 1
      vertex -5.45181 9.42453 0
    endloop
  endfacet
  facet normal -0.824243 -0.566237 0
    outer loop
      vertex -5.45181 9.42453 1
      vertex -5.04031 8.82553 0
      vertex -5.04031 8.82553 1
    endloop
  endfacet
  facet normal -0.754575 -0.656214 0
    outer loop
      vertex -4.57884 8.29489 0
      vertex -5.04031 8.82553 1
      vertex -5.04031 8.82553 0
    endloop
  endfacet
  facet normal -0.754575 -0.656214 0
    outer loop
      vertex -5.04031 8.82553 1
      vertex -4.57884 8.29489 0
      vertex -4.57884 8.29489 1
    endloop
  endfacet
  facet normal -0.670544 -0.741869 0
    outer loop
      vertex -4.57884 8.29489 0
      vertex -4.06741 7.83263 1
      vertex -4.57884 8.29489 1
    endloop
  endfacet
  facet normal -0.670544 -0.741869 -0
    outer loop
      vertex -4.06741 7.83263 1
      vertex -4.57884 8.29489 0
      vertex -4.06741 7.83263 0
    endloop
  endfacet
  facet normal -0.574366 -0.818598 0
    outer loop
      vertex -4.06741 7.83263 0
      vertex -3.50603 7.43874 1
      vertex -4.06741 7.83263 1
    endloop
  endfacet
  facet normal -0.574366 -0.818598 -0
    outer loop
      vertex -3.50603 7.43874 1
      vertex -4.06741 7.83263 0
      vertex -3.50603 7.43874 0
    endloop
  endfacet
  facet normal -0.470005 -0.882664 0
    outer loop
      vertex -3.50603 7.43874 0
      vertex -2.89467 7.1132 1
      vertex -3.50603 7.43874 1
    endloop
  endfacet
  facet normal -0.470005 -0.882664 -0
    outer loop
      vertex -2.89467 7.1132 1
      vertex -3.50603 7.43874 0
      vertex -2.89467 7.1132 0
    endloop
  endfacet
  facet normal -0.362402 -0.932022 0
    outer loop
      vertex -2.89467 7.1132 0
      vertex -2.57816 6.99013 1
      vertex -2.89467 7.1132 1
    endloop
  endfacet
  facet normal -0.362402 -0.932022 -0
    outer loop
      vertex -2.57816 6.99013 1
      vertex -2.89467 7.1132 0
      vertex -2.57816 6.99013 0
    endloop
  endfacet
  facet normal 0.228364 0.973576 -0
    outer loop
      vertex -0.238251 9.52011 0
      vertex -0.63678 9.61359 1
      vertex -0.238251 9.52011 1
    endloop
  endfacet
  facet normal 0.228364 0.973576 0
    outer loop
      vertex -0.63678 9.61359 1
      vertex -0.238251 9.52011 0
      vertex -0.63678 9.61359 0
    endloop
  endfacet
  facet normal 0.390543 0.920585 -0
    outer loop
      vertex -0.63678 9.61359 0
      vertex -1.00403 9.76939 1
      vertex -0.63678 9.61359 1
    endloop
  endfacet
  facet normal 0.390543 0.920585 0
    outer loop
      vertex -1.00403 9.76939 1
      vertex -0.63678 9.61359 0
      vertex -1.00403 9.76939 0
    endloop
  endfacet
  facet normal 0.544548 0.83873 -0
    outer loop
      vertex -1.00403 9.76939 0
      vertex -1.33997 9.9875 1
      vertex -1.00403 9.76939 1
    endloop
  endfacet
  facet normal 0.544548 0.83873 0
    outer loop
      vertex -1.33997 9.9875 1
      vertex -1.00403 9.76939 0
      vertex -1.33997 9.9875 0
    endloop
  endfacet
  facet normal 0.677216 0.735784 -0
    outer loop
      vertex -1.33997 9.9875 0
      vertex -1.64462 10.2679 1
      vertex -1.33997 9.9875 1
    endloop
  endfacet
  facet normal 0.677216 0.735784 0
    outer loop
      vertex -1.64462 10.2679 1
      vertex -1.33997 9.9875 0
      vertex -1.64462 10.2679 0
    endloop
  endfacet
  facet normal 0.781847 0.62347 0
    outer loop
      vertex -1.64462 10.2679 1
      vertex -1.91798 10.6107 0
      vertex -1.91798 10.6107 1
    endloop
  endfacet
  facet normal 0.781847 0.62347 0
    outer loop
      vertex -1.91798 10.6107 0
      vertex -1.64462 10.2679 1
      vertex -1.64462 10.2679 0
    endloop
  endfacet
  facet normal 0.858408 0.512968 0
    outer loop
      vertex -1.91798 10.6107 1
      vertex -2.16006 11.0158 0
      vertex -2.16006 11.0158 1
    endloop
  endfacet
  facet normal 0.858408 0.512968 0
    outer loop
      vertex -2.16006 11.0158 0
      vertex -1.91798 10.6107 1
      vertex -1.91798 10.6107 0
    endloop
  endfacet
  facet normal 0.911397 0.411528 0
    outer loop
      vertex -2.16006 11.0158 1
      vertex -2.37025 11.4813 0
      vertex -2.37025 11.4813 1
    endloop
  endfacet
  facet normal 0.911397 0.411528 0
    outer loop
      vertex -2.37025 11.4813 0
      vertex -2.16006 11.0158 1
      vertex -2.16006 11.0158 0
    endloop
  endfacet
  facet normal 0.946964 0.321339 0
    outer loop
      vertex -2.37025 11.4813 1
      vertex -2.54813 12.0055 0
      vertex -2.54813 12.0055 1
    endloop
  endfacet
  facet normal 0.946964 0.321339 0
    outer loop
      vertex -2.54813 12.0055 0
      vertex -2.37025 11.4813 1
      vertex -2.37025 11.4813 0
    endloop
  endfacet
  facet normal 0.970223 0.242214 0
    outer loop
      vertex -2.54813 12.0055 1
      vertex -2.69365 12.5884 0
      vertex -2.69365 12.5884 1
    endloop
  endfacet
  facet normal 0.970223 0.242214 0
    outer loop
      vertex -2.69365 12.5884 0
      vertex -2.54813 12.0055 1
      vertex -2.54813 12.0055 0
    endloop
  endfacet
  facet normal 0.984783 0.173788 0
    outer loop
      vertex -2.69365 12.5884 1
      vertex -2.80684 13.2298 0
      vertex -2.80684 13.2298 1
    endloop
  endfacet
  facet normal 0.984783 0.173788 0
    outer loop
      vertex -2.80684 13.2298 0
      vertex -2.69365 12.5884 1
      vertex -2.69365 12.5884 0
    endloop
  endfacet
  facet normal 0.993399 0.114707 0
    outer loop
      vertex -2.80684 13.2298 1
      vertex -2.88768 13.9299 0
      vertex -2.88768 13.9299 1
    endloop
  endfacet
  facet normal 0.993399 0.114707 0
    outer loop
      vertex -2.88768 13.9299 0
      vertex -2.80684 13.2298 1
      vertex -2.80684 13.2298 0
    endloop
  endfacet
  facet normal 0.997963 0.0637996 0
    outer loop
      vertex -2.88768 13.9299 1
      vertex -2.93619 14.6887 0
      vertex -2.93619 14.6887 1
    endloop
  endfacet
  facet normal 0.997963 0.0637996 0
    outer loop
      vertex -2.93619 14.6887 0
      vertex -2.88768 13.9299 1
      vertex -2.88768 13.9299 0
    endloop
  endfacet
  facet normal 0.999804 0.0197784 0
    outer loop
      vertex -2.93619 14.6887 1
      vertex -2.95236 15.5061 0
      vertex -2.95236 15.5061 1
    endloop
  endfacet
  facet normal 0.999804 0.0197784 0
    outer loop
      vertex -2.95236 15.5061 0
      vertex -2.93619 14.6887 1
      vertex -2.93619 14.6887 0
    endloop
  endfacet
  facet normal 0.999165 -0.0408581 0
    outer loop
      vertex -2.95236 15.5061 1
      vertex -2.8882 17.0751 0
      vertex -2.8882 17.0751 1
    endloop
  endfacet
  facet normal 0.999165 -0.0408581 0
    outer loop
      vertex -2.8882 17.0751 0
      vertex -2.95236 15.5061 1
      vertex -2.95236 15.5061 0
    endloop
  endfacet
  facet normal 0.989652 -0.143491 0
    outer loop
      vertex -2.8882 17.0751 1
      vertex -2.69571 18.4027 0
      vertex -2.69571 18.4027 1
    endloop
  endfacet
  facet normal 0.989652 -0.143491 0
    outer loop
      vertex -2.69571 18.4027 0
      vertex -2.8882 17.0751 1
      vertex -2.8882 17.0751 0
    endloop
  endfacet
  facet normal 0.959047 -0.283246 0
    outer loop
      vertex -2.69571 18.4027 1
      vertex -2.37491 19.4889 0
      vertex -2.37491 19.4889 1
    endloop
  endfacet
  facet normal 0.959047 -0.283246 0
    outer loop
      vertex -2.37491 19.4889 0
      vertex -2.69571 18.4027 1
      vertex -2.69571 18.4027 0
    endloop
  endfacet
  facet normal 0.882991 -0.469389 0
    outer loop
      vertex -2.37491 19.4889 1
      vertex -1.92577 20.3338 0
      vertex -1.92577 20.3338 1
    endloop
  endfacet
  facet normal 0.882991 -0.469389 0
    outer loop
      vertex -1.92577 20.3338 0
      vertex -2.37491 19.4889 1
      vertex -2.37491 19.4889 0
    endloop
  endfacet
  facet normal 0.722466 -0.691407 0
    outer loop
      vertex -1.92577 20.3338 1
      vertex -1.34831 20.9372 0
      vertex -1.34831 20.9372 1
    endloop
  endfacet
  facet normal 0.722466 -0.691407 0
    outer loop
      vertex -1.34831 20.9372 0
      vertex -1.92577 20.3338 1
      vertex -1.92577 20.3338 0
    endloop
  endfacet
  facet normal 0.456479 -0.889734 0
    outer loop
      vertex -1.34831 20.9372 0
      vertex -0.642532 21.2993 1
      vertex -1.34831 20.9372 1
    endloop
  endfacet
  facet normal 0.456479 -0.889734 0
    outer loop
      vertex -0.642532 21.2993 1
      vertex -1.34831 20.9372 0
      vertex -0.642532 21.2993 0
    endloop
  endfacet
  facet normal 0.143217 -0.989691 0
    outer loop
      vertex -0.642532 21.2993 0
      vertex 0.191559 21.42 1
      vertex -0.642532 21.2993 1
    endloop
  endfacet
  facet normal 0.143217 -0.989691 0
    outer loop
      vertex 0.191559 21.42 1
      vertex -0.642532 21.2993 0
      vertex 0.191559 21.42 0
    endloop
  endfacet
  facet normal -0.143801 -0.989607 0
    outer loop
      vertex 0.191559 21.42 0
      vertex 1.02219 21.2993 1
      vertex 0.191559 21.42 1
    endloop
  endfacet
  facet normal -0.143801 -0.989607 -0
    outer loop
      vertex 1.02219 21.2993 1
      vertex 0.191559 21.42 0
      vertex 1.02219 21.2993 0
    endloop
  endfacet
  facet normal -0.457993 -0.888956 0
    outer loop
      vertex 1.02219 21.2993 0
      vertex 1.72502 20.9372 1
      vertex 1.02219 21.2993 1
    endloop
  endfacet
  facet normal -0.457993 -0.888956 -0
    outer loop
      vertex 1.72502 20.9372 1
      vertex 1.02219 21.2993 0
      vertex 1.72502 20.9372 0
    endloop
  endfacet
  facet normal -0.723914 -0.68989 0
    outer loop
      vertex 2.30006 20.3338 0
      vertex 1.72502 20.9372 1
      vertex 1.72502 20.9372 0
    endloop
  endfacet
  facet normal -0.723914 -0.68989 0
    outer loop
      vertex 1.72502 20.9372 1
      vertex 2.30006 20.3338 0
      vertex 2.30006 20.3338 1
    endloop
  endfacet
  facet normal -0.883801 -0.467863 0
    outer loop
      vertex 2.74733 19.4889 0
      vertex 2.30006 20.3338 1
      vertex 2.30006 20.3338 0
    endloop
  endfacet
  facet normal -0.883801 -0.467863 0
    outer loop
      vertex 2.30006 20.3338 1
      vertex 2.74733 19.4889 0
      vertex 2.74733 19.4889 1
    endloop
  endfacet
  facet normal -0.959366 -0.282166 0
    outer loop
      vertex 3.0668 18.4027 0
      vertex 2.74733 19.4889 1
      vertex 2.74733 19.4889 0
    endloop
  endfacet
  facet normal -0.959366 -0.282166 0
    outer loop
      vertex 2.74733 19.4889 1
      vertex 3.0668 18.4027 0
      vertex 3.0668 18.4027 1
    endloop
  endfacet
  facet normal -0.989737 -0.142899 0
    outer loop
      vertex 3.25848 17.0751 0
      vertex 3.0668 18.4027 1
      vertex 3.0668 18.4027 0
    endloop
  endfacet
  facet normal -0.989737 -0.142899 0
    outer loop
      vertex 3.0668 18.4027 1
      vertex 3.25848 17.0751 0
      vertex 3.25848 17.0751 1
    endloop
  endfacet
  facet normal -0.999172 -0.0406865 0
    outer loop
      vertex 3.32237 15.5061 0
      vertex 3.25848 17.0751 1
      vertex 3.25848 17.0751 0
    endloop
  endfacet
  facet normal -0.999172 -0.0406865 0
    outer loop
      vertex 3.25848 17.0751 1
      vertex 3.32237 15.5061 0
      vertex 3.32237 15.5061 1
    endloop
  endfacet
  facet normal -0.999808 0.0196072 0
    outer loop
      vertex 3.30634 14.6887 0
      vertex 3.32237 15.5061 1
      vertex 3.32237 15.5061 0
    endloop
  endfacet
  facet normal -0.999808 0.0196072 0
    outer loop
      vertex 3.32237 15.5061 1
      vertex 3.30634 14.6887 0
      vertex 3.30634 14.6887 1
    endloop
  endfacet
  facet normal -0.997994 0.0633019 0
    outer loop
      vertex 3.25821 13.9299 0
      vertex 3.30634 14.6887 1
      vertex 3.30634 14.6887 0
    endloop
  endfacet
  facet normal -0.997994 0.0633019 0
    outer loop
      vertex 3.30634 14.6887 1
      vertex 3.25821 13.9299 0
      vertex 3.25821 13.9299 1
    endloop
  endfacet
  facet normal -0.993502 0.113811 0
    outer loop
      vertex 3.17801 13.2298 0
      vertex 3.25821 13.9299 1
      vertex 3.25821 13.9299 0
    endloop
  endfacet
  facet normal -0.993502 0.113811 0
    outer loop
      vertex 3.25821 13.9299 1
      vertex 3.17801 13.2298 0
      vertex 3.17801 13.2298 1
    endloop
  endfacet
  facet normal -0.985014 0.172477 0
    outer loop
      vertex 3.0657 12.5884 0
      vertex 3.17801 13.2298 1
      vertex 3.17801 13.2298 0
    endloop
  endfacet
  facet normal -0.985014 0.172477 0
    outer loop
      vertex 3.17801 13.2298 1
      vertex 3.0657 12.5884 0
      vertex 3.0657 12.5884 1
    endloop
  endfacet
  facet normal -0.970675 0.240396 0
    outer loop
      vertex 2.92134 12.0055 0
      vertex 3.0657 12.5884 1
      vertex 3.0657 12.5884 0
    endloop
  endfacet
  facet normal -0.970675 0.240396 0
    outer loop
      vertex 3.0657 12.5884 1
      vertex 2.92134 12.0055 0
      vertex 2.92134 12.0055 1
    endloop
  endfacet
  facet normal -0.947748 0.31902 0
    outer loop
      vertex 2.74489 11.4813 0
      vertex 2.92134 12.0055 1
      vertex 2.92134 12.0055 0
    endloop
  endfacet
  facet normal -0.947748 0.31902 0
    outer loop
      vertex 2.92134 12.0055 1
      vertex 2.74489 11.4813 0
      vertex 2.74489 11.4813 1
    endloop
  endfacet
  facet normal -0.912606 0.40884 0
    outer loop
      vertex 2.53635 11.0158 0
      vertex 2.74489 11.4813 1
      vertex 2.74489 11.4813 0
    endloop
  endfacet
  facet normal -0.912606 0.40884 0
    outer loop
      vertex 2.74489 11.4813 1
      vertex 2.53635 11.0158 0
      vertex 2.53635 11.0158 1
    endloop
  endfacet
  facet normal -0.860058 0.510196 0
    outer loop
      vertex 2.29604 10.6107 0
      vertex 2.53635 11.0158 1
      vertex 2.53635 11.0158 0
    endloop
  endfacet
  facet normal -0.860058 0.510196 0
    outer loop
      vertex 2.53635 11.0158 1
      vertex 2.29604 10.6107 0
      vertex 2.29604 10.6107 1
    endloop
  endfacet
  facet normal -0.783526 0.621358 0
    outer loop
      vertex 2.02419 10.2679 0
      vertex 2.29604 10.6107 1
      vertex 2.29604 10.6107 0
    endloop
  endfacet
  facet normal -0.783526 0.621358 0
    outer loop
      vertex 2.29604 10.6107 1
      vertex 2.02419 10.2679 0
      vertex 2.02419 10.2679 1
    endloop
  endfacet
  facet normal -0.678686 0.734428 0
    outer loop
      vertex 2.02419 10.2679 0
      vertex 1.72076 9.9875 1
      vertex 2.02419 10.2679 1
    endloop
  endfacet
  facet normal -0.678686 0.734428 0
    outer loop
      vertex 1.72076 9.9875 1
      vertex 2.02419 10.2679 0
      vertex 1.72076 9.9875 0
    endloop
  endfacet
  facet normal -0.545667 0.838002 0
    outer loop
      vertex 1.72076 9.9875 0
      vertex 1.3858 9.76939 1
      vertex 1.72076 9.9875 1
    endloop
  endfacet
  facet normal -0.545667 0.838002 0
    outer loop
      vertex 1.3858 9.76939 1
      vertex 1.72076 9.9875 0
      vertex 1.3858 9.76939 0
    endloop
  endfacet
  facet normal -0.391193 0.920309 0
    outer loop
      vertex 1.3858 9.76939 0
      vertex 1.01927 9.61359 1
      vertex 1.3858 9.76939 1
    endloop
  endfacet
  facet normal -0.391193 0.920309 0
    outer loop
      vertex 1.01927 9.61359 1
      vertex 1.3858 9.76939 0
      vertex 1.01927 9.61359 0
    endloop
  endfacet
  facet normal -0.228606 0.973519 0
    outer loop
      vertex 1.01927 9.61359 0
      vertex 0.621185 9.52011 1
      vertex 1.01927 9.61359 1
    endloop
  endfacet
  facet normal -0.228606 0.973519 0
    outer loop
      vertex 0.621185 9.52011 1
      vertex 1.01927 9.61359 0
      vertex 0.621185 9.52011 0
    endloop
  endfacet
  facet normal -0.0723382 0.99738 0
    outer loop
      vertex 0.621185 9.52011 0
      vertex 0.191559 9.48895 1
      vertex 0.621185 9.52011 1
    endloop
  endfacet
  facet normal -0.0723382 0.99738 0
    outer loop
      vertex 0.191559 9.48895 1
      vertex 0.621185 9.52011 0
      vertex 0.191559 9.48895 0
    endloop
  endfacet
  facet normal 0.0723074 0.997382 -0
    outer loop
      vertex 0.191559 9.48895 0
      vertex -0.238251 9.52011 1
      vertex 0.191559 9.48895 1
    endloop
  endfacet
  facet normal 0.0723074 0.997382 0
    outer loop
      vertex -0.238251 9.52011 1
      vertex 0.191559 9.48895 0
      vertex -0.238251 9.52011 0
    endloop
  endfacet
  facet normal -0.904808 -0.425821 0
    outer loop
      vertex -11.9782 1.1964 0
      vertex -12.152 1.5657 1
      vertex -12.152 1.5657 0
    endloop
  endfacet
  facet normal -0.904808 -0.425821 0
    outer loop
      vertex -12.152 1.5657 1
      vertex -11.9782 1.1964 0
      vertex -11.9782 1.1964 1
    endloop
  endfacet
  facet normal 0.951071 -0.308972 0
    outer loop
      vertex -18.1479 0.808242 1
      vertex -18.0218 1.1964 0
      vertex -18.0218 1.1964 1
    endloop
  endfacet
  facet normal 0.951071 -0.308972 0
    outer loop
      vertex -18.0218 1.1964 0
      vertex -18.1479 0.808242 1
      vertex -18.1479 0.808242 0
    endloop
  endfacet
  facet normal -0.844317 -0.535845 0
    outer loop
      vertex -12.152 1.5657 0
      vertex -12.3707 1.9103 1
      vertex -12.3707 1.9103 0
    endloop
  endfacet
  facet normal -0.844317 -0.535845 0
    outer loop
      vertex -12.3707 1.9103 1
      vertex -12.152 1.5657 0
      vertex -12.152 1.5657 1
    endloop
  endfacet
  facet normal -0.2487 -0.968581 0
    outer loop
      vertex -14.391 3.19243 0
      vertex -13.9957 3.09093 1
      vertex -14.391 3.19243 1
    endloop
  endfacet
  facet normal -0.2487 -0.968581 -0
    outer loop
      vertex -13.9957 3.09093 1
      vertex -14.391 3.19243 0
      vertex -13.9957 3.09093 0
    endloop
  endfacet
  facet normal -0.368093 -0.929789 0
    outer loop
      vertex -13.9957 3.09093 0
      vertex -13.6162 2.94069 1
      vertex -13.9957 3.09093 1
    endloop
  endfacet
  facet normal -0.368093 -0.929789 -0
    outer loop
      vertex -13.6162 2.94069 1
      vertex -13.9957 3.09093 0
      vertex -13.6162 2.94069 0
    endloop
  endfacet
  facet normal 0.368093 -0.929789 0
    outer loop
      vertex -16.3838 2.94069 0
      vertex -16.0043 3.09093 1
      vertex -16.3838 2.94069 1
    endloop
  endfacet
  facet normal 0.368093 -0.929789 0
    outer loop
      vertex -16.0043 3.09093 1
      vertex -16.3838 2.94069 0
      vertex -16.0043 3.09093 0
    endloop
  endfacet
  facet normal 0.904808 -0.425821 0
    outer loop
      vertex -18.0218 1.1964 1
      vertex -17.848 1.5657 0
      vertex -17.848 1.5657 1
    endloop
  endfacet
  facet normal 0.904808 -0.425821 0
    outer loop
      vertex -17.848 1.5657 0
      vertex -18.0218 1.1964 1
      vertex -18.0218 1.1964 0
    endloop
  endfacet
  facet normal -0.998031 0.0627242 0
    outer loop
      vertex -11.7756 -0.407332 0
      vertex -11.75 0 1
      vertex -11.75 0 0
    endloop
  endfacet
  facet normal -0.998031 0.0627242 0
    outer loop
      vertex -11.75 0 1
      vertex -11.7756 -0.407332 0
      vertex -11.7756 -0.407332 1
    endloop
  endfacet
  facet normal -0.481806 0.876278 0
    outer loop
      vertex -13.2586 -2.74407 0
      vertex -13.6162 -2.94069 1
      vertex -13.2586 -2.74407 1
    endloop
  endfacet
  facet normal -0.481806 0.876278 0
    outer loop
      vertex -13.6162 -2.94069 1
      vertex -13.2586 -2.74407 0
      vertex -13.6162 -2.94069 0
    endloop
  endfacet
  facet normal -0.125356 -0.992112 0
    outer loop
      vertex -14.7959 3.24359 0
      vertex -14.391 3.19243 1
      vertex -14.7959 3.24359 1
    endloop
  endfacet
  facet normal -0.125356 -0.992112 -0
    outer loop
      vertex -14.391 3.19243 1
      vertex -14.7959 3.24359 0
      vertex -14.391 3.19243 0
    endloop
  endfacet
  facet normal -0.587778 -0.809022 0
    outer loop
      vertex -13.2586 2.74407 0
      vertex -12.9284 2.50417 1
      vertex -13.2586 2.74407 1
    endloop
  endfacet
  facet normal -0.587778 -0.809022 -0
    outer loop
      vertex -12.9284 2.50417 1
      vertex -13.2586 2.74407 0
      vertex -12.9284 2.50417 0
    endloop
  endfacet
  facet normal 0.770466 -0.637481 0
    outer loop
      vertex -17.6293 1.9103 1
      vertex -17.3691 2.22478 0
      vertex -17.3691 2.22478 1
    endloop
  endfacet
  facet normal 0.770466 -0.637481 0
    outer loop
      vertex -17.3691 2.22478 0
      vertex -17.6293 1.9103 1
      vertex -17.6293 1.9103 0
    endloop
  endfacet
  facet normal 0.481806 -0.876278 0
    outer loop
      vertex -16.7414 2.74407 0
      vertex -16.3838 2.94069 1
      vertex -16.7414 2.74407 1
    endloop
  endfacet
  facet normal 0.481806 -0.876278 0
    outer loop
      vertex -16.3838 2.94069 1
      vertex -16.7414 2.74407 0
      vertex -16.3838 2.94069 0
    endloop
  endfacet
  facet normal 0.125356 -0.992112 0
    outer loop
      vertex -15.609 3.19243 0
      vertex -15.2041 3.24359 1
      vertex -15.609 3.19243 1
    endloop
  endfacet
  facet normal 0.125356 -0.992112 0
    outer loop
      vertex -15.2041 3.24359 1
      vertex -15.609 3.19243 0
      vertex -15.2041 3.24359 0
    endloop
  endfacet
  facet normal 0.587778 -0.809022 0
    outer loop
      vertex -17.0716 2.50417 0
      vertex -16.7414 2.74407 1
      vertex -17.0716 2.50417 1
    endloop
  endfacet
  facet normal 0.587778 -0.809022 0
    outer loop
      vertex -16.7414 2.74407 1
      vertex -17.0716 2.50417 0
      vertex -16.7414 2.74407 0
    endloop
  endfacet
  facet normal -0.998031 -0.0627242 0
    outer loop
      vertex -11.75 0 0
      vertex -11.7756 0.407332 1
      vertex -11.7756 0.407332 0
    endloop
  endfacet
  facet normal -0.998031 -0.0627242 0
    outer loop
      vertex -11.7756 0.407332 1
      vertex -11.75 0 0
      vertex -11.75 0 1
    endloop
  endfacet
  facet normal -0.587778 0.809022 0
    outer loop
      vertex -12.9284 -2.50417 0
      vertex -13.2586 -2.74407 1
      vertex -12.9284 -2.50417 1
    endloop
  endfacet
  facet normal -0.587778 0.809022 0
    outer loop
      vertex -13.2586 -2.74407 1
      vertex -12.9284 -2.50417 0
      vertex -13.2586 -2.74407 0
    endloop
  endfacet
  facet normal -0.951071 0.308972 0
    outer loop
      vertex -11.9782 -1.1964 0
      vertex -11.8521 -0.808242 1
      vertex -11.8521 -0.808242 0
    endloop
  endfacet
  facet normal -0.951071 0.308972 0
    outer loop
      vertex -11.8521 -0.808242 1
      vertex -11.9782 -1.1964 0
      vertex -11.9782 -1.1964 1
    endloop
  endfacet
  facet normal 0.2487 0.968581 -0
    outer loop
      vertex -15.609 -3.19243 0
      vertex -16.0043 -3.09093 1
      vertex -15.609 -3.19243 1
    endloop
  endfacet
  facet normal 0.2487 0.968581 0
    outer loop
      vertex -16.0043 -3.09093 1
      vertex -15.609 -3.19243 0
      vertex -16.0043 -3.09093 0
    endloop
  endfacet
  facet normal -0.982277 -0.187434 0
    outer loop
      vertex -11.7756 0.407332 0
      vertex -11.8521 0.808242 1
      vertex -11.8521 0.808242 0
    endloop
  endfacet
  facet normal -0.982277 -0.187434 0
    outer loop
      vertex -11.8521 0.808242 1
      vertex -11.7756 0.407332 0
      vertex -11.7756 0.407332 1
    endloop
  endfacet
  facet normal -0.951071 -0.308972 0
    outer loop
      vertex -11.8521 0.808242 0
      vertex -11.9782 1.1964 1
      vertex -11.9782 1.1964 0
    endloop
  endfacet
  facet normal -0.951071 -0.308972 0
    outer loop
      vertex -11.9782 1.1964 1
      vertex -11.8521 0.808242 0
      vertex -11.8521 0.808242 1
    endloop
  endfacet
  facet normal -0.684572 -0.728946 0
    outer loop
      vertex -12.9284 2.50417 0
      vertex -12.6309 2.22478 1
      vertex -12.9284 2.50417 1
    endloop
  endfacet
  facet normal -0.684572 -0.728946 -0
    outer loop
      vertex -12.6309 2.22478 1
      vertex -12.9284 2.50417 0
      vertex -12.6309 2.22478 0
    endloop
  endfacet
  facet normal 0 -1 0
    outer loop
      vertex -15.2041 3.24359 0
      vertex -14.7959 3.24359 1
      vertex -15.2041 3.24359 1
    endloop
  endfacet
  facet normal 0 -1 -0
    outer loop
      vertex -14.7959 3.24359 1
      vertex -15.2041 3.24359 0
      vertex -14.7959 3.24359 0
    endloop
  endfacet
  facet normal -0.481806 -0.876278 0
    outer loop
      vertex -13.6162 2.94069 0
      vertex -13.2586 2.74407 1
      vertex -13.6162 2.94069 1
    endloop
  endfacet
  facet normal -0.481806 -0.876278 -0
    outer loop
      vertex -13.2586 2.74407 1
      vertex -13.6162 2.94069 0
      vertex -13.2586 2.74407 0
    endloop
  endfacet
  facet normal 0.998031 -0.0627242 0
    outer loop
      vertex -18.25 0 1
      vertex -18.2244 0.407332 0
      vertex -18.2244 0.407332 1
    endloop
  endfacet
  facet normal 0.998031 -0.0627242 0
    outer loop
      vertex -18.2244 0.407332 0
      vertex -18.25 0 1
      vertex -18.25 0 0
    endloop
  endfacet
  facet normal 0.982277 -0.187434 0
    outer loop
      vertex -18.2244 0.407332 1
      vertex -18.1479 0.808242 0
      vertex -18.1479 0.808242 1
    endloop
  endfacet
  facet normal 0.982277 -0.187434 0
    outer loop
      vertex -18.1479 0.808242 0
      vertex -18.2244 0.407332 1
      vertex -18.2244 0.407332 0
    endloop
  endfacet
  facet normal 0.844317 -0.535845 0
    outer loop
      vertex -17.848 1.5657 1
      vertex -17.6293 1.9103 0
      vertex -17.6293 1.9103 1
    endloop
  endfacet
  facet normal 0.844317 -0.535845 0
    outer loop
      vertex -17.6293 1.9103 0
      vertex -17.848 1.5657 1
      vertex -17.848 1.5657 0
    endloop
  endfacet
  facet normal 0.2487 -0.968581 0
    outer loop
      vertex -16.0043 3.09093 0
      vertex -15.609 3.19243 1
      vertex -16.0043 3.09093 1
    endloop
  endfacet
  facet normal 0.2487 -0.968581 0
    outer loop
      vertex -15.609 3.19243 1
      vertex -16.0043 3.09093 0
      vertex -15.609 3.19243 0
    endloop
  endfacet
  facet normal 0.684572 -0.728946 0
    outer loop
      vertex -17.3691 2.22478 0
      vertex -17.0716 2.50417 1
      vertex -17.3691 2.22478 1
    endloop
  endfacet
  facet normal 0.684572 -0.728946 0
    outer loop
      vertex -17.0716 2.50417 1
      vertex -17.3691 2.22478 0
      vertex -17.0716 2.50417 0
    endloop
  endfacet
  facet normal -0.982277 0.187434 0
    outer loop
      vertex -11.8521 -0.808242 0
      vertex -11.7756 -0.407332 1
      vertex -11.7756 -0.407332 0
    endloop
  endfacet
  facet normal -0.982277 0.187434 0
    outer loop
      vertex -11.7756 -0.407332 1
      vertex -11.8521 -0.808242 0
      vertex -11.8521 -0.808242 1
    endloop
  endfacet
  facet normal -0.844317 0.535845 0
    outer loop
      vertex -12.3707 -1.9103 0
      vertex -12.152 -1.5657 1
      vertex -12.152 -1.5657 0
    endloop
  endfacet
  facet normal -0.844317 0.535845 0
    outer loop
      vertex -12.152 -1.5657 1
      vertex -12.3707 -1.9103 0
      vertex -12.3707 -1.9103 1
    endloop
  endfacet
  facet normal -0.904808 0.425821 0
    outer loop
      vertex -12.152 -1.5657 0
      vertex -11.9782 -1.1964 1
      vertex -11.9782 -1.1964 0
    endloop
  endfacet
  facet normal -0.904808 0.425821 0
    outer loop
      vertex -11.9782 -1.1964 1
      vertex -12.152 -1.5657 0
      vertex -12.152 -1.5657 1
    endloop
  endfacet
  facet normal -0.125356 0.992112 0
    outer loop
      vertex -14.391 -3.19243 0
      vertex -14.7959 -3.24359 1
      vertex -14.391 -3.19243 1
    endloop
  endfacet
  facet normal -0.125356 0.992112 0
    outer loop
      vertex -14.7959 -3.24359 1
      vertex -14.391 -3.19243 0
      vertex -14.7959 -3.24359 0
    endloop
  endfacet
  facet normal -0.770466 -0.637481 0
    outer loop
      vertex -12.3707 1.9103 0
      vertex -12.6309 2.22478 1
      vertex -12.6309 2.22478 0
    endloop
  endfacet
  facet normal -0.770466 -0.637481 0
    outer loop
      vertex -12.6309 2.22478 1
      vertex -12.3707 1.9103 0
      vertex -12.3707 1.9103 1
    endloop
  endfacet
  facet normal 0.125356 0.992112 -0
    outer loop
      vertex -15.2041 -3.24359 0
      vertex -15.609 -3.19243 1
      vertex -15.2041 -3.24359 1
    endloop
  endfacet
  facet normal 0.125356 0.992112 0
    outer loop
      vertex -15.609 -3.19243 1
      vertex -15.2041 -3.24359 0
      vertex -15.609 -3.19243 0
    endloop
  endfacet
  facet normal 0.998031 0.0627242 0
    outer loop
      vertex -18.2244 -0.407332 1
      vertex -18.25 0 0
      vertex -18.25 0 1
    endloop
  endfacet
  facet normal 0.998031 0.0627242 0
    outer loop
      vertex -18.25 0 0
      vertex -18.2244 -0.407332 1
      vertex -18.2244 -0.407332 0
    endloop
  endfacet
  facet normal 0.951071 0.308972 0
    outer loop
      vertex -18.0218 -1.1964 1
      vertex -18.1479 -0.808242 0
      vertex -18.1479 -0.808242 1
    endloop
  endfacet
  facet normal 0.951071 0.308972 0
    outer loop
      vertex -18.1479 -0.808242 0
      vertex -18.0218 -1.1964 1
      vertex -18.0218 -1.1964 0
    endloop
  endfacet
  facet normal 0.770466 0.637481 0
    outer loop
      vertex -17.3691 -2.22478 1
      vertex -17.6293 -1.9103 0
      vertex -17.6293 -1.9103 1
    endloop
  endfacet
  facet normal 0.770466 0.637481 0
    outer loop
      vertex -17.6293 -1.9103 0
      vertex -17.3691 -2.22478 1
      vertex -17.3691 -2.22478 0
    endloop
  endfacet
  facet normal -0.684572 0.728946 0
    outer loop
      vertex -12.6309 -2.22478 0
      vertex -12.9284 -2.50417 1
      vertex -12.6309 -2.22478 1
    endloop
  endfacet
  facet normal -0.684572 0.728946 0
    outer loop
      vertex -12.9284 -2.50417 1
      vertex -12.6309 -2.22478 0
      vertex -12.9284 -2.50417 0
    endloop
  endfacet
  facet normal 0.587778 0.809022 -0
    outer loop
      vertex -16.7414 -2.74407 0
      vertex -17.0716 -2.50417 1
      vertex -16.7414 -2.74407 1
    endloop
  endfacet
  facet normal 0.587778 0.809022 0
    outer loop
      vertex -17.0716 -2.50417 1
      vertex -16.7414 -2.74407 0
      vertex -17.0716 -2.50417 0
    endloop
  endfacet
  facet normal 0 1 -0
    outer loop
      vertex -14.7959 -3.24359 0
      vertex -15.2041 -3.24359 1
      vertex -14.7959 -3.24359 1
    endloop
  endfacet
  facet normal 0 1 0
    outer loop
      vertex -15.2041 -3.24359 1
      vertex -14.7959 -3.24359 0
      vertex -15.2041 -3.24359 0
    endloop
  endfacet
  facet normal 0.982277 0.187434 0
    outer loop
      vertex -18.1479 -0.808242 1
      vertex -18.2244 -0.407332 0
      vertex -18.2244 -0.407332 1
    endloop
  endfacet
  facet normal 0.982277 0.187434 0
    outer loop
      vertex -18.2244 -0.407332 0
      vertex -18.1479 -0.808242 1
      vertex -18.1479 -0.808242 0
    endloop
  endfacet
  facet normal 0.684572 0.728946 -0
    outer loop
      vertex -17.0716 -2.50417 0
      vertex -17.3691 -2.22478 1
      vertex -17.0716 -2.50417 1
    endloop
  endfacet
  facet normal 0.684572 0.728946 0
    outer loop
      vertex -17.3691 -2.22478 1
      vertex -17.0716 -2.50417 0
      vertex -17.3691 -2.22478 0
    endloop
  endfacet
  facet normal 0.904808 0.425821 0
    outer loop
      vertex -17.848 -1.5657 1
      vertex -18.0218 -1.1964 0
      vertex -18.0218 -1.1964 1
    endloop
  endfacet
  facet normal 0.904808 0.425821 0
    outer loop
      vertex -18.0218 -1.1964 0
      vertex -17.848 -1.5657 1
      vertex -17.848 -1.5657 0
    endloop
  endfacet
  facet normal -0.2487 0.968581 0
    outer loop
      vertex -13.9957 -3.09093 0
      vertex -14.391 -3.19243 1
      vertex -13.9957 -3.09093 1
    endloop
  endfacet
  facet normal -0.2487 0.968581 0
    outer loop
      vertex -14.391 -3.19243 1
      vertex -13.9957 -3.09093 0
      vertex -14.391 -3.19243 0
    endloop
  endfacet
  facet normal -0.368093 0.929789 0
    outer loop
      vertex -13.6162 -2.94069 0
      vertex -13.9957 -3.09093 1
      vertex -13.6162 -2.94069 1
    endloop
  endfacet
  facet normal -0.368093 0.929789 0
    outer loop
      vertex -13.9957 -3.09093 1
      vertex -13.6162 -2.94069 0
      vertex -13.9957 -3.09093 0
    endloop
  endfacet
  facet normal -0.770466 0.637481 0
    outer loop
      vertex -12.6309 -2.22478 0
      vertex -12.3707 -1.9103 1
      vertex -12.3707 -1.9103 0
    endloop
  endfacet
  facet normal -0.770466 0.637481 0
    outer loop
      vertex -12.3707 -1.9103 1
      vertex -12.6309 -2.22478 0
      vertex -12.6309 -2.22478 1
    endloop
  endfacet
  facet normal 0.481806 0.876278 -0
    outer loop
      vertex -16.3838 -2.94069 0
      vertex -16.7414 -2.74407 1
      vertex -16.3838 -2.94069 1
    endloop
  endfacet
  facet normal 0.481806 0.876278 0
    outer loop
      vertex -16.7414 -2.74407 1
      vertex -16.3838 -2.94069 0
      vertex -16.7414 -2.74407 0
    endloop
  endfacet
  facet normal 0.368093 0.929789 -0
    outer loop
      vertex -16.0043 -3.09093 0
      vertex -16.3838 -2.94069 1
      vertex -16.0043 -3.09093 1
    endloop
  endfacet
  facet normal 0.368093 0.929789 0
    outer loop
      vertex -16.3838 -2.94069 1
      vertex -16.0043 -3.09093 0
      vertex -16.3838 -2.94069 0
    endloop
  endfacet
  facet normal 0.844317 0.535845 0
    outer loop
      vertex -17.6293 -1.9103 1
      vertex -17.848 -1.5657 0
      vertex -17.848 -1.5657 1
    endloop
  endfacet
  facet normal 0.844317 0.535845 0
    outer loop
      vertex -17.848 -1.5657 0
      vertex -17.6293 -1.9103 1
      vertex -17.6293 -1.9103 0
    endloop
  endfacet
  facet normal -0.904836 -0.42576 0
    outer loop
      vertex 3.02177 1.1964 0
      vertex 2.848 1.5657 1
      vertex 2.848 1.5657 0
    endloop
  endfacet
  facet normal -0.904836 -0.42576 0
    outer loop
      vertex 2.848 1.5657 1
      vertex 3.02177 1.1964 0
      vertex 3.02177 1.1964 1
    endloop
  endfacet
  facet normal 0.951057 -0.309017 0
    outer loop
      vertex -3.14789 0.808242 1
      vertex -3.02177 1.1964 0
      vertex -3.02177 1.1964 1
    endloop
  endfacet
  facet normal 0.951057 -0.309017 0
    outer loop
      vertex -3.02177 1.1964 0
      vertex -3.14789 0.808242 1
      vertex -3.14789 0.808242 0
    endloop
  endfacet
  facet normal -0.844317 -0.535845 0
    outer loop
      vertex 2.848 1.5657 0
      vertex 2.6293 1.9103 1
      vertex 2.6293 1.9103 0
    endloop
  endfacet
  facet normal -0.844317 -0.535845 0
    outer loop
      vertex 2.6293 1.9103 1
      vertex 2.848 1.5657 0
      vertex 2.848 1.5657 1
    endloop
  endfacet
  facet normal -0.248693 -0.968582 0
    outer loop
      vertex 0.608989 3.19243 0
      vertex 1.0043 3.09093 1
      vertex 0.608989 3.19243 1
    endloop
  endfacet
  facet normal -0.248693 -0.968582 -0
    outer loop
      vertex 1.0043 3.09093 1
      vertex 0.608989 3.19243 0
      vertex 1.0043 3.09093 0
    endloop
  endfacet
  facet normal -0.36811 -0.929782 0
    outer loop
      vertex 1.0043 3.09093 0
      vertex 1.38378 2.94069 1
      vertex 1.0043 3.09093 1
    endloop
  endfacet
  facet normal -0.36811 -0.929782 -0
    outer loop
      vertex 1.38378 2.94069 1
      vertex 1.0043 3.09093 0
      vertex 1.38378 2.94069 0
    endloop
  endfacet
  facet normal 0.36811 -0.929782 0
    outer loop
      vertex -1.38378 2.94069 0
      vertex -1.0043 3.09093 1
      vertex -1.38378 2.94069 1
    endloop
  endfacet
  facet normal 0.36811 -0.929782 0
    outer loop
      vertex -1.0043 3.09093 1
      vertex -1.38378 2.94069 0
      vertex -1.0043 3.09093 0
    endloop
  endfacet
  facet normal 0.904836 -0.42576 0
    outer loop
      vertex -3.02177 1.1964 1
      vertex -2.848 1.5657 0
      vertex -2.848 1.5657 1
    endloop
  endfacet
  facet normal 0.904836 -0.42576 0
    outer loop
      vertex -2.848 1.5657 0
      vertex -3.02177 1.1964 1
      vertex -3.02177 1.1964 0
    endloop
  endfacet
  facet normal -0.998026 0.0627975 0
    outer loop
      vertex 3.22437 -0.407332 0
      vertex 3.25 0 1
      vertex 3.25 0 0
    endloop
  endfacet
  facet normal -0.998026 0.0627975 0
    outer loop
      vertex 3.25 0 1
      vertex 3.22437 -0.407332 0
      vertex 3.22437 -0.407332 1
    endloop
  endfacet
  facet normal -0.481744 0.876312 0
    outer loop
      vertex 1.74144 -2.74407 0
      vertex 1.38378 -2.94069 1
      vertex 1.74144 -2.74407 1
    endloop
  endfacet
  facet normal -0.481744 0.876312 0
    outer loop
      vertex 1.38378 -2.94069 1
      vertex 1.74144 -2.74407 0
      vertex 1.38378 -2.94069 0
    endloop
  endfacet
  facet normal -0.125349 -0.992113 0
    outer loop
      vertex 0.204069 3.24359 0
      vertex 0.608989 3.19243 1
      vertex 0.204069 3.24359 1
    endloop
  endfacet
  facet normal -0.125349 -0.992113 -0
    outer loop
      vertex 0.608989 3.19243 1
      vertex 0.204069 3.24359 0
      vertex 0.608989 3.19243 0
    endloop
  endfacet
  facet normal -0.58779 -0.809014 0
    outer loop
      vertex 1.74144 2.74407 0
      vertex 2.07163 2.50417 1
      vertex 1.74144 2.74407 1
    endloop
  endfacet
  facet normal -0.58779 -0.809014 -0
    outer loop
      vertex 2.07163 2.50417 1
      vertex 1.74144 2.74407 0
      vertex 2.07163 2.50417 0
    endloop
  endfacet
  facet normal 0.770526 -0.637409 0
    outer loop
      vertex -2.6293 1.9103 1
      vertex -2.36915 2.22478 0
      vertex -2.36915 2.22478 1
    endloop
  endfacet
  facet normal 0.770526 -0.637409 0
    outer loop
      vertex -2.36915 2.22478 0
      vertex -2.6293 1.9103 1
      vertex -2.6293 1.9103 0
    endloop
  endfacet
  facet normal 0.481744 -0.876312 0
    outer loop
      vertex -1.74144 2.74407 0
      vertex -1.38378 2.94069 1
      vertex -1.74144 2.74407 1
    endloop
  endfacet
  facet normal 0.481744 -0.876312 0
    outer loop
      vertex -1.38378 2.94069 1
      vertex -1.74144 2.74407 0
      vertex -1.38378 2.94069 0
    endloop
  endfacet
  facet normal 0.125349 -0.992113 0
    outer loop
      vertex -0.608989 3.19243 0
      vertex -0.204069 3.24359 1
      vertex -0.608989 3.19243 1
    endloop
  endfacet
  facet normal 0.125349 -0.992113 0
    outer loop
      vertex -0.204069 3.24359 1
      vertex -0.608989 3.19243 0
      vertex -0.204069 3.24359 0
    endloop
  endfacet
  facet normal 0.58779 -0.809014 0
    outer loop
      vertex -2.07163 2.50417 0
      vertex -1.74144 2.74407 1
      vertex -2.07163 2.50417 1
    endloop
  endfacet
  facet normal 0.58779 -0.809014 0
    outer loop
      vertex -1.74144 2.74407 1
      vertex -2.07163 2.50417 0
      vertex -1.74144 2.74407 0
    endloop
  endfacet
  facet normal -0.998026 -0.0627975 0
    outer loop
      vertex 3.25 0 0
      vertex 3.22437 0.407332 1
      vertex 3.22437 0.407332 0
    endloop
  endfacet
  facet normal -0.998026 -0.0627975 0
    outer loop
      vertex 3.22437 0.407332 1
      vertex 3.25 0 0
      vertex 3.25 0 1
    endloop
  endfacet
  facet normal -0.58779 0.809014 0
    outer loop
      vertex 2.07163 -2.50417 0
      vertex 1.74144 -2.74407 1
      vertex 2.07163 -2.50417 1
    endloop
  endfacet
  facet normal -0.58779 0.809014 0
    outer loop
      vertex 1.74144 -2.74407 1
      vertex 2.07163 -2.50417 0
      vertex 1.74144 -2.74407 0
    endloop
  endfacet
  facet normal -0.951057 0.309017 0
    outer loop
      vertex 3.02177 -1.1964 0
      vertex 3.14789 -0.808242 1
      vertex 3.14789 -0.808242 0
    endloop
  endfacet
  facet normal -0.951057 0.309017 0
    outer loop
      vertex 3.14789 -0.808242 1
      vertex 3.02177 -1.1964 0
      vertex 3.02177 -1.1964 1
    endloop
  endfacet
  facet normal 0.248693 0.968582 -0
    outer loop
      vertex -0.608989 -3.19243 0
      vertex -1.0043 -3.09093 1
      vertex -0.608989 -3.19243 1
    endloop
  endfacet
  facet normal 0.248693 0.968582 0
    outer loop
      vertex -1.0043 -3.09093 1
      vertex -0.608989 -3.19243 0
      vertex -1.0043 -3.09093 0
    endloop
  endfacet
  facet normal -0.951057 -0.309017 0
    outer loop
      vertex 3.14789 0.808242 0
      vertex 3.02177 1.1964 1
      vertex 3.02177 1.1964 0
    endloop
  endfacet
  facet normal -0.951057 -0.309017 0
    outer loop
      vertex 3.02177 1.1964 1
      vertex 3.14789 0.808242 0
      vertex 3.14789 0.808242 1
    endloop
  endfacet
  facet normal -0.684547 -0.728968 0
    outer loop
      vertex 2.07163 2.50417 0
      vertex 2.36915 2.22478 1
      vertex 2.07163 2.50417 1
    endloop
  endfacet
  facet normal -0.684547 -0.728968 -0
    outer loop
      vertex 2.36915 2.22478 1
      vertex 2.07163 2.50417 0
      vertex 2.36915 2.22478 0
    endloop
  endfacet
  facet normal 0 -1 0
    outer loop
      vertex -0.204069 3.24359 0
      vertex 0.204069 3.24359 1
      vertex -0.204069 3.24359 1
    endloop
  endfacet
  facet normal 0 -1 -0
    outer loop
      vertex 0.204069 3.24359 1
      vertex -0.204069 3.24359 0
      vertex 0.204069 3.24359 0
    endloop
  endfacet
  facet normal -0.481744 -0.876312 0
    outer loop
      vertex 1.38378 2.94069 0
      vertex 1.74144 2.74407 1
      vertex 1.38378 2.94069 1
    endloop
  endfacet
  facet normal -0.481744 -0.876312 -0
    outer loop
      vertex 1.74144 2.74407 1
      vertex 1.38378 2.94069 0
      vertex 1.74144 2.74407 0
    endloop
  endfacet
  facet normal 0.998026 -0.0627975 0
    outer loop
      vertex -3.25 0 1
      vertex -3.22437 0.407332 0
      vertex -3.22437 0.407332 1
    endloop
  endfacet
  facet normal 0.998026 -0.0627975 0
    outer loop
      vertex -3.22437 0.407332 0
      vertex -3.25 0 1
      vertex -3.25 0 0
    endloop
  endfacet
  facet normal 0.982286 -0.187387 0
    outer loop
      vertex -3.22437 0.407332 1
      vertex -3.14789 0.808242 0
      vertex -3.14789 0.808242 1
    endloop
  endfacet
  facet normal 0.982286 -0.187387 0
    outer loop
      vertex -3.14789 0.808242 0
      vertex -3.22437 0.407332 1
      vertex -3.22437 0.407332 0
    endloop
  endfacet
  facet normal 0.844317 -0.535845 0
    outer loop
      vertex -2.848 1.5657 1
      vertex -2.6293 1.9103 0
      vertex -2.6293 1.9103 1
    endloop
  endfacet
  facet normal 0.844317 -0.535845 0
    outer loop
      vertex -2.6293 1.9103 0
      vertex -2.848 1.5657 1
      vertex -2.848 1.5657 0
    endloop
  endfacet
  facet normal 0.248693 -0.968582 0
    outer loop
      vertex -1.0043 3.09093 0
      vertex -0.608989 3.19243 1
      vertex -1.0043 3.09093 1
    endloop
  endfacet
  facet normal 0.248693 -0.968582 0
    outer loop
      vertex -0.608989 3.19243 1
      vertex -1.0043 3.09093 0
      vertex -0.608989 3.19243 0
    endloop
  endfacet
  facet normal 0.684547 -0.728968 0
    outer loop
      vertex -2.36915 2.22478 0
      vertex -2.07163 2.50417 1
      vertex -2.36915 2.22478 1
    endloop
  endfacet
  facet normal 0.684547 -0.728968 0
    outer loop
      vertex -2.07163 2.50417 1
      vertex -2.36915 2.22478 0
      vertex -2.07163 2.50417 0
    endloop
  endfacet
  facet normal -0.982286 0.187387 0
    outer loop
      vertex 3.14789 -0.808242 0
      vertex 3.22437 -0.407332 1
      vertex 3.22437 -0.407332 0
    endloop
  endfacet
  facet normal -0.982286 0.187387 0
    outer loop
      vertex 3.22437 -0.407332 1
      vertex 3.14789 -0.808242 0
      vertex 3.14789 -0.808242 1
    endloop
  endfacet
  facet normal -0.844317 0.535845 0
    outer loop
      vertex 2.6293 -1.9103 0
      vertex 2.848 -1.5657 1
      vertex 2.848 -1.5657 0
    endloop
  endfacet
  facet normal -0.844317 0.535845 0
    outer loop
      vertex 2.848 -1.5657 1
      vertex 2.6293 -1.9103 0
      vertex 2.6293 -1.9103 1
    endloop
  endfacet
  facet normal -0.904836 0.42576 0
    outer loop
      vertex 2.848 -1.5657 0
      vertex 3.02177 -1.1964 1
      vertex 3.02177 -1.1964 0
    endloop
  endfacet
  facet normal -0.904836 0.42576 0
    outer loop
      vertex 3.02177 -1.1964 1
      vertex 2.848 -1.5657 0
      vertex 2.848 -1.5657 1
    endloop
  endfacet
  facet normal -0.125349 0.992113 0
    outer loop
      vertex 0.608989 -3.19243 0
      vertex 0.204069 -3.24359 1
      vertex 0.608989 -3.19243 1
    endloop
  endfacet
  facet normal -0.125349 0.992113 0
    outer loop
      vertex 0.204069 -3.24359 1
      vertex 0.608989 -3.19243 0
      vertex 0.204069 -3.24359 0
    endloop
  endfacet
  facet normal -0.982286 -0.187387 0
    outer loop
      vertex 3.22437 0.407332 0
      vertex 3.14789 0.808242 1
      vertex 3.14789 0.808242 0
    endloop
  endfacet
  facet normal -0.982286 -0.187387 0
    outer loop
      vertex 3.14789 0.808242 1
      vertex 3.22437 0.407332 0
      vertex 3.22437 0.407332 1
    endloop
  endfacet
  facet normal -0.770526 -0.637409 0
    outer loop
      vertex 2.6293 1.9103 0
      vertex 2.36915 2.22478 1
      vertex 2.36915 2.22478 0
    endloop
  endfacet
  facet normal -0.770526 -0.637409 0
    outer loop
      vertex 2.36915 2.22478 1
      vertex 2.6293 1.9103 0
      vertex 2.6293 1.9103 1
    endloop
  endfacet
  facet normal 0.125349 0.992113 -0
    outer loop
      vertex -0.204069 -3.24359 0
      vertex -0.608989 -3.19243 1
      vertex -0.204069 -3.24359 1
    endloop
  endfacet
  facet normal 0.125349 0.992113 0
    outer loop
      vertex -0.608989 -3.19243 1
      vertex -0.204069 -3.24359 0
      vertex -0.608989 -3.19243 0
    endloop
  endfacet
  facet normal 0.998026 0.0627975 0
    outer loop
      vertex -3.22437 -0.407332 1
      vertex -3.25 0 0
      vertex -3.25 0 1
    endloop
  endfacet
  facet normal 0.998026 0.0627975 0
    outer loop
      vertex -3.25 0 0
      vertex -3.22437 -0.407332 1
      vertex -3.22437 -0.407332 0
    endloop
  endfacet
  facet normal 0.951057 0.309017 0
    outer loop
      vertex -3.02177 -1.1964 1
      vertex -3.14789 -0.808242 0
      vertex -3.14789 -0.808242 1
    endloop
  endfacet
  facet normal 0.951057 0.309017 0
    outer loop
      vertex -3.14789 -0.808242 0
      vertex -3.02177 -1.1964 1
      vertex -3.02177 -1.1964 0
    endloop
  endfacet
  facet normal 0.770526 0.637409 0
    outer loop
      vertex -2.36915 -2.22478 1
      vertex -2.6293 -1.9103 0
      vertex -2.6293 -1.9103 1
    endloop
  endfacet
  facet normal 0.770526 0.637409 0
    outer loop
      vertex -2.6293 -1.9103 0
      vertex -2.36915 -2.22478 1
      vertex -2.36915 -2.22478 0
    endloop
  endfacet
  facet normal -0.684547 0.728968 0
    outer loop
      vertex 2.36915 -2.22478 0
      vertex 2.07163 -2.50417 1
      vertex 2.36915 -2.22478 1
    endloop
  endfacet
  facet normal -0.684547 0.728968 0
    outer loop
      vertex 2.07163 -2.50417 1
      vertex 2.36915 -2.22478 0
      vertex 2.07163 -2.50417 0
    endloop
  endfacet
  facet normal -0.770526 0.637409 0
    outer loop
      vertex 2.36915 -2.22478 0
      vertex 2.6293 -1.9103 1
      vertex 2.6293 -1.9103 0
    endloop
  endfacet
  facet normal -0.770526 0.637409 0
    outer loop
      vertex 2.6293 -1.9103 1
      vertex 2.36915 -2.22478 0
      vertex 2.36915 -2.22478 1
    endloop
  endfacet
  facet normal 0.58779 0.809014 -0
    outer loop
      vertex -1.74144 -2.74407 0
      vertex -2.07163 -2.50417 1
      vertex -1.74144 -2.74407 1
    endloop
  endfacet
  facet normal 0.58779 0.809014 0
    outer loop
      vertex -2.07163 -2.50417 1
      vertex -1.74144 -2.74407 0
      vertex -2.07163 -2.50417 0
    endloop
  endfacet
  facet normal 0 1 -0
    outer loop
      vertex 0.204069 -3.24359 0
      vertex -0.204069 -3.24359 1
      vertex 0.204069 -3.24359 1
    endloop
  endfacet
  facet normal 0 1 0
    outer loop
      vertex -0.204069 -3.24359 1
      vertex 0.204069 -3.24359 0
      vertex -0.204069 -3.24359 0
    endloop
  endfacet
  facet normal 0.982286 0.187387 0
    outer loop
      vertex -3.14789 -0.808242 1
      vertex -3.22437 -0.407332 0
      vertex -3.22437 -0.407332 1
    endloop
  endfacet
  facet normal 0.982286 0.187387 0
    outer loop
      vertex -3.22437 -0.407332 0
      vertex -3.14789 -0.808242 1
      vertex -3.14789 -0.808242 0
    endloop
  endfacet
  facet normal 0.684547 0.728968 -0
    outer loop
      vertex -2.07163 -2.50417 0
      vertex -2.36915 -2.22478 1
      vertex -2.07163 -2.50417 1
    endloop
  endfacet
  facet normal 0.684547 0.728968 0
    outer loop
      vertex -2.36915 -2.22478 1
      vertex -2.07163 -2.50417 0
      vertex -2.36915 -2.22478 0
    endloop
  endfacet
  facet normal 0.904836 0.42576 0
    outer loop
      vertex -2.848 -1.5657 1
      vertex -3.02177 -1.1964 0
      vertex -3.02177 -1.1964 1
    endloop
  endfacet
  facet normal 0.904836 0.42576 0
    outer loop
      vertex -3.02177 -1.1964 0
      vertex -2.848 -1.5657 1
      vertex -2.848 -1.5657 0
    endloop
  endfacet
  facet normal -0.248693 0.968582 0
    outer loop
      vertex 1.0043 -3.09093 0
      vertex 0.608989 -3.19243 1
      vertex 1.0043 -3.09093 1
    endloop
  endfacet
  facet normal -0.248693 0.968582 0
    outer loop
      vertex 0.608989 -3.19243 1
      vertex 1.0043 -3.09093 0
      vertex 0.608989 -3.19243 0
    endloop
  endfacet
  facet normal -0.36811 0.929782 0
    outer loop
      vertex 1.38378 -2.94069 0
      vertex 1.0043 -3.09093 1
      vertex 1.38378 -2.94069 1
    endloop
  endfacet
  facet normal -0.36811 0.929782 0
    outer loop
      vertex 1.0043 -3.09093 1
      vertex 1.38378 -2.94069 0
      vertex 1.0043 -3.09093 0
    endloop
  endfacet
  facet normal 0.481744 0.876312 -0
    outer loop
      vertex -1.38378 -2.94069 0
      vertex -1.74144 -2.74407 1
      vertex -1.38378 -2.94069 1
    endloop
  endfacet
  facet normal 0.481744 0.876312 0
    outer loop
      vertex -1.74144 -2.74407 1
      vertex -1.38378 -2.94069 0
      vertex -1.74144 -2.74407 0
    endloop
  endfacet
  facet normal 0.36811 0.929782 -0
    outer loop
      vertex -1.0043 -3.09093 0
      vertex -1.38378 -2.94069 1
      vertex -1.0043 -3.09093 1
    endloop
  endfacet
  facet normal 0.36811 0.929782 0
    outer loop
      vertex -1.38378 -2.94069 1
      vertex -1.0043 -3.09093 0
      vertex -1.38378 -2.94069 0
    endloop
  endfacet
  facet normal 0.844317 0.535845 0
    outer loop
      vertex -2.6293 -1.9103 1
      vertex -2.848 -1.5657 0
      vertex -2.848 -1.5657 1
    endloop
  endfacet
  facet normal 0.844317 0.535845 0
    outer loop
      vertex -2.848 -1.5657 0
      vertex -2.6293 -1.9103 1
      vertex -2.6293 -1.9103 0
    endloop
  endfacet
  facet normal -0.587778 -0.809022 0
    outer loop
      vertex 16.7414 2.74407 0
      vertex 17.0716 2.50417 1
      vertex 16.7414 2.74407 1
    endloop
  endfacet
  facet normal -0.587778 -0.809022 -0
    outer loop
      vertex 17.0716 2.50417 1
      vertex 16.7414 2.74407 0
      vertex 17.0716 2.50417 0
    endloop
  endfacet
  facet normal -0.982277 0.187434 0
    outer loop
      vertex 18.1479 -0.808242 0
      vertex 18.2244 -0.407332 1
      vertex 18.2244 -0.407332 0
    endloop
  endfacet
  facet normal -0.982277 0.187434 0
    outer loop
      vertex 18.2244 -0.407332 1
      vertex 18.1479 -0.808242 0
      vertex 18.1479 -0.808242 1
    endloop
  endfacet
  facet normal 0.2487 0.968581 -0
    outer loop
      vertex 14.391 -3.19243 0
      vertex 13.9957 -3.09093 1
      vertex 14.391 -3.19243 1
    endloop
  endfacet
  facet normal 0.2487 0.968581 0
    outer loop
      vertex 13.9957 -3.09093 1
      vertex 14.391 -3.19243 0
      vertex 13.9957 -3.09093 0
    endloop
  endfacet
  facet normal 0.481806 -0.876278 0
    outer loop
      vertex 13.2586 2.74407 0
      vertex 13.6162 2.94069 1
      vertex 13.2586 2.74407 1
    endloop
  endfacet
  facet normal 0.481806 -0.876278 0
    outer loop
      vertex 13.6162 2.94069 1
      vertex 13.2586 2.74407 0
      vertex 13.6162 2.94069 0
    endloop
  endfacet
  facet normal 0.951071 -0.308972 0
    outer loop
      vertex 11.8521 0.808242 1
      vertex 11.9782 1.1964 0
      vertex 11.9782 1.1964 1
    endloop
  endfacet
  facet normal 0.951071 -0.308972 0
    outer loop
      vertex 11.9782 1.1964 0
      vertex 11.8521 0.808242 1
      vertex 11.8521 0.808242 0
    endloop
  endfacet
  facet normal -0.904808 -0.425821 0
    outer loop
      vertex 18.0218 1.1964 0
      vertex 17.848 1.5657 1
      vertex 17.848 1.5657 0
    endloop
  endfacet
  facet normal -0.904808 -0.425821 0
    outer loop
      vertex 17.848 1.5657 1
      vertex 18.0218 1.1964 0
      vertex 18.0218 1.1964 1
    endloop
  endfacet
  facet normal -0.844317 -0.535845 0
    outer loop
      vertex 17.848 1.5657 0
      vertex 17.6293 1.9103 1
      vertex 17.6293 1.9103 0
    endloop
  endfacet
  facet normal -0.844317 -0.535845 0
    outer loop
      vertex 17.6293 1.9103 1
      vertex 17.848 1.5657 0
      vertex 17.848 1.5657 1
    endloop
  endfacet
  facet normal -0.368093 -0.929789 0
    outer loop
      vertex 16.0043 3.09093 0
      vertex 16.3838 2.94069 1
      vertex 16.0043 3.09093 1
    endloop
  endfacet
  facet normal -0.368093 -0.929789 -0
    outer loop
      vertex 16.3838 2.94069 1
      vertex 16.0043 3.09093 0
      vertex 16.3838 2.94069 0
    endloop
  endfacet
  facet normal -0.125356 -0.992112 0
    outer loop
      vertex 15.2041 3.24359 0
      vertex 15.609 3.19243 1
      vertex 15.2041 3.24359 1
    endloop
  endfacet
  facet normal -0.125356 -0.992112 -0
    outer loop
      vertex 15.609 3.19243 1
      vertex 15.2041 3.24359 0
      vertex 15.609 3.19243 0
    endloop
  endfacet
  facet normal 0.998031 0.0627242 0
    outer loop
      vertex 11.7756 -0.407332 1
      vertex 11.75 0 0
      vertex 11.75 0 1
    endloop
  endfacet
  facet normal 0.998031 0.0627242 0
    outer loop
      vertex 11.75 0 0
      vertex 11.7756 -0.407332 1
      vertex 11.7756 -0.407332 0
    endloop
  endfacet
  facet normal 0.844317 -0.535845 0
    outer loop
      vertex 12.152 1.5657 1
      vertex 12.3707 1.9103 0
      vertex 12.3707 1.9103 1
    endloop
  endfacet
  facet normal 0.844317 -0.535845 0
    outer loop
      vertex 12.3707 1.9103 0
      vertex 12.152 1.5657 1
      vertex 12.152 1.5657 0
    endloop
  endfacet
  facet normal 0.587778 -0.809022 0
    outer loop
      vertex 12.9284 2.50417 0
      vertex 13.2586 2.74407 1
      vertex 12.9284 2.50417 1
    endloop
  endfacet
  facet normal 0.587778 -0.809022 0
    outer loop
      vertex 13.2586 2.74407 1
      vertex 12.9284 2.50417 0
      vertex 13.2586 2.74407 0
    endloop
  endfacet
  facet normal 0.2487 -0.968581 0
    outer loop
      vertex 13.9957 3.09093 0
      vertex 14.391 3.19243 1
      vertex 13.9957 3.09093 1
    endloop
  endfacet
  facet normal 0.2487 -0.968581 0
    outer loop
      vertex 14.391 3.19243 1
      vertex 13.9957 3.09093 0
      vertex 14.391 3.19243 0
    endloop
  endfacet
  facet normal -0.998031 -0.0627242 0
    outer loop
      vertex 18.25 0 0
      vertex 18.2244 0.407332 1
      vertex 18.2244 0.407332 0
    endloop
  endfacet
  facet normal -0.998031 -0.0627242 0
    outer loop
      vertex 18.2244 0.407332 1
      vertex 18.25 0 0
      vertex 18.25 0 1
    endloop
  endfacet
  facet normal -0.844317 0.535845 0
    outer loop
      vertex 17.6293 -1.9103 0
      vertex 17.848 -1.5657 1
      vertex 17.848 -1.5657 0
    endloop
  endfacet
  facet normal -0.844317 0.535845 0
    outer loop
      vertex 17.848 -1.5657 1
      vertex 17.6293 -1.9103 0
      vertex 17.6293 -1.9103 1
    endloop
  endfacet
  facet normal -0.951071 0.308972 0
    outer loop
      vertex 18.0218 -1.1964 0
      vertex 18.1479 -0.808242 1
      vertex 18.1479 -0.808242 0
    endloop
  endfacet
  facet normal -0.951071 0.308972 0
    outer loop
      vertex 18.1479 -0.808242 1
      vertex 18.0218 -1.1964 0
      vertex 18.0218 -1.1964 1
    endloop
  endfacet
  facet normal -0.481806 0.876278 0
    outer loop
      vertex 16.7414 -2.74407 0
      vertex 16.3838 -2.94069 1
      vertex 16.7414 -2.74407 1
    endloop
  endfacet
  facet normal -0.481806 0.876278 0
    outer loop
      vertex 16.3838 -2.94069 1
      vertex 16.7414 -2.74407 0
      vertex 16.3838 -2.94069 0
    endloop
  endfacet
  facet normal -0.587778 0.809022 0
    outer loop
      vertex 17.0716 -2.50417 0
      vertex 16.7414 -2.74407 1
      vertex 17.0716 -2.50417 1
    endloop
  endfacet
  facet normal -0.587778 0.809022 0
    outer loop
      vertex 16.7414 -2.74407 1
      vertex 17.0716 -2.50417 0
      vertex 16.7414 -2.74407 0
    endloop
  endfacet
  facet normal 0.125356 0.992112 -0
    outer loop
      vertex 14.7959 -3.24359 0
      vertex 14.391 -3.19243 1
      vertex 14.7959 -3.24359 1
    endloop
  endfacet
  facet normal 0.125356 0.992112 0
    outer loop
      vertex 14.391 -3.19243 1
      vertex 14.7959 -3.24359 0
      vertex 14.391 -3.19243 0
    endloop
  endfacet
  facet normal 0.587778 0.809022 -0
    outer loop
      vertex 13.2586 -2.74407 0
      vertex 12.9284 -2.50417 1
      vertex 13.2586 -2.74407 1
    endloop
  endfacet
  facet normal 0.587778 0.809022 0
    outer loop
      vertex 12.9284 -2.50417 1
      vertex 13.2586 -2.74407 0
      vertex 12.9284 -2.50417 0
    endloop
  endfacet
  facet normal 0.844317 0.535845 0
    outer loop
      vertex 12.3707 -1.9103 1
      vertex 12.152 -1.5657 0
      vertex 12.152 -1.5657 1
    endloop
  endfacet
  facet normal 0.844317 0.535845 0
    outer loop
      vertex 12.152 -1.5657 0
      vertex 12.3707 -1.9103 1
      vertex 12.3707 -1.9103 0
    endloop
  endfacet
  facet normal -0.982277 -0.187434 0
    outer loop
      vertex 18.2244 0.407332 0
      vertex 18.1479 0.808242 1
      vertex 18.1479 0.808242 0
    endloop
  endfacet
  facet normal -0.982277 -0.187434 0
    outer loop
      vertex 18.1479 0.808242 1
      vertex 18.2244 0.407332 0
      vertex 18.2244 0.407332 1
    endloop
  endfacet
  facet normal -0.951071 -0.308972 0
    outer loop
      vertex 18.1479 0.808242 0
      vertex 18.0218 1.1964 1
      vertex 18.0218 1.1964 0
    endloop
  endfacet
  facet normal -0.951071 -0.308972 0
    outer loop
      vertex 18.0218 1.1964 1
      vertex 18.1479 0.808242 0
      vertex 18.1479 0.808242 1
    endloop
  endfacet
  facet normal -0.770466 -0.637481 0
    outer loop
      vertex 17.6293 1.9103 0
      vertex 17.3691 2.22478 1
      vertex 17.3691 2.22478 0
    endloop
  endfacet
  facet normal -0.770466 -0.637481 0
    outer loop
      vertex 17.3691 2.22478 1
      vertex 17.6293 1.9103 0
      vertex 17.6293 1.9103 1
    endloop
  endfacet
  facet normal -0.684572 -0.728946 0
    outer loop
      vertex 17.0716 2.50417 0
      vertex 17.3691 2.22478 1
      vertex 17.0716 2.50417 1
    endloop
  endfacet
  facet normal -0.684572 -0.728946 -0
    outer loop
      vertex 17.3691 2.22478 1
      vertex 17.0716 2.50417 0
      vertex 17.3691 2.22478 0
    endloop
  endfacet
  facet normal 0 -1 0
    outer loop
      vertex 14.7959 3.24359 0
      vertex 15.2041 3.24359 1
      vertex 14.7959 3.24359 1
    endloop
  endfacet
  facet normal 0 -1 -0
    outer loop
      vertex 15.2041 3.24359 1
      vertex 14.7959 3.24359 0
      vertex 15.2041 3.24359 0
    endloop
  endfacet
  facet normal -0.481806 -0.876278 0
    outer loop
      vertex 16.3838 2.94069 0
      vertex 16.7414 2.74407 1
      vertex 16.3838 2.94069 1
    endloop
  endfacet
  facet normal -0.481806 -0.876278 -0
    outer loop
      vertex 16.7414 2.74407 1
      vertex 16.3838 2.94069 0
      vertex 16.7414 2.74407 0
    endloop
  endfacet
  facet normal -0.2487 -0.968581 0
    outer loop
      vertex 15.609 3.19243 0
      vertex 16.0043 3.09093 1
      vertex 15.609 3.19243 1
    endloop
  endfacet
  facet normal -0.2487 -0.968581 -0
    outer loop
      vertex 16.0043 3.09093 1
      vertex 15.609 3.19243 0
      vertex 16.0043 3.09093 0
    endloop
  endfacet
  facet normal 0.982277 -0.187434 0
    outer loop
      vertex 11.7756 0.407332 1
      vertex 11.8521 0.808242 0
      vertex 11.8521 0.808242 1
    endloop
  endfacet
  facet normal 0.982277 -0.187434 0
    outer loop
      vertex 11.8521 0.808242 0
      vertex 11.7756 0.407332 1
      vertex 11.7756 0.407332 0
    endloop
  endfacet
  facet normal 0.998031 -0.0627242 0
    outer loop
      vertex 11.75 0 1
      vertex 11.7756 0.407332 0
      vertex 11.7756 0.407332 1
    endloop
  endfacet
  facet normal 0.998031 -0.0627242 0
    outer loop
      vertex 11.7756 0.407332 0
      vertex 11.75 0 1
      vertex 11.75 0 0
    endloop
  endfacet
  facet normal 0.904808 -0.425821 0
    outer loop
      vertex 11.9782 1.1964 1
      vertex 12.152 1.5657 0
      vertex 12.152 1.5657 1
    endloop
  endfacet
  facet normal 0.904808 -0.425821 0
    outer loop
      vertex 12.152 1.5657 0
      vertex 11.9782 1.1964 1
      vertex 11.9782 1.1964 0
    endloop
  endfacet
  facet normal 0.368093 -0.929789 0
    outer loop
      vertex 13.6162 2.94069 0
      vertex 13.9957 3.09093 1
      vertex 13.6162 2.94069 1
    endloop
  endfacet
  facet normal 0.368093 -0.929789 0
    outer loop
      vertex 13.9957 3.09093 1
      vertex 13.6162 2.94069 0
      vertex 13.9957 3.09093 0
    endloop
  endfacet
  facet normal 0.125356 -0.992112 0
    outer loop
      vertex 14.391 3.19243 0
      vertex 14.7959 3.24359 1
      vertex 14.391 3.19243 1
    endloop
  endfacet
  facet normal 0.125356 -0.992112 0
    outer loop
      vertex 14.7959 3.24359 1
      vertex 14.391 3.19243 0
      vertex 14.7959 3.24359 0
    endloop
  endfacet
  facet normal 0.684572 -0.728946 0
    outer loop
      vertex 12.6309 2.22478 0
      vertex 12.9284 2.50417 1
      vertex 12.6309 2.22478 1
    endloop
  endfacet
  facet normal 0.684572 -0.728946 0
    outer loop
      vertex 12.9284 2.50417 1
      vertex 12.6309 2.22478 0
      vertex 12.9284 2.50417 0
    endloop
  endfacet
  facet normal 0.770466 -0.637481 0
    outer loop
      vertex 12.3707 1.9103 1
      vertex 12.6309 2.22478 0
      vertex 12.6309 2.22478 1
    endloop
  endfacet
  facet normal 0.770466 -0.637481 0
    outer loop
      vertex 12.6309 2.22478 0
      vertex 12.3707 1.9103 1
      vertex 12.3707 1.9103 0
    endloop
  endfacet
  facet normal -0.998031 0.0627242 0
    outer loop
      vertex 18.2244 -0.407332 0
      vertex 18.25 0 1
      vertex 18.25 0 0
    endloop
  endfacet
  facet normal -0.998031 0.0627242 0
    outer loop
      vertex 18.25 0 1
      vertex 18.2244 -0.407332 0
      vertex 18.2244 -0.407332 1
    endloop
  endfacet
  facet normal -0.125356 0.992112 0
    outer loop
      vertex 15.609 -3.19243 0
      vertex 15.2041 -3.24359 1
      vertex 15.609 -3.19243 1
    endloop
  endfacet
  facet normal -0.125356 0.992112 0
    outer loop
      vertex 15.2041 -3.24359 1
      vertex 15.609 -3.19243 0
      vertex 15.2041 -3.24359 0
    endloop
  endfacet
  facet normal -0.368093 0.929789 0
    outer loop
      vertex 16.3838 -2.94069 0
      vertex 16.0043 -3.09093 1
      vertex 16.3838 -2.94069 1
    endloop
  endfacet
  facet normal -0.368093 0.929789 0
    outer loop
      vertex 16.0043 -3.09093 1
      vertex 16.3838 -2.94069 0
      vertex 16.0043 -3.09093 0
    endloop
  endfacet
  facet normal -0.684572 0.728946 0
    outer loop
      vertex 17.3691 -2.22478 0
      vertex 17.0716 -2.50417 1
      vertex 17.3691 -2.22478 1
    endloop
  endfacet
  facet normal -0.684572 0.728946 0
    outer loop
      vertex 17.0716 -2.50417 1
      vertex 17.3691 -2.22478 0
      vertex 17.0716 -2.50417 0
    endloop
  endfacet
  facet normal 0.481806 0.876278 -0
    outer loop
      vertex 13.6162 -2.94069 0
      vertex 13.2586 -2.74407 1
      vertex 13.6162 -2.94069 1
    endloop
  endfacet
  facet normal 0.481806 0.876278 0
    outer loop
      vertex 13.2586 -2.74407 1
      vertex 13.6162 -2.94069 0
      vertex 13.2586 -2.74407 0
    endloop
  endfacet
  facet normal 0.904808 0.425821 0
    outer loop
      vertex 12.152 -1.5657 1
      vertex 11.9782 -1.1964 0
      vertex 11.9782 -1.1964 1
    endloop
  endfacet
  facet normal 0.904808 0.425821 0
    outer loop
      vertex 11.9782 -1.1964 0
      vertex 12.152 -1.5657 1
      vertex 12.152 -1.5657 0
    endloop
  endfacet
  facet normal 0.982277 0.187434 0
    outer loop
      vertex 11.8521 -0.808242 1
      vertex 11.7756 -0.407332 0
      vertex 11.7756 -0.407332 1
    endloop
  endfacet
  facet normal 0.982277 0.187434 0
    outer loop
      vertex 11.7756 -0.407332 0
      vertex 11.8521 -0.808242 1
      vertex 11.8521 -0.808242 0
    endloop
  endfacet
  facet normal 0.770466 0.637481 0
    outer loop
      vertex 12.6309 -2.22478 1
      vertex 12.3707 -1.9103 0
      vertex 12.3707 -1.9103 1
    endloop
  endfacet
  facet normal 0.770466 0.637481 0
    outer loop
      vertex 12.3707 -1.9103 0
      vertex 12.6309 -2.22478 1
      vertex 12.6309 -2.22478 0
    endloop
  endfacet
  facet normal 0.684572 0.728946 -0
    outer loop
      vertex 12.9284 -2.50417 0
      vertex 12.6309 -2.22478 1
      vertex 12.9284 -2.50417 1
    endloop
  endfacet
  facet normal 0.684572 0.728946 0
    outer loop
      vertex 12.6309 -2.22478 1
      vertex 12.9284 -2.50417 0
      vertex 12.6309 -2.22478 0
    endloop
  endfacet
  facet normal -0.904808 0.425821 0
    outer loop
      vertex 17.848 -1.5657 0
      vertex 18.0218 -1.1964 1
      vertex 18.0218 -1.1964 0
    endloop
  endfacet
  facet normal -0.904808 0.425821 0
    outer loop
      vertex 18.0218 -1.1964 1
      vertex 17.848 -1.5657 0
      vertex 17.848 -1.5657 1
    endloop
  endfacet
  facet normal -0.2487 0.968581 0
    outer loop
      vertex 16.0043 -3.09093 0
      vertex 15.609 -3.19243 1
      vertex 16.0043 -3.09093 1
    endloop
  endfacet
  facet normal -0.2487 0.968581 0
    outer loop
      vertex 15.609 -3.19243 1
      vertex 16.0043 -3.09093 0
      vertex 15.609 -3.19243 0
    endloop
  endfacet
  facet normal -0.770466 0.637481 0
    outer loop
      vertex 17.3691 -2.22478 0
      vertex 17.6293 -1.9103 1
      vertex 17.6293 -1.9103 0
    endloop
  endfacet
  facet normal -0.770466 0.637481 0
    outer loop
      vertex 17.6293 -1.9103 1
      vertex 17.3691 -2.22478 0
      vertex 17.3691 -2.22478 1
    endloop
  endfacet
  facet normal 0 1 -0
    outer loop
      vertex 15.2041 -3.24359 0
      vertex 14.7959 -3.24359 1
      vertex 15.2041 -3.24359 1
    endloop
  endfacet
  facet normal 0 1 0
    outer loop
      vertex 14.7959 -3.24359 1
      vertex 15.2041 -3.24359 0
      vertex 14.7959 -3.24359 0
    endloop
  endfacet
  facet normal 0.368093 0.929789 -0
    outer loop
      vertex 13.9957 -3.09093 0
      vertex 13.6162 -2.94069 1
      vertex 13.9957 -3.09093 1
    endloop
  endfacet
  facet normal 0.368093 0.929789 0
    outer loop
      vertex 13.6162 -2.94069 1
      vertex 13.9957 -3.09093 0
      vertex 13.6162 -2.94069 0
    endloop
  endfacet
  facet normal 0.951071 0.308972 0
    outer loop
      vertex 11.9782 -1.1964 1
      vertex 11.8521 -0.808242 0
      vertex 11.8521 -0.808242 1
    endloop
  endfacet
  facet normal 0.951071 0.308972 0
    outer loop
      vertex 11.8521 -0.808242 0
      vertex 11.9782 -1.1964 1
      vertex 11.9782 -1.1964 0
    endloop
  endfacet
  facet normal -0.998028 -0.0627752 0
    outer loop
      vertex -5.7 0 0
      vertex -5.71419 0.225599 1
      vertex -5.71419 0.225599 0
    endloop
  endfacet
  facet normal -0.998028 -0.0627752 0
    outer loop
      vertex -5.71419 0.225599 1
      vertex -5.7 0 0
      vertex -5.7 0 1
    endloop
  endfacet
  facet normal 0.998028 -0.0627752 0
    outer loop
      vertex -9.3 0 1
      vertex -9.28581 0.225599 0
      vertex -9.28581 0.225599 1
    endloop
  endfacet
  facet normal 0.998028 -0.0627752 0
    outer loop
      vertex -9.28581 0.225599 0
      vertex -9.3 0 1
      vertex -9.3 0 0
    endloop
  endfacet
  facet normal 0 -1 0
    outer loop
      vertex -7.61302 1.79645 0
      vertex -7.38698 1.79645 1
      vertex -7.61302 1.79645 1
    endloop
  endfacet
  facet normal 0 -1 -0
    outer loop
      vertex -7.38698 1.79645 1
      vertex -7.61302 1.79645 0
      vertex -7.38698 1.79645 0
    endloop
  endfacet
  facet normal 0 1 -0
    outer loop
      vertex -7.38698 -1.79645 0
      vertex -7.61302 -1.79645 1
      vertex -7.38698 -1.79645 1
    endloop
  endfacet
  facet normal 0 1 0
    outer loop
      vertex -7.61302 -1.79645 1
      vertex -7.38698 -1.79645 0
      vertex -7.61302 -1.79645 0
    endloop
  endfacet
  facet normal -0.68455 -0.728966 0
    outer loop
      vertex -6.35264 1.38692 0
      vertex -6.18786 1.23218 1
      vertex -6.35264 1.38692 1
    endloop
  endfacet
  facet normal -0.68455 -0.728966 -0
    outer loop
      vertex -6.18786 1.23218 1
      vertex -6.35264 1.38692 0
      vertex -6.18786 1.23218 0
    endloop
  endfacet
  facet normal 0.68455 -0.728966 0
    outer loop
      vertex -8.81214 1.23218 0
      vertex -8.64736 1.38692 1
      vertex -8.81214 1.23218 1
    endloop
  endfacet
  facet normal 0.68455 -0.728966 0
    outer loop
      vertex -8.64736 1.38692 1
      vertex -8.81214 1.23218 0
      vertex -8.64736 1.38692 0
    endloop
  endfacet
  facet normal 0.368116 -0.92978 0
    outer loop
      vertex -8.2664 1.62869 0
      vertex -8.05623 1.7119 1
      vertex -8.2664 1.62869 1
    endloop
  endfacet
  facet normal 0.368116 -0.92978 0
    outer loop
      vertex -8.05623 1.7119 1
      vertex -8.2664 1.62869 0
      vertex -8.05623 1.7119 0
    endloop
  endfacet
  facet normal -0.844327 0.535828 0
    outer loop
      vertex -6.04377 -1.05801 0
      vertex -5.92265 -0.867156 1
      vertex -5.92265 -0.867156 0
    endloop
  endfacet
  facet normal -0.844327 0.535828 0
    outer loop
      vertex -5.92265 -0.867156 1
      vertex -6.04377 -1.05801 0
      vertex -6.04377 -1.05801 1
    endloop
  endfacet
  facet normal -0.90482 -0.425794 0
    outer loop
      vertex -5.8264 0.662623 0
      vertex -5.92265 0.867156 1
      vertex -5.92265 0.867156 0
    endloop
  endfacet
  facet normal -0.90482 -0.425794 0
    outer loop
      vertex -5.92265 0.867156 1
      vertex -5.8264 0.662623 0
      vertex -5.8264 0.662623 1
    endloop
  endfacet
  facet normal -0.982285 -0.187395 0
    outer loop
      vertex -5.71419 0.225599 0
      vertex -5.75655 0.447641 1
      vertex -5.75655 0.447641 0
    endloop
  endfacet
  facet normal -0.982285 -0.187395 0
    outer loop
      vertex -5.75655 0.447641 1
      vertex -5.71419 0.225599 0
      vertex -5.71419 0.225599 1
    endloop
  endfacet
  facet normal -0.368116 -0.92978 0
    outer loop
      vertex -6.94377 1.7119 0
      vertex -6.7336 1.62869 1
      vertex -6.94377 1.7119 1
    endloop
  endfacet
  facet normal -0.368116 -0.92978 -0
    outer loop
      vertex -6.7336 1.62869 1
      vertex -6.94377 1.7119 0
      vertex -6.7336 1.62869 0
    endloop
  endfacet
  facet normal -0.248714 -0.968577 0
    outer loop
      vertex -7.16271 1.76812 0
      vertex -6.94377 1.7119 1
      vertex -7.16271 1.76812 1
    endloop
  endfacet
  facet normal -0.248714 -0.968577 -0
    outer loop
      vertex -6.94377 1.7119 1
      vertex -7.16271 1.76812 0
      vertex -6.94377 1.7119 0
    endloop
  endfacet
  facet normal -0.587806 -0.809002 0
    outer loop
      vertex -6.53551 1.51979 0
      vertex -6.35264 1.38692 1
      vertex -6.53551 1.51979 1
    endloop
  endfacet
  facet normal -0.587806 -0.809002 -0
    outer loop
      vertex -6.35264 1.38692 1
      vertex -6.53551 1.51979 0
      vertex -6.35264 1.38692 0
    endloop
  endfacet
  facet normal 0.90482 -0.425794 0
    outer loop
      vertex -9.1736 0.662623 1
      vertex -9.07735 0.867156 0
      vertex -9.07735 0.867156 1
    endloop
  endfacet
  facet normal 0.90482 -0.425794 0
    outer loop
      vertex -9.07735 0.867156 0
      vertex -9.1736 0.662623 1
      vertex -9.1736 0.662623 0
    endloop
  endfacet
  facet normal 0.951059 -0.309009 0
    outer loop
      vertex -9.24345 0.447641 1
      vertex -9.1736 0.662623 0
      vertex -9.1736 0.662623 1
    endloop
  endfacet
  facet normal 0.951059 -0.309009 0
    outer loop
      vertex -9.1736 0.662623 0
      vertex -9.24345 0.447641 1
      vertex -9.24345 0.447641 0
    endloop
  endfacet
  facet normal 0.248714 -0.968577 0
    outer loop
      vertex -8.05623 1.7119 0
      vertex -7.83729 1.76812 1
      vertex -8.05623 1.7119 1
    endloop
  endfacet
  facet normal 0.248714 -0.968577 0
    outer loop
      vertex -7.83729 1.76812 1
      vertex -8.05623 1.7119 0
      vertex -7.83729 1.76812 0
    endloop
  endfacet
  facet normal -0.125325 0.992116 0
    outer loop
      vertex -7.16271 -1.76812 0
      vertex -7.38698 -1.79645 1
      vertex -7.16271 -1.76812 1
    endloop
  endfacet
  facet normal -0.125325 0.992116 0
    outer loop
      vertex -7.38698 -1.79645 1
      vertex -7.16271 -1.76812 0
      vertex -7.38698 -1.79645 0
    endloop
  endfacet
  facet normal -0.951059 -0.309009 0
    outer loop
      vertex -5.75655 0.447641 0
      vertex -5.8264 0.662623 1
      vertex -5.8264 0.662623 0
    endloop
  endfacet
  facet normal -0.951059 -0.309009 0
    outer loop
      vertex -5.8264 0.662623 1
      vertex -5.75655 0.447641 0
      vertex -5.75655 0.447641 1
    endloop
  endfacet
  facet normal -0.770504 -0.637435 0
    outer loop
      vertex -6.04377 1.05801 0
      vertex -6.18786 1.23218 1
      vertex -6.18786 1.23218 0
    endloop
  endfacet
  facet normal -0.770504 -0.637435 0
    outer loop
      vertex -6.18786 1.23218 1
      vertex -6.04377 1.05801 0
      vertex -6.04377 1.05801 1
    endloop
  endfacet
  facet normal -0.844327 -0.535828 0
    outer loop
      vertex -5.92265 0.867156 0
      vertex -6.04377 1.05801 1
      vertex -6.04377 1.05801 0
    endloop
  endfacet
  facet normal -0.844327 -0.535828 0
    outer loop
      vertex -6.04377 1.05801 1
      vertex -5.92265 0.867156 0
      vertex -5.92265 0.867156 1
    endloop
  endfacet
  facet normal -0.125325 -0.992116 0
    outer loop
      vertex -7.38698 1.79645 0
      vertex -7.16271 1.76812 1
      vertex -7.38698 1.79645 1
    endloop
  endfacet
  facet normal -0.125325 -0.992116 -0
    outer loop
      vertex -7.16271 1.76812 1
      vertex -7.38698 1.79645 0
      vertex -7.16271 1.76812 0
    endloop
  endfacet
  facet normal -0.481751 -0.876308 0
    outer loop
      vertex -6.7336 1.62869 0
      vertex -6.53551 1.51979 1
      vertex -6.7336 1.62869 1
    endloop
  endfacet
  facet normal -0.481751 -0.876308 -0
    outer loop
      vertex -6.53551 1.51979 1
      vertex -6.7336 1.62869 0
      vertex -6.53551 1.51979 0
    endloop
  endfacet
  facet normal 0.844327 -0.535828 0
    outer loop
      vertex -9.07735 0.867156 1
      vertex -8.95623 1.05801 0
      vertex -8.95623 1.05801 1
    endloop
  endfacet
  facet normal 0.844327 -0.535828 0
    outer loop
      vertex -8.95623 1.05801 0
      vertex -9.07735 0.867156 1
      vertex -9.07735 0.867156 0
    endloop
  endfacet
  facet normal 0.770504 -0.637435 0
    outer loop
      vertex -8.95623 1.05801 1
      vertex -8.81214 1.23218 0
      vertex -8.81214 1.23218 1
    endloop
  endfacet
  facet normal 0.770504 -0.637435 0
    outer loop
      vertex -8.81214 1.23218 0
      vertex -8.95623 1.05801 1
      vertex -8.95623 1.05801 0
    endloop
  endfacet
  facet normal 0.982285 -0.187395 0
    outer loop
      vertex -9.28581 0.225599 1
      vertex -9.24345 0.447641 0
      vertex -9.24345 0.447641 1
    endloop
  endfacet
  facet normal 0.982285 -0.187395 0
    outer loop
      vertex -9.24345 0.447641 0
      vertex -9.28581 0.225599 1
      vertex -9.28581 0.225599 0
    endloop
  endfacet
  facet normal 0.481751 -0.876308 0
    outer loop
      vertex -8.46449 1.51979 0
      vertex -8.2664 1.62869 1
      vertex -8.46449 1.51979 1
    endloop
  endfacet
  facet normal 0.481751 -0.876308 0
    outer loop
      vertex -8.2664 1.62869 1
      vertex -8.46449 1.51979 0
      vertex -8.2664 1.62869 0
    endloop
  endfacet
  facet normal 0.587806 -0.809002 0
    outer loop
      vertex -8.64736 1.38692 0
      vertex -8.46449 1.51979 1
      vertex -8.64736 1.38692 1
    endloop
  endfacet
  facet normal 0.587806 -0.809002 0
    outer loop
      vertex -8.46449 1.51979 1
      vertex -8.64736 1.38692 0
      vertex -8.46449 1.51979 0
    endloop
  endfacet
  facet normal 0.125325 -0.992116 0
    outer loop
      vertex -7.83729 1.76812 0
      vertex -7.61302 1.79645 1
      vertex -7.83729 1.76812 1
    endloop
  endfacet
  facet normal 0.125325 -0.992116 0
    outer loop
      vertex -7.61302 1.79645 1
      vertex -7.83729 1.76812 0
      vertex -7.61302 1.79645 0
    endloop
  endfacet
  facet normal -0.68455 0.728966 0
    outer loop
      vertex -6.18786 -1.23218 0
      vertex -6.35264 -1.38692 1
      vertex -6.18786 -1.23218 1
    endloop
  endfacet
  facet normal -0.68455 0.728966 0
    outer loop
      vertex -6.35264 -1.38692 1
      vertex -6.18786 -1.23218 0
      vertex -6.35264 -1.38692 0
    endloop
  endfacet
  facet normal -0.982285 0.187395 0
    outer loop
      vertex -5.75655 -0.447641 0
      vertex -5.71419 -0.225599 1
      vertex -5.71419 -0.225599 0
    endloop
  endfacet
  facet normal -0.982285 0.187395 0
    outer loop
      vertex -5.71419 -0.225599 1
      vertex -5.75655 -0.447641 0
      vertex -5.75655 -0.447641 1
    endloop
  endfacet
  facet normal -0.90482 0.425794 0
    outer loop
      vertex -5.92265 -0.867156 0
      vertex -5.8264 -0.662623 1
      vertex -5.8264 -0.662623 0
    endloop
  endfacet
  facet normal -0.90482 0.425794 0
    outer loop
      vertex -5.8264 -0.662623 1
      vertex -5.92265 -0.867156 0
      vertex -5.92265 -0.867156 1
    endloop
  endfacet
  facet normal -0.770504 0.637435 0
    outer loop
      vertex -6.18786 -1.23218 0
      vertex -6.04377 -1.05801 1
      vertex -6.04377 -1.05801 0
    endloop
  endfacet
  facet normal -0.770504 0.637435 0
    outer loop
      vertex -6.04377 -1.05801 1
      vertex -6.18786 -1.23218 0
      vertex -6.18786 -1.23218 1
    endloop
  endfacet
  facet normal -0.998028 0.0627752 0
    outer loop
      vertex -5.71419 -0.225599 0
      vertex -5.7 0 1
      vertex -5.7 0 0
    endloop
  endfacet
  facet normal -0.998028 0.0627752 0
    outer loop
      vertex -5.7 0 1
      vertex -5.71419 -0.225599 0
      vertex -5.71419 -0.225599 1
    endloop
  endfacet
  facet normal 0.248714 0.968577 -0
    outer loop
      vertex -7.83729 -1.76812 0
      vertex -8.05623 -1.7119 1
      vertex -7.83729 -1.76812 1
    endloop
  endfacet
  facet normal 0.248714 0.968577 0
    outer loop
      vertex -8.05623 -1.7119 1
      vertex -7.83729 -1.76812 0
      vertex -8.05623 -1.7119 0
    endloop
  endfacet
  facet normal 0.951059 0.309009 0
    outer loop
      vertex -9.1736 -0.662623 1
      vertex -9.24345 -0.447641 0
      vertex -9.24345 -0.447641 1
    endloop
  endfacet
  facet normal 0.951059 0.309009 0
    outer loop
      vertex -9.24345 -0.447641 0
      vertex -9.1736 -0.662623 1
      vertex -9.1736 -0.662623 0
    endloop
  endfacet
  facet normal 0.998028 0.0627752 0
    outer loop
      vertex -9.28581 -0.225599 1
      vertex -9.3 0 0
      vertex -9.3 0 1
    endloop
  endfacet
  facet normal 0.998028 0.0627752 0
    outer loop
      vertex -9.3 0 0
      vertex -9.28581 -0.225599 1
      vertex -9.28581 -0.225599 0
    endloop
  endfacet
  facet normal -0.368116 0.92978 0
    outer loop
      vertex -6.7336 -1.62869 0
      vertex -6.94377 -1.7119 1
      vertex -6.7336 -1.62869 1
    endloop
  endfacet
  facet normal -0.368116 0.92978 0
    outer loop
      vertex -6.94377 -1.7119 1
      vertex -6.7336 -1.62869 0
      vertex -6.94377 -1.7119 0
    endloop
  endfacet
  facet normal -0.248714 0.968577 0
    outer loop
      vertex -6.94377 -1.7119 0
      vertex -7.16271 -1.76812 1
      vertex -6.94377 -1.7119 1
    endloop
  endfacet
  facet normal -0.248714 0.968577 0
    outer loop
      vertex -7.16271 -1.76812 1
      vertex -6.94377 -1.7119 0
      vertex -7.16271 -1.76812 0
    endloop
  endfacet
  facet normal -0.587806 0.809002 0
    outer loop
      vertex -6.35264 -1.38692 0
      vertex -6.53551 -1.51979 1
      vertex -6.35264 -1.38692 1
    endloop
  endfacet
  facet normal -0.587806 0.809002 0
    outer loop
      vertex -6.53551 -1.51979 1
      vertex -6.35264 -1.38692 0
      vertex -6.53551 -1.51979 0
    endloop
  endfacet
  facet normal -0.481751 0.876308 0
    outer loop
      vertex -6.53551 -1.51979 0
      vertex -6.7336 -1.62869 1
      vertex -6.53551 -1.51979 1
    endloop
  endfacet
  facet normal -0.481751 0.876308 0
    outer loop
      vertex -6.7336 -1.62869 1
      vertex -6.53551 -1.51979 0
      vertex -6.7336 -1.62869 0
    endloop
  endfacet
  facet normal -0.951059 0.309009 0
    outer loop
      vertex -5.8264 -0.662623 0
      vertex -5.75655 -0.447641 1
      vertex -5.75655 -0.447641 0
    endloop
  endfacet
  facet normal -0.951059 0.309009 0
    outer loop
      vertex -5.75655 -0.447641 1
      vertex -5.8264 -0.662623 0
      vertex -5.8264 -0.662623 1
    endloop
  endfacet
  facet normal 0.125325 0.992116 -0
    outer loop
      vertex -7.61302 -1.79645 0
      vertex -7.83729 -1.76812 1
      vertex -7.61302 -1.79645 1
    endloop
  endfacet
  facet normal 0.125325 0.992116 0
    outer loop
      vertex -7.83729 -1.76812 1
      vertex -7.61302 -1.79645 0
      vertex -7.83729 -1.76812 0
    endloop
  endfacet
  facet normal 0.368116 0.92978 -0
    outer loop
      vertex -8.05623 -1.7119 0
      vertex -8.2664 -1.62869 1
      vertex -8.05623 -1.7119 1
    endloop
  endfacet
  facet normal 0.368116 0.92978 0
    outer loop
      vertex -8.2664 -1.62869 1
      vertex -8.05623 -1.7119 0
      vertex -8.2664 -1.62869 0
    endloop
  endfacet
  facet normal 0.587806 0.809002 -0
    outer loop
      vertex -8.46449 -1.51979 0
      vertex -8.64736 -1.38692 1
      vertex -8.46449 -1.51979 1
    endloop
  endfacet
  facet normal 0.587806 0.809002 0
    outer loop
      vertex -8.64736 -1.38692 1
      vertex -8.46449 -1.51979 0
      vertex -8.64736 -1.38692 0
    endloop
  endfacet
  facet normal 0.68455 0.728966 -0
    outer loop
      vertex -8.64736 -1.38692 0
      vertex -8.81214 -1.23218 1
      vertex -8.64736 -1.38692 1
    endloop
  endfacet
  facet normal 0.68455 0.728966 0
    outer loop
      vertex -8.81214 -1.23218 1
      vertex -8.64736 -1.38692 0
      vertex -8.81214 -1.23218 0
    endloop
  endfacet
  facet normal 0.982285 0.187395 0
    outer loop
      vertex -9.24345 -0.447641 1
      vertex -9.28581 -0.225599 0
      vertex -9.28581 -0.225599 1
    endloop
  endfacet
  facet normal 0.982285 0.187395 0
    outer loop
      vertex -9.28581 -0.225599 0
      vertex -9.24345 -0.447641 1
      vertex -9.24345 -0.447641 0
    endloop
  endfacet
  facet normal 0.481751 0.876308 -0
    outer loop
      vertex -8.2664 -1.62869 0
      vertex -8.46449 -1.51979 1
      vertex -8.2664 -1.62869 1
    endloop
  endfacet
  facet normal 0.481751 0.876308 0
    outer loop
      vertex -8.46449 -1.51979 1
      vertex -8.2664 -1.62869 0
      vertex -8.46449 -1.51979 0
    endloop
  endfacet
  facet normal 0.844327 0.535828 0
    outer loop
      vertex -8.95623 -1.05801 1
      vertex -9.07735 -0.867156 0
      vertex -9.07735 -0.867156 1
    endloop
  endfacet
  facet normal 0.844327 0.535828 0
    outer loop
      vertex -9.07735 -0.867156 0
      vertex -8.95623 -1.05801 1
      vertex -8.95623 -1.05801 0
    endloop
  endfacet
  facet normal 0.90482 0.425794 0
    outer loop
      vertex -9.07735 -0.867156 1
      vertex -9.1736 -0.662623 0
      vertex -9.1736 -0.662623 1
    endloop
  endfacet
  facet normal 0.90482 0.425794 0
    outer loop
      vertex -9.1736 -0.662623 0
      vertex -9.07735 -0.867156 1
      vertex -9.07735 -0.867156 0
    endloop
  endfacet
  facet normal 0.770504 0.637435 0
    outer loop
      vertex -8.81214 -1.23218 1
      vertex -8.95623 -1.05801 0
      vertex -8.95623 -1.05801 1
    endloop
  endfacet
  facet normal 0.770504 0.637435 0
    outer loop
      vertex -8.95623 -1.05801 0
      vertex -8.81214 -1.23218 1
      vertex -8.81214 -1.23218 0
    endloop
  endfacet
  facet normal -0.998028 -0.0627752 0
    outer loop
      vertex 9.3 0 0
      vertex 9.28581 0.225599 1
      vertex 9.28581 0.225599 0
    endloop
  endfacet
  facet normal -0.998028 -0.0627752 0
    outer loop
      vertex 9.28581 0.225599 1
      vertex 9.3 0 0
      vertex 9.3 0 1
    endloop
  endfacet
  facet normal 0.998028 -0.0627752 0
    outer loop
      vertex 5.7 0 1
      vertex 5.71419 0.225599 0
      vertex 5.71419 0.225599 1
    endloop
  endfacet
  facet normal 0.998028 -0.0627752 0
    outer loop
      vertex 5.71419 0.225599 0
      vertex 5.7 0 1
      vertex 5.7 0 0
    endloop
  endfacet
  facet normal 0 -1 0
    outer loop
      vertex 7.38698 1.79645 0
      vertex 7.61302 1.79645 1
      vertex 7.38698 1.79645 1
    endloop
  endfacet
  facet normal 0 -1 -0
    outer loop
      vertex 7.61302 1.79645 1
      vertex 7.38698 1.79645 0
      vertex 7.61302 1.79645 0
    endloop
  endfacet
  facet normal 0 1 -0
    outer loop
      vertex 7.61302 -1.79645 0
      vertex 7.38698 -1.79645 1
      vertex 7.61302 -1.79645 1
    endloop
  endfacet
  facet normal 0 1 0
    outer loop
      vertex 7.38698 -1.79645 1
      vertex 7.61302 -1.79645 0
      vertex 7.38698 -1.79645 0
    endloop
  endfacet
  facet normal -0.68455 -0.728966 0
    outer loop
      vertex 8.64736 1.38692 0
      vertex 8.81214 1.23218 1
      vertex 8.64736 1.38692 1
    endloop
  endfacet
  facet normal -0.68455 -0.728966 -0
    outer loop
      vertex 8.81214 1.23218 1
      vertex 8.64736 1.38692 0
      vertex 8.81214 1.23218 0
    endloop
  endfacet
  facet normal 0.68455 -0.728966 0
    outer loop
      vertex 6.18786 1.23218 0
      vertex 6.35264 1.38692 1
      vertex 6.18786 1.23218 1
    endloop
  endfacet
  facet normal 0.68455 -0.728966 0
    outer loop
      vertex 6.35264 1.38692 1
      vertex 6.18786 1.23218 0
      vertex 6.35264 1.38692 0
    endloop
  endfacet
  facet normal 0.368116 -0.92978 0
    outer loop
      vertex 6.7336 1.62869 0
      vertex 6.94377 1.7119 1
      vertex 6.7336 1.62869 1
    endloop
  endfacet
  facet normal 0.368116 -0.92978 0
    outer loop
      vertex 6.94377 1.7119 1
      vertex 6.7336 1.62869 0
      vertex 6.94377 1.7119 0
    endloop
  endfacet
  facet normal -0.90482 -0.425794 0
    outer loop
      vertex 9.1736 0.662623 0
      vertex 9.07735 0.867156 1
      vertex 9.07735 0.867156 0
    endloop
  endfacet
  facet normal -0.90482 -0.425794 0
    outer loop
      vertex 9.07735 0.867156 1
      vertex 9.1736 0.662623 0
      vertex 9.1736 0.662623 1
    endloop
  endfacet
  facet normal -0.982285 -0.187395 0
    outer loop
      vertex 9.28581 0.225599 0
      vertex 9.24345 0.447641 1
      vertex 9.24345 0.447641 0
    endloop
  endfacet
  facet normal -0.982285 -0.187395 0
    outer loop
      vertex 9.24345 0.447641 1
      vertex 9.28581 0.225599 0
      vertex 9.28581 0.225599 1
    endloop
  endfacet
  facet normal -0.368116 -0.92978 0
    outer loop
      vertex 8.05623 1.7119 0
      vertex 8.2664 1.62869 1
      vertex 8.05623 1.7119 1
    endloop
  endfacet
  facet normal -0.368116 -0.92978 -0
    outer loop
      vertex 8.2664 1.62869 1
      vertex 8.05623 1.7119 0
      vertex 8.2664 1.62869 0
    endloop
  endfacet
  facet normal -0.248714 -0.968577 0
    outer loop
      vertex 7.83729 1.76812 0
      vertex 8.05623 1.7119 1
      vertex 7.83729 1.76812 1
    endloop
  endfacet
  facet normal -0.248714 -0.968577 -0
    outer loop
      vertex 8.05623 1.7119 1
      vertex 7.83729 1.76812 0
      vertex 8.05623 1.7119 0
    endloop
  endfacet
  facet normal -0.587806 -0.809002 0
    outer loop
      vertex 8.46449 1.51979 0
      vertex 8.64736 1.38692 1
      vertex 8.46449 1.51979 1
    endloop
  endfacet
  facet normal -0.587806 -0.809002 -0
    outer loop
      vertex 8.64736 1.38692 1
      vertex 8.46449 1.51979 0
      vertex 8.64736 1.38692 0
    endloop
  endfacet
  facet normal 0.90482 -0.425794 0
    outer loop
      vertex 5.8264 0.662623 1
      vertex 5.92265 0.867156 0
      vertex 5.92265 0.867156 1
    endloop
  endfacet
  facet normal 0.90482 -0.425794 0
    outer loop
      vertex 5.92265 0.867156 0
      vertex 5.8264 0.662623 1
      vertex 5.8264 0.662623 0
    endloop
  endfacet
  facet normal 0.844327 -0.535828 0
    outer loop
      vertex 5.92265 0.867156 1
      vertex 6.04377 1.05801 0
      vertex 6.04377 1.05801 1
    endloop
  endfacet
  facet normal 0.844327 -0.535828 0
    outer loop
      vertex 6.04377 1.05801 0
      vertex 5.92265 0.867156 1
      vertex 5.92265 0.867156 0
    endloop
  endfacet
  facet normal 0.951059 -0.309009 0
    outer loop
      vertex 5.75655 0.447641 1
      vertex 5.8264 0.662623 0
      vertex 5.8264 0.662623 1
    endloop
  endfacet
  facet normal 0.951059 -0.309009 0
    outer loop
      vertex 5.8264 0.662623 0
      vertex 5.75655 0.447641 1
      vertex 5.75655 0.447641 0
    endloop
  endfacet
  facet normal 0.587806 -0.809002 0
    outer loop
      vertex 6.35264 1.38692 0
      vertex 6.53551 1.51979 1
      vertex 6.35264 1.38692 1
    endloop
  endfacet
  facet normal 0.587806 -0.809002 0
    outer loop
      vertex 6.53551 1.51979 1
      vertex 6.35264 1.38692 0
      vertex 6.53551 1.51979 0
    endloop
  endfacet
  facet normal 0.248714 -0.968577 0
    outer loop
      vertex 6.94377 1.7119 0
      vertex 7.16271 1.76812 1
      vertex 6.94377 1.7119 1
    endloop
  endfacet
  facet normal 0.248714 -0.968577 0
    outer loop
      vertex 7.16271 1.76812 1
      vertex 6.94377 1.7119 0
      vertex 7.16271 1.76812 0
    endloop
  endfacet
  facet normal -0.125325 0.992116 0
    outer loop
      vertex 7.83729 -1.76812 0
      vertex 7.61302 -1.79645 1
      vertex 7.83729 -1.76812 1
    endloop
  endfacet
  facet normal -0.125325 0.992116 0
    outer loop
      vertex 7.61302 -1.79645 1
      vertex 7.83729 -1.76812 0
      vertex 7.61302 -1.79645 0
    endloop
  endfacet
  facet normal -0.951059 -0.309009 0
    outer loop
      vertex 9.24345 0.447641 0
      vertex 9.1736 0.662623 1
      vertex 9.1736 0.662623 0
    endloop
  endfacet
  facet normal -0.951059 -0.309009 0
    outer loop
      vertex 9.1736 0.662623 1
      vertex 9.24345 0.447641 0
      vertex 9.24345 0.447641 1
    endloop
  endfacet
  facet normal -0.770504 -0.637435 0
    outer loop
      vertex 8.95623 1.05801 0
      vertex 8.81214 1.23218 1
      vertex 8.81214 1.23218 0
    endloop
  endfacet
  facet normal -0.770504 -0.637435 0
    outer loop
      vertex 8.81214 1.23218 1
      vertex 8.95623 1.05801 0
      vertex 8.95623 1.05801 1
    endloop
  endfacet
  facet normal -0.844327 -0.535828 0
    outer loop
      vertex 9.07735 0.867156 0
      vertex 8.95623 1.05801 1
      vertex 8.95623 1.05801 0
    endloop
  endfacet
  facet normal -0.844327 -0.535828 0
    outer loop
      vertex 8.95623 1.05801 1
      vertex 9.07735 0.867156 0
      vertex 9.07735 0.867156 1
    endloop
  endfacet
  facet normal -0.125325 -0.992116 0
    outer loop
      vertex 7.61302 1.79645 0
      vertex 7.83729 1.76812 1
      vertex 7.61302 1.79645 1
    endloop
  endfacet
  facet normal -0.125325 -0.992116 -0
    outer loop
      vertex 7.83729 1.76812 1
      vertex 7.61302 1.79645 0
      vertex 7.83729 1.76812 0
    endloop
  endfacet
  facet normal -0.481751 -0.876308 0
    outer loop
      vertex 8.2664 1.62869 0
      vertex 8.46449 1.51979 1
      vertex 8.2664 1.62869 1
    endloop
  endfacet
  facet normal -0.481751 -0.876308 -0
    outer loop
      vertex 8.46449 1.51979 1
      vertex 8.2664 1.62869 0
      vertex 8.46449 1.51979 0
    endloop
  endfacet
  facet normal 0.770504 -0.637435 0
    outer loop
      vertex 6.04377 1.05801 1
      vertex 6.18786 1.23218 0
      vertex 6.18786 1.23218 1
    endloop
  endfacet
  facet normal 0.770504 -0.637435 0
    outer loop
      vertex 6.18786 1.23218 0
      vertex 6.04377 1.05801 1
      vertex 6.04377 1.05801 0
    endloop
  endfacet
  facet normal 0.982285 -0.187395 0
    outer loop
      vertex 5.71419 0.225599 1
      vertex 5.75655 0.447641 0
      vertex 5.75655 0.447641 1
    endloop
  endfacet
  facet normal 0.982285 -0.187395 0
    outer loop
      vertex 5.75655 0.447641 0
      vertex 5.71419 0.225599 1
      vertex 5.71419 0.225599 0
    endloop
  endfacet
  facet normal 0.481751 -0.876308 0
    outer loop
      vertex 6.53551 1.51979 0
      vertex 6.7336 1.62869 1
      vertex 6.53551 1.51979 1
    endloop
  endfacet
  facet normal 0.481751 -0.876308 0
    outer loop
      vertex 6.7336 1.62869 1
      vertex 6.53551 1.51979 0
      vertex 6.7336 1.62869 0
    endloop
  endfacet
  facet normal 0.125325 -0.992116 0
    outer loop
      vertex 7.16271 1.76812 0
      vertex 7.38698 1.79645 1
      vertex 7.16271 1.76812 1
    endloop
  endfacet
  facet normal 0.125325 -0.992116 0
    outer loop
      vertex 7.38698 1.79645 1
      vertex 7.16271 1.76812 0
      vertex 7.38698 1.79645 0
    endloop
  endfacet
  facet normal -0.68455 0.728966 0
    outer loop
      vertex 8.81214 -1.23218 0
      vertex 8.64736 -1.38692 1
      vertex 8.81214 -1.23218 1
    endloop
  endfacet
  facet normal -0.68455 0.728966 0
    outer loop
      vertex 8.64736 -1.38692 1
      vertex 8.81214 -1.23218 0
      vertex 8.64736 -1.38692 0
    endloop
  endfacet
  facet normal -0.982285 0.187395 0
    outer loop
      vertex 9.24345 -0.447641 0
      vertex 9.28581 -0.225599 1
      vertex 9.28581 -0.225599 0
    endloop
  endfacet
  facet normal -0.982285 0.187395 0
    outer loop
      vertex 9.28581 -0.225599 1
      vertex 9.24345 -0.447641 0
      vertex 9.24345 -0.447641 1
    endloop
  endfacet
  facet normal -0.368116 0.92978 0
    outer loop
      vertex 8.2664 -1.62869 0
      vertex 8.05623 -1.7119 1
      vertex 8.2664 -1.62869 1
    endloop
  endfacet
  facet normal -0.368116 0.92978 0
    outer loop
      vertex 8.05623 -1.7119 1
      vertex 8.2664 -1.62869 0
      vertex 8.05623 -1.7119 0
    endloop
  endfacet
  facet normal -0.481751 0.876308 0
    outer loop
      vertex 8.46449 -1.51979 0
      vertex 8.2664 -1.62869 1
      vertex 8.46449 -1.51979 1
    endloop
  endfacet
  facet normal -0.481751 0.876308 0
    outer loop
      vertex 8.2664 -1.62869 1
      vertex 8.46449 -1.51979 0
      vertex 8.2664 -1.62869 0
    endloop
  endfacet
  facet normal -0.90482 0.425794 0
    outer loop
      vertex 9.07735 -0.867156 0
      vertex 9.1736 -0.662623 1
      vertex 9.1736 -0.662623 0
    endloop
  endfacet
  facet normal -0.90482 0.425794 0
    outer loop
      vertex 9.1736 -0.662623 1
      vertex 9.07735 -0.867156 0
      vertex 9.07735 -0.867156 1
    endloop
  endfacet
  facet normal -0.770504 0.637435 0
    outer loop
      vertex 8.81214 -1.23218 0
      vertex 8.95623 -1.05801 1
      vertex 8.95623 -1.05801 0
    endloop
  endfacet
  facet normal -0.770504 0.637435 0
    outer loop
      vertex 8.95623 -1.05801 1
      vertex 8.81214 -1.23218 0
      vertex 8.81214 -1.23218 1
    endloop
  endfacet
  facet normal -0.998028 0.0627752 0
    outer loop
      vertex 9.28581 -0.225599 0
      vertex 9.3 0 1
      vertex 9.3 0 0
    endloop
  endfacet
  facet normal -0.998028 0.0627752 0
    outer loop
      vertex 9.3 0 1
      vertex 9.28581 -0.225599 0
      vertex 9.28581 -0.225599 1
    endloop
  endfacet
  facet normal 0.368116 0.92978 -0
    outer loop
      vertex 6.94377 -1.7119 0
      vertex 6.7336 -1.62869 1
      vertex 6.94377 -1.7119 1
    endloop
  endfacet
  facet normal 0.368116 0.92978 0
    outer loop
      vertex 6.7336 -1.62869 1
      vertex 6.94377 -1.7119 0
      vertex 6.7336 -1.62869 0
    endloop
  endfacet
  facet normal 0.248714 0.968577 -0
    outer loop
      vertex 7.16271 -1.76812 0
      vertex 6.94377 -1.7119 1
      vertex 7.16271 -1.76812 1
    endloop
  endfacet
  facet normal 0.248714 0.968577 0
    outer loop
      vertex 6.94377 -1.7119 1
      vertex 7.16271 -1.76812 0
      vertex 6.94377 -1.7119 0
    endloop
  endfacet
  facet normal 0.770504 0.637435 0
    outer loop
      vertex 6.18786 -1.23218 1
      vertex 6.04377 -1.05801 0
      vertex 6.04377 -1.05801 1
    endloop
  endfacet
  facet normal 0.770504 0.637435 0
    outer loop
      vertex 6.04377 -1.05801 0
      vertex 6.18786 -1.23218 1
      vertex 6.18786 -1.23218 0
    endloop
  endfacet
  facet normal 0.951059 0.309009 0
    outer loop
      vertex 5.8264 -0.662623 1
      vertex 5.75655 -0.447641 0
      vertex 5.75655 -0.447641 1
    endloop
  endfacet
  facet normal 0.951059 0.309009 0
    outer loop
      vertex 5.75655 -0.447641 0
      vertex 5.8264 -0.662623 1
      vertex 5.8264 -0.662623 0
    endloop
  endfacet
  facet normal -0.248714 0.968577 0
    outer loop
      vertex 8.05623 -1.7119 0
      vertex 7.83729 -1.76812 1
      vertex 8.05623 -1.7119 1
    endloop
  endfacet
  facet normal -0.248714 0.968577 0
    outer loop
      vertex 7.83729 -1.76812 1
      vertex 8.05623 -1.7119 0
      vertex 7.83729 -1.76812 0
    endloop
  endfacet
  facet normal -0.587806 0.809002 0
    outer loop
      vertex 8.64736 -1.38692 0
      vertex 8.46449 -1.51979 1
      vertex 8.64736 -1.38692 1
    endloop
  endfacet
  facet normal -0.587806 0.809002 0
    outer loop
      vertex 8.46449 -1.51979 1
      vertex 8.64736 -1.38692 0
      vertex 8.46449 -1.51979 0
    endloop
  endfacet
  facet normal -0.951059 0.309009 0
    outer loop
      vertex 9.1736 -0.662623 0
      vertex 9.24345 -0.447641 1
      vertex 9.24345 -0.447641 0
    endloop
  endfacet
  facet normal -0.951059 0.309009 0
    outer loop
      vertex 9.24345 -0.447641 1
      vertex 9.1736 -0.662623 0
      vertex 9.1736 -0.662623 1
    endloop
  endfacet
  facet normal -0.844327 0.535828 0
    outer loop
      vertex 8.95623 -1.05801 0
      vertex 9.07735 -0.867156 1
      vertex 9.07735 -0.867156 0
    endloop
  endfacet
  facet normal -0.844327 0.535828 0
    outer loop
      vertex 9.07735 -0.867156 1
      vertex 8.95623 -1.05801 0
      vertex 8.95623 -1.05801 1
    endloop
  endfacet
  facet normal 0.125325 0.992116 -0
    outer loop
      vertex 7.38698 -1.79645 0
      vertex 7.16271 -1.76812 1
      vertex 7.38698 -1.79645 1
    endloop
  endfacet
  facet normal 0.125325 0.992116 0
    outer loop
      vertex 7.16271 -1.76812 1
      vertex 7.38698 -1.79645 0
      vertex 7.16271 -1.76812 0
    endloop
  endfacet
  facet normal 0.587806 0.809002 -0
    outer loop
      vertex 6.53551 -1.51979 0
      vertex 6.35264 -1.38692 1
      vertex 6.53551 -1.51979 1
    endloop
  endfacet
  facet normal 0.587806 0.809002 0
    outer loop
      vertex 6.35264 -1.38692 1
      vertex 6.53551 -1.51979 0
      vertex 6.35264 -1.38692 0
    endloop
  endfacet
  facet normal 0.68455 0.728966 -0
    outer loop
      vertex 6.35264 -1.38692 0
      vertex 6.18786 -1.23218 1
      vertex 6.35264 -1.38692 1
    endloop
  endfacet
  facet normal 0.68455 0.728966 0
    outer loop
      vertex 6.18786 -1.23218 1
      vertex 6.35264 -1.38692 0
      vertex 6.18786 -1.23218 0
    endloop
  endfacet
  facet normal 0.982285 0.187395 0
    outer loop
      vertex 5.75655 -0.447641 1
      vertex 5.71419 -0.225599 0
      vertex 5.71419 -0.225599 1
    endloop
  endfacet
  facet normal 0.982285 0.187395 0
    outer loop
      vertex 5.71419 -0.225599 0
      vertex 5.75655 -0.447641 1
      vertex 5.75655 -0.447641 0
    endloop
  endfacet
  facet normal 0.998028 0.0627752 0
    outer loop
      vertex 5.71419 -0.225599 1
      vertex 5.7 0 0
      vertex 5.7 0 1
    endloop
  endfacet
  facet normal 0.998028 0.0627752 0
    outer loop
      vertex 5.7 0 0
      vertex 5.71419 -0.225599 1
      vertex 5.71419 -0.225599 0
    endloop
  endfacet
  facet normal 0.481751 0.876308 -0
    outer loop
      vertex 6.7336 -1.62869 0
      vertex 6.53551 -1.51979 1
      vertex 6.7336 -1.62869 1
    endloop
  endfacet
  facet normal 0.481751 0.876308 0
    outer loop
      vertex 6.53551 -1.51979 1
      vertex 6.7336 -1.62869 0
      vertex 6.53551 -1.51979 0
    endloop
  endfacet
  facet normal 0.844327 0.535828 0
    outer loop
      vertex 6.04377 -1.05801 1
      vertex 5.92265 -0.867156 0
      vertex 5.92265 -0.867156 1
    endloop
  endfacet
  facet normal 0.844327 0.535828 0
    outer loop
      vertex 5.92265 -0.867156 0
      vertex 6.04377 -1.05801 1
      vertex 6.04377 -1.05801 0
    endloop
  endfacet
  facet normal 0.90482 0.425794 0
    outer loop
      vertex 5.92265 -0.867156 1
      vertex 5.8264 -0.662623 0
      vertex 5.8264 -0.662623 1
    endloop
  endfacet
  facet normal 0.90482 0.425794 0
    outer loop
      vertex 5.8264 -0.662623 0
      vertex 5.92265 -0.867156 1
      vertex 5.92265 -0.867156 0
    endloop
  endfacet
endsolid OpenSCAD_Model
