solid OpenSCAD_Model
  facet normal -1 0 0
    outer loop
      vertex -22 -2 0
      vertex -22 2 3
      vertex -22 2 0
    endloop
  endfacet
  facet normal -1 -0 0
    outer loop
      vertex -22 2 3
      vertex -22 -2 0
      vertex -22 -2 3
    endloop
  endfacet
  facet normal -0.904797 0.425843 0
    outer loop
      vertex -21.6489 3.84062 0
      vertex -21.3815 4.40877 3
      vertex -21.3815 4.40877 0
    endloop
  endfacet
  facet normal -0.904797 0.425843 0
    outer loop
      vertex -21.3815 4.40877 3
      vertex -21.6489 3.84062 0
      vertex -21.6489 3.84062 3
    endloop
  endfacet
  facet normal 0 0 1
    outer loop
      vertex -4.13092 -20.82 3
      vertex -5.04648 -19.5171 3
      vertex -4.62094 -20.2133 3
    endloop
  endfacet
  facet normal 0 0 1
    outer loop
      vertex -5.42624 -8.25316 3
      vertex -4.77546 -6.99013 3
      vertex -5.07483 -7.47943 3
    endloop
  endfacet
  facet normal -0 -0 1
    outer loop
      vertex -6.19218 -14.7545 3
      vertex -4.13092 -20.82 3
      vertex -6.22491 -13.5456 3
    endloop
  endfacet
  facet normal 0 0 1
    outer loop
      vertex -4.77546 -6.99013 3
      vertex -5.42624 -8.25316 3
      vertex -5.71376 -9.1218 3
    endloop
  endfacet
  facet normal -0 -0 1
    outer loop
      vertex -6.09398 -15.8779 3
      vertex -4.13092 -20.82 3
      vertex -6.19218 -14.7545 3
    endloop
  endfacet
  facet normal 0 0 1
    outer loop
      vertex -4.77546 -6.99013 3
      vertex -5.71376 -9.1218 3
      vertex -5.93739 -10.0854 3
    endloop
  endfacet
  facet normal -0 -0 1
    outer loop
      vertex -5.93031 -16.9159 3
      vertex -4.13092 -20.82 3
      vertex -6.09398 -15.8779 3
    endloop
  endfacet
  facet normal 0 0 1
    outer loop
      vertex -4.77546 -6.99013 3
      vertex -5.93739 -10.0854 3
      vertex -6.09714 -11.1439 3
    endloop
  endfacet
  facet normal 0 0 1
    outer loop
      vertex -4.13092 -20.82 3
      vertex -5.40657 -18.7355 3
      vertex -5.04648 -19.5171 3
    endloop
  endfacet
  facet normal 0 0 1
    outer loop
      vertex -4.77546 -6.99013 3
      vertex -6.09714 -11.1439 3
      vertex -6.19298 -12.2973 3
    endloop
  endfacet
  facet normal -0 -0 1
    outer loop
      vertex -5.40657 -18.7355 3
      vertex -4.13092 -20.82 3
      vertex -5.70117 -17.8684 3
    endloop
  endfacet
  facet normal 0 0 1
    outer loop
      vertex -4.77546 -6.99013 3
      vertex -6.19298 -12.2973 3
      vertex -6.22491 -13.5456 3
    endloop
  endfacet
  facet normal -0 -0 1
    outer loop
      vertex -5.70117 -17.8684 3
      vertex -4.13092 -20.82 3
      vertex -5.93031 -16.9159 3
    endloop
  endfacet
  facet normal 0 0 1
    outer loop
      vertex -5.75655 -0.447641 3
      vertex -3.22437 -0.407332 3
      vertex -5.71419 -0.225599 3
    endloop
  endfacet
  facet normal 0 0 1
    outer loop
      vertex -5.8264 -0.662623 3
      vertex -3.22437 -0.407332 3
      vertex -5.75655 -0.447641 3
    endloop
  endfacet
  facet normal 0 0 1
    outer loop
      vertex -5.92265 -0.867156 3
      vertex -3.22437 -0.407332 3
      vertex -5.8264 -0.662623 3
    endloop
  endfacet
  facet normal 0 0 1
    outer loop
      vertex -6.04377 -1.05801 3
      vertex -3.22437 -0.407332 3
      vertex -5.92265 -0.867156 3
    endloop
  endfacet
  facet normal 0 0 1
    outer loop
      vertex -6.18786 -1.23218 3
      vertex -3.22437 -0.407332 3
      vertex -6.04377 -1.05801 3
    endloop
  endfacet
  facet normal 0 0 1
    outer loop
      vertex -3.22437 -0.407332 3
      vertex -6.18786 -1.23218 3
      vertex -4.77546 -6.99013 3
    endloop
  endfacet
  facet normal -0 0 1
    outer loop
      vertex -6.35264 -1.38692 3
      vertex -4.77546 -6.99013 3
      vertex -6.18786 -1.23218 3
    endloop
  endfacet
  facet normal -0 0 1
    outer loop
      vertex -6.53551 -1.51979 3
      vertex -4.77546 -6.99013 3
      vertex -6.35264 -1.38692 3
    endloop
  endfacet
  facet normal -0 0 1
    outer loop
      vertex -6.7336 -1.62869 3
      vertex -4.77546 -6.99013 3
      vertex -6.53551 -1.51979 3
    endloop
  endfacet
  facet normal -0 0 1
    outer loop
      vertex -6.94377 -1.7119 3
      vertex -4.77546 -6.99013 3
      vertex -6.7336 -1.62869 3
    endloop
  endfacet
  facet normal -0 0 1
    outer loop
      vertex -7.16271 -1.76812 3
      vertex -4.77546 -6.99013 3
      vertex -6.94377 -1.7119 3
    endloop
  endfacet
  facet normal -0 0 1
    outer loop
      vertex -7.38698 -1.79645 3
      vertex -4.77546 -6.99013 3
      vertex -7.16271 -1.76812 3
    endloop
  endfacet
  facet normal -0 0 1
    outer loop
      vertex -7.61302 -1.79645 3
      vertex -4.77546 -6.99013 3
      vertex -7.38698 -1.79645 3
    endloop
  endfacet
  facet normal 0 0 1
    outer loop
      vertex -7.83729 -1.76812 3
      vertex -4.77546 -6.99013 3
      vertex -7.61302 -1.79645 3
    endloop
  endfacet
  facet normal 0 0 1
    outer loop
      vertex -8.05623 -1.7119 3
      vertex -4.77546 -6.99013 3
      vertex -7.83729 -1.76812 3
    endloop
  endfacet
  facet normal 0 0 1
    outer loop
      vertex -12.9284 -2.50417 3
      vertex -8.05623 -1.7119 3
      vertex -8.2664 -1.62869 3
    endloop
  endfacet
  facet normal 0 0 1
    outer loop
      vertex -12.6309 -2.22478 3
      vertex -8.2664 -1.62869 3
      vertex -8.46449 -1.51979 3
    endloop
  endfacet
  facet normal 0 0 1
    outer loop
      vertex -12.3707 -1.9103 3
      vertex -8.46449 -1.51979 3
      vertex -8.64736 -1.38692 3
    endloop
  endfacet
  facet normal 0 0 1
    outer loop
      vertex -12.3707 -1.9103 3
      vertex -8.64736 -1.38692 3
      vertex -8.81214 -1.23218 3
    endloop
  endfacet
  facet normal 0 0 1
    outer loop
      vertex -12.152 -1.5657 3
      vertex -8.81214 -1.23218 3
      vertex -8.95623 -1.05801 3
    endloop
  endfacet
  facet normal -0 0 1
    outer loop
      vertex -11.75 0 3
      vertex -9.28581 -0.225599 3
      vertex -9.3 0 3
    endloop
  endfacet
  facet normal 0 0 1
    outer loop
      vertex -11.7756 -0.407332 3
      vertex -9.28581 -0.225599 3
      vertex -11.75 0 3
    endloop
  endfacet
  facet normal 0 0 1
    outer loop
      vertex -9.28581 -0.225599 3
      vertex -11.7756 -0.407332 3
      vertex -9.24345 -0.447641 3
    endloop
  endfacet
  facet normal 0 0 1
    outer loop
      vertex -11.8521 -0.808242 3
      vertex -9.24345 -0.447641 3
      vertex -11.7756 -0.407332 3
    endloop
  endfacet
  facet normal 0 0 1
    outer loop
      vertex -9.24345 -0.447641 3
      vertex -11.8521 -0.808242 3
      vertex -9.1736 -0.662623 3
    endloop
  endfacet
  facet normal 0 0 1
    outer loop
      vertex -9.1736 -0.662623 3
      vertex -11.8521 -0.808242 3
      vertex -9.07735 -0.867156 3
    endloop
  endfacet
  facet normal 0 0 1
    outer loop
      vertex -11.9782 -1.1964 3
      vertex -9.07735 -0.867156 3
      vertex -11.8521 -0.808242 3
    endloop
  endfacet
  facet normal 0 0 1
    outer loop
      vertex -9.07735 -0.867156 3
      vertex -11.9782 -1.1964 3
      vertex -8.95623 -1.05801 3
    endloop
  endfacet
  facet normal 0 0 1
    outer loop
      vertex -12.152 -1.5657 3
      vertex -8.95623 -1.05801 3
      vertex -11.9782 -1.1964 3
    endloop
  endfacet
  facet normal 0 0 1
    outer loop
      vertex -8.81214 -1.23218 3
      vertex -12.152 -1.5657 3
      vertex -12.3707 -1.9103 3
    endloop
  endfacet
  facet normal 0 0 1
    outer loop
      vertex -8.46449 -1.51979 3
      vertex -12.3707 -1.9103 3
      vertex -12.6309 -2.22478 3
    endloop
  endfacet
  facet normal 0 0 1
    outer loop
      vertex -8.2664 -1.62869 3
      vertex -12.6309 -2.22478 3
      vertex -12.9284 -2.50417 3
    endloop
  endfacet
  facet normal 0 0 1
    outer loop
      vertex -8.05623 -1.7119 3
      vertex -12.9284 -2.50417 3
      vertex -4.77546 -6.99013 3
    endloop
  endfacet
  facet normal -0 0 1
    outer loop
      vertex -13.2586 -2.74407 3
      vertex -4.77546 -6.99013 3
      vertex -12.9284 -2.50417 3
    endloop
  endfacet
  facet normal -0 0 1
    outer loop
      vertex -13.6162 -2.94069 3
      vertex -4.77546 -6.99013 3
      vertex -13.2586 -2.74407 3
    endloop
  endfacet
  facet normal 0 0 1
    outer loop
      vertex -17.314 -6.99013 3
      vertex -13.6162 -2.94069 3
      vertex -13.9957 -3.09093 3
    endloop
  endfacet
  facet normal 0 0 1
    outer loop
      vertex -17.314 -6.99013 3
      vertex -13.9957 -3.09093 3
      vertex -14.391 -3.19243 3
    endloop
  endfacet
  facet normal 0 0 1
    outer loop
      vertex -17.314 -6.99013 3
      vertex -14.391 -3.19243 3
      vertex -14.7959 -3.24359 3
    endloop
  endfacet
  facet normal 0 0 1
    outer loop
      vertex -17.314 -6.99013 3
      vertex -14.7959 -3.24359 3
      vertex -15.2041 -3.24359 3
    endloop
  endfacet
  facet normal 0 0 1
    outer loop
      vertex -17.314 -6.99013 3
      vertex -15.2041 -3.24359 3
      vertex -15.609 -3.19243 3
    endloop
  endfacet
  facet normal 0 0 1
    outer loop
      vertex -17.314 -6.99013 3
      vertex -15.609 -3.19243 3
      vertex -16.0043 -3.09093 3
    endloop
  endfacet
  facet normal 0 0 1
    outer loop
      vertex -13.6162 -2.94069 3
      vertex -17.314 -6.99013 3
      vertex -4.77546 -6.99013 3
    endloop
  endfacet
  facet normal 0 0 1
    outer loop
      vertex -16.3838 -2.94069 3
      vertex -17.314 -6.99013 3
      vertex -16.0043 -3.09093 3
    endloop
  endfacet
  facet normal 0 0 1
    outer loop
      vertex -17.9369 -6.91144 3
      vertex -16.3838 -2.94069 3
      vertex -16.7414 -2.74407 3
    endloop
  endfacet
  facet normal 0 0 1
    outer loop
      vertex -19.1289 -6.52413 3
      vertex -16.7414 -2.74407 3
      vertex -17.0716 -2.50417 3
    endloop
  endfacet
  facet normal 0 0 1
    outer loop
      vertex -20.1871 -5.85257 3
      vertex -17.0716 -2.50417 3
      vertex -17.3691 -2.22478 3
    endloop
  endfacet
  facet normal 0 0 1
    outer loop
      vertex -21.0451 -4.93893 3
      vertex -17.3691 -2.22478 3
      vertex -17.6293 -1.9103 3
    endloop
  endfacet
  facet normal 0 0 1
    outer loop
      vertex -21.6489 -3.84062 3
      vertex -17.6293 -1.9103 3
      vertex -17.848 -1.5657 3
    endloop
  endfacet
  facet normal 0 0 1
    outer loop
      vertex -16.3838 -2.94069 3
      vertex -17.9369 -6.91144 3
      vertex -17.314 -6.99013 3
    endloop
  endfacet
  facet normal 0 0 1
    outer loop
      vertex -21.9606 -2.62667 3
      vertex -17.848 -1.5657 3
      vertex -18.0218 -1.1964 3
    endloop
  endfacet
  facet normal 0 0 1
    outer loop
      vertex -22 -2 3
      vertex -18.0218 -1.1964 3
      vertex -18.1479 -0.808242 3
    endloop
  endfacet
  facet normal 0 0 1
    outer loop
      vertex -22 -2 3
      vertex -18.1479 -0.808242 3
      vertex -18.2244 -0.407332 3
    endloop
  endfacet
  facet normal 0 0 1
    outer loop
      vertex -22 -2 3
      vertex -18.2244 -0.407332 3
      vertex -18.25 0 3
    endloop
  endfacet
  facet normal 0 0 1
    outer loop
      vertex -16.7414 -2.74407 3
      vertex -18.5451 -6.75528 3
      vertex -17.9369 -6.91144 3
    endloop
  endfacet
  facet normal -0 0 1
    outer loop
      vertex -21.3815 4.40877 3
      vertex -17.6293 1.9103 3
      vertex -21.0451 4.93893 3
    endloop
  endfacet
  facet normal -0 0 1
    outer loop
      vertex -21.6489 3.84062 3
      vertex -17.6293 1.9103 3
      vertex -21.3815 4.40877 3
    endloop
  endfacet
  facet normal 0 0 1
    outer loop
      vertex -22 -2 3
      vertex -18.25 0 3
      vertex -22 2 3
    endloop
  endfacet
  facet normal 0 0 1
    outer loop
      vertex -17.6293 1.9103 3
      vertex -21.6489 3.84062 3
      vertex -17.848 1.5657 3
    endloop
  endfacet
  facet normal 0 0 1
    outer loop
      vertex -18.0218 -1.1964 3
      vertex -22 -2 3
      vertex -21.9606 -2.62667 3
    endloop
  endfacet
  facet normal -0 0 1
    outer loop
      vertex -21.8429 3.24345 3
      vertex -17.848 1.5657 3
      vertex -21.6489 3.84062 3
    endloop
  endfacet
  facet normal 0 0 1
    outer loop
      vertex -16.7414 -2.74407 3
      vertex -19.1289 -6.52413 3
      vertex -18.5451 -6.75528 3
    endloop
  endfacet
  facet normal -0 0 1
    outer loop
      vertex -21.9606 2.62667 3
      vertex -17.848 1.5657 3
      vertex -21.8429 3.24345 3
    endloop
  endfacet
  facet normal 0 0 1
    outer loop
      vertex -17.0716 -2.50417 3
      vertex -19.6791 -6.22164 3
      vertex -19.1289 -6.52413 3
    endloop
  endfacet
  facet normal 0 0 1
    outer loop
      vertex -17.848 1.5657 3
      vertex -21.9606 2.62667 3
      vertex -18.0218 1.1964 3
    endloop
  endfacet
  facet normal 0 0 1
    outer loop
      vertex -17.0716 -2.50417 3
      vertex -20.1871 -5.85257 3
      vertex -19.6791 -6.22164 3
    endloop
  endfacet
  facet normal -0 0 1
    outer loop
      vertex -22 2 3
      vertex -18.0218 1.1964 3
      vertex -21.9606 2.62667 3
    endloop
  endfacet
  facet normal 0 0 1
    outer loop
      vertex -17.3691 -2.22478 3
      vertex -20.6448 -5.42274 3
      vertex -20.1871 -5.85257 3
    endloop
  endfacet
  facet normal 0 0 1
    outer loop
      vertex -18.0218 1.1964 3
      vertex -22 2 3
      vertex -18.1479 0.808242 3
    endloop
  endfacet
  facet normal 0 0 1
    outer loop
      vertex -17.3691 -2.22478 3
      vertex -21.0451 -4.93893 3
      vertex -20.6448 -5.42274 3
    endloop
  endfacet
  facet normal 0 0 1
    outer loop
      vertex -18.1479 0.808242 3
      vertex -22 2 3
      vertex -18.2244 0.407332 3
    endloop
  endfacet
  facet normal 0 0 1
    outer loop
      vertex -17.6293 -1.9103 3
      vertex -21.3815 -4.40877 3
      vertex -21.0451 -4.93893 3
    endloop
  endfacet
  facet normal 0 0 1
    outer loop
      vertex -18.2244 0.407332 3
      vertex -22 2 3
      vertex -18.25 0 3
    endloop
  endfacet
  facet normal 0 0 1
    outer loop
      vertex -17.6293 -1.9103 3
      vertex -21.6489 -3.84062 3
      vertex -21.3815 -4.40877 3
    endloop
  endfacet
  facet normal 0 0 1
    outer loop
      vertex -17.848 -1.5657 3
      vertex -21.8429 -3.24345 3
      vertex -21.6489 -3.84062 3
    endloop
  endfacet
  facet normal 0 0 1
    outer loop
      vertex -17.848 -1.5657 3
      vertex -21.9606 -2.62667 3
      vertex -21.8429 -3.24345 3
    endloop
  endfacet
  facet normal 0 0 1
    outer loop
      vertex 6.55038 -12.3137 3
      vertex 2.94331 -12.9171 3
      vertex 2.94884 -13.5456 3
    endloop
  endfacet
  facet normal 0 0 1
    outer loop
      vertex 5.11787 -6.99013 3
      vertex 2.92673 -12.3271 3
      vertex 2.94331 -12.9171 3
    endloop
  endfacet
  facet normal 0 0 1
    outer loop
      vertex 5.11787 -6.99013 3
      vertex 2.89911 -11.7758 3
      vertex 2.92673 -12.3271 3
    endloop
  endfacet
  facet normal 0 0 1
    outer loop
      vertex 5.11787 -6.99013 3
      vertex 2.86043 -11.2632 3
      vertex 2.89911 -11.7758 3
    endloop
  endfacet
  facet normal 0 0 1
    outer loop
      vertex 6.53551 -1.51979 3
      vertex 2.6293 -1.9103 3
      vertex 5.11787 -6.99013 3
    endloop
  endfacet
  facet normal 0 0 1
    outer loop
      vertex 5.11787 -6.99013 3
      vertex 2.8107 -10.7893 3
      vertex 2.86043 -11.2632 3
    endloop
  endfacet
  facet normal 0 0 1
    outer loop
      vertex 5.11787 -6.99013 3
      vertex 2.74992 -10.3539 3
      vertex 2.8107 -10.7893 3
    endloop
  endfacet
  facet normal 0 0 1
    outer loop
      vertex 5.11787 -6.99013 3
      vertex 2.67809 -9.95728 3
      vertex 2.74992 -10.3539 3
    endloop
  endfacet
  facet normal -0 0 1
    outer loop
      vertex 2.36915 -2.22478 3
      vertex 5.11787 -6.99013 3
      vertex 2.6293 -1.9103 3
    endloop
  endfacet
  facet normal 0 0 1
    outer loop
      vertex 5.11787 -6.99013 3
      vertex 2.59473 -9.59454 3
      vertex 2.67809 -9.95728 3
    endloop
  endfacet
  facet normal 0 0 1
    outer loop
      vertex 5.11787 -6.99013 3
      vertex 2.49928 -9.26099 3
      vertex 2.59473 -9.59454 3
    endloop
  endfacet
  facet normal 0 0 1
    outer loop
      vertex 5.11787 -6.99013 3
      vertex 2.39174 -8.95662 3
      vertex 2.49928 -9.26099 3
    endloop
  endfacet
  facet normal -0 0 1
    outer loop
      vertex 2.07163 -2.50417 3
      vertex 5.11787 -6.99013 3
      vertex 2.36915 -2.22478 3
    endloop
  endfacet
  facet normal 0 0 1
    outer loop
      vertex 5.11787 -6.99013 3
      vertex 2.27209 -8.68144 3
      vertex 2.39174 -8.95662 3
    endloop
  endfacet
  facet normal 0 0 1
    outer loop
      vertex 5.11787 -6.99013 3
      vertex 2.14035 -8.43546 3
      vertex 2.27209 -8.68144 3
    endloop
  endfacet
  facet normal -0 0 1
    outer loop
      vertex 1.74144 -2.74407 3
      vertex 5.11787 -6.99013 3
      vertex 2.07163 -2.50417 3
    endloop
  endfacet
  facet normal 0 0 1
    outer loop
      vertex 5.11787 -6.99013 3
      vertex 1.99651 -8.21866 3
      vertex 2.14035 -8.43546 3
    endloop
  endfacet
  facet normal 0 0 1
    outer loop
      vertex 5.11787 -6.99013 3
      vertex 1.84056 -8.03107 3
      vertex 1.99651 -8.21866 3
    endloop
  endfacet
  facet normal -0 0 1
    outer loop
      vertex 1.38378 -2.94069 3
      vertex 5.11787 -6.99013 3
      vertex 1.74144 -2.74407 3
    endloop
  endfacet
  facet normal 0 0 1
    outer loop
      vertex 5.11787 -6.99013 3
      vertex 1.66864 -7.87041 3
      vertex 1.84056 -8.03107 3
    endloop
  endfacet
  facet normal 0 0 1
    outer loop
      vertex 5.11787 -6.99013 3
      vertex 1.47672 -7.73448 3
      vertex 1.66864 -7.87041 3
    endloop
  endfacet
  facet normal 0 0 1
    outer loop
      vertex 5.11787 -6.99013 3
      vertex 1.38378 -2.94069 3
      vertex 1.47672 -7.73448 3
    endloop
  endfacet
  facet normal 0 0 1
    outer loop
      vertex 1.38378 -2.94069 3
      vertex 1.2648 -7.62326 3
      vertex 1.47672 -7.73448 3
    endloop
  endfacet
  facet normal -0 0 1
    outer loop
      vertex 1.0043 -3.09093 3
      vertex 1.2648 -7.62326 3
      vertex 1.38378 -2.94069 3
    endloop
  endfacet
  facet normal 0 0 1
    outer loop
      vertex 1.2648 -7.62326 3
      vertex 1.0043 -3.09093 3
      vertex 1.03288 -7.53676 3
    endloop
  endfacet
  facet normal 0 0 1
    outer loop
      vertex 1.0043 -3.09093 3
      vertex 0.780991 -7.47496 3
      vertex 1.03288 -7.53676 3
    endloop
  endfacet
  facet normal -0 0 1
    outer loop
      vertex 0.608989 -3.19243 3
      vertex 0.780991 -7.47496 3
      vertex 1.0043 -3.09093 3
    endloop
  endfacet
  facet normal 0 0 1
    outer loop
      vertex 0.608989 -3.19243 3
      vertex 0.509094 -7.4379 3
      vertex 0.780991 -7.47496 3
    endloop
  endfacet
  facet normal -0 0 1
    outer loop
      vertex 0.204069 -3.24359 3
      vertex 0.509094 -7.4379 3
      vertex 0.608989 -3.19243 3
    endloop
  endfacet
  facet normal 0 0 1
    outer loop
      vertex 0.509094 -7.4379 3
      vertex 0.204069 -3.24359 3
      vertex 0.217209 -7.42554 3
    endloop
  endfacet
  facet normal 0 0 1
    outer loop
      vertex 0.204069 -3.24359 3
      vertex -0.0888519 -7.4379 3
      vertex 0.217209 -7.42554 3
    endloop
  endfacet
  facet normal -0 0 1
    outer loop
      vertex -0.204069 -3.24359 3
      vertex -0.0888519 -7.4379 3
      vertex 0.204069 -3.24359 3
    endloop
  endfacet
  facet normal 0 0 1
    outer loop
      vertex -0.204069 -3.24359 3
      vertex -0.373886 -7.47496 3
      vertex -0.0888519 -7.4379 3
    endloop
  endfacet
  facet normal 0 0 1
    outer loop
      vertex -0.608989 -3.19243 3
      vertex -0.373886 -7.47496 3
      vertex -0.204069 -3.24359 3
    endloop
  endfacet
  facet normal 0 0 1
    outer loop
      vertex -0.608989 -3.19243 3
      vertex -0.637878 -7.53676 3
      vertex -0.373886 -7.47496 3
    endloop
  endfacet
  facet normal 0 0 1
    outer loop
      vertex -1.0043 -3.09093 3
      vertex -0.637878 -7.53676 3
      vertex -0.608989 -3.19243 3
    endloop
  endfacet
  facet normal 0 0 1
    outer loop
      vertex -0.637878 -7.53676 3
      vertex -1.0043 -3.09093 3
      vertex -0.880844 -7.62326 3
    endloop
  endfacet
  facet normal 0 0 1
    outer loop
      vertex -1.0043 -3.09093 3
      vertex -1.10275 -7.73448 3
      vertex -0.880844 -7.62326 3
    endloop
  endfacet
  facet normal 0 0 1
    outer loop
      vertex -1.38378 -2.94069 3
      vertex -1.10275 -7.73448 3
      vertex -1.0043 -3.09093 3
    endloop
  endfacet
  facet normal 0 0 1
    outer loop
      vertex -1.10275 -7.73448 3
      vertex -1.38378 -2.94069 3
      vertex -1.30363 -7.87041 3
    endloop
  endfacet
  facet normal 0 0 1
    outer loop
      vertex -1.74144 -2.74407 3
      vertex -1.30363 -7.87041 3
      vertex -1.38378 -2.94069 3
    endloop
  endfacet
  facet normal 0 0 1
    outer loop
      vertex -1.30363 -7.87041 3
      vertex -1.74144 -2.74407 3
      vertex -1.48347 -8.03107 3
    endloop
  endfacet
  facet normal 0 0 1
    outer loop
      vertex -2.07163 -2.50417 3
      vertex -1.48347 -8.03107 3
      vertex -1.74144 -2.74407 3
    endloop
  endfacet
  facet normal 0 0 1
    outer loop
      vertex -1.48347 -8.03107 3
      vertex -2.07163 -2.50417 3
      vertex -1.64609 -8.21866 3
    endloop
  endfacet
  facet normal 0 0 1
    outer loop
      vertex -2.36915 -2.22478 3
      vertex -1.64609 -8.21866 3
      vertex -2.07163 -2.50417 3
    endloop
  endfacet
  facet normal 0 0 1
    outer loop
      vertex -1.64609 -8.21866 3
      vertex -2.36915 -2.22478 3
      vertex -1.7953 -8.43546 3
    endloop
  endfacet
  facet normal 0 0 1
    outer loop
      vertex -1.7953 -8.43546 3
      vertex -2.36915 -2.22478 3
      vertex -1.93112 -8.68144 3
    endloop
  endfacet
  facet normal 0 0 1
    outer loop
      vertex -2.6293 -1.9103 3
      vertex -1.93112 -8.68144 3
      vertex -2.36915 -2.22478 3
    endloop
  endfacet
  facet normal 0 0 1
    outer loop
      vertex -1.93112 -8.68144 3
      vertex -2.6293 -1.9103 3
      vertex -2.05353 -8.95662 3
    endloop
  endfacet
  facet normal 0 0 1
    outer loop
      vertex -2.848 -1.5657 3
      vertex -2.05353 -8.95662 3
      vertex -2.6293 -1.9103 3
    endloop
  endfacet
  facet normal 0 0 1
    outer loop
      vertex -2.05353 -8.95662 3
      vertex -2.848 -1.5657 3
      vertex -2.16255 -9.26099 3
    endloop
  endfacet
  facet normal 0 0 1
    outer loop
      vertex -2.16255 -9.26099 3
      vertex -2.848 -1.5657 3
      vertex -2.25816 -9.59454 3
    endloop
  endfacet
  facet normal 0 0 1
    outer loop
      vertex -3.02177 -1.1964 3
      vertex -2.25816 -9.59454 3
      vertex -2.848 -1.5657 3
    endloop
  endfacet
  facet normal 0 0 1
    outer loop
      vertex -2.25816 -9.59454 3
      vertex -3.02177 -1.1964 3
      vertex -2.34036 -9.95728 3
    endloop
  endfacet
  facet normal 0 0 1
    outer loop
      vertex -2.34036 -9.95728 3
      vertex -3.02177 -1.1964 3
      vertex -2.41043 -10.3539 3
    endloop
  endfacet
  facet normal 0 0 1
    outer loop
      vertex -3.14789 -0.808242 3
      vertex -2.41043 -10.3539 3
      vertex -3.02177 -1.1964 3
    endloop
  endfacet
  facet normal 0 0 1
    outer loop
      vertex -2.41043 -10.3539 3
      vertex -3.14789 -0.808242 3
      vertex -2.46973 -10.7893 3
    endloop
  endfacet
  facet normal 0 0 1
    outer loop
      vertex -2.51823 -11.2632 3
      vertex -3.14789 -0.808242 3
      vertex -2.55597 -11.7758 3
    endloop
  endfacet
  facet normal 0 0 1
    outer loop
      vertex -2.46973 -10.7893 3
      vertex -3.14789 -0.808242 3
      vertex -2.51823 -11.2632 3
    endloop
  endfacet
  facet normal 0 0 1
    outer loop
      vertex 18.0218 1.1964 3
      vertex 22 2 3
      vertex 21.9606 2.62667 3
    endloop
  endfacet
  facet normal 0 0 1
    outer loop
      vertex 22 2 3
      vertex 18.25 0 3
      vertex 22 -2 3
    endloop
  endfacet
  facet normal 0 0 1
    outer loop
      vertex 17.848 1.5657 3
      vertex 21.9606 2.62667 3
      vertex 21.8429 3.24345 3
    endloop
  endfacet
  facet normal -0 0 1
    outer loop
      vertex 18.2244 -0.407332 3
      vertex 22 -2 3
      vertex 18.25 0 3
    endloop
  endfacet
  facet normal 0 0 1
    outer loop
      vertex 17.848 1.5657 3
      vertex 21.8429 3.24345 3
      vertex 21.6489 3.84062 3
    endloop
  endfacet
  facet normal -0 0 1
    outer loop
      vertex 18.1479 -0.808242 3
      vertex 22 -2 3
      vertex 18.2244 -0.407332 3
    endloop
  endfacet
  facet normal 0 0 1
    outer loop
      vertex 17.6293 1.9103 3
      vertex 21.6489 3.84062 3
      vertex 21.3815 4.40877 3
    endloop
  endfacet
  facet normal -0 0 1
    outer loop
      vertex 18.0218 -1.1964 3
      vertex 22 -2 3
      vertex 18.1479 -0.808242 3
    endloop
  endfacet
  facet normal 0 0 1
    outer loop
      vertex 17.6293 1.9103 3
      vertex 21.3815 4.40877 3
      vertex 21.0451 4.93893 3
    endloop
  endfacet
  facet normal 0 0 1
    outer loop
      vertex 22 -2 3
      vertex 18.0218 -1.1964 3
      vertex 21.9606 -2.62667 3
    endloop
  endfacet
  facet normal 0 0 1
    outer loop
      vertex 17.3691 2.22478 3
      vertex 21.0451 4.93893 3
      vertex 20.6448 5.42274 3
    endloop
  endfacet
  facet normal -0 0 1
    outer loop
      vertex 17.848 -1.5657 3
      vertex 21.9606 -2.62667 3
      vertex 18.0218 -1.1964 3
    endloop
  endfacet
  facet normal 0 0 1
    outer loop
      vertex 17.3691 2.22478 3
      vertex 20.6448 5.42274 3
      vertex 20.1871 5.85257 3
    endloop
  endfacet
  facet normal 0 0 1
    outer loop
      vertex 21.9606 -2.62667 3
      vertex 17.848 -1.5657 3
      vertex 21.8429 -3.24345 3
    endloop
  endfacet
  facet normal 0 0 1
    outer loop
      vertex 17.0716 2.50417 3
      vertex 20.1871 5.85257 3
      vertex 19.6791 6.22164 3
    endloop
  endfacet
  facet normal 0 0 1
    outer loop
      vertex 21.8429 -3.24345 3
      vertex 17.848 -1.5657 3
      vertex 21.6489 -3.84062 3
    endloop
  endfacet
  facet normal 0 0 1
    outer loop
      vertex 17.0716 2.50417 3
      vertex 19.6791 6.22164 3
      vertex 19.1289 6.52413 3
    endloop
  endfacet
  facet normal -0 0 1
    outer loop
      vertex 17.6293 -1.9103 3
      vertex 21.6489 -3.84062 3
      vertex 17.848 -1.5657 3
    endloop
  endfacet
  facet normal 0 0 1
    outer loop
      vertex 16.7414 2.74407 3
      vertex 19.1289 6.52413 3
      vertex 18.5451 6.75528 3
    endloop
  endfacet
  facet normal 0 0 1
    outer loop
      vertex 21.6489 -3.84062 3
      vertex 17.6293 -1.9103 3
      vertex 21.3815 -4.40877 3
    endloop
  endfacet
  facet normal 0 0 1
    outer loop
      vertex 21.3815 -4.40877 3
      vertex 17.6293 -1.9103 3
      vertex 21.0451 -4.93893 3
    endloop
  endfacet
  facet normal 0 0 1
    outer loop
      vertex 22 2 3
      vertex 18.2244 0.407332 3
      vertex 18.25 0 3
    endloop
  endfacet
  facet normal 0 0 1
    outer loop
      vertex 22 2 3
      vertex 18.1479 0.808242 3
      vertex 18.2244 0.407332 3
    endloop
  endfacet
  facet normal 0 0 1
    outer loop
      vertex 22 2 3
      vertex 18.0218 1.1964 3
      vertex 18.1479 0.808242 3
    endloop
  endfacet
  facet normal 0 0 1
    outer loop
      vertex 16.7414 2.74407 3
      vertex 18.5451 6.75528 3
      vertex 17.9369 6.91144 3
    endloop
  endfacet
  facet normal 0 0 1
    outer loop
      vertex 21.9606 2.62667 3
      vertex 17.848 1.5657 3
      vertex 18.0218 1.1964 3
    endloop
  endfacet
  facet normal 0 0 1
    outer loop
      vertex 21.6489 3.84062 3
      vertex 17.6293 1.9103 3
      vertex 17.848 1.5657 3
    endloop
  endfacet
  facet normal 0 0 1
    outer loop
      vertex 21.0451 4.93893 3
      vertex 17.3691 2.22478 3
      vertex 17.6293 1.9103 3
    endloop
  endfacet
  facet normal 0 0 1
    outer loop
      vertex 16.3838 2.94069 3
      vertex 17.9369 6.91144 3
      vertex 17.314 6.99013 3
    endloop
  endfacet
  facet normal 0 0 1
    outer loop
      vertex 20.1871 5.85257 3
      vertex 17.0716 2.50417 3
      vertex 17.3691 2.22478 3
    endloop
  endfacet
  facet normal 0 0 1
    outer loop
      vertex 19.1289 6.52413 3
      vertex 16.7414 2.74407 3
      vertex 17.0716 2.50417 3
    endloop
  endfacet
  facet normal 0 0 1
    outer loop
      vertex 17.9369 6.91144 3
      vertex 16.3838 2.94069 3
      vertex 16.7414 2.74407 3
    endloop
  endfacet
  facet normal 0 0 1
    outer loop
      vertex 17.314 6.99013 3
      vertex 16.0043 3.09093 3
      vertex 16.3838 2.94069 3
    endloop
  endfacet
  facet normal 0 0 1
    outer loop
      vertex 17.314 6.99013 3
      vertex 15.609 3.19243 3
      vertex 16.0043 3.09093 3
    endloop
  endfacet
  facet normal 0 0 1
    outer loop
      vertex 17.314 6.99013 3
      vertex 15.2041 3.24359 3
      vertex 15.609 3.19243 3
    endloop
  endfacet
  facet normal 0 0 1
    outer loop
      vertex 17.314 6.99013 3
      vertex 14.7959 3.24359 3
      vertex 15.2041 3.24359 3
    endloop
  endfacet
  facet normal 0 0 1
    outer loop
      vertex 17.314 6.99013 3
      vertex 14.391 3.19243 3
      vertex 14.7959 3.24359 3
    endloop
  endfacet
  facet normal 0 0 1
    outer loop
      vertex 17.314 6.99013 3
      vertex 13.9957 3.09093 3
      vertex 14.391 3.19243 3
    endloop
  endfacet
  facet normal 0 0 1
    outer loop
      vertex 17.314 6.99013 3
      vertex 13.6162 2.94069 3
      vertex 13.9957 3.09093 3
    endloop
  endfacet
  facet normal 0 0 1
    outer loop
      vertex 17.314 6.99013 3
      vertex 13.2586 2.74407 3
      vertex 13.6162 2.94069 3
    endloop
  endfacet
  facet normal 0 0 1
    outer loop
      vertex 7.83729 1.76812 3
      vertex 13.2586 2.74407 3
      vertex 17.314 6.99013 3
    endloop
  endfacet
  facet normal 0 -0 1
    outer loop
      vertex 8.05623 1.7119 3
      vertex 13.2586 2.74407 3
      vertex 7.83729 1.76812 3
    endloop
  endfacet
  facet normal -0 0 1
    outer loop
      vertex 9.28581 0.225599 3
      vertex 11.75 0 3
      vertex 11.7756 0.407332 3
    endloop
  endfacet
  facet normal -0 0 1
    outer loop
      vertex 9.24345 0.447641 3
      vertex 11.7756 0.407332 3
      vertex 11.8521 0.808242 3
    endloop
  endfacet
  facet normal -0 0 1
    outer loop
      vertex 9.07735 0.867156 3
      vertex 11.8521 0.808242 3
      vertex 11.9782 1.1964 3
    endloop
  endfacet
  facet normal 0 0 1
    outer loop
      vertex 8.95623 1.05801 3
      vertex 11.9782 1.1964 3
      vertex 12.152 1.5657 3
    endloop
  endfacet
  facet normal 0 0 1
    outer loop
      vertex 8.81214 1.23218 3
      vertex 12.152 1.5657 3
      vertex 12.3707 1.9103 3
    endloop
  endfacet
  facet normal 0 0 1
    outer loop
      vertex 8.46449 1.51979 3
      vertex 12.3707 1.9103 3
      vertex 12.6309 2.22478 3
    endloop
  endfacet
  facet normal 0 0 1
    outer loop
      vertex 13.2586 2.74407 3
      vertex 8.05623 1.7119 3
      vertex 12.9284 2.50417 3
    endloop
  endfacet
  facet normal 0 0 1
    outer loop
      vertex 11.75 0 3
      vertex 9.28581 0.225599 3
      vertex 9.3 0 3
    endloop
  endfacet
  facet normal 0 0 1
    outer loop
      vertex 11.7756 0.407332 3
      vertex 9.24345 0.447641 3
      vertex 9.28581 0.225599 3
    endloop
  endfacet
  facet normal 0 0 1
    outer loop
      vertex 11.8521 0.808242 3
      vertex 9.1736 0.662623 3
      vertex 9.24345 0.447641 3
    endloop
  endfacet
  facet normal 0 0 1
    outer loop
      vertex 11.8521 0.808242 3
      vertex 9.07735 0.867156 3
      vertex 9.1736 0.662623 3
    endloop
  endfacet
  facet normal 0 0 1
    outer loop
      vertex 11.9782 1.1964 3
      vertex 8.95623 1.05801 3
      vertex 9.07735 0.867156 3
    endloop
  endfacet
  facet normal 0 0 1
    outer loop
      vertex 12.152 1.5657 3
      vertex 8.81214 1.23218 3
      vertex 8.95623 1.05801 3
    endloop
  endfacet
  facet normal 0 0 1
    outer loop
      vertex 12.3707 1.9103 3
      vertex 8.64736 1.38692 3
      vertex 8.81214 1.23218 3
    endloop
  endfacet
  facet normal 0 0 1
    outer loop
      vertex 12.3707 1.9103 3
      vertex 8.46449 1.51979 3
      vertex 8.64736 1.38692 3
    endloop
  endfacet
  facet normal 0 0 1
    outer loop
      vertex 12.6309 2.22478 3
      vertex 8.2664 1.62869 3
      vertex 8.46449 1.51979 3
    endloop
  endfacet
  facet normal 0 0 1
    outer loop
      vertex 12.9284 2.50417 3
      vertex 8.2664 1.62869 3
      vertex 12.6309 2.22478 3
    endloop
  endfacet
  facet normal 0 -0 1
    outer loop
      vertex 8.2664 1.62869 3
      vertex 12.9284 2.50417 3
      vertex 8.05623 1.7119 3
    endloop
  endfacet
  facet normal 0 0 1
    outer loop
      vertex 17.314 6.99013 3
      vertex 7.61302 1.79645 3
      vertex 7.83729 1.76812 3
    endloop
  endfacet
  facet normal 0 0 1
    outer loop
      vertex 17.314 6.99013 3
      vertex 7.38698 1.79645 3
      vertex 7.61302 1.79645 3
    endloop
  endfacet
  facet normal -0 0 1
    outer loop
      vertex 1.38378 2.94069 3
      vertex 7.38698 1.79645 3
      vertex 17.314 6.99013 3
    endloop
  endfacet
  facet normal 0 0 1
    outer loop
      vertex 7.38698 1.79645 3
      vertex 1.38378 2.94069 3
      vertex 7.16271 1.76812 3
    endloop
  endfacet
  facet normal -0 -0 1
    outer loop
      vertex 1.74144 2.74407 3
      vertex 7.16271 1.76812 3
      vertex 1.38378 2.94069 3
    endloop
  endfacet
  facet normal 0 0 1
    outer loop
      vertex 3.25 0 3
      vertex 5.7 0 3
      vertex 5.71419 0.225599 3
    endloop
  endfacet
  facet normal 0 0 1
    outer loop
      vertex 5.37054 -19.5092 3
      vertex 4.4313 -20.8153 3
      vertex 4.933 -20.2068 3
    endloop
  endfacet
  facet normal 0 0 1
    outer loop
      vertex 2.89624 -15.2758 3
      vertex 6.55038 -12.3137 3
      vertex 2.93568 -14.4494 3
    endloop
  endfacet
  facet normal 0 0 1
    outer loop
      vertex 2.848 -1.5657 3
      vertex 5.7 0 3
      vertex 3.02177 -1.1964 3
    endloop
  endfacet
  facet normal 0 0 1
    outer loop
      vertex 5.7 0 3
      vertex 3.25 0 3
      vertex 3.22437 -0.407332 3
    endloop
  endfacet
  facet normal -0 0 1
    outer loop
      vertex 3.22437 0.407332 3
      vertex 5.71419 0.225599 3
      vertex 5.75655 0.447641 3
    endloop
  endfacet
  facet normal 0 0 1
    outer loop
      vertex 3.14789 0.808242 3
      vertex 5.75655 0.447641 3
      vertex 5.8264 0.662623 3
    endloop
  endfacet
  facet normal -0 0 1
    outer loop
      vertex 3.14789 0.808242 3
      vertex 5.8264 0.662623 3
      vertex 5.92265 0.867156 3
    endloop
  endfacet
  facet normal 0 0 1
    outer loop
      vertex 3.02177 1.1964 3
      vertex 5.92265 0.867156 3
      vertex 6.04377 1.05801 3
    endloop
  endfacet
  facet normal 0 0 1
    outer loop
      vertex 2.848 1.5657 3
      vertex 6.04377 1.05801 3
      vertex 6.18786 1.23218 3
    endloop
  endfacet
  facet normal 0 0 1
    outer loop
      vertex 2.6293 1.9103 3
      vertex 6.18786 1.23218 3
      vertex 6.35264 1.38692 3
    endloop
  endfacet
  facet normal 0 0 1
    outer loop
      vertex 2.6293 1.9103 3
      vertex 6.35264 1.38692 3
      vertex 6.53551 1.51979 3
    endloop
  endfacet
  facet normal 0 0 1
    outer loop
      vertex 2.36915 2.22478 3
      vertex 6.53551 1.51979 3
      vertex 6.7336 1.62869 3
    endloop
  endfacet
  facet normal 0 0 1
    outer loop
      vertex 7.16271 1.76812 3
      vertex 1.74144 2.74407 3
      vertex 6.94377 1.7119 3
    endloop
  endfacet
  facet normal 0 0 1
    outer loop
      vertex 5.71419 0.225599 3
      vertex 3.22437 0.407332 3
      vertex 3.25 0 3
    endloop
  endfacet
  facet normal 0 0 1
    outer loop
      vertex 5.75655 0.447641 3
      vertex 3.14789 0.808242 3
      vertex 3.22437 0.407332 3
    endloop
  endfacet
  facet normal 0 0 1
    outer loop
      vertex 5.92265 0.867156 3
      vertex 3.02177 1.1964 3
      vertex 3.14789 0.808242 3
    endloop
  endfacet
  facet normal 0 0 1
    outer loop
      vertex 6.04377 1.05801 3
      vertex 2.848 1.5657 3
      vertex 3.02177 1.1964 3
    endloop
  endfacet
  facet normal 0 0 1
    outer loop
      vertex 6.18786 1.23218 3
      vertex 2.6293 1.9103 3
      vertex 2.848 1.5657 3
    endloop
  endfacet
  facet normal 0 0 1
    outer loop
      vertex 6.53551 1.51979 3
      vertex 2.36915 2.22478 3
      vertex 2.6293 1.9103 3
    endloop
  endfacet
  facet normal 0 0 1
    outer loop
      vertex 6.7336 1.62869 3
      vertex 2.07163 2.50417 3
      vertex 2.36915 2.22478 3
    endloop
  endfacet
  facet normal 0 0 1
    outer loop
      vertex 6.94377 1.7119 3
      vertex 2.07163 2.50417 3
      vertex 6.7336 1.62869 3
    endloop
  endfacet
  facet normal -0 -0 1
    outer loop
      vertex 2.07163 2.50417 3
      vertex 6.94377 1.7119 3
      vertex 1.74144 2.74407 3
    endloop
  endfacet
  facet normal 0 0 1
    outer loop
      vertex 17.314 6.99013 3
      vertex 1.0043 3.09093 3
      vertex 1.38378 2.94069 3
    endloop
  endfacet
  facet normal 0 0 1
    outer loop
      vertex 17.314 6.99013 3
      vertex 0.608989 3.19243 3
      vertex 1.0043 3.09093 3
    endloop
  endfacet
  facet normal 0 0 1
    outer loop
      vertex 17.314 6.99013 3
      vertex 0.204069 3.24359 3
      vertex 0.608989 3.19243 3
    endloop
  endfacet
  facet normal 0 0 1
    outer loop
      vertex 17.314 6.99013 3
      vertex -0.204069 3.24359 3
      vertex 0.204069 3.24359 3
    endloop
  endfacet
  facet normal -0 0 1
    outer loop
      vertex -17.314 6.99013 3
      vertex -0.204069 3.24359 3
      vertex 17.314 6.99013 3
    endloop
  endfacet
  facet normal 0 0 1
    outer loop
      vertex -1.63019 -18.8595 3
      vertex -4.13092 -20.82 3
      vertex -3.57755 -21.3334 3
    endloop
  endfacet
  facet normal 0 0 1
    outer loop
      vertex -3.22437 -0.407332 3
      vertex -4.77546 -6.99013 3
      vertex -4.13092 -20.82 3
    endloop
  endfacet
  facet normal -0 0 1
    outer loop
      vertex -5.71419 0.225599 3
      vertex -3.25 0 3
      vertex -3.22437 0.407332 3
    endloop
  endfacet
  facet normal -0 0 1
    outer loop
      vertex -6.22491 -13.5456 3
      vertex -4.13092 -20.82 3
      vertex -4.77546 -6.99013 3
    endloop
  endfacet
  facet normal -0 0 1
    outer loop
      vertex -5.75655 0.447641 3
      vertex -3.22437 0.407332 3
      vertex -3.14789 0.808242 3
    endloop
  endfacet
  facet normal 0 0 1
    outer loop
      vertex -3.25 0 3
      vertex -5.71419 -0.225599 3
      vertex -3.22437 -0.407332 3
    endloop
  endfacet
  facet normal -0 0 1
    outer loop
      vertex -5.92265 0.867156 3
      vertex -3.14789 0.808242 3
      vertex -3.02177 1.1964 3
    endloop
  endfacet
  facet normal 0 0 1
    outer loop
      vertex -6.04377 1.05801 3
      vertex -3.02177 1.1964 3
      vertex -2.848 1.5657 3
    endloop
  endfacet
  facet normal 0 0 1
    outer loop
      vertex -6.18786 1.23218 3
      vertex -2.848 1.5657 3
      vertex -2.6293 1.9103 3
    endloop
  endfacet
  facet normal 0 0 1
    outer loop
      vertex -6.53551 1.51979 3
      vertex -2.6293 1.9103 3
      vertex -2.36915 2.22478 3
    endloop
  endfacet
  facet normal 0 0 1
    outer loop
      vertex -6.7336 1.62869 3
      vertex -2.36915 2.22478 3
      vertex -2.07163 2.50417 3
    endloop
  endfacet
  facet normal 0 0 1
    outer loop
      vertex -6.94377 1.7119 3
      vertex -2.07163 2.50417 3
      vertex -1.74144 2.74407 3
    endloop
  endfacet
  facet normal 0 0 1
    outer loop
      vertex -3.25 0 3
      vertex -5.71419 0.225599 3
      vertex -5.7 0 3
    endloop
  endfacet
  facet normal 0 0 1
    outer loop
      vertex -3.22437 0.407332 3
      vertex -5.75655 0.447641 3
      vertex -5.71419 0.225599 3
    endloop
  endfacet
  facet normal 0 0 1
    outer loop
      vertex -3.14789 0.808242 3
      vertex -5.8264 0.662623 3
      vertex -5.75655 0.447641 3
    endloop
  endfacet
  facet normal 0 0 1
    outer loop
      vertex -7.16271 1.76812 3
      vertex -1.74144 2.74407 3
      vertex -1.38378 2.94069 3
    endloop
  endfacet
  facet normal 0 0 1
    outer loop
      vertex -3.14789 0.808242 3
      vertex -5.92265 0.867156 3
      vertex -5.8264 0.662623 3
    endloop
  endfacet
  facet normal 0 0 1
    outer loop
      vertex -3.02177 1.1964 3
      vertex -6.04377 1.05801 3
      vertex -5.92265 0.867156 3
    endloop
  endfacet
  facet normal 0 0 1
    outer loop
      vertex -2.848 1.5657 3
      vertex -6.18786 1.23218 3
      vertex -6.04377 1.05801 3
    endloop
  endfacet
  facet normal 0 0 1
    outer loop
      vertex -17.314 6.99013 3
      vertex -1.38378 2.94069 3
      vertex -1.0043 3.09093 3
    endloop
  endfacet
  facet normal 0 0 1
    outer loop
      vertex -2.6293 1.9103 3
      vertex -6.35264 1.38692 3
      vertex -6.18786 1.23218 3
    endloop
  endfacet
  facet normal 0 0 1
    outer loop
      vertex -2.6293 1.9103 3
      vertex -6.53551 1.51979 3
      vertex -6.35264 1.38692 3
    endloop
  endfacet
  facet normal 0 0 1
    outer loop
      vertex -2.36915 2.22478 3
      vertex -6.7336 1.62869 3
      vertex -6.53551 1.51979 3
    endloop
  endfacet
  facet normal 0 0 1
    outer loop
      vertex -17.314 6.99013 3
      vertex -1.0043 3.09093 3
      vertex -0.608989 3.19243 3
    endloop
  endfacet
  facet normal 0 0 1
    outer loop
      vertex -2.07163 2.50417 3
      vertex -6.94377 1.7119 3
      vertex -6.7336 1.62869 3
    endloop
  endfacet
  facet normal 0 0 1
    outer loop
      vertex -1.74144 2.74407 3
      vertex -7.16271 1.76812 3
      vertex -6.94377 1.7119 3
    endloop
  endfacet
  facet normal 0 0 1
    outer loop
      vertex -1.38378 2.94069 3
      vertex -7.38698 1.79645 3
      vertex -7.16271 1.76812 3
    endloop
  endfacet
  facet normal 0 0 1
    outer loop
      vertex -0.204069 3.24359 3
      vertex -17.314 6.99013 3
      vertex -0.608989 3.19243 3
    endloop
  endfacet
  facet normal 0 0 1
    outer loop
      vertex -1.38378 2.94069 3
      vertex -17.314 6.99013 3
      vertex -7.38698 1.79645 3
    endloop
  endfacet
  facet normal 0 0 1
    outer loop
      vertex -7.38698 1.79645 3
      vertex -17.314 6.99013 3
      vertex -7.61302 1.79645 3
    endloop
  endfacet
  facet normal 0 0 1
    outer loop
      vertex -9.28581 0.225599 3
      vertex -11.75 0 3
      vertex -9.3 0 3
    endloop
  endfacet
  facet normal -0 0 1
    outer loop
      vertex -11.7756 0.407332 3
      vertex -9.28581 0.225599 3
      vertex -9.24345 0.447641 3
    endloop
  endfacet
  facet normal 0 0 1
    outer loop
      vertex -11.8521 0.808242 3
      vertex -9.24345 0.447641 3
      vertex -9.1736 0.662623 3
    endloop
  endfacet
  facet normal -0 0 1
    outer loop
      vertex -11.8521 0.808242 3
      vertex -9.1736 0.662623 3
      vertex -9.07735 0.867156 3
    endloop
  endfacet
  facet normal 0 0 1
    outer loop
      vertex -11.9782 1.1964 3
      vertex -9.07735 0.867156 3
      vertex -8.95623 1.05801 3
    endloop
  endfacet
  facet normal 0 0 1
    outer loop
      vertex -12.152 1.5657 3
      vertex -8.95623 1.05801 3
      vertex -8.81214 1.23218 3
    endloop
  endfacet
  facet normal 0 0 1
    outer loop
      vertex -12.3707 1.9103 3
      vertex -8.81214 1.23218 3
      vertex -8.64736 1.38692 3
    endloop
  endfacet
  facet normal 0 0 1
    outer loop
      vertex -12.3707 1.9103 3
      vertex -8.64736 1.38692 3
      vertex -8.46449 1.51979 3
    endloop
  endfacet
  facet normal 0 0 1
    outer loop
      vertex -12.6309 2.22478 3
      vertex -8.46449 1.51979 3
      vertex -8.2664 1.62869 3
    endloop
  endfacet
  facet normal 0 0 1
    outer loop
      vertex -9.28581 0.225599 3
      vertex -11.7756 0.407332 3
      vertex -11.75 0 3
    endloop
  endfacet
  facet normal 0 0 1
    outer loop
      vertex -12.9284 2.50417 3
      vertex -8.2664 1.62869 3
      vertex -8.05623 1.7119 3
    endloop
  endfacet
  facet normal 0 0 1
    outer loop
      vertex -9.24345 0.447641 3
      vertex -11.8521 0.808242 3
      vertex -11.7756 0.407332 3
    endloop
  endfacet
  facet normal 0 0 1
    outer loop
      vertex -13.2586 2.74407 3
      vertex -8.05623 1.7119 3
      vertex -7.83729 1.76812 3
    endloop
  endfacet
  facet normal 0 0 1
    outer loop
      vertex -9.07735 0.867156 3
      vertex -11.9782 1.1964 3
      vertex -11.8521 0.808242 3
    endloop
  endfacet
  facet normal 0 0 1
    outer loop
      vertex -7.61302 1.79645 3
      vertex -17.314 6.99013 3
      vertex -7.83729 1.76812 3
    endloop
  endfacet
  facet normal 0 0 1
    outer loop
      vertex -8.95623 1.05801 3
      vertex -12.152 1.5657 3
      vertex -11.9782 1.1964 3
    endloop
  endfacet
  facet normal 0 0 1
    outer loop
      vertex -8.81214 1.23218 3
      vertex -12.3707 1.9103 3
      vertex -12.152 1.5657 3
    endloop
  endfacet
  facet normal 0 0 1
    outer loop
      vertex -8.46449 1.51979 3
      vertex -12.6309 2.22478 3
      vertex -12.3707 1.9103 3
    endloop
  endfacet
  facet normal 0 0 1
    outer loop
      vertex -8.2664 1.62869 3
      vertex -12.9284 2.50417 3
      vertex -12.6309 2.22478 3
    endloop
  endfacet
  facet normal -0 -0 1
    outer loop
      vertex -13.2586 2.74407 3
      vertex -7.83729 1.76812 3
      vertex -17.314 6.99013 3
    endloop
  endfacet
  facet normal 0 0 1
    outer loop
      vertex -8.05623 1.7119 3
      vertex -13.2586 2.74407 3
      vertex -12.9284 2.50417 3
    endloop
  endfacet
  facet normal 0 0 1
    outer loop
      vertex -13.2586 2.74407 3
      vertex -17.314 6.99013 3
      vertex -13.6162 2.94069 3
    endloop
  endfacet
  facet normal 0 0 1
    outer loop
      vertex -13.6162 2.94069 3
      vertex -17.314 6.99013 3
      vertex -13.9957 3.09093 3
    endloop
  endfacet
  facet normal 0 0 1
    outer loop
      vertex -13.9957 3.09093 3
      vertex -17.314 6.99013 3
      vertex -14.391 3.19243 3
    endloop
  endfacet
  facet normal 0 0 1
    outer loop
      vertex -14.391 3.19243 3
      vertex -17.314 6.99013 3
      vertex -14.7959 3.24359 3
    endloop
  endfacet
  facet normal 0 0 1
    outer loop
      vertex -14.7959 3.24359 3
      vertex -17.314 6.99013 3
      vertex -15.2041 3.24359 3
    endloop
  endfacet
  facet normal 0 0 1
    outer loop
      vertex -17.314 6.99013 3
      vertex -15.609 3.19243 3
      vertex -15.2041 3.24359 3
    endloop
  endfacet
  facet normal 0 0 1
    outer loop
      vertex -17.314 6.99013 3
      vertex -16.0043 3.09093 3
      vertex -15.609 3.19243 3
    endloop
  endfacet
  facet normal 0 0 1
    outer loop
      vertex -17.314 6.99013 3
      vertex -16.3838 2.94069 3
      vertex -16.0043 3.09093 3
    endloop
  endfacet
  facet normal -0 0 1
    outer loop
      vertex -17.9369 6.91144 3
      vertex -16.3838 2.94069 3
      vertex -17.314 6.99013 3
    endloop
  endfacet
  facet normal 0 0 1
    outer loop
      vertex -16.3838 2.94069 3
      vertex -17.9369 6.91144 3
      vertex -16.7414 2.74407 3
    endloop
  endfacet
  facet normal -0 0 1
    outer loop
      vertex -18.5451 6.75528 3
      vertex -16.7414 2.74407 3
      vertex -17.9369 6.91144 3
    endloop
  endfacet
  facet normal -0 0 1
    outer loop
      vertex -19.1289 6.52413 3
      vertex -16.7414 2.74407 3
      vertex -18.5451 6.75528 3
    endloop
  endfacet
  facet normal 0 0 1
    outer loop
      vertex -16.7414 2.74407 3
      vertex -19.1289 6.52413 3
      vertex -17.0716 2.50417 3
    endloop
  endfacet
  facet normal -0 0 1
    outer loop
      vertex -19.6791 6.22164 3
      vertex -17.0716 2.50417 3
      vertex -19.1289 6.52413 3
    endloop
  endfacet
  facet normal -0 0 1
    outer loop
      vertex -20.1871 5.85257 3
      vertex -17.0716 2.50417 3
      vertex -19.6791 6.22164 3
    endloop
  endfacet
  facet normal 0 0 1
    outer loop
      vertex -17.0716 2.50417 3
      vertex -20.1871 5.85257 3
      vertex -17.3691 2.22478 3
    endloop
  endfacet
  facet normal -0 0 1
    outer loop
      vertex -20.6448 5.42274 3
      vertex -17.3691 2.22478 3
      vertex -20.1871 5.85257 3
    endloop
  endfacet
  facet normal -0 0 1
    outer loop
      vertex -21.0451 4.93893 3
      vertex -17.3691 2.22478 3
      vertex -20.6448 5.42274 3
    endloop
  endfacet
  facet normal 0 0 1
    outer loop
      vertex -17.3691 2.22478 3
      vertex -21.0451 4.93893 3
      vertex -17.6293 1.9103 3
    endloop
  endfacet
  facet normal -0 0 1
    outer loop
      vertex 17.3691 -2.22478 3
      vertex 21.0451 -4.93893 3
      vertex 17.6293 -1.9103 3
    endloop
  endfacet
  facet normal 0 0 1
    outer loop
      vertex 21.0451 -4.93893 3
      vertex 17.3691 -2.22478 3
      vertex 20.6448 -5.42274 3
    endloop
  endfacet
  facet normal 0 0 1
    outer loop
      vertex 20.6448 -5.42274 3
      vertex 17.3691 -2.22478 3
      vertex 20.1871 -5.85257 3
    endloop
  endfacet
  facet normal -0 0 1
    outer loop
      vertex 17.0716 -2.50417 3
      vertex 20.1871 -5.85257 3
      vertex 17.3691 -2.22478 3
    endloop
  endfacet
  facet normal 0 0 1
    outer loop
      vertex 20.1871 -5.85257 3
      vertex 17.0716 -2.50417 3
      vertex 19.6791 -6.22164 3
    endloop
  endfacet
  facet normal 0 0 1
    outer loop
      vertex 19.6791 -6.22164 3
      vertex 17.0716 -2.50417 3
      vertex 19.1289 -6.52413 3
    endloop
  endfacet
  facet normal -0 0 1
    outer loop
      vertex 16.7414 -2.74407 3
      vertex 19.1289 -6.52413 3
      vertex 17.0716 -2.50417 3
    endloop
  endfacet
  facet normal 0 0 1
    outer loop
      vertex 19.1289 -6.52413 3
      vertex 16.7414 -2.74407 3
      vertex 18.5451 -6.75528 3
    endloop
  endfacet
  facet normal 0 0 1
    outer loop
      vertex 18.5451 -6.75528 3
      vertex 16.7414 -2.74407 3
      vertex 17.9369 -6.91144 3
    endloop
  endfacet
  facet normal -0 0 1
    outer loop
      vertex 16.3838 -2.94069 3
      vertex 17.9369 -6.91144 3
      vertex 16.7414 -2.74407 3
    endloop
  endfacet
  facet normal 0 0 1
    outer loop
      vertex 17.9369 -6.91144 3
      vertex 16.3838 -2.94069 3
      vertex 17.314 -6.99013 3
    endloop
  endfacet
  facet normal -0 0 1
    outer loop
      vertex 16.0043 -3.09093 3
      vertex 17.314 -6.99013 3
      vertex 16.3838 -2.94069 3
    endloop
  endfacet
  facet normal -0 0 1
    outer loop
      vertex 15.609 -3.19243 3
      vertex 17.314 -6.99013 3
      vertex 16.0043 -3.09093 3
    endloop
  endfacet
  facet normal -0 0 1
    outer loop
      vertex 15.2041 -3.24359 3
      vertex 17.314 -6.99013 3
      vertex 15.609 -3.19243 3
    endloop
  endfacet
  facet normal -0 0 1
    outer loop
      vertex 14.7959 -3.24359 3
      vertex 17.314 -6.99013 3
      vertex 15.2041 -3.24359 3
    endloop
  endfacet
  facet normal 0 0 1
    outer loop
      vertex 14.391 -3.19243 3
      vertex 17.314 -6.99013 3
      vertex 14.7959 -3.24359 3
    endloop
  endfacet
  facet normal 0 0 1
    outer loop
      vertex 13.9957 -3.09093 3
      vertex 17.314 -6.99013 3
      vertex 14.391 -3.19243 3
    endloop
  endfacet
  facet normal 0 0 1
    outer loop
      vertex 13.6162 -2.94069 3
      vertex 17.314 -6.99013 3
      vertex 13.9957 -3.09093 3
    endloop
  endfacet
  facet normal 0 0 1
    outer loop
      vertex 5.11787 -6.99013 3
      vertex 13.6162 -2.94069 3
      vertex 13.2586 -2.74407 3
    endloop
  endfacet
  facet normal 0 0 1
    outer loop
      vertex 5.11787 -6.99013 3
      vertex 13.2586 -2.74407 3
      vertex 12.9284 -2.50417 3
    endloop
  endfacet
  facet normal 0 0 1
    outer loop
      vertex 8.2664 -1.62869 3
      vertex 12.9284 -2.50417 3
      vertex 12.6309 -2.22478 3
    endloop
  endfacet
  facet normal 0 0 1
    outer loop
      vertex 9.28581 -0.225599 3
      vertex 11.75 0 3
      vertex 9.3 0 3
    endloop
  endfacet
  facet normal 0 0 1
    outer loop
      vertex 11.75 0 3
      vertex 9.28581 -0.225599 3
      vertex 11.7756 -0.407332 3
    endloop
  endfacet
  facet normal 0 0 1
    outer loop
      vertex 9.24345 -0.447641 3
      vertex 11.7756 -0.407332 3
      vertex 9.28581 -0.225599 3
    endloop
  endfacet
  facet normal 0 0 1
    outer loop
      vertex 11.7756 -0.407332 3
      vertex 9.24345 -0.447641 3
      vertex 11.8521 -0.808242 3
    endloop
  endfacet
  facet normal -0 0 1
    outer loop
      vertex 9.1736 -0.662623 3
      vertex 11.8521 -0.808242 3
      vertex 9.24345 -0.447641 3
    endloop
  endfacet
  facet normal 0 0 1
    outer loop
      vertex 9.07735 -0.867156 3
      vertex 11.8521 -0.808242 3
      vertex 9.1736 -0.662623 3
    endloop
  endfacet
  facet normal 0 0 1
    outer loop
      vertex 11.8521 -0.808242 3
      vertex 9.07735 -0.867156 3
      vertex 11.9782 -1.1964 3
    endloop
  endfacet
  facet normal -0 0 1
    outer loop
      vertex 8.95623 -1.05801 3
      vertex 11.9782 -1.1964 3
      vertex 9.07735 -0.867156 3
    endloop
  endfacet
  facet normal 0 0 1
    outer loop
      vertex 11.9782 -1.1964 3
      vertex 8.95623 -1.05801 3
      vertex 12.152 -1.5657 3
    endloop
  endfacet
  facet normal -0 0 1
    outer loop
      vertex 8.81214 -1.23218 3
      vertex 12.152 -1.5657 3
      vertex 8.95623 -1.05801 3
    endloop
  endfacet
  facet normal 0 0 1
    outer loop
      vertex 12.152 -1.5657 3
      vertex 8.81214 -1.23218 3
      vertex 12.3707 -1.9103 3
    endloop
  endfacet
  facet normal -0 0 1
    outer loop
      vertex 8.64736 -1.38692 3
      vertex 12.3707 -1.9103 3
      vertex 8.81214 -1.23218 3
    endloop
  endfacet
  facet normal -0 0 1
    outer loop
      vertex 8.46449 -1.51979 3
      vertex 12.3707 -1.9103 3
      vertex 8.64736 -1.38692 3
    endloop
  endfacet
  facet normal 0 0 1
    outer loop
      vertex 12.3707 -1.9103 3
      vertex 8.46449 -1.51979 3
      vertex 12.6309 -2.22478 3
    endloop
  endfacet
  facet normal -0 0 1
    outer loop
      vertex 8.2664 -1.62869 3
      vertex 12.6309 -2.22478 3
      vertex 8.46449 -1.51979 3
    endloop
  endfacet
  facet normal 0 0 1
    outer loop
      vertex 12.9284 -2.50417 3
      vertex 8.2664 -1.62869 3
      vertex 8.05623 -1.7119 3
    endloop
  endfacet
  facet normal 0 0 1
    outer loop
      vertex 12.9284 -2.50417 3
      vertex 8.05623 -1.7119 3
      vertex 5.11787 -6.99013 3
    endloop
  endfacet
  facet normal 0 0 1
    outer loop
      vertex 5.11787 -6.99013 3
      vertex 8.05623 -1.7119 3
      vertex 7.83729 -1.76812 3
    endloop
  endfacet
  facet normal 0 0 1
    outer loop
      vertex 5.11787 -6.99013 3
      vertex 7.83729 -1.76812 3
      vertex 7.61302 -1.79645 3
    endloop
  endfacet
  facet normal 0 0 1
    outer loop
      vertex 5.11787 -6.99013 3
      vertex 7.61302 -1.79645 3
      vertex 7.38698 -1.79645 3
    endloop
  endfacet
  facet normal 0 0 1
    outer loop
      vertex 5.11787 -6.99013 3
      vertex 7.38698 -1.79645 3
      vertex 7.16271 -1.76812 3
    endloop
  endfacet
  facet normal 0 0 1
    outer loop
      vertex 5.11787 -6.99013 3
      vertex 7.16271 -1.76812 3
      vertex 6.94377 -1.7119 3
    endloop
  endfacet
  facet normal 0 0 1
    outer loop
      vertex 5.11787 -6.99013 3
      vertex 6.94377 -1.7119 3
      vertex 6.7336 -1.62869 3
    endloop
  endfacet
  facet normal 0 0 1
    outer loop
      vertex 13.6162 -2.94069 3
      vertex 5.11787 -6.99013 3
      vertex 17.314 -6.99013 3
    endloop
  endfacet
  facet normal 0 0 1
    outer loop
      vertex 6.53551 -1.51979 3
      vertex 5.11787 -6.99013 3
      vertex 6.7336 -1.62869 3
    endloop
  endfacet
  facet normal 0 0 1
    outer loop
      vertex 6.18786 -1.23218 3
      vertex 2.6293 -1.9103 3
      vertex 6.35264 -1.38692 3
    endloop
  endfacet
  facet normal 0 0 1
    outer loop
      vertex 2.6293 -1.9103 3
      vertex 6.18786 -1.23218 3
      vertex 2.848 -1.5657 3
    endloop
  endfacet
  facet normal 0 0 1
    outer loop
      vertex 2.848 -1.5657 3
      vertex 6.18786 -1.23218 3
      vertex 6.04377 -1.05801 3
    endloop
  endfacet
  facet normal 0 0 1
    outer loop
      vertex 2.848 -1.5657 3
      vertex 6.04377 -1.05801 3
      vertex 5.92265 -0.867156 3
    endloop
  endfacet
  facet normal 0 0 1
    outer loop
      vertex 2.848 -1.5657 3
      vertex 5.92265 -0.867156 3
      vertex 5.8264 -0.662623 3
    endloop
  endfacet
  facet normal 0 0 1
    outer loop
      vertex 2.848 -1.5657 3
      vertex 5.8264 -0.662623 3
      vertex 5.75655 -0.447641 3
    endloop
  endfacet
  facet normal 0 0 1
    outer loop
      vertex 2.848 -1.5657 3
      vertex 5.75655 -0.447641 3
      vertex 5.71419 -0.225599 3
    endloop
  endfacet
  facet normal 0 0 1
    outer loop
      vertex 2.848 -1.5657 3
      vertex 5.71419 -0.225599 3
      vertex 5.7 0 3
    endloop
  endfacet
  facet normal 0 0 1
    outer loop
      vertex 4.4313 -20.8153 3
      vertex 6.5822 -13.5456 3
      vertex 6.55038 -12.3137 3
    endloop
  endfacet
  facet normal 0 0 1
    outer loop
      vertex 2.94331 -12.9171 3
      vertex 6.45493 -11.1728 3
      vertex 6.29584 -10.1228 3
    endloop
  endfacet
  facet normal 0 0 1
    outer loop
      vertex 4.4313 -20.8153 3
      vertex 6.54855 -14.7512 3
      vertex 6.5822 -13.5456 3
    endloop
  endfacet
  facet normal 0 0 1
    outer loop
      vertex 2.94331 -12.9171 3
      vertex 6.29584 -10.1228 3
      vertex 6.0731 -9.16389 3
    endloop
  endfacet
  facet normal 0 0 1
    outer loop
      vertex 2.94331 -12.9171 3
      vertex 6.55038 -12.3137 3
      vertex 6.45493 -11.1728 3
    endloop
  endfacet
  facet normal 0 0 1
    outer loop
      vertex 2.94331 -12.9171 3
      vertex 6.0731 -9.16389 3
      vertex 5.78673 -8.29593 3
    endloop
  endfacet
  facet normal 0 0 1
    outer loop
      vertex 4.4313 -20.8153 3
      vertex 6.44757 -15.8721 3
      vertex 6.54855 -14.7512 3
    endloop
  endfacet
  facet normal 0 0 1
    outer loop
      vertex 2.94331 -12.9171 3
      vertex 5.78673 -8.29593 3
      vertex 5.43671 -7.51894 3
    endloop
  endfacet
  facet normal 0 0 1
    outer loop
      vertex 4.4313 -20.8153 3
      vertex 6.2793 -16.9084 3
      vertex 6.44757 -15.8721 3
    endloop
  endfacet
  facet normal 0 0 1
    outer loop
      vertex 2.94331 -12.9171 3
      vertex 5.43671 -7.51894 3
      vertex 5.11787 -6.99013 3
    endloop
  endfacet
  facet normal 0 0 1
    outer loop
      vertex 4.4313 -20.8153 3
      vertex 6.04369 -17.86 3
      vertex 6.2793 -16.9084 3
    endloop
  endfacet
  facet normal 0 0 1
    outer loop
      vertex 4.4313 -20.8153 3
      vertex 5.74078 -18.7269 3
      vertex 6.04369 -17.86 3
    endloop
  endfacet
  facet normal 0 0 1
    outer loop
      vertex 4.4313 -20.8153 3
      vertex 5.37054 -19.5092 3
      vertex 5.74078 -18.7269 3
    endloop
  endfacet
  facet normal 0 0 1
    outer loop
      vertex 5.7 0 3
      vertex 3.22437 -0.407332 3
      vertex 3.14789 -0.808242 3
    endloop
  endfacet
  facet normal 0 0 1
    outer loop
      vertex 6.55038 -12.3137 3
      vertex 2.94884 -13.5456 3
      vertex 2.93568 -14.4494 3
    endloop
  endfacet
  facet normal 0 0 1
    outer loop
      vertex 5.7 0 3
      vertex 3.14789 -0.808242 3
      vertex 3.02177 -1.1964 3
    endloop
  endfacet
  facet normal 0 0 1
    outer loop
      vertex 6.35264 -1.38692 3
      vertex 2.6293 -1.9103 3
      vertex 6.53551 -1.51979 3
    endloop
  endfacet
  facet normal 0 0 1
    outer loop
      vertex 2.83049 -16.025 3
      vertex 6.55038 -12.3137 3
      vertex 2.89624 -15.2758 3
    endloop
  endfacet
  facet normal 0 0 1
    outer loop
      vertex 2.73845 -16.6968 3
      vertex 6.55038 -12.3137 3
      vertex 2.83049 -16.025 3
    endloop
  endfacet
  facet normal 0 0 1
    outer loop
      vertex 6.55038 -12.3137 3
      vertex 2.73845 -16.6968 3
      vertex 4.4313 -20.8153 3
    endloop
  endfacet
  facet normal -0 0 1
    outer loop
      vertex 2.62012 -17.2913 3
      vertex 4.4313 -20.8153 3
      vertex 2.73845 -16.6968 3
    endloop
  endfacet
  facet normal -0 0 1
    outer loop
      vertex 2.47548 -17.8086 3
      vertex 4.4313 -20.8153 3
      vertex 2.62012 -17.2913 3
    endloop
  endfacet
  facet normal -0 0 1
    outer loop
      vertex 2.30455 -18.2485 3
      vertex 4.4313 -20.8153 3
      vertex 2.47548 -17.8086 3
    endloop
  endfacet
  facet normal -0 0 1
    outer loop
      vertex 2.1031 -18.6211 3
      vertex 4.4313 -20.8153 3
      vertex 2.30455 -18.2485 3
    endloop
  endfacet
  facet normal -0 0 1
    outer loop
      vertex 1.86697 -18.9363 3
      vertex 4.4313 -20.8153 3
      vertex 2.1031 -18.6211 3
    endloop
  endfacet
  facet normal 0 0 1
    outer loop
      vertex 4.4313 -20.8153 3
      vertex 1.86697 -18.9363 3
      vertex 3.86859 -21.3301 3
    endloop
  endfacet
  facet normal -0 0 1
    outer loop
      vertex 1.59613 -19.1942 3
      vertex 3.86859 -21.3301 3
      vertex 1.86697 -18.9363 3
    endloop
  endfacet
  facet normal 0 0 1
    outer loop
      vertex 3.86859 -21.3301 3
      vertex 1.59613 -19.1942 3
      vertex 3.24486 -21.7513 3
    endloop
  endfacet
  facet normal -0 0 1
    outer loop
      vertex 1.29057 -19.3949 3
      vertex 3.24486 -21.7513 3
      vertex 1.59613 -19.1942 3
    endloop
  endfacet
  facet normal 0 0 1
    outer loop
      vertex 3.24486 -21.7513 3
      vertex 1.29057 -19.3949 3
      vertex 2.56013 -22.0789 3
    endloop
  endfacet
  facet normal 0 0 1
    outer loop
      vertex 2.56013 -22.0789 3
      vertex 1.29057 -19.3949 3
      vertex 1.81439 -22.3129 3
    endloop
  endfacet
  facet normal -0 0 1
    outer loop
      vertex 0.950333 -19.5382 3
      vertex 1.81439 -22.3129 3
      vertex 1.29057 -19.3949 3
    endloop
  endfacet
  facet normal 0 0 1
    outer loop
      vertex 1.81439 -22.3129 3
      vertex 0.950333 -19.5382 3
      vertex 1.00763 -22.4533 3
    endloop
  endfacet
  facet normal -0 0 1
    outer loop
      vertex 0.575378 -19.6241 3
      vertex 1.00763 -22.4533 3
      vertex 0.950333 -19.5382 3
    endloop
  endfacet
  facet normal 0 0 1
    outer loop
      vertex 0.139877 -22.5001 3
      vertex 0.575378 -19.6241 3
      vertex 0.16571 -19.6528 3
    endloop
  endfacet
  facet normal 0 0 1
    outer loop
      vertex 0.575378 -19.6241 3
      vertex 0.139877 -22.5001 3
      vertex 1.00763 -22.4533 3
    endloop
  endfacet
  facet normal 0 0 1
    outer loop
      vertex -0.126419 -19.6404 3
      vertex 0.139877 -22.5001 3
      vertex 0.16571 -19.6528 3
    endloop
  endfacet
  facet normal 0 0 1
    outer loop
      vertex -0.730331 -22.4535 3
      vertex -0.126419 -19.6404 3
      vertex -0.399124 -19.6034 3
    endloop
  endfacet
  facet normal 0 0 1
    outer loop
      vertex -0.730331 -22.4535 3
      vertex -0.399124 -19.6034 3
      vertex -0.652359 -19.5416 3
    endloop
  endfacet
  facet normal 0 0 1
    outer loop
      vertex -0.126419 -19.6404 3
      vertex -0.730331 -22.4535 3
      vertex 0.139877 -22.5001 3
    endloop
  endfacet
  facet normal 0 0 1
    outer loop
      vertex -1.53719 -22.3134 3
      vertex -0.652359 -19.5416 3
      vertex -0.886139 -19.4551 3
    endloop
  endfacet
  facet normal 0 0 1
    outer loop
      vertex -2.28067 -22.0801 3
      vertex -0.886139 -19.4551 3
      vertex -1.10046 -19.3438 3
    endloop
  endfacet
  facet normal 0 0 1
    outer loop
      vertex -2.96078 -21.7534 3
      vertex -1.10046 -19.3438 3
      vertex -1.29533 -19.2079 3
    endloop
  endfacet
  facet normal 0 0 1
    outer loop
      vertex -3.57755 -21.3334 3
      vertex -1.29533 -19.2079 3
      vertex -1.47073 -19.0473 3
    endloop
  endfacet
  facet normal 0 0 1
    outer loop
      vertex -0.652359 -19.5416 3
      vertex -1.53719 -22.3134 3
      vertex -0.730331 -22.4535 3
    endloop
  endfacet
  facet normal 0 0 1
    outer loop
      vertex -3.57755 -21.3334 3
      vertex -1.47073 -19.0473 3
      vertex -1.63019 -18.8595 3
    endloop
  endfacet
  facet normal 0 0 1
    outer loop
      vertex -4.13092 -20.82 3
      vertex -1.63019 -18.8595 3
      vertex -1.77728 -18.6423 3
    endloop
  endfacet
  facet normal 0 0 1
    outer loop
      vertex -4.13092 -20.82 3
      vertex -1.77728 -18.6423 3
      vertex -1.91202 -18.3956 3
    endloop
  endfacet
  facet normal 0 0 1
    outer loop
      vertex -4.13092 -20.82 3
      vertex -1.91202 -18.3956 3
      vertex -2.03441 -18.1195 3
    endloop
  endfacet
  facet normal 0 0 1
    outer loop
      vertex -4.13092 -20.82 3
      vertex -2.03441 -18.1195 3
      vertex -2.14444 -17.814 3
    endloop
  endfacet
  facet normal 0 0 1
    outer loop
      vertex -4.13092 -20.82 3
      vertex -2.14444 -17.814 3
      vertex -2.24213 -17.479 3
    endloop
  endfacet
  facet normal 0 0 1
    outer loop
      vertex -0.886139 -19.4551 3
      vertex -2.28067 -22.0801 3
      vertex -1.53719 -22.3134 3
    endloop
  endfacet
  facet normal 0 0 1
    outer loop
      vertex -4.13092 -20.82 3
      vertex -2.24213 -17.479 3
      vertex -2.32745 -17.1146 3
    endloop
  endfacet
  facet normal 0 0 1
    outer loop
      vertex -4.13092 -20.82 3
      vertex -2.32745 -17.1146 3
      vertex -2.40094 -16.7167 3
    endloop
  endfacet
  facet normal 0 0 1
    outer loop
      vertex -4.13092 -20.82 3
      vertex -2.40094 -16.7167 3
      vertex -2.46313 -16.2815 3
    endloop
  endfacet
  facet normal 0 0 1
    outer loop
      vertex -4.13092 -20.82 3
      vertex -2.46313 -16.2815 3
      vertex -2.51401 -15.809 3
    endloop
  endfacet
  facet normal 0 0 1
    outer loop
      vertex -4.13092 -20.82 3
      vertex -2.51401 -15.809 3
      vertex -2.55359 -15.2992 3
    endloop
  endfacet
  facet normal 0 0 1
    outer loop
      vertex -4.13092 -20.82 3
      vertex -2.55359 -15.2992 3
      vertex -2.58186 -14.752 3
    endloop
  endfacet
  facet normal 0 0 1
    outer loop
      vertex -4.13092 -20.82 3
      vertex -2.55597 -11.7758 3
      vertex -3.14789 -0.808242 3
    endloop
  endfacet
  facet normal 0 0 1
    outer loop
      vertex -2.55597 -11.7758 3
      vertex -4.13092 -20.82 3
      vertex -2.58292 -12.3271 3
    endloop
  endfacet
  facet normal 0 0 1
    outer loop
      vertex -1.10046 -19.3438 3
      vertex -2.96078 -21.7534 3
      vertex -2.28067 -22.0801 3
    endloop
  endfacet
  facet normal 0 0 1
    outer loop
      vertex -4.13092 -20.82 3
      vertex -2.58186 -14.752 3
      vertex -2.59882 -14.1675 3
    endloop
  endfacet
  facet normal 0 0 1
    outer loop
      vertex -2.58292 -12.3271 3
      vertex -4.13092 -20.82 3
      vertex -2.59908 -12.9171 3
    endloop
  endfacet
  facet normal 0 0 1
    outer loop
      vertex -4.13092 -20.82 3
      vertex -3.14789 -0.808242 3
      vertex -3.22437 -0.407332 3
    endloop
  endfacet
  facet normal 0 0 1
    outer loop
      vertex -2.59908 -12.9171 3
      vertex -4.13092 -20.82 3
      vertex -2.60448 -13.5456 3
    endloop
  endfacet
  facet normal 0 0 1
    outer loop
      vertex -4.13092 -20.82 3
      vertex -2.59882 -14.1675 3
      vertex -2.60448 -13.5456 3
    endloop
  endfacet
  facet normal 0 0 1
    outer loop
      vertex -5.71419 -0.225599 3
      vertex -3.25 0 3
      vertex -5.7 0 3
    endloop
  endfacet
  facet normal 0 0 1
    outer loop
      vertex -1.29533 -19.2079 3
      vertex -3.57755 -21.3334 3
      vertex -2.96078 -21.7534 3
    endloop
  endfacet
  facet normal 0 1 -0
    outer loop
      vertex 17.314 6.99013 0
      vertex -17.314 6.99013 3
      vertex 17.314 6.99013 3
    endloop
  endfacet
  facet normal 0 1 0
    outer loop
      vertex -17.314 6.99013 3
      vertex 17.314 6.99013 0
      vertex -17.314 6.99013 0
    endloop
  endfacet
  facet normal 0.587771 0.809027 -0
    outer loop
      vertex 20.1871 5.85257 0
      vertex 19.6791 6.22164 3
      vertex 20.1871 5.85257 3
    endloop
  endfacet
  facet normal 0.587771 0.809027 0
    outer loop
      vertex 19.6791 6.22164 3
      vertex 20.1871 5.85257 0
      vertex 19.6791 6.22164 0
    endloop
  endfacet
  facet normal 0.684565 -0.728952 0
    outer loop
      vertex 20.1871 -5.85257 0
      vertex 20.6448 -5.42274 3
      vertex 20.1871 -5.85257 3
    endloop
  endfacet
  facet normal 0.684565 -0.728952 0
    outer loop
      vertex 20.6448 -5.42274 3
      vertex 20.1871 -5.85257 0
      vertex 20.6448 -5.42274 0
    endloop
  endfacet
  facet normal -0.368135 0.929773 0
    outer loop
      vertex -18.5451 6.75528 0
      vertex -19.1289 6.52413 3
      vertex -18.5451 6.75528 3
    endloop
  endfacet
  facet normal -0.368135 0.929773 0
    outer loop
      vertex -19.1289 6.52413 3
      vertex -18.5451 6.75528 0
      vertex -19.1289 6.52413 0
    endloop
  endfacet
  facet normal -0.125332 0.992115 0
    outer loop
      vertex -17.314 6.99013 0
      vertex -17.9369 6.91144 3
      vertex -17.314 6.99013 3
    endloop
  endfacet
  facet normal -0.125332 0.992115 0
    outer loop
      vertex -17.9369 6.91144 3
      vertex -17.314 6.99013 0
      vertex -17.9369 6.91144 0
    endloop
  endfacet
  facet normal 0.998029 0.0627481 0
    outer loop
      vertex 22 2 3
      vertex 21.9606 2.62667 0
      vertex 21.9606 2.62667 3
    endloop
  endfacet
  facet normal 0.998029 0.0627481 0
    outer loop
      vertex 21.9606 2.62667 0
      vertex 22 2 3
      vertex 22 2 0
    endloop
  endfacet
  facet normal 0 -1 0
    outer loop
      vertex -17.314 -6.99013 0
      vertex -4.77546 -6.99013 3
      vertex -17.314 -6.99013 3
    endloop
  endfacet
  facet normal 0 -1 -0
    outer loop
      vertex -4.77546 -6.99013 3
      vertex -17.314 -6.99013 0
      vertex -4.77546 -6.99013 0
    endloop
  endfacet
  facet normal 0 -1 0
    outer loop
      vertex 5.11787 -6.99013 0
      vertex 17.314 -6.99013 3
      vertex 5.11787 -6.99013 3
    endloop
  endfacet
  facet normal 0 -1 -0
    outer loop
      vertex 17.314 -6.99013 3
      vertex 5.11787 -6.99013 0
      vertex 17.314 -6.99013 0
    endloop
  endfacet
  facet normal 1 -0 0
    outer loop
      vertex 22 -2 3
      vertex 22 2 0
      vertex 22 2 3
    endloop
  endfacet
  facet normal 1 0 0
    outer loop
      vertex 22 2 0
      vertex 22 -2 3
      vertex 22 -2 0
    endloop
  endfacet
  facet normal -0.951072 0.30897 0
    outer loop
      vertex -21.8429 3.24345 0
      vertex -21.6489 3.84062 3
      vertex -21.6489 3.84062 0
    endloop
  endfacet
  facet normal -0.951072 0.30897 0
    outer loop
      vertex -21.6489 3.84062 3
      vertex -21.8429 3.24345 0
      vertex -21.8429 3.24345 3
    endloop
  endfacet
  facet normal -0.248691 0.968583 0
    outer loop
      vertex -17.9369 6.91144 0
      vertex -18.5451 6.75528 3
      vertex -17.9369 6.91144 3
    endloop
  endfacet
  facet normal -0.248691 0.968583 0
    outer loop
      vertex -18.5451 6.75528 3
      vertex -17.9369 6.91144 0
      vertex -18.5451 6.75528 0
    endloop
  endfacet
  facet normal 0.904797 0.425843 0
    outer loop
      vertex 21.6489 3.84062 3
      vertex 21.3815 4.40877 0
      vertex 21.3815 4.40877 3
    endloop
  endfacet
  facet normal 0.904797 0.425843 0
    outer loop
      vertex 21.3815 4.40877 0
      vertex 21.6489 3.84062 3
      vertex 21.6489 3.84062 0
    endloop
  endfacet
  facet normal -0.770468 -0.637478 0
    outer loop
      vertex -20.6448 -5.42274 0
      vertex -21.0451 -4.93893 3
      vertex -21.0451 -4.93893 0
    endloop
  endfacet
  facet normal -0.770468 -0.637478 0
    outer loop
      vertex -21.0451 -4.93893 3
      vertex -20.6448 -5.42274 0
      vertex -20.6448 -5.42274 3
    endloop
  endfacet
  facet normal -0.368135 -0.929773 0
    outer loop
      vertex -19.1289 -6.52413 0
      vertex -18.5451 -6.75528 3
      vertex -19.1289 -6.52413 3
    endloop
  endfacet
  facet normal -0.368135 -0.929773 -0
    outer loop
      vertex -18.5451 -6.75528 3
      vertex -19.1289 -6.52413 0
      vertex -18.5451 -6.75528 0
    endloop
  endfacet
  facet normal 0.982275 -0.187447 0
    outer loop
      vertex 21.8429 -3.24345 3
      vertex 21.9606 -2.62667 0
      vertex 21.9606 -2.62667 3
    endloop
  endfacet
  facet normal 0.982275 -0.187447 0
    outer loop
      vertex 21.9606 -2.62667 0
      vertex 21.8429 -3.24345 3
      vertex 21.8429 -3.24345 0
    endloop
  endfacet
  facet normal 0.951072 -0.30897 0
    outer loop
      vertex 21.6489 -3.84062 3
      vertex 21.8429 -3.24345 0
      vertex 21.8429 -3.24345 3
    endloop
  endfacet
  facet normal 0.951072 -0.30897 0
    outer loop
      vertex 21.8429 -3.24345 0
      vertex 21.6489 -3.84062 3
      vertex 21.6489 -3.84062 0
    endloop
  endfacet
  facet normal 0.770468 -0.637478 0
    outer loop
      vertex 20.6448 -5.42274 3
      vertex 21.0451 -4.93893 0
      vertex 21.0451 -4.93893 3
    endloop
  endfacet
  facet normal 0.770468 -0.637478 0
    outer loop
      vertex 21.0451 -4.93893 0
      vertex 20.6448 -5.42274 3
      vertex 20.6448 -5.42274 0
    endloop
  endfacet
  facet normal -0.770468 0.637478 0
    outer loop
      vertex -21.0451 4.93893 0
      vertex -20.6448 5.42274 3
      vertex -20.6448 5.42274 0
    endloop
  endfacet
  facet normal -0.770468 0.637478 0
    outer loop
      vertex -20.6448 5.42274 3
      vertex -21.0451 4.93893 0
      vertex -21.0451 4.93893 3
    endloop
  endfacet
  facet normal -0.998029 0.0627481 0
    outer loop
      vertex -22 2 0
      vertex -21.9606 2.62667 3
      vertex -21.9606 2.62667 0
    endloop
  endfacet
  facet normal -0.998029 0.0627481 0
    outer loop
      vertex -21.9606 2.62667 3
      vertex -22 2 0
      vertex -22 2 3
    endloop
  endfacet
  facet normal -0.684565 0.728952 0
    outer loop
      vertex -20.1871 5.85257 0
      vertex -20.6448 5.42274 3
      vertex -20.1871 5.85257 3
    endloop
  endfacet
  facet normal -0.684565 0.728952 0
    outer loop
      vertex -20.6448 5.42274 3
      vertex -20.1871 5.85257 0
      vertex -20.6448 5.42274 0
    endloop
  endfacet
  facet normal 0.248691 0.968583 -0
    outer loop
      vertex 18.5451 6.75528 0
      vertex 17.9369 6.91144 3
      vertex 18.5451 6.75528 3
    endloop
  endfacet
  facet normal 0.248691 0.968583 0
    outer loop
      vertex 17.9369 6.91144 3
      vertex 18.5451 6.75528 0
      vertex 17.9369 6.91144 0
    endloop
  endfacet
  facet normal -0.684565 -0.728952 0
    outer loop
      vertex -20.6448 -5.42274 0
      vertex -20.1871 -5.85257 3
      vertex -20.6448 -5.42274 3
    endloop
  endfacet
  facet normal -0.684565 -0.728952 -0
    outer loop
      vertex -20.1871 -5.85257 3
      vertex -20.6448 -5.42274 0
      vertex -20.1871 -5.85257 0
    endloop
  endfacet
  facet normal -0.951072 -0.30897 0
    outer loop
      vertex -21.6489 -3.84062 0
      vertex -21.8429 -3.24345 3
      vertex -21.8429 -3.24345 0
    endloop
  endfacet
  facet normal -0.951072 -0.30897 0
    outer loop
      vertex -21.8429 -3.24345 3
      vertex -21.6489 -3.84062 0
      vertex -21.6489 -3.84062 3
    endloop
  endfacet
  facet normal -0.998029 -0.0627481 0
    outer loop
      vertex -21.9606 -2.62667 0
      vertex -22 -2 3
      vertex -22 -2 0
    endloop
  endfacet
  facet normal -0.998029 -0.0627481 0
    outer loop
      vertex -22 -2 3
      vertex -21.9606 -2.62667 0
      vertex -21.9606 -2.62667 3
    endloop
  endfacet
  facet normal 0 0 -1
    outer loop
      vertex 2.93568 -14.4494 0
      vertex 6.5822 -13.5456 0
      vertex 6.54855 -14.7512 0
    endloop
  endfacet
  facet normal 0 0 -1
    outer loop
      vertex 2.94331 -12.9171 0
      vertex 6.5822 -13.5456 0
      vertex 2.94884 -13.5456 0
    endloop
  endfacet
  facet normal 0 0 -1
    outer loop
      vertex 2.89624 -15.2758 0
      vertex 6.54855 -14.7512 0
      vertex 6.44757 -15.8721 0
    endloop
  endfacet
  facet normal 0 0 -1
    outer loop
      vertex 6.5822 -13.5456 0
      vertex 2.94331 -12.9171 0
      vertex 6.55038 -12.3137 0
    endloop
  endfacet
  facet normal 0 0 -1
    outer loop
      vertex 2.89624 -15.2758 0
      vertex 6.44757 -15.8721 0
      vertex 6.2793 -16.9084 0
    endloop
  endfacet
  facet normal 0 0 -1
    outer loop
      vertex 2.92673 -12.3271 0
      vertex 6.55038 -12.3137 0
      vertex 2.94331 -12.9171 0
    endloop
  endfacet
  facet normal 0 0 -1
    outer loop
      vertex 2.89624 -15.2758 0
      vertex 6.2793 -16.9084 0
      vertex 6.04369 -17.86 0
    endloop
  endfacet
  facet normal 0 0 -1
    outer loop
      vertex 2.89911 -11.7758 0
      vertex 6.55038 -12.3137 0
      vertex 2.92673 -12.3271 0
    endloop
  endfacet
  facet normal 0 0 -1
    outer loop
      vertex 2.89624 -15.2758 0
      vertex 6.04369 -17.86 0
      vertex 5.74078 -18.7269 0
    endloop
  endfacet
  facet normal 0 0 -1
    outer loop
      vertex 6.55038 -12.3137 0
      vertex 2.89911 -11.7758 0
      vertex 6.45493 -11.1728 0
    endloop
  endfacet
  facet normal 0 0 -1
    outer loop
      vertex 2.89624 -15.2758 0
      vertex 5.74078 -18.7269 0
      vertex 5.37054 -19.5092 0
    endloop
  endfacet
  facet normal 0 0 -1
    outer loop
      vertex 2.86043 -11.2632 0
      vertex 6.45493 -11.1728 0
      vertex 2.89911 -11.7758 0
    endloop
  endfacet
  facet normal 0 0 -1
    outer loop
      vertex 2.89624 -15.2758 0
      vertex 5.37054 -19.5092 0
      vertex 4.933 -20.2068 0
    endloop
  endfacet
  facet normal -0 0 -1
    outer loop
      vertex -3.25 0 0
      vertex -5.71419 -0.225599 0
      vertex -5.7 0 0
    endloop
  endfacet
  facet normal 0 0 -1
    outer loop
      vertex -2.848 -1.5657 0
      vertex -5.75655 -0.447641 0
      vertex -5.71419 -0.225599 0
    endloop
  endfacet
  facet normal 0 0 -1
    outer loop
      vertex -2.848 -1.5657 0
      vertex -5.8264 -0.662623 0
      vertex -5.75655 -0.447641 0
    endloop
  endfacet
  facet normal 0 0 -1
    outer loop
      vertex -2.848 -1.5657 0
      vertex -5.92265 -0.867156 0
      vertex -5.8264 -0.662623 0
    endloop
  endfacet
  facet normal 0 0 -1
    outer loop
      vertex -2.848 -1.5657 0
      vertex -6.04377 -1.05801 0
      vertex -5.92265 -0.867156 0
    endloop
  endfacet
  facet normal 0 0 -1
    outer loop
      vertex -2.848 -1.5657 0
      vertex -6.18786 -1.23218 0
      vertex -6.04377 -1.05801 0
    endloop
  endfacet
  facet normal 0 0 -1
    outer loop
      vertex -2.848 -1.5657 0
      vertex -6.35264 -1.38692 0
      vertex -6.18786 -1.23218 0
    endloop
  endfacet
  facet normal 0 0 -1
    outer loop
      vertex -2.848 -1.5657 0
      vertex -6.53551 -1.51979 0
      vertex -6.35264 -1.38692 0
    endloop
  endfacet
  facet normal 0 0 -1
    outer loop
      vertex -4.77546 -6.99013 0
      vertex -6.7336 -1.62869 0
      vertex -6.53551 -1.51979 0
    endloop
  endfacet
  facet normal 0 0 -1
    outer loop
      vertex -4.77546 -6.99013 0
      vertex -6.94377 -1.7119 0
      vertex -6.7336 -1.62869 0
    endloop
  endfacet
  facet normal 0 0 -1
    outer loop
      vertex -4.77546 -6.99013 0
      vertex -7.16271 -1.76812 0
      vertex -6.94377 -1.7119 0
    endloop
  endfacet
  facet normal 0 0 -1
    outer loop
      vertex -4.77546 -6.99013 0
      vertex -7.38698 -1.79645 0
      vertex -7.16271 -1.76812 0
    endloop
  endfacet
  facet normal 0 0 -1
    outer loop
      vertex -4.77546 -6.99013 0
      vertex -7.61302 -1.79645 0
      vertex -7.38698 -1.79645 0
    endloop
  endfacet
  facet normal 0 0 -1
    outer loop
      vertex -4.77546 -6.99013 0
      vertex -7.83729 -1.76812 0
      vertex -7.61302 -1.79645 0
    endloop
  endfacet
  facet normal 0 0 -1
    outer loop
      vertex -4.77546 -6.99013 0
      vertex -8.05623 -1.7119 0
      vertex -7.83729 -1.76812 0
    endloop
  endfacet
  facet normal 0 0 -1
    outer loop
      vertex -12.9284 -2.50417 0
      vertex -8.05623 -1.7119 0
      vertex -4.77546 -6.99013 0
    endloop
  endfacet
  facet normal -0 0 -1
    outer loop
      vertex -8.05623 -1.7119 0
      vertex -12.9284 -2.50417 0
      vertex -8.2664 -1.62869 0
    endloop
  endfacet
  facet normal 0 -0 -1
    outer loop
      vertex -12.6309 -2.22478 0
      vertex -8.2664 -1.62869 0
      vertex -12.9284 -2.50417 0
    endloop
  endfacet
  facet normal -0 0 -1
    outer loop
      vertex -8.2664 -1.62869 0
      vertex -12.6309 -2.22478 0
      vertex -8.46449 -1.51979 0
    endloop
  endfacet
  facet normal 0 -0 -1
    outer loop
      vertex -12.3707 -1.9103 0
      vertex -8.46449 -1.51979 0
      vertex -12.6309 -2.22478 0
    endloop
  endfacet
  facet normal 0 0 -1
    outer loop
      vertex -9.28581 -0.225599 0
      vertex -11.75 0 0
      vertex -9.3 0 0
    endloop
  endfacet
  facet normal 0 0 -1
    outer loop
      vertex -11.7756 -0.407332 0
      vertex -9.28581 -0.225599 0
      vertex -9.24345 -0.447641 0
    endloop
  endfacet
  facet normal 0 0 -1
    outer loop
      vertex -11.8521 -0.808242 0
      vertex -9.24345 -0.447641 0
      vertex -9.1736 -0.662623 0
    endloop
  endfacet
  facet normal 0 0 -1
    outer loop
      vertex -11.8521 -0.808242 0
      vertex -9.1736 -0.662623 0
      vertex -9.07735 -0.867156 0
    endloop
  endfacet
  facet normal 0 0 -1
    outer loop
      vertex -11.9782 -1.1964 0
      vertex -9.07735 -0.867156 0
      vertex -8.95623 -1.05801 0
    endloop
  endfacet
  facet normal -0 0 -1
    outer loop
      vertex -8.64736 -1.38692 0
      vertex -12.3707 -1.9103 0
      vertex -8.81214 -1.23218 0
    endloop
  endfacet
  facet normal -0 0 -1
    outer loop
      vertex -9.28581 -0.225599 0
      vertex -11.7756 -0.407332 0
      vertex -11.75 0 0
    endloop
  endfacet
  facet normal -0 0 -1
    outer loop
      vertex -9.24345 -0.447641 0
      vertex -11.8521 -0.808242 0
      vertex -11.7756 -0.407332 0
    endloop
  endfacet
  facet normal -0 0 -1
    outer loop
      vertex -9.07735 -0.867156 0
      vertex -11.9782 -1.1964 0
      vertex -11.8521 -0.808242 0
    endloop
  endfacet
  facet normal 0 0 -1
    outer loop
      vertex -8.95623 -1.05801 0
      vertex -12.152 -1.5657 0
      vertex -11.9782 -1.1964 0
    endloop
  endfacet
  facet normal -0 0 -1
    outer loop
      vertex -8.81214 -1.23218 0
      vertex -12.152 -1.5657 0
      vertex -8.95623 -1.05801 0
    endloop
  endfacet
  facet normal 0 -0 -1
    outer loop
      vertex -12.152 -1.5657 0
      vertex -8.81214 -1.23218 0
      vertex -12.3707 -1.9103 0
    endloop
  endfacet
  facet normal -0 0 -1
    outer loop
      vertex -8.46449 -1.51979 0
      vertex -12.3707 -1.9103 0
      vertex -8.64736 -1.38692 0
    endloop
  endfacet
  facet normal 0 0 -1
    outer loop
      vertex -4.77546 -6.99013 0
      vertex -13.2586 -2.74407 0
      vertex -12.9284 -2.50417 0
    endloop
  endfacet
  facet normal 0 0 -1
    outer loop
      vertex -4.77546 -6.99013 0
      vertex -13.6162 -2.94069 0
      vertex -13.2586 -2.74407 0
    endloop
  endfacet
  facet normal 0 0 -1
    outer loop
      vertex -17.314 -6.99013 0
      vertex -13.6162 -2.94069 0
      vertex -4.77546 -6.99013 0
    endloop
  endfacet
  facet normal 0 0 -1
    outer loop
      vertex -13.6162 -2.94069 0
      vertex -17.314 -6.99013 0
      vertex -13.9957 -3.09093 0
    endloop
  endfacet
  facet normal 0 0 -1
    outer loop
      vertex -13.9957 -3.09093 0
      vertex -17.314 -6.99013 0
      vertex -14.391 -3.19243 0
    endloop
  endfacet
  facet normal 0 0 -1
    outer loop
      vertex -14.391 -3.19243 0
      vertex -17.314 -6.99013 0
      vertex -14.7959 -3.24359 0
    endloop
  endfacet
  facet normal -0 0 -1
    outer loop
      vertex -14.7959 -3.24359 0
      vertex -17.314 -6.99013 0
      vertex -15.2041 -3.24359 0
    endloop
  endfacet
  facet normal -0 0 -1
    outer loop
      vertex -15.2041 -3.24359 0
      vertex -17.314 -6.99013 0
      vertex -15.609 -3.19243 0
    endloop
  endfacet
  facet normal -0 0 -1
    outer loop
      vertex -15.609 -3.19243 0
      vertex -17.314 -6.99013 0
      vertex -16.0043 -3.09093 0
    endloop
  endfacet
  facet normal 0 0 -1
    outer loop
      vertex -17.314 -6.99013 0
      vertex -16.3838 -2.94069 0
      vertex -16.0043 -3.09093 0
    endloop
  endfacet
  facet normal 0 0 -1
    outer loop
      vertex -17.9369 -6.91144 0
      vertex -16.3838 -2.94069 0
      vertex -17.314 -6.99013 0
    endloop
  endfacet
  facet normal -0 0 -1
    outer loop
      vertex -16.3838 -2.94069 0
      vertex -17.9369 -6.91144 0
      vertex -16.7414 -2.74407 0
    endloop
  endfacet
  facet normal 0 0 -1
    outer loop
      vertex -18.5451 -6.75528 0
      vertex -16.7414 -2.74407 0
      vertex -17.9369 -6.91144 0
    endloop
  endfacet
  facet normal 0 0 -1
    outer loop
      vertex -19.1289 -6.52413 0
      vertex -16.7414 -2.74407 0
      vertex -18.5451 -6.75528 0
    endloop
  endfacet
  facet normal -0 0 -1
    outer loop
      vertex -16.7414 -2.74407 0
      vertex -19.1289 -6.52413 0
      vertex -17.0716 -2.50417 0
    endloop
  endfacet
  facet normal 0 0 -1
    outer loop
      vertex -19.6791 -6.22164 0
      vertex -17.0716 -2.50417 0
      vertex -19.1289 -6.52413 0
    endloop
  endfacet
  facet normal 0 0 -1
    outer loop
      vertex -20.1871 -5.85257 0
      vertex -17.0716 -2.50417 0
      vertex -19.6791 -6.22164 0
    endloop
  endfacet
  facet normal -0 0 -1
    outer loop
      vertex -17.0716 -2.50417 0
      vertex -20.1871 -5.85257 0
      vertex -17.3691 -2.22478 0
    endloop
  endfacet
  facet normal 0 0 -1
    outer loop
      vertex -20.6448 -5.42274 0
      vertex -17.3691 -2.22478 0
      vertex -20.1871 -5.85257 0
    endloop
  endfacet
  facet normal 0 0 -1
    outer loop
      vertex -21.0451 -4.93893 0
      vertex -17.3691 -2.22478 0
      vertex -20.6448 -5.42274 0
    endloop
  endfacet
  facet normal -0 0 -1
    outer loop
      vertex -17.3691 -2.22478 0
      vertex -21.0451 -4.93893 0
      vertex -17.6293 -1.9103 0
    endloop
  endfacet
  facet normal -0 0 -1
    outer loop
      vertex -2.51401 -15.809 0
      vertex -6.09398 -15.8779 0
      vertex -2.55359 -15.2992 0
    endloop
  endfacet
  facet normal 0 -0 -1
    outer loop
      vertex -6.19298 -12.2973 0
      vertex -2.60448 -13.5456 0
      vertex -6.22491 -13.5456 0
    endloop
  endfacet
  facet normal 0 0 -1
    outer loop
      vertex -6.19218 -14.7545 0
      vertex -2.55359 -15.2992 0
      vertex -6.09398 -15.8779 0
    endloop
  endfacet
  facet normal 0 -0 -1
    outer loop
      vertex -6.09714 -11.1439 0
      vertex -2.60448 -13.5456 0
      vertex -6.19298 -12.2973 0
    endloop
  endfacet
  facet normal 0 0 -1
    outer loop
      vertex -2.55359 -15.2992 0
      vertex -6.19218 -14.7545 0
      vertex -2.58186 -14.752 0
    endloop
  endfacet
  facet normal 0 -0 -1
    outer loop
      vertex -5.93739 -10.0854 0
      vertex -2.60448 -13.5456 0
      vertex -6.09714 -11.1439 0
    endloop
  endfacet
  facet normal -0 0 -1
    outer loop
      vertex -2.58186 -14.752 0
      vertex -6.19218 -14.7545 0
      vertex -2.59882 -14.1675 0
    endloop
  endfacet
  facet normal 0 0 -1
    outer loop
      vertex -6.22491 -13.5456 0
      vertex -2.59882 -14.1675 0
      vertex -6.19218 -14.7545 0
    endloop
  endfacet
  facet normal 0 0 -1
    outer loop
      vertex -2.59882 -14.1675 0
      vertex -6.22491 -13.5456 0
      vertex -2.60448 -13.5456 0
    endloop
  endfacet
  facet normal 0 0 -1
    outer loop
      vertex -2.60448 -13.5456 0
      vertex -5.07483 -7.47943 0
      vertex -4.77546 -6.99013 0
    endloop
  endfacet
  facet normal 0 -0 -1
    outer loop
      vertex -5.71376 -9.1218 0
      vertex -2.60448 -13.5456 0
      vertex -5.93739 -10.0854 0
    endloop
  endfacet
  facet normal 0 -0 -1
    outer loop
      vertex -5.07483 -7.47943 0
      vertex -2.60448 -13.5456 0
      vertex -5.42624 -8.25316 0
    endloop
  endfacet
  facet normal 0 -0 -1
    outer loop
      vertex -5.42624 -8.25316 0
      vertex -2.60448 -13.5456 0
      vertex -5.71376 -9.1218 0
    endloop
  endfacet
  facet normal -0 0 -1
    outer loop
      vertex 6.54855 -14.7512 0
      vertex 2.89624 -15.2758 0
      vertex 2.93568 -14.4494 0
    endloop
  endfacet
  facet normal 0 0 -1
    outer loop
      vertex 5.11787 -6.99013 0
      vertex 3.22437 -0.407332 0
      vertex 3.25 0 0
    endloop
  endfacet
  facet normal 0 0 -1
    outer loop
      vertex 2.8107 -10.7893 0
      vertex 6.29584 -10.1228 0
      vertex 2.86043 -11.2632 0
    endloop
  endfacet
  facet normal 0 0 -1
    outer loop
      vertex 2.74992 -10.3539 0
      vertex 6.29584 -10.1228 0
      vertex 2.8107 -10.7893 0
    endloop
  endfacet
  facet normal -0 0 -1
    outer loop
      vertex 6.29584 -10.1228 0
      vertex 2.74992 -10.3539 0
      vertex 6.0731 -9.16389 0
    endloop
  endfacet
  facet normal -0 0 -1
    outer loop
      vertex 6.45493 -11.1728 0
      vertex 2.86043 -11.2632 0
      vertex 6.29584 -10.1228 0
    endloop
  endfacet
  facet normal -0 0 -1
    outer loop
      vertex 6.5822 -13.5456 0
      vertex 2.93568 -14.4494 0
      vertex 2.94884 -13.5456 0
    endloop
  endfacet
  facet normal 0 0 -1
    outer loop
      vertex 3.24486 -21.7513 0
      vertex 2.83049 -16.025 0
      vertex 2.89624 -15.2758 0
    endloop
  endfacet
  facet normal 0 0 -1
    outer loop
      vertex 3.24486 -21.7513 0
      vertex 2.73845 -16.6968 0
      vertex 2.83049 -16.025 0
    endloop
  endfacet
  facet normal 0 0 -1
    outer loop
      vertex 3.24486 -21.7513 0
      vertex 2.62012 -17.2913 0
      vertex 2.73845 -16.6968 0
    endloop
  endfacet
  facet normal 0 0 -1
    outer loop
      vertex 1.29057 -19.3949 0
      vertex 3.24486 -21.7513 0
      vertex 2.56013 -22.0789 0
    endloop
  endfacet
  facet normal 0 0 -1
    outer loop
      vertex 3.24486 -21.7513 0
      vertex 2.47548 -17.8086 0
      vertex 2.62012 -17.2913 0
    endloop
  endfacet
  facet normal 0 0 -1
    outer loop
      vertex 3.24486 -21.7513 0
      vertex 2.30455 -18.2485 0
      vertex 2.47548 -17.8086 0
    endloop
  endfacet
  facet normal 0 0 -1
    outer loop
      vertex 3.24486 -21.7513 0
      vertex 2.1031 -18.6211 0
      vertex 2.30455 -18.2485 0
    endloop
  endfacet
  facet normal 0 0 -1
    outer loop
      vertex 3.24486 -21.7513 0
      vertex 1.86697 -18.9363 0
      vertex 2.1031 -18.6211 0
    endloop
  endfacet
  facet normal 0 0 -1
    outer loop
      vertex 1.29057 -19.3949 0
      vertex 2.56013 -22.0789 0
      vertex 1.81439 -22.3129 0
    endloop
  endfacet
  facet normal 0 0 -1
    outer loop
      vertex 3.24486 -21.7513 0
      vertex 1.59613 -19.1942 0
      vertex 1.86697 -18.9363 0
    endloop
  endfacet
  facet normal 0 0 -1
    outer loop
      vertex 3.24486 -21.7513 0
      vertex 1.29057 -19.3949 0
      vertex 1.59613 -19.1942 0
    endloop
  endfacet
  facet normal 0 0 -1
    outer loop
      vertex 0.950333 -19.5382 0
      vertex 1.81439 -22.3129 0
      vertex 1.00763 -22.4533 0
    endloop
  endfacet
  facet normal 0 0 -1
    outer loop
      vertex 1.81439 -22.3129 0
      vertex 0.950333 -19.5382 0
      vertex 1.29057 -19.3949 0
    endloop
  endfacet
  facet normal 0 0 -1
    outer loop
      vertex 1.00763 -22.4533 0
      vertex 0.575378 -19.6241 0
      vertex 0.950333 -19.5382 0
    endloop
  endfacet
  facet normal 0 0 -1
    outer loop
      vertex 0.139877 -22.5001 0
      vertex 0.575378 -19.6241 0
      vertex 1.00763 -22.4533 0
    endloop
  endfacet
  facet normal 0 0 -1
    outer loop
      vertex 0.575378 -19.6241 0
      vertex 0.139877 -22.5001 0
      vertex 0.16571 -19.6528 0
    endloop
  endfacet
  facet normal 0 0 -1
    outer loop
      vertex 0.139877 -22.5001 0
      vertex -0.126419 -19.6404 0
      vertex 0.16571 -19.6528 0
    endloop
  endfacet
  facet normal 0 0 -1
    outer loop
      vertex -0.730331 -22.4535 0
      vertex -0.126419 -19.6404 0
      vertex 0.139877 -22.5001 0
    endloop
  endfacet
  facet normal -0 0 -1
    outer loop
      vertex -0.126419 -19.6404 0
      vertex -0.730331 -22.4535 0
      vertex -0.399124 -19.6034 0
    endloop
  endfacet
  facet normal -0 0 -1
    outer loop
      vertex -0.399124 -19.6034 0
      vertex -0.730331 -22.4535 0
      vertex -0.652359 -19.5416 0
    endloop
  endfacet
  facet normal 0 0 -1
    outer loop
      vertex -1.53719 -22.3134 0
      vertex -0.652359 -19.5416 0
      vertex -0.730331 -22.4535 0
    endloop
  endfacet
  facet normal -0 0 -1
    outer loop
      vertex -0.652359 -19.5416 0
      vertex -1.53719 -22.3134 0
      vertex -0.886139 -19.4551 0
    endloop
  endfacet
  facet normal 0 0 -1
    outer loop
      vertex -2.28067 -22.0801 0
      vertex -0.886139 -19.4551 0
      vertex -1.53719 -22.3134 0
    endloop
  endfacet
  facet normal -0 0 -1
    outer loop
      vertex -0.886139 -19.4551 0
      vertex -2.28067 -22.0801 0
      vertex -1.10046 -19.3438 0
    endloop
  endfacet
  facet normal 0 0 -1
    outer loop
      vertex -2.96078 -21.7534 0
      vertex -1.10046 -19.3438 0
      vertex -2.28067 -22.0801 0
    endloop
  endfacet
  facet normal -0 0 -1
    outer loop
      vertex -1.10046 -19.3438 0
      vertex -2.96078 -21.7534 0
      vertex -1.29533 -19.2079 0
    endloop
  endfacet
  facet normal 0 0 -1
    outer loop
      vertex -3.57755 -21.3334 0
      vertex -1.29533 -19.2079 0
      vertex -2.96078 -21.7534 0
    endloop
  endfacet
  facet normal -0 0 -1
    outer loop
      vertex -1.29533 -19.2079 0
      vertex -3.57755 -21.3334 0
      vertex -1.47073 -19.0473 0
    endloop
  endfacet
  facet normal -0 0 -1
    outer loop
      vertex -1.47073 -19.0473 0
      vertex -3.57755 -21.3334 0
      vertex -1.63019 -18.8595 0
    endloop
  endfacet
  facet normal 0 0 -1
    outer loop
      vertex -4.13092 -20.82 0
      vertex -1.63019 -18.8595 0
      vertex -3.57755 -21.3334 0
    endloop
  endfacet
  facet normal -0 0 -1
    outer loop
      vertex -1.63019 -18.8595 0
      vertex -4.13092 -20.82 0
      vertex -1.77728 -18.6423 0
    endloop
  endfacet
  facet normal 0 0 -1
    outer loop
      vertex -4.62094 -20.2133 0
      vertex -1.77728 -18.6423 0
      vertex -4.13092 -20.82 0
    endloop
  endfacet
  facet normal -0 0 -1
    outer loop
      vertex -1.77728 -18.6423 0
      vertex -4.62094 -20.2133 0
      vertex -1.91202 -18.3956 0
    endloop
  endfacet
  facet normal 0 0 -1
    outer loop
      vertex -5.04648 -19.5171 0
      vertex -1.91202 -18.3956 0
      vertex -4.62094 -20.2133 0
    endloop
  endfacet
  facet normal -0 0 -1
    outer loop
      vertex -1.91202 -18.3956 0
      vertex -5.04648 -19.5171 0
      vertex -2.03441 -18.1195 0
    endloop
  endfacet
  facet normal -0 0 -1
    outer loop
      vertex -2.03441 -18.1195 0
      vertex -5.04648 -19.5171 0
      vertex -2.14444 -17.814 0
    endloop
  endfacet
  facet normal 0 0 -1
    outer loop
      vertex -5.40657 -18.7355 0
      vertex -2.14444 -17.814 0
      vertex -5.04648 -19.5171 0
    endloop
  endfacet
  facet normal -0 0 -1
    outer loop
      vertex -2.14444 -17.814 0
      vertex -5.40657 -18.7355 0
      vertex -2.24213 -17.479 0
    endloop
  endfacet
  facet normal 0 0 -1
    outer loop
      vertex -2.05353 -8.95662 0
      vertex -2.848 -1.5657 0
      vertex -2.6293 -1.9103 0
    endloop
  endfacet
  facet normal -0 0 -1
    outer loop
      vertex -2.46313 -16.2815 0
      vertex -5.93031 -16.9159 0
      vertex -2.51401 -15.809 0
    endloop
  endfacet
  facet normal 0 0 -1
    outer loop
      vertex -5.70117 -17.8684 0
      vertex -2.24213 -17.479 0
      vertex -5.40657 -18.7355 0
    endloop
  endfacet
  facet normal -0 0 -1
    outer loop
      vertex -2.24213 -17.479 0
      vertex -5.70117 -17.8684 0
      vertex -2.32745 -17.1146 0
    endloop
  endfacet
  facet normal -0 0 -1
    outer loop
      vertex -2.32745 -17.1146 0
      vertex -5.70117 -17.8684 0
      vertex -2.40094 -16.7167 0
    endloop
  endfacet
  facet normal 0 0 -1
    outer loop
      vertex -2.59908 -12.9171 0
      vertex -4.77546 -6.99013 0
      vertex -2.848 -1.5657 0
    endloop
  endfacet
  facet normal 0 0 -1
    outer loop
      vertex -6.53551 -1.51979 0
      vertex -2.848 -1.5657 0
      vertex -4.77546 -6.99013 0
    endloop
  endfacet
  facet normal 0 0 -1
    outer loop
      vertex -5.71419 -0.225599 0
      vertex -3.02177 -1.1964 0
      vertex -2.848 -1.5657 0
    endloop
  endfacet
  facet normal 0 0 -1
    outer loop
      vertex -5.71419 -0.225599 0
      vertex -3.14789 -0.808242 0
      vertex -3.02177 -1.1964 0
    endloop
  endfacet
  facet normal 0 0 -1
    outer loop
      vertex -5.93031 -16.9159 0
      vertex -2.40094 -16.7167 0
      vertex -5.70117 -17.8684 0
    endloop
  endfacet
  facet normal 0 0 -1
    outer loop
      vertex 2.67809 -9.95728 0
      vertex 6.0731 -9.16389 0
      vertex 2.74992 -10.3539 0
    endloop
  endfacet
  facet normal 0 0 -1
    outer loop
      vertex 2.59473 -9.59454 0
      vertex 6.0731 -9.16389 0
      vertex 2.67809 -9.95728 0
    endloop
  endfacet
  facet normal -0 0 -1
    outer loop
      vertex 6.0731 -9.16389 0
      vertex 2.59473 -9.59454 0
      vertex 5.78673 -8.29593 0
    endloop
  endfacet
  facet normal 0 0 -1
    outer loop
      vertex 5.11787 -6.99013 0
      vertex 3.14789 -0.808242 0
      vertex 3.22437 -0.407332 0
    endloop
  endfacet
  facet normal 0 0 -1
    outer loop
      vertex 2.49928 -9.26099 0
      vertex 5.78673 -8.29593 0
      vertex 2.59473 -9.59454 0
    endloop
  endfacet
  facet normal -0 0 -1
    outer loop
      vertex 5.78673 -8.29593 0
      vertex 2.49928 -9.26099 0
      vertex 5.43671 -7.51894 0
    endloop
  endfacet
  facet normal 0 0 -1
    outer loop
      vertex 5.11787 -6.99013 0
      vertex 3.02177 -1.1964 0
      vertex 3.14789 -0.808242 0
    endloop
  endfacet
  facet normal 0 0 -1
    outer loop
      vertex 2.39174 -8.95662 0
      vertex 5.43671 -7.51894 0
      vertex 2.49928 -9.26099 0
    endloop
  endfacet
  facet normal 0 0 -1
    outer loop
      vertex 2.27209 -8.68144 0
      vertex 5.43671 -7.51894 0
      vertex 2.39174 -8.95662 0
    endloop
  endfacet
  facet normal 0 0 -1
    outer loop
      vertex 5.11787 -6.99013 0
      vertex 2.848 -1.5657 0
      vertex 3.02177 -1.1964 0
    endloop
  endfacet
  facet normal -0 0 -1
    outer loop
      vertex 5.43671 -7.51894 0
      vertex 2.27209 -8.68144 0
      vertex 5.11787 -6.99013 0
    endloop
  endfacet
  facet normal 0 0 -1
    outer loop
      vertex 2.14035 -8.43546 0
      vertex 5.11787 -6.99013 0
      vertex 2.27209 -8.68144 0
    endloop
  endfacet
  facet normal 0 0 -1
    outer loop
      vertex 5.11787 -6.99013 0
      vertex 2.6293 -1.9103 0
      vertex 2.848 -1.5657 0
    endloop
  endfacet
  facet normal 0 0 -1
    outer loop
      vertex 1.99651 -8.21866 0
      vertex 5.11787 -6.99013 0
      vertex 2.14035 -8.43546 0
    endloop
  endfacet
  facet normal 0 0 -1
    outer loop
      vertex 5.11787 -6.99013 0
      vertex 2.36915 -2.22478 0
      vertex 2.6293 -1.9103 0
    endloop
  endfacet
  facet normal 0 0 -1
    outer loop
      vertex 1.84056 -8.03107 0
      vertex 5.11787 -6.99013 0
      vertex 1.99651 -8.21866 0
    endloop
  endfacet
  facet normal 0 0 -1
    outer loop
      vertex 1.66864 -7.87041 0
      vertex 5.11787 -6.99013 0
      vertex 1.84056 -8.03107 0
    endloop
  endfacet
  facet normal 0 0 -1
    outer loop
      vertex 5.11787 -6.99013 0
      vertex 2.07163 -2.50417 0
      vertex 2.36915 -2.22478 0
    endloop
  endfacet
  facet normal 0 0 -1
    outer loop
      vertex 1.47672 -7.73448 0
      vertex 5.11787 -6.99013 0
      vertex 1.66864 -7.87041 0
    endloop
  endfacet
  facet normal 0 0 -1
    outer loop
      vertex 5.11787 -6.99013 0
      vertex 1.74144 -2.74407 0
      vertex 2.07163 -2.50417 0
    endloop
  endfacet
  facet normal 0 0 -1
    outer loop
      vertex 1.38378 -2.94069 0
      vertex 5.11787 -6.99013 0
      vertex 1.47672 -7.73448 0
    endloop
  endfacet
  facet normal 0 0 -1
    outer loop
      vertex 5.11787 -6.99013 0
      vertex 1.38378 -2.94069 0
      vertex 1.74144 -2.74407 0
    endloop
  endfacet
  facet normal 0 0 -1
    outer loop
      vertex 1.2648 -7.62326 0
      vertex 1.38378 -2.94069 0
      vertex 1.47672 -7.73448 0
    endloop
  endfacet
  facet normal 0 0 -1
    outer loop
      vertex 1.0043 -3.09093 0
      vertex 1.2648 -7.62326 0
      vertex 1.03288 -7.53676 0
    endloop
  endfacet
  facet normal 0 0 -1
    outer loop
      vertex 1.2648 -7.62326 0
      vertex 1.0043 -3.09093 0
      vertex 1.38378 -2.94069 0
    endloop
  endfacet
  facet normal 0 0 -1
    outer loop
      vertex 0.780991 -7.47496 0
      vertex 1.0043 -3.09093 0
      vertex 1.03288 -7.53676 0
    endloop
  endfacet
  facet normal 0 0 -1
    outer loop
      vertex 0.780991 -7.47496 0
      vertex 0.608989 -3.19243 0
      vertex 1.0043 -3.09093 0
    endloop
  endfacet
  facet normal 0 0 -1
    outer loop
      vertex 0.509094 -7.4379 0
      vertex 0.608989 -3.19243 0
      vertex 0.780991 -7.47496 0
    endloop
  endfacet
  facet normal 0 0 -1
    outer loop
      vertex 0.204069 -3.24359 0
      vertex 0.509094 -7.4379 0
      vertex 0.217209 -7.42554 0
    endloop
  endfacet
  facet normal 0 0 -1
    outer loop
      vertex 0.509094 -7.4379 0
      vertex 0.204069 -3.24359 0
      vertex 0.608989 -3.19243 0
    endloop
  endfacet
  facet normal 0 0 -1
    outer loop
      vertex -0.0888519 -7.4379 0
      vertex 0.204069 -3.24359 0
      vertex 0.217209 -7.42554 0
    endloop
  endfacet
  facet normal 0 0 -1
    outer loop
      vertex -0.0888519 -7.4379 0
      vertex -0.204069 -3.24359 0
      vertex 0.204069 -3.24359 0
    endloop
  endfacet
  facet normal 0 0 -1
    outer loop
      vertex -0.373886 -7.47496 0
      vertex -0.204069 -3.24359 0
      vertex -0.0888519 -7.4379 0
    endloop
  endfacet
  facet normal 0 0 -1
    outer loop
      vertex -0.373886 -7.47496 0
      vertex -0.608989 -3.19243 0
      vertex -0.204069 -3.24359 0
    endloop
  endfacet
  facet normal 0 0 -1
    outer loop
      vertex -0.637878 -7.53676 0
      vertex -0.608989 -3.19243 0
      vertex -0.373886 -7.47496 0
    endloop
  endfacet
  facet normal 0 0 -1
    outer loop
      vertex -1.0043 -3.09093 0
      vertex -0.637878 -7.53676 0
      vertex -0.880844 -7.62326 0
    endloop
  endfacet
  facet normal 0 0 -1
    outer loop
      vertex -0.637878 -7.53676 0
      vertex -1.0043 -3.09093 0
      vertex -0.608989 -3.19243 0
    endloop
  endfacet
  facet normal 0 0 -1
    outer loop
      vertex -1.10275 -7.73448 0
      vertex -1.0043 -3.09093 0
      vertex -0.880844 -7.62326 0
    endloop
  endfacet
  facet normal 0 0 -1
    outer loop
      vertex -1.38378 -2.94069 0
      vertex -1.10275 -7.73448 0
      vertex -1.30363 -7.87041 0
    endloop
  endfacet
  facet normal 0 0 -1
    outer loop
      vertex -1.10275 -7.73448 0
      vertex -1.38378 -2.94069 0
      vertex -1.0043 -3.09093 0
    endloop
  endfacet
  facet normal 0 0 -1
    outer loop
      vertex -1.74144 -2.74407 0
      vertex -1.30363 -7.87041 0
      vertex -1.48347 -8.03107 0
    endloop
  endfacet
  facet normal 0 0 -1
    outer loop
      vertex -2.07163 -2.50417 0
      vertex -1.48347 -8.03107 0
      vertex -1.64609 -8.21866 0
    endloop
  endfacet
  facet normal 0 0 -1
    outer loop
      vertex -1.30363 -7.87041 0
      vertex -1.74144 -2.74407 0
      vertex -1.38378 -2.94069 0
    endloop
  endfacet
  facet normal 0 0 -1
    outer loop
      vertex -2.36915 -2.22478 0
      vertex -1.64609 -8.21866 0
      vertex -1.7953 -8.43546 0
    endloop
  endfacet
  facet normal 0 0 -1
    outer loop
      vertex -2.36915 -2.22478 0
      vertex -1.7953 -8.43546 0
      vertex -1.93112 -8.68144 0
    endloop
  endfacet
  facet normal 0 0 -1
    outer loop
      vertex -2.6293 -1.9103 0
      vertex -1.93112 -8.68144 0
      vertex -2.05353 -8.95662 0
    endloop
  endfacet
  facet normal 0 0 -1
    outer loop
      vertex -1.48347 -8.03107 0
      vertex -2.07163 -2.50417 0
      vertex -1.74144 -2.74407 0
    endloop
  endfacet
  facet normal 0 0 -1
    outer loop
      vertex -2.848 -1.5657 0
      vertex -2.05353 -8.95662 0
      vertex -2.16255 -9.26099 0
    endloop
  endfacet
  facet normal 0 0 -1
    outer loop
      vertex -2.848 -1.5657 0
      vertex -2.16255 -9.26099 0
      vertex -2.25816 -9.59454 0
    endloop
  endfacet
  facet normal 0 0 -1
    outer loop
      vertex -2.848 -1.5657 0
      vertex -2.25816 -9.59454 0
      vertex -2.34036 -9.95728 0
    endloop
  endfacet
  facet normal 0 0 -1
    outer loop
      vertex -1.64609 -8.21866 0
      vertex -2.36915 -2.22478 0
      vertex -2.07163 -2.50417 0
    endloop
  endfacet
  facet normal 0 0 -1
    outer loop
      vertex -2.848 -1.5657 0
      vertex -2.34036 -9.95728 0
      vertex -2.41043 -10.3539 0
    endloop
  endfacet
  facet normal 0 0 -1
    outer loop
      vertex -2.848 -1.5657 0
      vertex -2.41043 -10.3539 0
      vertex -2.46973 -10.7893 0
    endloop
  endfacet
  facet normal 0 0 -1
    outer loop
      vertex -2.848 -1.5657 0
      vertex -2.46973 -10.7893 0
      vertex -2.51823 -11.2632 0
    endloop
  endfacet
  facet normal 0 0 -1
    outer loop
      vertex -2.848 -1.5657 0
      vertex -2.51823 -11.2632 0
      vertex -2.55597 -11.7758 0
    endloop
  endfacet
  facet normal 0 0 -1
    outer loop
      vertex -2.848 -1.5657 0
      vertex -2.55597 -11.7758 0
      vertex -2.58292 -12.3271 0
    endloop
  endfacet
  facet normal 0 0 -1
    outer loop
      vertex -2.848 -1.5657 0
      vertex -2.58292 -12.3271 0
      vertex -2.59908 -12.9171 0
    endloop
  endfacet
  facet normal 0 0 -1
    outer loop
      vertex -1.93112 -8.68144 0
      vertex -2.6293 -1.9103 0
      vertex -2.36915 -2.22478 0
    endloop
  endfacet
  facet normal 0 0 -1
    outer loop
      vertex -4.77546 -6.99013 0
      vertex -2.59908 -12.9171 0
      vertex -2.60448 -13.5456 0
    endloop
  endfacet
  facet normal 0 0 -1
    outer loop
      vertex 18.0218 -1.1964 0
      vertex 22 -2 0
      vertex 21.9606 -2.62667 0
    endloop
  endfacet
  facet normal 0 0 -1
    outer loop
      vertex 22 -2 0
      vertex 18.25 0 0
      vertex 22 2 0
    endloop
  endfacet
  facet normal 0 0 -1
    outer loop
      vertex 17.848 -1.5657 0
      vertex 21.9606 -2.62667 0
      vertex 21.8429 -3.24345 0
    endloop
  endfacet
  facet normal 0 0 -1
    outer loop
      vertex 18.2244 0.407332 0
      vertex 22 2 0
      vertex 18.25 0 0
    endloop
  endfacet
  facet normal 0 0 -1
    outer loop
      vertex 17.848 -1.5657 0
      vertex 21.8429 -3.24345 0
      vertex 21.6489 -3.84062 0
    endloop
  endfacet
  facet normal 0 0 -1
    outer loop
      vertex 18.1479 0.808242 0
      vertex 22 2 0
      vertex 18.2244 0.407332 0
    endloop
  endfacet
  facet normal 0 0 -1
    outer loop
      vertex 17.6293 -1.9103 0
      vertex 21.6489 -3.84062 0
      vertex 21.3815 -4.40877 0
    endloop
  endfacet
  facet normal 0 0 -1
    outer loop
      vertex 18.0218 1.1964 0
      vertex 22 2 0
      vertex 18.1479 0.808242 0
    endloop
  endfacet
  facet normal 0 0 -1
    outer loop
      vertex 17.6293 -1.9103 0
      vertex 21.3815 -4.40877 0
      vertex 21.0451 -4.93893 0
    endloop
  endfacet
  facet normal -0 0 -1
    outer loop
      vertex 22 2 0
      vertex 18.0218 1.1964 0
      vertex 21.9606 2.62667 0
    endloop
  endfacet
  facet normal 0 0 -1
    outer loop
      vertex 17.3691 -2.22478 0
      vertex 21.0451 -4.93893 0
      vertex 20.6448 -5.42274 0
    endloop
  endfacet
  facet normal 0 0 -1
    outer loop
      vertex 17.848 1.5657 0
      vertex 21.9606 2.62667 0
      vertex 18.0218 1.1964 0
    endloop
  endfacet
  facet normal 0 0 -1
    outer loop
      vertex 17.3691 -2.22478 0
      vertex 20.6448 -5.42274 0
      vertex 20.1871 -5.85257 0
    endloop
  endfacet
  facet normal -0 0 -1
    outer loop
      vertex 21.9606 2.62667 0
      vertex 17.848 1.5657 0
      vertex 21.8429 3.24345 0
    endloop
  endfacet
  facet normal 0 0 -1
    outer loop
      vertex 17.0716 -2.50417 0
      vertex 20.1871 -5.85257 0
      vertex 19.6791 -6.22164 0
    endloop
  endfacet
  facet normal -0 0 -1
    outer loop
      vertex 21.8429 3.24345 0
      vertex 17.848 1.5657 0
      vertex 21.6489 3.84062 0
    endloop
  endfacet
  facet normal 0 0 -1
    outer loop
      vertex 17.0716 -2.50417 0
      vertex 19.6791 -6.22164 0
      vertex 19.1289 -6.52413 0
    endloop
  endfacet
  facet normal 0 0 -1
    outer loop
      vertex 17.6293 1.9103 0
      vertex 21.6489 3.84062 0
      vertex 17.848 1.5657 0
    endloop
  endfacet
  facet normal 0 0 -1
    outer loop
      vertex 16.7414 -2.74407 0
      vertex 19.1289 -6.52413 0
      vertex 18.5451 -6.75528 0
    endloop
  endfacet
  facet normal -0 0 -1
    outer loop
      vertex 21.6489 3.84062 0
      vertex 17.6293 1.9103 0
      vertex 21.3815 4.40877 0
    endloop
  endfacet
  facet normal -0 0 -1
    outer loop
      vertex 21.3815 4.40877 0
      vertex 17.6293 1.9103 0
      vertex 21.0451 4.93893 0
    endloop
  endfacet
  facet normal 0 0 -1
    outer loop
      vertex 22 -2 0
      vertex 18.2244 -0.407332 0
      vertex 18.25 0 0
    endloop
  endfacet
  facet normal 0 0 -1
    outer loop
      vertex 22 -2 0
      vertex 18.1479 -0.808242 0
      vertex 18.2244 -0.407332 0
    endloop
  endfacet
  facet normal 0 0 -1
    outer loop
      vertex 22 -2 0
      vertex 18.0218 -1.1964 0
      vertex 18.1479 -0.808242 0
    endloop
  endfacet
  facet normal 0 0 -1
    outer loop
      vertex 16.7414 -2.74407 0
      vertex 18.5451 -6.75528 0
      vertex 17.9369 -6.91144 0
    endloop
  endfacet
  facet normal 0 0 -1
    outer loop
      vertex 21.9606 -2.62667 0
      vertex 17.848 -1.5657 0
      vertex 18.0218 -1.1964 0
    endloop
  endfacet
  facet normal 0 0 -1
    outer loop
      vertex 21.6489 -3.84062 0
      vertex 17.6293 -1.9103 0
      vertex 17.848 -1.5657 0
    endloop
  endfacet
  facet normal 0 0 -1
    outer loop
      vertex 21.0451 -4.93893 0
      vertex 17.3691 -2.22478 0
      vertex 17.6293 -1.9103 0
    endloop
  endfacet
  facet normal 0 0 -1
    outer loop
      vertex 16.3838 -2.94069 0
      vertex 17.9369 -6.91144 0
      vertex 17.314 -6.99013 0
    endloop
  endfacet
  facet normal 0 0 -1
    outer loop
      vertex 20.1871 -5.85257 0
      vertex 17.0716 -2.50417 0
      vertex 17.3691 -2.22478 0
    endloop
  endfacet
  facet normal 0 0 -1
    outer loop
      vertex 19.1289 -6.52413 0
      vertex 16.7414 -2.74407 0
      vertex 17.0716 -2.50417 0
    endloop
  endfacet
  facet normal 0 0 -1
    outer loop
      vertex 17.9369 -6.91144 0
      vertex 16.3838 -2.94069 0
      vertex 16.7414 -2.74407 0
    endloop
  endfacet
  facet normal 0 0 -1
    outer loop
      vertex 17.314 -6.99013 0
      vertex 16.0043 -3.09093 0
      vertex 16.3838 -2.94069 0
    endloop
  endfacet
  facet normal 0 0 -1
    outer loop
      vertex 17.314 -6.99013 0
      vertex 15.609 -3.19243 0
      vertex 16.0043 -3.09093 0
    endloop
  endfacet
  facet normal 0 0 -1
    outer loop
      vertex 17.314 -6.99013 0
      vertex 15.2041 -3.24359 0
      vertex 15.609 -3.19243 0
    endloop
  endfacet
  facet normal 0 0 -1
    outer loop
      vertex 17.314 -6.99013 0
      vertex 14.7959 -3.24359 0
      vertex 15.2041 -3.24359 0
    endloop
  endfacet
  facet normal 0 0 -1
    outer loop
      vertex 17.314 -6.99013 0
      vertex 14.391 -3.19243 0
      vertex 14.7959 -3.24359 0
    endloop
  endfacet
  facet normal 0 0 -1
    outer loop
      vertex 17.314 -6.99013 0
      vertex 13.9957 -3.09093 0
      vertex 14.391 -3.19243 0
    endloop
  endfacet
  facet normal 0 0 -1
    outer loop
      vertex 17.314 -6.99013 0
      vertex 13.6162 -2.94069 0
      vertex 13.9957 -3.09093 0
    endloop
  endfacet
  facet normal 0 0 -1
    outer loop
      vertex 5.11787 -6.99013 0
      vertex 13.6162 -2.94069 0
      vertex 17.314 -6.99013 0
    endloop
  endfacet
  facet normal -0 0 -1
    outer loop
      vertex 13.6162 -2.94069 0
      vertex 5.11787 -6.99013 0
      vertex 13.2586 -2.74407 0
    endloop
  endfacet
  facet normal -0 0 -1
    outer loop
      vertex 13.2586 -2.74407 0
      vertex 5.11787 -6.99013 0
      vertex 12.9284 -2.50417 0
    endloop
  endfacet
  facet normal 0 0 -1
    outer loop
      vertex 9.28581 -0.225599 0
      vertex 11.75 0 0
      vertex 11.7756 -0.407332 0
    endloop
  endfacet
  facet normal 0 0 -1
    outer loop
      vertex 9.24345 -0.447641 0
      vertex 11.7756 -0.407332 0
      vertex 11.8521 -0.808242 0
    endloop
  endfacet
  facet normal 0 0 -1
    outer loop
      vertex 9.07735 -0.867156 0
      vertex 11.8521 -0.808242 0
      vertex 11.9782 -1.1964 0
    endloop
  endfacet
  facet normal 0 0 -1
    outer loop
      vertex 8.95623 -1.05801 0
      vertex 11.9782 -1.1964 0
      vertex 12.152 -1.5657 0
    endloop
  endfacet
  facet normal 0 0 -1
    outer loop
      vertex 8.81214 -1.23218 0
      vertex 12.152 -1.5657 0
      vertex 12.3707 -1.9103 0
    endloop
  endfacet
  facet normal 0 0 -1
    outer loop
      vertex 8.46449 -1.51979 0
      vertex 12.3707 -1.9103 0
      vertex 12.6309 -2.22478 0
    endloop
  endfacet
  facet normal 0 -0 -1
    outer loop
      vertex 8.05623 -1.7119 0
      vertex 12.9284 -2.50417 0
      vertex 5.11787 -6.99013 0
    endloop
  endfacet
  facet normal -0 0 -1
    outer loop
      vertex 11.75 0 0
      vertex 9.28581 -0.225599 0
      vertex 9.3 0 0
    endloop
  endfacet
  facet normal -0 0 -1
    outer loop
      vertex 11.7756 -0.407332 0
      vertex 9.24345 -0.447641 0
      vertex 9.28581 -0.225599 0
    endloop
  endfacet
  facet normal 0 0 -1
    outer loop
      vertex 11.8521 -0.808242 0
      vertex 9.1736 -0.662623 0
      vertex 9.24345 -0.447641 0
    endloop
  endfacet
  facet normal -0 0 -1
    outer loop
      vertex 11.8521 -0.808242 0
      vertex 9.07735 -0.867156 0
      vertex 9.1736 -0.662623 0
    endloop
  endfacet
  facet normal 0 0 -1
    outer loop
      vertex 11.9782 -1.1964 0
      vertex 8.95623 -1.05801 0
      vertex 9.07735 -0.867156 0
    endloop
  endfacet
  facet normal 0 0 -1
    outer loop
      vertex 12.152 -1.5657 0
      vertex 8.81214 -1.23218 0
      vertex 8.95623 -1.05801 0
    endloop
  endfacet
  facet normal 0 0 -1
    outer loop
      vertex 12.3707 -1.9103 0
      vertex 8.64736 -1.38692 0
      vertex 8.81214 -1.23218 0
    endloop
  endfacet
  facet normal 0 0 -1
    outer loop
      vertex 12.3707 -1.9103 0
      vertex 8.46449 -1.51979 0
      vertex 8.64736 -1.38692 0
    endloop
  endfacet
  facet normal 0 0 -1
    outer loop
      vertex 12.6309 -2.22478 0
      vertex 8.2664 -1.62869 0
      vertex 8.46449 -1.51979 0
    endloop
  endfacet
  facet normal 0 -0 -1
    outer loop
      vertex 8.2664 -1.62869 0
      vertex 12.9284 -2.50417 0
      vertex 8.05623 -1.7119 0
    endloop
  endfacet
  facet normal 0 0 -1
    outer loop
      vertex 12.9284 -2.50417 0
      vertex 8.2664 -1.62869 0
      vertex 12.6309 -2.22478 0
    endloop
  endfacet
  facet normal 0 0 -1
    outer loop
      vertex 8.05623 -1.7119 0
      vertex 5.11787 -6.99013 0
      vertex 7.83729 -1.76812 0
    endloop
  endfacet
  facet normal 0 0 -1
    outer loop
      vertex 7.83729 -1.76812 0
      vertex 5.11787 -6.99013 0
      vertex 7.61302 -1.79645 0
    endloop
  endfacet
  facet normal -0 0 -1
    outer loop
      vertex 7.61302 -1.79645 0
      vertex 5.11787 -6.99013 0
      vertex 7.38698 -1.79645 0
    endloop
  endfacet
  facet normal -0 0 -1
    outer loop
      vertex 7.38698 -1.79645 0
      vertex 5.11787 -6.99013 0
      vertex 7.16271 -1.76812 0
    endloop
  endfacet
  facet normal -0 0 -1
    outer loop
      vertex 7.16271 -1.76812 0
      vertex 5.11787 -6.99013 0
      vertex 6.94377 -1.7119 0
    endloop
  endfacet
  facet normal 0 0 -1
    outer loop
      vertex 5.75655 -0.447641 0
      vertex 3.25 0 0
      vertex 5.71419 -0.225599 0
    endloop
  endfacet
  facet normal 0 0 -1
    outer loop
      vertex 5.8264 -0.662623 0
      vertex 3.25 0 0
      vertex 5.75655 -0.447641 0
    endloop
  endfacet
  facet normal 0 0 -1
    outer loop
      vertex 5.92265 -0.867156 0
      vertex 3.25 0 0
      vertex 5.8264 -0.662623 0
    endloop
  endfacet
  facet normal 0 0 -1
    outer loop
      vertex 6.04377 -1.05801 0
      vertex 3.25 0 0
      vertex 5.92265 -0.867156 0
    endloop
  endfacet
  facet normal 0 0 -1
    outer loop
      vertex 6.18786 -1.23218 0
      vertex 3.25 0 0
      vertex 6.04377 -1.05801 0
    endloop
  endfacet
  facet normal 0 0 -1
    outer loop
      vertex 3.25 0 0
      vertex 6.18786 -1.23218 0
      vertex 5.11787 -6.99013 0
    endloop
  endfacet
  facet normal -0 0 -1
    outer loop
      vertex 6.35264 -1.38692 0
      vertex 5.11787 -6.99013 0
      vertex 6.18786 -1.23218 0
    endloop
  endfacet
  facet normal -0 0 -1
    outer loop
      vertex 6.53551 -1.51979 0
      vertex 5.11787 -6.99013 0
      vertex 6.35264 -1.38692 0
    endloop
  endfacet
  facet normal -0 0 -1
    outer loop
      vertex 6.7336 -1.62869 0
      vertex 5.11787 -6.99013 0
      vertex 6.53551 -1.51979 0
    endloop
  endfacet
  facet normal -0 0 -1
    outer loop
      vertex 6.94377 -1.7119 0
      vertex 5.11787 -6.99013 0
      vertex 6.7336 -1.62869 0
    endloop
  endfacet
  facet normal 0 0 -1
    outer loop
      vertex 17.3691 2.22478 0
      vertex 21.0451 4.93893 0
      vertex 17.6293 1.9103 0
    endloop
  endfacet
  facet normal -0 0 -1
    outer loop
      vertex 21.0451 4.93893 0
      vertex 17.3691 2.22478 0
      vertex 20.6448 5.42274 0
    endloop
  endfacet
  facet normal -0 0 -1
    outer loop
      vertex 20.6448 5.42274 0
      vertex 17.3691 2.22478 0
      vertex 20.1871 5.85257 0
    endloop
  endfacet
  facet normal 0 0 -1
    outer loop
      vertex 17.0716 2.50417 0
      vertex 20.1871 5.85257 0
      vertex 17.3691 2.22478 0
    endloop
  endfacet
  facet normal -0 0 -1
    outer loop
      vertex 20.1871 5.85257 0
      vertex 17.0716 2.50417 0
      vertex 19.6791 6.22164 0
    endloop
  endfacet
  facet normal -0 0 -1
    outer loop
      vertex 19.6791 6.22164 0
      vertex 17.0716 2.50417 0
      vertex 19.1289 6.52413 0
    endloop
  endfacet
  facet normal 0 0 -1
    outer loop
      vertex 16.7414 2.74407 0
      vertex 19.1289 6.52413 0
      vertex 17.0716 2.50417 0
    endloop
  endfacet
  facet normal -0 0 -1
    outer loop
      vertex 19.1289 6.52413 0
      vertex 16.7414 2.74407 0
      vertex 18.5451 6.75528 0
    endloop
  endfacet
  facet normal -0 0 -1
    outer loop
      vertex 18.5451 6.75528 0
      vertex 16.7414 2.74407 0
      vertex 17.9369 6.91144 0
    endloop
  endfacet
  facet normal 0 0 -1
    outer loop
      vertex 16.3838 2.94069 0
      vertex 17.9369 6.91144 0
      vertex 16.7414 2.74407 0
    endloop
  endfacet
  facet normal -0 0 -1
    outer loop
      vertex 17.9369 6.91144 0
      vertex 16.3838 2.94069 0
      vertex 17.314 6.99013 0
    endloop
  endfacet
  facet normal 0 0 -1
    outer loop
      vertex 16.0043 3.09093 0
      vertex 17.314 6.99013 0
      vertex 16.3838 2.94069 0
    endloop
  endfacet
  facet normal 0 0 -1
    outer loop
      vertex 15.609 3.19243 0
      vertex 17.314 6.99013 0
      vertex 16.0043 3.09093 0
    endloop
  endfacet
  facet normal 0 0 -1
    outer loop
      vertex 15.2041 3.24359 0
      vertex 17.314 6.99013 0
      vertex 15.609 3.19243 0
    endloop
  endfacet
  facet normal 0 0 -1
    outer loop
      vertex 14.7959 3.24359 0
      vertex 17.314 6.99013 0
      vertex 15.2041 3.24359 0
    endloop
  endfacet
  facet normal 0 0 -1
    outer loop
      vertex 14.391 3.19243 0
      vertex 17.314 6.99013 0
      vertex 14.7959 3.24359 0
    endloop
  endfacet
  facet normal 0 0 -1
    outer loop
      vertex 13.9957 3.09093 0
      vertex 17.314 6.99013 0
      vertex 14.391 3.19243 0
    endloop
  endfacet
  facet normal 0 0 -1
    outer loop
      vertex 13.6162 2.94069 0
      vertex 17.314 6.99013 0
      vertex 13.9957 3.09093 0
    endloop
  endfacet
  facet normal 0 0 -1
    outer loop
      vertex 13.2586 2.74407 0
      vertex 17.314 6.99013 0
      vertex 13.6162 2.94069 0
    endloop
  endfacet
  facet normal 0 0 -1
    outer loop
      vertex 8.05623 1.7119 0
      vertex 13.2586 2.74407 0
      vertex 12.9284 2.50417 0
    endloop
  endfacet
  facet normal 0 0 -1
    outer loop
      vertex 8.2664 1.62869 0
      vertex 12.9284 2.50417 0
      vertex 12.6309 2.22478 0
    endloop
  endfacet
  facet normal 0 0 -1
    outer loop
      vertex 9.28581 0.225599 0
      vertex 11.75 0 0
      vertex 9.3 0 0
    endloop
  endfacet
  facet normal 0 0 -1
    outer loop
      vertex 11.75 0 0
      vertex 9.28581 0.225599 0
      vertex 11.7756 0.407332 0
    endloop
  endfacet
  facet normal 0 0 -1
    outer loop
      vertex 9.24345 0.447641 0
      vertex 11.7756 0.407332 0
      vertex 9.28581 0.225599 0
    endloop
  endfacet
  facet normal 0 0 -1
    outer loop
      vertex 11.7756 0.407332 0
      vertex 9.24345 0.447641 0
      vertex 11.8521 0.808242 0
    endloop
  endfacet
  facet normal 0 0 -1
    outer loop
      vertex 9.1736 0.662623 0
      vertex 11.8521 0.808242 0
      vertex 9.24345 0.447641 0
    endloop
  endfacet
  facet normal 0 0 -1
    outer loop
      vertex 9.07735 0.867156 0
      vertex 11.8521 0.808242 0
      vertex 9.1736 0.662623 0
    endloop
  endfacet
  facet normal 0 0 -1
    outer loop
      vertex 11.8521 0.808242 0
      vertex 9.07735 0.867156 0
      vertex 11.9782 1.1964 0
    endloop
  endfacet
  facet normal 0 0 -1
    outer loop
      vertex 8.95623 1.05801 0
      vertex 11.9782 1.1964 0
      vertex 9.07735 0.867156 0
    endloop
  endfacet
  facet normal -0 0 -1
    outer loop
      vertex 11.9782 1.1964 0
      vertex 8.95623 1.05801 0
      vertex 12.152 1.5657 0
    endloop
  endfacet
  facet normal 0 0 -1
    outer loop
      vertex 8.81214 1.23218 0
      vertex 12.152 1.5657 0
      vertex 8.95623 1.05801 0
    endloop
  endfacet
  facet normal -0 0 -1
    outer loop
      vertex 12.152 1.5657 0
      vertex 8.81214 1.23218 0
      vertex 12.3707 1.9103 0
    endloop
  endfacet
  facet normal 0 0 -1
    outer loop
      vertex 8.64736 1.38692 0
      vertex 12.3707 1.9103 0
      vertex 8.81214 1.23218 0
    endloop
  endfacet
  facet normal 0 0 -1
    outer loop
      vertex 8.46449 1.51979 0
      vertex 12.3707 1.9103 0
      vertex 8.64736 1.38692 0
    endloop
  endfacet
  facet normal -0 0 -1
    outer loop
      vertex 12.3707 1.9103 0
      vertex 8.46449 1.51979 0
      vertex 12.6309 2.22478 0
    endloop
  endfacet
  facet normal 0 0 -1
    outer loop
      vertex 8.2664 1.62869 0
      vertex 12.6309 2.22478 0
      vertex 8.46449 1.51979 0
    endloop
  endfacet
  facet normal 0 0 -1
    outer loop
      vertex 12.9284 2.50417 0
      vertex 8.2664 1.62869 0
      vertex 8.05623 1.7119 0
    endloop
  endfacet
  facet normal 0 0 -1
    outer loop
      vertex 13.2586 2.74407 0
      vertex 8.05623 1.7119 0
      vertex 7.83729 1.76812 0
    endloop
  endfacet
  facet normal -0 0 -1
    outer loop
      vertex 13.2586 2.74407 0
      vertex 7.83729 1.76812 0
      vertex 17.314 6.99013 0
    endloop
  endfacet
  facet normal 0 0 -1
    outer loop
      vertex 7.61302 1.79645 0
      vertex 17.314 6.99013 0
      vertex 7.83729 1.76812 0
    endloop
  endfacet
  facet normal 0 0 -1
    outer loop
      vertex 7.38698 1.79645 0
      vertex 17.314 6.99013 0
      vertex 7.61302 1.79645 0
    endloop
  endfacet
  facet normal 0 0 -1
    outer loop
      vertex 1.38378 2.94069 0
      vertex 7.38698 1.79645 0
      vertex 7.16271 1.76812 0
    endloop
  endfacet
  facet normal 0 0 -1
    outer loop
      vertex 1.74144 2.74407 0
      vertex 7.16271 1.76812 0
      vertex 6.94377 1.7119 0
    endloop
  endfacet
  facet normal 0 0 -1
    outer loop
      vertex 2.07163 2.50417 0
      vertex 6.94377 1.7119 0
      vertex 6.7336 1.62869 0
    endloop
  endfacet
  facet normal 0 0 -1
    outer loop
      vertex 5.71419 -0.225599 0
      vertex 3.25 0 0
      vertex 5.7 0 0
    endloop
  endfacet
  facet normal 0 0 -1
    outer loop
      vertex 2.89624 -15.2758 0
      vertex 4.4313 -20.8153 0
      vertex 3.86859 -21.3301 0
    endloop
  endfacet
  facet normal 0 0 -1
    outer loop
      vertex 2.89624 -15.2758 0
      vertex 3.86859 -21.3301 0
      vertex 3.24486 -21.7513 0
    endloop
  endfacet
  facet normal 0 0 -1
    outer loop
      vertex 4.4313 -20.8153 0
      vertex 2.89624 -15.2758 0
      vertex 4.933 -20.2068 0
    endloop
  endfacet
  facet normal 0 0 -1
    outer loop
      vertex 5.7 0 0
      vertex 3.25 0 0
      vertex 5.71419 0.225599 0
    endloop
  endfacet
  facet normal 0 0 -1
    outer loop
      vertex 3.22437 0.407332 0
      vertex 5.71419 0.225599 0
      vertex 3.25 0 0
    endloop
  endfacet
  facet normal 0 0 -1
    outer loop
      vertex 5.71419 0.225599 0
      vertex 3.22437 0.407332 0
      vertex 5.75655 0.447641 0
    endloop
  endfacet
  facet normal 0 0 -1
    outer loop
      vertex 3.14789 0.808242 0
      vertex 5.75655 0.447641 0
      vertex 3.22437 0.407332 0
    endloop
  endfacet
  facet normal 0 0 -1
    outer loop
      vertex 5.75655 0.447641 0
      vertex 3.14789 0.808242 0
      vertex 5.8264 0.662623 0
    endloop
  endfacet
  facet normal 0 0 -1
    outer loop
      vertex 5.8264 0.662623 0
      vertex 3.14789 0.808242 0
      vertex 5.92265 0.867156 0
    endloop
  endfacet
  facet normal 0 0 -1
    outer loop
      vertex 3.02177 1.1964 0
      vertex 5.92265 0.867156 0
      vertex 3.14789 0.808242 0
    endloop
  endfacet
  facet normal 0 0 -1
    outer loop
      vertex 5.92265 0.867156 0
      vertex 3.02177 1.1964 0
      vertex 6.04377 1.05801 0
    endloop
  endfacet
  facet normal 0 0 -1
    outer loop
      vertex 2.848 1.5657 0
      vertex 6.04377 1.05801 0
      vertex 3.02177 1.1964 0
    endloop
  endfacet
  facet normal 0 0 -1
    outer loop
      vertex 6.04377 1.05801 0
      vertex 2.848 1.5657 0
      vertex 6.18786 1.23218 0
    endloop
  endfacet
  facet normal 0 0 -1
    outer loop
      vertex 2.6293 1.9103 0
      vertex 6.18786 1.23218 0
      vertex 2.848 1.5657 0
    endloop
  endfacet
  facet normal 0 0 -1
    outer loop
      vertex 6.18786 1.23218 0
      vertex 2.6293 1.9103 0
      vertex 6.35264 1.38692 0
    endloop
  endfacet
  facet normal 0 0 -1
    outer loop
      vertex 6.35264 1.38692 0
      vertex 2.6293 1.9103 0
      vertex 6.53551 1.51979 0
    endloop
  endfacet
  facet normal 0 0 -1
    outer loop
      vertex 2.36915 2.22478 0
      vertex 6.53551 1.51979 0
      vertex 2.6293 1.9103 0
    endloop
  endfacet
  facet normal 0 0 -1
    outer loop
      vertex 6.53551 1.51979 0
      vertex 2.36915 2.22478 0
      vertex 6.7336 1.62869 0
    endloop
  endfacet
  facet normal 0 0 -1
    outer loop
      vertex 2.07163 2.50417 0
      vertex 6.7336 1.62869 0
      vertex 2.36915 2.22478 0
    endloop
  endfacet
  facet normal 0 0 -1
    outer loop
      vertex 6.94377 1.7119 0
      vertex 2.07163 2.50417 0
      vertex 1.74144 2.74407 0
    endloop
  endfacet
  facet normal 0 0 -1
    outer loop
      vertex 7.16271 1.76812 0
      vertex 1.74144 2.74407 0
      vertex 1.38378 2.94069 0
    endloop
  endfacet
  facet normal 0 0 -1
    outer loop
      vertex 7.38698 1.79645 0
      vertex 1.38378 2.94069 0
      vertex 17.314 6.99013 0
    endloop
  endfacet
  facet normal 0 0 -1
    outer loop
      vertex 1.0043 3.09093 0
      vertex 17.314 6.99013 0
      vertex 1.38378 2.94069 0
    endloop
  endfacet
  facet normal 0 0 -1
    outer loop
      vertex 0.608989 3.19243 0
      vertex 17.314 6.99013 0
      vertex 1.0043 3.09093 0
    endloop
  endfacet
  facet normal 0 0 -1
    outer loop
      vertex 0.204069 3.24359 0
      vertex 17.314 6.99013 0
      vertex 0.608989 3.19243 0
    endloop
  endfacet
  facet normal 0 0 -1
    outer loop
      vertex -0.204069 3.24359 0
      vertex 17.314 6.99013 0
      vertex 0.204069 3.24359 0
    endloop
  endfacet
  facet normal 0 0 -1
    outer loop
      vertex -17.314 6.99013 0
      vertex -0.204069 3.24359 0
      vertex -0.608989 3.19243 0
    endloop
  endfacet
  facet normal -0 0 -1
    outer loop
      vertex -2.40094 -16.7167 0
      vertex -5.93031 -16.9159 0
      vertex -2.46313 -16.2815 0
    endloop
  endfacet
  facet normal 0 0 -1
    outer loop
      vertex -6.09398 -15.8779 0
      vertex -2.51401 -15.809 0
      vertex -5.93031 -16.9159 0
    endloop
  endfacet
  facet normal 0 0 -1
    outer loop
      vertex -5.71419 -0.225599 0
      vertex -3.22437 -0.407332 0
      vertex -3.14789 -0.808242 0
    endloop
  endfacet
  facet normal 0 0 -1
    outer loop
      vertex -5.71419 -0.225599 0
      vertex -3.25 0 0
      vertex -3.22437 -0.407332 0
    endloop
  endfacet
  facet normal 0 0 -1
    outer loop
      vertex -5.71419 0.225599 0
      vertex -3.25 0 0
      vertex -5.7 0 0
    endloop
  endfacet
  facet normal 0 0 -1
    outer loop
      vertex -3.25 0 0
      vertex -5.71419 0.225599 0
      vertex -3.22437 0.407332 0
    endloop
  endfacet
  facet normal 0 0 -1
    outer loop
      vertex -5.75655 0.447641 0
      vertex -3.22437 0.407332 0
      vertex -5.71419 0.225599 0
    endloop
  endfacet
  facet normal 0 0 -1
    outer loop
      vertex -3.22437 0.407332 0
      vertex -5.75655 0.447641 0
      vertex -3.14789 0.808242 0
    endloop
  endfacet
  facet normal 0 0 -1
    outer loop
      vertex -5.8264 0.662623 0
      vertex -3.14789 0.808242 0
      vertex -5.75655 0.447641 0
    endloop
  endfacet
  facet normal 0 0 -1
    outer loop
      vertex -5.92265 0.867156 0
      vertex -3.14789 0.808242 0
      vertex -5.8264 0.662623 0
    endloop
  endfacet
  facet normal 0 0 -1
    outer loop
      vertex -3.14789 0.808242 0
      vertex -5.92265 0.867156 0
      vertex -3.02177 1.1964 0
    endloop
  endfacet
  facet normal 0 0 -1
    outer loop
      vertex -6.04377 1.05801 0
      vertex -3.02177 1.1964 0
      vertex -5.92265 0.867156 0
    endloop
  endfacet
  facet normal -0 0 -1
    outer loop
      vertex -3.02177 1.1964 0
      vertex -6.04377 1.05801 0
      vertex -2.848 1.5657 0
    endloop
  endfacet
  facet normal 0 0 -1
    outer loop
      vertex -6.18786 1.23218 0
      vertex -2.848 1.5657 0
      vertex -6.04377 1.05801 0
    endloop
  endfacet
  facet normal -0 0 -1
    outer loop
      vertex -2.848 1.5657 0
      vertex -6.18786 1.23218 0
      vertex -2.6293 1.9103 0
    endloop
  endfacet
  facet normal 0 0 -1
    outer loop
      vertex -6.35264 1.38692 0
      vertex -2.6293 1.9103 0
      vertex -6.18786 1.23218 0
    endloop
  endfacet
  facet normal 0 0 -1
    outer loop
      vertex -6.53551 1.51979 0
      vertex -2.6293 1.9103 0
      vertex -6.35264 1.38692 0
    endloop
  endfacet
  facet normal -0 0 -1
    outer loop
      vertex -2.6293 1.9103 0
      vertex -6.53551 1.51979 0
      vertex -2.36915 2.22478 0
    endloop
  endfacet
  facet normal 0 0 -1
    outer loop
      vertex -6.7336 1.62869 0
      vertex -2.36915 2.22478 0
      vertex -6.53551 1.51979 0
    endloop
  endfacet
  facet normal -0 0 -1
    outer loop
      vertex -2.36915 2.22478 0
      vertex -6.7336 1.62869 0
      vertex -2.07163 2.50417 0
    endloop
  endfacet
  facet normal 0 0 -1
    outer loop
      vertex -6.94377 1.7119 0
      vertex -2.07163 2.50417 0
      vertex -6.7336 1.62869 0
    endloop
  endfacet
  facet normal -0 0 -1
    outer loop
      vertex -2.07163 2.50417 0
      vertex -6.94377 1.7119 0
      vertex -1.74144 2.74407 0
    endloop
  endfacet
  facet normal 0 0 -1
    outer loop
      vertex -7.16271 1.76812 0
      vertex -1.74144 2.74407 0
      vertex -6.94377 1.7119 0
    endloop
  endfacet
  facet normal -0 0 -1
    outer loop
      vertex -1.74144 2.74407 0
      vertex -7.16271 1.76812 0
      vertex -1.38378 2.94069 0
    endloop
  endfacet
  facet normal 0 0 -1
    outer loop
      vertex -7.38698 1.79645 0
      vertex -1.38378 2.94069 0
      vertex -7.16271 1.76812 0
    endloop
  endfacet
  facet normal 0 0 -1
    outer loop
      vertex -17.314 6.99013 0
      vertex -1.38378 2.94069 0
      vertex -7.38698 1.79645 0
    endloop
  endfacet
  facet normal 0 0 -1
    outer loop
      vertex -1.38378 2.94069 0
      vertex -17.314 6.99013 0
      vertex -1.0043 3.09093 0
    endloop
  endfacet
  facet normal 0 0 -1
    outer loop
      vertex -1.0043 3.09093 0
      vertex -17.314 6.99013 0
      vertex -0.608989 3.19243 0
    endloop
  endfacet
  facet normal 0 0 -1
    outer loop
      vertex -17.314 6.99013 0
      vertex -7.38698 1.79645 0
      vertex -7.61302 1.79645 0
    endloop
  endfacet
  facet normal 0 0 -1
    outer loop
      vertex -17.314 6.99013 0
      vertex -7.61302 1.79645 0
      vertex -7.83729 1.76812 0
    endloop
  endfacet
  facet normal 0 0 -1
    outer loop
      vertex -11.75 0 0
      vertex -9.28581 0.225599 0
      vertex -9.3 0 0
    endloop
  endfacet
  facet normal 0 0 -1
    outer loop
      vertex -11.7756 0.407332 0
      vertex -9.28581 0.225599 0
      vertex -11.75 0 0
    endloop
  endfacet
  facet normal 0 0 -1
    outer loop
      vertex -9.28581 0.225599 0
      vertex -11.7756 0.407332 0
      vertex -9.24345 0.447641 0
    endloop
  endfacet
  facet normal 0 0 -1
    outer loop
      vertex -11.8521 0.808242 0
      vertex -9.24345 0.447641 0
      vertex -11.7756 0.407332 0
    endloop
  endfacet
  facet normal 0 0 -1
    outer loop
      vertex -9.24345 0.447641 0
      vertex -11.8521 0.808242 0
      vertex -9.1736 0.662623 0
    endloop
  endfacet
  facet normal 0 0 -1
    outer loop
      vertex -9.1736 0.662623 0
      vertex -11.8521 0.808242 0
      vertex -9.07735 0.867156 0
    endloop
  endfacet
  facet normal 0 0 -1
    outer loop
      vertex -11.9782 1.1964 0
      vertex -9.07735 0.867156 0
      vertex -11.8521 0.808242 0
    endloop
  endfacet
  facet normal 0 0 -1
    outer loop
      vertex -9.07735 0.867156 0
      vertex -11.9782 1.1964 0
      vertex -8.95623 1.05801 0
    endloop
  endfacet
  facet normal 0 0 -1
    outer loop
      vertex -12.152 1.5657 0
      vertex -8.95623 1.05801 0
      vertex -11.9782 1.1964 0
    endloop
  endfacet
  facet normal 0 0 -1
    outer loop
      vertex -8.95623 1.05801 0
      vertex -12.152 1.5657 0
      vertex -8.81214 1.23218 0
    endloop
  endfacet
  facet normal 0 0 -1
    outer loop
      vertex -12.3707 1.9103 0
      vertex -8.81214 1.23218 0
      vertex -12.152 1.5657 0
    endloop
  endfacet
  facet normal 0 0 -1
    outer loop
      vertex -8.81214 1.23218 0
      vertex -12.3707 1.9103 0
      vertex -8.64736 1.38692 0
    endloop
  endfacet
  facet normal 0 0 -1
    outer loop
      vertex -8.64736 1.38692 0
      vertex -12.3707 1.9103 0
      vertex -8.46449 1.51979 0
    endloop
  endfacet
  facet normal 0 0 -1
    outer loop
      vertex -12.6309 2.22478 0
      vertex -8.46449 1.51979 0
      vertex -12.3707 1.9103 0
    endloop
  endfacet
  facet normal 0 0 -1
    outer loop
      vertex -8.46449 1.51979 0
      vertex -12.6309 2.22478 0
      vertex -8.2664 1.62869 0
    endloop
  endfacet
  facet normal 0 0 -1
    outer loop
      vertex -12.9284 2.50417 0
      vertex -8.2664 1.62869 0
      vertex -12.6309 2.22478 0
    endloop
  endfacet
  facet normal 0 0 -1
    outer loop
      vertex -8.2664 1.62869 0
      vertex -12.9284 2.50417 0
      vertex -8.05623 1.7119 0
    endloop
  endfacet
  facet normal 0 0 -1
    outer loop
      vertex -13.2586 2.74407 0
      vertex -8.05623 1.7119 0
      vertex -12.9284 2.50417 0
    endloop
  endfacet
  facet normal 0 0 -1
    outer loop
      vertex -8.05623 1.7119 0
      vertex -13.2586 2.74407 0
      vertex -7.83729 1.76812 0
    endloop
  endfacet
  facet normal 0 0 -1
    outer loop
      vertex -7.83729 1.76812 0
      vertex -13.2586 2.74407 0
      vertex -17.314 6.99013 0
    endloop
  endfacet
  facet normal 0 0 -1
    outer loop
      vertex -17.314 6.99013 0
      vertex -13.2586 2.74407 0
      vertex -13.6162 2.94069 0
    endloop
  endfacet
  facet normal 0 0 -1
    outer loop
      vertex -17.314 6.99013 0
      vertex -13.6162 2.94069 0
      vertex -13.9957 3.09093 0
    endloop
  endfacet
  facet normal 0 0 -1
    outer loop
      vertex -17.314 6.99013 0
      vertex -13.9957 3.09093 0
      vertex -14.391 3.19243 0
    endloop
  endfacet
  facet normal 0 0 -1
    outer loop
      vertex -17.314 6.99013 0
      vertex -14.391 3.19243 0
      vertex -14.7959 3.24359 0
    endloop
  endfacet
  facet normal 0 0 -1
    outer loop
      vertex -17.314 6.99013 0
      vertex -14.7959 3.24359 0
      vertex -15.2041 3.24359 0
    endloop
  endfacet
  facet normal 0 0 -1
    outer loop
      vertex -0.204069 3.24359 0
      vertex -17.314 6.99013 0
      vertex 17.314 6.99013 0
    endloop
  endfacet
  facet normal 0 0 -1
    outer loop
      vertex -15.609 3.19243 0
      vertex -17.314 6.99013 0
      vertex -15.2041 3.24359 0
    endloop
  endfacet
  facet normal 0 0 -1
    outer loop
      vertex -16.0043 3.09093 0
      vertex -17.314 6.99013 0
      vertex -15.609 3.19243 0
    endloop
  endfacet
  facet normal 0 0 -1
    outer loop
      vertex -16.3838 2.94069 0
      vertex -17.314 6.99013 0
      vertex -16.0043 3.09093 0
    endloop
  endfacet
  facet normal 0 0 -1
    outer loop
      vertex -17.9369 6.91144 0
      vertex -16.3838 2.94069 0
      vertex -16.7414 2.74407 0
    endloop
  endfacet
  facet normal 0 0 -1
    outer loop
      vertex -19.1289 6.52413 0
      vertex -16.7414 2.74407 0
      vertex -17.0716 2.50417 0
    endloop
  endfacet
  facet normal 0 0 -1
    outer loop
      vertex -20.1871 5.85257 0
      vertex -17.0716 2.50417 0
      vertex -17.3691 2.22478 0
    endloop
  endfacet
  facet normal 0 0 -1
    outer loop
      vertex -21.0451 4.93893 0
      vertex -17.3691 2.22478 0
      vertex -17.6293 1.9103 0
    endloop
  endfacet
  facet normal 0 0 -1
    outer loop
      vertex -21.6489 3.84062 0
      vertex -17.6293 1.9103 0
      vertex -17.848 1.5657 0
    endloop
  endfacet
  facet normal 0 0 -1
    outer loop
      vertex -16.3838 2.94069 0
      vertex -17.9369 6.91144 0
      vertex -17.314 6.99013 0
    endloop
  endfacet
  facet normal 0 0 -1
    outer loop
      vertex -21.9606 2.62667 0
      vertex -17.848 1.5657 0
      vertex -18.0218 1.1964 0
    endloop
  endfacet
  facet normal 0 0 -1
    outer loop
      vertex -22 2 0
      vertex -18.0218 1.1964 0
      vertex -18.1479 0.808242 0
    endloop
  endfacet
  facet normal 0 0 -1
    outer loop
      vertex -22 2 0
      vertex -18.1479 0.808242 0
      vertex -18.2244 0.407332 0
    endloop
  endfacet
  facet normal 0 0 -1
    outer loop
      vertex -22 2 0
      vertex -18.2244 0.407332 0
      vertex -18.25 0 0
    endloop
  endfacet
  facet normal 0 0 -1
    outer loop
      vertex -16.7414 2.74407 0
      vertex -18.5451 6.75528 0
      vertex -17.9369 6.91144 0
    endloop
  endfacet
  facet normal 0 0 -1
    outer loop
      vertex -21.3815 -4.40877 0
      vertex -17.6293 -1.9103 0
      vertex -21.0451 -4.93893 0
    endloop
  endfacet
  facet normal 0 0 -1
    outer loop
      vertex -21.6489 -3.84062 0
      vertex -17.6293 -1.9103 0
      vertex -21.3815 -4.40877 0
    endloop
  endfacet
  facet normal 0 0 -1
    outer loop
      vertex -22 2 0
      vertex -18.25 0 0
      vertex -22 -2 0
    endloop
  endfacet
  facet normal -0 0 -1
    outer loop
      vertex -17.6293 -1.9103 0
      vertex -21.6489 -3.84062 0
      vertex -17.848 -1.5657 0
    endloop
  endfacet
  facet normal 0 0 -1
    outer loop
      vertex -18.0218 1.1964 0
      vertex -22 2 0
      vertex -21.9606 2.62667 0
    endloop
  endfacet
  facet normal 0 0 -1
    outer loop
      vertex -21.8429 -3.24345 0
      vertex -17.848 -1.5657 0
      vertex -21.6489 -3.84062 0
    endloop
  endfacet
  facet normal 0 0 -1
    outer loop
      vertex -16.7414 2.74407 0
      vertex -19.1289 6.52413 0
      vertex -18.5451 6.75528 0
    endloop
  endfacet
  facet normal 0 0 -1
    outer loop
      vertex -21.9606 -2.62667 0
      vertex -17.848 -1.5657 0
      vertex -21.8429 -3.24345 0
    endloop
  endfacet
  facet normal 0 0 -1
    outer loop
      vertex -17.0716 2.50417 0
      vertex -19.6791 6.22164 0
      vertex -19.1289 6.52413 0
    endloop
  endfacet
  facet normal -0 0 -1
    outer loop
      vertex -17.848 -1.5657 0
      vertex -21.9606 -2.62667 0
      vertex -18.0218 -1.1964 0
    endloop
  endfacet
  facet normal 0 0 -1
    outer loop
      vertex -17.0716 2.50417 0
      vertex -20.1871 5.85257 0
      vertex -19.6791 6.22164 0
    endloop
  endfacet
  facet normal 0 0 -1
    outer loop
      vertex -22 -2 0
      vertex -18.0218 -1.1964 0
      vertex -21.9606 -2.62667 0
    endloop
  endfacet
  facet normal 0 0 -1
    outer loop
      vertex -17.3691 2.22478 0
      vertex -20.6448 5.42274 0
      vertex -20.1871 5.85257 0
    endloop
  endfacet
  facet normal -0 0 -1
    outer loop
      vertex -18.0218 -1.1964 0
      vertex -22 -2 0
      vertex -18.1479 -0.808242 0
    endloop
  endfacet
  facet normal 0 0 -1
    outer loop
      vertex -17.3691 2.22478 0
      vertex -21.0451 4.93893 0
      vertex -20.6448 5.42274 0
    endloop
  endfacet
  facet normal -0 0 -1
    outer loop
      vertex -18.1479 -0.808242 0
      vertex -22 -2 0
      vertex -18.2244 -0.407332 0
    endloop
  endfacet
  facet normal 0 0 -1
    outer loop
      vertex -17.6293 1.9103 0
      vertex -21.3815 4.40877 0
      vertex -21.0451 4.93893 0
    endloop
  endfacet
  facet normal -0 0 -1
    outer loop
      vertex -18.2244 -0.407332 0
      vertex -22 -2 0
      vertex -18.25 0 0
    endloop
  endfacet
  facet normal 0 0 -1
    outer loop
      vertex -17.6293 1.9103 0
      vertex -21.6489 3.84062 0
      vertex -21.3815 4.40877 0
    endloop
  endfacet
  facet normal 0 0 -1
    outer loop
      vertex -17.848 1.5657 0
      vertex -21.8429 3.24345 0
      vertex -21.6489 3.84062 0
    endloop
  endfacet
  facet normal 0 0 -1
    outer loop
      vertex -17.848 1.5657 0
      vertex -21.9606 2.62667 0
      vertex -21.8429 3.24345 0
    endloop
  endfacet
  facet normal -0.248691 -0.968583 0
    outer loop
      vertex -18.5451 -6.75528 0
      vertex -17.9369 -6.91144 3
      vertex -18.5451 -6.75528 3
    endloop
  endfacet
  facet normal -0.248691 -0.968583 -0
    outer loop
      vertex -17.9369 -6.91144 3
      vertex -18.5451 -6.75528 0
      vertex -17.9369 -6.91144 0
    endloop
  endfacet
  facet normal -0.125332 -0.992115 0
    outer loop
      vertex -17.9369 -6.91144 0
      vertex -17.314 -6.99013 3
      vertex -17.9369 -6.91144 3
    endloop
  endfacet
  facet normal -0.125332 -0.992115 -0
    outer loop
      vertex -17.314 -6.99013 3
      vertex -17.9369 -6.91144 0
      vertex -17.314 -6.99013 0
    endloop
  endfacet
  facet normal 0.998029 -0.0627481 0
    outer loop
      vertex 21.9606 -2.62667 3
      vertex 22 -2 0
      vertex 22 -2 3
    endloop
  endfacet
  facet normal 0.998029 -0.0627481 0
    outer loop
      vertex 22 -2 0
      vertex 21.9606 -2.62667 3
      vertex 21.9606 -2.62667 0
    endloop
  endfacet
  facet normal 0.844364 -0.53577 0
    outer loop
      vertex 21.0451 -4.93893 3
      vertex 21.3815 -4.40877 0
      vertex 21.3815 -4.40877 3
    endloop
  endfacet
  facet normal 0.844364 -0.53577 0
    outer loop
      vertex 21.3815 -4.40877 0
      vertex 21.0451 -4.93893 3
      vertex 21.0451 -4.93893 0
    endloop
  endfacet
  facet normal -0.844364 0.53577 0
    outer loop
      vertex -21.3815 4.40877 0
      vertex -21.0451 4.93893 3
      vertex -21.0451 4.93893 0
    endloop
  endfacet
  facet normal -0.844364 0.53577 0
    outer loop
      vertex -21.0451 4.93893 3
      vertex -21.3815 4.40877 0
      vertex -21.3815 4.40877 3
    endloop
  endfacet
  facet normal -0.982275 0.187447 0
    outer loop
      vertex -21.9606 2.62667 0
      vertex -21.8429 3.24345 3
      vertex -21.8429 3.24345 0
    endloop
  endfacet
  facet normal -0.982275 0.187447 0
    outer loop
      vertex -21.8429 3.24345 3
      vertex -21.9606 2.62667 0
      vertex -21.9606 2.62667 3
    endloop
  endfacet
  facet normal 0.982275 0.187447 0
    outer loop
      vertex 21.9606 2.62667 3
      vertex 21.8429 3.24345 0
      vertex 21.8429 3.24345 3
    endloop
  endfacet
  facet normal 0.982275 0.187447 0
    outer loop
      vertex 21.8429 3.24345 0
      vertex 21.9606 2.62667 3
      vertex 21.9606 2.62667 0
    endloop
  endfacet
  facet normal 0.770468 0.637478 0
    outer loop
      vertex 21.0451 4.93893 3
      vertex 20.6448 5.42274 0
      vertex 20.6448 5.42274 3
    endloop
  endfacet
  facet normal 0.770468 0.637478 0
    outer loop
      vertex 20.6448 5.42274 0
      vertex 21.0451 4.93893 3
      vertex 21.0451 4.93893 0
    endloop
  endfacet
  facet normal 0.844364 0.53577 0
    outer loop
      vertex 21.3815 4.40877 3
      vertex 21.0451 4.93893 0
      vertex 21.0451 4.93893 3
    endloop
  endfacet
  facet normal 0.844364 0.53577 0
    outer loop
      vertex 21.0451 4.93893 0
      vertex 21.3815 4.40877 3
      vertex 21.3815 4.40877 0
    endloop
  endfacet
  facet normal 0.368135 0.929773 -0
    outer loop
      vertex 19.1289 6.52413 0
      vertex 18.5451 6.75528 3
      vertex 19.1289 6.52413 3
    endloop
  endfacet
  facet normal 0.368135 0.929773 0
    outer loop
      vertex 18.5451 6.75528 3
      vertex 19.1289 6.52413 0
      vertex 18.5451 6.75528 0
    endloop
  endfacet
  facet normal 0.481772 0.876297 -0
    outer loop
      vertex 19.6791 6.22164 0
      vertex 19.1289 6.52413 3
      vertex 19.6791 6.22164 3
    endloop
  endfacet
  facet normal 0.481772 0.876297 0
    outer loop
      vertex 19.1289 6.52413 3
      vertex 19.6791 6.22164 0
      vertex 19.1289 6.52413 0
    endloop
  endfacet
  facet normal 0.125332 0.992115 -0
    outer loop
      vertex 17.9369 6.91144 0
      vertex 17.314 6.99013 3
      vertex 17.9369 6.91144 3
    endloop
  endfacet
  facet normal 0.125332 0.992115 0
    outer loop
      vertex 17.314 6.99013 3
      vertex 17.9369 6.91144 0
      vertex 17.314 6.99013 0
    endloop
  endfacet
  facet normal -0.587771 -0.809027 0
    outer loop
      vertex -20.1871 -5.85257 0
      vertex -19.6791 -6.22164 3
      vertex -20.1871 -5.85257 3
    endloop
  endfacet
  facet normal -0.587771 -0.809027 -0
    outer loop
      vertex -19.6791 -6.22164 3
      vertex -20.1871 -5.85257 0
      vertex -19.6791 -6.22164 0
    endloop
  endfacet
  facet normal -0.481772 -0.876297 0
    outer loop
      vertex -19.6791 -6.22164 0
      vertex -19.1289 -6.52413 3
      vertex -19.6791 -6.22164 3
    endloop
  endfacet
  facet normal -0.481772 -0.876297 -0
    outer loop
      vertex -19.1289 -6.52413 3
      vertex -19.6791 -6.22164 0
      vertex -19.1289 -6.52413 0
    endloop
  endfacet
  facet normal -0.904797 -0.425843 0
    outer loop
      vertex -21.3815 -4.40877 0
      vertex -21.6489 -3.84062 3
      vertex -21.6489 -3.84062 0
    endloop
  endfacet
  facet normal -0.904797 -0.425843 0
    outer loop
      vertex -21.6489 -3.84062 3
      vertex -21.3815 -4.40877 0
      vertex -21.3815 -4.40877 3
    endloop
  endfacet
  facet normal 0.368135 -0.929773 0
    outer loop
      vertex 18.5451 -6.75528 0
      vertex 19.1289 -6.52413 3
      vertex 18.5451 -6.75528 3
    endloop
  endfacet
  facet normal 0.368135 -0.929773 0
    outer loop
      vertex 19.1289 -6.52413 3
      vertex 18.5451 -6.75528 0
      vertex 19.1289 -6.52413 0
    endloop
  endfacet
  facet normal 0.125332 -0.992115 0
    outer loop
      vertex 17.314 -6.99013 0
      vertex 17.9369 -6.91144 3
      vertex 17.314 -6.99013 3
    endloop
  endfacet
  facet normal 0.125332 -0.992115 0
    outer loop
      vertex 17.9369 -6.91144 3
      vertex 17.314 -6.99013 0
      vertex 17.9369 -6.91144 0
    endloop
  endfacet
  facet normal 0.904797 -0.425843 0
    outer loop
      vertex 21.3815 -4.40877 3
      vertex 21.6489 -3.84062 0
      vertex 21.6489 -3.84062 3
    endloop
  endfacet
  facet normal 0.904797 -0.425843 0
    outer loop
      vertex 21.6489 -3.84062 0
      vertex 21.3815 -4.40877 3
      vertex 21.3815 -4.40877 0
    endloop
  endfacet
  facet normal -0.587771 0.809027 0
    outer loop
      vertex -19.6791 6.22164 0
      vertex -20.1871 5.85257 3
      vertex -19.6791 6.22164 3
    endloop
  endfacet
  facet normal -0.587771 0.809027 0
    outer loop
      vertex -20.1871 5.85257 3
      vertex -19.6791 6.22164 0
      vertex -20.1871 5.85257 0
    endloop
  endfacet
  facet normal -0.481772 0.876297 0
    outer loop
      vertex -19.1289 6.52413 0
      vertex -19.6791 6.22164 3
      vertex -19.1289 6.52413 3
    endloop
  endfacet
  facet normal -0.481772 0.876297 0
    outer loop
      vertex -19.6791 6.22164 3
      vertex -19.1289 6.52413 0
      vertex -19.6791 6.22164 0
    endloop
  endfacet
  facet normal 0.951072 0.30897 0
    outer loop
      vertex 21.8429 3.24345 3
      vertex 21.6489 3.84062 0
      vertex 21.6489 3.84062 3
    endloop
  endfacet
  facet normal 0.951072 0.30897 0
    outer loop
      vertex 21.6489 3.84062 0
      vertex 21.8429 3.24345 3
      vertex 21.8429 3.24345 0
    endloop
  endfacet
  facet normal 0.684565 0.728952 -0
    outer loop
      vertex 20.6448 5.42274 0
      vertex 20.1871 5.85257 3
      vertex 20.6448 5.42274 3
    endloop
  endfacet
  facet normal 0.684565 0.728952 0
    outer loop
      vertex 20.1871 5.85257 3
      vertex 20.6448 5.42274 0
      vertex 20.1871 5.85257 0
    endloop
  endfacet
  facet normal -0.844364 -0.53577 0
    outer loop
      vertex -21.0451 -4.93893 0
      vertex -21.3815 -4.40877 3
      vertex -21.3815 -4.40877 0
    endloop
  endfacet
  facet normal -0.844364 -0.53577 0
    outer loop
      vertex -21.3815 -4.40877 3
      vertex -21.0451 -4.93893 0
      vertex -21.0451 -4.93893 3
    endloop
  endfacet
  facet normal -0.982275 -0.187447 0
    outer loop
      vertex -21.8429 -3.24345 0
      vertex -21.9606 -2.62667 3
      vertex -21.9606 -2.62667 0
    endloop
  endfacet
  facet normal -0.982275 -0.187447 0
    outer loop
      vertex -21.9606 -2.62667 3
      vertex -21.8429 -3.24345 0
      vertex -21.8429 -3.24345 3
    endloop
  endfacet
  facet normal 0.248691 -0.968583 0
    outer loop
      vertex 17.9369 -6.91144 0
      vertex 18.5451 -6.75528 3
      vertex 17.9369 -6.91144 3
    endloop
  endfacet
  facet normal 0.248691 -0.968583 0
    outer loop
      vertex 18.5451 -6.75528 3
      vertex 17.9369 -6.91144 0
      vertex 18.5451 -6.75528 0
    endloop
  endfacet
  facet normal 0.587771 -0.809027 0
    outer loop
      vertex 19.6791 -6.22164 0
      vertex 20.1871 -5.85257 3
      vertex 19.6791 -6.22164 3
    endloop
  endfacet
  facet normal 0.587771 -0.809027 0
    outer loop
      vertex 20.1871 -5.85257 3
      vertex 19.6791 -6.22164 0
      vertex 20.1871 -5.85257 0
    endloop
  endfacet
  facet normal 0.481772 -0.876297 0
    outer loop
      vertex 19.1289 -6.52413 0
      vertex 19.6791 -6.22164 3
      vertex 19.1289 -6.52413 3
    endloop
  endfacet
  facet normal 0.481772 -0.876297 0
    outer loop
      vertex 19.6791 -6.22164 3
      vertex 19.1289 -6.52413 0
      vertex 19.6791 -6.22164 0
    endloop
  endfacet
  facet normal 0 0 -1
    outer loop
      vertex -1.21291 -15.0917 0
      vertex 1.55728 -11.8835 0
      vertex 1.55728 -15.0917 0
    endloop
  endfacet
  facet normal -0 0 -1
    outer loop
      vertex 1.55728 -11.8835 0
      vertex -1.21291 -15.0917 0
      vertex -1.21291 -11.8835 0
    endloop
  endfacet
  facet normal -0 0 1
    outer loop
      vertex -1.21291 -11.8835 3
      vertex 1.55728 -15.0917 3
      vertex 1.55728 -11.8835 3
    endloop
  endfacet
  facet normal 0 0 1
    outer loop
      vertex 1.55728 -15.0917 3
      vertex -1.21291 -11.8835 3
      vertex -1.21291 -15.0917 3
    endloop
  endfacet
  facet normal 0.171452 -0.985192 0
    outer loop
      vertex 1.00763 -22.4533 0
      vertex 1.81439 -22.3129 3
      vertex 1.00763 -22.4533 3
    endloop
  endfacet
  facet normal 0.171452 -0.985192 0
    outer loop
      vertex 1.81439 -22.3129 3
      vertex 1.00763 -22.4533 0
      vertex 1.81439 -22.3129 0
    endloop
  endfacet
  facet normal 0.299389 -0.954131 0
    outer loop
      vertex 1.81439 -22.3129 0
      vertex 2.56013 -22.0789 3
      vertex 1.81439 -22.3129 3
    endloop
  endfacet
  facet normal 0.299389 -0.954131 0
    outer loop
      vertex 2.56013 -22.0789 3
      vertex 1.81439 -22.3129 0
      vertex 2.56013 -22.0789 0
    endloop
  endfacet
  facet normal 0.431585 -0.902072 0
    outer loop
      vertex 2.56013 -22.0789 0
      vertex 3.24486 -21.7513 3
      vertex 2.56013 -22.0789 3
    endloop
  endfacet
  facet normal 0.431585 -0.902072 0
    outer loop
      vertex 3.24486 -21.7513 3
      vertex 2.56013 -22.0789 0
      vertex 3.24486 -21.7513 0
    endloop
  endfacet
  facet normal 0.559639 -0.828736 0
    outer loop
      vertex 3.24486 -21.7513 0
      vertex 3.86859 -21.3301 3
      vertex 3.24486 -21.7513 3
    endloop
  endfacet
  facet normal 0.559639 -0.828736 0
    outer loop
      vertex 3.86859 -21.3301 3
      vertex 3.24486 -21.7513 0
      vertex 3.86859 -21.3301 0
    endloop
  endfacet
  facet normal 0.674999 -0.737818 0
    outer loop
      vertex 3.86859 -21.3301 0
      vertex 4.4313 -20.8153 3
      vertex 3.86859 -21.3301 3
    endloop
  endfacet
  facet normal 0.674999 -0.737818 0
    outer loop
      vertex 4.4313 -20.8153 3
      vertex 3.86859 -21.3301 0
      vertex 4.4313 -20.8153 0
    endloop
  endfacet
  facet normal 0.771568 -0.636147 0
    outer loop
      vertex 4.4313 -20.8153 3
      vertex 4.933 -20.2068 0
      vertex 4.933 -20.2068 3
    endloop
  endfacet
  facet normal 0.771568 -0.636147 0
    outer loop
      vertex 4.933 -20.2068 0
      vertex 4.4313 -20.8153 3
      vertex 4.4313 -20.8153 0
    endloop
  endfacet
  facet normal 0.847157 -0.531343 0
    outer loop
      vertex 4.933 -20.2068 3
      vertex 5.37054 -19.5092 0
      vertex 5.37054 -19.5092 3
    endloop
  endfacet
  facet normal 0.847157 -0.531343 0
    outer loop
      vertex 5.37054 -19.5092 0
      vertex 4.933 -20.2068 3
      vertex 4.933 -20.2068 0
    endloop
  endfacet
  facet normal 0.903882 -0.427781 0
    outer loop
      vertex 5.37054 -19.5092 3
      vertex 5.74078 -18.7269 0
      vertex 5.74078 -18.7269 3
    endloop
  endfacet
  facet normal 0.903882 -0.427781 0
    outer loop
      vertex 5.74078 -18.7269 0
      vertex 5.37054 -19.5092 3
      vertex 5.37054 -19.5092 0
    endloop
  endfacet
  facet normal 0.94403 -0.32986 0
    outer loop
      vertex 5.74078 -18.7269 3
      vertex 6.04369 -17.86 0
      vertex 6.04369 -17.86 3
    endloop
  endfacet
  facet normal 0.94403 -0.32986 0
    outer loop
      vertex 6.04369 -17.86 0
      vertex 5.74078 -18.7269 3
      vertex 5.74078 -18.7269 0
    endloop
  endfacet
  facet normal 0.97069 -0.240336 0
    outer loop
      vertex 6.04369 -17.86 3
      vertex 6.2793 -16.9084 0
      vertex 6.2793 -16.9084 3
    endloop
  endfacet
  facet normal 0.97069 -0.240336 0
    outer loop
      vertex 6.2793 -16.9084 0
      vertex 6.04369 -17.86 3
      vertex 6.04369 -17.86 0
    endloop
  endfacet
  facet normal 0.987072 -0.160277 0
    outer loop
      vertex 6.2793 -16.9084 3
      vertex 6.44757 -15.8721 0
      vertex 6.44757 -15.8721 3
    endloop
  endfacet
  facet normal 0.987072 -0.160277 0
    outer loop
      vertex 6.44757 -15.8721 0
      vertex 6.2793 -16.9084 3
      vertex 6.2793 -16.9084 0
    endloop
  endfacet
  facet normal 0.995967 -0.089725 0
    outer loop
      vertex 6.44757 -15.8721 3
      vertex 6.54855 -14.7512 0
      vertex 6.54855 -14.7512 3
    endloop
  endfacet
  facet normal 0.995967 -0.089725 0
    outer loop
      vertex 6.54855 -14.7512 0
      vertex 6.44757 -15.8721 3
      vertex 6.44757 -15.8721 0
    endloop
  endfacet
  facet normal 0.999611 -0.0279005 0
    outer loop
      vertex 6.54855 -14.7512 3
      vertex 6.5822 -13.5456 0
      vertex 6.5822 -13.5456 3
    endloop
  endfacet
  facet normal 0.999611 -0.0279005 0
    outer loop
      vertex 6.5822 -13.5456 0
      vertex 6.54855 -14.7512 3
      vertex 6.54855 -14.7512 0
    endloop
  endfacet
  facet normal 0.999667 0.0258214 0
    outer loop
      vertex 6.5822 -13.5456 3
      vertex 6.55038 -12.3137 0
      vertex 6.55038 -12.3137 3
    endloop
  endfacet
  facet normal 0.999667 0.0258214 0
    outer loop
      vertex 6.55038 -12.3137 0
      vertex 6.5822 -13.5456 3
      vertex 6.5822 -13.5456 0
    endloop
  endfacet
  facet normal 0.996519 0.0833708 0
    outer loop
      vertex 6.55038 -12.3137 3
      vertex 6.45493 -11.1728 0
      vertex 6.45493 -11.1728 3
    endloop
  endfacet
  facet normal 0.996519 0.0833708 0
    outer loop
      vertex 6.45493 -11.1728 0
      vertex 6.55038 -12.3137 3
      vertex 6.55038 -12.3137 0
    endloop
  endfacet
  facet normal 0.988716 0.149805 0
    outer loop
      vertex 6.45493 -11.1728 3
      vertex 6.29584 -10.1228 0
      vertex 6.29584 -10.1228 3
    endloop
  endfacet
  facet normal 0.988716 0.149805 0
    outer loop
      vertex 6.29584 -10.1228 0
      vertex 6.45493 -11.1728 3
      vertex 6.45493 -11.1728 0
    endloop
  endfacet
  facet normal 0.974067 0.226261 0
    outer loop
      vertex 6.29584 -10.1228 3
      vertex 6.0731 -9.16389 0
      vertex 6.0731 -9.16389 3
    endloop
  endfacet
  facet normal 0.974067 0.226261 0
    outer loop
      vertex 6.0731 -9.16389 0
      vertex 6.29584 -10.1228 3
      vertex 6.29584 -10.1228 0
    endloop
  endfacet
  facet normal 0.949647 0.313321 0
    outer loop
      vertex 6.0731 -9.16389 3
      vertex 5.78673 -8.29593 0
      vertex 5.78673 -8.29593 3
    endloop
  endfacet
  facet normal 0.949647 0.313321 0
    outer loop
      vertex 5.78673 -8.29593 0
      vertex 6.0731 -9.16389 3
      vertex 6.0731 -9.16389 0
    endloop
  endfacet
  facet normal 0.911757 0.41073 0
    outer loop
      vertex 5.78673 -8.29593 3
      vertex 5.43671 -7.51894 0
      vertex 5.43671 -7.51894 3
    endloop
  endfacet
  facet normal 0.911757 0.41073 0
    outer loop
      vertex 5.43671 -7.51894 0
      vertex 5.78673 -8.29593 3
      vertex 5.78673 -8.29593 0
    endloop
  endfacet
  facet normal 0.856381 0.516345 0
    outer loop
      vertex 5.43671 -7.51894 3
      vertex 5.11787 -6.99013 0
      vertex 5.11787 -6.99013 3
    endloop
  endfacet
  facet normal 0.856381 0.516345 0
    outer loop
      vertex 5.11787 -6.99013 0
      vertex 5.43671 -7.51894 3
      vertex 5.43671 -7.51894 0
    endloop
  endfacet
  facet normal -0.853008 0.521898 0
    outer loop
      vertex -5.07483 -7.47943 0
      vertex -4.77546 -6.99013 3
      vertex -4.77546 -6.99013 0
    endloop
  endfacet
  facet normal -0.853008 0.521898 0
    outer loop
      vertex -4.77546 -6.99013 3
      vertex -5.07483 -7.47943 0
      vertex -5.07483 -7.47943 3
    endloop
  endfacet
  facet normal -0.910493 0.413525 0
    outer loop
      vertex -5.42624 -8.25316 0
      vertex -5.07483 -7.47943 3
      vertex -5.07483 -7.47943 0
    endloop
  endfacet
  facet normal -0.910493 0.413525 0
    outer loop
      vertex -5.07483 -7.47943 3
      vertex -5.42624 -8.25316 0
      vertex -5.42624 -8.25316 3
    endloop
  endfacet
  facet normal -0.949346 0.314234 0
    outer loop
      vertex -5.71376 -9.1218 0
      vertex -5.42624 -8.25316 3
      vertex -5.42624 -8.25316 0
    endloop
  endfacet
  facet normal -0.949346 0.314234 0
    outer loop
      vertex -5.42624 -8.25316 3
      vertex -5.71376 -9.1218 0
      vertex -5.71376 -9.1218 3
    endloop
  endfacet
  facet normal -0.974111 0.226069 0
    outer loop
      vertex -5.93739 -10.0854 0
      vertex -5.71376 -9.1218 3
      vertex -5.71376 -9.1218 0
    endloop
  endfacet
  facet normal -0.974111 0.226069 0
    outer loop
      vertex -5.71376 -9.1218 3
      vertex -5.93739 -10.0854 0
      vertex -5.93739 -10.0854 3
    endloop
  endfacet
  facet normal -0.988802 0.149231 0
    outer loop
      vertex -6.09714 -11.1439 0
      vertex -5.93739 -10.0854 3
      vertex -5.93739 -10.0854 0
    endloop
  endfacet
  facet normal -0.988802 0.149231 0
    outer loop
      vertex -5.93739 -10.0854 3
      vertex -6.09714 -11.1439 0
      vertex -6.09714 -11.1439 3
    endloop
  endfacet
  facet normal -0.996566 0.0828081 0
    outer loop
      vertex -6.19298 -12.2973 0
      vertex -6.09714 -11.1439 3
      vertex -6.09714 -11.1439 0
    endloop
  endfacet
  facet normal -0.996566 0.0828081 0
    outer loop
      vertex -6.09714 -11.1439 3
      vertex -6.19298 -12.2973 0
      vertex -6.19298 -12.2973 3
    endloop
  endfacet
  facet normal -0.999673 0.0255704 0
    outer loop
      vertex -6.22491 -13.5456 0
      vertex -6.19298 -12.2973 3
      vertex -6.19298 -12.2973 0
    endloop
  endfacet
  facet normal -0.999673 0.0255704 0
    outer loop
      vertex -6.19298 -12.2973 3
      vertex -6.22491 -13.5456 0
      vertex -6.22491 -13.5456 3
    endloop
  endfacet
  facet normal -0.999634 -0.0270643 0
    outer loop
      vertex -6.19218 -14.7545 0
      vertex -6.22491 -13.5456 3
      vertex -6.22491 -13.5456 0
    endloop
  endfacet
  facet normal -0.999634 -0.0270643 0
    outer loop
      vertex -6.22491 -13.5456 3
      vertex -6.19218 -14.7545 0
      vertex -6.19218 -14.7545 3
    endloop
  endfacet
  facet normal -0.996201 -0.0870811 0
    outer loop
      vertex -6.09398 -15.8779 0
      vertex -6.19218 -14.7545 3
      vertex -6.19218 -14.7545 0
    endloop
  endfacet
  facet normal -0.996201 -0.0870811 0
    outer loop
      vertex -6.19218 -14.7545 3
      vertex -6.09398 -15.8779 0
      vertex -6.09398 -15.8779 3
    endloop
  endfacet
  facet normal -0.987796 -0.155754 0
    outer loop
      vertex -5.93031 -16.9159 0
      vertex -6.09398 -15.8779 3
      vertex -6.09398 -15.8779 0
    endloop
  endfacet
  facet normal -0.987796 -0.155754 0
    outer loop
      vertex -6.09398 -15.8779 3
      vertex -5.93031 -16.9159 0
      vertex -5.93031 -16.9159 3
    endloop
  endfacet
  facet normal -0.972262 -0.233894 0
    outer loop
      vertex -5.70117 -17.8684 0
      vertex -5.93031 -16.9159 3
      vertex -5.93031 -16.9159 0
    endloop
  endfacet
  facet normal -0.972262 -0.233894 0
    outer loop
      vertex -5.93031 -16.9159 3
      vertex -5.70117 -17.8684 0
      vertex -5.70117 -17.8684 3
    endloop
  endfacet
  facet normal -0.946844 -0.321693 0
    outer loop
      vertex -5.40657 -18.7355 0
      vertex -5.70117 -17.8684 3
      vertex -5.70117 -17.8684 0
    endloop
  endfacet
  facet normal -0.946844 -0.321693 0
    outer loop
      vertex -5.70117 -17.8684 3
      vertex -5.40657 -18.7355 0
      vertex -5.40657 -18.7355 3
    endloop
  endfacet
  facet normal -0.908246 -0.418437 0
    outer loop
      vertex -5.04648 -19.5171 0
      vertex -5.40657 -18.7355 3
      vertex -5.40657 -18.7355 0
    endloop
  endfacet
  facet normal -0.908246 -0.418437 0
    outer loop
      vertex -5.40657 -18.7355 3
      vertex -5.04648 -19.5171 0
      vertex -5.04648 -19.5171 3
    endloop
  endfacet
  facet normal -0.853236 -0.521525 0
    outer loop
      vertex -4.62094 -20.2133 0
      vertex -5.04648 -19.5171 3
      vertex -5.04648 -19.5171 0
    endloop
  endfacet
  facet normal -0.853236 -0.521525 0
    outer loop
      vertex -5.04648 -19.5171 3
      vertex -4.62094 -20.2133 0
      vertex -4.62094 -20.2133 3
    endloop
  endfacet
  facet normal -0.777946 -0.628332 0
    outer loop
      vertex -4.13092 -20.82 0
      vertex -4.62094 -20.2133 3
      vertex -4.62094 -20.2133 0
    endloop
  endfacet
  facet normal -0.777946 -0.628332 0
    outer loop
      vertex -4.62094 -20.2133 3
      vertex -4.13092 -20.82 0
      vertex -4.13092 -20.82 3
    endloop
  endfacet
  facet normal -0.680135 -0.733086 0
    outer loop
      vertex -4.13092 -20.82 0
      vertex -3.57755 -21.3334 3
      vertex -4.13092 -20.82 3
    endloop
  endfacet
  facet normal -0.680135 -0.733086 -0
    outer loop
      vertex -3.57755 -21.3334 3
      vertex -4.13092 -20.82 0
      vertex -3.57755 -21.3334 0
    endloop
  endfacet
  facet normal -0.562856 -0.826555 0
    outer loop
      vertex -3.57755 -21.3334 0
      vertex -2.96078 -21.7534 3
      vertex -3.57755 -21.3334 3
    endloop
  endfacet
  facet normal -0.562856 -0.826555 -0
    outer loop
      vertex -2.96078 -21.7534 3
      vertex -3.57755 -21.3334 0
      vertex -2.96078 -21.7534 0
    endloop
  endfacet
  facet normal -0.432997 -0.901395 0
    outer loop
      vertex -2.96078 -21.7534 0
      vertex -2.28067 -22.0801 3
      vertex -2.96078 -21.7534 3
    endloop
  endfacet
  facet normal -0.432997 -0.901395 -0
    outer loop
      vertex -2.28067 -22.0801 3
      vertex -2.96078 -21.7534 0
      vertex -2.28067 -22.0801 0
    endloop
  endfacet
  facet normal -0.2994 -0.954128 0
    outer loop
      vertex -2.28067 -22.0801 0
      vertex -1.53719 -22.3134 3
      vertex -2.28067 -22.0801 3
    endloop
  endfacet
  facet normal -0.2994 -0.954128 -0
    outer loop
      vertex -1.53719 -22.3134 3
      vertex -2.28067 -22.0801 0
      vertex -1.53719 -22.3134 0
    endloop
  endfacet
  facet normal -0.171076 -0.985258 0
    outer loop
      vertex -1.53719 -22.3134 0
      vertex -0.730331 -22.4535 3
      vertex -1.53719 -22.3134 3
    endloop
  endfacet
  facet normal -0.171076 -0.985258 -0
    outer loop
      vertex -0.730331 -22.4535 3
      vertex -1.53719 -22.3134 0
      vertex -0.730331 -22.4535 0
    endloop
  endfacet
  facet normal -0.0534738 -0.998569 0
    outer loop
      vertex -0.730331 -22.4535 0
      vertex 0.139877 -22.5001 3
      vertex -0.730331 -22.4535 3
    endloop
  endfacet
  facet normal -0.0534738 -0.998569 -0
    outer loop
      vertex 0.139877 -22.5001 3
      vertex -0.730331 -22.4535 0
      vertex 0.139877 -22.5001 0
    endloop
  endfacet
  facet normal 0.0538541 -0.998549 0
    outer loop
      vertex 0.139877 -22.5001 0
      vertex 1.00763 -22.4533 3
      vertex 0.139877 -22.5001 3
    endloop
  endfacet
  facet normal 0.0538541 -0.998549 0
    outer loop
      vertex 1.00763 -22.4533 3
      vertex 0.139877 -22.5001 0
      vertex 1.00763 -22.4533 0
    endloop
  endfacet
  facet normal 0.134446 0.990921 -0
    outer loop
      vertex -0.126419 -19.6404 0
      vertex -0.399124 -19.6034 3
      vertex -0.126419 -19.6404 3
    endloop
  endfacet
  facet normal 0.134446 0.990921 0
    outer loop
      vertex -0.399124 -19.6034 3
      vertex -0.126419 -19.6404 0
      vertex -0.399124 -19.6034 0
    endloop
  endfacet
  facet normal 0.237084 0.971489 -0
    outer loop
      vertex -0.399124 -19.6034 0
      vertex -0.652359 -19.5416 3
      vertex -0.399124 -19.6034 3
    endloop
  endfacet
  facet normal 0.237084 0.971489 0
    outer loop
      vertex -0.652359 -19.5416 3
      vertex -0.399124 -19.6034 0
      vertex -0.652359 -19.5416 0
    endloop
  endfacet
  facet normal 0.347014 0.93786 -0
    outer loop
      vertex -0.652359 -19.5416 0
      vertex -0.886139 -19.4551 3
      vertex -0.652359 -19.5416 3
    endloop
  endfacet
  facet normal 0.347014 0.93786 0
    outer loop
      vertex -0.886139 -19.4551 3
      vertex -0.652359 -19.5416 0
      vertex -0.886139 -19.4551 0
    endloop
  endfacet
  facet normal 0.460874 0.887466 -0
    outer loop
      vertex -0.886139 -19.4551 0
      vertex -1.10046 -19.3438 3
      vertex -0.886139 -19.4551 3
    endloop
  endfacet
  facet normal 0.460874 0.887466 0
    outer loop
      vertex -1.10046 -19.3438 3
      vertex -0.886139 -19.4551 0
      vertex -1.10046 -19.3438 0
    endloop
  endfacet
  facet normal 0.572024 0.820237 -0
    outer loop
      vertex -1.10046 -19.3438 0
      vertex -1.29533 -19.2079 3
      vertex -1.10046 -19.3438 3
    endloop
  endfacet
  facet normal 0.572024 0.820237 0
    outer loop
      vertex -1.29533 -19.2079 3
      vertex -1.10046 -19.3438 0
      vertex -1.29533 -19.2079 0
    endloop
  endfacet
  facet normal 0.675306 0.737538 -0
    outer loop
      vertex -1.29533 -19.2079 0
      vertex -1.47073 -19.0473 3
      vertex -1.29533 -19.2079 3
    endloop
  endfacet
  facet normal 0.675306 0.737538 0
    outer loop
      vertex -1.47073 -19.0473 3
      vertex -1.29533 -19.2079 0
      vertex -1.47073 -19.0473 0
    endloop
  endfacet
  facet normal 0.76228 0.647248 0
    outer loop
      vertex -1.47073 -19.0473 3
      vertex -1.63019 -18.8595 0
      vertex -1.63019 -18.8595 3
    endloop
  endfacet
  facet normal 0.76228 0.647248 0
    outer loop
      vertex -1.63019 -18.8595 0
      vertex -1.47073 -19.0473 3
      vertex -1.47073 -19.0473 0
    endloop
  endfacet
  facet normal 0.827999 0.560729 0
    outer loop
      vertex -1.63019 -18.8595 3
      vertex -1.77728 -18.6423 0
      vertex -1.77728 -18.6423 3
    endloop
  endfacet
  facet normal 0.827999 0.560729 0
    outer loop
      vertex -1.77728 -18.6423 0
      vertex -1.63019 -18.8595 3
      vertex -1.63019 -18.8595 0
    endloop
  endfacet
  facet normal 0.877632 0.479336 0
    outer loop
      vertex -1.77728 -18.6423 3
      vertex -1.91202 -18.3956 0
      vertex -1.91202 -18.3956 3
    endloop
  endfacet
  facet normal 0.877632 0.479336 0
    outer loop
      vertex -1.91202 -18.3956 0
      vertex -1.77728 -18.6423 3
      vertex -1.77728 -18.6423 0
    endloop
  endfacet
  facet normal 0.914206 0.40525 0
    outer loop
      vertex -1.91202 -18.3956 3
      vertex -2.03441 -18.1195 0
      vertex -2.03441 -18.1195 3
    endloop
  endfacet
  facet normal 0.914206 0.40525 0
    outer loop
      vertex -2.03441 -18.1195 0
      vertex -1.91202 -18.3956 3
      vertex -1.91202 -18.3956 0
    endloop
  endfacet
  facet normal 0.940838 0.338856 0
    outer loop
      vertex -2.03441 -18.1195 3
      vertex -2.14444 -17.814 0
      vertex -2.14444 -17.814 3
    endloop
  endfacet
  facet normal 0.940838 0.338856 0
    outer loop
      vertex -2.14444 -17.814 0
      vertex -2.03441 -18.1195 3
      vertex -2.03441 -18.1195 0
    endloop
  endfacet
  facet normal 0.960014 0.279952 0
    outer loop
      vertex -2.14444 -17.814 3
      vertex -2.24213 -17.479 0
      vertex -2.24213 -17.479 3
    endloop
  endfacet
  facet normal 0.960014 0.279952 0
    outer loop
      vertex -2.24213 -17.479 0
      vertex -2.14444 -17.814 3
      vertex -2.14444 -17.814 0
    endloop
  endfacet
  facet normal 0.973667 0.227973 0
    outer loop
      vertex -2.24213 -17.479 3
      vertex -2.32745 -17.1146 0
      vertex -2.32745 -17.1146 3
    endloop
  endfacet
  facet normal 0.973667 0.227973 0
    outer loop
      vertex -2.32745 -17.1146 0
      vertex -2.24213 -17.479 3
      vertex -2.24213 -17.479 0
    endloop
  endfacet
  facet normal 0.983368 0.181623 0
    outer loop
      vertex -2.32745 -17.1146 3
      vertex -2.40094 -16.7167 0
      vertex -2.40094 -16.7167 3
    endloop
  endfacet
  facet normal 0.983368 0.181623 0
    outer loop
      vertex -2.40094 -16.7167 0
      vertex -2.32745 -17.1146 3
      vertex -2.32745 -17.1146 0
    endloop
  endfacet
  facet normal 0.989944 0.141463 0
    outer loop
      vertex -2.40094 -16.7167 3
      vertex -2.46313 -16.2815 0
      vertex -2.46313 -16.2815 3
    endloop
  endfacet
  facet normal 0.989944 0.141463 0
    outer loop
      vertex -2.46313 -16.2815 0
      vertex -2.40094 -16.7167 3
      vertex -2.40094 -16.7167 0
    endloop
  endfacet
  facet normal 0.994252 0.107064 0
    outer loop
      vertex -2.46313 -16.2815 3
      vertex -2.51401 -15.809 0
      vertex -2.51401 -15.809 3
    endloop
  endfacet
  facet normal 0.994252 0.107064 0
    outer loop
      vertex -2.51401 -15.809 0
      vertex -2.46313 -16.2815 3
      vertex -2.46313 -16.2815 0
    endloop
  endfacet
  facet normal 0.997 0.0774054 0
    outer loop
      vertex -2.51401 -15.809 3
      vertex -2.55359 -15.2992 0
      vertex -2.55359 -15.2992 3
    endloop
  endfacet
  facet normal 0.997 0.0774054 0
    outer loop
      vertex -2.55359 -15.2992 0
      vertex -2.51401 -15.809 3
      vertex -2.51401 -15.809 0
    endloop
  endfacet
  facet normal 0.998668 0.0515942 0
    outer loop
      vertex -2.55359 -15.2992 3
      vertex -2.58186 -14.752 0
      vertex -2.58186 -14.752 3
    endloop
  endfacet
  facet normal 0.998668 0.0515942 0
    outer loop
      vertex -2.58186 -14.752 0
      vertex -2.55359 -15.2992 3
      vertex -2.55359 -15.2992 0
    endloop
  endfacet
  facet normal 0.999579 0.029004 0
    outer loop
      vertex -2.58186 -14.752 3
      vertex -2.59882 -14.1675 0
      vertex -2.59882 -14.1675 3
    endloop
  endfacet
  facet normal 0.999579 0.029004 0
    outer loop
      vertex -2.59882 -14.1675 0
      vertex -2.58186 -14.752 3
      vertex -2.58186 -14.752 0
    endloop
  endfacet
  facet normal 0.999959 0.00910076 0
    outer loop
      vertex -2.59882 -14.1675 3
      vertex -2.60448 -13.5456 0
      vertex -2.60448 -13.5456 3
    endloop
  endfacet
  facet normal 0.999959 0.00910076 0
    outer loop
      vertex -2.60448 -13.5456 0
      vertex -2.59882 -14.1675 3
      vertex -2.59882 -14.1675 0
    endloop
  endfacet
  facet normal 0.999963 -0.00859157 0
    outer loop
      vertex -2.60448 -13.5456 3
      vertex -2.59908 -12.9171 0
      vertex -2.59908 -12.9171 3
    endloop
  endfacet
  facet normal 0.999963 -0.00859157 0
    outer loop
      vertex -2.59908 -12.9171 0
      vertex -2.60448 -13.5456 3
      vertex -2.60448 -13.5456 0
    endloop
  endfacet
  facet normal 0.999625 -0.0273796 0
    outer loop
      vertex -2.59908 -12.9171 3
      vertex -2.58292 -12.3271 0
      vertex -2.58292 -12.3271 3
    endloop
  endfacet
  facet normal 0.999625 -0.0273796 0
    outer loop
      vertex -2.58292 -12.3271 0
      vertex -2.59908 -12.9171 3
      vertex -2.59908 -12.9171 0
    endloop
  endfacet
  facet normal 0.998807 -0.0488262 0
    outer loop
      vertex -2.58292 -12.3271 3
      vertex -2.55597 -11.7758 0
      vertex -2.55597 -11.7758 3
    endloop
  endfacet
  facet normal 0.998807 -0.0488262 0
    outer loop
      vertex -2.55597 -11.7758 0
      vertex -2.58292 -12.3271 3
      vertex -2.58292 -12.3271 0
    endloop
  endfacet
  facet normal 0.997301 -0.0734259 0
    outer loop
      vertex -2.55597 -11.7758 3
      vertex -2.51823 -11.2632 0
      vertex -2.51823 -11.2632 3
    endloop
  endfacet
  facet normal 0.997301 -0.0734259 0
    outer loop
      vertex -2.51823 -11.2632 0
      vertex -2.55597 -11.7758 3
      vertex -2.55597 -11.7758 0
    endloop
  endfacet
  facet normal 0.994804 -0.10181 0
    outer loop
      vertex -2.51823 -11.2632 3
      vertex -2.46973 -10.7893 0
      vertex -2.46973 -10.7893 3
    endloop
  endfacet
  facet normal 0.994804 -0.10181 0
    outer loop
      vertex -2.46973 -10.7893 0
      vertex -2.51823 -11.2632 3
      vertex -2.51823 -11.2632 0
    endloop
  endfacet
  facet normal 0.990852 -0.134951 0
    outer loop
      vertex -2.46973 -10.7893 3
      vertex -2.41043 -10.3539 0
      vertex -2.41043 -10.3539 3
    endloop
  endfacet
  facet normal 0.990852 -0.134951 0
    outer loop
      vertex -2.41043 -10.3539 0
      vertex -2.46973 -10.7893 3
      vertex -2.46973 -10.7893 0
    endloop
  endfacet
  facet normal 0.98475 -0.173974 0
    outer loop
      vertex -2.41043 -10.3539 3
      vertex -2.34036 -9.95728 0
      vertex -2.34036 -9.95728 3
    endloop
  endfacet
  facet normal 0.98475 -0.173974 0
    outer loop
      vertex -2.34036 -9.95728 0
      vertex -2.41043 -10.3539 3
      vertex -2.41043 -10.3539 0
    endloop
  endfacet
  facet normal 0.975273 -0.221005 0
    outer loop
      vertex -2.34036 -9.95728 3
      vertex -2.25816 -9.59454 0
      vertex -2.25816 -9.59454 3
    endloop
  endfacet
  facet normal 0.975273 -0.221005 0
    outer loop
      vertex -2.25816 -9.59454 0
      vertex -2.34036 -9.95728 3
      vertex -2.34036 -9.95728 0
    endloop
  endfacet
  facet normal 0.961288 -0.275547 0
    outer loop
      vertex -2.25816 -9.59454 3
      vertex -2.16255 -9.26099 0
      vertex -2.16255 -9.26099 3
    endloop
  endfacet
  facet normal 0.961288 -0.275547 0
    outer loop
      vertex -2.16255 -9.26099 0
      vertex -2.25816 -9.59454 3
      vertex -2.25816 -9.59454 0
    endloop
  endfacet
  facet normal 0.941432 -0.337204 0
    outer loop
      vertex -2.16255 -9.26099 3
      vertex -2.05353 -8.95662 0
      vertex -2.05353 -8.95662 3
    endloop
  endfacet
  facet normal 0.941432 -0.337204 0
    outer loop
      vertex -2.05353 -8.95662 0
      vertex -2.16255 -9.26099 3
      vertex -2.16255 -9.26099 0
    endloop
  endfacet
  facet normal 0.913679 -0.406437 0
    outer loop
      vertex -2.05353 -8.95662 3
      vertex -1.93112 -8.68144 0
      vertex -1.93112 -8.68144 3
    endloop
  endfacet
  facet normal 0.913679 -0.406437 0
    outer loop
      vertex -1.93112 -8.68144 0
      vertex -2.05353 -8.95662 3
      vertex -2.05353 -8.95662 0
    endloop
  endfacet
  facet normal 0.875417 -0.483369 0
    outer loop
      vertex -1.93112 -8.68144 3
      vertex -1.7953 -8.43546 0
      vertex -1.7953 -8.43546 3
    endloop
  endfacet
  facet normal 0.875417 -0.483369 0
    outer loop
      vertex -1.7953 -8.43546 0
      vertex -1.93112 -8.68144 3
      vertex -1.93112 -8.68144 0
    endloop
  endfacet
  facet normal 0.823758 -0.566942 0
    outer loop
      vertex -1.7953 -8.43546 3
      vertex -1.64609 -8.21866 0
      vertex -1.64609 -8.21866 3
    endloop
  endfacet
  facet normal 0.823758 -0.566942 0
    outer loop
      vertex -1.64609 -8.21866 0
      vertex -1.7953 -8.43546 3
      vertex -1.7953 -8.43546 0
    endloop
  endfacet
  facet normal 0.755605 -0.655027 0
    outer loop
      vertex -1.64609 -8.21866 3
      vertex -1.48347 -8.03107 0
      vertex -1.48347 -8.03107 3
    endloop
  endfacet
  facet normal 0.755605 -0.655027 0
    outer loop
      vertex -1.48347 -8.03107 0
      vertex -1.64609 -8.21866 3
      vertex -1.64609 -8.21866 0
    endloop
  endfacet
  facet normal 0.66622 -0.745755 0
    outer loop
      vertex -1.48347 -8.03107 0
      vertex -1.30363 -7.87041 3
      vertex -1.48347 -8.03107 3
    endloop
  endfacet
  facet normal 0.66622 -0.745755 0
    outer loop
      vertex -1.30363 -7.87041 3
      vertex -1.48347 -8.03107 0
      vertex -1.30363 -7.87041 0
    endloop
  endfacet
  facet normal 0.560424 -0.828206 0
    outer loop
      vertex -1.30363 -7.87041 0
      vertex -1.10275 -7.73448 3
      vertex -1.30363 -7.87041 3
    endloop
  endfacet
  facet normal 0.560424 -0.828206 0
    outer loop
      vertex -1.10275 -7.73448 3
      vertex -1.30363 -7.87041 0
      vertex -1.10275 -7.73448 0
    endloop
  endfacet
  facet normal 0.448074 -0.893997 0
    outer loop
      vertex -1.10275 -7.73448 0
      vertex -0.880844 -7.62326 3
      vertex -1.10275 -7.73448 3
    endloop
  endfacet
  facet normal 0.448074 -0.893997 0
    outer loop
      vertex -0.880844 -7.62326 3
      vertex -1.10275 -7.73448 0
      vertex -0.880844 -7.62326 0
    endloop
  endfacet
  facet normal 0.335395 -0.942077 0
    outer loop
      vertex -0.880844 -7.62326 0
      vertex -0.637878 -7.53676 3
      vertex -0.880844 -7.62326 3
    endloop
  endfacet
  facet normal 0.335395 -0.942077 0
    outer loop
      vertex -0.637878 -7.53676 3
      vertex -0.880844 -7.62326 0
      vertex -0.637878 -7.53676 0
    endloop
  endfacet
  facet normal 0.227936 -0.973676 0
    outer loop
      vertex -0.637878 -7.53676 0
      vertex -0.373886 -7.47496 3
      vertex -0.637878 -7.53676 3
    endloop
  endfacet
  facet normal 0.227936 -0.973676 0
    outer loop
      vertex -0.373886 -7.47496 3
      vertex -0.637878 -7.53676 0
      vertex -0.373886 -7.47496 0
    endloop
  endfacet
  facet normal 0.128934 -0.991653 0
    outer loop
      vertex -0.373886 -7.47496 0
      vertex -0.0888519 -7.4379 3
      vertex -0.373886 -7.47496 3
    endloop
  endfacet
  facet normal 0.128934 -0.991653 0
    outer loop
      vertex -0.0888519 -7.4379 3
      vertex -0.373886 -7.47496 0
      vertex -0.0888519 -7.4379 0
    endloop
  endfacet
  facet normal 0.0403512 -0.999186 0
    outer loop
      vertex -0.0888519 -7.4379 0
      vertex 0.217209 -7.42554 3
      vertex -0.0888519 -7.4379 3
    endloop
  endfacet
  facet normal 0.0403512 -0.999186 0
    outer loop
      vertex 0.217209 -7.42554 3
      vertex -0.0888519 -7.4379 0
      vertex 0.217209 -7.42554 0
    endloop
  endfacet
  facet normal -0.0423075 -0.999105 0
    outer loop
      vertex 0.217209 -7.42554 0
      vertex 0.509094 -7.4379 3
      vertex 0.217209 -7.42554 3
    endloop
  endfacet
  facet normal -0.0423075 -0.999105 -0
    outer loop
      vertex 0.509094 -7.4379 3
      vertex 0.217209 -7.42554 0
      vertex 0.509094 -7.4379 0
    endloop
  endfacet
  facet normal -0.135053 -0.990838 0
    outer loop
      vertex 0.509094 -7.4379 0
      vertex 0.780991 -7.47496 3
      vertex 0.509094 -7.4379 3
    endloop
  endfacet
  facet normal -0.135053 -0.990838 -0
    outer loop
      vertex 0.780991 -7.47496 3
      vertex 0.509094 -7.4379 0
      vertex 0.780991 -7.47496 0
    endloop
  endfacet
  facet normal -0.238279 -0.971197 0
    outer loop
      vertex 0.780991 -7.47496 0
      vertex 1.03288 -7.53676 3
      vertex 0.780991 -7.47496 3
    endloop
  endfacet
  facet normal -0.238279 -0.971197 -0
    outer loop
      vertex 1.03288 -7.53676 3
      vertex 0.780991 -7.47496 0
      vertex 1.03288 -7.53676 0
    endloop
  endfacet
  facet normal -0.349458 -0.936952 0
    outer loop
      vertex 1.03288 -7.53676 0
      vertex 1.2648 -7.62326 3
      vertex 1.03288 -7.53676 3
    endloop
  endfacet
  facet normal -0.349458 -0.936952 -0
    outer loop
      vertex 1.2648 -7.62326 3
      vertex 1.03288 -7.53676 0
      vertex 1.2648 -7.62326 0
    endloop
  endfacet
  facet normal -0.464709 -0.885463 0
    outer loop
      vertex 1.2648 -7.62326 0
      vertex 1.47672 -7.73448 3
      vertex 1.2648 -7.62326 3
    endloop
  endfacet
  facet normal -0.464709 -0.885463 -0
    outer loop
      vertex 1.47672 -7.73448 3
      vertex 1.2648 -7.62326 0
      vertex 1.47672 -7.73448 0
    endloop
  endfacet
  facet normal -0.57798 -0.816051 0
    outer loop
      vertex 1.47672 -7.73448 0
      vertex 1.66864 -7.87041 3
      vertex 1.47672 -7.73448 3
    endloop
  endfacet
  facet normal -0.57798 -0.816051 -0
    outer loop
      vertex 1.66864 -7.87041 3
      vertex 1.47672 -7.73448 0
      vertex 1.66864 -7.87041 0
    endloop
  endfacet
  facet normal -0.682775 -0.730628 0
    outer loop
      vertex 1.66864 -7.87041 0
      vertex 1.84056 -8.03107 3
      vertex 1.66864 -7.87041 3
    endloop
  endfacet
  facet normal -0.682775 -0.730628 -0
    outer loop
      vertex 1.84056 -8.03107 3
      vertex 1.66864 -7.87041 0
      vertex 1.84056 -8.03107 0
    endloop
  endfacet
  facet normal -0.768977 -0.639277 0
    outer loop
      vertex 1.99651 -8.21866 0
      vertex 1.84056 -8.03107 3
      vertex 1.84056 -8.03107 0
    endloop
  endfacet
  facet normal -0.768977 -0.639277 0
    outer loop
      vertex 1.84056 -8.03107 3
      vertex 1.99651 -8.21866 0
      vertex 1.99651 -8.21866 3
    endloop
  endfacet
  facet normal -0.833278 -0.552854 0
    outer loop
      vertex 2.14035 -8.43546 0
      vertex 1.99651 -8.21866 3
      vertex 1.99651 -8.21866 0
    endloop
  endfacet
  facet normal -0.833278 -0.552854 0
    outer loop
      vertex 1.99651 -8.21866 3
      vertex 2.14035 -8.43546 0
      vertex 2.14035 -8.43546 3
    endloop
  endfacet
  facet normal -0.881532 -0.472124 0
    outer loop
      vertex 2.27209 -8.68144 0
      vertex 2.14035 -8.43546 3
      vertex 2.14035 -8.43546 0
    endloop
  endfacet
  facet normal -0.881532 -0.472124 0
    outer loop
      vertex 2.14035 -8.43546 3
      vertex 2.27209 -8.68144 0
      vertex 2.27209 -8.68144 3
    endloop
  endfacet
  facet normal -0.917062 -0.398744 0
    outer loop
      vertex 2.39174 -8.95662 0
      vertex 2.27209 -8.68144 3
      vertex 2.27209 -8.68144 0
    endloop
  endfacet
  facet normal -0.917062 -0.398744 0
    outer loop
      vertex 2.27209 -8.68144 3
      vertex 2.39174 -8.95662 0
      vertex 2.39174 -8.95662 3
    endloop
  endfacet
  facet normal -0.942878 -0.333138 0
    outer loop
      vertex 2.49928 -9.26099 0
      vertex 2.39174 -8.95662 3
      vertex 2.39174 -8.95662 0
    endloop
  endfacet
  facet normal -0.942878 -0.333138 0
    outer loop
      vertex 2.39174 -8.95662 3
      vertex 2.49928 -9.26099 0
      vertex 2.49928 -9.26099 3
    endloop
  endfacet
  facet normal -0.96141 -0.275121 0
    outer loop
      vertex 2.59473 -9.59454 0
      vertex 2.49928 -9.26099 3
      vertex 2.49928 -9.26099 0
    endloop
  endfacet
  facet normal -0.96141 -0.275121 0
    outer loop
      vertex 2.49928 -9.26099 3
      vertex 2.59473 -9.59454 0
      vertex 2.59473 -9.59454 3
    endloop
  endfacet
  facet normal -0.974596 -0.223969 0
    outer loop
      vertex 2.67809 -9.95728 0
      vertex 2.59473 -9.59454 3
      vertex 2.59473 -9.59454 0
    endloop
  endfacet
  facet normal -0.974596 -0.223969 0
    outer loop
      vertex 2.59473 -9.59454 3
      vertex 2.67809 -9.95728 0
      vertex 2.67809 -9.95728 3
    endloop
  endfacet
  facet normal -0.983993 -0.178206 0
    outer loop
      vertex 2.74992 -10.3539 0
      vertex 2.67809 -9.95728 3
      vertex 2.67809 -9.95728 0
    endloop
  endfacet
  facet normal -0.983993 -0.178206 0
    outer loop
      vertex 2.67809 -9.95728 3
      vertex 2.74992 -10.3539 0
      vertex 2.74992 -10.3539 3
    endloop
  endfacet
  facet normal -0.990397 -0.138255 0
    outer loop
      vertex 2.8107 -10.7893 0
      vertex 2.74992 -10.3539 3
      vertex 2.74992 -10.3539 0
    endloop
  endfacet
  facet normal -0.990397 -0.138255 0
    outer loop
      vertex 2.74992 -10.3539 3
      vertex 2.8107 -10.7893 0
      vertex 2.8107 -10.7893 3
    endloop
  endfacet
  facet normal -0.994539 -0.104365 0
    outer loop
      vertex 2.86043 -11.2632 0
      vertex 2.8107 -10.7893 3
      vertex 2.8107 -10.7893 0
    endloop
  endfacet
  facet normal -0.994539 -0.104365 0
    outer loop
      vertex 2.8107 -10.7893 3
      vertex 2.86043 -11.2632 0
      vertex 2.86043 -11.2632 3
    endloop
  endfacet
  facet normal -0.997165 -0.0752445 0
    outer loop
      vertex 2.89911 -11.7758 0
      vertex 2.86043 -11.2632 3
      vertex 2.86043 -11.2632 0
    endloop
  endfacet
  facet normal -0.997165 -0.0752445 0
    outer loop
      vertex 2.86043 -11.2632 3
      vertex 2.89911 -11.7758 0
      vertex 2.89911 -11.7758 3
    endloop
  endfacet
  facet normal -0.998747 -0.050037 0
    outer loop
      vertex 2.92673 -12.3271 0
      vertex 2.89911 -11.7758 3
      vertex 2.89911 -11.7758 0
    endloop
  endfacet
  facet normal -0.998747 -0.050037 0
    outer loop
      vertex 2.89911 -11.7758 3
      vertex 2.92673 -12.3271 0
      vertex 2.92673 -12.3271 3
    endloop
  endfacet
  facet normal -0.999605 -0.0280906 0
    outer loop
      vertex 2.94331 -12.9171 0
      vertex 2.92673 -12.3271 3
      vertex 2.92673 -12.3271 0
    endloop
  endfacet
  facet normal -0.999605 -0.0280906 0
    outer loop
      vertex 2.92673 -12.3271 3
      vertex 2.94331 -12.9171 0
      vertex 2.94331 -12.9171 3
    endloop
  endfacet
  facet normal -0.999961 -0.00879839 0
    outer loop
      vertex 2.94884 -13.5456 0
      vertex 2.94331 -12.9171 3
      vertex 2.94331 -12.9171 0
    endloop
  endfacet
  facet normal -0.999961 -0.00879839 0
    outer loop
      vertex 2.94331 -12.9171 3
      vertex 2.94884 -13.5456 0
      vertex 2.94884 -13.5456 3
    endloop
  endfacet
  facet normal -0.999894 0.0145592 0
    outer loop
      vertex 2.93568 -14.4494 0
      vertex 2.94884 -13.5456 3
      vertex 2.94884 -13.5456 0
    endloop
  endfacet
  facet normal -0.999894 0.0145592 0
    outer loop
      vertex 2.94884 -13.5456 3
      vertex 2.93568 -14.4494 0
      vertex 2.93568 -14.4494 3
    endloop
  endfacet
  facet normal -0.998863 0.0476708 0
    outer loop
      vertex 2.89624 -15.2758 0
      vertex 2.93568 -14.4494 3
      vertex 2.93568 -14.4494 0
    endloop
  endfacet
  facet normal -0.998863 0.0476708 0
    outer loop
      vertex 2.93568 -14.4494 3
      vertex 2.89624 -15.2758 0
      vertex 2.89624 -15.2758 3
    endloop
  endfacet
  facet normal -0.996171 0.0874243 0
    outer loop
      vertex 2.83049 -16.025 0
      vertex 2.89624 -15.2758 3
      vertex 2.89624 -15.2758 0
    endloop
  endfacet
  facet normal -0.996171 0.0874243 0
    outer loop
      vertex 2.89624 -15.2758 3
      vertex 2.83049 -16.025 0
      vertex 2.83049 -16.025 3
    endloop
  endfacet
  facet normal -0.990745 0.135737 0
    outer loop
      vertex 2.73845 -16.6968 0
      vertex 2.83049 -16.025 3
      vertex 2.83049 -16.025 0
    endloop
  endfacet
  facet normal -0.990745 0.135737 0
    outer loop
      vertex 2.83049 -16.025 3
      vertex 2.73845 -16.6968 0
      vertex 2.73845 -16.6968 3
    endloop
  endfacet
  facet normal -0.980761 0.195212 0
    outer loop
      vertex 2.62012 -17.2913 0
      vertex 2.73845 -16.6968 3
      vertex 2.73845 -16.6968 0
    endloop
  endfacet
  facet normal -0.980761 0.195212 0
    outer loop
      vertex 2.73845 -16.6968 3
      vertex 2.62012 -17.2913 0
      vertex 2.62012 -17.2913 3
    endloop
  endfacet
  facet normal -0.963063 0.269278 0
    outer loop
      vertex 2.47548 -17.8086 0
      vertex 2.62012 -17.2913 3
      vertex 2.62012 -17.2913 0
    endloop
  endfacet
  facet normal -0.963063 0.269278 0
    outer loop
      vertex 2.62012 -17.2913 3
      vertex 2.47548 -17.8086 0
      vertex 2.47548 -17.8086 3
    endloop
  endfacet
  facet normal -0.932106 0.362184 0
    outer loop
      vertex 2.30455 -18.2485 0
      vertex 2.47548 -17.8086 3
      vertex 2.47548 -17.8086 0
    endloop
  endfacet
  facet normal -0.932106 0.362184 0
    outer loop
      vertex 2.47548 -17.8086 3
      vertex 2.30455 -18.2485 0
      vertex 2.30455 -18.2485 3
    endloop
  endfacet
  facet normal -0.879662 0.475599 0
    outer loop
      vertex 2.1031 -18.6211 0
      vertex 2.30455 -18.2485 3
      vertex 2.30455 -18.2485 0
    endloop
  endfacet
  facet normal -0.879662 0.475599 0
    outer loop
      vertex 2.30455 -18.2485 3
      vertex 2.1031 -18.6211 0
      vertex 2.1031 -18.6211 3
    endloop
  endfacet
  facet normal -0.800329 0.599561 0
    outer loop
      vertex 1.86697 -18.9363 0
      vertex 2.1031 -18.6211 3
      vertex 2.1031 -18.6211 0
    endloop
  endfacet
  facet normal -0.800329 0.599561 0
    outer loop
      vertex 2.1031 -18.6211 3
      vertex 1.86697 -18.9363 0
      vertex 1.86697 -18.9363 3
    endloop
  endfacet
  facet normal -0.689595 0.724195 0
    outer loop
      vertex 1.86697 -18.9363 0
      vertex 1.59613 -19.1942 3
      vertex 1.86697 -18.9363 3
    endloop
  endfacet
  facet normal -0.689595 0.724195 0
    outer loop
      vertex 1.59613 -19.1942 3
      vertex 1.86697 -18.9363 0
      vertex 1.59613 -19.1942 0
    endloop
  endfacet
  facet normal -0.548993 0.835827 0
    outer loop
      vertex 1.59613 -19.1942 0
      vertex 1.29057 -19.3949 3
      vertex 1.59613 -19.1942 3
    endloop
  endfacet
  facet normal -0.548993 0.835827 0
    outer loop
      vertex 1.29057 -19.3949 3
      vertex 1.59613 -19.1942 0
      vertex 1.29057 -19.3949 0
    endloop
  endfacet
  facet normal -0.388154 0.921594 0
    outer loop
      vertex 1.29057 -19.3949 0
      vertex 0.950333 -19.5382 3
      vertex 1.29057 -19.3949 3
    endloop
  endfacet
  facet normal -0.388154 0.921594 0
    outer loop
      vertex 0.950333 -19.5382 3
      vertex 1.29057 -19.3949 0
      vertex 0.950333 -19.5382 0
    endloop
  endfacet
  facet normal -0.223309 0.974748 0
    outer loop
      vertex 0.950333 -19.5382 0
      vertex 0.575378 -19.6241 3
      vertex 0.950333 -19.5382 3
    endloop
  endfacet
  facet normal -0.223309 0.974748 0
    outer loop
      vertex 0.575378 -19.6241 3
      vertex 0.950333 -19.5382 0
      vertex 0.575378 -19.6241 0
    endloop
  endfacet
  facet normal -0.0698854 0.997555 0
    outer loop
      vertex 0.575378 -19.6241 0
      vertex 0.16571 -19.6528 3
      vertex 0.575378 -19.6241 3
    endloop
  endfacet
  facet normal -0.0698854 0.997555 0
    outer loop
      vertex 0.16571 -19.6528 3
      vertex 0.575378 -19.6241 0
      vertex 0.16571 -19.6528 0
    endloop
  endfacet
  facet normal 0.0424088 0.9991 -0
    outer loop
      vertex 0.16571 -19.6528 0
      vertex -0.126419 -19.6404 3
      vertex 0.16571 -19.6528 3
    endloop
  endfacet
  facet normal 0.0424088 0.9991 0
    outer loop
      vertex -0.126419 -19.6404 3
      vertex 0.16571 -19.6528 0
      vertex -0.126419 -19.6404 0
    endloop
  endfacet
  facet normal 0 1 -0
    outer loop
      vertex 1.55728 -11.8835 0
      vertex -1.21291 -11.8835 3
      vertex 1.55728 -11.8835 3
    endloop
  endfacet
  facet normal 0 1 0
    outer loop
      vertex -1.21291 -11.8835 3
      vertex 1.55728 -11.8835 0
      vertex -1.21291 -11.8835 0
    endloop
  endfacet
  facet normal -1 0 0
    outer loop
      vertex -1.21291 -15.0917 0
      vertex -1.21291 -11.8835 3
      vertex -1.21291 -11.8835 0
    endloop
  endfacet
  facet normal -1 -0 0
    outer loop
      vertex -1.21291 -11.8835 3
      vertex -1.21291 -15.0917 0
      vertex -1.21291 -15.0917 3
    endloop
  endfacet
  facet normal 0 -1 0
    outer loop
      vertex -1.21291 -15.0917 0
      vertex 1.55728 -15.0917 3
      vertex -1.21291 -15.0917 3
    endloop
  endfacet
  facet normal 0 -1 -0
    outer loop
      vertex 1.55728 -15.0917 3
      vertex -1.21291 -15.0917 0
      vertex 1.55728 -15.0917 0
    endloop
  endfacet
  facet normal 1 -0 0
    outer loop
      vertex 1.55728 -15.0917 3
      vertex 1.55728 -11.8835 0
      vertex 1.55728 -11.8835 3
    endloop
  endfacet
  facet normal 1 0 0
    outer loop
      vertex 1.55728 -11.8835 0
      vertex 1.55728 -15.0917 3
      vertex 1.55728 -15.0917 0
    endloop
  endfacet
  facet normal -0.998031 -0.0627242 0
    outer loop
      vertex -11.75 0 0
      vertex -11.7756 0.407332 3
      vertex -11.7756 0.407332 0
    endloop
  endfacet
  facet normal -0.998031 -0.0627242 0
    outer loop
      vertex -11.7756 0.407332 3
      vertex -11.75 0 0
      vertex -11.75 0 3
    endloop
  endfacet
  facet normal 0.998031 -0.0627242 0
    outer loop
      vertex -18.25 0 3
      vertex -18.2244 0.407332 0
      vertex -18.2244 0.407332 3
    endloop
  endfacet
  facet normal 0.998031 -0.0627242 0
    outer loop
      vertex -18.2244 0.407332 0
      vertex -18.25 0 3
      vertex -18.25 0 0
    endloop
  endfacet
  facet normal 0 -1 0
    outer loop
      vertex -15.2041 3.24359 0
      vertex -14.7959 3.24359 3
      vertex -15.2041 3.24359 3
    endloop
  endfacet
  facet normal 0 -1 -0
    outer loop
      vertex -14.7959 3.24359 3
      vertex -15.2041 3.24359 0
      vertex -14.7959 3.24359 0
    endloop
  endfacet
  facet normal 0 1 -0
    outer loop
      vertex -14.7959 -3.24359 0
      vertex -15.2041 -3.24359 3
      vertex -14.7959 -3.24359 3
    endloop
  endfacet
  facet normal 0 1 0
    outer loop
      vertex -15.2041 -3.24359 3
      vertex -14.7959 -3.24359 0
      vertex -15.2041 -3.24359 0
    endloop
  endfacet
  facet normal -0.770466 0.637481 0
    outer loop
      vertex -12.6309 -2.22478 0
      vertex -12.3707 -1.9103 3
      vertex -12.3707 -1.9103 0
    endloop
  endfacet
  facet normal -0.770466 0.637481 0
    outer loop
      vertex -12.3707 -1.9103 3
      vertex -12.6309 -2.22478 0
      vertex -12.6309 -2.22478 3
    endloop
  endfacet
  facet normal -0.684572 -0.728946 0
    outer loop
      vertex -12.9284 2.50417 0
      vertex -12.6309 2.22478 3
      vertex -12.9284 2.50417 3
    endloop
  endfacet
  facet normal -0.684572 -0.728946 -0
    outer loop
      vertex -12.6309 2.22478 3
      vertex -12.9284 2.50417 0
      vertex -12.6309 2.22478 0
    endloop
  endfacet
  facet normal 0.684572 -0.728946 0
    outer loop
      vertex -17.3691 2.22478 0
      vertex -17.0716 2.50417 3
      vertex -17.3691 2.22478 3
    endloop
  endfacet
  facet normal 0.684572 -0.728946 0
    outer loop
      vertex -17.0716 2.50417 3
      vertex -17.3691 2.22478 0
      vertex -17.0716 2.50417 0
    endloop
  endfacet
  facet normal 0.368093 -0.929789 0
    outer loop
      vertex -16.3838 2.94069 0
      vertex -16.0043 3.09093 3
      vertex -16.3838 2.94069 3
    endloop
  endfacet
  facet normal 0.368093 -0.929789 0
    outer loop
      vertex -16.0043 3.09093 3
      vertex -16.3838 2.94069 0
      vertex -16.0043 3.09093 0
    endloop
  endfacet
  facet normal -0.904808 -0.425821 0
    outer loop
      vertex -11.9782 1.1964 0
      vertex -12.152 1.5657 3
      vertex -12.152 1.5657 0
    endloop
  endfacet
  facet normal -0.904808 -0.425821 0
    outer loop
      vertex -12.152 1.5657 3
      vertex -11.9782 1.1964 0
      vertex -11.9782 1.1964 3
    endloop
  endfacet
  facet normal -0.844317 -0.535845 0
    outer loop
      vertex -12.152 1.5657 0
      vertex -12.3707 1.9103 3
      vertex -12.3707 1.9103 0
    endloop
  endfacet
  facet normal -0.844317 -0.535845 0
    outer loop
      vertex -12.3707 1.9103 3
      vertex -12.152 1.5657 0
      vertex -12.152 1.5657 3
    endloop
  endfacet
  facet normal -0.368093 -0.929789 0
    outer loop
      vertex -13.9957 3.09093 0
      vertex -13.6162 2.94069 3
      vertex -13.9957 3.09093 3
    endloop
  endfacet
  facet normal -0.368093 -0.929789 -0
    outer loop
      vertex -13.6162 2.94069 3
      vertex -13.9957 3.09093 0
      vertex -13.6162 2.94069 0
    endloop
  endfacet
  facet normal -0.2487 -0.968581 0
    outer loop
      vertex -14.391 3.19243 0
      vertex -13.9957 3.09093 3
      vertex -14.391 3.19243 3
    endloop
  endfacet
  facet normal -0.2487 -0.968581 -0
    outer loop
      vertex -13.9957 3.09093 3
      vertex -14.391 3.19243 0
      vertex -13.9957 3.09093 0
    endloop
  endfacet
  facet normal -0.587778 -0.809022 0
    outer loop
      vertex -13.2586 2.74407 0
      vertex -12.9284 2.50417 3
      vertex -13.2586 2.74407 3
    endloop
  endfacet
  facet normal -0.587778 -0.809022 -0
    outer loop
      vertex -12.9284 2.50417 3
      vertex -13.2586 2.74407 0
      vertex -12.9284 2.50417 0
    endloop
  endfacet
  facet normal 0.904808 -0.425821 0
    outer loop
      vertex -18.0218 1.1964 3
      vertex -17.848 1.5657 0
      vertex -17.848 1.5657 3
    endloop
  endfacet
  facet normal 0.904808 -0.425821 0
    outer loop
      vertex -17.848 1.5657 0
      vertex -18.0218 1.1964 3
      vertex -18.0218 1.1964 0
    endloop
  endfacet
  facet normal 0.770466 -0.637481 0
    outer loop
      vertex -17.6293 1.9103 3
      vertex -17.3691 2.22478 0
      vertex -17.3691 2.22478 3
    endloop
  endfacet
  facet normal 0.770466 -0.637481 0
    outer loop
      vertex -17.3691 2.22478 0
      vertex -17.6293 1.9103 3
      vertex -17.6293 1.9103 0
    endloop
  endfacet
  facet normal 0.951071 -0.308972 0
    outer loop
      vertex -18.1479 0.808242 3
      vertex -18.0218 1.1964 0
      vertex -18.0218 1.1964 3
    endloop
  endfacet
  facet normal 0.951071 -0.308972 0
    outer loop
      vertex -18.0218 1.1964 0
      vertex -18.1479 0.808242 3
      vertex -18.1479 0.808242 0
    endloop
  endfacet
  facet normal 0.481806 -0.876278 0
    outer loop
      vertex -16.7414 2.74407 0
      vertex -16.3838 2.94069 3
      vertex -16.7414 2.74407 3
    endloop
  endfacet
  facet normal 0.481806 -0.876278 0
    outer loop
      vertex -16.3838 2.94069 3
      vertex -16.7414 2.74407 0
      vertex -16.3838 2.94069 0
    endloop
  endfacet
  facet normal 0.125356 -0.992112 0
    outer loop
      vertex -15.609 3.19243 0
      vertex -15.2041 3.24359 3
      vertex -15.609 3.19243 3
    endloop
  endfacet
  facet normal 0.125356 -0.992112 0
    outer loop
      vertex -15.2041 3.24359 3
      vertex -15.609 3.19243 0
      vertex -15.2041 3.24359 0
    endloop
  endfacet
  facet normal -0.125356 0.992112 0
    outer loop
      vertex -14.391 -3.19243 0
      vertex -14.7959 -3.24359 3
      vertex -14.391 -3.19243 3
    endloop
  endfacet
  facet normal -0.125356 0.992112 0
    outer loop
      vertex -14.7959 -3.24359 3
      vertex -14.391 -3.19243 0
      vertex -14.7959 -3.24359 0
    endloop
  endfacet
  facet normal -0.951071 -0.308972 0
    outer loop
      vertex -11.8521 0.808242 0
      vertex -11.9782 1.1964 3
      vertex -11.9782 1.1964 0
    endloop
  endfacet
  facet normal -0.951071 -0.308972 0
    outer loop
      vertex -11.9782 1.1964 3
      vertex -11.8521 0.808242 0
      vertex -11.8521 0.808242 3
    endloop
  endfacet
  facet normal -0.982277 -0.187434 0
    outer loop
      vertex -11.7756 0.407332 0
      vertex -11.8521 0.808242 3
      vertex -11.8521 0.808242 0
    endloop
  endfacet
  facet normal -0.982277 -0.187434 0
    outer loop
      vertex -11.8521 0.808242 3
      vertex -11.7756 0.407332 0
      vertex -11.7756 0.407332 3
    endloop
  endfacet
  facet normal -0.770466 -0.637481 0
    outer loop
      vertex -12.3707 1.9103 0
      vertex -12.6309 2.22478 3
      vertex -12.6309 2.22478 0
    endloop
  endfacet
  facet normal -0.770466 -0.637481 0
    outer loop
      vertex -12.6309 2.22478 3
      vertex -12.3707 1.9103 0
      vertex -12.3707 1.9103 3
    endloop
  endfacet
  facet normal -0.125356 -0.992112 0
    outer loop
      vertex -14.7959 3.24359 0
      vertex -14.391 3.19243 3
      vertex -14.7959 3.24359 3
    endloop
  endfacet
  facet normal -0.125356 -0.992112 -0
    outer loop
      vertex -14.391 3.19243 3
      vertex -14.7959 3.24359 0
      vertex -14.391 3.19243 0
    endloop
  endfacet
  facet normal -0.481806 -0.876278 0
    outer loop
      vertex -13.6162 2.94069 0
      vertex -13.2586 2.74407 3
      vertex -13.6162 2.94069 3
    endloop
  endfacet
  facet normal -0.481806 -0.876278 -0
    outer loop
      vertex -13.2586 2.74407 3
      vertex -13.6162 2.94069 0
      vertex -13.2586 2.74407 0
    endloop
  endfacet
  facet normal 0.844317 -0.535845 0
    outer loop
      vertex -17.848 1.5657 3
      vertex -17.6293 1.9103 0
      vertex -17.6293 1.9103 3
    endloop
  endfacet
  facet normal 0.844317 -0.535845 0
    outer loop
      vertex -17.6293 1.9103 0
      vertex -17.848 1.5657 3
      vertex -17.848 1.5657 0
    endloop
  endfacet
  facet normal 0.982277 -0.187434 0
    outer loop
      vertex -18.2244 0.407332 3
      vertex -18.1479 0.808242 0
      vertex -18.1479 0.808242 3
    endloop
  endfacet
  facet normal 0.982277 -0.187434 0
    outer loop
      vertex -18.1479 0.808242 0
      vertex -18.2244 0.407332 3
      vertex -18.2244 0.407332 0
    endloop
  endfacet
  facet normal 0.587778 -0.809022 0
    outer loop
      vertex -17.0716 2.50417 0
      vertex -16.7414 2.74407 3
      vertex -17.0716 2.50417 3
    endloop
  endfacet
  facet normal 0.587778 -0.809022 0
    outer loop
      vertex -16.7414 2.74407 3
      vertex -17.0716 2.50417 0
      vertex -16.7414 2.74407 0
    endloop
  endfacet
  facet normal 0.2487 -0.968581 0
    outer loop
      vertex -16.0043 3.09093 0
      vertex -15.609 3.19243 3
      vertex -16.0043 3.09093 3
    endloop
  endfacet
  facet normal 0.2487 -0.968581 0
    outer loop
      vertex -15.609 3.19243 3
      vertex -16.0043 3.09093 0
      vertex -15.609 3.19243 0
    endloop
  endfacet
  facet normal -0.998031 0.0627242 0
    outer loop
      vertex -11.7756 -0.407332 0
      vertex -11.75 0 3
      vertex -11.75 0 0
    endloop
  endfacet
  facet normal -0.998031 0.0627242 0
    outer loop
      vertex -11.75 0 3
      vertex -11.7756 -0.407332 0
      vertex -11.7756 -0.407332 3
    endloop
  endfacet
  facet normal -0.951071 0.308972 0
    outer loop
      vertex -11.9782 -1.1964 0
      vertex -11.8521 -0.808242 3
      vertex -11.8521 -0.808242 0
    endloop
  endfacet
  facet normal -0.951071 0.308972 0
    outer loop
      vertex -11.8521 -0.808242 3
      vertex -11.9782 -1.1964 0
      vertex -11.9782 -1.1964 3
    endloop
  endfacet
  facet normal -0.982277 0.187434 0
    outer loop
      vertex -11.8521 -0.808242 0
      vertex -11.7756 -0.407332 3
      vertex -11.7756 -0.407332 0
    endloop
  endfacet
  facet normal -0.982277 0.187434 0
    outer loop
      vertex -11.7756 -0.407332 3
      vertex -11.8521 -0.808242 0
      vertex -11.8521 -0.808242 3
    endloop
  endfacet
  facet normal 0.904808 0.425821 0
    outer loop
      vertex -17.848 -1.5657 3
      vertex -18.0218 -1.1964 0
      vertex -18.0218 -1.1964 3
    endloop
  endfacet
  facet normal 0.904808 0.425821 0
    outer loop
      vertex -18.0218 -1.1964 0
      vertex -17.848 -1.5657 3
      vertex -17.848 -1.5657 0
    endloop
  endfacet
  facet normal -0.587778 0.809022 0
    outer loop
      vertex -12.9284 -2.50417 0
      vertex -13.2586 -2.74407 3
      vertex -12.9284 -2.50417 3
    endloop
  endfacet
  facet normal -0.587778 0.809022 0
    outer loop
      vertex -13.2586 -2.74407 3
      vertex -12.9284 -2.50417 0
      vertex -13.2586 -2.74407 0
    endloop
  endfacet
  facet normal -0.844317 0.535845 0
    outer loop
      vertex -12.3707 -1.9103 0
      vertex -12.152 -1.5657 3
      vertex -12.152 -1.5657 0
    endloop
  endfacet
  facet normal -0.844317 0.535845 0
    outer loop
      vertex -12.152 -1.5657 3
      vertex -12.3707 -1.9103 0
      vertex -12.3707 -1.9103 3
    endloop
  endfacet
  facet normal 0.951071 0.308972 0
    outer loop
      vertex -18.0218 -1.1964 3
      vertex -18.1479 -0.808242 0
      vertex -18.1479 -0.808242 3
    endloop
  endfacet
  facet normal 0.951071 0.308972 0
    outer loop
      vertex -18.1479 -0.808242 0
      vertex -18.0218 -1.1964 3
      vertex -18.0218 -1.1964 0
    endloop
  endfacet
  facet normal 0.998031 0.0627242 0
    outer loop
      vertex -18.2244 -0.407332 3
      vertex -18.25 0 0
      vertex -18.25 0 3
    endloop
  endfacet
  facet normal 0.998031 0.0627242 0
    outer loop
      vertex -18.25 0 0
      vertex -18.2244 -0.407332 3
      vertex -18.2244 -0.407332 0
    endloop
  endfacet
  facet normal -0.684572 0.728946 0
    outer loop
      vertex -12.6309 -2.22478 0
      vertex -12.9284 -2.50417 3
      vertex -12.6309 -2.22478 3
    endloop
  endfacet
  facet normal -0.684572 0.728946 0
    outer loop
      vertex -12.9284 -2.50417 3
      vertex -12.6309 -2.22478 0
      vertex -12.9284 -2.50417 0
    endloop
  endfacet
  facet normal -0.2487 0.968581 0
    outer loop
      vertex -13.9957 -3.09093 0
      vertex -14.391 -3.19243 3
      vertex -13.9957 -3.09093 3
    endloop
  endfacet
  facet normal -0.2487 0.968581 0
    outer loop
      vertex -14.391 -3.19243 3
      vertex -13.9957 -3.09093 0
      vertex -14.391 -3.19243 0
    endloop
  endfacet
  facet normal -0.481806 0.876278 0
    outer loop
      vertex -13.2586 -2.74407 0
      vertex -13.6162 -2.94069 3
      vertex -13.2586 -2.74407 3
    endloop
  endfacet
  facet normal -0.481806 0.876278 0
    outer loop
      vertex -13.6162 -2.94069 3
      vertex -13.2586 -2.74407 0
      vertex -13.6162 -2.94069 0
    endloop
  endfacet
  facet normal -0.904808 0.425821 0
    outer loop
      vertex -12.152 -1.5657 0
      vertex -11.9782 -1.1964 3
      vertex -11.9782 -1.1964 0
    endloop
  endfacet
  facet normal -0.904808 0.425821 0
    outer loop
      vertex -11.9782 -1.1964 3
      vertex -12.152 -1.5657 0
      vertex -12.152 -1.5657 3
    endloop
  endfacet
  facet normal 0.2487 0.968581 -0
    outer loop
      vertex -15.609 -3.19243 0
      vertex -16.0043 -3.09093 3
      vertex -15.609 -3.19243 3
    endloop
  endfacet
  facet normal 0.2487 0.968581 0
    outer loop
      vertex -16.0043 -3.09093 3
      vertex -15.609 -3.19243 0
      vertex -16.0043 -3.09093 0
    endloop
  endfacet
  facet normal 0.770466 0.637481 0
    outer loop
      vertex -17.3691 -2.22478 3
      vertex -17.6293 -1.9103 0
      vertex -17.6293 -1.9103 3
    endloop
  endfacet
  facet normal 0.770466 0.637481 0
    outer loop
      vertex -17.6293 -1.9103 0
      vertex -17.3691 -2.22478 3
      vertex -17.3691 -2.22478 0
    endloop
  endfacet
  facet normal 0.684572 0.728946 -0
    outer loop
      vertex -17.0716 -2.50417 0
      vertex -17.3691 -2.22478 3
      vertex -17.0716 -2.50417 3
    endloop
  endfacet
  facet normal 0.684572 0.728946 0
    outer loop
      vertex -17.3691 -2.22478 3
      vertex -17.0716 -2.50417 0
      vertex -17.3691 -2.22478 0
    endloop
  endfacet
  facet normal 0.982277 0.187434 0
    outer loop
      vertex -18.1479 -0.808242 3
      vertex -18.2244 -0.407332 0
      vertex -18.2244 -0.407332 3
    endloop
  endfacet
  facet normal 0.982277 0.187434 0
    outer loop
      vertex -18.2244 -0.407332 0
      vertex -18.1479 -0.808242 3
      vertex -18.1479 -0.808242 0
    endloop
  endfacet
  facet normal 0.587778 0.809022 -0
    outer loop
      vertex -16.7414 -2.74407 0
      vertex -17.0716 -2.50417 3
      vertex -16.7414 -2.74407 3
    endloop
  endfacet
  facet normal 0.587778 0.809022 0
    outer loop
      vertex -17.0716 -2.50417 3
      vertex -16.7414 -2.74407 0
      vertex -17.0716 -2.50417 0
    endloop
  endfacet
  facet normal 0.481806 0.876278 -0
    outer loop
      vertex -16.3838 -2.94069 0
      vertex -16.7414 -2.74407 3
      vertex -16.3838 -2.94069 3
    endloop
  endfacet
  facet normal 0.481806 0.876278 0
    outer loop
      vertex -16.7414 -2.74407 3
      vertex -16.3838 -2.94069 0
      vertex -16.7414 -2.74407 0
    endloop
  endfacet
  facet normal 0.125356 0.992112 -0
    outer loop
      vertex -15.2041 -3.24359 0
      vertex -15.609 -3.19243 3
      vertex -15.2041 -3.24359 3
    endloop
  endfacet
  facet normal 0.125356 0.992112 0
    outer loop
      vertex -15.609 -3.19243 3
      vertex -15.2041 -3.24359 0
      vertex -15.609 -3.19243 0
    endloop
  endfacet
  facet normal 0.844317 0.535845 0
    outer loop
      vertex -17.6293 -1.9103 3
      vertex -17.848 -1.5657 0
      vertex -17.848 -1.5657 3
    endloop
  endfacet
  facet normal 0.844317 0.535845 0
    outer loop
      vertex -17.848 -1.5657 0
      vertex -17.6293 -1.9103 3
      vertex -17.6293 -1.9103 0
    endloop
  endfacet
  facet normal -0.368093 0.929789 0
    outer loop
      vertex -13.6162 -2.94069 0
      vertex -13.9957 -3.09093 3
      vertex -13.6162 -2.94069 3
    endloop
  endfacet
  facet normal -0.368093 0.929789 0
    outer loop
      vertex -13.9957 -3.09093 3
      vertex -13.6162 -2.94069 0
      vertex -13.9957 -3.09093 0
    endloop
  endfacet
  facet normal 0.368093 0.929789 -0
    outer loop
      vertex -16.0043 -3.09093 0
      vertex -16.3838 -2.94069 3
      vertex -16.0043 -3.09093 3
    endloop
  endfacet
  facet normal 0.368093 0.929789 0
    outer loop
      vertex -16.3838 -2.94069 3
      vertex -16.0043 -3.09093 0
      vertex -16.3838 -2.94069 0
    endloop
  endfacet
  facet normal -0.998026 -0.0627975 0
    outer loop
      vertex 3.25 0 0
      vertex 3.22437 0.407332 3
      vertex 3.22437 0.407332 0
    endloop
  endfacet
  facet normal -0.998026 -0.0627975 0
    outer loop
      vertex 3.22437 0.407332 3
      vertex 3.25 0 0
      vertex 3.25 0 3
    endloop
  endfacet
  facet normal 0.998026 -0.0627975 0
    outer loop
      vertex -3.25 0 3
      vertex -3.22437 0.407332 0
      vertex -3.22437 0.407332 3
    endloop
  endfacet
  facet normal 0.998026 -0.0627975 0
    outer loop
      vertex -3.22437 0.407332 0
      vertex -3.25 0 3
      vertex -3.25 0 0
    endloop
  endfacet
  facet normal 0 -1 0
    outer loop
      vertex -0.204069 3.24359 0
      vertex 0.204069 3.24359 3
      vertex -0.204069 3.24359 3
    endloop
  endfacet
  facet normal 0 -1 -0
    outer loop
      vertex 0.204069 3.24359 3
      vertex -0.204069 3.24359 0
      vertex 0.204069 3.24359 0
    endloop
  endfacet
  facet normal -0.684547 -0.728968 0
    outer loop
      vertex 2.07163 2.50417 0
      vertex 2.36915 2.22478 3
      vertex 2.07163 2.50417 3
    endloop
  endfacet
  facet normal -0.684547 -0.728968 -0
    outer loop
      vertex 2.36915 2.22478 3
      vertex 2.07163 2.50417 0
      vertex 2.36915 2.22478 0
    endloop
  endfacet
  facet normal 0.684547 -0.728968 0
    outer loop
      vertex -2.36915 2.22478 0
      vertex -2.07163 2.50417 3
      vertex -2.36915 2.22478 3
    endloop
  endfacet
  facet normal 0.684547 -0.728968 0
    outer loop
      vertex -2.07163 2.50417 3
      vertex -2.36915 2.22478 0
      vertex -2.07163 2.50417 0
    endloop
  endfacet
  facet normal 0.36811 -0.929782 0
    outer loop
      vertex -1.38378 2.94069 0
      vertex -1.0043 3.09093 3
      vertex -1.38378 2.94069 3
    endloop
  endfacet
  facet normal 0.36811 -0.929782 0
    outer loop
      vertex -1.0043 3.09093 3
      vertex -1.38378 2.94069 0
      vertex -1.0043 3.09093 0
    endloop
  endfacet
  facet normal -0.844317 0.535845 0
    outer loop
      vertex 2.6293 -1.9103 0
      vertex 2.848 -1.5657 3
      vertex 2.848 -1.5657 0
    endloop
  endfacet
  facet normal -0.844317 0.535845 0
    outer loop
      vertex 2.848 -1.5657 3
      vertex 2.6293 -1.9103 0
      vertex 2.6293 -1.9103 3
    endloop
  endfacet
  facet normal -0.904836 -0.42576 0
    outer loop
      vertex 3.02177 1.1964 0
      vertex 2.848 1.5657 3
      vertex 2.848 1.5657 0
    endloop
  endfacet
  facet normal -0.904836 -0.42576 0
    outer loop
      vertex 2.848 1.5657 3
      vertex 3.02177 1.1964 0
      vertex 3.02177 1.1964 3
    endloop
  endfacet
  facet normal -0.844317 -0.535845 0
    outer loop
      vertex 2.848 1.5657 0
      vertex 2.6293 1.9103 3
      vertex 2.6293 1.9103 0
    endloop
  endfacet
  facet normal -0.844317 -0.535845 0
    outer loop
      vertex 2.6293 1.9103 3
      vertex 2.848 1.5657 0
      vertex 2.848 1.5657 3
    endloop
  endfacet
  facet normal -0.36811 -0.929782 0
    outer loop
      vertex 1.0043 3.09093 0
      vertex 1.38378 2.94069 3
      vertex 1.0043 3.09093 3
    endloop
  endfacet
  facet normal -0.36811 -0.929782 -0
    outer loop
      vertex 1.38378 2.94069 3
      vertex 1.0043 3.09093 0
      vertex 1.38378 2.94069 0
    endloop
  endfacet
  facet normal -0.248693 -0.968582 0
    outer loop
      vertex 0.608989 3.19243 0
      vertex 1.0043 3.09093 3
      vertex 0.608989 3.19243 3
    endloop
  endfacet
  facet normal -0.248693 -0.968582 -0
    outer loop
      vertex 1.0043 3.09093 3
      vertex 0.608989 3.19243 0
      vertex 1.0043 3.09093 0
    endloop
  endfacet
  facet normal -0.58779 -0.809014 0
    outer loop
      vertex 1.74144 2.74407 0
      vertex 2.07163 2.50417 3
      vertex 1.74144 2.74407 3
    endloop
  endfacet
  facet normal -0.58779 -0.809014 -0
    outer loop
      vertex 2.07163 2.50417 3
      vertex 1.74144 2.74407 0
      vertex 2.07163 2.50417 0
    endloop
  endfacet
  facet normal 0.844317 -0.535845 0
    outer loop
      vertex -2.848 1.5657 3
      vertex -2.6293 1.9103 0
      vertex -2.6293 1.9103 3
    endloop
  endfacet
  facet normal 0.844317 -0.535845 0
    outer loop
      vertex -2.6293 1.9103 0
      vertex -2.848 1.5657 3
      vertex -2.848 1.5657 0
    endloop
  endfacet
  facet normal 0.770526 -0.637409 0
    outer loop
      vertex -2.6293 1.9103 3
      vertex -2.36915 2.22478 0
      vertex -2.36915 2.22478 3
    endloop
  endfacet
  facet normal 0.770526 -0.637409 0
    outer loop
      vertex -2.36915 2.22478 0
      vertex -2.6293 1.9103 3
      vertex -2.6293 1.9103 0
    endloop
  endfacet
  facet normal 0.951057 -0.309017 0
    outer loop
      vertex -3.14789 0.808242 3
      vertex -3.02177 1.1964 0
      vertex -3.02177 1.1964 3
    endloop
  endfacet
  facet normal 0.951057 -0.309017 0
    outer loop
      vertex -3.02177 1.1964 0
      vertex -3.14789 0.808242 3
      vertex -3.14789 0.808242 0
    endloop
  endfacet
  facet normal 0.481744 -0.876312 0
    outer loop
      vertex -1.74144 2.74407 0
      vertex -1.38378 2.94069 3
      vertex -1.74144 2.74407 3
    endloop
  endfacet
  facet normal 0.481744 -0.876312 0
    outer loop
      vertex -1.38378 2.94069 3
      vertex -1.74144 2.74407 0
      vertex -1.38378 2.94069 0
    endloop
  endfacet
  facet normal 0.125349 -0.992113 0
    outer loop
      vertex -0.608989 3.19243 0
      vertex -0.204069 3.24359 3
      vertex -0.608989 3.19243 3
    endloop
  endfacet
  facet normal 0.125349 -0.992113 0
    outer loop
      vertex -0.204069 3.24359 3
      vertex -0.608989 3.19243 0
      vertex -0.204069 3.24359 0
    endloop
  endfacet
  facet normal -0.998026 0.0627975 0
    outer loop
      vertex 3.22437 -0.407332 0
      vertex 3.25 0 3
      vertex 3.25 0 0
    endloop
  endfacet
  facet normal -0.998026 0.0627975 0
    outer loop
      vertex 3.25 0 3
      vertex 3.22437 -0.407332 0
      vertex 3.22437 -0.407332 3
    endloop
  endfacet
  facet normal 0.248693 0.968582 -0
    outer loop
      vertex -0.608989 -3.19243 0
      vertex -1.0043 -3.09093 3
      vertex -0.608989 -3.19243 3
    endloop
  endfacet
  facet normal 0.248693 0.968582 0
    outer loop
      vertex -1.0043 -3.09093 3
      vertex -0.608989 -3.19243 0
      vertex -1.0043 -3.09093 0
    endloop
  endfacet
  facet normal -0.125349 0.992113 0
    outer loop
      vertex 0.608989 -3.19243 0
      vertex 0.204069 -3.24359 3
      vertex 0.608989 -3.19243 3
    endloop
  endfacet
  facet normal -0.125349 0.992113 0
    outer loop
      vertex 0.204069 -3.24359 3
      vertex 0.608989 -3.19243 0
      vertex 0.204069 -3.24359 0
    endloop
  endfacet
  facet normal -0.951057 -0.309017 0
    outer loop
      vertex 3.14789 0.808242 0
      vertex 3.02177 1.1964 3
      vertex 3.02177 1.1964 0
    endloop
  endfacet
  facet normal -0.951057 -0.309017 0
    outer loop
      vertex 3.02177 1.1964 3
      vertex 3.14789 0.808242 0
      vertex 3.14789 0.808242 3
    endloop
  endfacet
  facet normal -0.982286 -0.187387 0
    outer loop
      vertex 3.22437 0.407332 0
      vertex 3.14789 0.808242 3
      vertex 3.14789 0.808242 0
    endloop
  endfacet
  facet normal -0.982286 -0.187387 0
    outer loop
      vertex 3.14789 0.808242 3
      vertex 3.22437 0.407332 0
      vertex 3.22437 0.407332 3
    endloop
  endfacet
  facet normal -0.770526 -0.637409 0
    outer loop
      vertex 2.6293 1.9103 0
      vertex 2.36915 2.22478 3
      vertex 2.36915 2.22478 0
    endloop
  endfacet
  facet normal -0.770526 -0.637409 0
    outer loop
      vertex 2.36915 2.22478 3
      vertex 2.6293 1.9103 0
      vertex 2.6293 1.9103 3
    endloop
  endfacet
  facet normal -0.125349 -0.992113 0
    outer loop
      vertex 0.204069 3.24359 0
      vertex 0.608989 3.19243 3
      vertex 0.204069 3.24359 3
    endloop
  endfacet
  facet normal -0.125349 -0.992113 -0
    outer loop
      vertex 0.608989 3.19243 3
      vertex 0.204069 3.24359 0
      vertex 0.608989 3.19243 0
    endloop
  endfacet
  facet normal 0.904836 -0.42576 0
    outer loop
      vertex -3.02177 1.1964 3
      vertex -2.848 1.5657 0
      vertex -2.848 1.5657 3
    endloop
  endfacet
  facet normal 0.904836 -0.42576 0
    outer loop
      vertex -2.848 1.5657 0
      vertex -3.02177 1.1964 3
      vertex -3.02177 1.1964 0
    endloop
  endfacet
  facet normal -0.58779 0.809014 0
    outer loop
      vertex 2.07163 -2.50417 0
      vertex 1.74144 -2.74407 3
      vertex 2.07163 -2.50417 3
    endloop
  endfacet
  facet normal -0.58779 0.809014 0
    outer loop
      vertex 1.74144 -2.74407 3
      vertex 2.07163 -2.50417 0
      vertex 1.74144 -2.74407 0
    endloop
  endfacet
  facet normal -0.951057 0.309017 0
    outer loop
      vertex 3.02177 -1.1964 0
      vertex 3.14789 -0.808242 3
      vertex 3.14789 -0.808242 0
    endloop
  endfacet
  facet normal -0.951057 0.309017 0
    outer loop
      vertex 3.14789 -0.808242 3
      vertex 3.02177 -1.1964 0
      vertex 3.02177 -1.1964 3
    endloop
  endfacet
  facet normal -0.904836 0.42576 0
    outer loop
      vertex 2.848 -1.5657 0
      vertex 3.02177 -1.1964 3
      vertex 3.02177 -1.1964 0
    endloop
  endfacet
  facet normal -0.904836 0.42576 0
    outer loop
      vertex 3.02177 -1.1964 3
      vertex 2.848 -1.5657 0
      vertex 2.848 -1.5657 3
    endloop
  endfacet
  facet normal -0.982286 0.187387 0
    outer loop
      vertex 3.14789 -0.808242 0
      vertex 3.22437 -0.407332 3
      vertex 3.22437 -0.407332 0
    endloop
  endfacet
  facet normal -0.982286 0.187387 0
    outer loop
      vertex 3.22437 -0.407332 3
      vertex 3.14789 -0.808242 0
      vertex 3.14789 -0.808242 3
    endloop
  endfacet
  facet normal 0.125349 0.992113 -0
    outer loop
      vertex -0.204069 -3.24359 0
      vertex -0.608989 -3.19243 3
      vertex -0.204069 -3.24359 3
    endloop
  endfacet
  facet normal 0.125349 0.992113 0
    outer loop
      vertex -0.608989 -3.19243 3
      vertex -0.204069 -3.24359 0
      vertex -0.608989 -3.19243 0
    endloop
  endfacet
  facet normal 0.951057 0.309017 0
    outer loop
      vertex -3.02177 -1.1964 3
      vertex -3.14789 -0.808242 0
      vertex -3.14789 -0.808242 3
    endloop
  endfacet
  facet normal 0.951057 0.309017 0
    outer loop
      vertex -3.14789 -0.808242 0
      vertex -3.02177 -1.1964 3
      vertex -3.02177 -1.1964 0
    endloop
  endfacet
  facet normal -0.481744 0.876312 0
    outer loop
      vertex 1.74144 -2.74407 0
      vertex 1.38378 -2.94069 3
      vertex 1.74144 -2.74407 3
    endloop
  endfacet
  facet normal -0.481744 0.876312 0
    outer loop
      vertex 1.38378 -2.94069 3
      vertex 1.74144 -2.74407 0
      vertex 1.38378 -2.94069 0
    endloop
  endfacet
  facet normal -0.481744 -0.876312 0
    outer loop
      vertex 1.38378 2.94069 0
      vertex 1.74144 2.74407 3
      vertex 1.38378 2.94069 3
    endloop
  endfacet
  facet normal -0.481744 -0.876312 -0
    outer loop
      vertex 1.74144 2.74407 3
      vertex 1.38378 2.94069 0
      vertex 1.74144 2.74407 0
    endloop
  endfacet
  facet normal 0.982286 -0.187387 0
    outer loop
      vertex -3.22437 0.407332 3
      vertex -3.14789 0.808242 0
      vertex -3.14789 0.808242 3
    endloop
  endfacet
  facet normal 0.982286 -0.187387 0
    outer loop
      vertex -3.14789 0.808242 0
      vertex -3.22437 0.407332 3
      vertex -3.22437 0.407332 0
    endloop
  endfacet
  facet normal 0.58779 -0.809014 0
    outer loop
      vertex -2.07163 2.50417 0
      vertex -1.74144 2.74407 3
      vertex -2.07163 2.50417 3
    endloop
  endfacet
  facet normal 0.58779 -0.809014 0
    outer loop
      vertex -1.74144 2.74407 3
      vertex -2.07163 2.50417 0
      vertex -1.74144 2.74407 0
    endloop
  endfacet
  facet normal 0.248693 -0.968582 0
    outer loop
      vertex -1.0043 3.09093 0
      vertex -0.608989 3.19243 3
      vertex -1.0043 3.09093 3
    endloop
  endfacet
  facet normal 0.248693 -0.968582 0
    outer loop
      vertex -0.608989 3.19243 3
      vertex -1.0043 3.09093 0
      vertex -0.608989 3.19243 0
    endloop
  endfacet
  facet normal 0.36811 0.929782 -0
    outer loop
      vertex -1.0043 -3.09093 0
      vertex -1.38378 -2.94069 3
      vertex -1.0043 -3.09093 3
    endloop
  endfacet
  facet normal 0.36811 0.929782 0
    outer loop
      vertex -1.38378 -2.94069 3
      vertex -1.0043 -3.09093 0
      vertex -1.38378 -2.94069 0
    endloop
  endfacet
  facet normal 0.770526 0.637409 0
    outer loop
      vertex -2.36915 -2.22478 3
      vertex -2.6293 -1.9103 0
      vertex -2.6293 -1.9103 3
    endloop
  endfacet
  facet normal 0.770526 0.637409 0
    outer loop
      vertex -2.6293 -1.9103 0
      vertex -2.36915 -2.22478 3
      vertex -2.36915 -2.22478 0
    endloop
  endfacet
  facet normal 0.998026 0.0627975 0
    outer loop
      vertex -3.22437 -0.407332 3
      vertex -3.25 0 0
      vertex -3.25 0 3
    endloop
  endfacet
  facet normal 0.998026 0.0627975 0
    outer loop
      vertex -3.25 0 0
      vertex -3.22437 -0.407332 3
      vertex -3.22437 -0.407332 0
    endloop
  endfacet
  facet normal -0.684547 0.728968 0
    outer loop
      vertex 2.36915 -2.22478 0
      vertex 2.07163 -2.50417 3
      vertex 2.36915 -2.22478 3
    endloop
  endfacet
  facet normal -0.684547 0.728968 0
    outer loop
      vertex 2.07163 -2.50417 3
      vertex 2.36915 -2.22478 0
      vertex 2.07163 -2.50417 0
    endloop
  endfacet
  facet normal 0 1 -0
    outer loop
      vertex 0.204069 -3.24359 0
      vertex -0.204069 -3.24359 3
      vertex 0.204069 -3.24359 3
    endloop
  endfacet
  facet normal 0 1 0
    outer loop
      vertex -0.204069 -3.24359 3
      vertex 0.204069 -3.24359 0
      vertex -0.204069 -3.24359 0
    endloop
  endfacet
  facet normal 0.481744 0.876312 -0
    outer loop
      vertex -1.38378 -2.94069 0
      vertex -1.74144 -2.74407 3
      vertex -1.38378 -2.94069 3
    endloop
  endfacet
  facet normal 0.481744 0.876312 0
    outer loop
      vertex -1.74144 -2.74407 3
      vertex -1.38378 -2.94069 0
      vertex -1.74144 -2.74407 0
    endloop
  endfacet
  facet normal 0.684547 0.728968 -0
    outer loop
      vertex -2.07163 -2.50417 0
      vertex -2.36915 -2.22478 3
      vertex -2.07163 -2.50417 3
    endloop
  endfacet
  facet normal 0.684547 0.728968 0
    outer loop
      vertex -2.36915 -2.22478 3
      vertex -2.07163 -2.50417 0
      vertex -2.36915 -2.22478 0
    endloop
  endfacet
  facet normal 0.904836 0.42576 0
    outer loop
      vertex -2.848 -1.5657 3
      vertex -3.02177 -1.1964 0
      vertex -3.02177 -1.1964 3
    endloop
  endfacet
  facet normal 0.904836 0.42576 0
    outer loop
      vertex -3.02177 -1.1964 0
      vertex -2.848 -1.5657 3
      vertex -2.848 -1.5657 0
    endloop
  endfacet
  facet normal 0.982286 0.187387 0
    outer loop
      vertex -3.14789 -0.808242 3
      vertex -3.22437 -0.407332 0
      vertex -3.22437 -0.407332 3
    endloop
  endfacet
  facet normal 0.982286 0.187387 0
    outer loop
      vertex -3.22437 -0.407332 0
      vertex -3.14789 -0.808242 3
      vertex -3.14789 -0.808242 0
    endloop
  endfacet
  facet normal -0.770526 0.637409 0
    outer loop
      vertex 2.36915 -2.22478 0
      vertex 2.6293 -1.9103 3
      vertex 2.6293 -1.9103 0
    endloop
  endfacet
  facet normal -0.770526 0.637409 0
    outer loop
      vertex 2.6293 -1.9103 3
      vertex 2.36915 -2.22478 0
      vertex 2.36915 -2.22478 3
    endloop
  endfacet
  facet normal -0.248693 0.968582 0
    outer loop
      vertex 1.0043 -3.09093 0
      vertex 0.608989 -3.19243 3
      vertex 1.0043 -3.09093 3
    endloop
  endfacet
  facet normal -0.248693 0.968582 0
    outer loop
      vertex 0.608989 -3.19243 3
      vertex 1.0043 -3.09093 0
      vertex 0.608989 -3.19243 0
    endloop
  endfacet
  facet normal -0.36811 0.929782 0
    outer loop
      vertex 1.38378 -2.94069 0
      vertex 1.0043 -3.09093 3
      vertex 1.38378 -2.94069 3
    endloop
  endfacet
  facet normal -0.36811 0.929782 0
    outer loop
      vertex 1.0043 -3.09093 3
      vertex 1.38378 -2.94069 0
      vertex 1.0043 -3.09093 0
    endloop
  endfacet
  facet normal 0.58779 0.809014 -0
    outer loop
      vertex -1.74144 -2.74407 0
      vertex -2.07163 -2.50417 3
      vertex -1.74144 -2.74407 3
    endloop
  endfacet
  facet normal 0.58779 0.809014 0
    outer loop
      vertex -2.07163 -2.50417 3
      vertex -1.74144 -2.74407 0
      vertex -2.07163 -2.50417 0
    endloop
  endfacet
  facet normal 0.844317 0.535845 0
    outer loop
      vertex -2.6293 -1.9103 3
      vertex -2.848 -1.5657 0
      vertex -2.848 -1.5657 3
    endloop
  endfacet
  facet normal 0.844317 0.535845 0
    outer loop
      vertex -2.848 -1.5657 0
      vertex -2.6293 -1.9103 3
      vertex -2.6293 -1.9103 0
    endloop
  endfacet
  facet normal -0.998031 -0.0627242 0
    outer loop
      vertex 18.25 0 0
      vertex 18.2244 0.407332 3
      vertex 18.2244 0.407332 0
    endloop
  endfacet
  facet normal -0.998031 -0.0627242 0
    outer loop
      vertex 18.2244 0.407332 3
      vertex 18.25 0 0
      vertex 18.25 0 3
    endloop
  endfacet
  facet normal 0 -1 0
    outer loop
      vertex 14.7959 3.24359 0
      vertex 15.2041 3.24359 3
      vertex 14.7959 3.24359 3
    endloop
  endfacet
  facet normal 0 -1 -0
    outer loop
      vertex 15.2041 3.24359 3
      vertex 14.7959 3.24359 0
      vertex 15.2041 3.24359 0
    endloop
  endfacet
  facet normal 0.684572 0.728946 -0
    outer loop
      vertex 12.9284 -2.50417 0
      vertex 12.6309 -2.22478 3
      vertex 12.9284 -2.50417 3
    endloop
  endfacet
  facet normal 0.684572 0.728946 0
    outer loop
      vertex 12.6309 -2.22478 3
      vertex 12.9284 -2.50417 0
      vertex 12.6309 -2.22478 0
    endloop
  endfacet
  facet normal -0.684572 -0.728946 0
    outer loop
      vertex 17.0716 2.50417 0
      vertex 17.3691 2.22478 3
      vertex 17.0716 2.50417 3
    endloop
  endfacet
  facet normal -0.684572 -0.728946 -0
    outer loop
      vertex 17.3691 2.22478 3
      vertex 17.0716 2.50417 0
      vertex 17.3691 2.22478 0
    endloop
  endfacet
  facet normal 0.770466 -0.637481 0
    outer loop
      vertex 12.3707 1.9103 3
      vertex 12.6309 2.22478 0
      vertex 12.6309 2.22478 3
    endloop
  endfacet
  facet normal 0.770466 -0.637481 0
    outer loop
      vertex 12.6309 2.22478 0
      vertex 12.3707 1.9103 3
      vertex 12.3707 1.9103 0
    endloop
  endfacet
  facet normal 0.481806 -0.876278 0
    outer loop
      vertex 13.2586 2.74407 0
      vertex 13.6162 2.94069 3
      vertex 13.2586 2.74407 3
    endloop
  endfacet
  facet normal 0.481806 -0.876278 0
    outer loop
      vertex 13.6162 2.94069 3
      vertex 13.2586 2.74407 0
      vertex 13.6162 2.94069 0
    endloop
  endfacet
  facet normal -0.904808 -0.425821 0
    outer loop
      vertex 18.0218 1.1964 0
      vertex 17.848 1.5657 3
      vertex 17.848 1.5657 0
    endloop
  endfacet
  facet normal -0.904808 -0.425821 0
    outer loop
      vertex 17.848 1.5657 3
      vertex 18.0218 1.1964 0
      vertex 18.0218 1.1964 3
    endloop
  endfacet
  facet normal -0.844317 -0.535845 0
    outer loop
      vertex 17.848 1.5657 0
      vertex 17.6293 1.9103 3
      vertex 17.6293 1.9103 0
    endloop
  endfacet
  facet normal -0.844317 -0.535845 0
    outer loop
      vertex 17.6293 1.9103 3
      vertex 17.848 1.5657 0
      vertex 17.848 1.5657 3
    endloop
  endfacet
  facet normal -0.368093 -0.929789 0
    outer loop
      vertex 16.0043 3.09093 0
      vertex 16.3838 2.94069 3
      vertex 16.0043 3.09093 3
    endloop
  endfacet
  facet normal -0.368093 -0.929789 -0
    outer loop
      vertex 16.3838 2.94069 3
      vertex 16.0043 3.09093 0
      vertex 16.3838 2.94069 0
    endloop
  endfacet
  facet normal -0.2487 -0.968581 0
    outer loop
      vertex 15.609 3.19243 0
      vertex 16.0043 3.09093 3
      vertex 15.609 3.19243 3
    endloop
  endfacet
  facet normal -0.2487 -0.968581 -0
    outer loop
      vertex 16.0043 3.09093 3
      vertex 15.609 3.19243 0
      vertex 16.0043 3.09093 0
    endloop
  endfacet
  facet normal -0.587778 -0.809022 0
    outer loop
      vertex 16.7414 2.74407 0
      vertex 17.0716 2.50417 3
      vertex 16.7414 2.74407 3
    endloop
  endfacet
  facet normal -0.587778 -0.809022 -0
    outer loop
      vertex 17.0716 2.50417 3
      vertex 16.7414 2.74407 0
      vertex 17.0716 2.50417 0
    endloop
  endfacet
  facet normal 0.951071 -0.308972 0
    outer loop
      vertex 11.8521 0.808242 3
      vertex 11.9782 1.1964 0
      vertex 11.9782 1.1964 3
    endloop
  endfacet
  facet normal 0.951071 -0.308972 0
    outer loop
      vertex 11.9782 1.1964 0
      vertex 11.8521 0.808242 3
      vertex 11.8521 0.808242 0
    endloop
  endfacet
  facet normal 0.587778 -0.809022 0
    outer loop
      vertex 12.9284 2.50417 0
      vertex 13.2586 2.74407 3
      vertex 12.9284 2.50417 3
    endloop
  endfacet
  facet normal 0.587778 -0.809022 0
    outer loop
      vertex 13.2586 2.74407 3
      vertex 12.9284 2.50417 0
      vertex 13.2586 2.74407 0
    endloop
  endfacet
  facet normal 0.2487 -0.968581 0
    outer loop
      vertex 13.9957 3.09093 0
      vertex 14.391 3.19243 3
      vertex 13.9957 3.09093 3
    endloop
  endfacet
  facet normal 0.2487 -0.968581 0
    outer loop
      vertex 14.391 3.19243 3
      vertex 13.9957 3.09093 0
      vertex 14.391 3.19243 0
    endloop
  endfacet
  facet normal -0.587778 0.809022 0
    outer loop
      vertex 17.0716 -2.50417 0
      vertex 16.7414 -2.74407 3
      vertex 17.0716 -2.50417 3
    endloop
  endfacet
  facet normal -0.587778 0.809022 0
    outer loop
      vertex 16.7414 -2.74407 3
      vertex 17.0716 -2.50417 0
      vertex 16.7414 -2.74407 0
    endloop
  endfacet
  facet normal 0.587778 0.809022 -0
    outer loop
      vertex 13.2586 -2.74407 0
      vertex 12.9284 -2.50417 3
      vertex 13.2586 -2.74407 3
    endloop
  endfacet
  facet normal 0.587778 0.809022 0
    outer loop
      vertex 12.9284 -2.50417 3
      vertex 13.2586 -2.74407 0
      vertex 12.9284 -2.50417 0
    endloop
  endfacet
  facet normal 0.2487 0.968581 -0
    outer loop
      vertex 14.391 -3.19243 0
      vertex 13.9957 -3.09093 3
      vertex 14.391 -3.19243 3
    endloop
  endfacet
  facet normal 0.2487 0.968581 0
    outer loop
      vertex 13.9957 -3.09093 3
      vertex 14.391 -3.19243 0
      vertex 13.9957 -3.09093 0
    endloop
  endfacet
  facet normal 0.844317 0.535845 0
    outer loop
      vertex 12.3707 -1.9103 3
      vertex 12.152 -1.5657 0
      vertex 12.152 -1.5657 3
    endloop
  endfacet
  facet normal 0.844317 0.535845 0
    outer loop
      vertex 12.152 -1.5657 0
      vertex 12.3707 -1.9103 3
      vertex 12.3707 -1.9103 0
    endloop
  endfacet
  facet normal -0.951071 -0.308972 0
    outer loop
      vertex 18.1479 0.808242 0
      vertex 18.0218 1.1964 3
      vertex 18.0218 1.1964 0
    endloop
  endfacet
  facet normal -0.951071 -0.308972 0
    outer loop
      vertex 18.0218 1.1964 3
      vertex 18.1479 0.808242 0
      vertex 18.1479 0.808242 3
    endloop
  endfacet
  facet normal -0.982277 -0.187434 0
    outer loop
      vertex 18.2244 0.407332 0
      vertex 18.1479 0.808242 3
      vertex 18.1479 0.808242 0
    endloop
  endfacet
  facet normal -0.982277 -0.187434 0
    outer loop
      vertex 18.1479 0.808242 3
      vertex 18.2244 0.407332 0
      vertex 18.2244 0.407332 3
    endloop
  endfacet
  facet normal -0.770466 -0.637481 0
    outer loop
      vertex 17.6293 1.9103 0
      vertex 17.3691 2.22478 3
      vertex 17.3691 2.22478 0
    endloop
  endfacet
  facet normal -0.770466 -0.637481 0
    outer loop
      vertex 17.3691 2.22478 3
      vertex 17.6293 1.9103 0
      vertex 17.6293 1.9103 3
    endloop
  endfacet
  facet normal -0.125356 -0.992112 0
    outer loop
      vertex 15.2041 3.24359 0
      vertex 15.609 3.19243 3
      vertex 15.2041 3.24359 3
    endloop
  endfacet
  facet normal -0.125356 -0.992112 -0
    outer loop
      vertex 15.609 3.19243 3
      vertex 15.2041 3.24359 0
      vertex 15.609 3.19243 0
    endloop
  endfacet
  facet normal -0.481806 -0.876278 0
    outer loop
      vertex 16.3838 2.94069 0
      vertex 16.7414 2.74407 3
      vertex 16.3838 2.94069 3
    endloop
  endfacet
  facet normal -0.481806 -0.876278 -0
    outer loop
      vertex 16.7414 2.74407 3
      vertex 16.3838 2.94069 0
      vertex 16.7414 2.74407 0
    endloop
  endfacet
  facet normal 0.904808 -0.425821 0
    outer loop
      vertex 11.9782 1.1964 3
      vertex 12.152 1.5657 0
      vertex 12.152 1.5657 3
    endloop
  endfacet
  facet normal 0.904808 -0.425821 0
    outer loop
      vertex 12.152 1.5657 0
      vertex 11.9782 1.1964 3
      vertex 11.9782 1.1964 0
    endloop
  endfacet
  facet normal 0.844317 -0.535845 0
    outer loop
      vertex 12.152 1.5657 3
      vertex 12.3707 1.9103 0
      vertex 12.3707 1.9103 3
    endloop
  endfacet
  facet normal 0.844317 -0.535845 0
    outer loop
      vertex 12.3707 1.9103 0
      vertex 12.152 1.5657 3
      vertex 12.152 1.5657 0
    endloop
  endfacet
  facet normal 0.982277 -0.187434 0
    outer loop
      vertex 11.7756 0.407332 3
      vertex 11.8521 0.808242 0
      vertex 11.8521 0.808242 3
    endloop
  endfacet
  facet normal 0.982277 -0.187434 0
    outer loop
      vertex 11.8521 0.808242 0
      vertex 11.7756 0.407332 3
      vertex 11.7756 0.407332 0
    endloop
  endfacet
  facet normal 0.998031 -0.0627242 0
    outer loop
      vertex 11.75 0 3
      vertex 11.7756 0.407332 0
      vertex 11.7756 0.407332 3
    endloop
  endfacet
  facet normal 0.998031 -0.0627242 0
    outer loop
      vertex 11.7756 0.407332 0
      vertex 11.75 0 3
      vertex 11.75 0 0
    endloop
  endfacet
  facet normal 0.998031 0.0627242 0
    outer loop
      vertex 11.7756 -0.407332 3
      vertex 11.75 0 0
      vertex 11.75 0 3
    endloop
  endfacet
  facet normal 0.998031 0.0627242 0
    outer loop
      vertex 11.75 0 0
      vertex 11.7756 -0.407332 3
      vertex 11.7756 -0.407332 0
    endloop
  endfacet
  facet normal 0.684572 -0.728946 0
    outer loop
      vertex 12.6309 2.22478 0
      vertex 12.9284 2.50417 3
      vertex 12.6309 2.22478 3
    endloop
  endfacet
  facet normal 0.684572 -0.728946 0
    outer loop
      vertex 12.9284 2.50417 3
      vertex 12.6309 2.22478 0
      vertex 12.9284 2.50417 0
    endloop
  endfacet
  facet normal 0.368093 -0.929789 0
    outer loop
      vertex 13.6162 2.94069 0
      vertex 13.9957 3.09093 3
      vertex 13.6162 2.94069 3
    endloop
  endfacet
  facet normal 0.368093 -0.929789 0
    outer loop
      vertex 13.9957 3.09093 3
      vertex 13.6162 2.94069 0
      vertex 13.9957 3.09093 0
    endloop
  endfacet
  facet normal 0.125356 -0.992112 0
    outer loop
      vertex 14.391 3.19243 0
      vertex 14.7959 3.24359 3
      vertex 14.391 3.19243 3
    endloop
  endfacet
  facet normal 0.125356 -0.992112 0
    outer loop
      vertex 14.7959 3.24359 3
      vertex 14.391 3.19243 0
      vertex 14.7959 3.24359 0
    endloop
  endfacet
  facet normal -0.125356 0.992112 0
    outer loop
      vertex 15.609 -3.19243 0
      vertex 15.2041 -3.24359 3
      vertex 15.609 -3.19243 3
    endloop
  endfacet
  facet normal -0.125356 0.992112 0
    outer loop
      vertex 15.2041 -3.24359 3
      vertex 15.609 -3.19243 0
      vertex 15.2041 -3.24359 0
    endloop
  endfacet
  facet normal -0.368093 0.929789 0
    outer loop
      vertex 16.3838 -2.94069 0
      vertex 16.0043 -3.09093 3
      vertex 16.3838 -2.94069 3
    endloop
  endfacet
  facet normal -0.368093 0.929789 0
    outer loop
      vertex 16.0043 -3.09093 3
      vertex 16.3838 -2.94069 0
      vertex 16.0043 -3.09093 0
    endloop
  endfacet
  facet normal -0.684572 0.728946 0
    outer loop
      vertex 17.3691 -2.22478 0
      vertex 17.0716 -2.50417 3
      vertex 17.3691 -2.22478 3
    endloop
  endfacet
  facet normal -0.684572 0.728946 0
    outer loop
      vertex 17.0716 -2.50417 3
      vertex 17.3691 -2.22478 0
      vertex 17.0716 -2.50417 0
    endloop
  endfacet
  facet normal -0.951071 0.308972 0
    outer loop
      vertex 18.0218 -1.1964 0
      vertex 18.1479 -0.808242 3
      vertex 18.1479 -0.808242 0
    endloop
  endfacet
  facet normal -0.951071 0.308972 0
    outer loop
      vertex 18.1479 -0.808242 3
      vertex 18.0218 -1.1964 0
      vertex 18.0218 -1.1964 3
    endloop
  endfacet
  facet normal -0.844317 0.535845 0
    outer loop
      vertex 17.6293 -1.9103 0
      vertex 17.848 -1.5657 3
      vertex 17.848 -1.5657 0
    endloop
  endfacet
  facet normal -0.844317 0.535845 0
    outer loop
      vertex 17.848 -1.5657 3
      vertex 17.6293 -1.9103 0
      vertex 17.6293 -1.9103 3
    endloop
  endfacet
  facet normal 0.481806 0.876278 -0
    outer loop
      vertex 13.6162 -2.94069 0
      vertex 13.2586 -2.74407 3
      vertex 13.6162 -2.94069 3
    endloop
  endfacet
  facet normal 0.481806 0.876278 0
    outer loop
      vertex 13.2586 -2.74407 3
      vertex 13.6162 -2.94069 0
      vertex 13.2586 -2.74407 0
    endloop
  endfacet
  facet normal 0.125356 0.992112 -0
    outer loop
      vertex 14.7959 -3.24359 0
      vertex 14.391 -3.19243 3
      vertex 14.7959 -3.24359 3
    endloop
  endfacet
  facet normal 0.125356 0.992112 0
    outer loop
      vertex 14.391 -3.19243 3
      vertex 14.7959 -3.24359 0
      vertex 14.391 -3.19243 0
    endloop
  endfacet
  facet normal 0.770466 0.637481 0
    outer loop
      vertex 12.6309 -2.22478 3
      vertex 12.3707 -1.9103 0
      vertex 12.3707 -1.9103 3
    endloop
  endfacet
  facet normal 0.770466 0.637481 0
    outer loop
      vertex 12.3707 -1.9103 0
      vertex 12.6309 -2.22478 3
      vertex 12.6309 -2.22478 0
    endloop
  endfacet
  facet normal 0.904808 0.425821 0
    outer loop
      vertex 12.152 -1.5657 3
      vertex 11.9782 -1.1964 0
      vertex 11.9782 -1.1964 3
    endloop
  endfacet
  facet normal 0.904808 0.425821 0
    outer loop
      vertex 11.9782 -1.1964 0
      vertex 12.152 -1.5657 3
      vertex 12.152 -1.5657 0
    endloop
  endfacet
  facet normal 0.982277 0.187434 0
    outer loop
      vertex 11.8521 -0.808242 3
      vertex 11.7756 -0.407332 0
      vertex 11.7756 -0.407332 3
    endloop
  endfacet
  facet normal 0.982277 0.187434 0
    outer loop
      vertex 11.7756 -0.407332 0
      vertex 11.8521 -0.808242 3
      vertex 11.8521 -0.808242 0
    endloop
  endfacet
  facet normal -0.2487 0.968581 0
    outer loop
      vertex 16.0043 -3.09093 0
      vertex 15.609 -3.19243 3
      vertex 16.0043 -3.09093 3
    endloop
  endfacet
  facet normal -0.2487 0.968581 0
    outer loop
      vertex 15.609 -3.19243 3
      vertex 16.0043 -3.09093 0
      vertex 15.609 -3.19243 0
    endloop
  endfacet
  facet normal -0.481806 0.876278 0
    outer loop
      vertex 16.7414 -2.74407 0
      vertex 16.3838 -2.94069 3
      vertex 16.7414 -2.74407 3
    endloop
  endfacet
  facet normal -0.481806 0.876278 0
    outer loop
      vertex 16.3838 -2.94069 3
      vertex 16.7414 -2.74407 0
      vertex 16.3838 -2.94069 0
    endloop
  endfacet
  facet normal -0.770466 0.637481 0
    outer loop
      vertex 17.3691 -2.22478 0
      vertex 17.6293 -1.9103 3
      vertex 17.6293 -1.9103 0
    endloop
  endfacet
  facet normal -0.770466 0.637481 0
    outer loop
      vertex 17.6293 -1.9103 3
      vertex 17.3691 -2.22478 0
      vertex 17.3691 -2.22478 3
    endloop
  endfacet
  facet normal -0.982277 0.187434 0
    outer loop
      vertex 18.1479 -0.808242 0
      vertex 18.2244 -0.407332 3
      vertex 18.2244 -0.407332 0
    endloop
  endfacet
  facet normal -0.982277 0.187434 0
    outer loop
      vertex 18.2244 -0.407332 3
      vertex 18.1479 -0.808242 0
      vertex 18.1479 -0.808242 3
    endloop
  endfacet
  facet normal -0.904808 0.425821 0
    outer loop
      vertex 17.848 -1.5657 0
      vertex 18.0218 -1.1964 3
      vertex 18.0218 -1.1964 0
    endloop
  endfacet
  facet normal -0.904808 0.425821 0
    outer loop
      vertex 18.0218 -1.1964 3
      vertex 17.848 -1.5657 0
      vertex 17.848 -1.5657 3
    endloop
  endfacet
  facet normal 0.368093 0.929789 -0
    outer loop
      vertex 13.9957 -3.09093 0
      vertex 13.6162 -2.94069 3
      vertex 13.9957 -3.09093 3
    endloop
  endfacet
  facet normal 0.368093 0.929789 0
    outer loop
      vertex 13.6162 -2.94069 3
      vertex 13.9957 -3.09093 0
      vertex 13.6162 -2.94069 0
    endloop
  endfacet
  facet normal 0 1 -0
    outer loop
      vertex 15.2041 -3.24359 0
      vertex 14.7959 -3.24359 3
      vertex 15.2041 -3.24359 3
    endloop
  endfacet
  facet normal 0 1 0
    outer loop
      vertex 14.7959 -3.24359 3
      vertex 15.2041 -3.24359 0
      vertex 14.7959 -3.24359 0
    endloop
  endfacet
  facet normal 0.951071 0.308972 0
    outer loop
      vertex 11.9782 -1.1964 3
      vertex 11.8521 -0.808242 0
      vertex 11.8521 -0.808242 3
    endloop
  endfacet
  facet normal 0.951071 0.308972 0
    outer loop
      vertex 11.8521 -0.808242 0
      vertex 11.9782 -1.1964 3
      vertex 11.9782 -1.1964 0
    endloop
  endfacet
  facet normal -0.998031 0.0627242 0
    outer loop
      vertex 18.2244 -0.407332 0
      vertex 18.25 0 3
      vertex 18.25 0 0
    endloop
  endfacet
  facet normal -0.998031 0.0627242 0
    outer loop
      vertex 18.25 0 3
      vertex 18.2244 -0.407332 0
      vertex 18.2244 -0.407332 3
    endloop
  endfacet
  facet normal -0.998028 -0.0627752 0
    outer loop
      vertex -5.7 0 0
      vertex -5.71419 0.225599 3
      vertex -5.71419 0.225599 0
    endloop
  endfacet
  facet normal -0.998028 -0.0627752 0
    outer loop
      vertex -5.71419 0.225599 3
      vertex -5.7 0 0
      vertex -5.7 0 3
    endloop
  endfacet
  facet normal 0.998028 -0.0627752 0
    outer loop
      vertex -9.3 0 3
      vertex -9.28581 0.225599 0
      vertex -9.28581 0.225599 3
    endloop
  endfacet
  facet normal 0.998028 -0.0627752 0
    outer loop
      vertex -9.28581 0.225599 0
      vertex -9.3 0 3
      vertex -9.3 0 0
    endloop
  endfacet
  facet normal 0 -1 0
    outer loop
      vertex -7.61302 1.79645 0
      vertex -7.38698 1.79645 3
      vertex -7.61302 1.79645 3
    endloop
  endfacet
  facet normal 0 -1 -0
    outer loop
      vertex -7.38698 1.79645 3
      vertex -7.61302 1.79645 0
      vertex -7.38698 1.79645 0
    endloop
  endfacet
  facet normal 0 1 -0
    outer loop
      vertex -7.38698 -1.79645 0
      vertex -7.61302 -1.79645 3
      vertex -7.38698 -1.79645 3
    endloop
  endfacet
  facet normal 0 1 0
    outer loop
      vertex -7.61302 -1.79645 3
      vertex -7.38698 -1.79645 0
      vertex -7.61302 -1.79645 0
    endloop
  endfacet
  facet normal -0.68455 -0.728966 0
    outer loop
      vertex -6.35264 1.38692 0
      vertex -6.18786 1.23218 3
      vertex -6.35264 1.38692 3
    endloop
  endfacet
  facet normal -0.68455 -0.728966 -0
    outer loop
      vertex -6.18786 1.23218 3
      vertex -6.35264 1.38692 0
      vertex -6.18786 1.23218 0
    endloop
  endfacet
  facet normal 0.68455 -0.728966 0
    outer loop
      vertex -8.81214 1.23218 0
      vertex -8.64736 1.38692 3
      vertex -8.81214 1.23218 3
    endloop
  endfacet
  facet normal 0.68455 -0.728966 0
    outer loop
      vertex -8.64736 1.38692 3
      vertex -8.81214 1.23218 0
      vertex -8.64736 1.38692 0
    endloop
  endfacet
  facet normal 0.368116 -0.92978 0
    outer loop
      vertex -8.2664 1.62869 0
      vertex -8.05623 1.7119 3
      vertex -8.2664 1.62869 3
    endloop
  endfacet
  facet normal 0.368116 -0.92978 0
    outer loop
      vertex -8.05623 1.7119 3
      vertex -8.2664 1.62869 0
      vertex -8.05623 1.7119 0
    endloop
  endfacet
  facet normal -0.844327 0.535828 0
    outer loop
      vertex -6.04377 -1.05801 0
      vertex -5.92265 -0.867156 3
      vertex -5.92265 -0.867156 0
    endloop
  endfacet
  facet normal -0.844327 0.535828 0
    outer loop
      vertex -5.92265 -0.867156 3
      vertex -6.04377 -1.05801 0
      vertex -6.04377 -1.05801 3
    endloop
  endfacet
  facet normal -0.90482 -0.425794 0
    outer loop
      vertex -5.8264 0.662623 0
      vertex -5.92265 0.867156 3
      vertex -5.92265 0.867156 0
    endloop
  endfacet
  facet normal -0.90482 -0.425794 0
    outer loop
      vertex -5.92265 0.867156 3
      vertex -5.8264 0.662623 0
      vertex -5.8264 0.662623 3
    endloop
  endfacet
  facet normal -0.982285 -0.187395 0
    outer loop
      vertex -5.71419 0.225599 0
      vertex -5.75655 0.447641 3
      vertex -5.75655 0.447641 0
    endloop
  endfacet
  facet normal -0.982285 -0.187395 0
    outer loop
      vertex -5.75655 0.447641 3
      vertex -5.71419 0.225599 0
      vertex -5.71419 0.225599 3
    endloop
  endfacet
  facet normal -0.368116 -0.92978 0
    outer loop
      vertex -6.94377 1.7119 0
      vertex -6.7336 1.62869 3
      vertex -6.94377 1.7119 3
    endloop
  endfacet
  facet normal -0.368116 -0.92978 -0
    outer loop
      vertex -6.7336 1.62869 3
      vertex -6.94377 1.7119 0
      vertex -6.7336 1.62869 0
    endloop
  endfacet
  facet normal -0.248714 -0.968577 0
    outer loop
      vertex -7.16271 1.76812 0
      vertex -6.94377 1.7119 3
      vertex -7.16271 1.76812 3
    endloop
  endfacet
  facet normal -0.248714 -0.968577 -0
    outer loop
      vertex -6.94377 1.7119 3
      vertex -7.16271 1.76812 0
      vertex -6.94377 1.7119 0
    endloop
  endfacet
  facet normal -0.587806 -0.809002 0
    outer loop
      vertex -6.53551 1.51979 0
      vertex -6.35264 1.38692 3
      vertex -6.53551 1.51979 3
    endloop
  endfacet
  facet normal -0.587806 -0.809002 -0
    outer loop
      vertex -6.35264 1.38692 3
      vertex -6.53551 1.51979 0
      vertex -6.35264 1.38692 0
    endloop
  endfacet
  facet normal 0.90482 -0.425794 0
    outer loop
      vertex -9.1736 0.662623 3
      vertex -9.07735 0.867156 0
      vertex -9.07735 0.867156 3
    endloop
  endfacet
  facet normal 0.90482 -0.425794 0
    outer loop
      vertex -9.07735 0.867156 0
      vertex -9.1736 0.662623 3
      vertex -9.1736 0.662623 0
    endloop
  endfacet
  facet normal 0.951059 -0.309009 0
    outer loop
      vertex -9.24345 0.447641 3
      vertex -9.1736 0.662623 0
      vertex -9.1736 0.662623 3
    endloop
  endfacet
  facet normal 0.951059 -0.309009 0
    outer loop
      vertex -9.1736 0.662623 0
      vertex -9.24345 0.447641 3
      vertex -9.24345 0.447641 0
    endloop
  endfacet
  facet normal 0.248714 -0.968577 0
    outer loop
      vertex -8.05623 1.7119 0
      vertex -7.83729 1.76812 3
      vertex -8.05623 1.7119 3
    endloop
  endfacet
  facet normal 0.248714 -0.968577 0
    outer loop
      vertex -7.83729 1.76812 3
      vertex -8.05623 1.7119 0
      vertex -7.83729 1.76812 0
    endloop
  endfacet
  facet normal -0.125325 0.992116 0
    outer loop
      vertex -7.16271 -1.76812 0
      vertex -7.38698 -1.79645 3
      vertex -7.16271 -1.76812 3
    endloop
  endfacet
  facet normal -0.125325 0.992116 0
    outer loop
      vertex -7.38698 -1.79645 3
      vertex -7.16271 -1.76812 0
      vertex -7.38698 -1.79645 0
    endloop
  endfacet
  facet normal -0.951059 -0.309009 0
    outer loop
      vertex -5.75655 0.447641 0
      vertex -5.8264 0.662623 3
      vertex -5.8264 0.662623 0
    endloop
  endfacet
  facet normal -0.951059 -0.309009 0
    outer loop
      vertex -5.8264 0.662623 3
      vertex -5.75655 0.447641 0
      vertex -5.75655 0.447641 3
    endloop
  endfacet
  facet normal -0.770504 -0.637435 0
    outer loop
      vertex -6.04377 1.05801 0
      vertex -6.18786 1.23218 3
      vertex -6.18786 1.23218 0
    endloop
  endfacet
  facet normal -0.770504 -0.637435 0
    outer loop
      vertex -6.18786 1.23218 3
      vertex -6.04377 1.05801 0
      vertex -6.04377 1.05801 3
    endloop
  endfacet
  facet normal -0.844327 -0.535828 0
    outer loop
      vertex -5.92265 0.867156 0
      vertex -6.04377 1.05801 3
      vertex -6.04377 1.05801 0
    endloop
  endfacet
  facet normal -0.844327 -0.535828 0
    outer loop
      vertex -6.04377 1.05801 3
      vertex -5.92265 0.867156 0
      vertex -5.92265 0.867156 3
    endloop
  endfacet
  facet normal -0.125325 -0.992116 0
    outer loop
      vertex -7.38698 1.79645 0
      vertex -7.16271 1.76812 3
      vertex -7.38698 1.79645 3
    endloop
  endfacet
  facet normal -0.125325 -0.992116 -0
    outer loop
      vertex -7.16271 1.76812 3
      vertex -7.38698 1.79645 0
      vertex -7.16271 1.76812 0
    endloop
  endfacet
  facet normal -0.481751 -0.876308 0
    outer loop
      vertex -6.7336 1.62869 0
      vertex -6.53551 1.51979 3
      vertex -6.7336 1.62869 3
    endloop
  endfacet
  facet normal -0.481751 -0.876308 -0
    outer loop
      vertex -6.53551 1.51979 3
      vertex -6.7336 1.62869 0
      vertex -6.53551 1.51979 0
    endloop
  endfacet
  facet normal 0.844327 -0.535828 0
    outer loop
      vertex -9.07735 0.867156 3
      vertex -8.95623 1.05801 0
      vertex -8.95623 1.05801 3
    endloop
  endfacet
  facet normal 0.844327 -0.535828 0
    outer loop
      vertex -8.95623 1.05801 0
      vertex -9.07735 0.867156 3
      vertex -9.07735 0.867156 0
    endloop
  endfacet
  facet normal 0.770504 -0.637435 0
    outer loop
      vertex -8.95623 1.05801 3
      vertex -8.81214 1.23218 0
      vertex -8.81214 1.23218 3
    endloop
  endfacet
  facet normal 0.770504 -0.637435 0
    outer loop
      vertex -8.81214 1.23218 0
      vertex -8.95623 1.05801 3
      vertex -8.95623 1.05801 0
    endloop
  endfacet
  facet normal 0.982285 -0.187395 0
    outer loop
      vertex -9.28581 0.225599 3
      vertex -9.24345 0.447641 0
      vertex -9.24345 0.447641 3
    endloop
  endfacet
  facet normal 0.982285 -0.187395 0
    outer loop
      vertex -9.24345 0.447641 0
      vertex -9.28581 0.225599 3
      vertex -9.28581 0.225599 0
    endloop
  endfacet
  facet normal 0.481751 -0.876308 0
    outer loop
      vertex -8.46449 1.51979 0
      vertex -8.2664 1.62869 3
      vertex -8.46449 1.51979 3
    endloop
  endfacet
  facet normal 0.481751 -0.876308 0
    outer loop
      vertex -8.2664 1.62869 3
      vertex -8.46449 1.51979 0
      vertex -8.2664 1.62869 0
    endloop
  endfacet
  facet normal 0.587806 -0.809002 0
    outer loop
      vertex -8.64736 1.38692 0
      vertex -8.46449 1.51979 3
      vertex -8.64736 1.38692 3
    endloop
  endfacet
  facet normal 0.587806 -0.809002 0
    outer loop
      vertex -8.46449 1.51979 3
      vertex -8.64736 1.38692 0
      vertex -8.46449 1.51979 0
    endloop
  endfacet
  facet normal 0.125325 -0.992116 0
    outer loop
      vertex -7.83729 1.76812 0
      vertex -7.61302 1.79645 3
      vertex -7.83729 1.76812 3
    endloop
  endfacet
  facet normal 0.125325 -0.992116 0
    outer loop
      vertex -7.61302 1.79645 3
      vertex -7.83729 1.76812 0
      vertex -7.61302 1.79645 0
    endloop
  endfacet
  facet normal -0.481751 0.876308 0
    outer loop
      vertex -6.53551 -1.51979 0
      vertex -6.7336 -1.62869 3
      vertex -6.53551 -1.51979 3
    endloop
  endfacet
  facet normal -0.481751 0.876308 0
    outer loop
      vertex -6.7336 -1.62869 3
      vertex -6.53551 -1.51979 0
      vertex -6.7336 -1.62869 0
    endloop
  endfacet
  facet normal -0.68455 0.728966 0
    outer loop
      vertex -6.18786 -1.23218 0
      vertex -6.35264 -1.38692 3
      vertex -6.18786 -1.23218 3
    endloop
  endfacet
  facet normal -0.68455 0.728966 0
    outer loop
      vertex -6.35264 -1.38692 3
      vertex -6.18786 -1.23218 0
      vertex -6.35264 -1.38692 0
    endloop
  endfacet
  facet normal -0.982285 0.187395 0
    outer loop
      vertex -5.75655 -0.447641 0
      vertex -5.71419 -0.225599 3
      vertex -5.71419 -0.225599 0
    endloop
  endfacet
  facet normal -0.982285 0.187395 0
    outer loop
      vertex -5.71419 -0.225599 3
      vertex -5.75655 -0.447641 0
      vertex -5.75655 -0.447641 3
    endloop
  endfacet
  facet normal -0.90482 0.425794 0
    outer loop
      vertex -5.92265 -0.867156 0
      vertex -5.8264 -0.662623 3
      vertex -5.8264 -0.662623 0
    endloop
  endfacet
  facet normal -0.90482 0.425794 0
    outer loop
      vertex -5.8264 -0.662623 3
      vertex -5.92265 -0.867156 0
      vertex -5.92265 -0.867156 3
    endloop
  endfacet
  facet normal -0.770504 0.637435 0
    outer loop
      vertex -6.18786 -1.23218 0
      vertex -6.04377 -1.05801 3
      vertex -6.04377 -1.05801 0
    endloop
  endfacet
  facet normal -0.770504 0.637435 0
    outer loop
      vertex -6.04377 -1.05801 3
      vertex -6.18786 -1.23218 0
      vertex -6.18786 -1.23218 3
    endloop
  endfacet
  facet normal -0.998028 0.0627752 0
    outer loop
      vertex -5.71419 -0.225599 0
      vertex -5.7 0 3
      vertex -5.7 0 0
    endloop
  endfacet
  facet normal -0.998028 0.0627752 0
    outer loop
      vertex -5.7 0 3
      vertex -5.71419 -0.225599 0
      vertex -5.71419 -0.225599 3
    endloop
  endfacet
  facet normal 0.248714 0.968577 -0
    outer loop
      vertex -7.83729 -1.76812 0
      vertex -8.05623 -1.7119 3
      vertex -7.83729 -1.76812 3
    endloop
  endfacet
  facet normal 0.248714 0.968577 0
    outer loop
      vertex -8.05623 -1.7119 3
      vertex -7.83729 -1.76812 0
      vertex -8.05623 -1.7119 0
    endloop
  endfacet
  facet normal 0.951059 0.309009 0
    outer loop
      vertex -9.1736 -0.662623 3
      vertex -9.24345 -0.447641 0
      vertex -9.24345 -0.447641 3
    endloop
  endfacet
  facet normal 0.951059 0.309009 0
    outer loop
      vertex -9.24345 -0.447641 0
      vertex -9.1736 -0.662623 3
      vertex -9.1736 -0.662623 0
    endloop
  endfacet
  facet normal 0.998028 0.0627752 0
    outer loop
      vertex -9.28581 -0.225599 3
      vertex -9.3 0 0
      vertex -9.3 0 3
    endloop
  endfacet
  facet normal 0.998028 0.0627752 0
    outer loop
      vertex -9.3 0 0
      vertex -9.28581 -0.225599 3
      vertex -9.28581 -0.225599 0
    endloop
  endfacet
  facet normal -0.368116 0.92978 0
    outer loop
      vertex -6.7336 -1.62869 0
      vertex -6.94377 -1.7119 3
      vertex -6.7336 -1.62869 3
    endloop
  endfacet
  facet normal -0.368116 0.92978 0
    outer loop
      vertex -6.94377 -1.7119 3
      vertex -6.7336 -1.62869 0
      vertex -6.94377 -1.7119 0
    endloop
  endfacet
  facet normal -0.248714 0.968577 0
    outer loop
      vertex -6.94377 -1.7119 0
      vertex -7.16271 -1.76812 3
      vertex -6.94377 -1.7119 3
    endloop
  endfacet
  facet normal -0.248714 0.968577 0
    outer loop
      vertex -7.16271 -1.76812 3
      vertex -6.94377 -1.7119 0
      vertex -7.16271 -1.76812 0
    endloop
  endfacet
  facet normal -0.587806 0.809002 0
    outer loop
      vertex -6.35264 -1.38692 0
      vertex -6.53551 -1.51979 3
      vertex -6.35264 -1.38692 3
    endloop
  endfacet
  facet normal -0.587806 0.809002 0
    outer loop
      vertex -6.53551 -1.51979 3
      vertex -6.35264 -1.38692 0
      vertex -6.53551 -1.51979 0
    endloop
  endfacet
  facet normal -0.951059 0.309009 0
    outer loop
      vertex -5.8264 -0.662623 0
      vertex -5.75655 -0.447641 3
      vertex -5.75655 -0.447641 0
    endloop
  endfacet
  facet normal -0.951059 0.309009 0
    outer loop
      vertex -5.75655 -0.447641 3
      vertex -5.8264 -0.662623 0
      vertex -5.8264 -0.662623 3
    endloop
  endfacet
  facet normal 0.125325 0.992116 -0
    outer loop
      vertex -7.61302 -1.79645 0
      vertex -7.83729 -1.76812 3
      vertex -7.61302 -1.79645 3
    endloop
  endfacet
  facet normal 0.125325 0.992116 0
    outer loop
      vertex -7.83729 -1.76812 3
      vertex -7.61302 -1.79645 0
      vertex -7.83729 -1.76812 0
    endloop
  endfacet
  facet normal 0.368116 0.92978 -0
    outer loop
      vertex -8.05623 -1.7119 0
      vertex -8.2664 -1.62869 3
      vertex -8.05623 -1.7119 3
    endloop
  endfacet
  facet normal 0.368116 0.92978 0
    outer loop
      vertex -8.2664 -1.62869 3
      vertex -8.05623 -1.7119 0
      vertex -8.2664 -1.62869 0
    endloop
  endfacet
  facet normal 0.587806 0.809002 -0
    outer loop
      vertex -8.46449 -1.51979 0
      vertex -8.64736 -1.38692 3
      vertex -8.46449 -1.51979 3
    endloop
  endfacet
  facet normal 0.587806 0.809002 0
    outer loop
      vertex -8.64736 -1.38692 3
      vertex -8.46449 -1.51979 0
      vertex -8.64736 -1.38692 0
    endloop
  endfacet
  facet normal 0.68455 0.728966 -0
    outer loop
      vertex -8.64736 -1.38692 0
      vertex -8.81214 -1.23218 3
      vertex -8.64736 -1.38692 3
    endloop
  endfacet
  facet normal 0.68455 0.728966 0
    outer loop
      vertex -8.81214 -1.23218 3
      vertex -8.64736 -1.38692 0
      vertex -8.81214 -1.23218 0
    endloop
  endfacet
  facet normal 0.982285 0.187395 0
    outer loop
      vertex -9.24345 -0.447641 3
      vertex -9.28581 -0.225599 0
      vertex -9.28581 -0.225599 3
    endloop
  endfacet
  facet normal 0.982285 0.187395 0
    outer loop
      vertex -9.28581 -0.225599 0
      vertex -9.24345 -0.447641 3
      vertex -9.24345 -0.447641 0
    endloop
  endfacet
  facet normal 0.481751 0.876308 -0
    outer loop
      vertex -8.2664 -1.62869 0
      vertex -8.46449 -1.51979 3
      vertex -8.2664 -1.62869 3
    endloop
  endfacet
  facet normal 0.481751 0.876308 0
    outer loop
      vertex -8.46449 -1.51979 3
      vertex -8.2664 -1.62869 0
      vertex -8.46449 -1.51979 0
    endloop
  endfacet
  facet normal 0.844327 0.535828 0
    outer loop
      vertex -8.95623 -1.05801 3
      vertex -9.07735 -0.867156 0
      vertex -9.07735 -0.867156 3
    endloop
  endfacet
  facet normal 0.844327 0.535828 0
    outer loop
      vertex -9.07735 -0.867156 0
      vertex -8.95623 -1.05801 3
      vertex -8.95623 -1.05801 0
    endloop
  endfacet
  facet normal 0.90482 0.425794 0
    outer loop
      vertex -9.07735 -0.867156 3
      vertex -9.1736 -0.662623 0
      vertex -9.1736 -0.662623 3
    endloop
  endfacet
  facet normal 0.90482 0.425794 0
    outer loop
      vertex -9.1736 -0.662623 0
      vertex -9.07735 -0.867156 3
      vertex -9.07735 -0.867156 0
    endloop
  endfacet
  facet normal 0.770504 0.637435 0
    outer loop
      vertex -8.81214 -1.23218 3
      vertex -8.95623 -1.05801 0
      vertex -8.95623 -1.05801 3
    endloop
  endfacet
  facet normal 0.770504 0.637435 0
    outer loop
      vertex -8.95623 -1.05801 0
      vertex -8.81214 -1.23218 3
      vertex -8.81214 -1.23218 0
    endloop
  endfacet
  facet normal 0.951059 -0.309009 0
    outer loop
      vertex 5.75655 0.447641 3
      vertex 5.8264 0.662623 0
      vertex 5.8264 0.662623 3
    endloop
  endfacet
  facet normal 0.951059 -0.309009 0
    outer loop
      vertex 5.8264 0.662623 0
      vertex 5.75655 0.447641 3
      vertex 5.75655 0.447641 0
    endloop
  endfacet
  facet normal -0.844327 -0.535828 0
    outer loop
      vertex 9.07735 0.867156 0
      vertex 8.95623 1.05801 3
      vertex 8.95623 1.05801 0
    endloop
  endfacet
  facet normal -0.844327 -0.535828 0
    outer loop
      vertex 8.95623 1.05801 3
      vertex 9.07735 0.867156 0
      vertex 9.07735 0.867156 3
    endloop
  endfacet
  facet normal -0.368116 -0.92978 0
    outer loop
      vertex 8.05623 1.7119 0
      vertex 8.2664 1.62869 3
      vertex 8.05623 1.7119 3
    endloop
  endfacet
  facet normal -0.368116 -0.92978 -0
    outer loop
      vertex 8.2664 1.62869 3
      vertex 8.05623 1.7119 0
      vertex 8.2664 1.62869 0
    endloop
  endfacet
  facet normal 0.368116 -0.92978 0
    outer loop
      vertex 6.7336 1.62869 0
      vertex 6.94377 1.7119 3
      vertex 6.7336 1.62869 3
    endloop
  endfacet
  facet normal 0.368116 -0.92978 0
    outer loop
      vertex 6.94377 1.7119 3
      vertex 6.7336 1.62869 0
      vertex 6.94377 1.7119 0
    endloop
  endfacet
  facet normal 0.90482 -0.425794 0
    outer loop
      vertex 5.8264 0.662623 3
      vertex 5.92265 0.867156 0
      vertex 5.92265 0.867156 3
    endloop
  endfacet
  facet normal 0.90482 -0.425794 0
    outer loop
      vertex 5.92265 0.867156 0
      vertex 5.8264 0.662623 3
      vertex 5.8264 0.662623 0
    endloop
  endfacet
  facet normal -0.998028 0.0627752 0
    outer loop
      vertex 9.28581 -0.225599 0
      vertex 9.3 0 3
      vertex 9.3 0 0
    endloop
  endfacet
  facet normal -0.998028 0.0627752 0
    outer loop
      vertex 9.3 0 3
      vertex 9.28581 -0.225599 0
      vertex 9.28581 -0.225599 3
    endloop
  endfacet
  facet normal -0.368116 0.92978 0
    outer loop
      vertex 8.2664 -1.62869 0
      vertex 8.05623 -1.7119 3
      vertex 8.2664 -1.62869 3
    endloop
  endfacet
  facet normal -0.368116 0.92978 0
    outer loop
      vertex 8.05623 -1.7119 3
      vertex 8.2664 -1.62869 0
      vertex 8.05623 -1.7119 0
    endloop
  endfacet
  facet normal -0.982285 -0.187395 0
    outer loop
      vertex 9.28581 0.225599 0
      vertex 9.24345 0.447641 3
      vertex 9.24345 0.447641 0
    endloop
  endfacet
  facet normal -0.982285 -0.187395 0
    outer loop
      vertex 9.24345 0.447641 3
      vertex 9.28581 0.225599 0
      vertex 9.28581 0.225599 3
    endloop
  endfacet
  facet normal -0.68455 -0.728966 0
    outer loop
      vertex 8.64736 1.38692 0
      vertex 8.81214 1.23218 3
      vertex 8.64736 1.38692 3
    endloop
  endfacet
  facet normal -0.68455 -0.728966 -0
    outer loop
      vertex 8.81214 1.23218 3
      vertex 8.64736 1.38692 0
      vertex 8.81214 1.23218 0
    endloop
  endfacet
  facet normal -0.125325 -0.992116 0
    outer loop
      vertex 7.61302 1.79645 0
      vertex 7.83729 1.76812 3
      vertex 7.61302 1.79645 3
    endloop
  endfacet
  facet normal -0.125325 -0.992116 -0
    outer loop
      vertex 7.83729 1.76812 3
      vertex 7.61302 1.79645 0
      vertex 7.83729 1.76812 0
    endloop
  endfacet
  facet normal -0.587806 -0.809002 0
    outer loop
      vertex 8.46449 1.51979 0
      vertex 8.64736 1.38692 3
      vertex 8.46449 1.51979 3
    endloop
  endfacet
  facet normal -0.587806 -0.809002 -0
    outer loop
      vertex 8.64736 1.38692 3
      vertex 8.46449 1.51979 0
      vertex 8.64736 1.38692 0
    endloop
  endfacet
  facet normal 0.770504 -0.637435 0
    outer loop
      vertex 6.04377 1.05801 3
      vertex 6.18786 1.23218 0
      vertex 6.18786 1.23218 3
    endloop
  endfacet
  facet normal 0.770504 -0.637435 0
    outer loop
      vertex 6.18786 1.23218 0
      vertex 6.04377 1.05801 3
      vertex 6.04377 1.05801 0
    endloop
  endfacet
  facet normal 0.68455 -0.728966 0
    outer loop
      vertex 6.18786 1.23218 0
      vertex 6.35264 1.38692 3
      vertex 6.18786 1.23218 3
    endloop
  endfacet
  facet normal 0.68455 -0.728966 0
    outer loop
      vertex 6.35264 1.38692 3
      vertex 6.18786 1.23218 0
      vertex 6.35264 1.38692 0
    endloop
  endfacet
  facet normal -0.998028 -0.0627752 0
    outer loop
      vertex 9.3 0 0
      vertex 9.28581 0.225599 3
      vertex 9.28581 0.225599 0
    endloop
  endfacet
  facet normal -0.998028 -0.0627752 0
    outer loop
      vertex 9.28581 0.225599 3
      vertex 9.3 0 0
      vertex 9.3 0 3
    endloop
  endfacet
  facet normal 0.248714 0.968577 -0
    outer loop
      vertex 7.16271 -1.76812 0
      vertex 6.94377 -1.7119 3
      vertex 7.16271 -1.76812 3
    endloop
  endfacet
  facet normal 0.248714 0.968577 0
    outer loop
      vertex 6.94377 -1.7119 3
      vertex 7.16271 -1.76812 0
      vertex 6.94377 -1.7119 0
    endloop
  endfacet
  facet normal -0.248714 0.968577 0
    outer loop
      vertex 8.05623 -1.7119 0
      vertex 7.83729 -1.76812 3
      vertex 8.05623 -1.7119 3
    endloop
  endfacet
  facet normal -0.248714 0.968577 0
    outer loop
      vertex 7.83729 -1.76812 3
      vertex 8.05623 -1.7119 0
      vertex 7.83729 -1.76812 0
    endloop
  endfacet
  facet normal -0.770504 -0.637435 0
    outer loop
      vertex 8.95623 1.05801 0
      vertex 8.81214 1.23218 3
      vertex 8.81214 1.23218 0
    endloop
  endfacet
  facet normal -0.770504 -0.637435 0
    outer loop
      vertex 8.81214 1.23218 3
      vertex 8.95623 1.05801 0
      vertex 8.95623 1.05801 3
    endloop
  endfacet
  facet normal 0 -1 0
    outer loop
      vertex 7.38698 1.79645 0
      vertex 7.61302 1.79645 3
      vertex 7.38698 1.79645 3
    endloop
  endfacet
  facet normal 0 -1 -0
    outer loop
      vertex 7.61302 1.79645 3
      vertex 7.38698 1.79645 0
      vertex 7.61302 1.79645 0
    endloop
  endfacet
  facet normal -0.248714 -0.968577 0
    outer loop
      vertex 7.83729 1.76812 0
      vertex 8.05623 1.7119 3
      vertex 7.83729 1.76812 3
    endloop
  endfacet
  facet normal -0.248714 -0.968577 -0
    outer loop
      vertex 8.05623 1.7119 3
      vertex 7.83729 1.76812 0
      vertex 8.05623 1.7119 0
    endloop
  endfacet
  facet normal 0.998028 -0.0627752 0
    outer loop
      vertex 5.7 0 3
      vertex 5.71419 0.225599 0
      vertex 5.71419 0.225599 3
    endloop
  endfacet
  facet normal 0.998028 -0.0627752 0
    outer loop
      vertex 5.71419 0.225599 0
      vertex 5.7 0 3
      vertex 5.7 0 0
    endloop
  endfacet
  facet normal 0.844327 -0.535828 0
    outer loop
      vertex 5.92265 0.867156 3
      vertex 6.04377 1.05801 0
      vertex 6.04377 1.05801 3
    endloop
  endfacet
  facet normal 0.844327 -0.535828 0
    outer loop
      vertex 6.04377 1.05801 0
      vertex 5.92265 0.867156 3
      vertex 5.92265 0.867156 0
    endloop
  endfacet
  facet normal 0.125325 -0.992116 0
    outer loop
      vertex 7.16271 1.76812 0
      vertex 7.38698 1.79645 3
      vertex 7.16271 1.76812 3
    endloop
  endfacet
  facet normal 0.125325 -0.992116 0
    outer loop
      vertex 7.38698 1.79645 3
      vertex 7.16271 1.76812 0
      vertex 7.38698 1.79645 0
    endloop
  endfacet
  facet normal 0.248714 -0.968577 0
    outer loop
      vertex 6.94377 1.7119 0
      vertex 7.16271 1.76812 3
      vertex 6.94377 1.7119 3
    endloop
  endfacet
  facet normal 0.248714 -0.968577 0
    outer loop
      vertex 7.16271 1.76812 3
      vertex 6.94377 1.7119 0
      vertex 7.16271 1.76812 0
    endloop
  endfacet
  facet normal 0.481751 -0.876308 0
    outer loop
      vertex 6.53551 1.51979 0
      vertex 6.7336 1.62869 3
      vertex 6.53551 1.51979 3
    endloop
  endfacet
  facet normal 0.481751 -0.876308 0
    outer loop
      vertex 6.7336 1.62869 3
      vertex 6.53551 1.51979 0
      vertex 6.7336 1.62869 0
    endloop
  endfacet
  facet normal 0.587806 -0.809002 0
    outer loop
      vertex 6.35264 1.38692 0
      vertex 6.53551 1.51979 3
      vertex 6.35264 1.38692 3
    endloop
  endfacet
  facet normal 0.587806 -0.809002 0
    outer loop
      vertex 6.53551 1.51979 3
      vertex 6.35264 1.38692 0
      vertex 6.53551 1.51979 0
    endloop
  endfacet
  facet normal -0.982285 0.187395 0
    outer loop
      vertex 9.24345 -0.447641 0
      vertex 9.28581 -0.225599 3
      vertex 9.28581 -0.225599 0
    endloop
  endfacet
  facet normal -0.982285 0.187395 0
    outer loop
      vertex 9.28581 -0.225599 3
      vertex 9.24345 -0.447641 0
      vertex 9.24345 -0.447641 3
    endloop
  endfacet
  facet normal -0.125325 0.992116 0
    outer loop
      vertex 7.83729 -1.76812 0
      vertex 7.61302 -1.79645 3
      vertex 7.83729 -1.76812 3
    endloop
  endfacet
  facet normal -0.125325 0.992116 0
    outer loop
      vertex 7.61302 -1.79645 3
      vertex 7.83729 -1.76812 0
      vertex 7.61302 -1.79645 0
    endloop
  endfacet
  facet normal -0.90482 -0.425794 0
    outer loop
      vertex 9.1736 0.662623 0
      vertex 9.07735 0.867156 3
      vertex 9.07735 0.867156 0
    endloop
  endfacet
  facet normal -0.90482 -0.425794 0
    outer loop
      vertex 9.07735 0.867156 3
      vertex 9.1736 0.662623 0
      vertex 9.1736 0.662623 3
    endloop
  endfacet
  facet normal -0.951059 -0.309009 0
    outer loop
      vertex 9.24345 0.447641 0
      vertex 9.1736 0.662623 3
      vertex 9.1736 0.662623 0
    endloop
  endfacet
  facet normal -0.951059 -0.309009 0
    outer loop
      vertex 9.1736 0.662623 3
      vertex 9.24345 0.447641 0
      vertex 9.24345 0.447641 3
    endloop
  endfacet
  facet normal -0.481751 -0.876308 0
    outer loop
      vertex 8.2664 1.62869 0
      vertex 8.46449 1.51979 3
      vertex 8.2664 1.62869 3
    endloop
  endfacet
  facet normal -0.481751 -0.876308 -0
    outer loop
      vertex 8.46449 1.51979 3
      vertex 8.2664 1.62869 0
      vertex 8.46449 1.51979 0
    endloop
  endfacet
  facet normal 0.982285 -0.187395 0
    outer loop
      vertex 5.71419 0.225599 3
      vertex 5.75655 0.447641 0
      vertex 5.75655 0.447641 3
    endloop
  endfacet
  facet normal 0.982285 -0.187395 0
    outer loop
      vertex 5.75655 0.447641 0
      vertex 5.71419 0.225599 3
      vertex 5.71419 0.225599 0
    endloop
  endfacet
  facet normal -0.481751 0.876308 0
    outer loop
      vertex 8.46449 -1.51979 0
      vertex 8.2664 -1.62869 3
      vertex 8.46449 -1.51979 3
    endloop
  endfacet
  facet normal -0.481751 0.876308 0
    outer loop
      vertex 8.2664 -1.62869 3
      vertex 8.46449 -1.51979 0
      vertex 8.2664 -1.62869 0
    endloop
  endfacet
  facet normal -0.68455 0.728966 0
    outer loop
      vertex 8.81214 -1.23218 0
      vertex 8.64736 -1.38692 3
      vertex 8.81214 -1.23218 3
    endloop
  endfacet
  facet normal -0.68455 0.728966 0
    outer loop
      vertex 8.64736 -1.38692 3
      vertex 8.81214 -1.23218 0
      vertex 8.64736 -1.38692 0
    endloop
  endfacet
  facet normal -0.770504 0.637435 0
    outer loop
      vertex 8.81214 -1.23218 0
      vertex 8.95623 -1.05801 3
      vertex 8.95623 -1.05801 0
    endloop
  endfacet
  facet normal -0.770504 0.637435 0
    outer loop
      vertex 8.95623 -1.05801 3
      vertex 8.81214 -1.23218 0
      vertex 8.81214 -1.23218 3
    endloop
  endfacet
  facet normal 0.125325 0.992116 -0
    outer loop
      vertex 7.38698 -1.79645 0
      vertex 7.16271 -1.76812 3
      vertex 7.38698 -1.79645 3
    endloop
  endfacet
  facet normal 0.125325 0.992116 0
    outer loop
      vertex 7.16271 -1.76812 3
      vertex 7.38698 -1.79645 0
      vertex 7.16271 -1.76812 0
    endloop
  endfacet
  facet normal 0.998028 0.0627752 0
    outer loop
      vertex 5.71419 -0.225599 3
      vertex 5.7 0 0
      vertex 5.7 0 3
    endloop
  endfacet
  facet normal 0.998028 0.0627752 0
    outer loop
      vertex 5.7 0 0
      vertex 5.71419 -0.225599 3
      vertex 5.71419 -0.225599 0
    endloop
  endfacet
  facet normal 0.951059 0.309009 0
    outer loop
      vertex 5.8264 -0.662623 3
      vertex 5.75655 -0.447641 0
      vertex 5.75655 -0.447641 3
    endloop
  endfacet
  facet normal 0.951059 0.309009 0
    outer loop
      vertex 5.75655 -0.447641 0
      vertex 5.8264 -0.662623 3
      vertex 5.8264 -0.662623 0
    endloop
  endfacet
  facet normal -0.951059 0.309009 0
    outer loop
      vertex 9.1736 -0.662623 0
      vertex 9.24345 -0.447641 3
      vertex 9.24345 -0.447641 0
    endloop
  endfacet
  facet normal -0.951059 0.309009 0
    outer loop
      vertex 9.24345 -0.447641 3
      vertex 9.1736 -0.662623 0
      vertex 9.1736 -0.662623 3
    endloop
  endfacet
  facet normal -0.90482 0.425794 0
    outer loop
      vertex 9.07735 -0.867156 0
      vertex 9.1736 -0.662623 3
      vertex 9.1736 -0.662623 0
    endloop
  endfacet
  facet normal -0.90482 0.425794 0
    outer loop
      vertex 9.1736 -0.662623 3
      vertex 9.07735 -0.867156 0
      vertex 9.07735 -0.867156 3
    endloop
  endfacet
  facet normal -0.587806 0.809002 0
    outer loop
      vertex 8.64736 -1.38692 0
      vertex 8.46449 -1.51979 3
      vertex 8.64736 -1.38692 3
    endloop
  endfacet
  facet normal -0.587806 0.809002 0
    outer loop
      vertex 8.46449 -1.51979 3
      vertex 8.64736 -1.38692 0
      vertex 8.46449 -1.51979 0
    endloop
  endfacet
  facet normal -0.844327 0.535828 0
    outer loop
      vertex 8.95623 -1.05801 0
      vertex 9.07735 -0.867156 3
      vertex 9.07735 -0.867156 0
    endloop
  endfacet
  facet normal -0.844327 0.535828 0
    outer loop
      vertex 9.07735 -0.867156 3
      vertex 8.95623 -1.05801 0
      vertex 8.95623 -1.05801 3
    endloop
  endfacet
  facet normal 0.587806 0.809002 -0
    outer loop
      vertex 6.53551 -1.51979 0
      vertex 6.35264 -1.38692 3
      vertex 6.53551 -1.51979 3
    endloop
  endfacet
  facet normal 0.587806 0.809002 0
    outer loop
      vertex 6.35264 -1.38692 3
      vertex 6.53551 -1.51979 0
      vertex 6.35264 -1.38692 0
    endloop
  endfacet
  facet normal 0 1 -0
    outer loop
      vertex 7.61302 -1.79645 0
      vertex 7.38698 -1.79645 3
      vertex 7.61302 -1.79645 3
    endloop
  endfacet
  facet normal 0 1 0
    outer loop
      vertex 7.38698 -1.79645 3
      vertex 7.61302 -1.79645 0
      vertex 7.38698 -1.79645 0
    endloop
  endfacet
  facet normal 0.982285 0.187395 0
    outer loop
      vertex 5.75655 -0.447641 3
      vertex 5.71419 -0.225599 0
      vertex 5.71419 -0.225599 3
    endloop
  endfacet
  facet normal 0.982285 0.187395 0
    outer loop
      vertex 5.71419 -0.225599 0
      vertex 5.75655 -0.447641 3
      vertex 5.75655 -0.447641 0
    endloop
  endfacet
  facet normal 0.68455 0.728966 -0
    outer loop
      vertex 6.35264 -1.38692 0
      vertex 6.18786 -1.23218 3
      vertex 6.35264 -1.38692 3
    endloop
  endfacet
  facet normal 0.68455 0.728966 0
    outer loop
      vertex 6.18786 -1.23218 3
      vertex 6.35264 -1.38692 0
      vertex 6.18786 -1.23218 0
    endloop
  endfacet
  facet normal 0.90482 0.425794 0
    outer loop
      vertex 5.92265 -0.867156 3
      vertex 5.8264 -0.662623 0
      vertex 5.8264 -0.662623 3
    endloop
  endfacet
  facet normal 0.90482 0.425794 0
    outer loop
      vertex 5.8264 -0.662623 0
      vertex 5.92265 -0.867156 3
      vertex 5.92265 -0.867156 0
    endloop
  endfacet
  facet normal 0.481751 0.876308 -0
    outer loop
      vertex 6.7336 -1.62869 0
      vertex 6.53551 -1.51979 3
      vertex 6.7336 -1.62869 3
    endloop
  endfacet
  facet normal 0.481751 0.876308 0
    outer loop
      vertex 6.53551 -1.51979 3
      vertex 6.7336 -1.62869 0
      vertex 6.53551 -1.51979 0
    endloop
  endfacet
  facet normal 0.844327 0.535828 0
    outer loop
      vertex 6.04377 -1.05801 3
      vertex 5.92265 -0.867156 0
      vertex 5.92265 -0.867156 3
    endloop
  endfacet
  facet normal 0.844327 0.535828 0
    outer loop
      vertex 5.92265 -0.867156 0
      vertex 6.04377 -1.05801 3
      vertex 6.04377 -1.05801 0
    endloop
  endfacet
  facet normal 0.770504 0.637435 0
    outer loop
      vertex 6.18786 -1.23218 3
      vertex 6.04377 -1.05801 0
      vertex 6.04377 -1.05801 3
    endloop
  endfacet
  facet normal 0.770504 0.637435 0
    outer loop
      vertex 6.04377 -1.05801 0
      vertex 6.18786 -1.23218 3
      vertex 6.18786 -1.23218 0
    endloop
  endfacet
  facet normal 0.368116 0.92978 -0
    outer loop
      vertex 6.94377 -1.7119 0
      vertex 6.7336 -1.62869 3
      vertex 6.94377 -1.7119 3
    endloop
  endfacet
  facet normal 0.368116 0.92978 0
    outer loop
      vertex 6.7336 -1.62869 3
      vertex 6.94377 -1.7119 0
      vertex 6.7336 -1.62869 0
    endloop
  endfacet
endsolid OpenSCAD_Model
