solid OpenSCAD_Model
  facet normal -1 0 0
    outer loop
      vertex -37 -2 0
      vertex -37 2 3
      vertex -37 2 0
    endloop
  endfacet
  facet normal -1 -0 0
    outer loop
      vertex -37 2 3
      vertex -37 -2 0
      vertex -37 -2 3
    endloop
  endfacet
  facet normal 0 0 1
    outer loop
      vertex -9.28581 0.225599 3
      vertex -11.7756 0.407332 3
      vertex -11.75 0 3
    endloop
  endfacet
  facet normal 0 -0 1
    outer loop
      vertex -11.8521 0.808242 3
      vertex -8.8571 29.5182 3
      vertex -12.7469 6.99013 3
    endloop
  endfacet
  facet normal 0 0 1
    outer loop
      vertex -8.8571 29.5182 3
      vertex -11.8521 0.808242 3
      vertex -11.7756 0.407332 3
    endloop
  endfacet
  facet normal 0 0 1
    outer loop
      vertex -11.8521 0.808242 3
      vertex -12.7469 6.99013 3
      vertex -11.9782 1.1964 3
    endloop
  endfacet
  facet normal 0 0 1
    outer loop
      vertex -11.9782 1.1964 3
      vertex -12.7469 6.99013 3
      vertex -12.152 1.5657 3
    endloop
  endfacet
  facet normal 0 0 1
    outer loop
      vertex -12.152 1.5657 3
      vertex -12.7469 6.99013 3
      vertex -12.3707 1.9103 3
    endloop
  endfacet
  facet normal 0 0 1
    outer loop
      vertex -12.3707 1.9103 3
      vertex -12.7469 6.99013 3
      vertex -12.6309 2.22478 3
    endloop
  endfacet
  facet normal -0 0 1
    outer loop
      vertex -18.6407 42.5874 3
      vertex -7.12473 41.4667 3
      vertex -17.6432 45.1763 3
    endloop
  endfacet
  facet normal 0 -0 1
    outer loop
      vertex -20.331 26.306 3
      vertex -8.8571 29.5182 3
      vertex -20.4138 29.5182 3
    endloop
  endfacet
  facet normal 0 0 1
    outer loop
      vertex -7.12473 41.4667 3
      vertex -18.6407 42.5874 3
      vertex -8.08716 38.208 3
    endloop
  endfacet
  facet normal 0 -0 1
    outer loop
      vertex -20.0826 23.2957 3
      vertex -8.8571 29.5182 3
      vertex -20.331 26.306 3
    endloop
  endfacet
  facet normal 0 -0 1
    outer loop
      vertex -19.6684 20.4874 3
      vertex -8.8571 29.5182 3
      vertex -20.0826 23.2957 3
    endloop
  endfacet
  facet normal -0 0 1
    outer loop
      vertex -19.4164 39.7271 3
      vertex -8.08716 38.208 3
      vertex -18.6407 42.5874 3
    endloop
  endfacet
  facet normal 0 -0 1
    outer loop
      vertex -19.0887 17.881 3
      vertex -8.8571 29.5182 3
      vertex -19.6684 20.4874 3
    endloop
  endfacet
  facet normal 0 0 1
    outer loop
      vertex -19.9706 36.5955 3
      vertex -8.08716 38.208 3
      vertex -19.4164 39.7271 3
    endloop
  endfacet
  facet normal 0 -0 1
    outer loop
      vertex -18.3432 15.4766 3
      vertex -8.8571 29.5182 3
      vertex -19.0887 17.881 3
    endloop
  endfacet
  facet normal 0 0 1
    outer loop
      vertex -8.08716 38.208 3
      vertex -19.9706 36.5955 3
      vertex -8.66461 34.2252 3
    endloop
  endfacet
  facet normal 0 -0 1
    outer loop
      vertex -16.3554 11.2736 3
      vertex -8.8571 29.5182 3
      vertex -17.4322 13.2741 3
    endloop
  endfacet
  facet normal 0 0 1
    outer loop
      vertex -20.303 33.1925 3
      vertex -8.66461 34.2252 3
      vertex -19.9706 36.5955 3
    endloop
  endfacet
  facet normal 0 0 1
    outer loop
      vertex -8.8571 29.5182 3
      vertex -13.7366 7.88467 3
      vertex -12.7469 6.99013 3
    endloop
  endfacet
  facet normal 0 0 1
    outer loop
      vertex -8.66461 34.2252 3
      vertex -20.303 33.1925 3
      vertex -8.8571 29.5182 3
    endloop
  endfacet
  facet normal 0 -0 1
    outer loop
      vertex -13.7366 7.88467 3
      vertex -8.8571 29.5182 3
      vertex -15.121 9.47658 3
    endloop
  endfacet
  facet normal 0 0 1
    outer loop
      vertex -8.8571 29.5182 3
      vertex -20.303 33.1925 3
      vertex -20.4138 29.5182 3
    endloop
  endfacet
  facet normal 0 -0 1
    outer loop
      vertex -15.121 9.47658 3
      vertex -8.8571 29.5182 3
      vertex -16.3554 11.2736 3
    endloop
  endfacet
  facet normal 0 -0 1
    outer loop
      vertex -17.4322 13.2741 3
      vertex -8.8571 29.5182 3
      vertex -18.3432 15.4766 3
    endloop
  endfacet
  facet normal 0 0 1
    outer loop
      vertex -12.7469 6.99013 3
      vertex -12.9284 2.50417 3
      vertex -12.6309 2.22478 3
    endloop
  endfacet
  facet normal 0 0 1
    outer loop
      vertex -12.7469 6.99013 3
      vertex -13.2586 2.74407 3
      vertex -12.9284 2.50417 3
    endloop
  endfacet
  facet normal 0 0 1
    outer loop
      vertex -12.7469 6.99013 3
      vertex -13.6162 2.94069 3
      vertex -13.2586 2.74407 3
    endloop
  endfacet
  facet normal 0 0 1
    outer loop
      vertex -12.7469 6.99013 3
      vertex -13.9957 3.09093 3
      vertex -13.6162 2.94069 3
    endloop
  endfacet
  facet normal 0 0 1
    outer loop
      vertex -12.7469 6.99013 3
      vertex -14.391 3.19243 3
      vertex -13.9957 3.09093 3
    endloop
  endfacet
  facet normal 0 0 1
    outer loop
      vertex -12.7469 6.99013 3
      vertex -14.7959 3.24359 3
      vertex -14.391 3.19243 3
    endloop
  endfacet
  facet normal 0 0 1
    outer loop
      vertex -12.7469 6.99013 3
      vertex -15.2041 3.24359 3
      vertex -14.7959 3.24359 3
    endloop
  endfacet
  facet normal 0 0 1
    outer loop
      vertex -12.7469 6.99013 3
      vertex -15.609 3.19243 3
      vertex -15.2041 3.24359 3
    endloop
  endfacet
  facet normal 0 0 1
    outer loop
      vertex -12.7469 6.99013 3
      vertex -16.0043 3.09093 3
      vertex -15.609 3.19243 3
    endloop
  endfacet
  facet normal 0 0 1
    outer loop
      vertex -12.7469 6.99013 3
      vertex -16.3838 2.94069 3
      vertex -16.0043 3.09093 3
    endloop
  endfacet
  facet normal 0 0 1
    outer loop
      vertex -12.7469 6.99013 3
      vertex -16.7414 2.74407 3
      vertex -16.3838 2.94069 3
    endloop
  endfacet
  facet normal 0 0 1
    outer loop
      vertex -22.1627 1.76812 3
      vertex -16.7414 2.74407 3
      vertex -12.7469 6.99013 3
    endloop
  endfacet
  facet normal 0 -0 1
    outer loop
      vertex -21.9438 1.7119 3
      vertex -16.7414 2.74407 3
      vertex -22.1627 1.76812 3
    endloop
  endfacet
  facet normal -0 0 1
    outer loop
      vertex -20.7142 0.225599 3
      vertex -18.25 0 3
      vertex -18.2244 0.407332 3
    endloop
  endfacet
  facet normal -0 0 1
    outer loop
      vertex -20.7565 0.447641 3
      vertex -18.2244 0.407332 3
      vertex -18.1479 0.808242 3
    endloop
  endfacet
  facet normal -0 0 1
    outer loop
      vertex -20.9226 0.867156 3
      vertex -18.1479 0.808242 3
      vertex -18.0218 1.1964 3
    endloop
  endfacet
  facet normal 0 0 1
    outer loop
      vertex -21.0438 1.05801 3
      vertex -18.0218 1.1964 3
      vertex -17.848 1.5657 3
    endloop
  endfacet
  facet normal 0 0 1
    outer loop
      vertex -21.1879 1.23218 3
      vertex -17.848 1.5657 3
      vertex -17.6293 1.9103 3
    endloop
  endfacet
  facet normal 0 0 1
    outer loop
      vertex -21.5355 1.51979 3
      vertex -17.6293 1.9103 3
      vertex -17.3691 2.22478 3
    endloop
  endfacet
  facet normal 0 0 1
    outer loop
      vertex -16.7414 2.74407 3
      vertex -21.9438 1.7119 3
      vertex -17.0716 2.50417 3
    endloop
  endfacet
  facet normal 0 0 1
    outer loop
      vertex -18.25 0 3
      vertex -20.7142 0.225599 3
      vertex -20.7 0 3
    endloop
  endfacet
  facet normal 0 0 1
    outer loop
      vertex -18.2244 0.407332 3
      vertex -20.7565 0.447641 3
      vertex -20.7142 0.225599 3
    endloop
  endfacet
  facet normal 0 0 1
    outer loop
      vertex -18.1479 0.808242 3
      vertex -20.8264 0.662623 3
      vertex -20.7565 0.447641 3
    endloop
  endfacet
  facet normal 0 0 1
    outer loop
      vertex -18.1479 0.808242 3
      vertex -20.9226 0.867156 3
      vertex -20.8264 0.662623 3
    endloop
  endfacet
  facet normal 0 0 1
    outer loop
      vertex -18.0218 1.1964 3
      vertex -21.0438 1.05801 3
      vertex -20.9226 0.867156 3
    endloop
  endfacet
  facet normal 0 0 1
    outer loop
      vertex -17.848 1.5657 3
      vertex -21.1879 1.23218 3
      vertex -21.0438 1.05801 3
    endloop
  endfacet
  facet normal 0 0 1
    outer loop
      vertex -17.6293 1.9103 3
      vertex -21.3526 1.38692 3
      vertex -21.1879 1.23218 3
    endloop
  endfacet
  facet normal 0 0 1
    outer loop
      vertex -17.6293 1.9103 3
      vertex -21.5355 1.51979 3
      vertex -21.3526 1.38692 3
    endloop
  endfacet
  facet normal 0 0 1
    outer loop
      vertex -17.3691 2.22478 3
      vertex -21.7336 1.62869 3
      vertex -21.5355 1.51979 3
    endloop
  endfacet
  facet normal 0 0 1
    outer loop
      vertex -17.0716 2.50417 3
      vertex -21.7336 1.62869 3
      vertex -17.3691 2.22478 3
    endloop
  endfacet
  facet normal 0 -0 1
    outer loop
      vertex -21.7336 1.62869 3
      vertex -17.0716 2.50417 3
      vertex -21.9438 1.7119 3
    endloop
  endfacet
  facet normal 0 0 1
    outer loop
      vertex -12.7469 6.99013 3
      vertex -22.387 1.79645 3
      vertex -22.1627 1.76812 3
    endloop
  endfacet
  facet normal 0 0 1
    outer loop
      vertex -12.7469 6.99013 3
      vertex -22.613 1.79645 3
      vertex -22.387 1.79645 3
    endloop
  endfacet
  facet normal -0 0 1
    outer loop
      vertex -32.314 6.99013 3
      vertex -22.613 1.79645 3
      vertex -12.7469 6.99013 3
    endloop
  endfacet
  facet normal 0 0 1
    outer loop
      vertex -22.613 1.79645 3
      vertex -32.314 6.99013 3
      vertex -22.8373 1.76812 3
    endloop
  endfacet
  facet normal -0 -0 1
    outer loop
      vertex -28.2586 2.74407 3
      vertex -22.8373 1.76812 3
      vertex -32.314 6.99013 3
    endloop
  endfacet
  facet normal 0 0 1
    outer loop
      vertex -24.2858 0.225599 3
      vertex -26.75 0 3
      vertex -24.3 0 3
    endloop
  endfacet
  facet normal -0 0 1
    outer loop
      vertex -26.7756 0.407332 3
      vertex -24.2858 0.225599 3
      vertex -24.2435 0.447641 3
    endloop
  endfacet
  facet normal 0 0 1
    outer loop
      vertex -26.8521 0.808242 3
      vertex -24.2435 0.447641 3
      vertex -24.1736 0.662623 3
    endloop
  endfacet
  facet normal -0 0 1
    outer loop
      vertex -26.8521 0.808242 3
      vertex -24.1736 0.662623 3
      vertex -24.0774 0.867156 3
    endloop
  endfacet
  facet normal 0 0 1
    outer loop
      vertex -26.9782 1.1964 3
      vertex -24.0774 0.867156 3
      vertex -23.9562 1.05801 3
    endloop
  endfacet
  facet normal 0 0 1
    outer loop
      vertex -27.152 1.5657 3
      vertex -23.9562 1.05801 3
      vertex -23.8121 1.23218 3
    endloop
  endfacet
  facet normal 0 0 1
    outer loop
      vertex -27.3707 1.9103 3
      vertex -23.8121 1.23218 3
      vertex -23.6474 1.38692 3
    endloop
  endfacet
  facet normal 0 0 1
    outer loop
      vertex -27.3707 1.9103 3
      vertex -23.6474 1.38692 3
      vertex -23.4645 1.51979 3
    endloop
  endfacet
  facet normal 0 0 1
    outer loop
      vertex -27.6309 2.22478 3
      vertex -23.4645 1.51979 3
      vertex -23.2664 1.62869 3
    endloop
  endfacet
  facet normal 0 0 1
    outer loop
      vertex -22.8373 1.76812 3
      vertex -28.2586 2.74407 3
      vertex -23.0562 1.7119 3
    endloop
  endfacet
  facet normal 0 0 1
    outer loop
      vertex -24.2858 0.225599 3
      vertex -26.7756 0.407332 3
      vertex -26.75 0 3
    endloop
  endfacet
  facet normal 0 0 1
    outer loop
      vertex -24.2435 0.447641 3
      vertex -26.8521 0.808242 3
      vertex -26.7756 0.407332 3
    endloop
  endfacet
  facet normal 0 0 1
    outer loop
      vertex -24.0774 0.867156 3
      vertex -26.9782 1.1964 3
      vertex -26.8521 0.808242 3
    endloop
  endfacet
  facet normal 0 0 1
    outer loop
      vertex -23.9562 1.05801 3
      vertex -27.152 1.5657 3
      vertex -26.9782 1.1964 3
    endloop
  endfacet
  facet normal 0 0 1
    outer loop
      vertex -23.8121 1.23218 3
      vertex -27.3707 1.9103 3
      vertex -27.152 1.5657 3
    endloop
  endfacet
  facet normal 0 0 1
    outer loop
      vertex -23.4645 1.51979 3
      vertex -27.6309 2.22478 3
      vertex -27.3707 1.9103 3
    endloop
  endfacet
  facet normal 0 0 1
    outer loop
      vertex -23.2664 1.62869 3
      vertex -27.9284 2.50417 3
      vertex -27.6309 2.22478 3
    endloop
  endfacet
  facet normal 0 0 1
    outer loop
      vertex -23.0562 1.7119 3
      vertex -27.9284 2.50417 3
      vertex -23.2664 1.62869 3
    endloop
  endfacet
  facet normal -0 -0 1
    outer loop
      vertex -27.9284 2.50417 3
      vertex -23.0562 1.7119 3
      vertex -28.2586 2.74407 3
    endloop
  endfacet
  facet normal 0 0 1
    outer loop
      vertex -28.2586 2.74407 3
      vertex -32.314 6.99013 3
      vertex -28.6162 2.94069 3
    endloop
  endfacet
  facet normal 0 0 1
    outer loop
      vertex -28.6162 2.94069 3
      vertex -32.314 6.99013 3
      vertex -28.9957 3.09093 3
    endloop
  endfacet
  facet normal 0 0 1
    outer loop
      vertex -28.9957 3.09093 3
      vertex -32.314 6.99013 3
      vertex -29.391 3.19243 3
    endloop
  endfacet
  facet normal 0 0 1
    outer loop
      vertex -29.391 3.19243 3
      vertex -32.314 6.99013 3
      vertex -29.7959 3.24359 3
    endloop
  endfacet
  facet normal 0 0 1
    outer loop
      vertex -29.7959 3.24359 3
      vertex -32.314 6.99013 3
      vertex -30.2041 3.24359 3
    endloop
  endfacet
  facet normal 0 0 1
    outer loop
      vertex -30.2041 3.24359 3
      vertex -32.314 6.99013 3
      vertex -30.609 3.19243 3
    endloop
  endfacet
  facet normal 0 0 1
    outer loop
      vertex -32.314 6.99013 3
      vertex -31.0043 3.09093 3
      vertex -30.609 3.19243 3
    endloop
  endfacet
  facet normal 0 0 1
    outer loop
      vertex -32.314 6.99013 3
      vertex -31.3838 2.94069 3
      vertex -31.0043 3.09093 3
    endloop
  endfacet
  facet normal -0 0 1
    outer loop
      vertex -32.9369 6.91144 3
      vertex -31.3838 2.94069 3
      vertex -32.314 6.99013 3
    endloop
  endfacet
  facet normal 0 0 1
    outer loop
      vertex -31.3838 2.94069 3
      vertex -32.9369 6.91144 3
      vertex -31.7414 2.74407 3
    endloop
  endfacet
  facet normal -0 0 1
    outer loop
      vertex -33.5451 6.75528 3
      vertex -31.7414 2.74407 3
      vertex -32.9369 6.91144 3
    endloop
  endfacet
  facet normal -0 0 1
    outer loop
      vertex -34.1289 6.52413 3
      vertex -31.7414 2.74407 3
      vertex -33.5451 6.75528 3
    endloop
  endfacet
  facet normal 0 0 1
    outer loop
      vertex -31.7414 2.74407 3
      vertex -34.1289 6.52413 3
      vertex -32.0716 2.50417 3
    endloop
  endfacet
  facet normal -0 0 1
    outer loop
      vertex -34.6791 6.22164 3
      vertex -32.0716 2.50417 3
      vertex -34.1289 6.52413 3
    endloop
  endfacet
  facet normal -0 0 1
    outer loop
      vertex -35.1871 5.85257 3
      vertex -32.0716 2.50417 3
      vertex -34.6791 6.22164 3
    endloop
  endfacet
  facet normal 0 0 1
    outer loop
      vertex -32.0716 2.50417 3
      vertex -35.1871 5.85257 3
      vertex -32.3691 2.22478 3
    endloop
  endfacet
  facet normal -0 0 1
    outer loop
      vertex -35.6448 5.42274 3
      vertex -32.3691 2.22478 3
      vertex -35.1871 5.85257 3
    endloop
  endfacet
  facet normal -0 0 1
    outer loop
      vertex -36.0451 4.93893 3
      vertex -32.3691 2.22478 3
      vertex -35.6448 5.42274 3
    endloop
  endfacet
  facet normal 0 0 1
    outer loop
      vertex -32.3691 2.22478 3
      vertex -36.0451 4.93893 3
      vertex -32.6293 1.9103 3
    endloop
  endfacet
  facet normal 0 0 1
    outer loop
      vertex -3.25 0 3
      vertex -5.71419 0.225599 3
      vertex -5.7 0 3
    endloop
  endfacet
  facet normal 0 0 1
    outer loop
      vertex -8.2664 1.62869 3
      vertex -4.93388 13.8038 3
      vertex -5.75398 14.8321 3
    endloop
  endfacet
  facet normal 0 0 1
    outer loop
      vertex -4.01993 12.9625 3
      vertex -5.75655 0.447641 3
      vertex -5.71419 0.225599 3
    endloop
  endfacet
  facet normal 0 0 1
    outer loop
      vertex -4.01993 12.9625 3
      vertex -5.8264 0.662623 3
      vertex -5.75655 0.447641 3
    endloop
  endfacet
  facet normal 0 0 1
    outer loop
      vertex -4.01993 12.9625 3
      vertex -5.92265 0.867156 3
      vertex -5.8264 0.662623 3
    endloop
  endfacet
  facet normal 0 0 1
    outer loop
      vertex -4.01993 12.9625 3
      vertex -6.04377 1.05801 3
      vertex -5.92265 0.867156 3
    endloop
  endfacet
  facet normal 0 0 1
    outer loop
      vertex -4.01993 12.9625 3
      vertex -6.18786 1.23218 3
      vertex -6.04377 1.05801 3
    endloop
  endfacet
  facet normal 0 0 1
    outer loop
      vertex -4.01993 12.9625 3
      vertex -6.35264 1.38692 3
      vertex -6.18786 1.23218 3
    endloop
  endfacet
  facet normal 0 0 1
    outer loop
      vertex -11.7756 0.407332 3
      vertex -5.75398 14.8321 3
      vertex -6.48019 16.0473 3
    endloop
  endfacet
  facet normal 0 0 1
    outer loop
      vertex -4.01993 12.9625 3
      vertex -6.53551 1.51979 3
      vertex -6.35264 1.38692 3
    endloop
  endfacet
  facet normal 0 0 1
    outer loop
      vertex -4.01993 12.9625 3
      vertex -6.7336 1.62869 3
      vertex -6.53551 1.51979 3
    endloop
  endfacet
  facet normal 0 0 1
    outer loop
      vertex -4.01993 12.9625 3
      vertex -6.94377 1.7119 3
      vertex -6.7336 1.62869 3
    endloop
  endfacet
  facet normal 0 0 1
    outer loop
      vertex -11.7756 0.407332 3
      vertex -6.48019 16.0473 3
      vertex -7.11079 17.444 3
    endloop
  endfacet
  facet normal 0 0 1
    outer loop
      vertex -4.01993 12.9625 3
      vertex -7.16271 1.76812 3
      vertex -6.94377 1.7119 3
    endloop
  endfacet
  facet normal 0 0 1
    outer loop
      vertex -4.01993 12.9625 3
      vertex -7.38698 1.79645 3
      vertex -7.16271 1.76812 3
    endloop
  endfacet
  facet normal 0 0 1
    outer loop
      vertex -4.01993 12.9625 3
      vertex -7.61302 1.79645 3
      vertex -7.38698 1.79645 3
    endloop
  endfacet
  facet normal 0 0 1
    outer loop
      vertex -11.7756 0.407332 3
      vertex -7.11079 17.444 3
      vertex -7.64439 19.0166 3
    endloop
  endfacet
  facet normal 0 0 1
    outer loop
      vertex -4.01993 12.9625 3
      vertex -7.83729 1.76812 3
      vertex -7.61302 1.79645 3
    endloop
  endfacet
  facet normal 0 0 1
    outer loop
      vertex -4.93388 13.8038 3
      vertex -8.05623 1.7119 3
      vertex -7.83729 1.76812 3
    endloop
  endfacet
  facet normal 0 0 1
    outer loop
      vertex -11.7756 0.407332 3
      vertex -7.64439 19.0166 3
      vertex -8.08096 20.7651 3
    endloop
  endfacet
  facet normal 0 0 1
    outer loop
      vertex -4.93388 13.8038 3
      vertex -8.2664 1.62869 3
      vertex -8.05623 1.7119 3
    endloop
  endfacet
  facet normal 0 0 1
    outer loop
      vertex -11.7756 0.407332 3
      vertex -8.08096 20.7651 3
      vertex -8.42052 22.6895 3
    endloop
  endfacet
  facet normal 0 0 1
    outer loop
      vertex -5.75398 14.8321 3
      vertex -8.46449 1.51979 3
      vertex -8.2664 1.62869 3
    endloop
  endfacet
  facet normal 0 0 1
    outer loop
      vertex -11.7756 0.407332 3
      vertex -8.46449 1.51979 3
      vertex -5.75398 14.8321 3
    endloop
  endfacet
  facet normal 0 0 1
    outer loop
      vertex -11.7756 0.407332 3
      vertex -8.42052 22.6895 3
      vertex -8.66306 24.7898 3
    endloop
  endfacet
  facet normal 0 0 1
    outer loop
      vertex -11.7756 0.407332 3
      vertex -8.66306 24.7898 3
      vertex -8.80859 27.066 3
    endloop
  endfacet
  facet normal 0 0 1
    outer loop
      vertex -11.7756 0.407332 3
      vertex -8.64736 1.38692 3
      vertex -8.46449 1.51979 3
    endloop
  endfacet
  facet normal 0 0 1
    outer loop
      vertex -11.7756 0.407332 3
      vertex -8.80859 27.066 3
      vertex -8.8571 29.5182 3
    endloop
  endfacet
  facet normal 0 0 1
    outer loop
      vertex -11.7756 0.407332 3
      vertex -8.81214 1.23218 3
      vertex -8.64736 1.38692 3
    endloop
  endfacet
  facet normal 0 0 1
    outer loop
      vertex 2.848 -1.5657 3
      vertex 6.04377 -1.05801 3
      vertex 3.02177 -1.1964 3
    endloop
  endfacet
  facet normal 0 0 1
    outer loop
      vertex 6.04377 -1.05801 3
      vertex 2.848 -1.5657 3
      vertex 6.18786 -1.23218 3
    endloop
  endfacet
  facet normal 0 0 1
    outer loop
      vertex 2.6293 -1.9103 3
      vertex 6.18786 -1.23218 3
      vertex 2.848 -1.5657 3
    endloop
  endfacet
  facet normal 0 0 1
    outer loop
      vertex 6.18786 -1.23218 3
      vertex 2.6293 -1.9103 3
      vertex 6.35264 -1.38692 3
    endloop
  endfacet
  facet normal 0 0 1
    outer loop
      vertex 2.36915 -2.22478 3
      vertex 6.35264 -1.38692 3
      vertex 2.6293 -1.9103 3
    endloop
  endfacet
  facet normal 0 0 1
    outer loop
      vertex 2.07163 -2.50417 3
      vertex 6.35264 -1.38692 3
      vertex 2.36915 -2.22478 3
    endloop
  endfacet
  facet normal 0 0 1
    outer loop
      vertex 6.35264 -1.38692 3
      vertex 2.12051 -8.72884 3
      vertex 3.34717 -9.67747 3
    endloop
  endfacet
  facet normal 0 0 1
    outer loop
      vertex 6.35264 -1.38692 3
      vertex 2.07163 -2.50417 3
      vertex 2.12051 -8.72884 3
    endloop
  endfacet
  facet normal -0 0 1
    outer loop
      vertex 1.74144 -2.74407 3
      vertex 2.12051 -8.72884 3
      vertex 2.07163 -2.50417 3
    endloop
  endfacet
  facet normal 0 0 1
    outer loop
      vertex 0.971176 -7.61392 3
      vertex 1.74144 -2.74407 3
      vertex 1.38378 -2.94069 3
    endloop
  endfacet
  facet normal 0 0 1
    outer loop
      vertex 0.451484 -6.99013 3
      vertex 1.38378 -2.94069 3
      vertex 1.0043 -3.09093 3
    endloop
  endfacet
  facet normal 0 0 1
    outer loop
      vertex 1.74144 -2.74407 3
      vertex 0.971176 -7.61392 3
      vertex 2.12051 -8.72884 3
    endloop
  endfacet
  facet normal 0 0 1
    outer loop
      vertex 0.451484 -6.99013 3
      vertex 1.0043 -3.09093 3
      vertex 0.608989 -3.19243 3
    endloop
  endfacet
  facet normal 0 0 1
    outer loop
      vertex 1.38378 -2.94069 3
      vertex 0.451484 -6.99013 3
      vertex 0.971176 -7.61392 3
    endloop
  endfacet
  facet normal -0 0 1
    outer loop
      vertex 0.204069 -3.24359 3
      vertex 0.451484 -6.99013 3
      vertex 0.608989 -3.19243 3
    endloop
  endfacet
  facet normal -0 0 1
    outer loop
      vertex -0.204069 -3.24359 3
      vertex 0.451484 -6.99013 3
      vertex 0.204069 -3.24359 3
    endloop
  endfacet
  facet normal 0 0 1
    outer loop
      vertex -0.608989 -3.19243 3
      vertex 0.451484 -6.99013 3
      vertex -0.204069 -3.24359 3
    endloop
  endfacet
  facet normal 0 0 1
    outer loop
      vertex -1.0043 -3.09093 3
      vertex 0.451484 -6.99013 3
      vertex -0.608989 -3.19243 3
    endloop
  endfacet
  facet normal 0 0 1
    outer loop
      vertex -1.38378 -2.94069 3
      vertex 0.451484 -6.99013 3
      vertex -1.0043 -3.09093 3
    endloop
  endfacet
  facet normal 0 0 1
    outer loop
      vertex -1.74144 -2.74407 3
      vertex 0.451484 -6.99013 3
      vertex -1.38378 -2.94069 3
    endloop
  endfacet
  facet normal 0 0 1
    outer loop
      vertex -2.07163 -2.50417 3
      vertex 0.451484 -6.99013 3
      vertex -1.74144 -2.74407 3
    endloop
  endfacet
  facet normal 0 0 1
    outer loop
      vertex -6.7336 -1.62869 3
      vertex -2.07163 -2.50417 3
      vertex -2.36915 -2.22478 3
    endloop
  endfacet
  facet normal 0 0 1
    outer loop
      vertex -6.53551 -1.51979 3
      vertex -2.36915 -2.22478 3
      vertex -2.6293 -1.9103 3
    endloop
  endfacet
  facet normal 0 0 1
    outer loop
      vertex -6.18786 -1.23218 3
      vertex -2.6293 -1.9103 3
      vertex -2.848 -1.5657 3
    endloop
  endfacet
  facet normal 0 0 1
    outer loop
      vertex -5.71419 0.225599 3
      vertex -3.22437 0.407332 3
      vertex -3.14789 0.808242 3
    endloop
  endfacet
  facet normal -0 0 1
    outer loop
      vertex -5.71419 0.225599 3
      vertex -3.25 0 3
      vertex -3.22437 0.407332 3
    endloop
  endfacet
  facet normal 0 0 1
    outer loop
      vertex -5.71419 -0.225599 3
      vertex -3.25 0 3
      vertex -5.7 0 3
    endloop
  endfacet
  facet normal 0 0 1
    outer loop
      vertex -3.25 0 3
      vertex -5.71419 -0.225599 3
      vertex -3.22437 -0.407332 3
    endloop
  endfacet
  facet normal 0 0 1
    outer loop
      vertex -5.75655 -0.447641 3
      vertex -3.22437 -0.407332 3
      vertex -5.71419 -0.225599 3
    endloop
  endfacet
  facet normal 0 0 1
    outer loop
      vertex -3.22437 -0.407332 3
      vertex -5.75655 -0.447641 3
      vertex -3.14789 -0.808242 3
    endloop
  endfacet
  facet normal -0 0 1
    outer loop
      vertex -5.8264 -0.662623 3
      vertex -3.14789 -0.808242 3
      vertex -5.75655 -0.447641 3
    endloop
  endfacet
  facet normal 0 0 1
    outer loop
      vertex -5.92265 -0.867156 3
      vertex -3.14789 -0.808242 3
      vertex -5.8264 -0.662623 3
    endloop
  endfacet
  facet normal 0 0 1
    outer loop
      vertex -3.14789 -0.808242 3
      vertex -5.92265 -0.867156 3
      vertex -3.02177 -1.1964 3
    endloop
  endfacet
  facet normal -0 0 1
    outer loop
      vertex -6.04377 -1.05801 3
      vertex -3.02177 -1.1964 3
      vertex -5.92265 -0.867156 3
    endloop
  endfacet
  facet normal 0 0 1
    outer loop
      vertex -3.02177 -1.1964 3
      vertex -6.04377 -1.05801 3
      vertex -2.848 -1.5657 3
    endloop
  endfacet
  facet normal -0 0 1
    outer loop
      vertex -6.18786 -1.23218 3
      vertex -2.848 -1.5657 3
      vertex -6.04377 -1.05801 3
    endloop
  endfacet
  facet normal 0 0 1
    outer loop
      vertex -2.6293 -1.9103 3
      vertex -6.18786 -1.23218 3
      vertex -6.35264 -1.38692 3
    endloop
  endfacet
  facet normal 0 0 1
    outer loop
      vertex -2.6293 -1.9103 3
      vertex -6.35264 -1.38692 3
      vertex -6.53551 -1.51979 3
    endloop
  endfacet
  facet normal 0 0 1
    outer loop
      vertex -2.36915 -2.22478 3
      vertex -6.53551 -1.51979 3
      vertex -6.7336 -1.62869 3
    endloop
  endfacet
  facet normal 0 0 1
    outer loop
      vertex -2.07163 -2.50417 3
      vertex -6.7336 -1.62869 3
      vertex -6.94377 -1.7119 3
    endloop
  endfacet
  facet normal 0 0 1
    outer loop
      vertex -2.07163 -2.50417 3
      vertex -6.94377 -1.7119 3
      vertex 0.451484 -6.99013 3
    endloop
  endfacet
  facet normal -0 0 1
    outer loop
      vertex -7.16271 -1.76812 3
      vertex 0.451484 -6.99013 3
      vertex -6.94377 -1.7119 3
    endloop
  endfacet
  facet normal -0 0 1
    outer loop
      vertex -7.38698 -1.79645 3
      vertex 0.451484 -6.99013 3
      vertex -7.16271 -1.76812 3
    endloop
  endfacet
  facet normal -0 0 1
    outer loop
      vertex -7.61302 -1.79645 3
      vertex 0.451484 -6.99013 3
      vertex -7.38698 -1.79645 3
    endloop
  endfacet
  facet normal 0 0 1
    outer loop
      vertex -13.6162 -2.94069 3
      vertex -7.61302 -1.79645 3
      vertex -7.83729 -1.76812 3
    endloop
  endfacet
  facet normal 0 0 1
    outer loop
      vertex -13.2586 -2.74407 3
      vertex -7.83729 -1.76812 3
      vertex -8.05623 -1.7119 3
    endloop
  endfacet
  facet normal 0 0 1
    outer loop
      vertex -12.9284 -2.50417 3
      vertex -8.05623 -1.7119 3
      vertex -8.2664 -1.62869 3
    endloop
  endfacet
  facet normal 0 0 1
    outer loop
      vertex -12.6309 -2.22478 3
      vertex -8.2664 -1.62869 3
      vertex -8.46449 -1.51979 3
    endloop
  endfacet
  facet normal -0 0 1
    outer loop
      vertex -11.7756 0.407332 3
      vertex -9.28581 0.225599 3
      vertex -9.24345 0.447641 3
    endloop
  endfacet
  facet normal 0 0 1
    outer loop
      vertex -9.28581 0.225599 3
      vertex -11.75 0 3
      vertex -9.3 0 3
    endloop
  endfacet
  facet normal -0 0 1
    outer loop
      vertex -11.75 0 3
      vertex -9.28581 -0.225599 3
      vertex -9.3 0 3
    endloop
  endfacet
  facet normal 0 0 1
    outer loop
      vertex -11.7756 -0.407332 3
      vertex -9.28581 -0.225599 3
      vertex -11.75 0 3
    endloop
  endfacet
  facet normal 0 0 1
    outer loop
      vertex -9.28581 -0.225599 3
      vertex -11.7756 -0.407332 3
      vertex -9.24345 -0.447641 3
    endloop
  endfacet
  facet normal 0 0 1
    outer loop
      vertex -11.8521 -0.808242 3
      vertex -9.24345 -0.447641 3
      vertex -11.7756 -0.407332 3
    endloop
  endfacet
  facet normal 0 0 1
    outer loop
      vertex -9.24345 -0.447641 3
      vertex -11.8521 -0.808242 3
      vertex -9.1736 -0.662623 3
    endloop
  endfacet
  facet normal 0 0 1
    outer loop
      vertex -9.1736 -0.662623 3
      vertex -11.8521 -0.808242 3
      vertex -9.07735 -0.867156 3
    endloop
  endfacet
  facet normal 0 0 1
    outer loop
      vertex -11.9782 -1.1964 3
      vertex -9.07735 -0.867156 3
      vertex -11.8521 -0.808242 3
    endloop
  endfacet
  facet normal 0 0 1
    outer loop
      vertex -9.07735 -0.867156 3
      vertex -11.9782 -1.1964 3
      vertex -8.95623 -1.05801 3
    endloop
  endfacet
  facet normal 0 0 1
    outer loop
      vertex -12.152 -1.5657 3
      vertex -8.95623 -1.05801 3
      vertex -11.9782 -1.1964 3
    endloop
  endfacet
  facet normal 0 0 1
    outer loop
      vertex -8.95623 -1.05801 3
      vertex -12.152 -1.5657 3
      vertex -8.81214 -1.23218 3
    endloop
  endfacet
  facet normal 0 0 1
    outer loop
      vertex -12.3707 -1.9103 3
      vertex -8.81214 -1.23218 3
      vertex -12.152 -1.5657 3
    endloop
  endfacet
  facet normal 0 0 1
    outer loop
      vertex -8.81214 -1.23218 3
      vertex -12.3707 -1.9103 3
      vertex -8.64736 -1.38692 3
    endloop
  endfacet
  facet normal 0 0 1
    outer loop
      vertex -8.64736 -1.38692 3
      vertex -12.3707 -1.9103 3
      vertex -8.46449 -1.51979 3
    endloop
  endfacet
  facet normal 0 0 1
    outer loop
      vertex -12.6309 -2.22478 3
      vertex -8.46449 -1.51979 3
      vertex -12.3707 -1.9103 3
    endloop
  endfacet
  facet normal 0 0 1
    outer loop
      vertex -8.2664 -1.62869 3
      vertex -12.6309 -2.22478 3
      vertex -12.9284 -2.50417 3
    endloop
  endfacet
  facet normal 0 0 1
    outer loop
      vertex -8.05623 -1.7119 3
      vertex -12.9284 -2.50417 3
      vertex -13.2586 -2.74407 3
    endloop
  endfacet
  facet normal 0 0 1
    outer loop
      vertex -7.83729 -1.76812 3
      vertex -13.2586 -2.74407 3
      vertex -13.6162 -2.94069 3
    endloop
  endfacet
  facet normal 0 0 1
    outer loop
      vertex -7.61302 -1.79645 3
      vertex -13.6162 -2.94069 3
      vertex 0.451484 -6.99013 3
    endloop
  endfacet
  facet normal -0 0 1
    outer loop
      vertex -13.9957 -3.09093 3
      vertex 0.451484 -6.99013 3
      vertex -13.6162 -2.94069 3
    endloop
  endfacet
  facet normal -0 0 1
    outer loop
      vertex -14.391 -3.19243 3
      vertex 0.451484 -6.99013 3
      vertex -13.9957 -3.09093 3
    endloop
  endfacet
  facet normal -0 0 1
    outer loop
      vertex -14.7959 -3.24359 3
      vertex 0.451484 -6.99013 3
      vertex -14.391 -3.19243 3
    endloop
  endfacet
  facet normal -0 0 1
    outer loop
      vertex -15.2041 -3.24359 3
      vertex 0.451484 -6.99013 3
      vertex -14.7959 -3.24359 3
    endloop
  endfacet
  facet normal 0 0 1
    outer loop
      vertex -32.314 -6.99013 3
      vertex -15.2041 -3.24359 3
      vertex -15.609 -3.19243 3
    endloop
  endfacet
  facet normal 0 0 1
    outer loop
      vertex -20.7142 -0.225599 3
      vertex -18.25 0 3
      vertex -20.7 0 3
    endloop
  endfacet
  facet normal 0 0 1
    outer loop
      vertex -18.25 0 3
      vertex -20.7142 -0.225599 3
      vertex -18.2244 -0.407332 3
    endloop
  endfacet
  facet normal 0 0 1
    outer loop
      vertex -20.7565 -0.447641 3
      vertex -18.2244 -0.407332 3
      vertex -20.7142 -0.225599 3
    endloop
  endfacet
  facet normal 0 0 1
    outer loop
      vertex -18.2244 -0.407332 3
      vertex -20.7565 -0.447641 3
      vertex -18.1479 -0.808242 3
    endloop
  endfacet
  facet normal -0 0 1
    outer loop
      vertex -20.8264 -0.662623 3
      vertex -18.1479 -0.808242 3
      vertex -20.7565 -0.447641 3
    endloop
  endfacet
  facet normal 0 0 1
    outer loop
      vertex -20.9226 -0.867156 3
      vertex -18.1479 -0.808242 3
      vertex -20.8264 -0.662623 3
    endloop
  endfacet
  facet normal 0 0 1
    outer loop
      vertex -18.1479 -0.808242 3
      vertex -20.9226 -0.867156 3
      vertex -18.0218 -1.1964 3
    endloop
  endfacet
  facet normal -0 0 1
    outer loop
      vertex -21.0438 -1.05801 3
      vertex -18.0218 -1.1964 3
      vertex -20.9226 -0.867156 3
    endloop
  endfacet
  facet normal 0 0 1
    outer loop
      vertex -18.0218 -1.1964 3
      vertex -21.0438 -1.05801 3
      vertex -17.848 -1.5657 3
    endloop
  endfacet
  facet normal -0 0 1
    outer loop
      vertex -21.1879 -1.23218 3
      vertex -17.848 -1.5657 3
      vertex -21.0438 -1.05801 3
    endloop
  endfacet
  facet normal 0 0 1
    outer loop
      vertex -17.848 -1.5657 3
      vertex -21.1879 -1.23218 3
      vertex -17.6293 -1.9103 3
    endloop
  endfacet
  facet normal -0 0 1
    outer loop
      vertex -21.3526 -1.38692 3
      vertex -17.6293 -1.9103 3
      vertex -21.1879 -1.23218 3
    endloop
  endfacet
  facet normal -0 0 1
    outer loop
      vertex -21.5355 -1.51979 3
      vertex -17.6293 -1.9103 3
      vertex -21.3526 -1.38692 3
    endloop
  endfacet
  facet normal 0 0 1
    outer loop
      vertex -17.6293 -1.9103 3
      vertex -21.5355 -1.51979 3
      vertex -17.3691 -2.22478 3
    endloop
  endfacet
  facet normal -0 0 1
    outer loop
      vertex -21.7336 -1.62869 3
      vertex -17.3691 -2.22478 3
      vertex -21.5355 -1.51979 3
    endloop
  endfacet
  facet normal 0 0 1
    outer loop
      vertex -17.3691 -2.22478 3
      vertex -21.7336 -1.62869 3
      vertex -17.0716 -2.50417 3
    endloop
  endfacet
  facet normal -0 0 1
    outer loop
      vertex -21.9438 -1.7119 3
      vertex -17.0716 -2.50417 3
      vertex -21.7336 -1.62869 3
    endloop
  endfacet
  facet normal 0 0 1
    outer loop
      vertex -17.0716 -2.50417 3
      vertex -21.9438 -1.7119 3
      vertex -16.7414 -2.74407 3
    endloop
  endfacet
  facet normal -0 0 1
    outer loop
      vertex -22.1627 -1.76812 3
      vertex -16.7414 -2.74407 3
      vertex -21.9438 -1.7119 3
    endloop
  endfacet
  facet normal 0 0 1
    outer loop
      vertex -16.7414 -2.74407 3
      vertex -22.1627 -1.76812 3
      vertex -16.3838 -2.94069 3
    endloop
  endfacet
  facet normal -0 0 1
    outer loop
      vertex -22.387 -1.79645 3
      vertex -16.3838 -2.94069 3
      vertex -22.1627 -1.76812 3
    endloop
  endfacet
  facet normal 0 0 1
    outer loop
      vertex -32.314 -6.99013 3
      vertex -16.3838 -2.94069 3
      vertex -22.387 -1.79645 3
    endloop
  endfacet
  facet normal 0 0 1
    outer loop
      vertex -16.3838 -2.94069 3
      vertex -32.314 -6.99013 3
      vertex -16.0043 -3.09093 3
    endloop
  endfacet
  facet normal 0 0 1
    outer loop
      vertex -16.0043 -3.09093 3
      vertex -32.314 -6.99013 3
      vertex -15.609 -3.19243 3
    endloop
  endfacet
  facet normal 0 0 1
    outer loop
      vertex -32.314 -6.99013 3
      vertex -22.387 -1.79645 3
      vertex -22.613 -1.79645 3
    endloop
  endfacet
  facet normal 0 0 1
    outer loop
      vertex -32.314 -6.99013 3
      vertex -22.613 -1.79645 3
      vertex -22.8373 -1.76812 3
    endloop
  endfacet
  facet normal -0 0 1
    outer loop
      vertex -26.75 0 3
      vertex -24.2858 -0.225599 3
      vertex -24.3 0 3
    endloop
  endfacet
  facet normal 0 0 1
    outer loop
      vertex -26.7756 -0.407332 3
      vertex -24.2858 -0.225599 3
      vertex -26.75 0 3
    endloop
  endfacet
  facet normal 0 0 1
    outer loop
      vertex -24.2858 -0.225599 3
      vertex -26.7756 -0.407332 3
      vertex -24.2435 -0.447641 3
    endloop
  endfacet
  facet normal 0 0 1
    outer loop
      vertex -26.8521 -0.808242 3
      vertex -24.2435 -0.447641 3
      vertex -26.7756 -0.407332 3
    endloop
  endfacet
  facet normal 0 0 1
    outer loop
      vertex -24.2435 -0.447641 3
      vertex -26.8521 -0.808242 3
      vertex -24.1736 -0.662623 3
    endloop
  endfacet
  facet normal 0 0 1
    outer loop
      vertex -24.1736 -0.662623 3
      vertex -26.8521 -0.808242 3
      vertex -24.0774 -0.867156 3
    endloop
  endfacet
  facet normal 0 0 1
    outer loop
      vertex -26.9782 -1.1964 3
      vertex -24.0774 -0.867156 3
      vertex -26.8521 -0.808242 3
    endloop
  endfacet
  facet normal 0 0 1
    outer loop
      vertex -24.0774 -0.867156 3
      vertex -26.9782 -1.1964 3
      vertex -23.9562 -1.05801 3
    endloop
  endfacet
  facet normal 0 0 1
    outer loop
      vertex -27.152 -1.5657 3
      vertex -23.9562 -1.05801 3
      vertex -26.9782 -1.1964 3
    endloop
  endfacet
  facet normal 0 0 1
    outer loop
      vertex -23.9562 -1.05801 3
      vertex -27.152 -1.5657 3
      vertex -23.8121 -1.23218 3
    endloop
  endfacet
  facet normal 0 0 1
    outer loop
      vertex -27.3707 -1.9103 3
      vertex -23.8121 -1.23218 3
      vertex -27.152 -1.5657 3
    endloop
  endfacet
  facet normal 0 0 1
    outer loop
      vertex -23.8121 -1.23218 3
      vertex -27.3707 -1.9103 3
      vertex -23.6474 -1.38692 3
    endloop
  endfacet
  facet normal 0 0 1
    outer loop
      vertex -23.6474 -1.38692 3
      vertex -27.3707 -1.9103 3
      vertex -23.4645 -1.51979 3
    endloop
  endfacet
  facet normal 0 0 1
    outer loop
      vertex -27.6309 -2.22478 3
      vertex -23.4645 -1.51979 3
      vertex -27.3707 -1.9103 3
    endloop
  endfacet
  facet normal 0 0 1
    outer loop
      vertex -23.4645 -1.51979 3
      vertex -27.6309 -2.22478 3
      vertex -23.2664 -1.62869 3
    endloop
  endfacet
  facet normal 0 0 1
    outer loop
      vertex -27.9284 -2.50417 3
      vertex -23.2664 -1.62869 3
      vertex -27.6309 -2.22478 3
    endloop
  endfacet
  facet normal 0 0 1
    outer loop
      vertex -23.2664 -1.62869 3
      vertex -27.9284 -2.50417 3
      vertex -23.0562 -1.7119 3
    endloop
  endfacet
  facet normal 0 0 1
    outer loop
      vertex -28.2586 -2.74407 3
      vertex -23.0562 -1.7119 3
      vertex -27.9284 -2.50417 3
    endloop
  endfacet
  facet normal 0 0 1
    outer loop
      vertex -23.0562 -1.7119 3
      vertex -28.2586 -2.74407 3
      vertex -22.8373 -1.76812 3
    endloop
  endfacet
  facet normal 0 0 1
    outer loop
      vertex -22.8373 -1.76812 3
      vertex -28.2586 -2.74407 3
      vertex -32.314 -6.99013 3
    endloop
  endfacet
  facet normal 0 0 1
    outer loop
      vertex -32.314 -6.99013 3
      vertex -28.2586 -2.74407 3
      vertex -28.6162 -2.94069 3
    endloop
  endfacet
  facet normal 0 0 1
    outer loop
      vertex -32.314 -6.99013 3
      vertex -28.6162 -2.94069 3
      vertex -28.9957 -3.09093 3
    endloop
  endfacet
  facet normal 0 0 1
    outer loop
      vertex -32.314 -6.99013 3
      vertex -28.9957 -3.09093 3
      vertex -29.391 -3.19243 3
    endloop
  endfacet
  facet normal 0 0 1
    outer loop
      vertex -32.314 -6.99013 3
      vertex -29.391 -3.19243 3
      vertex -29.7959 -3.24359 3
    endloop
  endfacet
  facet normal 0 0 1
    outer loop
      vertex -32.314 -6.99013 3
      vertex -29.7959 -3.24359 3
      vertex -30.2041 -3.24359 3
    endloop
  endfacet
  facet normal 0 0 1
    outer loop
      vertex -15.2041 -3.24359 3
      vertex -32.314 -6.99013 3
      vertex 0.451484 -6.99013 3
    endloop
  endfacet
  facet normal 0 0 1
    outer loop
      vertex -30.609 -3.19243 3
      vertex -32.314 -6.99013 3
      vertex -30.2041 -3.24359 3
    endloop
  endfacet
  facet normal 0 0 1
    outer loop
      vertex -31.0043 -3.09093 3
      vertex -32.314 -6.99013 3
      vertex -30.609 -3.19243 3
    endloop
  endfacet
  facet normal 0 0 1
    outer loop
      vertex -31.3838 -2.94069 3
      vertex -32.314 -6.99013 3
      vertex -31.0043 -3.09093 3
    endloop
  endfacet
  facet normal 0 0 1
    outer loop
      vertex -32.9369 -6.91144 3
      vertex -31.3838 -2.94069 3
      vertex -31.7414 -2.74407 3
    endloop
  endfacet
  facet normal 0 0 1
    outer loop
      vertex -34.1289 -6.52413 3
      vertex -31.7414 -2.74407 3
      vertex -32.0716 -2.50417 3
    endloop
  endfacet
  facet normal 0 0 1
    outer loop
      vertex -35.1871 -5.85257 3
      vertex -32.0716 -2.50417 3
      vertex -32.3691 -2.22478 3
    endloop
  endfacet
  facet normal 0 0 1
    outer loop
      vertex -36.0451 -4.93893 3
      vertex -32.3691 -2.22478 3
      vertex -32.6293 -1.9103 3
    endloop
  endfacet
  facet normal 0 0 1
    outer loop
      vertex -36.6489 -3.84062 3
      vertex -32.6293 -1.9103 3
      vertex -32.848 -1.5657 3
    endloop
  endfacet
  facet normal 0 0 1
    outer loop
      vertex -31.3838 -2.94069 3
      vertex -32.9369 -6.91144 3
      vertex -32.314 -6.99013 3
    endloop
  endfacet
  facet normal 0 0 1
    outer loop
      vertex -36.9606 -2.62667 3
      vertex -32.848 -1.5657 3
      vertex -33.0218 -1.1964 3
    endloop
  endfacet
  facet normal 0 0 1
    outer loop
      vertex -37 -2 3
      vertex -33.0218 -1.1964 3
      vertex -33.1479 -0.808242 3
    endloop
  endfacet
  facet normal 0 0 1
    outer loop
      vertex -37 -2 3
      vertex -33.1479 -0.808242 3
      vertex -33.2244 -0.407332 3
    endloop
  endfacet
  facet normal 0 0 1
    outer loop
      vertex -37 -2 3
      vertex -33.2244 -0.407332 3
      vertex -33.25 0 3
    endloop
  endfacet
  facet normal 0 0 1
    outer loop
      vertex -31.7414 -2.74407 3
      vertex -33.5451 -6.75528 3
      vertex -32.9369 -6.91144 3
    endloop
  endfacet
  facet normal -0 0 1
    outer loop
      vertex -36.3815 4.40877 3
      vertex -32.6293 1.9103 3
      vertex -36.0451 4.93893 3
    endloop
  endfacet
  facet normal -0 0 1
    outer loop
      vertex -36.6489 3.84062 3
      vertex -32.6293 1.9103 3
      vertex -36.3815 4.40877 3
    endloop
  endfacet
  facet normal 0 0 1
    outer loop
      vertex -37 -2 3
      vertex -33.25 0 3
      vertex -37 2 3
    endloop
  endfacet
  facet normal 0 0 1
    outer loop
      vertex -32.6293 1.9103 3
      vertex -36.6489 3.84062 3
      vertex -32.848 1.5657 3
    endloop
  endfacet
  facet normal 0 0 1
    outer loop
      vertex -33.0218 -1.1964 3
      vertex -37 -2 3
      vertex -36.9606 -2.62667 3
    endloop
  endfacet
  facet normal -0 0 1
    outer loop
      vertex -36.8429 3.24345 3
      vertex -32.848 1.5657 3
      vertex -36.6489 3.84062 3
    endloop
  endfacet
  facet normal 0 0 1
    outer loop
      vertex -31.7414 -2.74407 3
      vertex -34.1289 -6.52413 3
      vertex -33.5451 -6.75528 3
    endloop
  endfacet
  facet normal -0 0 1
    outer loop
      vertex -36.9606 2.62667 3
      vertex -32.848 1.5657 3
      vertex -36.8429 3.24345 3
    endloop
  endfacet
  facet normal 0 0 1
    outer loop
      vertex -32.0716 -2.50417 3
      vertex -34.6791 -6.22164 3
      vertex -34.1289 -6.52413 3
    endloop
  endfacet
  facet normal 0 0 1
    outer loop
      vertex -32.848 1.5657 3
      vertex -36.9606 2.62667 3
      vertex -33.0218 1.1964 3
    endloop
  endfacet
  facet normal 0 0 1
    outer loop
      vertex -32.0716 -2.50417 3
      vertex -35.1871 -5.85257 3
      vertex -34.6791 -6.22164 3
    endloop
  endfacet
  facet normal -0 0 1
    outer loop
      vertex -37 2 3
      vertex -33.0218 1.1964 3
      vertex -36.9606 2.62667 3
    endloop
  endfacet
  facet normal 0 0 1
    outer loop
      vertex -32.3691 -2.22478 3
      vertex -35.6448 -5.42274 3
      vertex -35.1871 -5.85257 3
    endloop
  endfacet
  facet normal 0 0 1
    outer loop
      vertex -33.0218 1.1964 3
      vertex -37 2 3
      vertex -33.1479 0.808242 3
    endloop
  endfacet
  facet normal 0 0 1
    outer loop
      vertex -32.3691 -2.22478 3
      vertex -36.0451 -4.93893 3
      vertex -35.6448 -5.42274 3
    endloop
  endfacet
  facet normal 0 0 1
    outer loop
      vertex -33.1479 0.808242 3
      vertex -37 2 3
      vertex -33.2244 0.407332 3
    endloop
  endfacet
  facet normal 0 0 1
    outer loop
      vertex -32.6293 -1.9103 3
      vertex -36.3815 -4.40877 3
      vertex -36.0451 -4.93893 3
    endloop
  endfacet
  facet normal 0 0 1
    outer loop
      vertex -33.2244 0.407332 3
      vertex -37 2 3
      vertex -33.25 0 3
    endloop
  endfacet
  facet normal 0 0 1
    outer loop
      vertex -32.6293 -1.9103 3
      vertex -36.6489 -3.84062 3
      vertex -36.3815 -4.40877 3
    endloop
  endfacet
  facet normal 0 0 1
    outer loop
      vertex -32.848 -1.5657 3
      vertex -36.8429 -3.24345 3
      vertex -36.6489 -3.84062 3
    endloop
  endfacet
  facet normal 0 0 1
    outer loop
      vertex -32.848 -1.5657 3
      vertex -36.9606 -2.62667 3
      vertex -36.8429 -3.24345 3
    endloop
  endfacet
  facet normal 0 0 1
    outer loop
      vertex 11.75 0 3
      vertex 9.28581 0.225599 3
      vertex 9.3 0 3
    endloop
  endfacet
  facet normal -0 0 1
    outer loop
      vertex 6.88814 14.8321 3
      vertex 16.6588 10.031 3
      vertex 7.60905 16.0473 3
    endloop
  endfacet
  facet normal 0 0 1
    outer loop
      vertex 13.9217 6.99013 3
      vertex 9.24345 0.447641 3
      vertex 9.28581 0.225599 3
    endloop
  endfacet
  facet normal 0 0 1
    outer loop
      vertex 16.6588 10.031 3
      vertex 6.88814 14.8321 3
      vertex 15.3837 8.4352 3
    endloop
  endfacet
  facet normal 0 0 1
    outer loop
      vertex 13.9217 6.99013 3
      vertex 9.1736 0.662623 3
      vertex 9.24345 0.447641 3
    endloop
  endfacet
  facet normal 0 0 1
    outer loop
      vertex 15.3837 8.4352 3
      vertex 6.88814 14.8321 3
      vertex 13.9689 7.02716 3
    endloop
  endfacet
  facet normal 0 0 1
    outer loop
      vertex 13.9217 6.99013 3
      vertex 9.07735 0.867156 3
      vertex 9.1736 0.662623 3
    endloop
  endfacet
  facet normal 0 0 1
    outer loop
      vertex 13.9217 6.99013 3
      vertex 8.95623 1.05801 3
      vertex 9.07735 0.867156 3
    endloop
  endfacet
  facet normal 0 0 1
    outer loop
      vertex 13.9689 7.02716 3
      vertex 6.88814 14.8321 3
      vertex 13.9217 6.99013 3
    endloop
  endfacet
  facet normal 0 0 1
    outer loop
      vertex 13.9217 6.99013 3
      vertex 8.81214 1.23218 3
      vertex 8.95623 1.05801 3
    endloop
  endfacet
  facet normal -0 0 1
    outer loop
      vertex 6.07256 13.8038 3
      vertex 13.9217 6.99013 3
      vertex 6.88814 14.8321 3
    endloop
  endfacet
  facet normal 0 0 1
    outer loop
      vertex 13.9217 6.99013 3
      vertex 8.64736 1.38692 3
      vertex 8.81214 1.23218 3
    endloop
  endfacet
  facet normal 0 0 1
    outer loop
      vertex 13.9217 6.99013 3
      vertex 8.46449 1.51979 3
      vertex 8.64736 1.38692 3
    endloop
  endfacet
  facet normal -0 0 1
    outer loop
      vertex 5.16232 12.9625 3
      vertex 13.9217 6.99013 3
      vertex 6.07256 13.8038 3
    endloop
  endfacet
  facet normal 0 0 1
    outer loop
      vertex 13.9217 6.99013 3
      vertex 8.2664 1.62869 3
      vertex 8.46449 1.51979 3
    endloop
  endfacet
  facet normal 0 0 1
    outer loop
      vertex 13.9217 6.99013 3
      vertex 8.05623 1.7119 3
      vertex 8.2664 1.62869 3
    endloop
  endfacet
  facet normal 0 -0 1
    outer loop
      vertex 7.61302 1.79645 3
      vertex 13.9217 6.99013 3
      vertex 5.16232 12.9625 3
    endloop
  endfacet
  facet normal 0 0 1
    outer loop
      vertex 13.9217 6.99013 3
      vertex 7.83729 1.76812 3
      vertex 8.05623 1.7119 3
    endloop
  endfacet
  facet normal 0 0 1
    outer loop
      vertex 13.9217 6.99013 3
      vertex 7.61302 1.79645 3
      vertex 7.83729 1.76812 3
    endloop
  endfacet
  facet normal -0 0 1
    outer loop
      vertex 4.15741 12.3082 3
      vertex 7.61302 1.79645 3
      vertex 5.16232 12.9625 3
    endloop
  endfacet
  facet normal 0 0 1
    outer loop
      vertex 7.61302 1.79645 3
      vertex 4.15741 12.3082 3
      vertex 7.38698 1.79645 3
    endloop
  endfacet
  facet normal 0 0 1
    outer loop
      vertex 7.38698 1.79645 3
      vertex 4.15741 12.3082 3
      vertex 7.16271 1.76812 3
    endloop
  endfacet
  facet normal 0 0 1
    outer loop
      vertex 7.16271 1.76812 3
      vertex 4.15741 12.3082 3
      vertex 6.94377 1.7119 3
    endloop
  endfacet
  facet normal -0 0 1
    outer loop
      vertex 3.05783 11.8407 3
      vertex 6.94377 1.7119 3
      vertex 4.15741 12.3082 3
    endloop
  endfacet
  facet normal -0 0 1
    outer loop
      vertex 2.07163 2.50417 3
      vertex 6.94377 1.7119 3
      vertex 3.05783 11.8407 3
    endloop
  endfacet
  facet normal 0 0 1
    outer loop
      vertex 6.94377 1.7119 3
      vertex 2.07163 2.50417 3
      vertex 6.7336 1.62869 3
    endloop
  endfacet
  facet normal -0 -0 1
    outer loop
      vertex 2.36915 2.22478 3
      vertex 6.7336 1.62869 3
      vertex 2.07163 2.50417 3
    endloop
  endfacet
  facet normal 0 0 1
    outer loop
      vertex 6.7336 1.62869 3
      vertex 2.36915 2.22478 3
      vertex 6.53551 1.51979 3
    endloop
  endfacet
  facet normal 0 0 1
    outer loop
      vertex 6.53551 1.51979 3
      vertex 2.6293 1.9103 3
      vertex 6.35264 1.38692 3
    endloop
  endfacet
  facet normal 0 0 1
    outer loop
      vertex 6.35264 1.38692 3
      vertex 2.6293 1.9103 3
      vertex 6.18786 1.23218 3
    endloop
  endfacet
  facet normal 0 0 1
    outer loop
      vertex 6.18786 1.23218 3
      vertex 2.848 1.5657 3
      vertex 6.04377 1.05801 3
    endloop
  endfacet
  facet normal -0 -0 1
    outer loop
      vertex 3.02177 1.1964 3
      vertex 6.04377 1.05801 3
      vertex 2.848 1.5657 3
    endloop
  endfacet
  facet normal 0 0 1
    outer loop
      vertex 21.414 33.1925 3
      vertex 9.77545 34.2252 3
      vertex 9.96713 29.5182 3
    endloop
  endfacet
  facet normal 0 0 1
    outer loop
      vertex 12.6359 52.8154 3
      vertex 9.20041 38.208 3
      vertex 9.77545 34.2252 3
    endloop
  endfacet
  facet normal 0 0 1
    outer loop
      vertex 5.17506 45.8117 3
      vertex 10.6086 54.0436 3
      vertex 8.38889 54.9989 3
    endloop
  endfacet
  facet normal 0 0 1
    outer loop
      vertex 12.6359 52.8154 3
      vertex 8.24199 41.4667 3
      vertex 9.20041 38.208 3
    endloop
  endfacet
  facet normal 0 0 1
    outer loop
      vertex 12.6359 52.8154 3
      vertex 6.90021 44.0013 3
      vertex 8.24199 41.4667 3
    endloop
  endfacet
  facet normal 0 0 1
    outer loop
      vertex 3.06656 46.8979 3
      vertex 8.38889 54.9989 3
      vertex 5.97665 55.6813 3
    endloop
  endfacet
  facet normal 0 0 1
    outer loop
      vertex 12.6359 52.8154 3
      vertex 5.17506 45.8117 3
      vertex 6.90021 44.0013 3
    endloop
  endfacet
  facet normal 0 0 1
    outer loop
      vertex 3.06656 46.8979 3
      vertex 5.97665 55.6813 3
      vertex 3.37192 56.0907 3
    endloop
  endfacet
  facet normal 0 0 1
    outer loop
      vertex 8.38889 54.9989 3
      vertex 3.06656 46.8979 3
      vertex 5.17506 45.8117 3
    endloop
  endfacet
  facet normal 0 0 1
    outer loop
      vertex 0.574677 47.26 3
      vertex 3.37192 56.0907 3
      vertex 0.574677 56.2272 3
    endloop
  endfacet
  facet normal 0 0 1
    outer loop
      vertex 3.37192 56.0907 3
      vertex 0.574677 47.26 3
      vertex 3.06656 46.8979 3
    endloop
  endfacet
  facet normal -0 0 1
    outer loop
      vertex -2.22295 56.0907 3
      vertex 0.574677 47.26 3
      vertex 0.574677 56.2272 3
    endloop
  endfacet
  facet normal 0 0 1
    outer loop
      vertex 0.574677 47.26 3
      vertex -2.22295 56.0907 3
      vertex -1.92761 46.8979 3
    endloop
  endfacet
  facet normal -0 0 1
    outer loop
      vertex -4.8289 55.6813 3
      vertex -1.92761 46.8979 3
      vertex -2.22295 56.0907 3
    endloop
  endfacet
  facet normal -0 0 1
    outer loop
      vertex -7.24318 54.9989 3
      vertex -1.92761 46.8979 3
      vertex -4.8289 55.6813 3
    endloop
  endfacet
  facet normal 0 0 1
    outer loop
      vertex -1.92761 46.8979 3
      vertex -7.24318 54.9989 3
      vertex -4.04495 45.8117 3
    endloop
  endfacet
  facet normal -0 0 1
    outer loop
      vertex -9.46577 54.0436 3
      vertex -4.04495 45.8117 3
      vertex -7.24318 54.9989 3
    endloop
  endfacet
  facet normal -0 0 1
    outer loop
      vertex -11.4967 52.8154 3
      vertex -4.04495 45.8117 3
      vertex -9.46577 54.0436 3
    endloop
  endfacet
  facet normal 0 0 1
    outer loop
      vertex -4.04495 45.8117 3
      vertex -11.4967 52.8154 3
      vertex -5.77733 44.0013 3
    endloop
  endfacet
  facet normal -0 0 1
    outer loop
      vertex -13.3359 51.3141 3
      vertex -5.77733 44.0013 3
      vertex -11.4967 52.8154 3
    endloop
  endfacet
  facet normal 0 0 1
    outer loop
      vertex -11.7756 0.407332 3
      vertex -8.95623 1.05801 3
      vertex -8.81214 1.23218 3
    endloop
  endfacet
  facet normal 0 0 1
    outer loop
      vertex -11.7756 0.407332 3
      vertex -9.07735 0.867156 3
      vertex -8.95623 1.05801 3
    endloop
  endfacet
  facet normal 0 0 1
    outer loop
      vertex -11.7756 0.407332 3
      vertex -9.1736 0.662623 3
      vertex -9.07735 0.867156 3
    endloop
  endfacet
  facet normal 0 0 1
    outer loop
      vertex -11.7756 0.407332 3
      vertex -9.24345 0.447641 3
      vertex -9.1736 0.662623 3
    endloop
  endfacet
  facet normal -0 0 1
    outer loop
      vertex -17.6432 45.1763 3
      vertex -7.12473 41.4667 3
      vertex -16.4242 47.4938 3
    endloop
  endfacet
  facet normal 0 0 1
    outer loop
      vertex -5.77733 44.0013 3
      vertex -16.4242 47.4938 3
      vertex -7.12473 41.4667 3
    endloop
  endfacet
  facet normal -0 0 1
    outer loop
      vertex -16.4242 47.4938 3
      vertex -5.77733 44.0013 3
      vertex -14.9835 49.54 3
    endloop
  endfacet
  facet normal -0 0 1
    outer loop
      vertex -14.9835 49.54 3
      vertex -5.77733 44.0013 3
      vertex -13.3359 51.3141 3
    endloop
  endfacet
  facet normal 0 0 1
    outer loop
      vertex 9.96713 29.5182 3
      vertex 21.5245 29.5182 3
      vertex 21.414 33.1925 3
    endloop
  endfacet
  facet normal 0 0 1
    outer loop
      vertex 9.91902 27.066 3
      vertex 21.5245 29.5182 3
      vertex 9.96713 29.5182 3
    endloop
  endfacet
  facet normal -0 0 1
    outer loop
      vertex 9.77545 34.2252 3
      vertex 21.414 33.1925 3
      vertex 21.0827 36.5955 3
    endloop
  endfacet
  facet normal 0 0 1
    outer loop
      vertex 21.5245 29.5182 3
      vertex 9.91902 27.066 3
      vertex 21.4483 26.4306 3
    endloop
  endfacet
  facet normal 0 0 1
    outer loop
      vertex 9.77545 34.2252 3
      vertex 21.0827 36.5955 3
      vertex 20.5305 39.7271 3
    endloop
  endfacet
  facet normal 0 0 1
    outer loop
      vertex 9.77464 24.7898 3
      vertex 21.4483 26.4306 3
      vertex 9.91902 27.066 3
    endloop
  endfacet
  facet normal 0 0 1
    outer loop
      vertex 9.77545 34.2252 3
      vertex 20.5305 39.7271 3
      vertex 19.7574 42.5874 3
    endloop
  endfacet
  facet normal 0 0 1
    outer loop
      vertex 21.4483 26.4306 3
      vertex 9.77464 24.7898 3
      vertex 21.22 23.5293 3
    endloop
  endfacet
  facet normal 0 0 1
    outer loop
      vertex 9.53403 22.6895 3
      vertex 21.22 23.5293 3
      vertex 9.77464 24.7898 3
    endloop
  endfacet
  facet normal 0 0 1
    outer loop
      vertex 9.77545 34.2252 3
      vertex 19.7574 42.5874 3
      vertex 18.7634 45.1763 3
    endloop
  endfacet
  facet normal 0 0 1
    outer loop
      vertex 21.22 23.5293 3
      vertex 9.53403 22.6895 3
      vertex 20.8393 20.814 3
    endloop
  endfacet
  facet normal 0 0 1
    outer loop
      vertex 9.77545 34.2252 3
      vertex 18.7634 45.1763 3
      vertex 17.5486 47.4938 3
    endloop
  endfacet
  facet normal 0 0 1
    outer loop
      vertex 20.8393 20.814 3
      vertex 9.53403 22.6895 3
      vertex 20.3065 18.2849 3
    endloop
  endfacet
  facet normal 0 0 1
    outer loop
      vertex 9.77545 34.2252 3
      vertex 17.5486 47.4938 3
      vertex 16.1129 49.54 3
    endloop
  endfacet
  facet normal -0 0 1
    outer loop
      vertex 9.19714 20.7651 3
      vertex 20.3065 18.2849 3
      vertex 9.53403 22.6895 3
    endloop
  endfacet
  facet normal 0 0 1
    outer loop
      vertex 9.77545 34.2252 3
      vertex 16.1129 49.54 3
      vertex 14.4706 51.3141 3
    endloop
  endfacet
  facet normal 0 0 1
    outer loop
      vertex 20.3065 18.2849 3
      vertex 9.19714 20.7651 3
      vertex 19.6214 15.942 3
    endloop
  endfacet
  facet normal -0 0 1
    outer loop
      vertex 8.76404 19.0166 3
      vertex 19.6214 15.942 3
      vertex 9.19714 20.7651 3
    endloop
  endfacet
  facet normal 0 0 1
    outer loop
      vertex 19.6214 15.942 3
      vertex 8.76404 19.0166 3
      vertex 18.784 13.7852 3
    endloop
  endfacet
  facet normal 0 0 1
    outer loop
      vertex 18.784 13.7852 3
      vertex 8.23466 17.444 3
      vertex 17.7944 11.8145 3
    endloop
  endfacet
  facet normal -0 0 1
    outer loop
      vertex 7.60905 16.0473 3
      vertex 17.7944 11.8145 3
      vertex 8.23466 17.444 3
    endloop
  endfacet
  facet normal 0 0 1
    outer loop
      vertex 9.77545 34.2252 3
      vertex 14.4706 51.3141 3
      vertex 12.6359 52.8154 3
    endloop
  endfacet
  facet normal -0 0 1
    outer loop
      vertex 8.23466 17.444 3
      vertex 18.784 13.7852 3
      vertex 8.76404 19.0166 3
    endloop
  endfacet
  facet normal 0 0 1
    outer loop
      vertex 17.7944 11.8145 3
      vertex 7.60905 16.0473 3
      vertex 16.6588 10.031 3
    endloop
  endfacet
  facet normal 0 0 1
    outer loop
      vertex 13.9217 6.99013 3
      vertex 12.9284 2.50417 3
      vertex 13.2586 2.74407 3
    endloop
  endfacet
  facet normal 0 0 1
    outer loop
      vertex 13.9217 6.99013 3
      vertex 12.6309 2.22478 3
      vertex 12.9284 2.50417 3
    endloop
  endfacet
  facet normal 0 0 1
    outer loop
      vertex 9.28581 0.225599 3
      vertex 12.6309 2.22478 3
      vertex 13.9217 6.99013 3
    endloop
  endfacet
  facet normal 0 0 1
    outer loop
      vertex 9.28581 0.225599 3
      vertex 12.3707 1.9103 3
      vertex 12.6309 2.22478 3
    endloop
  endfacet
  facet normal 0 0 1
    outer loop
      vertex 9.28581 0.225599 3
      vertex 12.152 1.5657 3
      vertex 12.3707 1.9103 3
    endloop
  endfacet
  facet normal 0 0 1
    outer loop
      vertex 9.28581 0.225599 3
      vertex 11.9782 1.1964 3
      vertex 12.152 1.5657 3
    endloop
  endfacet
  facet normal 0 0 1
    outer loop
      vertex 5.17506 45.8117 3
      vertex 12.6359 52.8154 3
      vertex 10.6086 54.0436 3
    endloop
  endfacet
  facet normal 0 0 1
    outer loop
      vertex 13.9217 6.99013 3
      vertex 13.2586 2.74407 3
      vertex 13.6162 2.94069 3
    endloop
  endfacet
  facet normal 0 0 1
    outer loop
      vertex 9.28581 0.225599 3
      vertex 11.8521 0.808242 3
      vertex 11.9782 1.1964 3
    endloop
  endfacet
  facet normal 0 0 1
    outer loop
      vertex 9.28581 0.225599 3
      vertex 11.7756 0.407332 3
      vertex 11.8521 0.808242 3
    endloop
  endfacet
  facet normal -0 0 1
    outer loop
      vertex 9.28581 0.225599 3
      vertex 11.75 0 3
      vertex 11.7756 0.407332 3
    endloop
  endfacet
  facet normal 0 0 1
    outer loop
      vertex 9.28581 -0.225599 3
      vertex 11.75 0 3
      vertex 9.3 0 3
    endloop
  endfacet
  facet normal 0 0 1
    outer loop
      vertex 9.24345 -0.447641 3
      vertex 11.75 0 3
      vertex 9.28581 -0.225599 3
    endloop
  endfacet
  facet normal 0 0 1
    outer loop
      vertex 9.1736 -0.662623 3
      vertex 11.75 0 3
      vertex 9.24345 -0.447641 3
    endloop
  endfacet
  facet normal 0 0 1
    outer loop
      vertex 9.07735 -0.867156 3
      vertex 11.75 0 3
      vertex 9.1736 -0.662623 3
    endloop
  endfacet
  facet normal 0 0 1
    outer loop
      vertex 8.95623 -1.05801 3
      vertex 11.75 0 3
      vertex 9.07735 -0.867156 3
    endloop
  endfacet
  facet normal 0 0 1
    outer loop
      vertex 8.81214 -1.23218 3
      vertex 11.75 0 3
      vertex 8.95623 -1.05801 3
    endloop
  endfacet
  facet normal 0 0 1
    outer loop
      vertex 8.64736 -1.38692 3
      vertex 11.75 0 3
      vertex 8.81214 -1.23218 3
    endloop
  endfacet
  facet normal 0 0 1
    outer loop
      vertex 11.75 0 3
      vertex 8.64736 -1.38692 3
      vertex 10.8292 -12.2315 3
    endloop
  endfacet
  facet normal -0 0 1
    outer loop
      vertex 8.46449 -1.51979 3
      vertex 10.8292 -12.2315 3
      vertex 8.64736 -1.38692 3
    endloop
  endfacet
  facet normal -0 0 1
    outer loop
      vertex 8.2664 -1.62869 3
      vertex 10.8292 -12.2315 3
      vertex 8.46449 -1.51979 3
    endloop
  endfacet
  facet normal 0 0 1
    outer loop
      vertex 10.8292 -12.2315 3
      vertex 8.2664 -1.62869 3
      vertex 9.15298 -12.0126 3
    endloop
  endfacet
  facet normal -0 0 1
    outer loop
      vertex 8.05623 -1.7119 3
      vertex 9.15298 -12.0126 3
      vertex 8.2664 -1.62869 3
    endloop
  endfacet
  facet normal 0 0 1
    outer loop
      vertex 7.56665 -11.6477 3
      vertex 8.05623 -1.7119 3
      vertex 7.83729 -1.76812 3
    endloop
  endfacet
  facet normal 0 0 1
    outer loop
      vertex 6.07024 -11.1369 3
      vertex 7.83729 -1.76812 3
      vertex 7.61302 -1.79645 3
    endloop
  endfacet
  facet normal 0 0 1
    outer loop
      vertex 8.05623 -1.7119 3
      vertex 7.56665 -11.6477 3
      vertex 9.15298 -12.0126 3
    endloop
  endfacet
  facet normal 0 0 1
    outer loop
      vertex 6.07024 -11.1369 3
      vertex 7.61302 -1.79645 3
      vertex 7.38698 -1.79645 3
    endloop
  endfacet
  facet normal 0 0 1
    outer loop
      vertex 4.66374 -10.4802 3
      vertex 7.38698 -1.79645 3
      vertex 7.16271 -1.76812 3
    endloop
  endfacet
  facet normal 0 0 1
    outer loop
      vertex 3.34717 -9.67747 3
      vertex 7.16271 -1.76812 3
      vertex 6.94377 -1.7119 3
    endloop
  endfacet
  facet normal 0 0 1
    outer loop
      vertex 3.34717 -9.67747 3
      vertex 6.94377 -1.7119 3
      vertex 6.7336 -1.62869 3
    endloop
  endfacet
  facet normal 0 0 1
    outer loop
      vertex 3.34717 -9.67747 3
      vertex 6.7336 -1.62869 3
      vertex 6.53551 -1.51979 3
    endloop
  endfacet
  facet normal 0 0 1
    outer loop
      vertex 3.34717 -9.67747 3
      vertex 6.53551 -1.51979 3
      vertex 6.35264 -1.38692 3
    endloop
  endfacet
  facet normal 0 0 1
    outer loop
      vertex 5.92265 -0.867156 3
      vertex 3.02177 -1.1964 3
      vertex 6.04377 -1.05801 3
    endloop
  endfacet
  facet normal 0 0 1
    outer loop
      vertex 7.83729 -1.76812 3
      vertex 6.07024 -11.1369 3
      vertex 7.56665 -11.6477 3
    endloop
  endfacet
  facet normal 0 0 1
    outer loop
      vertex 5.8264 -0.662623 3
      vertex 3.14789 -0.808242 3
      vertex 5.92265 -0.867156 3
    endloop
  endfacet
  facet normal 0 0 1
    outer loop
      vertex 5.75655 -0.447641 3
      vertex 3.14789 -0.808242 3
      vertex 5.8264 -0.662623 3
    endloop
  endfacet
  facet normal 0 0 1
    outer loop
      vertex 3.14789 -0.808242 3
      vertex 5.75655 -0.447641 3
      vertex 3.22437 -0.407332 3
    endloop
  endfacet
  facet normal 0 0 1
    outer loop
      vertex 5.71419 -0.225599 3
      vertex 3.22437 -0.407332 3
      vertex 5.75655 -0.447641 3
    endloop
  endfacet
  facet normal 0 0 1
    outer loop
      vertex 3.22437 -0.407332 3
      vertex 5.71419 -0.225599 3
      vertex 3.25 0 3
    endloop
  endfacet
  facet normal -0 0 1
    outer loop
      vertex 3.25 0 3
      vertex 5.71419 -0.225599 3
      vertex 5.7 0 3
    endloop
  endfacet
  facet normal 0 0 1
    outer loop
      vertex 6.04377 1.05801 3
      vertex 3.02177 1.1964 3
      vertex 5.92265 0.867156 3
    endloop
  endfacet
  facet normal 0 0 1
    outer loop
      vertex 3.02177 -1.1964 3
      vertex 5.92265 -0.867156 3
      vertex 3.14789 -0.808242 3
    endloop
  endfacet
  facet normal 0 -0 1
    outer loop
      vertex 3.14789 0.808242 3
      vertex 5.92265 0.867156 3
      vertex 3.02177 1.1964 3
    endloop
  endfacet
  facet normal 0 0 1
    outer loop
      vertex 7.38698 -1.79645 3
      vertex 4.66374 -10.4802 3
      vertex 6.07024 -11.1369 3
    endloop
  endfacet
  facet normal 0 0 1
    outer loop
      vertex 7.16271 -1.76812 3
      vertex 3.34717 -9.67747 3
      vertex 4.66374 -10.4802 3
    endloop
  endfacet
  facet normal 0 0 1
    outer loop
      vertex 5.71419 0.225599 3
      vertex 3.25 0 3
      vertex 5.7 0 3
    endloop
  endfacet
  facet normal 0 -0 1
    outer loop
      vertex 3.25 0 3
      vertex 5.71419 0.225599 3
      vertex 3.22437 0.407332 3
    endloop
  endfacet
  facet normal -0 -0 1
    outer loop
      vertex 2.6293 1.9103 3
      vertex 6.53551 1.51979 3
      vertex 2.36915 2.22478 3
    endloop
  endfacet
  facet normal 0 0 1
    outer loop
      vertex 5.75655 0.447641 3
      vertex 3.22437 0.407332 3
      vertex 5.71419 0.225599 3
    endloop
  endfacet
  facet normal 0 -0 1
    outer loop
      vertex 3.22437 0.407332 3
      vertex 5.75655 0.447641 3
      vertex 3.14789 0.808242 3
    endloop
  endfacet
  facet normal 0 0 1
    outer loop
      vertex 5.8264 0.662623 3
      vertex 3.14789 0.808242 3
      vertex 5.75655 0.447641 3
    endloop
  endfacet
  facet normal 0 0 1
    outer loop
      vertex 5.92265 0.867156 3
      vertex 3.14789 0.808242 3
      vertex 5.8264 0.662623 3
    endloop
  endfacet
  facet normal -0 -0 1
    outer loop
      vertex 2.848 1.5657 3
      vertex 6.18786 1.23218 3
      vertex 2.6293 1.9103 3
    endloop
  endfacet
  facet normal 0 0 1
    outer loop
      vertex 1.38378 2.94069 3
      vertex 3.05783 11.8407 3
      vertex 1.86359 11.5603 3
    endloop
  endfacet
  facet normal 0 0 1
    outer loop
      vertex 3.05783 11.8407 3
      vertex 1.74144 2.74407 3
      vertex 2.07163 2.50417 3
    endloop
  endfacet
  facet normal 0 0 1
    outer loop
      vertex 3.05783 11.8407 3
      vertex 1.38378 2.94069 3
      vertex 1.74144 2.74407 3
    endloop
  endfacet
  facet normal 0 0 1
    outer loop
      vertex 1.86359 11.5603 3
      vertex 1.0043 3.09093 3
      vertex 1.38378 2.94069 3
    endloop
  endfacet
  facet normal 0 0 1
    outer loop
      vertex 1.86359 11.5603 3
      vertex 0.608989 3.19243 3
      vertex 1.0043 3.09093 3
    endloop
  endfacet
  facet normal -0 0 1
    outer loop
      vertex 0.574677 11.4668 3
      vertex 0.608989 3.19243 3
      vertex 1.86359 11.5603 3
    endloop
  endfacet
  facet normal 0 0 1
    outer loop
      vertex 0.574677 11.4668 3
      vertex 0.204069 3.24359 3
      vertex 0.608989 3.19243 3
    endloop
  endfacet
  facet normal 0 0 1
    outer loop
      vertex 0.574677 11.4668 3
      vertex -0.204069 3.24359 3
      vertex 0.204069 3.24359 3
    endloop
  endfacet
  facet normal 0 0 1
    outer loop
      vertex -0.714767 11.5603 3
      vertex -0.204069 3.24359 3
      vertex 0.574677 11.4668 3
    endloop
  endfacet
  facet normal 0 0 1
    outer loop
      vertex -0.204069 3.24359 3
      vertex -0.714767 11.5603 3
      vertex -0.608989 3.19243 3
    endloop
  endfacet
  facet normal 0 0 1
    outer loop
      vertex -0.714767 11.5603 3
      vertex -1.0043 3.09093 3
      vertex -0.608989 3.19243 3
    endloop
  endfacet
  facet normal 0 0 1
    outer loop
      vertex -1.91037 11.8407 3
      vertex -1.0043 3.09093 3
      vertex -0.714767 11.5603 3
    endloop
  endfacet
  facet normal 0 0 1
    outer loop
      vertex -1.0043 3.09093 3
      vertex -1.91037 11.8407 3
      vertex -1.38378 2.94069 3
    endloop
  endfacet
  facet normal 0 0 1
    outer loop
      vertex -1.38378 2.94069 3
      vertex -1.91037 11.8407 3
      vertex -1.74144 2.74407 3
    endloop
  endfacet
  facet normal 0 0 1
    outer loop
      vertex -3.01208 12.3082 3
      vertex -1.74144 2.74407 3
      vertex -1.91037 11.8407 3
    endloop
  endfacet
  facet normal 0 0 1
    outer loop
      vertex -1.74144 2.74407 3
      vertex -3.01208 12.3082 3
      vertex -2.07163 2.50417 3
    endloop
  endfacet
  facet normal 0 0 1
    outer loop
      vertex -2.07163 2.50417 3
      vertex -3.01208 12.3082 3
      vertex -2.36915 2.22478 3
    endloop
  endfacet
  facet normal 0 0 1
    outer loop
      vertex -4.01993 12.9625 3
      vertex -2.36915 2.22478 3
      vertex -3.01208 12.3082 3
    endloop
  endfacet
  facet normal 0 0 1
    outer loop
      vertex -5.71419 0.225599 3
      vertex -2.36915 2.22478 3
      vertex -4.01993 12.9625 3
    endloop
  endfacet
  facet normal 0 0 1
    outer loop
      vertex -5.71419 0.225599 3
      vertex -2.6293 1.9103 3
      vertex -2.36915 2.22478 3
    endloop
  endfacet
  facet normal 0 0 1
    outer loop
      vertex -7.83729 1.76812 3
      vertex -4.01993 12.9625 3
      vertex -4.93388 13.8038 3
    endloop
  endfacet
  facet normal 0 0 1
    outer loop
      vertex -5.71419 0.225599 3
      vertex -2.848 1.5657 3
      vertex -2.6293 1.9103 3
    endloop
  endfacet
  facet normal 0 0 1
    outer loop
      vertex -5.71419 0.225599 3
      vertex -3.02177 1.1964 3
      vertex -2.848 1.5657 3
    endloop
  endfacet
  facet normal 0 0 1
    outer loop
      vertex -5.71419 0.225599 3
      vertex -3.14789 0.808242 3
      vertex -3.02177 1.1964 3
    endloop
  endfacet
  facet normal 0 0 1
    outer loop
      vertex 33.0218 1.1964 3
      vertex 37 2 3
      vertex 36.9606 2.62667 3
    endloop
  endfacet
  facet normal 0 0 1
    outer loop
      vertex 37 2 3
      vertex 33.25 0 3
      vertex 37 -2 3
    endloop
  endfacet
  facet normal 0 0 1
    outer loop
      vertex 32.848 1.5657 3
      vertex 36.9606 2.62667 3
      vertex 36.8429 3.24345 3
    endloop
  endfacet
  facet normal -0 0 1
    outer loop
      vertex 33.2244 -0.407332 3
      vertex 37 -2 3
      vertex 33.25 0 3
    endloop
  endfacet
  facet normal 0 0 1
    outer loop
      vertex 32.848 1.5657 3
      vertex 36.8429 3.24345 3
      vertex 36.6489 3.84062 3
    endloop
  endfacet
  facet normal -0 0 1
    outer loop
      vertex 33.1479 -0.808242 3
      vertex 37 -2 3
      vertex 33.2244 -0.407332 3
    endloop
  endfacet
  facet normal 0 0 1
    outer loop
      vertex 32.6293 1.9103 3
      vertex 36.6489 3.84062 3
      vertex 36.3815 4.40877 3
    endloop
  endfacet
  facet normal -0 0 1
    outer loop
      vertex 33.0218 -1.1964 3
      vertex 37 -2 3
      vertex 33.1479 -0.808242 3
    endloop
  endfacet
  facet normal 0 0 1
    outer loop
      vertex 32.6293 1.9103 3
      vertex 36.3815 4.40877 3
      vertex 36.0451 4.93893 3
    endloop
  endfacet
  facet normal 0 0 1
    outer loop
      vertex 37 -2 3
      vertex 33.0218 -1.1964 3
      vertex 36.9606 -2.62667 3
    endloop
  endfacet
  facet normal 0 0 1
    outer loop
      vertex 32.3691 2.22478 3
      vertex 36.0451 4.93893 3
      vertex 35.6448 5.42274 3
    endloop
  endfacet
  facet normal -0 0 1
    outer loop
      vertex 32.848 -1.5657 3
      vertex 36.9606 -2.62667 3
      vertex 33.0218 -1.1964 3
    endloop
  endfacet
  facet normal 0 0 1
    outer loop
      vertex 32.3691 2.22478 3
      vertex 35.6448 5.42274 3
      vertex 35.1871 5.85257 3
    endloop
  endfacet
  facet normal 0 0 1
    outer loop
      vertex 36.9606 -2.62667 3
      vertex 32.848 -1.5657 3
      vertex 36.8429 -3.24345 3
    endloop
  endfacet
  facet normal 0 0 1
    outer loop
      vertex 32.0716 2.50417 3
      vertex 35.1871 5.85257 3
      vertex 34.6791 6.22164 3
    endloop
  endfacet
  facet normal 0 0 1
    outer loop
      vertex 36.8429 -3.24345 3
      vertex 32.848 -1.5657 3
      vertex 36.6489 -3.84062 3
    endloop
  endfacet
  facet normal 0 0 1
    outer loop
      vertex 32.0716 2.50417 3
      vertex 34.6791 6.22164 3
      vertex 34.1289 6.52413 3
    endloop
  endfacet
  facet normal -0 0 1
    outer loop
      vertex 32.6293 -1.9103 3
      vertex 36.6489 -3.84062 3
      vertex 32.848 -1.5657 3
    endloop
  endfacet
  facet normal 0 0 1
    outer loop
      vertex 31.7414 2.74407 3
      vertex 34.1289 6.52413 3
      vertex 33.5451 6.75528 3
    endloop
  endfacet
  facet normal 0 0 1
    outer loop
      vertex 36.6489 -3.84062 3
      vertex 32.6293 -1.9103 3
      vertex 36.3815 -4.40877 3
    endloop
  endfacet
  facet normal 0 0 1
    outer loop
      vertex 36.3815 -4.40877 3
      vertex 32.6293 -1.9103 3
      vertex 36.0451 -4.93893 3
    endloop
  endfacet
  facet normal 0 0 1
    outer loop
      vertex 37 2 3
      vertex 33.2244 0.407332 3
      vertex 33.25 0 3
    endloop
  endfacet
  facet normal 0 0 1
    outer loop
      vertex 37 2 3
      vertex 33.1479 0.808242 3
      vertex 33.2244 0.407332 3
    endloop
  endfacet
  facet normal 0 0 1
    outer loop
      vertex 37 2 3
      vertex 33.0218 1.1964 3
      vertex 33.1479 0.808242 3
    endloop
  endfacet
  facet normal 0 0 1
    outer loop
      vertex 31.7414 2.74407 3
      vertex 33.5451 6.75528 3
      vertex 32.9369 6.91144 3
    endloop
  endfacet
  facet normal 0 0 1
    outer loop
      vertex 36.9606 2.62667 3
      vertex 32.848 1.5657 3
      vertex 33.0218 1.1964 3
    endloop
  endfacet
  facet normal 0 0 1
    outer loop
      vertex 36.6489 3.84062 3
      vertex 32.6293 1.9103 3
      vertex 32.848 1.5657 3
    endloop
  endfacet
  facet normal 0 0 1
    outer loop
      vertex 36.0451 4.93893 3
      vertex 32.3691 2.22478 3
      vertex 32.6293 1.9103 3
    endloop
  endfacet
  facet normal 0 0 1
    outer loop
      vertex 31.3838 2.94069 3
      vertex 32.9369 6.91144 3
      vertex 32.314 6.99013 3
    endloop
  endfacet
  facet normal 0 0 1
    outer loop
      vertex 35.1871 5.85257 3
      vertex 32.0716 2.50417 3
      vertex 32.3691 2.22478 3
    endloop
  endfacet
  facet normal 0 0 1
    outer loop
      vertex 34.1289 6.52413 3
      vertex 31.7414 2.74407 3
      vertex 32.0716 2.50417 3
    endloop
  endfacet
  facet normal 0 0 1
    outer loop
      vertex 32.9369 6.91144 3
      vertex 31.3838 2.94069 3
      vertex 31.7414 2.74407 3
    endloop
  endfacet
  facet normal 0 0 1
    outer loop
      vertex 32.314 6.99013 3
      vertex 31.0043 3.09093 3
      vertex 31.3838 2.94069 3
    endloop
  endfacet
  facet normal 0 0 1
    outer loop
      vertex 32.314 6.99013 3
      vertex 30.609 3.19243 3
      vertex 31.0043 3.09093 3
    endloop
  endfacet
  facet normal 0 0 1
    outer loop
      vertex 32.314 6.99013 3
      vertex 30.2041 3.24359 3
      vertex 30.609 3.19243 3
    endloop
  endfacet
  facet normal 0 0 1
    outer loop
      vertex 32.314 6.99013 3
      vertex 29.7959 3.24359 3
      vertex 30.2041 3.24359 3
    endloop
  endfacet
  facet normal 0 0 1
    outer loop
      vertex 32.314 6.99013 3
      vertex 29.391 3.19243 3
      vertex 29.7959 3.24359 3
    endloop
  endfacet
  facet normal 0 0 1
    outer loop
      vertex 32.314 6.99013 3
      vertex 28.9957 3.09093 3
      vertex 29.391 3.19243 3
    endloop
  endfacet
  facet normal 0 0 1
    outer loop
      vertex 32.314 6.99013 3
      vertex 28.6162 2.94069 3
      vertex 28.9957 3.09093 3
    endloop
  endfacet
  facet normal 0 0 1
    outer loop
      vertex 32.314 6.99013 3
      vertex 28.2586 2.74407 3
      vertex 28.6162 2.94069 3
    endloop
  endfacet
  facet normal 0 0 1
    outer loop
      vertex 22.8373 1.76812 3
      vertex 28.2586 2.74407 3
      vertex 32.314 6.99013 3
    endloop
  endfacet
  facet normal 0 -0 1
    outer loop
      vertex 23.0562 1.7119 3
      vertex 28.2586 2.74407 3
      vertex 22.8373 1.76812 3
    endloop
  endfacet
  facet normal -0 0 1
    outer loop
      vertex 24.2858 0.225599 3
      vertex 26.75 0 3
      vertex 26.7756 0.407332 3
    endloop
  endfacet
  facet normal -0 0 1
    outer loop
      vertex 24.2435 0.447641 3
      vertex 26.7756 0.407332 3
      vertex 26.8521 0.808242 3
    endloop
  endfacet
  facet normal -0 0 1
    outer loop
      vertex 24.0774 0.867156 3
      vertex 26.8521 0.808242 3
      vertex 26.9782 1.1964 3
    endloop
  endfacet
  facet normal 0 0 1
    outer loop
      vertex 23.9562 1.05801 3
      vertex 26.9782 1.1964 3
      vertex 27.152 1.5657 3
    endloop
  endfacet
  facet normal 0 0 1
    outer loop
      vertex 23.8121 1.23218 3
      vertex 27.152 1.5657 3
      vertex 27.3707 1.9103 3
    endloop
  endfacet
  facet normal 0 0 1
    outer loop
      vertex 23.4645 1.51979 3
      vertex 27.3707 1.9103 3
      vertex 27.6309 2.22478 3
    endloop
  endfacet
  facet normal 0 0 1
    outer loop
      vertex 28.2586 2.74407 3
      vertex 23.0562 1.7119 3
      vertex 27.9284 2.50417 3
    endloop
  endfacet
  facet normal 0 0 1
    outer loop
      vertex 26.75 0 3
      vertex 24.2858 0.225599 3
      vertex 24.3 0 3
    endloop
  endfacet
  facet normal 0 0 1
    outer loop
      vertex 26.7756 0.407332 3
      vertex 24.2435 0.447641 3
      vertex 24.2858 0.225599 3
    endloop
  endfacet
  facet normal 0 0 1
    outer loop
      vertex 26.8521 0.808242 3
      vertex 24.1736 0.662623 3
      vertex 24.2435 0.447641 3
    endloop
  endfacet
  facet normal 0 0 1
    outer loop
      vertex 26.8521 0.808242 3
      vertex 24.0774 0.867156 3
      vertex 24.1736 0.662623 3
    endloop
  endfacet
  facet normal 0 0 1
    outer loop
      vertex 26.9782 1.1964 3
      vertex 23.9562 1.05801 3
      vertex 24.0774 0.867156 3
    endloop
  endfacet
  facet normal 0 0 1
    outer loop
      vertex 27.152 1.5657 3
      vertex 23.8121 1.23218 3
      vertex 23.9562 1.05801 3
    endloop
  endfacet
  facet normal 0 0 1
    outer loop
      vertex 27.3707 1.9103 3
      vertex 23.6474 1.38692 3
      vertex 23.8121 1.23218 3
    endloop
  endfacet
  facet normal 0 0 1
    outer loop
      vertex 27.3707 1.9103 3
      vertex 23.4645 1.51979 3
      vertex 23.6474 1.38692 3
    endloop
  endfacet
  facet normal 0 0 1
    outer loop
      vertex 27.6309 2.22478 3
      vertex 23.2664 1.62869 3
      vertex 23.4645 1.51979 3
    endloop
  endfacet
  facet normal 0 0 1
    outer loop
      vertex 27.9284 2.50417 3
      vertex 23.2664 1.62869 3
      vertex 27.6309 2.22478 3
    endloop
  endfacet
  facet normal 0 -0 1
    outer loop
      vertex 23.2664 1.62869 3
      vertex 27.9284 2.50417 3
      vertex 23.0562 1.7119 3
    endloop
  endfacet
  facet normal 0 0 1
    outer loop
      vertex 32.314 6.99013 3
      vertex 22.613 1.79645 3
      vertex 22.8373 1.76812 3
    endloop
  endfacet
  facet normal -0 0 1
    outer loop
      vertex 13.9217 6.99013 3
      vertex 22.613 1.79645 3
      vertex 32.314 6.99013 3
    endloop
  endfacet
  facet normal 0 0 1
    outer loop
      vertex 22.613 1.79645 3
      vertex 13.9217 6.99013 3
      vertex 22.387 1.79645 3
    endloop
  endfacet
  facet normal 0 0 1
    outer loop
      vertex 22.387 1.79645 3
      vertex 13.9217 6.99013 3
      vertex 22.1627 1.76812 3
    endloop
  endfacet
  facet normal -0 -0 1
    outer loop
      vertex 16.7414 2.74407 3
      vertex 22.1627 1.76812 3
      vertex 13.9217 6.99013 3
    endloop
  endfacet
  facet normal 0 0 1
    outer loop
      vertex 21.9497 -6.99013 3
      vertex 19.1983 -11.7525 3
      vertex 20.5661 -11.5096 3
    endloop
  endfacet
  facet normal 0 0 1
    outer loop
      vertex 18.25 0 3
      vertex 20.7 0 3
      vertex 20.7142 0.225599 3
    endloop
  endfacet
  facet normal 0 0 1
    outer loop
      vertex 20.7142 -0.225599 3
      vertex 18.25 0 3
      vertex 18.2244 -0.407332 3
    endloop
  endfacet
  facet normal -0 0 1
    outer loop
      vertex 18.2244 0.407332 3
      vertex 20.7142 0.225599 3
      vertex 20.7565 0.447641 3
    endloop
  endfacet
  facet normal 0 0 1
    outer loop
      vertex 18.1479 0.808242 3
      vertex 20.7565 0.447641 3
      vertex 20.8264 0.662623 3
    endloop
  endfacet
  facet normal -0 0 1
    outer loop
      vertex 18.1479 0.808242 3
      vertex 20.8264 0.662623 3
      vertex 20.9226 0.867156 3
    endloop
  endfacet
  facet normal 0 0 1
    outer loop
      vertex 18.0218 1.1964 3
      vertex 20.9226 0.867156 3
      vertex 21.0438 1.05801 3
    endloop
  endfacet
  facet normal 0 0 1
    outer loop
      vertex 17.848 1.5657 3
      vertex 21.0438 1.05801 3
      vertex 21.1879 1.23218 3
    endloop
  endfacet
  facet normal 0 0 1
    outer loop
      vertex 17.6293 1.9103 3
      vertex 21.1879 1.23218 3
      vertex 21.3526 1.38692 3
    endloop
  endfacet
  facet normal 0 0 1
    outer loop
      vertex 17.6293 1.9103 3
      vertex 21.3526 1.38692 3
      vertex 21.5355 1.51979 3
    endloop
  endfacet
  facet normal 0 0 1
    outer loop
      vertex 17.3691 2.22478 3
      vertex 21.5355 1.51979 3
      vertex 21.7336 1.62869 3
    endloop
  endfacet
  facet normal 0 0 1
    outer loop
      vertex 22.1627 1.76812 3
      vertex 16.7414 2.74407 3
      vertex 21.9438 1.7119 3
    endloop
  endfacet
  facet normal 0 0 1
    outer loop
      vertex 20.7142 0.225599 3
      vertex 18.2244 0.407332 3
      vertex 18.25 0 3
    endloop
  endfacet
  facet normal 0 0 1
    outer loop
      vertex 20.7565 0.447641 3
      vertex 18.1479 0.808242 3
      vertex 18.2244 0.407332 3
    endloop
  endfacet
  facet normal 0 0 1
    outer loop
      vertex 20.9226 0.867156 3
      vertex 18.0218 1.1964 3
      vertex 18.1479 0.808242 3
    endloop
  endfacet
  facet normal 0 0 1
    outer loop
      vertex 21.0438 1.05801 3
      vertex 17.848 1.5657 3
      vertex 18.0218 1.1964 3
    endloop
  endfacet
  facet normal 0 0 1
    outer loop
      vertex 21.1879 1.23218 3
      vertex 17.6293 1.9103 3
      vertex 17.848 1.5657 3
    endloop
  endfacet
  facet normal 0 0 1
    outer loop
      vertex 21.5355 1.51979 3
      vertex 17.3691 2.22478 3
      vertex 17.6293 1.9103 3
    endloop
  endfacet
  facet normal 0 0 1
    outer loop
      vertex 21.7336 1.62869 3
      vertex 17.0716 2.50417 3
      vertex 17.3691 2.22478 3
    endloop
  endfacet
  facet normal -0 -0 1
    outer loop
      vertex 17.0716 2.50417 3
      vertex 21.9438 1.7119 3
      vertex 16.7414 2.74407 3
    endloop
  endfacet
  facet normal 0 0 1
    outer loop
      vertex 21.9438 1.7119 3
      vertex 17.0716 2.50417 3
      vertex 21.7336 1.62869 3
    endloop
  endfacet
  facet normal 0 0 1
    outer loop
      vertex 16.7414 2.74407 3
      vertex 13.9217 6.99013 3
      vertex 16.3838 2.94069 3
    endloop
  endfacet
  facet normal 0 0 1
    outer loop
      vertex 16.3838 2.94069 3
      vertex 13.9217 6.99013 3
      vertex 16.0043 3.09093 3
    endloop
  endfacet
  facet normal 0 0 1
    outer loop
      vertex 16.0043 3.09093 3
      vertex 13.9217 6.99013 3
      vertex 15.609 3.19243 3
    endloop
  endfacet
  facet normal 0 0 1
    outer loop
      vertex 15.609 3.19243 3
      vertex 13.9217 6.99013 3
      vertex 15.2041 3.24359 3
    endloop
  endfacet
  facet normal 0 0 1
    outer loop
      vertex 15.2041 3.24359 3
      vertex 13.9217 6.99013 3
      vertex 14.7959 3.24359 3
    endloop
  endfacet
  facet normal 0 0 1
    outer loop
      vertex 14.7959 3.24359 3
      vertex 13.9217 6.99013 3
      vertex 14.391 3.19243 3
    endloop
  endfacet
  facet normal 0 0 1
    outer loop
      vertex 13.9217 6.99013 3
      vertex 13.9957 3.09093 3
      vertex 14.391 3.19243 3
    endloop
  endfacet
  facet normal 0 0 1
    outer loop
      vertex 13.9957 3.09093 3
      vertex 13.9217 6.99013 3
      vertex 13.6162 2.94069 3
    endloop
  endfacet
  facet normal -0 0 1
    outer loop
      vertex 32.3691 -2.22478 3
      vertex 36.0451 -4.93893 3
      vertex 32.6293 -1.9103 3
    endloop
  endfacet
  facet normal 0 0 1
    outer loop
      vertex 36.0451 -4.93893 3
      vertex 32.3691 -2.22478 3
      vertex 35.6448 -5.42274 3
    endloop
  endfacet
  facet normal 0 0 1
    outer loop
      vertex 35.6448 -5.42274 3
      vertex 32.3691 -2.22478 3
      vertex 35.1871 -5.85257 3
    endloop
  endfacet
  facet normal -0 0 1
    outer loop
      vertex 32.0716 -2.50417 3
      vertex 35.1871 -5.85257 3
      vertex 32.3691 -2.22478 3
    endloop
  endfacet
  facet normal 0 0 1
    outer loop
      vertex 35.1871 -5.85257 3
      vertex 32.0716 -2.50417 3
      vertex 34.6791 -6.22164 3
    endloop
  endfacet
  facet normal 0 0 1
    outer loop
      vertex 34.6791 -6.22164 3
      vertex 32.0716 -2.50417 3
      vertex 34.1289 -6.52413 3
    endloop
  endfacet
  facet normal -0 0 1
    outer loop
      vertex 31.7414 -2.74407 3
      vertex 34.1289 -6.52413 3
      vertex 32.0716 -2.50417 3
    endloop
  endfacet
  facet normal 0 0 1
    outer loop
      vertex 34.1289 -6.52413 3
      vertex 31.7414 -2.74407 3
      vertex 33.5451 -6.75528 3
    endloop
  endfacet
  facet normal 0 0 1
    outer loop
      vertex 33.5451 -6.75528 3
      vertex 31.7414 -2.74407 3
      vertex 32.9369 -6.91144 3
    endloop
  endfacet
  facet normal -0 0 1
    outer loop
      vertex 31.3838 -2.94069 3
      vertex 32.9369 -6.91144 3
      vertex 31.7414 -2.74407 3
    endloop
  endfacet
  facet normal 0 0 1
    outer loop
      vertex 32.9369 -6.91144 3
      vertex 31.3838 -2.94069 3
      vertex 32.314 -6.99013 3
    endloop
  endfacet
  facet normal -0 0 1
    outer loop
      vertex 31.0043 -3.09093 3
      vertex 32.314 -6.99013 3
      vertex 31.3838 -2.94069 3
    endloop
  endfacet
  facet normal -0 0 1
    outer loop
      vertex 30.609 -3.19243 3
      vertex 32.314 -6.99013 3
      vertex 31.0043 -3.09093 3
    endloop
  endfacet
  facet normal -0 0 1
    outer loop
      vertex 30.2041 -3.24359 3
      vertex 32.314 -6.99013 3
      vertex 30.609 -3.19243 3
    endloop
  endfacet
  facet normal -0 0 1
    outer loop
      vertex 29.7959 -3.24359 3
      vertex 32.314 -6.99013 3
      vertex 30.2041 -3.24359 3
    endloop
  endfacet
  facet normal 0 0 1
    outer loop
      vertex 29.391 -3.19243 3
      vertex 32.314 -6.99013 3
      vertex 29.7959 -3.24359 3
    endloop
  endfacet
  facet normal 0 0 1
    outer loop
      vertex 28.9957 -3.09093 3
      vertex 32.314 -6.99013 3
      vertex 29.391 -3.19243 3
    endloop
  endfacet
  facet normal 0 0 1
    outer loop
      vertex 21.9497 -6.99013 3
      vertex 28.9957 -3.09093 3
      vertex 28.6162 -2.94069 3
    endloop
  endfacet
  facet normal 0 0 1
    outer loop
      vertex 21.9497 -6.99013 3
      vertex 28.6162 -2.94069 3
      vertex 28.2586 -2.74407 3
    endloop
  endfacet
  facet normal 0 0 1
    outer loop
      vertex 21.9497 -6.99013 3
      vertex 28.2586 -2.74407 3
      vertex 27.9284 -2.50417 3
    endloop
  endfacet
  facet normal 0 0 1
    outer loop
      vertex 21.9497 -6.99013 3
      vertex 27.9284 -2.50417 3
      vertex 27.6309 -2.22478 3
    endloop
  endfacet
  facet normal 0 0 1
    outer loop
      vertex 24.2858 -0.225599 3
      vertex 26.75 0 3
      vertex 24.3 0 3
    endloop
  endfacet
  facet normal 0 0 1
    outer loop
      vertex 26.75 0 3
      vertex 24.2858 -0.225599 3
      vertex 26.7756 -0.407332 3
    endloop
  endfacet
  facet normal 0 0 1
    outer loop
      vertex 24.2435 -0.447641 3
      vertex 26.7756 -0.407332 3
      vertex 24.2858 -0.225599 3
    endloop
  endfacet
  facet normal 0 0 1
    outer loop
      vertex 26.7756 -0.407332 3
      vertex 24.2435 -0.447641 3
      vertex 26.8521 -0.808242 3
    endloop
  endfacet
  facet normal -0 0 1
    outer loop
      vertex 24.1736 -0.662623 3
      vertex 26.8521 -0.808242 3
      vertex 24.2435 -0.447641 3
    endloop
  endfacet
  facet normal 0 0 1
    outer loop
      vertex 24.0774 -0.867156 3
      vertex 26.8521 -0.808242 3
      vertex 24.1736 -0.662623 3
    endloop
  endfacet
  facet normal 0 0 1
    outer loop
      vertex 26.8521 -0.808242 3
      vertex 24.0774 -0.867156 3
      vertex 26.9782 -1.1964 3
    endloop
  endfacet
  facet normal -0 0 1
    outer loop
      vertex 23.9562 -1.05801 3
      vertex 26.9782 -1.1964 3
      vertex 24.0774 -0.867156 3
    endloop
  endfacet
  facet normal 0 0 1
    outer loop
      vertex 26.9782 -1.1964 3
      vertex 23.9562 -1.05801 3
      vertex 27.152 -1.5657 3
    endloop
  endfacet
  facet normal -0 0 1
    outer loop
      vertex 23.8121 -1.23218 3
      vertex 27.152 -1.5657 3
      vertex 23.9562 -1.05801 3
    endloop
  endfacet
  facet normal 0 0 1
    outer loop
      vertex 27.152 -1.5657 3
      vertex 23.8121 -1.23218 3
      vertex 27.3707 -1.9103 3
    endloop
  endfacet
  facet normal -0 0 1
    outer loop
      vertex 23.6474 -1.38692 3
      vertex 27.3707 -1.9103 3
      vertex 23.8121 -1.23218 3
    endloop
  endfacet
  facet normal -0 0 1
    outer loop
      vertex 23.4645 -1.51979 3
      vertex 27.3707 -1.9103 3
      vertex 23.6474 -1.38692 3
    endloop
  endfacet
  facet normal 0 0 1
    outer loop
      vertex 27.3707 -1.9103 3
      vertex 23.4645 -1.51979 3
      vertex 27.6309 -2.22478 3
    endloop
  endfacet
  facet normal -0 0 1
    outer loop
      vertex 23.2664 -1.62869 3
      vertex 27.6309 -2.22478 3
      vertex 23.4645 -1.51979 3
    endloop
  endfacet
  facet normal 0 0 1
    outer loop
      vertex 27.6309 -2.22478 3
      vertex 23.2664 -1.62869 3
      vertex 21.9497 -6.99013 3
    endloop
  endfacet
  facet normal 0 0 1
    outer loop
      vertex 21.9497 -6.99013 3
      vertex 23.2664 -1.62869 3
      vertex 23.0562 -1.7119 3
    endloop
  endfacet
  facet normal 0 0 1
    outer loop
      vertex 21.9497 -6.99013 3
      vertex 23.0562 -1.7119 3
      vertex 22.8373 -1.76812 3
    endloop
  endfacet
  facet normal 0 0 1
    outer loop
      vertex 21.9497 -6.99013 3
      vertex 22.8373 -1.76812 3
      vertex 22.613 -1.79645 3
    endloop
  endfacet
  facet normal 0 0 1
    outer loop
      vertex 21.9497 -6.99013 3
      vertex 22.613 -1.79645 3
      vertex 22.387 -1.79645 3
    endloop
  endfacet
  facet normal 0 0 1
    outer loop
      vertex 21.9497 -6.99013 3
      vertex 22.387 -1.79645 3
      vertex 22.1627 -1.76812 3
    endloop
  endfacet
  facet normal 0 0 1
    outer loop
      vertex 28.9957 -3.09093 3
      vertex 21.9497 -6.99013 3
      vertex 32.314 -6.99013 3
    endloop
  endfacet
  facet normal 0 0 1
    outer loop
      vertex 21.9438 -1.7119 3
      vertex 21.9497 -6.99013 3
      vertex 22.1627 -1.76812 3
    endloop
  endfacet
  facet normal 0 0 1
    outer loop
      vertex 21.7336 -1.62869 3
      vertex 21.9497 -6.99013 3
      vertex 21.9438 -1.7119 3
    endloop
  endfacet
  facet normal 0 0 1
    outer loop
      vertex 21.5355 -1.51979 3
      vertex 21.9497 -6.99013 3
      vertex 21.7336 -1.62869 3
    endloop
  endfacet
  facet normal 0 0 1
    outer loop
      vertex 21.3526 -1.38692 3
      vertex 21.9497 -6.99013 3
      vertex 21.5355 -1.51979 3
    endloop
  endfacet
  facet normal 0 0 1
    outer loop
      vertex 21.1879 -1.23218 3
      vertex 21.9497 -6.99013 3
      vertex 21.3526 -1.38692 3
    endloop
  endfacet
  facet normal 0 0 1
    outer loop
      vertex 21.0438 -1.05801 3
      vertex 21.9497 -6.99013 3
      vertex 21.1879 -1.23218 3
    endloop
  endfacet
  facet normal 0 0 1
    outer loop
      vertex 20.9226 -0.867156 3
      vertex 21.9497 -6.99013 3
      vertex 21.0438 -1.05801 3
    endloop
  endfacet
  facet normal 0 0 1
    outer loop
      vertex 19.1983 -11.7525 3
      vertex 21.9497 -6.99013 3
      vertex 20.9226 -0.867156 3
    endloop
  endfacet
  facet normal 0 0 1
    outer loop
      vertex 19.1983 -11.7525 3
      vertex 20.9226 -0.867156 3
      vertex 20.8264 -0.662623 3
    endloop
  endfacet
  facet normal 0 0 1
    outer loop
      vertex 19.1983 -11.7525 3
      vertex 20.8264 -0.662623 3
      vertex 20.7565 -0.447641 3
    endloop
  endfacet
  facet normal 0 0 1
    outer loop
      vertex 19.1983 -11.7525 3
      vertex 20.7565 -0.447641 3
      vertex 20.7142 -0.225599 3
    endloop
  endfacet
  facet normal 0 0 1
    outer loop
      vertex 21.9497 -6.99013 3
      vertex 20.5661 -11.5096 3
      vertex 21.9497 -11.2226 3
    endloop
  endfacet
  facet normal -0 0 1
    outer loop
      vertex 18.25 0 3
      vertex 20.7142 -0.225599 3
      vertex 20.7 0 3
    endloop
  endfacet
  facet normal 0 0 1
    outer loop
      vertex 20.7142 -0.225599 3
      vertex 18.2244 -0.407332 3
      vertex 18.1479 -0.808242 3
    endloop
  endfacet
  facet normal 0 0 1
    outer loop
      vertex 20.7142 -0.225599 3
      vertex 18.1479 -0.808242 3
      vertex 18.0218 -1.1964 3
    endloop
  endfacet
  facet normal 0 0 1
    outer loop
      vertex 20.7142 -0.225599 3
      vertex 18.0218 -1.1964 3
      vertex 17.848 -1.5657 3
    endloop
  endfacet
  facet normal 0 0 1
    outer loop
      vertex 20.7142 -0.225599 3
      vertex 17.848 -1.5657 3
      vertex 17.6293 -1.9103 3
    endloop
  endfacet
  facet normal 0 0 1
    outer loop
      vertex 17.3691 -2.22478 3
      vertex 20.7142 -0.225599 3
      vertex 17.6293 -1.9103 3
    endloop
  endfacet
  facet normal 0 0 1
    outer loop
      vertex 20.7142 -0.225599 3
      vertex 17.3691 -2.22478 3
      vertex 19.1983 -11.7525 3
    endloop
  endfacet
  facet normal -0 0 1
    outer loop
      vertex 17.0716 -2.50417 3
      vertex 19.1983 -11.7525 3
      vertex 17.3691 -2.22478 3
    endloop
  endfacet
  facet normal -0 0 1
    outer loop
      vertex 16.7414 -2.74407 3
      vertex 19.1983 -11.7525 3
      vertex 17.0716 -2.50417 3
    endloop
  endfacet
  facet normal -0 0 1
    outer loop
      vertex 16.3838 -2.94069 3
      vertex 19.1983 -11.7525 3
      vertex 16.7414 -2.74407 3
    endloop
  endfacet
  facet normal 0 0 1
    outer loop
      vertex 19.1983 -11.7525 3
      vertex 16.3838 -2.94069 3
      vertex 17.8462 -11.9512 3
    endloop
  endfacet
  facet normal -0 0 1
    outer loop
      vertex 16.0043 -3.09093 3
      vertex 17.8462 -11.9512 3
      vertex 16.3838 -2.94069 3
    endloop
  endfacet
  facet normal -0 0 1
    outer loop
      vertex 15.609 -3.19243 3
      vertex 17.8462 -11.9512 3
      vertex 16.0043 -3.09093 3
    endloop
  endfacet
  facet normal 0 0 1
    outer loop
      vertex 17.8462 -11.9512 3
      vertex 15.609 -3.19243 3
      vertex 16.5099 -12.1057 3
    endloop
  endfacet
  facet normal -0 0 1
    outer loop
      vertex 15.2041 -3.24359 3
      vertex 16.5099 -12.1057 3
      vertex 15.609 -3.19243 3
    endloop
  endfacet
  facet normal 0 0 1
    outer loop
      vertex 15.2041 -3.24359 3
      vertex 15.1893 -12.2161 3
      vertex 16.5099 -12.1057 3
    endloop
  endfacet
  facet normal -0 0 1
    outer loop
      vertex 14.7959 -3.24359 3
      vertex 15.1893 -12.2161 3
      vertex 15.2041 -3.24359 3
    endloop
  endfacet
  facet normal 0 0 1
    outer loop
      vertex 13.8845 -12.2824 3
      vertex 14.7959 -3.24359 3
      vertex 14.391 -3.19243 3
    endloop
  endfacet
  facet normal 0 0 1
    outer loop
      vertex 12.5954 -12.3045 3
      vertex 14.391 -3.19243 3
      vertex 13.9957 -3.09093 3
    endloop
  endfacet
  facet normal 0 0 1
    outer loop
      vertex 14.7959 -3.24359 3
      vertex 13.8845 -12.2824 3
      vertex 15.1893 -12.2161 3
    endloop
  endfacet
  facet normal 0 0 1
    outer loop
      vertex 12.5954 -12.3045 3
      vertex 13.9957 -3.09093 3
      vertex 13.6162 -2.94069 3
    endloop
  endfacet
  facet normal 0 0 1
    outer loop
      vertex 10.8292 -12.2315 3
      vertex 13.6162 -2.94069 3
      vertex 13.2586 -2.74407 3
    endloop
  endfacet
  facet normal 0 0 1
    outer loop
      vertex 10.8292 -12.2315 3
      vertex 13.2586 -2.74407 3
      vertex 12.9284 -2.50417 3
    endloop
  endfacet
  facet normal 0 0 1
    outer loop
      vertex 10.8292 -12.2315 3
      vertex 12.9284 -2.50417 3
      vertex 12.6309 -2.22478 3
    endloop
  endfacet
  facet normal 0 0 1
    outer loop
      vertex 14.391 -3.19243 3
      vertex 12.5954 -12.3045 3
      vertex 13.8845 -12.2824 3
    endloop
  endfacet
  facet normal 0 0 1
    outer loop
      vertex 10.8292 -12.2315 3
      vertex 12.6309 -2.22478 3
      vertex 12.3707 -1.9103 3
    endloop
  endfacet
  facet normal 0 0 1
    outer loop
      vertex 10.8292 -12.2315 3
      vertex 12.3707 -1.9103 3
      vertex 12.152 -1.5657 3
    endloop
  endfacet
  facet normal 0 0 1
    outer loop
      vertex 10.8292 -12.2315 3
      vertex 12.152 -1.5657 3
      vertex 11.9782 -1.1964 3
    endloop
  endfacet
  facet normal 0 0 1
    outer loop
      vertex 10.8292 -12.2315 3
      vertex 11.9782 -1.1964 3
      vertex 11.8521 -0.808242 3
    endloop
  endfacet
  facet normal 0 0 1
    outer loop
      vertex 10.8292 -12.2315 3
      vertex 11.8521 -0.808242 3
      vertex 11.7756 -0.407332 3
    endloop
  endfacet
  facet normal 0 0 1
    outer loop
      vertex 13.6162 -2.94069 3
      vertex 10.8292 -12.2315 3
      vertex 12.5954 -12.3045 3
    endloop
  endfacet
  facet normal 0 0 1
    outer loop
      vertex 10.8292 -12.2315 3
      vertex 11.7756 -0.407332 3
      vertex 11.75 0 3
    endloop
  endfacet
  facet normal 0 -1 0
    outer loop
      vertex -32.314 -6.99013 0
      vertex 0.451484 -6.99013 3
      vertex -32.314 -6.99013 3
    endloop
  endfacet
  facet normal 0 -1 -0
    outer loop
      vertex 0.451484 -6.99013 3
      vertex -32.314 -6.99013 0
      vertex 0.451484 -6.99013 0
    endloop
  endfacet
  facet normal 0 -1 0
    outer loop
      vertex 21.9497 -6.99013 0
      vertex 32.314 -6.99013 3
      vertex 21.9497 -6.99013 3
    endloop
  endfacet
  facet normal 0 -1 -0
    outer loop
      vertex 32.314 -6.99013 3
      vertex 21.9497 -6.99013 0
      vertex 32.314 -6.99013 0
    endloop
  endfacet
  facet normal 0 1 -0
    outer loop
      vertex -12.7469 6.99013 0
      vertex -32.314 6.99013 3
      vertex -12.7469 6.99013 3
    endloop
  endfacet
  facet normal 0 1 0
    outer loop
      vertex -32.314 6.99013 3
      vertex -12.7469 6.99013 0
      vertex -32.314 6.99013 0
    endloop
  endfacet
  facet normal 0 1 -0
    outer loop
      vertex 32.314 6.99013 0
      vertex 13.9217 6.99013 3
      vertex 32.314 6.99013 3
    endloop
  endfacet
  facet normal 0 1 0
    outer loop
      vertex 13.9217 6.99013 3
      vertex 32.314 6.99013 0
      vertex 13.9217 6.99013 0
    endloop
  endfacet
  facet normal -0.684565 -0.728952 0
    outer loop
      vertex -35.6448 -5.42274 0
      vertex -35.1871 -5.85257 3
      vertex -35.6448 -5.42274 3
    endloop
  endfacet
  facet normal -0.684565 -0.728952 -0
    outer loop
      vertex -35.1871 -5.85257 3
      vertex -35.6448 -5.42274 0
      vertex -35.1871 -5.85257 0
    endloop
  endfacet
  facet normal 0.998029 -0.0627481 0
    outer loop
      vertex 36.9606 -2.62667 3
      vertex 37 -2 0
      vertex 37 -2 3
    endloop
  endfacet
  facet normal 0.998029 -0.0627481 0
    outer loop
      vertex 37 -2 0
      vertex 36.9606 -2.62667 3
      vertex 36.9606 -2.62667 0
    endloop
  endfacet
  facet normal 0.125332 -0.992115 0
    outer loop
      vertex 32.314 -6.99013 0
      vertex 32.9369 -6.91144 3
      vertex 32.314 -6.99013 3
    endloop
  endfacet
  facet normal 0.125332 -0.992115 0
    outer loop
      vertex 32.9369 -6.91144 3
      vertex 32.314 -6.99013 0
      vertex 32.9369 -6.91144 0
    endloop
  endfacet
  facet normal 0.368135 0.929773 -0
    outer loop
      vertex 34.1289 6.52413 0
      vertex 33.5451 6.75528 3
      vertex 34.1289 6.52413 3
    endloop
  endfacet
  facet normal 0.368135 0.929773 0
    outer loop
      vertex 33.5451 6.75528 3
      vertex 34.1289 6.52413 0
      vertex 33.5451 6.75528 0
    endloop
  endfacet
  facet normal -0.904797 0.425843 0
    outer loop
      vertex -36.6489 3.84062 0
      vertex -36.3815 4.40877 3
      vertex -36.3815 4.40877 0
    endloop
  endfacet
  facet normal -0.904797 0.425843 0
    outer loop
      vertex -36.3815 4.40877 3
      vertex -36.6489 3.84062 0
      vertex -36.6489 3.84062 3
    endloop
  endfacet
  facet normal -0.951072 0.30897 0
    outer loop
      vertex -36.8429 3.24345 0
      vertex -36.6489 3.84062 3
      vertex -36.6489 3.84062 0
    endloop
  endfacet
  facet normal -0.951072 0.30897 0
    outer loop
      vertex -36.6489 3.84062 3
      vertex -36.8429 3.24345 0
      vertex -36.8429 3.24345 3
    endloop
  endfacet
  facet normal -0.951072 -0.30897 0
    outer loop
      vertex -36.6489 -3.84062 0
      vertex -36.8429 -3.24345 3
      vertex -36.8429 -3.24345 0
    endloop
  endfacet
  facet normal -0.951072 -0.30897 0
    outer loop
      vertex -36.8429 -3.24345 3
      vertex -36.6489 -3.84062 0
      vertex -36.6489 -3.84062 3
    endloop
  endfacet
  facet normal -0.368135 -0.929773 0
    outer loop
      vertex -34.1289 -6.52413 0
      vertex -33.5451 -6.75528 3
      vertex -34.1289 -6.52413 3
    endloop
  endfacet
  facet normal -0.368135 -0.929773 -0
    outer loop
      vertex -33.5451 -6.75528 3
      vertex -34.1289 -6.52413 0
      vertex -33.5451 -6.75528 0
    endloop
  endfacet
  facet normal 0.770468 -0.637478 0
    outer loop
      vertex 35.6448 -5.42274 3
      vertex 36.0451 -4.93893 0
      vertex 36.0451 -4.93893 3
    endloop
  endfacet
  facet normal 0.770468 -0.637478 0
    outer loop
      vertex 36.0451 -4.93893 0
      vertex 35.6448 -5.42274 3
      vertex 35.6448 -5.42274 0
    endloop
  endfacet
  facet normal 0.951072 0.30897 0
    outer loop
      vertex 36.8429 3.24345 3
      vertex 36.6489 3.84062 0
      vertex 36.6489 3.84062 3
    endloop
  endfacet
  facet normal 0.951072 0.30897 0
    outer loop
      vertex 36.6489 3.84062 0
      vertex 36.8429 3.24345 3
      vertex 36.8429 3.24345 0
    endloop
  endfacet
  facet normal 0.844364 0.53577 0
    outer loop
      vertex 36.3815 4.40877 3
      vertex 36.0451 4.93893 0
      vertex 36.0451 4.93893 3
    endloop
  endfacet
  facet normal 0.844364 0.53577 0
    outer loop
      vertex 36.0451 4.93893 0
      vertex 36.3815 4.40877 3
      vertex 36.3815 4.40877 0
    endloop
  endfacet
  facet normal 0.770468 0.637478 0
    outer loop
      vertex 36.0451 4.93893 3
      vertex 35.6448 5.42274 0
      vertex 35.6448 5.42274 3
    endloop
  endfacet
  facet normal 0.770468 0.637478 0
    outer loop
      vertex 35.6448 5.42274 0
      vertex 36.0451 4.93893 3
      vertex 36.0451 4.93893 0
    endloop
  endfacet
  facet normal 0.684565 0.728952 -0
    outer loop
      vertex 35.6448 5.42274 0
      vertex 35.1871 5.85257 3
      vertex 35.6448 5.42274 3
    endloop
  endfacet
  facet normal 0.684565 0.728952 0
    outer loop
      vertex 35.1871 5.85257 3
      vertex 35.6448 5.42274 0
      vertex 35.1871 5.85257 0
    endloop
  endfacet
  facet normal 0.125332 0.992115 -0
    outer loop
      vertex 32.9369 6.91144 0
      vertex 32.314 6.99013 3
      vertex 32.9369 6.91144 3
    endloop
  endfacet
  facet normal 0.125332 0.992115 0
    outer loop
      vertex 32.314 6.99013 3
      vertex 32.9369 6.91144 0
      vertex 32.314 6.99013 0
    endloop
  endfacet
  facet normal -0.684565 0.728952 0
    outer loop
      vertex -35.1871 5.85257 0
      vertex -35.6448 5.42274 3
      vertex -35.1871 5.85257 3
    endloop
  endfacet
  facet normal -0.684565 0.728952 0
    outer loop
      vertex -35.6448 5.42274 3
      vertex -35.1871 5.85257 0
      vertex -35.6448 5.42274 0
    endloop
  endfacet
  facet normal -0.998029 -0.0627481 0
    outer loop
      vertex -36.9606 -2.62667 0
      vertex -37 -2 3
      vertex -37 -2 0
    endloop
  endfacet
  facet normal -0.998029 -0.0627481 0
    outer loop
      vertex -37 -2 3
      vertex -36.9606 -2.62667 0
      vertex -36.9606 -2.62667 3
    endloop
  endfacet
  facet normal -0 0 -1
    outer loop
      vertex 20.7142 -0.225599 0
      vertex 18.2244 -0.407332 0
      vertex 18.25 0 0
    endloop
  endfacet
  facet normal 0 0 -1
    outer loop
      vertex 21.9497 -6.99013 0
      vertex 18.1479 -0.808242 0
      vertex 18.2244 -0.407332 0
    endloop
  endfacet
  facet normal 0 0 -1
    outer loop
      vertex 21.9497 -6.99013 0
      vertex 18.0218 -1.1964 0
      vertex 18.1479 -0.808242 0
    endloop
  endfacet
  facet normal 0 0 -1
    outer loop
      vertex 21.9497 -6.99013 0
      vertex 17.848 -1.5657 0
      vertex 18.0218 -1.1964 0
    endloop
  endfacet
  facet normal 0 0 -1
    outer loop
      vertex 16.0043 -3.09093 0
      vertex 21.9497 -6.99013 0
      vertex 17.8462 -11.9512 0
    endloop
  endfacet
  facet normal 0 0 -1
    outer loop
      vertex 21.9497 -6.99013 0
      vertex 17.6293 -1.9103 0
      vertex 17.848 -1.5657 0
    endloop
  endfacet
  facet normal 0 0 -1
    outer loop
      vertex 21.9497 -6.99013 0
      vertex 17.3691 -2.22478 0
      vertex 17.6293 -1.9103 0
    endloop
  endfacet
  facet normal 0 0 -1
    outer loop
      vertex 21.9497 -6.99013 0
      vertex 17.0716 -2.50417 0
      vertex 17.3691 -2.22478 0
    endloop
  endfacet
  facet normal 0 0 -1
    outer loop
      vertex 21.9497 -6.99013 0
      vertex 16.7414 -2.74407 0
      vertex 17.0716 -2.50417 0
    endloop
  endfacet
  facet normal 0 0 -1
    outer loop
      vertex 15.609 -3.19243 0
      vertex 17.8462 -11.9512 0
      vertex 16.5099 -12.1057 0
    endloop
  endfacet
  facet normal 0 0 -1
    outer loop
      vertex 21.9497 -6.99013 0
      vertex 16.3838 -2.94069 0
      vertex 16.7414 -2.74407 0
    endloop
  endfacet
  facet normal 0 0 -1
    outer loop
      vertex 21.9497 -6.99013 0
      vertex 16.0043 -3.09093 0
      vertex 16.3838 -2.94069 0
    endloop
  endfacet
  facet normal 0 0 -1
    outer loop
      vertex 17.8462 -11.9512 0
      vertex 15.609 -3.19243 0
      vertex 16.0043 -3.09093 0
    endloop
  endfacet
  facet normal 0 0 -1
    outer loop
      vertex 16.5099 -12.1057 0
      vertex 15.2041 -3.24359 0
      vertex 15.609 -3.19243 0
    endloop
  endfacet
  facet normal 0 0 -1
    outer loop
      vertex 15.1893 -12.2161 0
      vertex 15.2041 -3.24359 0
      vertex 16.5099 -12.1057 0
    endloop
  endfacet
  facet normal 0 0 -1
    outer loop
      vertex 15.1893 -12.2161 0
      vertex 14.7959 -3.24359 0
      vertex 15.2041 -3.24359 0
    endloop
  endfacet
  facet normal 0 0 -1
    outer loop
      vertex 13.8845 -12.2824 0
      vertex 14.7959 -3.24359 0
      vertex 15.1893 -12.2161 0
    endloop
  endfacet
  facet normal -0 0 -1
    outer loop
      vertex 14.7959 -3.24359 0
      vertex 13.8845 -12.2824 0
      vertex 14.391 -3.19243 0
    endloop
  endfacet
  facet normal 0 0 -1
    outer loop
      vertex 12.5954 -12.3045 0
      vertex 14.391 -3.19243 0
      vertex 13.8845 -12.2824 0
    endloop
  endfacet
  facet normal -0 0 -1
    outer loop
      vertex 14.391 -3.19243 0
      vertex 12.5954 -12.3045 0
      vertex 13.9957 -3.09093 0
    endloop
  endfacet
  facet normal -0 0 -1
    outer loop
      vertex 13.9957 -3.09093 0
      vertex 12.5954 -12.3045 0
      vertex 13.6162 -2.94069 0
    endloop
  endfacet
  facet normal 0 0 -1
    outer loop
      vertex 10.8292 -12.2315 0
      vertex 13.6162 -2.94069 0
      vertex 12.5954 -12.3045 0
    endloop
  endfacet
  facet normal -0 0 -1
    outer loop
      vertex 13.6162 -2.94069 0
      vertex 10.8292 -12.2315 0
      vertex 13.2586 -2.74407 0
    endloop
  endfacet
  facet normal 0 0 -1
    outer loop
      vertex 9.15298 -12.0126 0
      vertex 13.2586 -2.74407 0
      vertex 10.8292 -12.2315 0
    endloop
  endfacet
  facet normal -0 0 -1
    outer loop
      vertex 13.2586 -2.74407 0
      vertex 9.15298 -12.0126 0
      vertex 12.9284 -2.50417 0
    endloop
  endfacet
  facet normal 0 0 -1
    outer loop
      vertex 8.05623 -1.7119 0
      vertex 12.9284 -2.50417 0
      vertex 9.15298 -12.0126 0
    endloop
  endfacet
  facet normal 0 -0 -1
    outer loop
      vertex 8.2664 -1.62869 0
      vertex 12.9284 -2.50417 0
      vertex 8.05623 -1.7119 0
    endloop
  endfacet
  facet normal 0 0 -1
    outer loop
      vertex 12.9284 -2.50417 0
      vertex 8.2664 -1.62869 0
      vertex 12.6309 -2.22478 0
    endloop
  endfacet
  facet normal 0 -0 -1
    outer loop
      vertex 8.64736 -1.38692 0
      vertex 12.3707 -1.9103 0
      vertex 8.46449 -1.51979 0
    endloop
  endfacet
  facet normal 0 -0 -1
    outer loop
      vertex 8.95623 -1.05801 0
      vertex 12.152 -1.5657 0
      vertex 8.81214 -1.23218 0
    endloop
  endfacet
  facet normal 0 0 -1
    outer loop
      vertex 12.3707 -1.9103 0
      vertex 8.81214 -1.23218 0
      vertex 12.152 -1.5657 0
    endloop
  endfacet
  facet normal 0 0 -1
    outer loop
      vertex 9.91902 27.066 0
      vertex 21.5245 29.5182 0
      vertex 21.4483 26.4306 0
    endloop
  endfacet
  facet normal 0 0 -1
    outer loop
      vertex 9.77464 24.7898 0
      vertex 21.4483 26.4306 0
      vertex 21.22 23.5293 0
    endloop
  endfacet
  facet normal 0 0 -1
    outer loop
      vertex 21.5245 29.5182 0
      vertex 9.96713 29.5182 0
      vertex 21.414 33.1925 0
    endloop
  endfacet
  facet normal 0 0 -1
    outer loop
      vertex 9.53403 22.6895 0
      vertex 21.22 23.5293 0
      vertex 20.8393 20.814 0
    endloop
  endfacet
  facet normal 0 0 -1
    outer loop
      vertex 9.77545 34.2252 0
      vertex 21.414 33.1925 0
      vertex 9.96713 29.5182 0
    endloop
  endfacet
  facet normal 0 0 -1
    outer loop
      vertex 9.53403 22.6895 0
      vertex 20.8393 20.814 0
      vertex 20.3065 18.2849 0
    endloop
  endfacet
  facet normal 0 0 -1
    outer loop
      vertex 21.414 33.1925 0
      vertex 9.77545 34.2252 0
      vertex 21.0827 36.5955 0
    endloop
  endfacet
  facet normal 0 0 -1
    outer loop
      vertex 9.19714 20.7651 0
      vertex 20.3065 18.2849 0
      vertex 19.6214 15.942 0
    endloop
  endfacet
  facet normal 0 0 -1
    outer loop
      vertex 8.76404 19.0166 0
      vertex 19.6214 15.942 0
      vertex 18.784 13.7852 0
    endloop
  endfacet
  facet normal 0 0 -1
    outer loop
      vertex 9.20041 38.208 0
      vertex 21.0827 36.5955 0
      vertex 9.77545 34.2252 0
    endloop
  endfacet
  facet normal 0 0 -1
    outer loop
      vertex 8.23466 17.444 0
      vertex 18.784 13.7852 0
      vertex 17.7944 11.8145 0
    endloop
  endfacet
  facet normal 0 0 -1
    outer loop
      vertex 21.0827 36.5955 0
      vertex 9.20041 38.208 0
      vertex 20.5305 39.7271 0
    endloop
  endfacet
  facet normal 0 0 -1
    outer loop
      vertex 7.60905 16.0473 0
      vertex 17.7944 11.8145 0
      vertex 16.6588 10.031 0
    endloop
  endfacet
  facet normal -0 0 -1
    outer loop
      vertex 20.5305 39.7271 0
      vertex 9.20041 38.208 0
      vertex 19.7574 42.5874 0
    endloop
  endfacet
  facet normal 0 0 -1
    outer loop
      vertex 6.88814 14.8321 0
      vertex 16.6588 10.031 0
      vertex 15.3837 8.4352 0
    endloop
  endfacet
  facet normal 0 0 -1
    outer loop
      vertex 8.24199 41.4667 0
      vertex 19.7574 42.5874 0
      vertex 9.20041 38.208 0
    endloop
  endfacet
  facet normal 0 0 -1
    outer loop
      vertex 6.88814 14.8321 0
      vertex 15.3837 8.4352 0
      vertex 13.9689 7.02716 0
    endloop
  endfacet
  facet normal 0 0 -1
    outer loop
      vertex 6.88814 14.8321 0
      vertex 13.9689 7.02716 0
      vertex 13.9217 6.99013 0
    endloop
  endfacet
  facet normal 0 0 -1
    outer loop
      vertex 13.2586 2.74407 0
      vertex 13.9217 6.99013 0
      vertex 13.6162 2.94069 0
    endloop
  endfacet
  facet normal 0 0 -1
    outer loop
      vertex 12.9284 2.50417 0
      vertex 13.9217 6.99013 0
      vertex 13.2586 2.74407 0
    endloop
  endfacet
  facet normal 0 0 -1
    outer loop
      vertex 8.2664 1.62869 0
      vertex 13.9217 6.99013 0
      vertex 12.9284 2.50417 0
    endloop
  endfacet
  facet normal -0 0 -1
    outer loop
      vertex 21.5245 29.5182 0
      vertex 9.91902 27.066 0
      vertex 9.96713 29.5182 0
    endloop
  endfacet
  facet normal 0 0 -1
    outer loop
      vertex 8.2664 1.62869 0
      vertex 12.9284 2.50417 0
      vertex 12.6309 2.22478 0
    endloop
  endfacet
  facet normal 0 0 -1
    outer loop
      vertex 8.46449 1.51979 0
      vertex 12.6309 2.22478 0
      vertex 12.3707 1.9103 0
    endloop
  endfacet
  facet normal 0 0 -1
    outer loop
      vertex 8.81214 1.23218 0
      vertex 12.3707 1.9103 0
      vertex 12.152 1.5657 0
    endloop
  endfacet
  facet normal 0 0 -1
    outer loop
      vertex 8.95623 1.05801 0
      vertex 12.152 1.5657 0
      vertex 11.9782 1.1964 0
    endloop
  endfacet
  facet normal 0 0 -1
    outer loop
      vertex 9.07735 0.867156 0
      vertex 11.9782 1.1964 0
      vertex 11.8521 0.808242 0
    endloop
  endfacet
  facet normal 0 0 -1
    outer loop
      vertex 9.24345 0.447641 0
      vertex 11.8521 0.808242 0
      vertex 11.7756 0.407332 0
    endloop
  endfacet
  facet normal 0 0 -1
    outer loop
      vertex 9.28581 0.225599 0
      vertex 11.7756 0.407332 0
      vertex 11.75 0 0
    endloop
  endfacet
  facet normal 0 -0 -1
    outer loop
      vertex 9.07735 -0.867156 0
      vertex 11.9782 -1.1964 0
      vertex 8.95623 -1.05801 0
    endloop
  endfacet
  facet normal -0 0 -1
    outer loop
      vertex 19.7574 42.5874 0
      vertex 8.24199 41.4667 0
      vertex 18.7634 45.1763 0
    endloop
  endfacet
  facet normal 0 0 -1
    outer loop
      vertex 6.90021 44.0013 0
      vertex 17.5486 47.4938 0
      vertex 8.24199 41.4667 0
    endloop
  endfacet
  facet normal -0 0 -1
    outer loop
      vertex 18.7634 45.1763 0
      vertex 8.24199 41.4667 0
      vertex 17.5486 47.4938 0
    endloop
  endfacet
  facet normal -0 0 -1
    outer loop
      vertex 21.4483 26.4306 0
      vertex 9.77464 24.7898 0
      vertex 9.91902 27.066 0
    endloop
  endfacet
  facet normal -0 0 -1
    outer loop
      vertex 21.22 23.5293 0
      vertex 9.53403 22.6895 0
      vertex 9.77464 24.7898 0
    endloop
  endfacet
  facet normal 0 0 -1
    outer loop
      vertex 11.75 0 0
      vertex 9.3 0 0
      vertex 9.28581 0.225599 0
    endloop
  endfacet
  facet normal -0 0 -1
    outer loop
      vertex 11.75 0 0
      vertex 9.28581 -0.225599 0
      vertex 9.3 0 0
    endloop
  endfacet
  facet normal 0 0 -1
    outer loop
      vertex 11.7756 -0.407332 0
      vertex 9.28581 -0.225599 0
      vertex 11.75 0 0
    endloop
  endfacet
  facet normal 0 -0 -1
    outer loop
      vertex 9.28581 -0.225599 0
      vertex 11.7756 -0.407332 0
      vertex 9.24345 -0.447641 0
    endloop
  endfacet
  facet normal 0 0 -1
    outer loop
      vertex 12.6309 -2.22478 0
      vertex 8.46449 -1.51979 0
      vertex 12.3707 -1.9103 0
    endloop
  endfacet
  facet normal 0 0 -1
    outer loop
      vertex 11.8521 -0.808242 0
      vertex 9.24345 -0.447641 0
      vertex 11.7756 -0.407332 0
    endloop
  endfacet
  facet normal 0 -0 -1
    outer loop
      vertex 9.24345 -0.447641 0
      vertex 11.8521 -0.808242 0
      vertex 9.1736 -0.662623 0
    endloop
  endfacet
  facet normal 0 -0 -1
    outer loop
      vertex 9.1736 -0.662623 0
      vertex 11.8521 -0.808242 0
      vertex 9.07735 -0.867156 0
    endloop
  endfacet
  facet normal 0 0 -1
    outer loop
      vertex 11.9782 -1.1964 0
      vertex 9.07735 -0.867156 0
      vertex 11.8521 -0.808242 0
    endloop
  endfacet
  facet normal 0 0 -1
    outer loop
      vertex 12.152 -1.5657 0
      vertex 8.95623 -1.05801 0
      vertex 11.9782 -1.1964 0
    endloop
  endfacet
  facet normal 0 -0 -1
    outer loop
      vertex 8.81214 -1.23218 0
      vertex 12.3707 -1.9103 0
      vertex 8.64736 -1.38692 0
    endloop
  endfacet
  facet normal 0 -0 -1
    outer loop
      vertex 8.46449 -1.51979 0
      vertex 12.6309 -2.22478 0
      vertex 8.2664 -1.62869 0
    endloop
  endfacet
  facet normal 0 0 -1
    outer loop
      vertex 7.56665 -11.6477 0
      vertex 8.05623 -1.7119 0
      vertex 9.15298 -12.0126 0
    endloop
  endfacet
  facet normal 0 0 -1
    outer loop
      vertex 8.05623 -1.7119 0
      vertex 7.56665 -11.6477 0
      vertex 7.83729 -1.76812 0
    endloop
  endfacet
  facet normal 0 0 -1
    outer loop
      vertex 6.07024 -11.1369 0
      vertex 7.83729 -1.76812 0
      vertex 7.56665 -11.6477 0
    endloop
  endfacet
  facet normal 0 0 -1
    outer loop
      vertex 7.83729 -1.76812 0
      vertex 6.07024 -11.1369 0
      vertex 7.61302 -1.79645 0
    endloop
  endfacet
  facet normal -0 0 -1
    outer loop
      vertex 7.61302 -1.79645 0
      vertex 6.07024 -11.1369 0
      vertex 7.38698 -1.79645 0
    endloop
  endfacet
  facet normal 0 0 -1
    outer loop
      vertex 4.66374 -10.4802 0
      vertex 7.38698 -1.79645 0
      vertex 6.07024 -11.1369 0
    endloop
  endfacet
  facet normal -0 0 -1
    outer loop
      vertex 7.38698 -1.79645 0
      vertex 4.66374 -10.4802 0
      vertex 7.16271 -1.76812 0
    endloop
  endfacet
  facet normal 0 0 -1
    outer loop
      vertex 3.34717 -9.67747 0
      vertex 7.16271 -1.76812 0
      vertex 4.66374 -10.4802 0
    endloop
  endfacet
  facet normal -0 0 -1
    outer loop
      vertex 7.16271 -1.76812 0
      vertex 3.34717 -9.67747 0
      vertex 6.94377 -1.7119 0
    endloop
  endfacet
  facet normal 0 0 -1
    outer loop
      vertex 2.12051 -8.72884 0
      vertex 6.94377 -1.7119 0
      vertex 3.34717 -9.67747 0
    endloop
  endfacet
  facet normal -0 0 -1
    outer loop
      vertex 6.94377 -1.7119 0
      vertex 2.12051 -8.72884 0
      vertex 6.7336 -1.62869 0
    endloop
  endfacet
  facet normal 0 0 -1
    outer loop
      vertex 2.07163 -2.50417 0
      vertex 6.7336 -1.62869 0
      vertex 2.12051 -8.72884 0
    endloop
  endfacet
  facet normal 0 -0 -1
    outer loop
      vertex 2.36915 -2.22478 0
      vertex 6.7336 -1.62869 0
      vertex 2.07163 -2.50417 0
    endloop
  endfacet
  facet normal -0 0 -1
    outer loop
      vertex 6.7336 -1.62869 0
      vertex 2.36915 -2.22478 0
      vertex 6.53551 -1.51979 0
    endloop
  endfacet
  facet normal -0 0 -1
    outer loop
      vertex 6.35264 -1.38692 0
      vertex 2.6293 -1.9103 0
      vertex 6.18786 -1.23218 0
    endloop
  endfacet
  facet normal 0 -0 -1
    outer loop
      vertex 2.848 -1.5657 0
      vertex 6.18786 -1.23218 0
      vertex 2.6293 -1.9103 0
    endloop
  endfacet
  facet normal -0 0 -1
    outer loop
      vertex 6.18786 -1.23218 0
      vertex 2.848 -1.5657 0
      vertex 6.04377 -1.05801 0
    endloop
  endfacet
  facet normal 0 -0 -1
    outer loop
      vertex 3.02177 -1.1964 0
      vertex 6.04377 -1.05801 0
      vertex 2.848 -1.5657 0
    endloop
  endfacet
  facet normal 0 0 -1
    outer loop
      vertex 5.92265 -0.867156 0
      vertex 3.14789 -0.808242 0
      vertex 5.8264 -0.662623 0
    endloop
  endfacet
  facet normal 0 0 -1
    outer loop
      vertex 3.22437 0.407332 0
      vertex 5.7 0 0
      vertex 3.25 0 0
    endloop
  endfacet
  facet normal 0 -0 -1
    outer loop
      vertex 3.14789 -0.808242 0
      vertex 5.92265 -0.867156 0
      vertex 3.02177 -1.1964 0
    endloop
  endfacet
  facet normal 0 0 -1
    outer loop
      vertex 3.14789 0.808242 0
      vertex 5.7 0 0
      vertex 3.22437 0.407332 0
    endloop
  endfacet
  facet normal 0 0 -1
    outer loop
      vertex 3.02177 1.1964 0
      vertex 5.7 0 0
      vertex 3.14789 0.808242 0
    endloop
  endfacet
  facet normal 0 0 -1
    outer loop
      vertex 2.848 1.5657 0
      vertex 5.7 0 0
      vertex 3.02177 1.1964 0
    endloop
  endfacet
  facet normal 0 0 -1
    outer loop
      vertex 2.6293 1.9103 0
      vertex 5.7 0 0
      vertex 2.848 1.5657 0
    endloop
  endfacet
  facet normal 0 0 -1
    outer loop
      vertex 2.36915 2.22478 0
      vertex 5.7 0 0
      vertex 2.6293 1.9103 0
    endloop
  endfacet
  facet normal 0 0 -1
    outer loop
      vertex 5.7 0 0
      vertex 4.15741 12.3082 0
      vertex 5.16232 12.9625 0
    endloop
  endfacet
  facet normal 0 0 -1
    outer loop
      vertex 5.7 0 0
      vertex 2.36915 2.22478 0
      vertex 4.15741 12.3082 0
    endloop
  endfacet
  facet normal 0 0 -1
    outer loop
      vertex 2.07163 2.50417 0
      vertex 4.15741 12.3082 0
      vertex 2.36915 2.22478 0
    endloop
  endfacet
  facet normal 0 0 -1
    outer loop
      vertex 4.15741 12.3082 0
      vertex 2.07163 2.50417 0
      vertex 3.05783 11.8407 0
    endloop
  endfacet
  facet normal 0 0 -1
    outer loop
      vertex 1.74144 2.74407 0
      vertex 3.05783 11.8407 0
      vertex 2.07163 2.50417 0
    endloop
  endfacet
  facet normal 0 0 -1
    outer loop
      vertex 1.38378 2.94069 0
      vertex 3.05783 11.8407 0
      vertex 1.74144 2.74407 0
    endloop
  endfacet
  facet normal 0 0 -1
    outer loop
      vertex 3.05783 11.8407 0
      vertex 1.38378 2.94069 0
      vertex 1.86359 11.5603 0
    endloop
  endfacet
  facet normal 0 0 -1
    outer loop
      vertex 1.0043 3.09093 0
      vertex 1.86359 11.5603 0
      vertex 1.38378 2.94069 0
    endloop
  endfacet
  facet normal 0 0 -1
    outer loop
      vertex 0.608989 3.19243 0
      vertex 1.86359 11.5603 0
      vertex 1.0043 3.09093 0
    endloop
  endfacet
  facet normal 0 0 -1
    outer loop
      vertex 0.608989 3.19243 0
      vertex 0.574677 11.4668 0
      vertex 1.86359 11.5603 0
    endloop
  endfacet
  facet normal 0 0 -1
    outer loop
      vertex 0.204069 3.24359 0
      vertex 0.574677 11.4668 0
      vertex 0.608989 3.19243 0
    endloop
  endfacet
  facet normal 0 0 -1
    outer loop
      vertex -0.204069 3.24359 0
      vertex 0.574677 11.4668 0
      vertex 0.204069 3.24359 0
    endloop
  endfacet
  facet normal 0 0 -1
    outer loop
      vertex -0.714767 11.5603 0
      vertex -0.204069 3.24359 0
      vertex -0.608989 3.19243 0
    endloop
  endfacet
  facet normal 0 0 -1
    outer loop
      vertex -0.204069 3.24359 0
      vertex -0.714767 11.5603 0
      vertex 0.574677 11.4668 0
    endloop
  endfacet
  facet normal 0 0 -1
    outer loop
      vertex -1.0043 3.09093 0
      vertex -0.714767 11.5603 0
      vertex -0.608989 3.19243 0
    endloop
  endfacet
  facet normal 0 0 -1
    outer loop
      vertex -1.91037 11.8407 0
      vertex -1.0043 3.09093 0
      vertex -1.38378 2.94069 0
    endloop
  endfacet
  facet normal 0 0 -1
    outer loop
      vertex -1.91037 11.8407 0
      vertex -1.38378 2.94069 0
      vertex -1.74144 2.74407 0
    endloop
  endfacet
  facet normal 0 0 -1
    outer loop
      vertex -1.0043 3.09093 0
      vertex -1.91037 11.8407 0
      vertex -0.714767 11.5603 0
    endloop
  endfacet
  facet normal 0 0 -1
    outer loop
      vertex -3.01208 12.3082 0
      vertex -1.74144 2.74407 0
      vertex -2.07163 2.50417 0
    endloop
  endfacet
  facet normal 0 0 -1
    outer loop
      vertex -6.7336 1.62869 0
      vertex -2.07163 2.50417 0
      vertex -2.36915 2.22478 0
    endloop
  endfacet
  facet normal 0 0 -1
    outer loop
      vertex -6.53551 1.51979 0
      vertex -2.36915 2.22478 0
      vertex -2.6293 1.9103 0
    endloop
  endfacet
  facet normal 0 0 -1
    outer loop
      vertex -6.18786 1.23218 0
      vertex -2.6293 1.9103 0
      vertex -2.848 1.5657 0
    endloop
  endfacet
  facet normal 0 0 -1
    outer loop
      vertex -1.74144 2.74407 0
      vertex -3.01208 12.3082 0
      vertex -1.91037 11.8407 0
    endloop
  endfacet
  facet normal 0 0 -1
    outer loop
      vertex -6.04377 1.05801 0
      vertex -2.848 1.5657 0
      vertex -3.02177 1.1964 0
    endloop
  endfacet
  facet normal 0 0 -1
    outer loop
      vertex -5.92265 0.867156 0
      vertex -3.02177 1.1964 0
      vertex -3.14789 0.808242 0
    endloop
  endfacet
  facet normal 0 0 -1
    outer loop
      vertex -5.75655 0.447641 0
      vertex -3.14789 0.808242 0
      vertex -3.22437 0.407332 0
    endloop
  endfacet
  facet normal 0 0 -1
    outer loop
      vertex -5.71419 0.225599 0
      vertex -3.22437 0.407332 0
      vertex -3.25 0 0
    endloop
  endfacet
  facet normal 0 0 -1
    outer loop
      vertex -2.6293 1.9103 0
      vertex -6.35264 1.38692 0
      vertex -6.53551 1.51979 0
    endloop
  endfacet
  facet normal 0 0 -1
    outer loop
      vertex -12.9284 2.50417 0
      vertex -12.7469 6.99013 0
      vertex -12.6309 2.22478 0
    endloop
  endfacet
  facet normal 0 0 -1
    outer loop
      vertex -13.2586 2.74407 0
      vertex -12.7469 6.99013 0
      vertex -12.9284 2.50417 0
    endloop
  endfacet
  facet normal 0 0 -1
    outer loop
      vertex -13.6162 2.94069 0
      vertex -12.7469 6.99013 0
      vertex -13.2586 2.74407 0
    endloop
  endfacet
  facet normal 0 0 -1
    outer loop
      vertex -13.9957 3.09093 0
      vertex -12.7469 6.99013 0
      vertex -13.6162 2.94069 0
    endloop
  endfacet
  facet normal 0 0 -1
    outer loop
      vertex -14.391 3.19243 0
      vertex -12.7469 6.99013 0
      vertex -13.9957 3.09093 0
    endloop
  endfacet
  facet normal 0 0 -1
    outer loop
      vertex -14.7959 3.24359 0
      vertex -12.7469 6.99013 0
      vertex -14.391 3.19243 0
    endloop
  endfacet
  facet normal 0 0 -1
    outer loop
      vertex -15.2041 3.24359 0
      vertex -12.7469 6.99013 0
      vertex -14.7959 3.24359 0
    endloop
  endfacet
  facet normal 0 0 -1
    outer loop
      vertex -15.609 3.19243 0
      vertex -12.7469 6.99013 0
      vertex -15.2041 3.24359 0
    endloop
  endfacet
  facet normal 0 0 -1
    outer loop
      vertex -16.0043 3.09093 0
      vertex -12.7469 6.99013 0
      vertex -15.609 3.19243 0
    endloop
  endfacet
  facet normal 0 0 -1
    outer loop
      vertex -16.3838 2.94069 0
      vertex -12.7469 6.99013 0
      vertex -16.0043 3.09093 0
    endloop
  endfacet
  facet normal 0 0 -1
    outer loop
      vertex -16.7414 2.74407 0
      vertex -12.7469 6.99013 0
      vertex -16.3838 2.94069 0
    endloop
  endfacet
  facet normal 0 0 -1
    outer loop
      vertex -21.9438 1.7119 0
      vertex -16.7414 2.74407 0
      vertex -17.0716 2.50417 0
    endloop
  endfacet
  facet normal 0 0 -1
    outer loop
      vertex -21.7336 1.62869 0
      vertex -17.0716 2.50417 0
      vertex -17.3691 2.22478 0
    endloop
  endfacet
  facet normal 0 0 -1
    outer loop
      vertex -20.7142 0.225599 0
      vertex -18.25 0 0
      vertex -20.7 0 0
    endloop
  endfacet
  facet normal 0 0 -1
    outer loop
      vertex -18.25 0 0
      vertex -20.7142 0.225599 0
      vertex -18.2244 0.407332 0
    endloop
  endfacet
  facet normal 0 0 -1
    outer loop
      vertex -20.7565 0.447641 0
      vertex -18.2244 0.407332 0
      vertex -20.7142 0.225599 0
    endloop
  endfacet
  facet normal 0 0 -1
    outer loop
      vertex -18.2244 0.407332 0
      vertex -20.7565 0.447641 0
      vertex -18.1479 0.808242 0
    endloop
  endfacet
  facet normal 0 0 -1
    outer loop
      vertex -20.8264 0.662623 0
      vertex -18.1479 0.808242 0
      vertex -20.7565 0.447641 0
    endloop
  endfacet
  facet normal 0 0 -1
    outer loop
      vertex -20.9226 0.867156 0
      vertex -18.1479 0.808242 0
      vertex -20.8264 0.662623 0
    endloop
  endfacet
  facet normal 0 0 -1
    outer loop
      vertex -18.1479 0.808242 0
      vertex -20.9226 0.867156 0
      vertex -18.0218 1.1964 0
    endloop
  endfacet
  facet normal 0 0 -1
    outer loop
      vertex -21.0438 1.05801 0
      vertex -18.0218 1.1964 0
      vertex -20.9226 0.867156 0
    endloop
  endfacet
  facet normal -0 0 -1
    outer loop
      vertex -18.0218 1.1964 0
      vertex -21.0438 1.05801 0
      vertex -17.848 1.5657 0
    endloop
  endfacet
  facet normal 0 0 -1
    outer loop
      vertex -21.1879 1.23218 0
      vertex -17.848 1.5657 0
      vertex -21.0438 1.05801 0
    endloop
  endfacet
  facet normal -0 0 -1
    outer loop
      vertex -17.848 1.5657 0
      vertex -21.1879 1.23218 0
      vertex -17.6293 1.9103 0
    endloop
  endfacet
  facet normal 0 0 -1
    outer loop
      vertex -21.3526 1.38692 0
      vertex -17.6293 1.9103 0
      vertex -21.1879 1.23218 0
    endloop
  endfacet
  facet normal 0 0 -1
    outer loop
      vertex -21.5355 1.51979 0
      vertex -17.6293 1.9103 0
      vertex -21.3526 1.38692 0
    endloop
  endfacet
  facet normal -0 0 -1
    outer loop
      vertex -17.6293 1.9103 0
      vertex -21.5355 1.51979 0
      vertex -17.3691 2.22478 0
    endloop
  endfacet
  facet normal 0 0 -1
    outer loop
      vertex -21.7336 1.62869 0
      vertex -17.3691 2.22478 0
      vertex -21.5355 1.51979 0
    endloop
  endfacet
  facet normal 0 0 -1
    outer loop
      vertex -17.0716 2.50417 0
      vertex -21.7336 1.62869 0
      vertex -21.9438 1.7119 0
    endloop
  endfacet
  facet normal 0 0 -1
    outer loop
      vertex -16.7414 2.74407 0
      vertex -21.9438 1.7119 0
      vertex -22.1627 1.76812 0
    endloop
  endfacet
  facet normal -0 0 -1
    outer loop
      vertex -16.7414 2.74407 0
      vertex -22.1627 1.76812 0
      vertex -12.7469 6.99013 0
    endloop
  endfacet
  facet normal 0 0 -1
    outer loop
      vertex -22.387 1.79645 0
      vertex -12.7469 6.99013 0
      vertex -22.1627 1.76812 0
    endloop
  endfacet
  facet normal 0 0 -1
    outer loop
      vertex -22.613 1.79645 0
      vertex -12.7469 6.99013 0
      vertex -22.387 1.79645 0
    endloop
  endfacet
  facet normal 0 0 -1
    outer loop
      vertex -32.314 6.99013 0
      vertex -22.613 1.79645 0
      vertex -22.8373 1.76812 0
    endloop
  endfacet
  facet normal 0 0 -1
    outer loop
      vertex -28.2586 2.74407 0
      vertex -22.8373 1.76812 0
      vertex -23.0562 1.7119 0
    endloop
  endfacet
  facet normal 0 0 -1
    outer loop
      vertex -27.9284 2.50417 0
      vertex -23.0562 1.7119 0
      vertex -23.2664 1.62869 0
    endloop
  endfacet
  facet normal 0 0 -1
    outer loop
      vertex -26.75 0 0
      vertex -24.2858 0.225599 0
      vertex -24.3 0 0
    endloop
  endfacet
  facet normal 0 0 -1
    outer loop
      vertex -26.7756 0.407332 0
      vertex -24.2858 0.225599 0
      vertex -26.75 0 0
    endloop
  endfacet
  facet normal 0 0 -1
    outer loop
      vertex -24.2858 0.225599 0
      vertex -26.7756 0.407332 0
      vertex -24.2435 0.447641 0
    endloop
  endfacet
  facet normal 0 0 -1
    outer loop
      vertex -26.8521 0.808242 0
      vertex -24.2435 0.447641 0
      vertex -26.7756 0.407332 0
    endloop
  endfacet
  facet normal 0 0 -1
    outer loop
      vertex -24.2435 0.447641 0
      vertex -26.8521 0.808242 0
      vertex -24.1736 0.662623 0
    endloop
  endfacet
  facet normal 0 0 -1
    outer loop
      vertex -24.1736 0.662623 0
      vertex -26.8521 0.808242 0
      vertex -24.0774 0.867156 0
    endloop
  endfacet
  facet normal 0 0 -1
    outer loop
      vertex -26.9782 1.1964 0
      vertex -24.0774 0.867156 0
      vertex -26.8521 0.808242 0
    endloop
  endfacet
  facet normal 0 0 -1
    outer loop
      vertex -24.0774 0.867156 0
      vertex -26.9782 1.1964 0
      vertex -23.9562 1.05801 0
    endloop
  endfacet
  facet normal 0 0 -1
    outer loop
      vertex -27.152 1.5657 0
      vertex -23.9562 1.05801 0
      vertex -26.9782 1.1964 0
    endloop
  endfacet
  facet normal 0 0 -1
    outer loop
      vertex -23.9562 1.05801 0
      vertex -27.152 1.5657 0
      vertex -23.8121 1.23218 0
    endloop
  endfacet
  facet normal 0 0 -1
    outer loop
      vertex -27.3707 1.9103 0
      vertex -23.8121 1.23218 0
      vertex -27.152 1.5657 0
    endloop
  endfacet
  facet normal 0 0 -1
    outer loop
      vertex -23.8121 1.23218 0
      vertex -27.3707 1.9103 0
      vertex -23.6474 1.38692 0
    endloop
  endfacet
  facet normal 0 0 -1
    outer loop
      vertex -23.6474 1.38692 0
      vertex -27.3707 1.9103 0
      vertex -23.4645 1.51979 0
    endloop
  endfacet
  facet normal 0 0 -1
    outer loop
      vertex -27.6309 2.22478 0
      vertex -23.4645 1.51979 0
      vertex -27.3707 1.9103 0
    endloop
  endfacet
  facet normal 0 0 -1
    outer loop
      vertex -23.4645 1.51979 0
      vertex -27.6309 2.22478 0
      vertex -23.2664 1.62869 0
    endloop
  endfacet
  facet normal 0 0 -1
    outer loop
      vertex -27.9284 2.50417 0
      vertex -23.2664 1.62869 0
      vertex -27.6309 2.22478 0
    endloop
  endfacet
  facet normal 0 0 -1
    outer loop
      vertex -23.0562 1.7119 0
      vertex -27.9284 2.50417 0
      vertex -28.2586 2.74407 0
    endloop
  endfacet
  facet normal 0 0 -1
    outer loop
      vertex -22.8373 1.76812 0
      vertex -28.2586 2.74407 0
      vertex -32.314 6.99013 0
    endloop
  endfacet
  facet normal 0 0 -1
    outer loop
      vertex -32.314 6.99013 0
      vertex -28.2586 2.74407 0
      vertex -28.6162 2.94069 0
    endloop
  endfacet
  facet normal 0 0 -1
    outer loop
      vertex -32.314 6.99013 0
      vertex -28.6162 2.94069 0
      vertex -28.9957 3.09093 0
    endloop
  endfacet
  facet normal 0 0 -1
    outer loop
      vertex -32.314 6.99013 0
      vertex -28.9957 3.09093 0
      vertex -29.391 3.19243 0
    endloop
  endfacet
  facet normal 0 0 -1
    outer loop
      vertex -32.314 6.99013 0
      vertex -29.391 3.19243 0
      vertex -29.7959 3.24359 0
    endloop
  endfacet
  facet normal 0 0 -1
    outer loop
      vertex -32.314 6.99013 0
      vertex -29.7959 3.24359 0
      vertex -30.2041 3.24359 0
    endloop
  endfacet
  facet normal 0 0 -1
    outer loop
      vertex -32.314 6.99013 0
      vertex -30.2041 3.24359 0
      vertex -30.609 3.19243 0
    endloop
  endfacet
  facet normal 0 0 -1
    outer loop
      vertex -22.613 1.79645 0
      vertex -32.314 6.99013 0
      vertex -12.7469 6.99013 0
    endloop
  endfacet
  facet normal 0 0 -1
    outer loop
      vertex -31.0043 3.09093 0
      vertex -32.314 6.99013 0
      vertex -30.609 3.19243 0
    endloop
  endfacet
  facet normal 0 0 -1
    outer loop
      vertex -31.3838 2.94069 0
      vertex -32.314 6.99013 0
      vertex -31.0043 3.09093 0
    endloop
  endfacet
  facet normal 0 0 -1
    outer loop
      vertex -32.9369 6.91144 0
      vertex -31.3838 2.94069 0
      vertex -31.7414 2.74407 0
    endloop
  endfacet
  facet normal 0 0 -1
    outer loop
      vertex -34.1289 6.52413 0
      vertex -31.7414 2.74407 0
      vertex -32.0716 2.50417 0
    endloop
  endfacet
  facet normal 0 0 -1
    outer loop
      vertex -35.1871 5.85257 0
      vertex -32.0716 2.50417 0
      vertex -32.3691 2.22478 0
    endloop
  endfacet
  facet normal 0 0 -1
    outer loop
      vertex -36.0451 4.93893 0
      vertex -32.3691 2.22478 0
      vertex -32.6293 1.9103 0
    endloop
  endfacet
  facet normal 0 0 -1
    outer loop
      vertex -36.6489 3.84062 0
      vertex -32.6293 1.9103 0
      vertex -32.848 1.5657 0
    endloop
  endfacet
  facet normal 0 0 -1
    outer loop
      vertex -31.3838 2.94069 0
      vertex -32.9369 6.91144 0
      vertex -32.314 6.99013 0
    endloop
  endfacet
  facet normal 0 0 -1
    outer loop
      vertex -36.9606 2.62667 0
      vertex -32.848 1.5657 0
      vertex -33.0218 1.1964 0
    endloop
  endfacet
  facet normal 0 0 -1
    outer loop
      vertex -37 2 0
      vertex -33.0218 1.1964 0
      vertex -33.1479 0.808242 0
    endloop
  endfacet
  facet normal 0 0 -1
    outer loop
      vertex -37 2 0
      vertex -33.1479 0.808242 0
      vertex -33.2244 0.407332 0
    endloop
  endfacet
  facet normal 0 0 -1
    outer loop
      vertex -37 2 0
      vertex -33.2244 0.407332 0
      vertex -33.25 0 0
    endloop
  endfacet
  facet normal 0 0 -1
    outer loop
      vertex -31.7414 2.74407 0
      vertex -33.5451 6.75528 0
      vertex -32.9369 6.91144 0
    endloop
  endfacet
  facet normal 0 0 -1
    outer loop
      vertex -36.3815 -4.40877 0
      vertex -32.6293 -1.9103 0
      vertex -36.0451 -4.93893 0
    endloop
  endfacet
  facet normal 0 0 -1
    outer loop
      vertex -36.6489 -3.84062 0
      vertex -32.6293 -1.9103 0
      vertex -36.3815 -4.40877 0
    endloop
  endfacet
  facet normal 0 0 -1
    outer loop
      vertex -37 2 0
      vertex -33.25 0 0
      vertex -37 -2 0
    endloop
  endfacet
  facet normal -0 0 -1
    outer loop
      vertex -32.6293 -1.9103 0
      vertex -36.6489 -3.84062 0
      vertex -32.848 -1.5657 0
    endloop
  endfacet
  facet normal 0 0 -1
    outer loop
      vertex -33.0218 1.1964 0
      vertex -37 2 0
      vertex -36.9606 2.62667 0
    endloop
  endfacet
  facet normal 0 0 -1
    outer loop
      vertex -36.8429 -3.24345 0
      vertex -32.848 -1.5657 0
      vertex -36.6489 -3.84062 0
    endloop
  endfacet
  facet normal 0 0 -1
    outer loop
      vertex -31.7414 2.74407 0
      vertex -34.1289 6.52413 0
      vertex -33.5451 6.75528 0
    endloop
  endfacet
  facet normal 0 0 -1
    outer loop
      vertex -36.9606 -2.62667 0
      vertex -32.848 -1.5657 0
      vertex -36.8429 -3.24345 0
    endloop
  endfacet
  facet normal 0 0 -1
    outer loop
      vertex -32.0716 2.50417 0
      vertex -34.6791 6.22164 0
      vertex -34.1289 6.52413 0
    endloop
  endfacet
  facet normal -0 0 -1
    outer loop
      vertex -32.848 -1.5657 0
      vertex -36.9606 -2.62667 0
      vertex -33.0218 -1.1964 0
    endloop
  endfacet
  facet normal 0 0 -1
    outer loop
      vertex -32.0716 2.50417 0
      vertex -35.1871 5.85257 0
      vertex -34.6791 6.22164 0
    endloop
  endfacet
  facet normal 0 0 -1
    outer loop
      vertex -37 -2 0
      vertex -33.0218 -1.1964 0
      vertex -36.9606 -2.62667 0
    endloop
  endfacet
  facet normal 0 0 -1
    outer loop
      vertex -32.3691 2.22478 0
      vertex -35.6448 5.42274 0
      vertex -35.1871 5.85257 0
    endloop
  endfacet
  facet normal -0 0 -1
    outer loop
      vertex -33.0218 -1.1964 0
      vertex -37 -2 0
      vertex -33.1479 -0.808242 0
    endloop
  endfacet
  facet normal 0 0 -1
    outer loop
      vertex -32.3691 2.22478 0
      vertex -36.0451 4.93893 0
      vertex -35.6448 5.42274 0
    endloop
  endfacet
  facet normal -0 0 -1
    outer loop
      vertex -33.1479 -0.808242 0
      vertex -37 -2 0
      vertex -33.2244 -0.407332 0
    endloop
  endfacet
  facet normal 0 0 -1
    outer loop
      vertex -32.6293 1.9103 0
      vertex -36.3815 4.40877 0
      vertex -36.0451 4.93893 0
    endloop
  endfacet
  facet normal -0 0 -1
    outer loop
      vertex -33.2244 -0.407332 0
      vertex -37 -2 0
      vertex -33.25 0 0
    endloop
  endfacet
  facet normal 0 0 -1
    outer loop
      vertex -32.6293 1.9103 0
      vertex -36.6489 3.84062 0
      vertex -36.3815 4.40877 0
    endloop
  endfacet
  facet normal 0 0 -1
    outer loop
      vertex -32.848 1.5657 0
      vertex -36.8429 3.24345 0
      vertex -36.6489 3.84062 0
    endloop
  endfacet
  facet normal 0 0 -1
    outer loop
      vertex -32.848 1.5657 0
      vertex -36.9606 2.62667 0
      vertex -36.8429 3.24345 0
    endloop
  endfacet
  facet normal -0 0 -1
    outer loop
      vertex -7.11079 17.444 0
      vertex -17.4322 13.2741 0
      vertex -7.64439 19.0166 0
    endloop
  endfacet
  facet normal 0 0 -1
    outer loop
      vertex -18.3432 15.4766 0
      vertex -7.64439 19.0166 0
      vertex -17.4322 13.2741 0
    endloop
  endfacet
  facet normal 0 0 -1
    outer loop
      vertex -12.7469 6.99013 0
      vertex -11.8521 0.808242 0
      vertex -11.9782 1.1964 0
    endloop
  endfacet
  facet normal 0 0 -1
    outer loop
      vertex -12.7469 6.99013 0
      vertex -11.9782 1.1964 0
      vertex -12.152 1.5657 0
    endloop
  endfacet
  facet normal 0 0 -1
    outer loop
      vertex -12.7469 6.99013 0
      vertex -12.152 1.5657 0
      vertex -12.3707 1.9103 0
    endloop
  endfacet
  facet normal 0 0 -1
    outer loop
      vertex -12.7469 6.99013 0
      vertex -12.3707 1.9103 0
      vertex -12.6309 2.22478 0
    endloop
  endfacet
  facet normal 0 0 -1
    outer loop
      vertex -19.0887 17.881 0
      vertex -7.64439 19.0166 0
      vertex -18.3432 15.4766 0
    endloop
  endfacet
  facet normal 0 -0 -1
    outer loop
      vertex -20.303 33.1925 0
      vertex -8.8571 29.5182 0
      vertex -20.4138 29.5182 0
    endloop
  endfacet
  facet normal -0 0 -1
    outer loop
      vertex -7.64439 19.0166 0
      vertex -19.0887 17.881 0
      vertex -8.08096 20.7651 0
    endloop
  endfacet
  facet normal 0 -0 -1
    outer loop
      vertex -19.9706 36.5955 0
      vertex -8.8571 29.5182 0
      vertex -20.303 33.1925 0
    endloop
  endfacet
  facet normal 0 0 -1
    outer loop
      vertex -19.6684 20.4874 0
      vertex -8.08096 20.7651 0
      vertex -19.0887 17.881 0
    endloop
  endfacet
  facet normal -0 0 -1
    outer loop
      vertex -8.08096 20.7651 0
      vertex -19.6684 20.4874 0
      vertex -8.42052 22.6895 0
    endloop
  endfacet
  facet normal 0 -0 -1
    outer loop
      vertex -19.4164 39.7271 0
      vertex -8.8571 29.5182 0
      vertex -19.9706 36.5955 0
    endloop
  endfacet
  facet normal 0 0 -1
    outer loop
      vertex -20.0826 23.2957 0
      vertex -8.42052 22.6895 0
      vertex -19.6684 20.4874 0
    endloop
  endfacet
  facet normal 0 -0 -1
    outer loop
      vertex -18.6407 42.5874 0
      vertex -8.8571 29.5182 0
      vertex -19.4164 39.7271 0
    endloop
  endfacet
  facet normal 0 0 -1
    outer loop
      vertex -8.42052 22.6895 0
      vertex -20.0826 23.2957 0
      vertex -8.66306 24.7898 0
    endloop
  endfacet
  facet normal 0 0 -1
    outer loop
      vertex -8.80859 27.066 0
      vertex -20.4138 29.5182 0
      vertex -8.8571 29.5182 0
    endloop
  endfacet
  facet normal 0 0 -1
    outer loop
      vertex -20.331 26.306 0
      vertex -8.66306 24.7898 0
      vertex -20.0826 23.2957 0
    endloop
  endfacet
  facet normal 0 0 -1
    outer loop
      vertex -8.66306 24.7898 0
      vertex -20.331 26.306 0
      vertex -8.80859 27.066 0
    endloop
  endfacet
  facet normal 0 0 -1
    outer loop
      vertex -20.4138 29.5182 0
      vertex -8.80859 27.066 0
      vertex -20.331 26.306 0
    endloop
  endfacet
  facet normal 0 0 -1
    outer loop
      vertex -8.8571 29.5182 0
      vertex -16.4242 47.4938 0
      vertex -14.9835 49.54 0
    endloop
  endfacet
  facet normal 0 -0 -1
    outer loop
      vertex -17.6432 45.1763 0
      vertex -8.8571 29.5182 0
      vertex -18.6407 42.5874 0
    endloop
  endfacet
  facet normal 0 0 -1
    outer loop
      vertex -8.8571 29.5182 0
      vertex -14.9835 49.54 0
      vertex -13.3359 51.3141 0
    endloop
  endfacet
  facet normal 0 -0 -1
    outer loop
      vertex -16.4242 47.4938 0
      vertex -8.8571 29.5182 0
      vertex -17.6432 45.1763 0
    endloop
  endfacet
  facet normal 0 0 -1
    outer loop
      vertex -8.8571 29.5182 0
      vertex -13.3359 51.3141 0
      vertex -11.4967 52.8154 0
    endloop
  endfacet
  facet normal 0 0 -1
    outer loop
      vertex 5.71419 -0.225599 0
      vertex 3.25 0 0
      vertex 5.7 0 0
    endloop
  endfacet
  facet normal 0 -0 -1
    outer loop
      vertex 3.25 0 0
      vertex 5.71419 -0.225599 0
      vertex 3.22437 -0.407332 0
    endloop
  endfacet
  facet normal 0 0 -1
    outer loop
      vertex 5.75655 -0.447641 0
      vertex 3.22437 -0.407332 0
      vertex 5.71419 -0.225599 0
    endloop
  endfacet
  facet normal 0 -0 -1
    outer loop
      vertex 3.22437 -0.407332 0
      vertex 5.75655 -0.447641 0
      vertex 3.14789 -0.808242 0
    endloop
  endfacet
  facet normal -0 0 -1
    outer loop
      vertex 5.8264 -0.662623 0
      vertex 3.14789 -0.808242 0
      vertex 5.75655 -0.447641 0
    endloop
  endfacet
  facet normal -0 0 -1
    outer loop
      vertex 6.04377 -1.05801 0
      vertex 3.02177 -1.1964 0
      vertex 5.92265 -0.867156 0
    endloop
  endfacet
  facet normal -0 0 -1
    outer loop
      vertex 6.53551 -1.51979 0
      vertex 2.6293 -1.9103 0
      vertex 6.35264 -1.38692 0
    endloop
  endfacet
  facet normal 0 -0 -1
    outer loop
      vertex 2.6293 -1.9103 0
      vertex 6.53551 -1.51979 0
      vertex 2.36915 -2.22478 0
    endloop
  endfacet
  facet normal 0 0 -1
    outer loop
      vertex 2.12051 -8.72884 0
      vertex 1.74144 -2.74407 0
      vertex 2.07163 -2.50417 0
    endloop
  endfacet
  facet normal 0 0 -1
    outer loop
      vertex 0.971176 -7.61392 0
      vertex 1.74144 -2.74407 0
      vertex 2.12051 -8.72884 0
    endloop
  endfacet
  facet normal 0 0 -1
    outer loop
      vertex 1.74144 -2.74407 0
      vertex 0.971176 -7.61392 0
      vertex 1.38378 -2.94069 0
    endloop
  endfacet
  facet normal 0 0 -1
    outer loop
      vertex 0.451484 -6.99013 0
      vertex 1.38378 -2.94069 0
      vertex 0.971176 -7.61392 0
    endloop
  endfacet
  facet normal 0 0 -1
    outer loop
      vertex 1.38378 -2.94069 0
      vertex 0.451484 -6.99013 0
      vertex 1.0043 -3.09093 0
    endloop
  endfacet
  facet normal 0 0 -1
    outer loop
      vertex 1.0043 -3.09093 0
      vertex 0.451484 -6.99013 0
      vertex 0.608989 -3.19243 0
    endloop
  endfacet
  facet normal 0 0 -1
    outer loop
      vertex 0.451484 -6.99013 0
      vertex 0.204069 -3.24359 0
      vertex 0.608989 -3.19243 0
    endloop
  endfacet
  facet normal 0 0 -1
    outer loop
      vertex 0.451484 -6.99013 0
      vertex -0.204069 -3.24359 0
      vertex 0.204069 -3.24359 0
    endloop
  endfacet
  facet normal 0 0 -1
    outer loop
      vertex 0.451484 -6.99013 0
      vertex -0.608989 -3.19243 0
      vertex -0.204069 -3.24359 0
    endloop
  endfacet
  facet normal 0 0 -1
    outer loop
      vertex 0.451484 -6.99013 0
      vertex -1.0043 -3.09093 0
      vertex -0.608989 -3.19243 0
    endloop
  endfacet
  facet normal 0 0 -1
    outer loop
      vertex 0.451484 -6.99013 0
      vertex -1.38378 -2.94069 0
      vertex -1.0043 -3.09093 0
    endloop
  endfacet
  facet normal 0 0 -1
    outer loop
      vertex 0.451484 -6.99013 0
      vertex -1.74144 -2.74407 0
      vertex -1.38378 -2.94069 0
    endloop
  endfacet
  facet normal 0 0 -1
    outer loop
      vertex 0.451484 -6.99013 0
      vertex -2.07163 -2.50417 0
      vertex -1.74144 -2.74407 0
    endloop
  endfacet
  facet normal 0 0 -1
    outer loop
      vertex -6.94377 -1.7119 0
      vertex -2.07163 -2.50417 0
      vertex 0.451484 -6.99013 0
    endloop
  endfacet
  facet normal 0 -0 -1
    outer loop
      vertex -6.7336 -1.62869 0
      vertex -2.07163 -2.50417 0
      vertex -6.94377 -1.7119 0
    endloop
  endfacet
  facet normal 0 0 -1
    outer loop
      vertex -2.07163 -2.50417 0
      vertex -6.7336 -1.62869 0
      vertex -2.36915 -2.22478 0
    endloop
  endfacet
  facet normal 0 0 -1
    outer loop
      vertex -2.36915 2.22478 0
      vertex -6.53551 1.51979 0
      vertex -6.7336 1.62869 0
    endloop
  endfacet
  facet normal 0 0 -1
    outer loop
      vertex -5.71419 -0.225599 0
      vertex -3.25 0 0
      vertex -3.22437 -0.407332 0
    endloop
  endfacet
  facet normal 0 0 -1
    outer loop
      vertex -3.25 0 0
      vertex -5.7 0 0
      vertex -5.71419 0.225599 0
    endloop
  endfacet
  facet normal 0 0 -1
    outer loop
      vertex -5.75655 -0.447641 0
      vertex -3.22437 -0.407332 0
      vertex -3.14789 -0.808242 0
    endloop
  endfacet
  facet normal 0 0 -1
    outer loop
      vertex -5.92265 -0.867156 0
      vertex -3.14789 -0.808242 0
      vertex -3.02177 -1.1964 0
    endloop
  endfacet
  facet normal 0 0 -1
    outer loop
      vertex -6.04377 -1.05801 0
      vertex -3.02177 -1.1964 0
      vertex -2.848 -1.5657 0
    endloop
  endfacet
  facet normal 0 0 -1
    outer loop
      vertex -2.36915 -2.22478 0
      vertex -6.53551 -1.51979 0
      vertex -2.6293 -1.9103 0
    endloop
  endfacet
  facet normal -0 0 -1
    outer loop
      vertex -3.25 0 0
      vertex -5.71419 -0.225599 0
      vertex -5.7 0 0
    endloop
  endfacet
  facet normal -0 0 -1
    outer loop
      vertex -3.22437 -0.407332 0
      vertex -5.75655 -0.447641 0
      vertex -5.71419 -0.225599 0
    endloop
  endfacet
  facet normal 0 0 -1
    outer loop
      vertex -3.14789 -0.808242 0
      vertex -5.8264 -0.662623 0
      vertex -5.75655 -0.447641 0
    endloop
  endfacet
  facet normal -0 0 -1
    outer loop
      vertex -3.14789 -0.808242 0
      vertex -5.92265 -0.867156 0
      vertex -5.8264 -0.662623 0
    endloop
  endfacet
  facet normal 0 0 -1
    outer loop
      vertex -3.02177 -1.1964 0
      vertex -6.04377 -1.05801 0
      vertex -5.92265 -0.867156 0
    endloop
  endfacet
  facet normal 0 0 -1
    outer loop
      vertex -2.848 -1.5657 0
      vertex -6.18786 -1.23218 0
      vertex -6.04377 -1.05801 0
    endloop
  endfacet
  facet normal 0 0 -1
    outer loop
      vertex -2.6293 -1.9103 0
      vertex -6.18786 -1.23218 0
      vertex -2.848 -1.5657 0
    endloop
  endfacet
  facet normal 0 -0 -1
    outer loop
      vertex -6.18786 -1.23218 0
      vertex -2.6293 -1.9103 0
      vertex -6.35264 -1.38692 0
    endloop
  endfacet
  facet normal 0 -0 -1
    outer loop
      vertex -6.35264 -1.38692 0
      vertex -2.6293 -1.9103 0
      vertex -6.53551 -1.51979 0
    endloop
  endfacet
  facet normal 0 -0 -1
    outer loop
      vertex -6.53551 -1.51979 0
      vertex -2.36915 -2.22478 0
      vertex -6.7336 -1.62869 0
    endloop
  endfacet
  facet normal 0 0 -1
    outer loop
      vertex 0.451484 -6.99013 0
      vertex -7.16271 -1.76812 0
      vertex -6.94377 -1.7119 0
    endloop
  endfacet
  facet normal 0 0 -1
    outer loop
      vertex 0.451484 -6.99013 0
      vertex -7.38698 -1.79645 0
      vertex -7.16271 -1.76812 0
    endloop
  endfacet
  facet normal 0 0 -1
    outer loop
      vertex 0.451484 -6.99013 0
      vertex -7.61302 -1.79645 0
      vertex -7.38698 -1.79645 0
    endloop
  endfacet
  facet normal 0 0 -1
    outer loop
      vertex -13.6162 -2.94069 0
      vertex -7.61302 -1.79645 0
      vertex 0.451484 -6.99013 0
    endloop
  endfacet
  facet normal -0 0 -1
    outer loop
      vertex -7.61302 -1.79645 0
      vertex -13.6162 -2.94069 0
      vertex -7.83729 -1.76812 0
    endloop
  endfacet
  facet normal 0 -0 -1
    outer loop
      vertex -13.2586 -2.74407 0
      vertex -7.83729 -1.76812 0
      vertex -13.6162 -2.94069 0
    endloop
  endfacet
  facet normal -0 0 -1
    outer loop
      vertex -7.83729 -1.76812 0
      vertex -13.2586 -2.74407 0
      vertex -8.05623 -1.7119 0
    endloop
  endfacet
  facet normal 0 0 -1
    outer loop
      vertex -4.04495 45.8117 0
      vertex -11.4967 52.8154 0
      vertex -9.46577 54.0436 0
    endloop
  endfacet
  facet normal 0 0 -1
    outer loop
      vertex -11.7756 0.407332 0
      vertex -9.28581 0.225599 0
      vertex -11.75 0 0
    endloop
  endfacet
  facet normal 0 0 -1
    outer loop
      vertex -9.28581 -0.225599 0
      vertex -11.75 0 0
      vertex -9.3 0 0
    endloop
  endfacet
  facet normal 0 0 -1
    outer loop
      vertex -11.7756 -0.407332 0
      vertex -9.28581 -0.225599 0
      vertex -9.24345 -0.447641 0
    endloop
  endfacet
  facet normal 0 0 -1
    outer loop
      vertex -11.8521 -0.808242 0
      vertex -9.24345 -0.447641 0
      vertex -9.1736 -0.662623 0
    endloop
  endfacet
  facet normal 0 0 -1
    outer loop
      vertex -11.8521 -0.808242 0
      vertex -9.1736 -0.662623 0
      vertex -9.07735 -0.867156 0
    endloop
  endfacet
  facet normal 0 0 -1
    outer loop
      vertex -11.9782 -1.1964 0
      vertex -9.07735 -0.867156 0
      vertex -8.95623 -1.05801 0
    endloop
  endfacet
  facet normal 0 0 -1
    outer loop
      vertex -12.152 -1.5657 0
      vertex -8.95623 -1.05801 0
      vertex -8.81214 -1.23218 0
    endloop
  endfacet
  facet normal 0 0 -1
    outer loop
      vertex -12.3707 -1.9103 0
      vertex -8.81214 -1.23218 0
      vertex -8.64736 -1.38692 0
    endloop
  endfacet
  facet normal 0 0 -1
    outer loop
      vertex -12.3707 -1.9103 0
      vertex -8.64736 -1.38692 0
      vertex -8.46449 -1.51979 0
    endloop
  endfacet
  facet normal -0 0 -1
    outer loop
      vertex -8.05623 -1.7119 0
      vertex -12.9284 -2.50417 0
      vertex -8.2664 -1.62869 0
    endloop
  endfacet
  facet normal -0 0 -1
    outer loop
      vertex -9.28581 -0.225599 0
      vertex -11.7756 -0.407332 0
      vertex -11.75 0 0
    endloop
  endfacet
  facet normal -0 0 -1
    outer loop
      vertex -9.24345 -0.447641 0
      vertex -11.8521 -0.808242 0
      vertex -11.7756 -0.407332 0
    endloop
  endfacet
  facet normal -0 0 -1
    outer loop
      vertex -9.07735 -0.867156 0
      vertex -11.9782 -1.1964 0
      vertex -11.8521 -0.808242 0
    endloop
  endfacet
  facet normal 0 0 -1
    outer loop
      vertex -8.95623 -1.05801 0
      vertex -12.152 -1.5657 0
      vertex -11.9782 -1.1964 0
    endloop
  endfacet
  facet normal 0 0 -1
    outer loop
      vertex -8.81214 -1.23218 0
      vertex -12.3707 -1.9103 0
      vertex -12.152 -1.5657 0
    endloop
  endfacet
  facet normal 0 0 -1
    outer loop
      vertex -8.46449 -1.51979 0
      vertex -12.6309 -2.22478 0
      vertex -12.3707 -1.9103 0
    endloop
  endfacet
  facet normal -0 0 -1
    outer loop
      vertex -8.2664 -1.62869 0
      vertex -12.6309 -2.22478 0
      vertex -8.46449 -1.51979 0
    endloop
  endfacet
  facet normal 0 -0 -1
    outer loop
      vertex -12.6309 -2.22478 0
      vertex -8.2664 -1.62869 0
      vertex -12.9284 -2.50417 0
    endloop
  endfacet
  facet normal 0 -0 -1
    outer loop
      vertex -12.9284 -2.50417 0
      vertex -8.05623 -1.7119 0
      vertex -13.2586 -2.74407 0
    endloop
  endfacet
  facet normal 0 0 -1
    outer loop
      vertex 0.451484 -6.99013 0
      vertex -13.9957 -3.09093 0
      vertex -13.6162 -2.94069 0
    endloop
  endfacet
  facet normal 0 0 -1
    outer loop
      vertex 0.451484 -6.99013 0
      vertex -14.391 -3.19243 0
      vertex -13.9957 -3.09093 0
    endloop
  endfacet
  facet normal 0 0 -1
    outer loop
      vertex 0.451484 -6.99013 0
      vertex -14.7959 -3.24359 0
      vertex -14.391 -3.19243 0
    endloop
  endfacet
  facet normal 0 0 -1
    outer loop
      vertex 0.451484 -6.99013 0
      vertex -15.2041 -3.24359 0
      vertex -14.7959 -3.24359 0
    endloop
  endfacet
  facet normal 0 0 -1
    outer loop
      vertex -32.314 -6.99013 0
      vertex -15.2041 -3.24359 0
      vertex 0.451484 -6.99013 0
    endloop
  endfacet
  facet normal 0 0 -1
    outer loop
      vertex -20.7142 -0.225599 0
      vertex -18.25 0 0
      vertex -18.2244 -0.407332 0
    endloop
  endfacet
  facet normal 0 0 -1
    outer loop
      vertex -20.7565 -0.447641 0
      vertex -18.2244 -0.407332 0
      vertex -18.1479 -0.808242 0
    endloop
  endfacet
  facet normal 0 0 -1
    outer loop
      vertex -20.9226 -0.867156 0
      vertex -18.1479 -0.808242 0
      vertex -18.0218 -1.1964 0
    endloop
  endfacet
  facet normal 0 0 -1
    outer loop
      vertex -21.0438 -1.05801 0
      vertex -18.0218 -1.1964 0
      vertex -17.848 -1.5657 0
    endloop
  endfacet
  facet normal 0 0 -1
    outer loop
      vertex -21.1879 -1.23218 0
      vertex -17.848 -1.5657 0
      vertex -17.6293 -1.9103 0
    endloop
  endfacet
  facet normal 0 0 -1
    outer loop
      vertex -21.5355 -1.51979 0
      vertex -17.6293 -1.9103 0
      vertex -17.3691 -2.22478 0
    endloop
  endfacet
  facet normal 0 0 -1
    outer loop
      vertex -21.7336 -1.62869 0
      vertex -17.3691 -2.22478 0
      vertex -17.0716 -2.50417 0
    endloop
  endfacet
  facet normal 0 0 -1
    outer loop
      vertex -21.9438 -1.7119 0
      vertex -17.0716 -2.50417 0
      vertex -16.7414 -2.74407 0
    endloop
  endfacet
  facet normal -0 0 -1
    outer loop
      vertex -18.25 0 0
      vertex -20.7142 -0.225599 0
      vertex -20.7 0 0
    endloop
  endfacet
  facet normal -0 0 -1
    outer loop
      vertex -18.2244 -0.407332 0
      vertex -20.7565 -0.447641 0
      vertex -20.7142 -0.225599 0
    endloop
  endfacet
  facet normal 0 0 -1
    outer loop
      vertex -18.1479 -0.808242 0
      vertex -20.8264 -0.662623 0
      vertex -20.7565 -0.447641 0
    endloop
  endfacet
  facet normal 0 0 -1
    outer loop
      vertex -22.1627 -1.76812 0
      vertex -16.7414 -2.74407 0
      vertex -16.3838 -2.94069 0
    endloop
  endfacet
  facet normal -0 0 -1
    outer loop
      vertex -18.1479 -0.808242 0
      vertex -20.9226 -0.867156 0
      vertex -20.8264 -0.662623 0
    endloop
  endfacet
  facet normal 0 0 -1
    outer loop
      vertex -18.0218 -1.1964 0
      vertex -21.0438 -1.05801 0
      vertex -20.9226 -0.867156 0
    endloop
  endfacet
  facet normal 0 0 -1
    outer loop
      vertex -17.848 -1.5657 0
      vertex -21.1879 -1.23218 0
      vertex -21.0438 -1.05801 0
    endloop
  endfacet
  facet normal 0 0 -1
    outer loop
      vertex -32.314 -6.99013 0
      vertex -16.3838 -2.94069 0
      vertex -16.0043 -3.09093 0
    endloop
  endfacet
  facet normal 0 0 -1
    outer loop
      vertex -17.6293 -1.9103 0
      vertex -21.3526 -1.38692 0
      vertex -21.1879 -1.23218 0
    endloop
  endfacet
  facet normal 0 0 -1
    outer loop
      vertex -17.6293 -1.9103 0
      vertex -21.5355 -1.51979 0
      vertex -21.3526 -1.38692 0
    endloop
  endfacet
  facet normal 0 0 -1
    outer loop
      vertex -17.3691 -2.22478 0
      vertex -21.7336 -1.62869 0
      vertex -21.5355 -1.51979 0
    endloop
  endfacet
  facet normal 0 0 -1
    outer loop
      vertex -32.314 -6.99013 0
      vertex -16.0043 -3.09093 0
      vertex -15.609 -3.19243 0
    endloop
  endfacet
  facet normal 0 0 -1
    outer loop
      vertex -17.0716 -2.50417 0
      vertex -21.9438 -1.7119 0
      vertex -21.7336 -1.62869 0
    endloop
  endfacet
  facet normal -0 0 -1
    outer loop
      vertex -15.2041 -3.24359 0
      vertex -32.314 -6.99013 0
      vertex -15.609 -3.19243 0
    endloop
  endfacet
  facet normal 0 0 -1
    outer loop
      vertex -16.7414 -2.74407 0
      vertex -22.1627 -1.76812 0
      vertex -21.9438 -1.7119 0
    endloop
  endfacet
  facet normal -0 0 -1
    outer loop
      vertex -16.3838 -2.94069 0
      vertex -32.314 -6.99013 0
      vertex -22.387 -1.79645 0
    endloop
  endfacet
  facet normal 0 0 -1
    outer loop
      vertex -16.3838 -2.94069 0
      vertex -22.387 -1.79645 0
      vertex -22.1627 -1.76812 0
    endloop
  endfacet
  facet normal -0 0 -1
    outer loop
      vertex -22.387 -1.79645 0
      vertex -32.314 -6.99013 0
      vertex -22.613 -1.79645 0
    endloop
  endfacet
  facet normal 0 0 -1
    outer loop
      vertex -24.2858 -0.225599 0
      vertex -26.75 0 0
      vertex -24.3 0 0
    endloop
  endfacet
  facet normal 0 0 -1
    outer loop
      vertex -26.7756 -0.407332 0
      vertex -24.2858 -0.225599 0
      vertex -24.2435 -0.447641 0
    endloop
  endfacet
  facet normal 0 0 -1
    outer loop
      vertex -26.8521 -0.808242 0
      vertex -24.2435 -0.447641 0
      vertex -24.1736 -0.662623 0
    endloop
  endfacet
  facet normal 0 0 -1
    outer loop
      vertex -26.8521 -0.808242 0
      vertex -24.1736 -0.662623 0
      vertex -24.0774 -0.867156 0
    endloop
  endfacet
  facet normal 0 0 -1
    outer loop
      vertex -26.9782 -1.1964 0
      vertex -24.0774 -0.867156 0
      vertex -23.9562 -1.05801 0
    endloop
  endfacet
  facet normal 0 0 -1
    outer loop
      vertex -27.152 -1.5657 0
      vertex -23.9562 -1.05801 0
      vertex -23.8121 -1.23218 0
    endloop
  endfacet
  facet normal 0 0 -1
    outer loop
      vertex -27.3707 -1.9103 0
      vertex -23.8121 -1.23218 0
      vertex -23.6474 -1.38692 0
    endloop
  endfacet
  facet normal 0 0 -1
    outer loop
      vertex -27.3707 -1.9103 0
      vertex -23.6474 -1.38692 0
      vertex -23.4645 -1.51979 0
    endloop
  endfacet
  facet normal 0 0 -1
    outer loop
      vertex -27.6309 -2.22478 0
      vertex -23.4645 -1.51979 0
      vertex -23.2664 -1.62869 0
    endloop
  endfacet
  facet normal -0 0 -1
    outer loop
      vertex -24.2858 -0.225599 0
      vertex -26.7756 -0.407332 0
      vertex -26.75 0 0
    endloop
  endfacet
  facet normal 0 0 -1
    outer loop
      vertex -27.9284 -2.50417 0
      vertex -23.2664 -1.62869 0
      vertex -23.0562 -1.7119 0
    endloop
  endfacet
  facet normal -0 0 -1
    outer loop
      vertex -24.2435 -0.447641 0
      vertex -26.8521 -0.808242 0
      vertex -26.7756 -0.407332 0
    endloop
  endfacet
  facet normal 0 0 -1
    outer loop
      vertex -28.2586 -2.74407 0
      vertex -23.0562 -1.7119 0
      vertex -22.8373 -1.76812 0
    endloop
  endfacet
  facet normal -0 0 -1
    outer loop
      vertex -24.0774 -0.867156 0
      vertex -26.9782 -1.1964 0
      vertex -26.8521 -0.808242 0
    endloop
  endfacet
  facet normal -0 0 -1
    outer loop
      vertex -22.613 -1.79645 0
      vertex -32.314 -6.99013 0
      vertex -22.8373 -1.76812 0
    endloop
  endfacet
  facet normal 0 0 -1
    outer loop
      vertex -23.9562 -1.05801 0
      vertex -27.152 -1.5657 0
      vertex -26.9782 -1.1964 0
    endloop
  endfacet
  facet normal 0 0 -1
    outer loop
      vertex -23.8121 -1.23218 0
      vertex -27.3707 -1.9103 0
      vertex -27.152 -1.5657 0
    endloop
  endfacet
  facet normal 0 0 -1
    outer loop
      vertex -23.4645 -1.51979 0
      vertex -27.6309 -2.22478 0
      vertex -27.3707 -1.9103 0
    endloop
  endfacet
  facet normal 0 0 -1
    outer loop
      vertex -23.2664 -1.62869 0
      vertex -27.9284 -2.50417 0
      vertex -27.6309 -2.22478 0
    endloop
  endfacet
  facet normal 0 -0 -1
    outer loop
      vertex -28.2586 -2.74407 0
      vertex -22.8373 -1.76812 0
      vertex -32.314 -6.99013 0
    endloop
  endfacet
  facet normal 0 0 -1
    outer loop
      vertex -23.0562 -1.7119 0
      vertex -28.2586 -2.74407 0
      vertex -27.9284 -2.50417 0
    endloop
  endfacet
  facet normal 0 0 -1
    outer loop
      vertex -28.2586 -2.74407 0
      vertex -32.314 -6.99013 0
      vertex -28.6162 -2.94069 0
    endloop
  endfacet
  facet normal 0 0 -1
    outer loop
      vertex -28.6162 -2.94069 0
      vertex -32.314 -6.99013 0
      vertex -28.9957 -3.09093 0
    endloop
  endfacet
  facet normal 0 0 -1
    outer loop
      vertex -28.9957 -3.09093 0
      vertex -32.314 -6.99013 0
      vertex -29.391 -3.19243 0
    endloop
  endfacet
  facet normal 0 0 -1
    outer loop
      vertex -29.391 -3.19243 0
      vertex -32.314 -6.99013 0
      vertex -29.7959 -3.24359 0
    endloop
  endfacet
  facet normal -0 0 -1
    outer loop
      vertex -29.7959 -3.24359 0
      vertex -32.314 -6.99013 0
      vertex -30.2041 -3.24359 0
    endloop
  endfacet
  facet normal 0 0 -1
    outer loop
      vertex -32.314 -6.99013 0
      vertex -30.609 -3.19243 0
      vertex -30.2041 -3.24359 0
    endloop
  endfacet
  facet normal 0 0 -1
    outer loop
      vertex -32.314 -6.99013 0
      vertex -31.0043 -3.09093 0
      vertex -30.609 -3.19243 0
    endloop
  endfacet
  facet normal 0 0 -1
    outer loop
      vertex -32.314 -6.99013 0
      vertex -31.3838 -2.94069 0
      vertex -31.0043 -3.09093 0
    endloop
  endfacet
  facet normal 0 0 -1
    outer loop
      vertex -32.9369 -6.91144 0
      vertex -31.3838 -2.94069 0
      vertex -32.314 -6.99013 0
    endloop
  endfacet
  facet normal -0 0 -1
    outer loop
      vertex -31.3838 -2.94069 0
      vertex -32.9369 -6.91144 0
      vertex -31.7414 -2.74407 0
    endloop
  endfacet
  facet normal 0 0 -1
    outer loop
      vertex -33.5451 -6.75528 0
      vertex -31.7414 -2.74407 0
      vertex -32.9369 -6.91144 0
    endloop
  endfacet
  facet normal 0 0 -1
    outer loop
      vertex -34.1289 -6.52413 0
      vertex -31.7414 -2.74407 0
      vertex -33.5451 -6.75528 0
    endloop
  endfacet
  facet normal -0 0 -1
    outer loop
      vertex -31.7414 -2.74407 0
      vertex -34.1289 -6.52413 0
      vertex -32.0716 -2.50417 0
    endloop
  endfacet
  facet normal 0 0 -1
    outer loop
      vertex -34.6791 -6.22164 0
      vertex -32.0716 -2.50417 0
      vertex -34.1289 -6.52413 0
    endloop
  endfacet
  facet normal 0 0 -1
    outer loop
      vertex -35.1871 -5.85257 0
      vertex -32.0716 -2.50417 0
      vertex -34.6791 -6.22164 0
    endloop
  endfacet
  facet normal -0 0 -1
    outer loop
      vertex -32.0716 -2.50417 0
      vertex -35.1871 -5.85257 0
      vertex -32.3691 -2.22478 0
    endloop
  endfacet
  facet normal 0 0 -1
    outer loop
      vertex -35.6448 -5.42274 0
      vertex -32.3691 -2.22478 0
      vertex -35.1871 -5.85257 0
    endloop
  endfacet
  facet normal 0 0 -1
    outer loop
      vertex -36.0451 -4.93893 0
      vertex -32.3691 -2.22478 0
      vertex -35.6448 -5.42274 0
    endloop
  endfacet
  facet normal -0 0 -1
    outer loop
      vertex -32.3691 -2.22478 0
      vertex -36.0451 -4.93893 0
      vertex -32.6293 -1.9103 0
    endloop
  endfacet
  facet normal -0 0 -1
    outer loop
      vertex 17.5486 47.4938 0
      vertex 6.90021 44.0013 0
      vertex 16.1129 49.54 0
    endloop
  endfacet
  facet normal -0 0 -1
    outer loop
      vertex 16.1129 49.54 0
      vertex 6.90021 44.0013 0
      vertex 14.4706 51.3141 0
    endloop
  endfacet
  facet normal -0 0 -1
    outer loop
      vertex 14.4706 51.3141 0
      vertex 6.90021 44.0013 0
      vertex 12.6359 52.8154 0
    endloop
  endfacet
  facet normal 0 0 -1
    outer loop
      vertex 5.17506 45.8117 0
      vertex 12.6359 52.8154 0
      vertex 6.90021 44.0013 0
    endloop
  endfacet
  facet normal -0 0 -1
    outer loop
      vertex 12.6359 52.8154 0
      vertex 5.17506 45.8117 0
      vertex 10.6086 54.0436 0
    endloop
  endfacet
  facet normal -0 0 -1
    outer loop
      vertex 10.6086 54.0436 0
      vertex 5.17506 45.8117 0
      vertex 8.38889 54.9989 0
    endloop
  endfacet
  facet normal 0 0 -1
    outer loop
      vertex 3.06656 46.8979 0
      vertex 8.38889 54.9989 0
      vertex 5.17506 45.8117 0
    endloop
  endfacet
  facet normal -0 0 -1
    outer loop
      vertex 8.38889 54.9989 0
      vertex 3.06656 46.8979 0
      vertex 5.97665 55.6813 0
    endloop
  endfacet
  facet normal -0 0 -1
    outer loop
      vertex 5.97665 55.6813 0
      vertex 3.06656 46.8979 0
      vertex 3.37192 56.0907 0
    endloop
  endfacet
  facet normal 0 0 -1
    outer loop
      vertex 0.574677 47.26 0
      vertex 3.37192 56.0907 0
      vertex 3.06656 46.8979 0
    endloop
  endfacet
  facet normal 0 0 -1
    outer loop
      vertex 0.574677 47.26 0
      vertex 0.574677 56.2272 0
      vertex 3.37192 56.0907 0
    endloop
  endfacet
  facet normal 0 0 -1
    outer loop
      vertex -2.22295 56.0907 0
      vertex 0.574677 47.26 0
      vertex -1.92761 46.8979 0
    endloop
  endfacet
  facet normal 0 0 -1
    outer loop
      vertex 0.574677 47.26 0
      vertex -2.22295 56.0907 0
      vertex 0.574677 56.2272 0
    endloop
  endfacet
  facet normal 0 0 -1
    outer loop
      vertex -7.24318 54.9989 0
      vertex -1.92761 46.8979 0
      vertex -4.04495 45.8117 0
    endloop
  endfacet
  facet normal 0 0 -1
    outer loop
      vertex -1.92761 46.8979 0
      vertex -4.8289 55.6813 0
      vertex -2.22295 56.0907 0
    endloop
  endfacet
  facet normal 0 0 -1
    outer loop
      vertex -11.4967 52.8154 0
      vertex -4.04495 45.8117 0
      vertex -5.77733 44.0013 0
    endloop
  endfacet
  facet normal 0 0 -1
    outer loop
      vertex -11.4967 52.8154 0
      vertex -5.77733 44.0013 0
      vertex -7.12473 41.4667 0
    endloop
  endfacet
  facet normal 0 0 -1
    outer loop
      vertex -1.92761 46.8979 0
      vertex -7.24318 54.9989 0
      vertex -4.8289 55.6813 0
    endloop
  endfacet
  facet normal 0 0 -1
    outer loop
      vertex -11.4967 52.8154 0
      vertex -7.12473 41.4667 0
      vertex -8.08716 38.208 0
    endloop
  endfacet
  facet normal 0 0 -1
    outer loop
      vertex -11.4967 52.8154 0
      vertex -8.08716 38.208 0
      vertex -8.66461 34.2252 0
    endloop
  endfacet
  facet normal 0 0 -1
    outer loop
      vertex -11.7756 0.407332 0
      vertex -9.24345 0.447641 0
      vertex -9.28581 0.225599 0
    endloop
  endfacet
  facet normal -0 0 -1
    outer loop
      vertex -5.75398 14.8321 0
      vertex -15.121 9.47658 0
      vertex -6.48019 16.0473 0
    endloop
  endfacet
  facet normal 0 0 -1
    outer loop
      vertex -16.3554 11.2736 0
      vertex -6.48019 16.0473 0
      vertex -15.121 9.47658 0
    endloop
  endfacet
  facet normal 0 0 -1
    outer loop
      vertex -11.75 0 0
      vertex -9.28581 0.225599 0
      vertex -9.3 0 0
    endloop
  endfacet
  facet normal -0 0 -1
    outer loop
      vertex -6.48019 16.0473 0
      vertex -16.3554 11.2736 0
      vertex -7.11079 17.444 0
    endloop
  endfacet
  facet normal 0 0 -1
    outer loop
      vertex -4.04495 45.8117 0
      vertex -9.46577 54.0436 0
      vertex -7.24318 54.9989 0
    endloop
  endfacet
  facet normal 0 0 -1
    outer loop
      vertex -11.4967 52.8154 0
      vertex -8.66461 34.2252 0
      vertex -8.8571 29.5182 0
    endloop
  endfacet
  facet normal 0 0 -1
    outer loop
      vertex -17.4322 13.2741 0
      vertex -7.11079 17.444 0
      vertex -16.3554 11.2736 0
    endloop
  endfacet
  facet normal -0 0 -1
    outer loop
      vertex 11.7756 0.407332 0
      vertex 9.28581 0.225599 0
      vertex 9.24345 0.447641 0
    endloop
  endfacet
  facet normal 0 0 -1
    outer loop
      vertex 11.8521 0.808242 0
      vertex 9.24345 0.447641 0
      vertex 9.1736 0.662623 0
    endloop
  endfacet
  facet normal 0 0 -1
    outer loop
      vertex 20.3065 18.2849 0
      vertex 9.19714 20.7651 0
      vertex 9.53403 22.6895 0
    endloop
  endfacet
  facet normal -0 0 -1
    outer loop
      vertex 11.8521 0.808242 0
      vertex 9.1736 0.662623 0
      vertex 9.07735 0.867156 0
    endloop
  endfacet
  facet normal 0 0 -1
    outer loop
      vertex 11.9782 1.1964 0
      vertex 9.07735 0.867156 0
      vertex 8.95623 1.05801 0
    endloop
  endfacet
  facet normal 0 0 -1
    outer loop
      vertex 12.152 1.5657 0
      vertex 8.95623 1.05801 0
      vertex 8.81214 1.23218 0
    endloop
  endfacet
  facet normal 0 0 -1
    outer loop
      vertex 12.3707 1.9103 0
      vertex 8.81214 1.23218 0
      vertex 8.64736 1.38692 0
    endloop
  endfacet
  facet normal 0 0 -1
    outer loop
      vertex 19.6214 15.942 0
      vertex 8.76404 19.0166 0
      vertex 9.19714 20.7651 0
    endloop
  endfacet
  facet normal 0 0 -1
    outer loop
      vertex 12.3707 1.9103 0
      vertex 8.64736 1.38692 0
      vertex 8.46449 1.51979 0
    endloop
  endfacet
  facet normal 0 0 -1
    outer loop
      vertex 12.6309 2.22478 0
      vertex 8.46449 1.51979 0
      vertex 8.2664 1.62869 0
    endloop
  endfacet
  facet normal 0 0 -1
    outer loop
      vertex 13.9217 6.99013 0
      vertex 8.2664 1.62869 0
      vertex 8.05623 1.7119 0
    endloop
  endfacet
  facet normal 0 0 -1
    outer loop
      vertex 18.784 13.7852 0
      vertex 8.23466 17.444 0
      vertex 8.76404 19.0166 0
    endloop
  endfacet
  facet normal 0 0 -1
    outer loop
      vertex 13.9217 6.99013 0
      vertex 8.05623 1.7119 0
      vertex 7.83729 1.76812 0
    endloop
  endfacet
  facet normal 0 0 -1
    outer loop
      vertex 7.61302 1.79645 0
      vertex 13.9217 6.99013 0
      vertex 7.83729 1.76812 0
    endloop
  endfacet
  facet normal -0 0 -1
    outer loop
      vertex 13.9217 6.99013 0
      vertex 7.61302 1.79645 0
      vertex 5.16232 12.9625 0
    endloop
  endfacet
  facet normal 0 0 -1
    outer loop
      vertex 17.7944 11.8145 0
      vertex 7.60905 16.0473 0
      vertex 8.23466 17.444 0
    endloop
  endfacet
  facet normal 0 0 -1
    outer loop
      vertex 5.16232 12.9625 0
      vertex 7.61302 1.79645 0
      vertex 7.38698 1.79645 0
    endloop
  endfacet
  facet normal 0 0 -1
    outer loop
      vertex 5.16232 12.9625 0
      vertex 7.38698 1.79645 0
      vertex 7.16271 1.76812 0
    endloop
  endfacet
  facet normal 0 0 -1
    outer loop
      vertex 5.16232 12.9625 0
      vertex 7.16271 1.76812 0
      vertex 6.94377 1.7119 0
    endloop
  endfacet
  facet normal 0 0 -1
    outer loop
      vertex 16.6588 10.031 0
      vertex 6.88814 14.8321 0
      vertex 7.60905 16.0473 0
    endloop
  endfacet
  facet normal 0 0 -1
    outer loop
      vertex 5.16232 12.9625 0
      vertex 6.94377 1.7119 0
      vertex 6.7336 1.62869 0
    endloop
  endfacet
  facet normal 0 0 -1
    outer loop
      vertex 5.16232 12.9625 0
      vertex 6.7336 1.62869 0
      vertex 6.53551 1.51979 0
    endloop
  endfacet
  facet normal 0 0 -1
    outer loop
      vertex 5.16232 12.9625 0
      vertex 6.53551 1.51979 0
      vertex 6.35264 1.38692 0
    endloop
  endfacet
  facet normal 0 0 -1
    outer loop
      vertex 5.16232 12.9625 0
      vertex 6.35264 1.38692 0
      vertex 6.18786 1.23218 0
    endloop
  endfacet
  facet normal 0 0 -1
    outer loop
      vertex 13.9217 6.99013 0
      vertex 6.07256 13.8038 0
      vertex 6.88814 14.8321 0
    endloop
  endfacet
  facet normal 0 0 -1
    outer loop
      vertex 5.16232 12.9625 0
      vertex 6.18786 1.23218 0
      vertex 6.04377 1.05801 0
    endloop
  endfacet
  facet normal 0 0 -1
    outer loop
      vertex 5.16232 12.9625 0
      vertex 6.04377 1.05801 0
      vertex 5.92265 0.867156 0
    endloop
  endfacet
  facet normal 0 0 -1
    outer loop
      vertex 5.16232 12.9625 0
      vertex 5.92265 0.867156 0
      vertex 5.8264 0.662623 0
    endloop
  endfacet
  facet normal 0 0 -1
    outer loop
      vertex 5.16232 12.9625 0
      vertex 5.8264 0.662623 0
      vertex 5.75655 0.447641 0
    endloop
  endfacet
  facet normal 0 0 -1
    outer loop
      vertex 5.16232 12.9625 0
      vertex 5.75655 0.447641 0
      vertex 5.71419 0.225599 0
    endloop
  endfacet
  facet normal 0 0 -1
    outer loop
      vertex 5.16232 12.9625 0
      vertex 5.71419 0.225599 0
      vertex 5.7 0 0
    endloop
  endfacet
  facet normal 0 0 -1
    outer loop
      vertex 13.9217 6.99013 0
      vertex 5.16232 12.9625 0
      vertex 6.07256 13.8038 0
    endloop
  endfacet
  facet normal -0 0 -1
    outer loop
      vertex -3.22437 0.407332 0
      vertex -5.71419 0.225599 0
      vertex -5.75655 0.447641 0
    endloop
  endfacet
  facet normal 0 0 -1
    outer loop
      vertex -3.14789 0.808242 0
      vertex -5.75655 0.447641 0
      vertex -5.8264 0.662623 0
    endloop
  endfacet
  facet normal -0 0 -1
    outer loop
      vertex -3.14789 0.808242 0
      vertex -5.8264 0.662623 0
      vertex -5.92265 0.867156 0
    endloop
  endfacet
  facet normal 0 0 -1
    outer loop
      vertex -3.02177 1.1964 0
      vertex -5.92265 0.867156 0
      vertex -6.04377 1.05801 0
    endloop
  endfacet
  facet normal 0 0 -1
    outer loop
      vertex -2.848 1.5657 0
      vertex -6.04377 1.05801 0
      vertex -6.18786 1.23218 0
    endloop
  endfacet
  facet normal 0 0 -1
    outer loop
      vertex -2.6293 1.9103 0
      vertex -6.18786 1.23218 0
      vertex -6.35264 1.38692 0
    endloop
  endfacet
  facet normal 0 0 -1
    outer loop
      vertex -2.07163 2.50417 0
      vertex -6.7336 1.62869 0
      vertex -6.94377 1.7119 0
    endloop
  endfacet
  facet normal -0 0 -1
    outer loop
      vertex -2.07163 2.50417 0
      vertex -6.94377 1.7119 0
      vertex -3.01208 12.3082 0
    endloop
  endfacet
  facet normal 0 0 -1
    outer loop
      vertex -7.16271 1.76812 0
      vertex -3.01208 12.3082 0
      vertex -6.94377 1.7119 0
    endloop
  endfacet
  facet normal 0 0 -1
    outer loop
      vertex -7.38698 1.79645 0
      vertex -3.01208 12.3082 0
      vertex -7.16271 1.76812 0
    endloop
  endfacet
  facet normal -0 0 -1
    outer loop
      vertex -3.01208 12.3082 0
      vertex -7.38698 1.79645 0
      vertex -4.01993 12.9625 0
    endloop
  endfacet
  facet normal 0 0 -1
    outer loop
      vertex -12.7469 6.99013 0
      vertex -7.38698 1.79645 0
      vertex -7.61302 1.79645 0
    endloop
  endfacet
  facet normal 0 0 -1
    outer loop
      vertex -12.7469 6.99013 0
      vertex -7.61302 1.79645 0
      vertex -7.83729 1.76812 0
    endloop
  endfacet
  facet normal 0 0 -1
    outer loop
      vertex -7.38698 1.79645 0
      vertex -12.7469 6.99013 0
      vertex -4.01993 12.9625 0
    endloop
  endfacet
  facet normal 0 0 -1
    outer loop
      vertex -12.7469 6.99013 0
      vertex -7.83729 1.76812 0
      vertex -8.05623 1.7119 0
    endloop
  endfacet
  facet normal 0 0 -1
    outer loop
      vertex -12.7469 6.99013 0
      vertex -8.05623 1.7119 0
      vertex -8.2664 1.62869 0
    endloop
  endfacet
  facet normal -0 0 -1
    outer loop
      vertex -4.01993 12.9625 0
      vertex -12.7469 6.99013 0
      vertex -4.93388 13.8038 0
    endloop
  endfacet
  facet normal 0 0 -1
    outer loop
      vertex -8.64736 1.38692 0
      vertex -12.7469 6.99013 0
      vertex -8.46449 1.51979 0
    endloop
  endfacet
  facet normal -0 0 -1
    outer loop
      vertex -8.81214 1.23218 0
      vertex -11.8521 0.808242 0
      vertex -8.64736 1.38692 0
    endloop
  endfacet
  facet normal 0 0 -1
    outer loop
      vertex -12.7469 6.99013 0
      vertex -8.64736 1.38692 0
      vertex -11.8521 0.808242 0
    endloop
  endfacet
  facet normal -0 0 -1
    outer loop
      vertex -8.95623 1.05801 0
      vertex -11.8521 0.808242 0
      vertex -8.81214 1.23218 0
    endloop
  endfacet
  facet normal 0 0 -1
    outer loop
      vertex -8.46449 1.51979 0
      vertex -12.7469 6.99013 0
      vertex -8.2664 1.62869 0
    endloop
  endfacet
  facet normal -0 0 -1
    outer loop
      vertex -9.07735 0.867156 0
      vertex -11.8521 0.808242 0
      vertex -8.95623 1.05801 0
    endloop
  endfacet
  facet normal 0 0 -1
    outer loop
      vertex -9.1736 0.662623 0
      vertex -11.8521 0.808242 0
      vertex -9.07735 0.867156 0
    endloop
  endfacet
  facet normal -0 0 -1
    outer loop
      vertex -4.93388 13.8038 0
      vertex -12.7469 6.99013 0
      vertex -5.75398 14.8321 0
    endloop
  endfacet
  facet normal 0 0 -1
    outer loop
      vertex -9.24345 0.447641 0
      vertex -11.8521 0.808242 0
      vertex -9.1736 0.662623 0
    endloop
  endfacet
  facet normal 0 0 -1
    outer loop
      vertex -13.7366 7.88467 0
      vertex -5.75398 14.8321 0
      vertex -12.7469 6.99013 0
    endloop
  endfacet
  facet normal 0 0 -1
    outer loop
      vertex -11.8521 0.808242 0
      vertex -9.24345 0.447641 0
      vertex -11.7756 0.407332 0
    endloop
  endfacet
  facet normal 0 0 -1
    outer loop
      vertex -15.121 9.47658 0
      vertex -5.75398 14.8321 0
      vertex -13.7366 7.88467 0
    endloop
  endfacet
  facet normal 0 0 -1
    outer loop
      vertex 20.5661 -11.5096 0
      vertex 21.9497 -6.99013 0
      vertex 21.9497 -11.2226 0
    endloop
  endfacet
  facet normal 0 0 -1
    outer loop
      vertex 19.1983 -11.7525 0
      vertex 21.9497 -6.99013 0
      vertex 20.5661 -11.5096 0
    endloop
  endfacet
  facet normal 0 0 -1
    outer loop
      vertex 21.9497 -6.99013 0
      vertex 21.7336 -1.62869 0
      vertex 21.9438 -1.7119 0
    endloop
  endfacet
  facet normal 0 0 -1
    outer loop
      vertex 21.9497 -6.99013 0
      vertex 21.5355 -1.51979 0
      vertex 21.7336 -1.62869 0
    endloop
  endfacet
  facet normal 0 0 -1
    outer loop
      vertex 17.8462 -11.9512 0
      vertex 21.9497 -6.99013 0
      vertex 19.1983 -11.7525 0
    endloop
  endfacet
  facet normal 0 0 -1
    outer loop
      vertex 21.9497 -6.99013 0
      vertex 21.3526 -1.38692 0
      vertex 21.5355 -1.51979 0
    endloop
  endfacet
  facet normal 0 0 -1
    outer loop
      vertex 21.3526 -1.38692 0
      vertex 18.2244 -0.407332 0
      vertex 21.1879 -1.23218 0
    endloop
  endfacet
  facet normal 0 0 -1
    outer loop
      vertex 18.2244 -0.407332 0
      vertex 21.3526 -1.38692 0
      vertex 21.9497 -6.99013 0
    endloop
  endfacet
  facet normal 0 0 -1
    outer loop
      vertex 18.2244 -0.407332 0
      vertex 21.0438 -1.05801 0
      vertex 21.1879 -1.23218 0
    endloop
  endfacet
  facet normal 0 0 -1
    outer loop
      vertex 18.2244 -0.407332 0
      vertex 20.9226 -0.867156 0
      vertex 21.0438 -1.05801 0
    endloop
  endfacet
  facet normal 0 0 -1
    outer loop
      vertex 18.2244 -0.407332 0
      vertex 20.7142 -0.225599 0
      vertex 20.7565 -0.447641 0
    endloop
  endfacet
  facet normal 0 0 -1
    outer loop
      vertex 18.2244 -0.407332 0
      vertex 20.8264 -0.662623 0
      vertex 20.9226 -0.867156 0
    endloop
  endfacet
  facet normal 0 0 -1
    outer loop
      vertex 33.0218 -1.1964 0
      vertex 37 -2 0
      vertex 36.9606 -2.62667 0
    endloop
  endfacet
  facet normal 0 0 -1
    outer loop
      vertex 37 -2 0
      vertex 33.25 0 0
      vertex 37 2 0
    endloop
  endfacet
  facet normal 0 0 -1
    outer loop
      vertex 32.848 -1.5657 0
      vertex 36.9606 -2.62667 0
      vertex 36.8429 -3.24345 0
    endloop
  endfacet
  facet normal 0 0 -1
    outer loop
      vertex 33.2244 0.407332 0
      vertex 37 2 0
      vertex 33.25 0 0
    endloop
  endfacet
  facet normal 0 0 -1
    outer loop
      vertex 32.848 -1.5657 0
      vertex 36.8429 -3.24345 0
      vertex 36.6489 -3.84062 0
    endloop
  endfacet
  facet normal 0 0 -1
    outer loop
      vertex 33.1479 0.808242 0
      vertex 37 2 0
      vertex 33.2244 0.407332 0
    endloop
  endfacet
  facet normal 0 0 -1
    outer loop
      vertex 32.6293 -1.9103 0
      vertex 36.6489 -3.84062 0
      vertex 36.3815 -4.40877 0
    endloop
  endfacet
  facet normal 0 0 -1
    outer loop
      vertex 33.0218 1.1964 0
      vertex 37 2 0
      vertex 33.1479 0.808242 0
    endloop
  endfacet
  facet normal 0 0 -1
    outer loop
      vertex 32.6293 -1.9103 0
      vertex 36.3815 -4.40877 0
      vertex 36.0451 -4.93893 0
    endloop
  endfacet
  facet normal -0 0 -1
    outer loop
      vertex 37 2 0
      vertex 33.0218 1.1964 0
      vertex 36.9606 2.62667 0
    endloop
  endfacet
  facet normal 0 0 -1
    outer loop
      vertex 32.3691 -2.22478 0
      vertex 36.0451 -4.93893 0
      vertex 35.6448 -5.42274 0
    endloop
  endfacet
  facet normal 0 0 -1
    outer loop
      vertex 32.848 1.5657 0
      vertex 36.9606 2.62667 0
      vertex 33.0218 1.1964 0
    endloop
  endfacet
  facet normal 0 0 -1
    outer loop
      vertex 32.3691 -2.22478 0
      vertex 35.6448 -5.42274 0
      vertex 35.1871 -5.85257 0
    endloop
  endfacet
  facet normal -0 0 -1
    outer loop
      vertex 36.9606 2.62667 0
      vertex 32.848 1.5657 0
      vertex 36.8429 3.24345 0
    endloop
  endfacet
  facet normal 0 0 -1
    outer loop
      vertex 32.0716 -2.50417 0
      vertex 35.1871 -5.85257 0
      vertex 34.6791 -6.22164 0
    endloop
  endfacet
  facet normal -0 0 -1
    outer loop
      vertex 36.8429 3.24345 0
      vertex 32.848 1.5657 0
      vertex 36.6489 3.84062 0
    endloop
  endfacet
  facet normal 0 0 -1
    outer loop
      vertex 32.0716 -2.50417 0
      vertex 34.6791 -6.22164 0
      vertex 34.1289 -6.52413 0
    endloop
  endfacet
  facet normal 0 0 -1
    outer loop
      vertex 32.6293 1.9103 0
      vertex 36.6489 3.84062 0
      vertex 32.848 1.5657 0
    endloop
  endfacet
  facet normal 0 0 -1
    outer loop
      vertex 31.7414 -2.74407 0
      vertex 34.1289 -6.52413 0
      vertex 33.5451 -6.75528 0
    endloop
  endfacet
  facet normal -0 0 -1
    outer loop
      vertex 36.6489 3.84062 0
      vertex 32.6293 1.9103 0
      vertex 36.3815 4.40877 0
    endloop
  endfacet
  facet normal -0 0 -1
    outer loop
      vertex 36.3815 4.40877 0
      vertex 32.6293 1.9103 0
      vertex 36.0451 4.93893 0
    endloop
  endfacet
  facet normal 0 0 -1
    outer loop
      vertex 37 -2 0
      vertex 33.2244 -0.407332 0
      vertex 33.25 0 0
    endloop
  endfacet
  facet normal 0 0 -1
    outer loop
      vertex 37 -2 0
      vertex 33.1479 -0.808242 0
      vertex 33.2244 -0.407332 0
    endloop
  endfacet
  facet normal 0 0 -1
    outer loop
      vertex 37 -2 0
      vertex 33.0218 -1.1964 0
      vertex 33.1479 -0.808242 0
    endloop
  endfacet
  facet normal 0 0 -1
    outer loop
      vertex 31.7414 -2.74407 0
      vertex 33.5451 -6.75528 0
      vertex 32.9369 -6.91144 0
    endloop
  endfacet
  facet normal 0 0 -1
    outer loop
      vertex 36.9606 -2.62667 0
      vertex 32.848 -1.5657 0
      vertex 33.0218 -1.1964 0
    endloop
  endfacet
  facet normal 0 0 -1
    outer loop
      vertex 36.6489 -3.84062 0
      vertex 32.6293 -1.9103 0
      vertex 32.848 -1.5657 0
    endloop
  endfacet
  facet normal 0 0 -1
    outer loop
      vertex 36.0451 -4.93893 0
      vertex 32.3691 -2.22478 0
      vertex 32.6293 -1.9103 0
    endloop
  endfacet
  facet normal 0 0 -1
    outer loop
      vertex 31.3838 -2.94069 0
      vertex 32.9369 -6.91144 0
      vertex 32.314 -6.99013 0
    endloop
  endfacet
  facet normal 0 0 -1
    outer loop
      vertex 35.1871 -5.85257 0
      vertex 32.0716 -2.50417 0
      vertex 32.3691 -2.22478 0
    endloop
  endfacet
  facet normal 0 0 -1
    outer loop
      vertex 34.1289 -6.52413 0
      vertex 31.7414 -2.74407 0
      vertex 32.0716 -2.50417 0
    endloop
  endfacet
  facet normal 0 0 -1
    outer loop
      vertex 32.9369 -6.91144 0
      vertex 31.3838 -2.94069 0
      vertex 31.7414 -2.74407 0
    endloop
  endfacet
  facet normal 0 0 -1
    outer loop
      vertex 32.314 -6.99013 0
      vertex 31.0043 -3.09093 0
      vertex 31.3838 -2.94069 0
    endloop
  endfacet
  facet normal 0 0 -1
    outer loop
      vertex 32.314 -6.99013 0
      vertex 30.609 -3.19243 0
      vertex 31.0043 -3.09093 0
    endloop
  endfacet
  facet normal 0 0 -1
    outer loop
      vertex 32.314 -6.99013 0
      vertex 30.2041 -3.24359 0
      vertex 30.609 -3.19243 0
    endloop
  endfacet
  facet normal 0 0 -1
    outer loop
      vertex 32.314 -6.99013 0
      vertex 29.7959 -3.24359 0
      vertex 30.2041 -3.24359 0
    endloop
  endfacet
  facet normal 0 0 -1
    outer loop
      vertex 32.314 -6.99013 0
      vertex 29.391 -3.19243 0
      vertex 29.7959 -3.24359 0
    endloop
  endfacet
  facet normal 0 0 -1
    outer loop
      vertex 32.314 -6.99013 0
      vertex 28.9957 -3.09093 0
      vertex 29.391 -3.19243 0
    endloop
  endfacet
  facet normal 0 0 -1
    outer loop
      vertex 21.9497 -6.99013 0
      vertex 28.9957 -3.09093 0
      vertex 32.314 -6.99013 0
    endloop
  endfacet
  facet normal -0 0 -1
    outer loop
      vertex 28.9957 -3.09093 0
      vertex 21.9497 -6.99013 0
      vertex 28.6162 -2.94069 0
    endloop
  endfacet
  facet normal -0 0 -1
    outer loop
      vertex 28.6162 -2.94069 0
      vertex 21.9497 -6.99013 0
      vertex 28.2586 -2.74407 0
    endloop
  endfacet
  facet normal -0 0 -1
    outer loop
      vertex 28.2586 -2.74407 0
      vertex 21.9497 -6.99013 0
      vertex 27.9284 -2.50417 0
    endloop
  endfacet
  facet normal 0 0 -1
    outer loop
      vertex 24.2858 -0.225599 0
      vertex 26.75 0 0
      vertex 26.7756 -0.407332 0
    endloop
  endfacet
  facet normal 0 0 -1
    outer loop
      vertex 24.2435 -0.447641 0
      vertex 26.7756 -0.407332 0
      vertex 26.8521 -0.808242 0
    endloop
  endfacet
  facet normal 0 0 -1
    outer loop
      vertex 24.0774 -0.867156 0
      vertex 26.8521 -0.808242 0
      vertex 26.9782 -1.1964 0
    endloop
  endfacet
  facet normal 0 0 -1
    outer loop
      vertex 23.9562 -1.05801 0
      vertex 26.9782 -1.1964 0
      vertex 27.152 -1.5657 0
    endloop
  endfacet
  facet normal 0 0 -1
    outer loop
      vertex 23.8121 -1.23218 0
      vertex 27.152 -1.5657 0
      vertex 27.3707 -1.9103 0
    endloop
  endfacet
  facet normal 0 0 -1
    outer loop
      vertex 23.4645 -1.51979 0
      vertex 27.3707 -1.9103 0
      vertex 27.6309 -2.22478 0
    endloop
  endfacet
  facet normal -0 0 -1
    outer loop
      vertex 27.9284 -2.50417 0
      vertex 21.9497 -6.99013 0
      vertex 27.6309 -2.22478 0
    endloop
  endfacet
  facet normal -0 0 -1
    outer loop
      vertex 26.75 0 0
      vertex 24.2858 -0.225599 0
      vertex 24.3 0 0
    endloop
  endfacet
  facet normal -0 0 -1
    outer loop
      vertex 26.7756 -0.407332 0
      vertex 24.2435 -0.447641 0
      vertex 24.2858 -0.225599 0
    endloop
  endfacet
  facet normal 0 0 -1
    outer loop
      vertex 26.8521 -0.808242 0
      vertex 24.1736 -0.662623 0
      vertex 24.2435 -0.447641 0
    endloop
  endfacet
  facet normal -0 0 -1
    outer loop
      vertex 26.8521 -0.808242 0
      vertex 24.0774 -0.867156 0
      vertex 24.1736 -0.662623 0
    endloop
  endfacet
  facet normal 0 0 -1
    outer loop
      vertex 26.9782 -1.1964 0
      vertex 23.9562 -1.05801 0
      vertex 24.0774 -0.867156 0
    endloop
  endfacet
  facet normal 0 0 -1
    outer loop
      vertex 27.152 -1.5657 0
      vertex 23.8121 -1.23218 0
      vertex 23.9562 -1.05801 0
    endloop
  endfacet
  facet normal 0 0 -1
    outer loop
      vertex 27.3707 -1.9103 0
      vertex 23.6474 -1.38692 0
      vertex 23.8121 -1.23218 0
    endloop
  endfacet
  facet normal 0 -0 -1
    outer loop
      vertex 23.2664 -1.62869 0
      vertex 27.6309 -2.22478 0
      vertex 21.9497 -6.99013 0
    endloop
  endfacet
  facet normal 0 0 -1
    outer loop
      vertex 27.3707 -1.9103 0
      vertex 23.4645 -1.51979 0
      vertex 23.6474 -1.38692 0
    endloop
  endfacet
  facet normal 0 0 -1
    outer loop
      vertex 27.6309 -2.22478 0
      vertex 23.2664 -1.62869 0
      vertex 23.4645 -1.51979 0
    endloop
  endfacet
  facet normal 0 0 -1
    outer loop
      vertex 23.2664 -1.62869 0
      vertex 21.9497 -6.99013 0
      vertex 23.0562 -1.7119 0
    endloop
  endfacet
  facet normal 0 0 -1
    outer loop
      vertex 23.0562 -1.7119 0
      vertex 21.9497 -6.99013 0
      vertex 22.8373 -1.76812 0
    endloop
  endfacet
  facet normal 0 0 -1
    outer loop
      vertex 22.8373 -1.76812 0
      vertex 21.9497 -6.99013 0
      vertex 22.613 -1.79645 0
    endloop
  endfacet
  facet normal -0 0 -1
    outer loop
      vertex 22.613 -1.79645 0
      vertex 21.9497 -6.99013 0
      vertex 22.387 -1.79645 0
    endloop
  endfacet
  facet normal -0 0 -1
    outer loop
      vertex 22.387 -1.79645 0
      vertex 21.9497 -6.99013 0
      vertex 22.1627 -1.76812 0
    endloop
  endfacet
  facet normal -0 0 -1
    outer loop
      vertex 22.1627 -1.76812 0
      vertex 21.9497 -6.99013 0
      vertex 21.9438 -1.7119 0
    endloop
  endfacet
  facet normal 0 0 -1
    outer loop
      vertex 32.3691 2.22478 0
      vertex 36.0451 4.93893 0
      vertex 32.6293 1.9103 0
    endloop
  endfacet
  facet normal -0 0 -1
    outer loop
      vertex 36.0451 4.93893 0
      vertex 32.3691 2.22478 0
      vertex 35.6448 5.42274 0
    endloop
  endfacet
  facet normal -0 0 -1
    outer loop
      vertex 35.6448 5.42274 0
      vertex 32.3691 2.22478 0
      vertex 35.1871 5.85257 0
    endloop
  endfacet
  facet normal 0 0 -1
    outer loop
      vertex 32.0716 2.50417 0
      vertex 35.1871 5.85257 0
      vertex 32.3691 2.22478 0
    endloop
  endfacet
  facet normal -0 0 -1
    outer loop
      vertex 35.1871 5.85257 0
      vertex 32.0716 2.50417 0
      vertex 34.6791 6.22164 0
    endloop
  endfacet
  facet normal -0 0 -1
    outer loop
      vertex 34.6791 6.22164 0
      vertex 32.0716 2.50417 0
      vertex 34.1289 6.52413 0
    endloop
  endfacet
  facet normal 0 0 -1
    outer loop
      vertex 31.7414 2.74407 0
      vertex 34.1289 6.52413 0
      vertex 32.0716 2.50417 0
    endloop
  endfacet
  facet normal -0 0 -1
    outer loop
      vertex 34.1289 6.52413 0
      vertex 31.7414 2.74407 0
      vertex 33.5451 6.75528 0
    endloop
  endfacet
  facet normal -0 0 -1
    outer loop
      vertex 33.5451 6.75528 0
      vertex 31.7414 2.74407 0
      vertex 32.9369 6.91144 0
    endloop
  endfacet
  facet normal 0 0 -1
    outer loop
      vertex 31.3838 2.94069 0
      vertex 32.9369 6.91144 0
      vertex 31.7414 2.74407 0
    endloop
  endfacet
  facet normal -0 0 -1
    outer loop
      vertex 32.9369 6.91144 0
      vertex 31.3838 2.94069 0
      vertex 32.314 6.99013 0
    endloop
  endfacet
  facet normal 0 0 -1
    outer loop
      vertex 31.0043 3.09093 0
      vertex 32.314 6.99013 0
      vertex 31.3838 2.94069 0
    endloop
  endfacet
  facet normal 0 0 -1
    outer loop
      vertex 30.609 3.19243 0
      vertex 32.314 6.99013 0
      vertex 31.0043 3.09093 0
    endloop
  endfacet
  facet normal 0 0 -1
    outer loop
      vertex 30.2041 3.24359 0
      vertex 32.314 6.99013 0
      vertex 30.609 3.19243 0
    endloop
  endfacet
  facet normal 0 0 -1
    outer loop
      vertex 29.7959 3.24359 0
      vertex 32.314 6.99013 0
      vertex 30.2041 3.24359 0
    endloop
  endfacet
  facet normal 0 0 -1
    outer loop
      vertex 29.391 3.19243 0
      vertex 32.314 6.99013 0
      vertex 29.7959 3.24359 0
    endloop
  endfacet
  facet normal 0 0 -1
    outer loop
      vertex 28.9957 3.09093 0
      vertex 32.314 6.99013 0
      vertex 29.391 3.19243 0
    endloop
  endfacet
  facet normal 0 0 -1
    outer loop
      vertex 28.6162 2.94069 0
      vertex 32.314 6.99013 0
      vertex 28.9957 3.09093 0
    endloop
  endfacet
  facet normal 0 0 -1
    outer loop
      vertex 28.2586 2.74407 0
      vertex 32.314 6.99013 0
      vertex 28.6162 2.94069 0
    endloop
  endfacet
  facet normal 0 0 -1
    outer loop
      vertex 23.0562 1.7119 0
      vertex 28.2586 2.74407 0
      vertex 27.9284 2.50417 0
    endloop
  endfacet
  facet normal 0 0 -1
    outer loop
      vertex 23.2664 1.62869 0
      vertex 27.9284 2.50417 0
      vertex 27.6309 2.22478 0
    endloop
  endfacet
  facet normal 0 0 -1
    outer loop
      vertex 24.2858 0.225599 0
      vertex 26.75 0 0
      vertex 24.3 0 0
    endloop
  endfacet
  facet normal 0 0 -1
    outer loop
      vertex 26.75 0 0
      vertex 24.2858 0.225599 0
      vertex 26.7756 0.407332 0
    endloop
  endfacet
  facet normal 0 0 -1
    outer loop
      vertex 24.2435 0.447641 0
      vertex 26.7756 0.407332 0
      vertex 24.2858 0.225599 0
    endloop
  endfacet
  facet normal 0 0 -1
    outer loop
      vertex 26.7756 0.407332 0
      vertex 24.2435 0.447641 0
      vertex 26.8521 0.808242 0
    endloop
  endfacet
  facet normal 0 0 -1
    outer loop
      vertex 24.1736 0.662623 0
      vertex 26.8521 0.808242 0
      vertex 24.2435 0.447641 0
    endloop
  endfacet
  facet normal 0 0 -1
    outer loop
      vertex 24.0774 0.867156 0
      vertex 26.8521 0.808242 0
      vertex 24.1736 0.662623 0
    endloop
  endfacet
  facet normal 0 0 -1
    outer loop
      vertex 26.8521 0.808242 0
      vertex 24.0774 0.867156 0
      vertex 26.9782 1.1964 0
    endloop
  endfacet
  facet normal 0 0 -1
    outer loop
      vertex 23.9562 1.05801 0
      vertex 26.9782 1.1964 0
      vertex 24.0774 0.867156 0
    endloop
  endfacet
  facet normal -0 0 -1
    outer loop
      vertex 26.9782 1.1964 0
      vertex 23.9562 1.05801 0
      vertex 27.152 1.5657 0
    endloop
  endfacet
  facet normal 0 0 -1
    outer loop
      vertex 23.8121 1.23218 0
      vertex 27.152 1.5657 0
      vertex 23.9562 1.05801 0
    endloop
  endfacet
  facet normal -0 0 -1
    outer loop
      vertex 27.152 1.5657 0
      vertex 23.8121 1.23218 0
      vertex 27.3707 1.9103 0
    endloop
  endfacet
  facet normal 0 0 -1
    outer loop
      vertex 23.6474 1.38692 0
      vertex 27.3707 1.9103 0
      vertex 23.8121 1.23218 0
    endloop
  endfacet
  facet normal 0 0 -1
    outer loop
      vertex 23.4645 1.51979 0
      vertex 27.3707 1.9103 0
      vertex 23.6474 1.38692 0
    endloop
  endfacet
  facet normal -0 0 -1
    outer loop
      vertex 27.3707 1.9103 0
      vertex 23.4645 1.51979 0
      vertex 27.6309 2.22478 0
    endloop
  endfacet
  facet normal 0 0 -1
    outer loop
      vertex 23.2664 1.62869 0
      vertex 27.6309 2.22478 0
      vertex 23.4645 1.51979 0
    endloop
  endfacet
  facet normal 0 0 -1
    outer loop
      vertex 27.9284 2.50417 0
      vertex 23.2664 1.62869 0
      vertex 23.0562 1.7119 0
    endloop
  endfacet
  facet normal 0 0 -1
    outer loop
      vertex 28.2586 2.74407 0
      vertex 23.0562 1.7119 0
      vertex 22.8373 1.76812 0
    endloop
  endfacet
  facet normal -0 0 -1
    outer loop
      vertex 28.2586 2.74407 0
      vertex 22.8373 1.76812 0
      vertex 32.314 6.99013 0
    endloop
  endfacet
  facet normal 0 0 -1
    outer loop
      vertex 22.613 1.79645 0
      vertex 32.314 6.99013 0
      vertex 22.8373 1.76812 0
    endloop
  endfacet
  facet normal 0 0 -1
    outer loop
      vertex 13.9217 6.99013 0
      vertex 22.613 1.79645 0
      vertex 22.387 1.79645 0
    endloop
  endfacet
  facet normal 0 0 -1
    outer loop
      vertex 13.9217 6.99013 0
      vertex 22.387 1.79645 0
      vertex 22.1627 1.76812 0
    endloop
  endfacet
  facet normal 0 0 -1
    outer loop
      vertex 16.7414 2.74407 0
      vertex 22.1627 1.76812 0
      vertex 21.9438 1.7119 0
    endloop
  endfacet
  facet normal 0 0 -1
    outer loop
      vertex 17.0716 2.50417 0
      vertex 21.9438 1.7119 0
      vertex 21.7336 1.62869 0
    endloop
  endfacet
  facet normal 0 0 -1
    outer loop
      vertex 18.2244 -0.407332 0
      vertex 20.7565 -0.447641 0
      vertex 20.8264 -0.662623 0
    endloop
  endfacet
  facet normal 0 0 -1
    outer loop
      vertex 20.7142 -0.225599 0
      vertex 18.25 0 0
      vertex 20.7 0 0
    endloop
  endfacet
  facet normal 0 0 -1
    outer loop
      vertex 20.7 0 0
      vertex 18.25 0 0
      vertex 20.7142 0.225599 0
    endloop
  endfacet
  facet normal 0 0 -1
    outer loop
      vertex 18.2244 0.407332 0
      vertex 20.7142 0.225599 0
      vertex 18.25 0 0
    endloop
  endfacet
  facet normal 0 0 -1
    outer loop
      vertex 20.7142 0.225599 0
      vertex 18.2244 0.407332 0
      vertex 20.7565 0.447641 0
    endloop
  endfacet
  facet normal 0 0 -1
    outer loop
      vertex 18.1479 0.808242 0
      vertex 20.7565 0.447641 0
      vertex 18.2244 0.407332 0
    endloop
  endfacet
  facet normal 0 0 -1
    outer loop
      vertex 20.7565 0.447641 0
      vertex 18.1479 0.808242 0
      vertex 20.8264 0.662623 0
    endloop
  endfacet
  facet normal 0 0 -1
    outer loop
      vertex 20.8264 0.662623 0
      vertex 18.1479 0.808242 0
      vertex 20.9226 0.867156 0
    endloop
  endfacet
  facet normal 0 0 -1
    outer loop
      vertex 18.0218 1.1964 0
      vertex 20.9226 0.867156 0
      vertex 18.1479 0.808242 0
    endloop
  endfacet
  facet normal 0 0 -1
    outer loop
      vertex 20.9226 0.867156 0
      vertex 18.0218 1.1964 0
      vertex 21.0438 1.05801 0
    endloop
  endfacet
  facet normal 0 0 -1
    outer loop
      vertex 17.848 1.5657 0
      vertex 21.0438 1.05801 0
      vertex 18.0218 1.1964 0
    endloop
  endfacet
  facet normal 0 0 -1
    outer loop
      vertex 21.0438 1.05801 0
      vertex 17.848 1.5657 0
      vertex 21.1879 1.23218 0
    endloop
  endfacet
  facet normal 0 0 -1
    outer loop
      vertex 17.6293 1.9103 0
      vertex 21.1879 1.23218 0
      vertex 17.848 1.5657 0
    endloop
  endfacet
  facet normal 0 0 -1
    outer loop
      vertex 21.1879 1.23218 0
      vertex 17.6293 1.9103 0
      vertex 21.3526 1.38692 0
    endloop
  endfacet
  facet normal 0 0 -1
    outer loop
      vertex 21.3526 1.38692 0
      vertex 17.6293 1.9103 0
      vertex 21.5355 1.51979 0
    endloop
  endfacet
  facet normal 0 0 -1
    outer loop
      vertex 17.3691 2.22478 0
      vertex 21.5355 1.51979 0
      vertex 17.6293 1.9103 0
    endloop
  endfacet
  facet normal 0 0 -1
    outer loop
      vertex 21.5355 1.51979 0
      vertex 17.3691 2.22478 0
      vertex 21.7336 1.62869 0
    endloop
  endfacet
  facet normal 0 0 -1
    outer loop
      vertex 17.0716 2.50417 0
      vertex 21.7336 1.62869 0
      vertex 17.3691 2.22478 0
    endloop
  endfacet
  facet normal 0 0 -1
    outer loop
      vertex 21.9438 1.7119 0
      vertex 17.0716 2.50417 0
      vertex 16.7414 2.74407 0
    endloop
  endfacet
  facet normal 0 0 -1
    outer loop
      vertex 22.1627 1.76812 0
      vertex 16.7414 2.74407 0
      vertex 13.9217 6.99013 0
    endloop
  endfacet
  facet normal 0 0 -1
    outer loop
      vertex 13.9217 6.99013 0
      vertex 16.7414 2.74407 0
      vertex 16.3838 2.94069 0
    endloop
  endfacet
  facet normal 0 0 -1
    outer loop
      vertex 13.9217 6.99013 0
      vertex 16.3838 2.94069 0
      vertex 16.0043 3.09093 0
    endloop
  endfacet
  facet normal 0 0 -1
    outer loop
      vertex 13.9217 6.99013 0
      vertex 16.0043 3.09093 0
      vertex 15.609 3.19243 0
    endloop
  endfacet
  facet normal 0 0 -1
    outer loop
      vertex 13.9217 6.99013 0
      vertex 15.609 3.19243 0
      vertex 15.2041 3.24359 0
    endloop
  endfacet
  facet normal 0 0 -1
    outer loop
      vertex 13.9217 6.99013 0
      vertex 15.2041 3.24359 0
      vertex 14.7959 3.24359 0
    endloop
  endfacet
  facet normal 0 0 -1
    outer loop
      vertex 13.9217 6.99013 0
      vertex 14.7959 3.24359 0
      vertex 14.391 3.19243 0
    endloop
  endfacet
  facet normal 0 0 -1
    outer loop
      vertex 22.613 1.79645 0
      vertex 13.9217 6.99013 0
      vertex 32.314 6.99013 0
    endloop
  endfacet
  facet normal 0 0 -1
    outer loop
      vertex 13.9957 3.09093 0
      vertex 13.9217 6.99013 0
      vertex 14.391 3.19243 0
    endloop
  endfacet
  facet normal 0 -0 -1
    outer loop
      vertex 13.9217 6.99013 0
      vertex 13.9957 3.09093 0
      vertex 13.6162 2.94069 0
    endloop
  endfacet
  facet normal -0.982275 -0.187447 0
    outer loop
      vertex -36.8429 -3.24345 0
      vertex -36.9606 -2.62667 3
      vertex -36.9606 -2.62667 0
    endloop
  endfacet
  facet normal -0.982275 -0.187447 0
    outer loop
      vertex -36.9606 -2.62667 3
      vertex -36.8429 -3.24345 0
      vertex -36.8429 -3.24345 3
    endloop
  endfacet
  facet normal -0.770468 -0.637478 0
    outer loop
      vertex -35.6448 -5.42274 0
      vertex -36.0451 -4.93893 3
      vertex -36.0451 -4.93893 0
    endloop
  endfacet
  facet normal -0.770468 -0.637478 0
    outer loop
      vertex -36.0451 -4.93893 3
      vertex -35.6448 -5.42274 0
      vertex -35.6448 -5.42274 3
    endloop
  endfacet
  facet normal -0.904797 -0.425843 0
    outer loop
      vertex -36.3815 -4.40877 0
      vertex -36.6489 -3.84062 3
      vertex -36.6489 -3.84062 0
    endloop
  endfacet
  facet normal -0.904797 -0.425843 0
    outer loop
      vertex -36.6489 -3.84062 3
      vertex -36.3815 -4.40877 0
      vertex -36.3815 -4.40877 3
    endloop
  endfacet
  facet normal -0.587771 -0.809027 0
    outer loop
      vertex -35.1871 -5.85257 0
      vertex -34.6791 -6.22164 3
      vertex -35.1871 -5.85257 3
    endloop
  endfacet
  facet normal -0.587771 -0.809027 -0
    outer loop
      vertex -34.6791 -6.22164 3
      vertex -35.1871 -5.85257 0
      vertex -34.6791 -6.22164 0
    endloop
  endfacet
  facet normal -0.248691 -0.968583 0
    outer loop
      vertex -33.5451 -6.75528 0
      vertex -32.9369 -6.91144 3
      vertex -33.5451 -6.75528 3
    endloop
  endfacet
  facet normal -0.248691 -0.968583 -0
    outer loop
      vertex -32.9369 -6.91144 3
      vertex -33.5451 -6.75528 0
      vertex -32.9369 -6.91144 0
    endloop
  endfacet
  facet normal -0.125332 -0.992115 0
    outer loop
      vertex -32.9369 -6.91144 0
      vertex -32.314 -6.99013 3
      vertex -32.9369 -6.91144 3
    endloop
  endfacet
  facet normal -0.125332 -0.992115 -0
    outer loop
      vertex -32.314 -6.99013 3
      vertex -32.9369 -6.91144 0
      vertex -32.314 -6.99013 0
    endloop
  endfacet
  facet normal 1 -0 0
    outer loop
      vertex 37 -2 3
      vertex 37 2 0
      vertex 37 2 3
    endloop
  endfacet
  facet normal 1 0 0
    outer loop
      vertex 37 2 0
      vertex 37 -2 3
      vertex 37 -2 0
    endloop
  endfacet
  facet normal 0.982275 -0.187447 0
    outer loop
      vertex 36.8429 -3.24345 3
      vertex 36.9606 -2.62667 0
      vertex 36.9606 -2.62667 3
    endloop
  endfacet
  facet normal 0.982275 -0.187447 0
    outer loop
      vertex 36.9606 -2.62667 0
      vertex 36.8429 -3.24345 3
      vertex 36.8429 -3.24345 0
    endloop
  endfacet
  facet normal 0.904797 -0.425843 0
    outer loop
      vertex 36.3815 -4.40877 3
      vertex 36.6489 -3.84062 0
      vertex 36.6489 -3.84062 3
    endloop
  endfacet
  facet normal 0.904797 -0.425843 0
    outer loop
      vertex 36.6489 -3.84062 0
      vertex 36.3815 -4.40877 3
      vertex 36.3815 -4.40877 0
    endloop
  endfacet
  facet normal 0.844364 -0.53577 0
    outer loop
      vertex 36.0451 -4.93893 3
      vertex 36.3815 -4.40877 0
      vertex 36.3815 -4.40877 3
    endloop
  endfacet
  facet normal 0.844364 -0.53577 0
    outer loop
      vertex 36.3815 -4.40877 0
      vertex 36.0451 -4.93893 3
      vertex 36.0451 -4.93893 0
    endloop
  endfacet
  facet normal 0.587771 -0.809027 0
    outer loop
      vertex 34.6791 -6.22164 0
      vertex 35.1871 -5.85257 3
      vertex 34.6791 -6.22164 3
    endloop
  endfacet
  facet normal 0.587771 -0.809027 0
    outer loop
      vertex 35.1871 -5.85257 3
      vertex 34.6791 -6.22164 0
      vertex 35.1871 -5.85257 0
    endloop
  endfacet
  facet normal 0.368135 -0.929773 0
    outer loop
      vertex 33.5451 -6.75528 0
      vertex 34.1289 -6.52413 3
      vertex 33.5451 -6.75528 3
    endloop
  endfacet
  facet normal 0.368135 -0.929773 0
    outer loop
      vertex 34.1289 -6.52413 3
      vertex 33.5451 -6.75528 0
      vertex 34.1289 -6.52413 0
    endloop
  endfacet
  facet normal 0.904797 0.425843 0
    outer loop
      vertex 36.6489 3.84062 3
      vertex 36.3815 4.40877 0
      vertex 36.3815 4.40877 3
    endloop
  endfacet
  facet normal 0.904797 0.425843 0
    outer loop
      vertex 36.3815 4.40877 0
      vertex 36.6489 3.84062 3
      vertex 36.6489 3.84062 0
    endloop
  endfacet
  facet normal 0.587771 0.809027 -0
    outer loop
      vertex 35.1871 5.85257 0
      vertex 34.6791 6.22164 3
      vertex 35.1871 5.85257 3
    endloop
  endfacet
  facet normal 0.587771 0.809027 0
    outer loop
      vertex 34.6791 6.22164 3
      vertex 35.1871 5.85257 0
      vertex 34.6791 6.22164 0
    endloop
  endfacet
  facet normal 0.248691 0.968583 -0
    outer loop
      vertex 33.5451 6.75528 0
      vertex 32.9369 6.91144 3
      vertex 33.5451 6.75528 3
    endloop
  endfacet
  facet normal 0.248691 0.968583 0
    outer loop
      vertex 32.9369 6.91144 3
      vertex 33.5451 6.75528 0
      vertex 32.9369 6.91144 0
    endloop
  endfacet
  facet normal 0.481772 0.876297 -0
    outer loop
      vertex 34.6791 6.22164 0
      vertex 34.1289 6.52413 3
      vertex 34.6791 6.22164 3
    endloop
  endfacet
  facet normal 0.481772 0.876297 0
    outer loop
      vertex 34.1289 6.52413 3
      vertex 34.6791 6.22164 0
      vertex 34.1289 6.52413 0
    endloop
  endfacet
  facet normal -0.982275 0.187447 0
    outer loop
      vertex -36.9606 2.62667 0
      vertex -36.8429 3.24345 3
      vertex -36.8429 3.24345 0
    endloop
  endfacet
  facet normal -0.982275 0.187447 0
    outer loop
      vertex -36.8429 3.24345 3
      vertex -36.9606 2.62667 0
      vertex -36.9606 2.62667 3
    endloop
  endfacet
  facet normal -0.770468 0.637478 0
    outer loop
      vertex -36.0451 4.93893 0
      vertex -35.6448 5.42274 3
      vertex -35.6448 5.42274 0
    endloop
  endfacet
  facet normal -0.770468 0.637478 0
    outer loop
      vertex -35.6448 5.42274 3
      vertex -36.0451 4.93893 0
      vertex -36.0451 4.93893 3
    endloop
  endfacet
  facet normal -0.844364 0.53577 0
    outer loop
      vertex -36.3815 4.40877 0
      vertex -36.0451 4.93893 3
      vertex -36.0451 4.93893 0
    endloop
  endfacet
  facet normal -0.844364 0.53577 0
    outer loop
      vertex -36.0451 4.93893 3
      vertex -36.3815 4.40877 0
      vertex -36.3815 4.40877 3
    endloop
  endfacet
  facet normal -0.368135 0.929773 0
    outer loop
      vertex -33.5451 6.75528 0
      vertex -34.1289 6.52413 3
      vertex -33.5451 6.75528 3
    endloop
  endfacet
  facet normal -0.368135 0.929773 0
    outer loop
      vertex -34.1289 6.52413 3
      vertex -33.5451 6.75528 0
      vertex -34.1289 6.52413 0
    endloop
  endfacet
  facet normal -0.481772 0.876297 0
    outer loop
      vertex -34.1289 6.52413 0
      vertex -34.6791 6.22164 3
      vertex -34.1289 6.52413 3
    endloop
  endfacet
  facet normal -0.481772 0.876297 0
    outer loop
      vertex -34.6791 6.22164 3
      vertex -34.1289 6.52413 0
      vertex -34.6791 6.22164 0
    endloop
  endfacet
  facet normal -0.844364 -0.53577 0
    outer loop
      vertex -36.0451 -4.93893 0
      vertex -36.3815 -4.40877 3
      vertex -36.3815 -4.40877 0
    endloop
  endfacet
  facet normal -0.844364 -0.53577 0
    outer loop
      vertex -36.3815 -4.40877 3
      vertex -36.0451 -4.93893 0
      vertex -36.0451 -4.93893 3
    endloop
  endfacet
  facet normal -0.481772 -0.876297 0
    outer loop
      vertex -34.6791 -6.22164 0
      vertex -34.1289 -6.52413 3
      vertex -34.6791 -6.22164 3
    endloop
  endfacet
  facet normal -0.481772 -0.876297 -0
    outer loop
      vertex -34.1289 -6.52413 3
      vertex -34.6791 -6.22164 0
      vertex -34.1289 -6.52413 0
    endloop
  endfacet
  facet normal 0.982275 0.187447 0
    outer loop
      vertex 36.9606 2.62667 3
      vertex 36.8429 3.24345 0
      vertex 36.8429 3.24345 3
    endloop
  endfacet
  facet normal 0.982275 0.187447 0
    outer loop
      vertex 36.8429 3.24345 0
      vertex 36.9606 2.62667 3
      vertex 36.9606 2.62667 0
    endloop
  endfacet
  facet normal 0.951072 -0.30897 0
    outer loop
      vertex 36.6489 -3.84062 3
      vertex 36.8429 -3.24345 0
      vertex 36.8429 -3.24345 3
    endloop
  endfacet
  facet normal 0.951072 -0.30897 0
    outer loop
      vertex 36.8429 -3.24345 0
      vertex 36.6489 -3.84062 3
      vertex 36.6489 -3.84062 0
    endloop
  endfacet
  facet normal 0.684565 -0.728952 0
    outer loop
      vertex 35.1871 -5.85257 0
      vertex 35.6448 -5.42274 3
      vertex 35.1871 -5.85257 3
    endloop
  endfacet
  facet normal 0.684565 -0.728952 0
    outer loop
      vertex 35.6448 -5.42274 3
      vertex 35.1871 -5.85257 0
      vertex 35.6448 -5.42274 0
    endloop
  endfacet
  facet normal 0.248691 -0.968583 0
    outer loop
      vertex 32.9369 -6.91144 0
      vertex 33.5451 -6.75528 3
      vertex 32.9369 -6.91144 3
    endloop
  endfacet
  facet normal 0.248691 -0.968583 0
    outer loop
      vertex 33.5451 -6.75528 3
      vertex 32.9369 -6.91144 0
      vertex 33.5451 -6.75528 0
    endloop
  endfacet
  facet normal 0.481772 -0.876297 0
    outer loop
      vertex 34.1289 -6.52413 0
      vertex 34.6791 -6.22164 3
      vertex 34.1289 -6.52413 3
    endloop
  endfacet
  facet normal 0.481772 -0.876297 0
    outer loop
      vertex 34.6791 -6.22164 3
      vertex 34.1289 -6.52413 0
      vertex 34.6791 -6.22164 0
    endloop
  endfacet
  facet normal -0.998029 0.0627481 0
    outer loop
      vertex -37 2 0
      vertex -36.9606 2.62667 3
      vertex -36.9606 2.62667 0
    endloop
  endfacet
  facet normal -0.998029 0.0627481 0
    outer loop
      vertex -36.9606 2.62667 3
      vertex -37 2 0
      vertex -37 2 3
    endloop
  endfacet
  facet normal -0.587771 0.809027 0
    outer loop
      vertex -34.6791 6.22164 0
      vertex -35.1871 5.85257 3
      vertex -34.6791 6.22164 3
    endloop
  endfacet
  facet normal -0.587771 0.809027 0
    outer loop
      vertex -35.1871 5.85257 3
      vertex -34.6791 6.22164 0
      vertex -35.1871 5.85257 0
    endloop
  endfacet
  facet normal -0.248691 0.968583 0
    outer loop
      vertex -32.9369 6.91144 0
      vertex -33.5451 6.75528 3
      vertex -32.9369 6.91144 3
    endloop
  endfacet
  facet normal -0.248691 0.968583 0
    outer loop
      vertex -33.5451 6.75528 3
      vertex -32.9369 6.91144 0
      vertex -33.5451 6.75528 0
    endloop
  endfacet
  facet normal -0.125332 0.992115 0
    outer loop
      vertex -32.314 6.99013 0
      vertex -32.9369 6.91144 3
      vertex -32.314 6.99013 3
    endloop
  endfacet
  facet normal -0.125332 0.992115 0
    outer loop
      vertex -32.9369 6.91144 3
      vertex -32.314 6.99013 0
      vertex -32.9369 6.91144 0
    endloop
  endfacet
  facet normal 0.998029 0.0627481 0
    outer loop
      vertex 37 2 3
      vertex 36.9606 2.62667 0
      vertex 36.9606 2.62667 3
    endloop
  endfacet
  facet normal 0.998029 0.0627481 0
    outer loop
      vertex 36.9606 2.62667 0
      vertex 37 2 3
      vertex 37 2 0
    endloop
  endfacet
  facet normal 0.0507469 -0.998712 0
    outer loop
      vertex 13.8845 -12.2824 0
      vertex 15.1893 -12.2161 3
      vertex 13.8845 -12.2824 3
    endloop
  endfacet
  facet normal 0.0507469 -0.998712 0
    outer loop
      vertex 15.1893 -12.2161 3
      vertex 13.8845 -12.2824 0
      vertex 15.1893 -12.2161 0
    endloop
  endfacet
  facet normal 0.0833078 -0.996524 0
    outer loop
      vertex 15.1893 -12.2161 0
      vertex 16.5099 -12.1057 3
      vertex 15.1893 -12.2161 3
    endloop
  endfacet
  facet normal 0.0833078 -0.996524 0
    outer loop
      vertex 16.5099 -12.1057 3
      vertex 15.1893 -12.2161 0
      vertex 16.5099 -12.1057 0
    endloop
  endfacet
  facet normal 0.114853 -0.993383 0
    outer loop
      vertex 16.5099 -12.1057 0
      vertex 17.8462 -11.9512 3
      vertex 16.5099 -12.1057 3
    endloop
  endfacet
  facet normal 0.114853 -0.993383 0
    outer loop
      vertex 17.8462 -11.9512 3
      vertex 16.5099 -12.1057 0
      vertex 17.8462 -11.9512 0
    endloop
  endfacet
  facet normal 0.145395 -0.989374 0
    outer loop
      vertex 17.8462 -11.9512 0
      vertex 19.1983 -11.7525 3
      vertex 17.8462 -11.9512 3
    endloop
  endfacet
  facet normal 0.145395 -0.989374 0
    outer loop
      vertex 19.1983 -11.7525 3
      vertex 17.8462 -11.9512 0
      vertex 19.1983 -11.7525 0
    endloop
  endfacet
  facet normal 0.174849 -0.984595 0
    outer loop
      vertex 19.1983 -11.7525 0
      vertex 20.5661 -11.5096 3
      vertex 19.1983 -11.7525 3
    endloop
  endfacet
  facet normal 0.174849 -0.984595 0
    outer loop
      vertex 20.5661 -11.5096 3
      vertex 19.1983 -11.7525 0
      vertex 20.5661 -11.5096 0
    endloop
  endfacet
  facet normal 0.203106 -0.979157 0
    outer loop
      vertex 20.5661 -11.5096 0
      vertex 21.9497 -11.2226 3
      vertex 20.5661 -11.5096 3
    endloop
  endfacet
  facet normal 0.203106 -0.979157 0
    outer loop
      vertex 21.9497 -11.2226 3
      vertex 20.5661 -11.5096 0
      vertex 21.9497 -11.2226 0
    endloop
  endfacet
  facet normal 1 -0 0
    outer loop
      vertex 21.9497 -11.2226 3
      vertex 21.9497 -6.99013 0
      vertex 21.9497 -6.99013 3
    endloop
  endfacet
  facet normal 1 0 0
    outer loop
      vertex 21.9497 -6.99013 0
      vertex 21.9497 -11.2226 3
      vertex 21.9497 -11.2226 0
    endloop
  endfacet
  facet normal 0.617247 -0.786769 0
    outer loop
      vertex 13.9217 6.99013 0
      vertex 13.9689 7.02716 3
      vertex 13.9217 6.99013 3
    endloop
  endfacet
  facet normal 0.617247 -0.786769 0
    outer loop
      vertex 13.9689 7.02716 3
      vertex 13.9217 6.99013 0
      vertex 13.9689 7.02716 0
    endloop
  endfacet
  facet normal 0.705411 -0.708798 0
    outer loop
      vertex 13.9689 7.02716 0
      vertex 15.3837 8.4352 3
      vertex 13.9689 7.02716 3
    endloop
  endfacet
  facet normal 0.705411 -0.708798 0
    outer loop
      vertex 15.3837 8.4352 3
      vertex 13.9689 7.02716 0
      vertex 15.3837 8.4352 0
    endloop
  endfacet
  facet normal 0.781236 -0.624235 0
    outer loop
      vertex 15.3837 8.4352 3
      vertex 16.6588 10.031 0
      vertex 16.6588 10.031 3
    endloop
  endfacet
  facet normal 0.781236 -0.624235 0
    outer loop
      vertex 16.6588 10.031 0
      vertex 15.3837 8.4352 3
      vertex 15.3837 8.4352 0
    endloop
  endfacet
  facet normal 0.843523 -0.537093 0
    outer loop
      vertex 16.6588 10.031 3
      vertex 17.7944 11.8145 0
      vertex 17.7944 11.8145 3
    endloop
  endfacet
  facet normal 0.843523 -0.537093 0
    outer loop
      vertex 17.7944 11.8145 0
      vertex 16.6588 10.031 3
      vertex 16.6588 10.031 0
    endloop
  endfacet
  facet normal 0.893655 -0.448755 0
    outer loop
      vertex 17.7944 11.8145 3
      vertex 18.784 13.7852 0
      vertex 18.784 13.7852 3
    endloop
  endfacet
  facet normal 0.893655 -0.448755 0
    outer loop
      vertex 18.784 13.7852 0
      vertex 17.7944 11.8145 3
      vertex 17.7944 11.8145 0
    endloop
  endfacet
  facet normal 0.932202 -0.361937 0
    outer loop
      vertex 18.784 13.7852 3
      vertex 19.6214 15.942 0
      vertex 19.6214 15.942 3
    endloop
  endfacet
  facet normal 0.932202 -0.361937 0
    outer loop
      vertex 19.6214 15.942 0
      vertex 18.784 13.7852 3
      vertex 18.784 13.7852 0
    endloop
  endfacet
  facet normal 0.959807 -0.280662 0
    outer loop
      vertex 19.6214 15.942 3
      vertex 20.3065 18.2849 0
      vertex 20.3065 18.2849 3
    endloop
  endfacet
  facet normal 0.959807 -0.280662 0
    outer loop
      vertex 20.3065 18.2849 0
      vertex 19.6214 15.942 3
      vertex 19.6214 15.942 0
    endloop
  endfacet
  facet normal 0.978522 -0.206143 0
    outer loop
      vertex 20.3065 18.2849 3
      vertex 20.8393 20.814 0
      vertex 20.8393 20.814 3
    endloop
  endfacet
  facet normal 0.978522 -0.206143 0
    outer loop
      vertex 20.8393 20.814 0
      vertex 20.3065 18.2849 3
      vertex 20.3065 18.2849 0
    endloop
  endfacet
  facet normal 0.990314 -0.138847 0
    outer loop
      vertex 20.8393 20.814 3
      vertex 21.22 23.5293 0
      vertex 21.22 23.5293 3
    endloop
  endfacet
  facet normal 0.990314 -0.138847 0
    outer loop
      vertex 21.22 23.5293 0
      vertex 20.8393 20.814 3
      vertex 20.8393 20.814 0
    endloop
  endfacet
  facet normal 0.996918 -0.0784464 0
    outer loop
      vertex 21.22 23.5293 3
      vertex 21.4483 26.4306 0
      vertex 21.4483 26.4306 3
    endloop
  endfacet
  facet normal 0.996918 -0.0784464 0
    outer loop
      vertex 21.4483 26.4306 0
      vertex 21.22 23.5293 3
      vertex 21.22 23.5293 0
    endloop
  endfacet
  facet normal 0.999696 -0.0246719 0
    outer loop
      vertex 21.4483 26.4306 3
      vertex 21.5245 29.5182 0
      vertex 21.5245 29.5182 3
    endloop
  endfacet
  facet normal 0.999696 -0.0246719 0
    outer loop
      vertex 21.5245 29.5182 0
      vertex 21.4483 26.4306 3
      vertex 21.4483 26.4306 0
    endloop
  endfacet
  facet normal 0.999548 0.0300602 0
    outer loop
      vertex 21.5245 29.5182 3
      vertex 21.414 33.1925 0
      vertex 21.414 33.1925 3
    endloop
  endfacet
  facet normal 0.999548 0.0300602 0
    outer loop
      vertex 21.414 33.1925 0
      vertex 21.5245 29.5182 3
      vertex 21.5245 29.5182 0
    endloop
  endfacet
  facet normal 0.995294 0.0968972 0
    outer loop
      vertex 21.414 33.1925 3
      vertex 21.0827 36.5955 0
      vertex 21.0827 36.5955 3
    endloop
  endfacet
  facet normal 0.995294 0.0968972 0
    outer loop
      vertex 21.0827 36.5955 0
      vertex 21.414 33.1925 3
      vertex 21.414 33.1925 0
    endloop
  endfacet
  facet normal 0.984807 0.173653 0
    outer loop
      vertex 21.0827 36.5955 3
      vertex 20.5305 39.7271 0
      vertex 20.5305 39.7271 3
    endloop
  endfacet
  facet normal 0.984807 0.173653 0
    outer loop
      vertex 20.5305 39.7271 0
      vertex 21.0827 36.5955 3
      vertex 21.0827 36.5955 0
    endloop
  endfacet
  facet normal 0.965359 0.260923 0
    outer loop
      vertex 20.5305 39.7271 3
      vertex 19.7574 42.5874 0
      vertex 19.7574 42.5874 3
    endloop
  endfacet
  facet normal 0.965359 0.260923 0
    outer loop
      vertex 19.7574 42.5874 0
      vertex 20.5305 39.7271 3
      vertex 20.5305 39.7271 0
    endloop
  endfacet
  facet normal 0.933555 0.358435 0
    outer loop
      vertex 19.7574 42.5874 3
      vertex 18.7634 45.1763 0
      vertex 18.7634 45.1763 3
    endloop
  endfacet
  facet normal 0.933555 0.358435 0
    outer loop
      vertex 18.7634 45.1763 0
      vertex 19.7574 42.5874 3
      vertex 19.7574 42.5874 0
    endloop
  endfacet
  facet normal 0.885695 0.464268 0
    outer loop
      vertex 18.7634 45.1763 3
      vertex 17.5486 47.4938 0
      vertex 17.5486 47.4938 3
    endloop
  endfacet
  facet normal 0.885695 0.464268 0
    outer loop
      vertex 17.5486 47.4938 0
      vertex 18.7634 45.1763 3
      vertex 18.7634 45.1763 0
    endloop
  endfacet
  facet normal 0.8186 0.574364 0
    outer loop
      vertex 17.5486 47.4938 3
      vertex 16.1129 49.54 0
      vertex 16.1129 49.54 3
    endloop
  endfacet
  facet normal 0.8186 0.574364 0
    outer loop
      vertex 16.1129 49.54 0
      vertex 17.5486 47.4938 3
      vertex 17.5486 47.4938 0
    endloop
  endfacet
  facet normal 0.73384 0.679322 0
    outer loop
      vertex 16.1129 49.54 3
      vertex 14.4706 51.3141 0
      vertex 14.4706 51.3141 3
    endloop
  endfacet
  facet normal 0.73384 0.679322 0
    outer loop
      vertex 14.4706 51.3141 0
      vertex 16.1129 49.54 3
      vertex 16.1129 49.54 0
    endloop
  endfacet
  facet normal 0.633284 0.77392 -0
    outer loop
      vertex 14.4706 51.3141 0
      vertex 12.6359 52.8154 3
      vertex 14.4706 51.3141 3
    endloop
  endfacet
  facet normal 0.633284 0.77392 0
    outer loop
      vertex 12.6359 52.8154 3
      vertex 14.4706 51.3141 0
      vertex 12.6359 52.8154 0
    endloop
  endfacet
  facet normal 0.518158 0.855285 -0
    outer loop
      vertex 12.6359 52.8154 0
      vertex 10.6086 54.0436 3
      vertex 12.6359 52.8154 3
    endloop
  endfacet
  facet normal 0.518158 0.855285 0
    outer loop
      vertex 10.6086 54.0436 3
      vertex 12.6359 52.8154 0
      vertex 10.6086 54.0436 0
    endloop
  endfacet
  facet normal 0.395316 0.918545 -0
    outer loop
      vertex 10.6086 54.0436 0
      vertex 8.38889 54.9989 3
      vertex 10.6086 54.0436 3
    endloop
  endfacet
  facet normal 0.395316 0.918545 0
    outer loop
      vertex 8.38889 54.9989 3
      vertex 10.6086 54.0436 0
      vertex 8.38889 54.9989 0
    endloop
  endfacet
  facet normal 0.272208 0.962238 -0
    outer loop
      vertex 8.38889 54.9989 0
      vertex 5.97665 55.6813 3
      vertex 8.38889 54.9989 3
    endloop
  endfacet
  facet normal 0.272208 0.962238 0
    outer loop
      vertex 5.97665 55.6813 3
      vertex 8.38889 54.9989 0
      vertex 5.97665 55.6813 0
    endloop
  endfacet
  facet normal 0.155269 0.987872 -0
    outer loop
      vertex 5.97665 55.6813 0
      vertex 3.37192 56.0907 3
      vertex 5.97665 55.6813 3
    endloop
  endfacet
  facet normal 0.155269 0.987872 0
    outer loop
      vertex 3.37192 56.0907 3
      vertex 5.97665 55.6813 0
      vertex 3.37192 56.0907 0
    endloop
  endfacet
  facet normal 0.0487401 0.998811 -0
    outer loop
      vertex 3.37192 56.0907 0
      vertex 0.574677 56.2272 3
      vertex 3.37192 56.0907 3
    endloop
  endfacet
  facet normal 0.0487401 0.998811 0
    outer loop
      vertex 0.574677 56.2272 3
      vertex 3.37192 56.0907 0
      vertex 0.574677 56.2272 0
    endloop
  endfacet
  facet normal -0.0487334 0.998812 0
    outer loop
      vertex 0.574677 56.2272 0
      vertex -2.22295 56.0907 3
      vertex 0.574677 56.2272 3
    endloop
  endfacet
  facet normal -0.0487334 0.998812 0
    outer loop
      vertex -2.22295 56.0907 3
      vertex 0.574677 56.2272 0
      vertex -2.22295 56.0907 0
    endloop
  endfacet
  facet normal -0.155198 0.987883 0
    outer loop
      vertex -2.22295 56.0907 0
      vertex -4.8289 55.6813 3
      vertex -2.22295 56.0907 3
    endloop
  endfacet
  facet normal -0.155198 0.987883 0
    outer loop
      vertex -4.8289 55.6813 3
      vertex -2.22295 56.0907 0
      vertex -4.8289 55.6813 0
    endloop
  endfacet
  facet normal -0.271995 0.962299 0
    outer loop
      vertex -4.8289 55.6813 0
      vertex -7.24318 54.9989 3
      vertex -4.8289 55.6813 3
    endloop
  endfacet
  facet normal -0.271995 0.962299 0
    outer loop
      vertex -7.24318 54.9989 3
      vertex -4.8289 55.6813 0
      vertex -7.24318 54.9989 0
    endloop
  endfacet
  facet normal -0.394883 0.918731 0
    outer loop
      vertex -7.24318 54.9989 0
      vertex -9.46577 54.0436 3
      vertex -7.24318 54.9989 3
    endloop
  endfacet
  facet normal -0.394883 0.918731 0
    outer loop
      vertex -9.46577 54.0436 3
      vertex -7.24318 54.9989 0
      vertex -9.46577 54.0436 0
    endloop
  endfacet
  facet normal -0.51748 0.855695 0
    outer loop
      vertex -9.46577 54.0436 0
      vertex -11.4967 52.8154 3
      vertex -9.46577 54.0436 3
    endloop
  endfacet
  facet normal -0.51748 0.855695 0
    outer loop
      vertex -11.4967 52.8154 3
      vertex -9.46577 54.0436 0
      vertex -11.4967 52.8154 0
    endloop
  endfacet
  facet normal -0.632354 0.774679 0
    outer loop
      vertex -11.4967 52.8154 0
      vertex -13.3359 51.3141 3
      vertex -11.4967 52.8154 3
    endloop
  endfacet
  facet normal -0.632354 0.774679 0
    outer loop
      vertex -13.3359 51.3141 3
      vertex -11.4967 52.8154 0
      vertex -13.3359 51.3141 0
    endloop
  endfacet
  facet normal -0.732748 0.6805 0
    outer loop
      vertex -14.9835 49.54 0
      vertex -13.3359 51.3141 3
      vertex -13.3359 51.3141 0
    endloop
  endfacet
  facet normal -0.732748 0.6805 0
    outer loop
      vertex -13.3359 51.3141 3
      vertex -14.9835 49.54 0
      vertex -14.9835 49.54 3
    endloop
  endfacet
  facet normal -0.817659 0.575702 0
    outer loop
      vertex -16.4242 47.4938 0
      vertex -14.9835 49.54 3
      vertex -14.9835 49.54 0
    endloop
  endfacet
  facet normal -0.817659 0.575702 0
    outer loop
      vertex -14.9835 49.54 3
      vertex -16.4242 47.4938 0
      vertex -16.4242 47.4938 3
    endloop
  endfacet
  facet normal -0.885034 0.465526 0
    outer loop
      vertex -17.6432 45.1763 0
      vertex -16.4242 47.4938 3
      vertex -16.4242 47.4938 0
    endloop
  endfacet
  facet normal -0.885034 0.465526 0
    outer loop
      vertex -16.4242 47.4938 3
      vertex -17.6432 45.1763 0
      vertex -17.6432 45.1763 3
    endloop
  endfacet
  facet normal -0.933132 0.359535 0
    outer loop
      vertex -18.6407 42.5874 0
      vertex -17.6432 45.1763 3
      vertex -17.6432 45.1763 0
    endloop
  endfacet
  facet normal -0.933132 0.359535 0
    outer loop
      vertex -17.6432 45.1763 3
      vertex -18.6407 42.5874 0
      vertex -18.6407 42.5874 3
    endloop
  endfacet
  facet normal -0.965138 0.261741 0
    outer loop
      vertex -19.4164 39.7271 0
      vertex -18.6407 42.5874 3
      vertex -18.6407 42.5874 0
    endloop
  endfacet
  facet normal -0.965138 0.261741 0
    outer loop
      vertex -18.6407 42.5874 3
      vertex -19.4164 39.7271 0
      vertex -19.4164 39.7271 3
    endloop
  endfacet
  facet normal -0.984699 0.174262 0
    outer loop
      vertex -19.9706 36.5955 0
      vertex -19.4164 39.7271 3
      vertex -19.4164 39.7271 0
    endloop
  endfacet
  facet normal -0.984699 0.174262 0
    outer loop
      vertex -19.4164 39.7271 3
      vertex -19.9706 36.5955 0
      vertex -19.9706 36.5955 3
    endloop
  endfacet
  facet normal -0.995263 0.0972158 0
    outer loop
      vertex -20.303 33.1925 0
      vertex -19.9706 36.5955 3
      vertex -19.9706 36.5955 0
    endloop
  endfacet
  facet normal -0.995263 0.0972158 0
    outer loop
      vertex -19.9706 36.5955 3
      vertex -20.303 33.1925 0
      vertex -20.303 33.1925 3
    endloop
  endfacet
  facet normal -0.999546 0.0301417 0
    outer loop
      vertex -20.4138 29.5182 0
      vertex -20.303 33.1925 3
      vertex -20.303 33.1925 0
    endloop
  endfacet
  facet normal -0.999546 0.0301417 0
    outer loop
      vertex -20.303 33.1925 3
      vertex -20.4138 29.5182 0
      vertex -20.4138 29.5182 3
    endloop
  endfacet
  facet normal -0.999668 -0.0257682 0
    outer loop
      vertex -20.331 26.306 0
      vertex -20.4138 29.5182 3
      vertex -20.4138 29.5182 0
    endloop
  endfacet
  facet normal -0.999668 -0.0257682 0
    outer loop
      vertex -20.4138 29.5182 3
      vertex -20.331 26.306 0
      vertex -20.331 26.306 3
    endloop
  endfacet
  facet normal -0.996613 -0.0822372 0
    outer loop
      vertex -20.0826 23.2957 0
      vertex -20.331 26.306 3
      vertex -20.331 26.306 0
    endloop
  endfacet
  facet normal -0.996613 -0.0822372 0
    outer loop
      vertex -20.331 26.306 3
      vertex -20.0826 23.2957 0
      vertex -20.0826 23.2957 3
    endloop
  endfacet
  facet normal -0.989297 -0.145913 0
    outer loop
      vertex -19.6684 20.4874 0
      vertex -20.0826 23.2957 3
      vertex -20.0826 23.2957 0
    endloop
  endfacet
  facet normal -0.989297 -0.145913 0
    outer loop
      vertex -20.0826 23.2957 3
      vertex -19.6684 20.4874 0
      vertex -19.6684 20.4874 3
    endloop
  endfacet
  facet normal -0.976147 -0.217109 0
    outer loop
      vertex -19.0887 17.881 0
      vertex -19.6684 20.4874 3
      vertex -19.6684 20.4874 0
    endloop
  endfacet
  facet normal -0.976147 -0.217109 0
    outer loop
      vertex -19.6684 20.4874 3
      vertex -19.0887 17.881 0
      vertex -19.0887 17.881 3
    endloop
  endfacet
  facet normal -0.955142 -0.296148 0
    outer loop
      vertex -18.3432 15.4766 0
      vertex -19.0887 17.881 3
      vertex -19.0887 17.881 0
    endloop
  endfacet
  facet normal -0.955142 -0.296148 0
    outer loop
      vertex -19.0887 17.881 3
      vertex -18.3432 15.4766 0
      vertex -18.3432 15.4766 3
    endloop
  endfacet
  facet normal -0.924073 -0.382216 0
    outer loop
      vertex -17.4322 13.2741 0
      vertex -18.3432 15.4766 3
      vertex -18.3432 15.4766 0
    endloop
  endfacet
  facet normal -0.924073 -0.382216 0
    outer loop
      vertex -18.3432 15.4766 3
      vertex -17.4322 13.2741 0
      vertex -17.4322 13.2741 3
    endloop
  endfacet
  facet normal -0.880543 -0.473966 0
    outer loop
      vertex -16.3554 11.2736 0
      vertex -17.4322 13.2741 3
      vertex -17.4322 13.2741 0
    endloop
  endfacet
  facet normal -0.880543 -0.473966 0
    outer loop
      vertex -17.4322 13.2741 3
      vertex -16.3554 11.2736 0
      vertex -16.3554 11.2736 3
    endloop
  endfacet
  facet normal -0.824267 -0.566201 0
    outer loop
      vertex -15.121 9.47658 0
      vertex -16.3554 11.2736 3
      vertex -16.3554 11.2736 0
    endloop
  endfacet
  facet normal -0.824267 -0.566201 0
    outer loop
      vertex -16.3554 11.2736 3
      vertex -15.121 9.47658 0
      vertex -15.121 9.47658 3
    endloop
  endfacet
  facet normal -0.754575 -0.656214 0
    outer loop
      vertex -13.7366 7.88467 0
      vertex -15.121 9.47658 3
      vertex -15.121 9.47658 0
    endloop
  endfacet
  facet normal -0.754575 -0.656214 0
    outer loop
      vertex -15.121 9.47658 3
      vertex -13.7366 7.88467 0
      vertex -13.7366 7.88467 3
    endloop
  endfacet
  facet normal -0.670541 -0.741872 0
    outer loop
      vertex -13.7366 7.88467 0
      vertex -12.7469 6.99013 3
      vertex -13.7366 7.88467 3
    endloop
  endfacet
  facet normal -0.670541 -0.741872 -0
    outer loop
      vertex -12.7469 6.99013 3
      vertex -13.7366 7.88467 0
      vertex -12.7469 6.99013 0
    endloop
  endfacet
  facet normal -0.768302 -0.640088 0
    outer loop
      vertex 0.971176 -7.61392 0
      vertex 0.451484 -6.99013 3
      vertex 0.451484 -6.99013 0
    endloop
  endfacet
  facet normal -0.768302 -0.640088 0
    outer loop
      vertex 0.451484 -6.99013 3
      vertex 0.971176 -7.61392 0
      vertex 0.971176 -7.61392 3
    endloop
  endfacet
  facet normal -0.696279 -0.717771 0
    outer loop
      vertex 0.971176 -7.61392 0
      vertex 2.12051 -8.72884 3
      vertex 0.971176 -7.61392 3
    endloop
  endfacet
  facet normal -0.696279 -0.717771 -0
    outer loop
      vertex 2.12051 -8.72884 3
      vertex 0.971176 -7.61392 0
      vertex 2.12051 -8.72884 0
    endloop
  endfacet
  facet normal -0.611753 -0.791049 0
    outer loop
      vertex 2.12051 -8.72884 0
      vertex 3.34717 -9.67747 3
      vertex 2.12051 -8.72884 3
    endloop
  endfacet
  facet normal -0.611753 -0.791049 -0
    outer loop
      vertex 3.34717 -9.67747 3
      vertex 2.12051 -8.72884 0
      vertex 3.34717 -9.67747 0
    endloop
  endfacet
  facet normal -0.520581 -0.853812 0
    outer loop
      vertex 3.34717 -9.67747 0
      vertex 4.66374 -10.4802 3
      vertex 3.34717 -9.67747 3
    endloop
  endfacet
  facet normal -0.520581 -0.853812 -0
    outer loop
      vertex 4.66374 -10.4802 3
      vertex 3.34717 -9.67747 0
      vertex 4.66374 -10.4802 0
    endloop
  endfacet
  facet normal -0.423062 -0.906101 0
    outer loop
      vertex 4.66374 -10.4802 0
      vertex 6.07024 -11.1369 3
      vertex 4.66374 -10.4802 3
    endloop
  endfacet
  facet normal -0.423062 -0.906101 -0
    outer loop
      vertex 6.07024 -11.1369 3
      vertex 4.66374 -10.4802 0
      vertex 6.07024 -11.1369 0
    endloop
  endfacet
  facet normal -0.323048 -0.946383 0
    outer loop
      vertex 6.07024 -11.1369 0
      vertex 7.56665 -11.6477 3
      vertex 6.07024 -11.1369 3
    endloop
  endfacet
  facet normal -0.323048 -0.946383 -0
    outer loop
      vertex 7.56665 -11.6477 3
      vertex 6.07024 -11.1369 0
      vertex 7.56665 -11.6477 0
    endloop
  endfacet
  facet normal -0.224173 -0.974549 0
    outer loop
      vertex 7.56665 -11.6477 0
      vertex 9.15298 -12.0126 3
      vertex 7.56665 -11.6477 3
    endloop
  endfacet
  facet normal -0.224173 -0.974549 -0
    outer loop
      vertex 9.15298 -12.0126 3
      vertex 7.56665 -11.6477 0
      vertex 9.15298 -12.0126 0
    endloop
  endfacet
  facet normal -0.129492 -0.99158 0
    outer loop
      vertex 9.15298 -12.0126 0
      vertex 10.8292 -12.2315 3
      vertex 9.15298 -12.0126 3
    endloop
  endfacet
  facet normal -0.129492 -0.99158 -0
    outer loop
      vertex 10.8292 -12.2315 3
      vertex 9.15298 -12.0126 0
      vertex 10.8292 -12.2315 0
    endloop
  endfacet
  facet normal -0.0412964 -0.999147 0
    outer loop
      vertex 10.8292 -12.2315 0
      vertex 12.5954 -12.3045 3
      vertex 10.8292 -12.2315 3
    endloop
  endfacet
  facet normal -0.0412964 -0.999147 -0
    outer loop
      vertex 12.5954 -12.3045 3
      vertex 10.8292 -12.2315 0
      vertex 12.5954 -12.3045 0
    endloop
  endfacet
  facet normal 0.0171412 -0.999853 0
    outer loop
      vertex 12.5954 -12.3045 0
      vertex 13.8845 -12.2824 3
      vertex 12.5954 -12.3045 3
    endloop
  endfacet
  facet normal 0.0171412 -0.999853 0
    outer loop
      vertex 13.8845 -12.2824 3
      vertex 12.5954 -12.3045 0
      vertex 13.8845 -12.2824 0
    endloop
  endfacet
  facet normal 0.228331 0.973584 -0
    outer loop
      vertex -0.714767 11.5603 0
      vertex -1.91037 11.8407 3
      vertex -0.714767 11.5603 3
    endloop
  endfacet
  facet normal 0.228331 0.973584 0
    outer loop
      vertex -1.91037 11.8407 3
      vertex -0.714767 11.5603 0
      vertex -1.91037 11.8407 0
    endloop
  endfacet
  facet normal 0.390626 0.920549 -0
    outer loop
      vertex -1.91037 11.8407 0
      vertex -3.01208 12.3082 3
      vertex -1.91037 11.8407 3
    endloop
  endfacet
  facet normal 0.390626 0.920549 0
    outer loop
      vertex -3.01208 12.3082 3
      vertex -1.91037 11.8407 0
      vertex -3.01208 12.3082 0
    endloop
  endfacet
  facet normal 0.544519 0.838749 -0
    outer loop
      vertex -3.01208 12.3082 0
      vertex -4.01993 12.9625 3
      vertex -3.01208 12.3082 3
    endloop
  endfacet
  facet normal 0.544519 0.838749 0
    outer loop
      vertex -4.01993 12.9625 3
      vertex -3.01208 12.3082 0
      vertex -4.01993 12.9625 0
    endloop
  endfacet
  facet normal 0.67726 0.735744 -0
    outer loop
      vertex -4.01993 12.9625 0
      vertex -4.93388 13.8038 3
      vertex -4.01993 12.9625 3
    endloop
  endfacet
  facet normal 0.67726 0.735744 0
    outer loop
      vertex -4.93388 13.8038 3
      vertex -4.01993 12.9625 0
      vertex -4.93388 13.8038 0
    endloop
  endfacet
  facet normal 0.78181 0.623517 0
    outer loop
      vertex -4.93388 13.8038 3
      vertex -5.75398 14.8321 0
      vertex -5.75398 14.8321 3
    endloop
  endfacet
  facet normal 0.78181 0.623517 0
    outer loop
      vertex -5.75398 14.8321 0
      vertex -4.93388 13.8038 3
      vertex -4.93388 13.8038 0
    endloop
  endfacet
  facet normal 0.858398 0.512984 0
    outer loop
      vertex -5.75398 14.8321 3
      vertex -6.48019 16.0473 0
      vertex -6.48019 16.0473 3
    endloop
  endfacet
  facet normal 0.858398 0.512984 0
    outer loop
      vertex -6.48019 16.0473 0
      vertex -5.75398 14.8321 3
      vertex -5.75398 14.8321 0
    endloop
  endfacet
  facet normal 0.911412 0.411496 0
    outer loop
      vertex -6.48019 16.0473 3
      vertex -7.11079 17.444 0
      vertex -7.11079 17.444 3
    endloop
  endfacet
  facet normal 0.911412 0.411496 0
    outer loop
      vertex -7.11079 17.444 0
      vertex -6.48019 16.0473 3
      vertex -6.48019 16.0473 0
    endloop
  endfacet
  facet normal 0.946972 0.321318 0
    outer loop
      vertex -7.11079 17.444 3
      vertex -7.64439 19.0166 0
      vertex -7.64439 19.0166 3
    endloop
  endfacet
  facet normal 0.946972 0.321318 0
    outer loop
      vertex -7.64439 19.0166 0
      vertex -7.11079 17.444 3
      vertex -7.11079 17.444 0
    endloop
  endfacet
  facet normal 0.970215 0.242246 0
    outer loop
      vertex -7.64439 19.0166 3
      vertex -8.08096 20.7651 0
      vertex -8.08096 20.7651 3
    endloop
  endfacet
  facet normal 0.970215 0.242246 0
    outer loop
      vertex -8.08096 20.7651 0
      vertex -7.64439 19.0166 3
      vertex -7.64439 19.0166 0
    endloop
  endfacet
  facet normal 0.984787 0.173765 0
    outer loop
      vertex -8.08096 20.7651 3
      vertex -8.42052 22.6895 0
      vertex -8.42052 22.6895 3
    endloop
  endfacet
  facet normal 0.984787 0.173765 0
    outer loop
      vertex -8.42052 22.6895 0
      vertex -8.08096 20.7651 3
      vertex -8.08096 20.7651 0
    endloop
  endfacet
  facet normal 0.993398 0.114716 0
    outer loop
      vertex -8.42052 22.6895 3
      vertex -8.66306 24.7898 0
      vertex -8.66306 24.7898 3
    endloop
  endfacet
  facet normal 0.993398 0.114716 0
    outer loop
      vertex -8.66306 24.7898 0
      vertex -8.42052 22.6895 3
      vertex -8.42052 22.6895 0
    endloop
  endfacet
  facet normal 0.997962 0.0638052 0
    outer loop
      vertex -8.66306 24.7898 3
      vertex -8.80859 27.066 0
      vertex -8.80859 27.066 3
    endloop
  endfacet
  facet normal 0.997962 0.0638052 0
    outer loop
      vertex -8.80859 27.066 0
      vertex -8.66306 24.7898 3
      vertex -8.66306 24.7898 0
    endloop
  endfacet
  facet normal 0.999804 0.0197784 0
    outer loop
      vertex -8.80859 27.066 3
      vertex -8.8571 29.5182 0
      vertex -8.8571 29.5182 3
    endloop
  endfacet
  facet normal 0.999804 0.0197784 0
    outer loop
      vertex -8.8571 29.5182 0
      vertex -8.80859 27.066 3
      vertex -8.80859 27.066 0
    endloop
  endfacet
  facet normal 0.999165 -0.0408603 0
    outer loop
      vertex -8.8571 29.5182 3
      vertex -8.66461 34.2252 0
      vertex -8.66461 34.2252 3
    endloop
  endfacet
  facet normal 0.999165 -0.0408603 0
    outer loop
      vertex -8.66461 34.2252 0
      vertex -8.8571 29.5182 3
      vertex -8.8571 29.5182 0
    endloop
  endfacet
  facet normal 0.989652 -0.143486 0
    outer loop
      vertex -8.66461 34.2252 3
      vertex -8.08716 38.208 0
      vertex -8.08716 38.208 3
    endloop
  endfacet
  facet normal 0.989652 -0.143486 0
    outer loop
      vertex -8.08716 38.208 0
      vertex -8.66461 34.2252 3
      vertex -8.66461 34.2252 0
    endloop
  endfacet
  facet normal 0.959047 -0.283247 0
    outer loop
      vertex -8.08716 38.208 3
      vertex -7.12473 41.4667 0
      vertex -7.12473 41.4667 3
    endloop
  endfacet
  facet normal 0.959047 -0.283247 0
    outer loop
      vertex -7.12473 41.4667 0
      vertex -8.08716 38.208 3
      vertex -8.08716 38.208 0
    endloop
  endfacet
  facet normal 0.882987 -0.469398 0
    outer loop
      vertex -7.12473 41.4667 3
      vertex -5.77733 44.0013 0
      vertex -5.77733 44.0013 3
    endloop
  endfacet
  facet normal 0.882987 -0.469398 0
    outer loop
      vertex -5.77733 44.0013 0
      vertex -7.12473 41.4667 3
      vertex -7.12473 41.4667 0
    endloop
  endfacet
  facet normal 0.722504 -0.691367 0
    outer loop
      vertex -5.77733 44.0013 3
      vertex -4.04495 45.8117 0
      vertex -4.04495 45.8117 3
    endloop
  endfacet
  facet normal 0.722504 -0.691367 0
    outer loop
      vertex -4.04495 45.8117 0
      vertex -5.77733 44.0013 3
      vertex -5.77733 44.0013 0
    endloop
  endfacet
  facet normal 0.456445 -0.889752 0
    outer loop
      vertex -4.04495 45.8117 0
      vertex -1.92761 46.8979 3
      vertex -4.04495 45.8117 3
    endloop
  endfacet
  facet normal 0.456445 -0.889752 0
    outer loop
      vertex -1.92761 46.8979 3
      vertex -4.04495 45.8117 0
      vertex -1.92761 46.8979 0
    endloop
  endfacet
  facet normal 0.143216 -0.989691 0
    outer loop
      vertex -1.92761 46.8979 0
      vertex 0.574677 47.26 3
      vertex -1.92761 46.8979 3
    endloop
  endfacet
  facet normal 0.143216 -0.989691 0
    outer loop
      vertex 0.574677 47.26 3
      vertex -1.92761 46.8979 0
      vertex 0.574677 47.26 0
    endloop
  endfacet
  facet normal -0.143802 -0.989607 0
    outer loop
      vertex 0.574677 47.26 0
      vertex 3.06656 46.8979 3
      vertex 0.574677 47.26 3
    endloop
  endfacet
  facet normal -0.143802 -0.989607 -0
    outer loop
      vertex 3.06656 46.8979 3
      vertex 0.574677 47.26 0
      vertex 3.06656 46.8979 0
    endloop
  endfacet
  facet normal -0.457958 -0.888974 0
    outer loop
      vertex 3.06656 46.8979 0
      vertex 5.17506 45.8117 3
      vertex 3.06656 46.8979 3
    endloop
  endfacet
  facet normal -0.457958 -0.888974 -0
    outer loop
      vertex 5.17506 45.8117 3
      vertex 3.06656 46.8979 0
      vertex 5.17506 45.8117 0
    endloop
  endfacet
  facet normal -0.723946 -0.689856 0
    outer loop
      vertex 6.90021 44.0013 0
      vertex 5.17506 45.8117 3
      vertex 5.17506 45.8117 0
    endloop
  endfacet
  facet normal -0.723946 -0.689856 0
    outer loop
      vertex 5.17506 45.8117 3
      vertex 6.90021 44.0013 0
      vertex 6.90021 44.0013 3
    endloop
  endfacet
  facet normal -0.883798 -0.467869 0
    outer loop
      vertex 8.24199 41.4667 0
      vertex 6.90021 44.0013 3
      vertex 6.90021 44.0013 0
    endloop
  endfacet
  facet normal -0.883798 -0.467869 0
    outer loop
      vertex 6.90021 44.0013 3
      vertex 8.24199 41.4667 0
      vertex 8.24199 41.4667 3
    endloop
  endfacet
  facet normal -0.959367 -0.282161 0
    outer loop
      vertex 9.20041 38.208 0
      vertex 8.24199 41.4667 3
      vertex 8.24199 41.4667 0
    endloop
  endfacet
  facet normal -0.959367 -0.282161 0
    outer loop
      vertex 8.24199 41.4667 3
      vertex 9.20041 38.208 0
      vertex 9.20041 38.208 3
    endloop
  endfacet
  facet normal -0.989737 -0.142899 0
    outer loop
      vertex 9.77545 34.2252 0
      vertex 9.20041 38.208 3
      vertex 9.20041 38.208 0
    endloop
  endfacet
  facet normal -0.989737 -0.142899 0
    outer loop
      vertex 9.20041 38.208 3
      vertex 9.77545 34.2252 0
      vertex 9.77545 34.2252 3
    endloop
  endfacet
  facet normal -0.999172 -0.0406886 0
    outer loop
      vertex 9.96713 29.5182 0
      vertex 9.77545 34.2252 3
      vertex 9.77545 34.2252 0
    endloop
  endfacet
  facet normal -0.999172 -0.0406886 0
    outer loop
      vertex 9.77545 34.2252 3
      vertex 9.96713 29.5182 0
      vertex 9.96713 29.5182 3
    endloop
  endfacet
  facet normal -0.999808 0.0196153 0
    outer loop
      vertex 9.91902 27.066 0
      vertex 9.96713 29.5182 3
      vertex 9.96713 29.5182 0
    endloop
  endfacet
  facet normal -0.999808 0.0196153 0
    outer loop
      vertex 9.96713 29.5182 3
      vertex 9.91902 27.066 0
      vertex 9.91902 27.066 3
    endloop
  endfacet
  facet normal -0.997994 0.0633031 0
    outer loop
      vertex 9.77464 24.7898 0
      vertex 9.91902 27.066 3
      vertex 9.91902 27.066 0
    endloop
  endfacet
  facet normal -0.997994 0.0633031 0
    outer loop
      vertex 9.91902 27.066 3
      vertex 9.77464 24.7898 0
      vertex 9.77464 24.7898 3
    endloop
  endfacet
  facet normal -0.993502 0.113815 0
    outer loop
      vertex 9.53403 22.6895 0
      vertex 9.77464 24.7898 3
      vertex 9.77464 24.7898 0
    endloop
  endfacet
  facet normal -0.993502 0.113815 0
    outer loop
      vertex 9.77464 24.7898 3
      vertex 9.53403 22.6895 0
      vertex 9.53403 22.6895 3
    endloop
  endfacet
  facet normal -0.98502 0.17244 0
    outer loop
      vertex 9.19714 20.7651 0
      vertex 9.53403 22.6895 3
      vertex 9.53403 22.6895 0
    endloop
  endfacet
  facet normal -0.98502 0.17244 0
    outer loop
      vertex 9.53403 22.6895 3
      vertex 9.19714 20.7651 0
      vertex 9.19714 20.7651 3
    endloop
  endfacet
  facet normal -0.970666 0.240432 0
    outer loop
      vertex 8.76404 19.0166 0
      vertex 9.19714 20.7651 3
      vertex 9.19714 20.7651 0
    endloop
  endfacet
  facet normal -0.970666 0.240432 0
    outer loop
      vertex 9.19714 20.7651 3
      vertex 8.76404 19.0166 0
      vertex 8.76404 19.0166 3
    endloop
  endfacet
  facet normal -0.947743 0.319036 0
    outer loop
      vertex 8.23466 17.444 0
      vertex 8.76404 19.0166 3
      vertex 8.76404 19.0166 0
    endloop
  endfacet
  facet normal -0.947743 0.319036 0
    outer loop
      vertex 8.76404 19.0166 3
      vertex 8.23466 17.444 0
      vertex 8.23466 17.444 3
    endloop
  endfacet
  facet normal -0.91263 0.408786 0
    outer loop
      vertex 7.60905 16.0473 0
      vertex 8.23466 17.444 3
      vertex 8.23466 17.444 0
    endloop
  endfacet
  facet normal -0.91263 0.408786 0
    outer loop
      vertex 8.23466 17.444 3
      vertex 7.60905 16.0473 0
      vertex 7.60905 16.0473 3
    endloop
  endfacet
  facet normal -0.860046 0.510217 0
    outer loop
      vertex 6.88814 14.8321 0
      vertex 7.60905 16.0473 3
      vertex 7.60905 16.0473 0
    endloop
  endfacet
  facet normal -0.860046 0.510217 0
    outer loop
      vertex 7.60905 16.0473 3
      vertex 6.88814 14.8321 0
      vertex 6.88814 14.8321 3
    endloop
  endfacet
  facet normal -0.783486 0.62141 0
    outer loop
      vertex 6.07256 13.8038 0
      vertex 6.88814 14.8321 3
      vertex 6.88814 14.8321 0
    endloop
  endfacet
  facet normal -0.783486 0.62141 0
    outer loop
      vertex 6.88814 14.8321 3
      vertex 6.07256 13.8038 0
      vertex 6.07256 13.8038 3
    endloop
  endfacet
  facet normal -0.67875 0.73437 0
    outer loop
      vertex 6.07256 13.8038 0
      vertex 5.16232 12.9625 3
      vertex 6.07256 13.8038 3
    endloop
  endfacet
  facet normal -0.67875 0.73437 0
    outer loop
      vertex 5.16232 12.9625 3
      vertex 6.07256 13.8038 0
      vertex 5.16232 12.9625 0
    endloop
  endfacet
  facet normal -0.545638 0.838021 0
    outer loop
      vertex 5.16232 12.9625 0
      vertex 4.15741 12.3082 3
      vertex 5.16232 12.9625 3
    endloop
  endfacet
  facet normal -0.545638 0.838021 0
    outer loop
      vertex 4.15741 12.3082 3
      vertex 5.16232 12.9625 0
      vertex 4.15741 12.3082 0
    endloop
  endfacet
  facet normal -0.391267 0.920277 0
    outer loop
      vertex 4.15741 12.3082 0
      vertex 3.05783 11.8407 3
      vertex 4.15741 12.3082 3
    endloop
  endfacet
  facet normal -0.391267 0.920277 0
    outer loop
      vertex 3.05783 11.8407 3
      vertex 4.15741 12.3082 0
      vertex 3.05783 11.8407 0
    endloop
  endfacet
  facet normal -0.228578 0.973526 0
    outer loop
      vertex 3.05783 11.8407 0
      vertex 1.86359 11.5603 3
      vertex 3.05783 11.8407 3
    endloop
  endfacet
  facet normal -0.228578 0.973526 0
    outer loop
      vertex 1.86359 11.5603 3
      vertex 3.05783 11.8407 0
      vertex 1.86359 11.5603 0
    endloop
  endfacet
  facet normal -0.0723516 0.997379 0
    outer loop
      vertex 1.86359 11.5603 0
      vertex 0.574677 11.4668 3
      vertex 1.86359 11.5603 3
    endloop
  endfacet
  facet normal -0.0723516 0.997379 0
    outer loop
      vertex 0.574677 11.4668 3
      vertex 1.86359 11.5603 0
      vertex 0.574677 11.4668 0
    endloop
  endfacet
  facet normal 0.072322 0.997381 -0
    outer loop
      vertex 0.574677 11.4668 0
      vertex -0.714767 11.5603 3
      vertex 0.574677 11.4668 3
    endloop
  endfacet
  facet normal 0.072322 0.997381 0
    outer loop
      vertex -0.714767 11.5603 3
      vertex 0.574677 11.4668 0
      vertex -0.714767 11.5603 0
    endloop
  endfacet
  facet normal -0.904808 -0.425821 0
    outer loop
      vertex -26.9782 1.1964 0
      vertex -27.152 1.5657 3
      vertex -27.152 1.5657 0
    endloop
  endfacet
  facet normal -0.904808 -0.425821 0
    outer loop
      vertex -27.152 1.5657 3
      vertex -26.9782 1.1964 0
      vertex -26.9782 1.1964 3
    endloop
  endfacet
  facet normal 0.951071 -0.308972 0
    outer loop
      vertex -33.1479 0.808242 3
      vertex -33.0218 1.1964 0
      vertex -33.0218 1.1964 3
    endloop
  endfacet
  facet normal 0.951071 -0.308972 0
    outer loop
      vertex -33.0218 1.1964 0
      vertex -33.1479 0.808242 3
      vertex -33.1479 0.808242 0
    endloop
  endfacet
  facet normal -0.844317 -0.535845 0
    outer loop
      vertex -27.152 1.5657 0
      vertex -27.3707 1.9103 3
      vertex -27.3707 1.9103 0
    endloop
  endfacet
  facet normal -0.844317 -0.535845 0
    outer loop
      vertex -27.3707 1.9103 3
      vertex -27.152 1.5657 0
      vertex -27.152 1.5657 3
    endloop
  endfacet
  facet normal -0.2487 -0.968581 0
    outer loop
      vertex -29.391 3.19243 0
      vertex -28.9957 3.09093 3
      vertex -29.391 3.19243 3
    endloop
  endfacet
  facet normal -0.2487 -0.968581 -0
    outer loop
      vertex -28.9957 3.09093 3
      vertex -29.391 3.19243 0
      vertex -28.9957 3.09093 0
    endloop
  endfacet
  facet normal -0.368093 -0.929789 0
    outer loop
      vertex -28.9957 3.09093 0
      vertex -28.6162 2.94069 3
      vertex -28.9957 3.09093 3
    endloop
  endfacet
  facet normal -0.368093 -0.929789 -0
    outer loop
      vertex -28.6162 2.94069 3
      vertex -28.9957 3.09093 0
      vertex -28.6162 2.94069 0
    endloop
  endfacet
  facet normal 0.368093 -0.929789 0
    outer loop
      vertex -31.3838 2.94069 0
      vertex -31.0043 3.09093 3
      vertex -31.3838 2.94069 3
    endloop
  endfacet
  facet normal 0.368093 -0.929789 0
    outer loop
      vertex -31.0043 3.09093 3
      vertex -31.3838 2.94069 0
      vertex -31.0043 3.09093 0
    endloop
  endfacet
  facet normal 0.904808 -0.425821 0
    outer loop
      vertex -33.0218 1.1964 3
      vertex -32.848 1.5657 0
      vertex -32.848 1.5657 3
    endloop
  endfacet
  facet normal 0.904808 -0.425821 0
    outer loop
      vertex -32.848 1.5657 0
      vertex -33.0218 1.1964 3
      vertex -33.0218 1.1964 0
    endloop
  endfacet
  facet normal -0.982277 0.187434 0
    outer loop
      vertex -26.8521 -0.808242 0
      vertex -26.7756 -0.407332 3
      vertex -26.7756 -0.407332 0
    endloop
  endfacet
  facet normal -0.982277 0.187434 0
    outer loop
      vertex -26.7756 -0.407332 3
      vertex -26.8521 -0.808242 0
      vertex -26.8521 -0.808242 3
    endloop
  endfacet
  facet normal -0.587778 -0.809022 0
    outer loop
      vertex -28.2586 2.74407 0
      vertex -27.9284 2.50417 3
      vertex -28.2586 2.74407 3
    endloop
  endfacet
  facet normal -0.587778 -0.809022 -0
    outer loop
      vertex -27.9284 2.50417 3
      vertex -28.2586 2.74407 0
      vertex -27.9284 2.50417 0
    endloop
  endfacet
  facet normal 0.770466 -0.637481 0
    outer loop
      vertex -32.6293 1.9103 3
      vertex -32.3691 2.22478 0
      vertex -32.3691 2.22478 3
    endloop
  endfacet
  facet normal 0.770466 -0.637481 0
    outer loop
      vertex -32.3691 2.22478 0
      vertex -32.6293 1.9103 3
      vertex -32.6293 1.9103 0
    endloop
  endfacet
  facet normal 0.481806 -0.876278 0
    outer loop
      vertex -31.7414 2.74407 0
      vertex -31.3838 2.94069 3
      vertex -31.7414 2.74407 3
    endloop
  endfacet
  facet normal 0.481806 -0.876278 0
    outer loop
      vertex -31.3838 2.94069 3
      vertex -31.7414 2.74407 0
      vertex -31.3838 2.94069 0
    endloop
  endfacet
  facet normal 0.125356 -0.992112 0
    outer loop
      vertex -30.609 3.19243 0
      vertex -30.2041 3.24359 3
      vertex -30.609 3.19243 3
    endloop
  endfacet
  facet normal 0.125356 -0.992112 0
    outer loop
      vertex -30.2041 3.24359 3
      vertex -30.609 3.19243 0
      vertex -30.2041 3.24359 0
    endloop
  endfacet
  facet normal -0.998031 -0.0627242 0
    outer loop
      vertex -26.75 0 0
      vertex -26.7756 0.407332 3
      vertex -26.7756 0.407332 0
    endloop
  endfacet
  facet normal -0.998031 -0.0627242 0
    outer loop
      vertex -26.7756 0.407332 3
      vertex -26.75 0 0
      vertex -26.75 0 3
    endloop
  endfacet
  facet normal -0.951071 0.308972 0
    outer loop
      vertex -26.9782 -1.1964 0
      vertex -26.8521 -0.808242 3
      vertex -26.8521 -0.808242 0
    endloop
  endfacet
  facet normal -0.951071 0.308972 0
    outer loop
      vertex -26.8521 -0.808242 3
      vertex -26.9782 -1.1964 0
      vertex -26.9782 -1.1964 3
    endloop
  endfacet
  facet normal -0.587778 0.809022 0
    outer loop
      vertex -27.9284 -2.50417 0
      vertex -28.2586 -2.74407 3
      vertex -27.9284 -2.50417 3
    endloop
  endfacet
  facet normal -0.587778 0.809022 0
    outer loop
      vertex -28.2586 -2.74407 3
      vertex -27.9284 -2.50417 0
      vertex -28.2586 -2.74407 0
    endloop
  endfacet
  facet normal -0.982277 -0.187434 0
    outer loop
      vertex -26.7756 0.407332 0
      vertex -26.8521 0.808242 3
      vertex -26.8521 0.808242 0
    endloop
  endfacet
  facet normal -0.982277 -0.187434 0
    outer loop
      vertex -26.8521 0.808242 3
      vertex -26.7756 0.407332 0
      vertex -26.7756 0.407332 3
    endloop
  endfacet
  facet normal -0.951071 -0.308972 0
    outer loop
      vertex -26.8521 0.808242 0
      vertex -26.9782 1.1964 3
      vertex -26.9782 1.1964 0
    endloop
  endfacet
  facet normal -0.951071 -0.308972 0
    outer loop
      vertex -26.9782 1.1964 3
      vertex -26.8521 0.808242 0
      vertex -26.8521 0.808242 3
    endloop
  endfacet
  facet normal -0.684572 -0.728946 0
    outer loop
      vertex -27.9284 2.50417 0
      vertex -27.6309 2.22478 3
      vertex -27.9284 2.50417 3
    endloop
  endfacet
  facet normal -0.684572 -0.728946 -0
    outer loop
      vertex -27.6309 2.22478 3
      vertex -27.9284 2.50417 0
      vertex -27.6309 2.22478 0
    endloop
  endfacet
  facet normal 0 -1 0
    outer loop
      vertex -30.2041 3.24359 0
      vertex -29.7959 3.24359 3
      vertex -30.2041 3.24359 3
    endloop
  endfacet
  facet normal 0 -1 -0
    outer loop
      vertex -29.7959 3.24359 3
      vertex -30.2041 3.24359 0
      vertex -29.7959 3.24359 0
    endloop
  endfacet
  facet normal -0.481806 -0.876278 0
    outer loop
      vertex -28.6162 2.94069 0
      vertex -28.2586 2.74407 3
      vertex -28.6162 2.94069 3
    endloop
  endfacet
  facet normal -0.481806 -0.876278 -0
    outer loop
      vertex -28.2586 2.74407 3
      vertex -28.6162 2.94069 0
      vertex -28.2586 2.74407 0
    endloop
  endfacet
  facet normal 0.998031 -0.0627242 0
    outer loop
      vertex -33.25 0 3
      vertex -33.2244 0.407332 0
      vertex -33.2244 0.407332 3
    endloop
  endfacet
  facet normal 0.998031 -0.0627242 0
    outer loop
      vertex -33.2244 0.407332 0
      vertex -33.25 0 3
      vertex -33.25 0 0
    endloop
  endfacet
  facet normal 0.844317 -0.535845 0
    outer loop
      vertex -32.848 1.5657 3
      vertex -32.6293 1.9103 0
      vertex -32.6293 1.9103 3
    endloop
  endfacet
  facet normal 0.844317 -0.535845 0
    outer loop
      vertex -32.6293 1.9103 0
      vertex -32.848 1.5657 3
      vertex -32.848 1.5657 0
    endloop
  endfacet
  facet normal 0.2487 -0.968581 0
    outer loop
      vertex -31.0043 3.09093 0
      vertex -30.609 3.19243 3
      vertex -31.0043 3.09093 3
    endloop
  endfacet
  facet normal 0.2487 -0.968581 0
    outer loop
      vertex -30.609 3.19243 3
      vertex -31.0043 3.09093 0
      vertex -30.609 3.19243 0
    endloop
  endfacet
  facet normal 0.587778 -0.809022 0
    outer loop
      vertex -32.0716 2.50417 0
      vertex -31.7414 2.74407 3
      vertex -32.0716 2.50417 3
    endloop
  endfacet
  facet normal 0.587778 -0.809022 0
    outer loop
      vertex -31.7414 2.74407 3
      vertex -32.0716 2.50417 0
      vertex -31.7414 2.74407 0
    endloop
  endfacet
  facet normal 0.684572 -0.728946 0
    outer loop
      vertex -32.3691 2.22478 0
      vertex -32.0716 2.50417 3
      vertex -32.3691 2.22478 3
    endloop
  endfacet
  facet normal 0.684572 -0.728946 0
    outer loop
      vertex -32.0716 2.50417 3
      vertex -32.3691 2.22478 0
      vertex -32.0716 2.50417 0
    endloop
  endfacet
  facet normal -0.998031 0.0627242 0
    outer loop
      vertex -26.7756 -0.407332 0
      vertex -26.75 0 3
      vertex -26.75 0 0
    endloop
  endfacet
  facet normal -0.998031 0.0627242 0
    outer loop
      vertex -26.75 0 3
      vertex -26.7756 -0.407332 0
      vertex -26.7756 -0.407332 3
    endloop
  endfacet
  facet normal -0.844317 0.535845 0
    outer loop
      vertex -27.3707 -1.9103 0
      vertex -27.152 -1.5657 3
      vertex -27.152 -1.5657 0
    endloop
  endfacet
  facet normal -0.844317 0.535845 0
    outer loop
      vertex -27.152 -1.5657 3
      vertex -27.3707 -1.9103 0
      vertex -27.3707 -1.9103 3
    endloop
  endfacet
  facet normal 0.904808 0.425821 0
    outer loop
      vertex -32.848 -1.5657 3
      vertex -33.0218 -1.1964 0
      vertex -33.0218 -1.1964 3
    endloop
  endfacet
  facet normal 0.904808 0.425821 0
    outer loop
      vertex -33.0218 -1.1964 0
      vertex -32.848 -1.5657 3
      vertex -32.848 -1.5657 0
    endloop
  endfacet
  facet normal -0.125356 0.992112 0
    outer loop
      vertex -29.391 -3.19243 0
      vertex -29.7959 -3.24359 3
      vertex -29.391 -3.19243 3
    endloop
  endfacet
  facet normal -0.125356 0.992112 0
    outer loop
      vertex -29.7959 -3.24359 3
      vertex -29.391 -3.19243 0
      vertex -29.7959 -3.24359 0
    endloop
  endfacet
  facet normal -0.684572 0.728946 0
    outer loop
      vertex -27.6309 -2.22478 0
      vertex -27.9284 -2.50417 3
      vertex -27.6309 -2.22478 3
    endloop
  endfacet
  facet normal -0.684572 0.728946 0
    outer loop
      vertex -27.9284 -2.50417 3
      vertex -27.6309 -2.22478 0
      vertex -27.9284 -2.50417 0
    endloop
  endfacet
  facet normal -0.770466 -0.637481 0
    outer loop
      vertex -27.3707 1.9103 0
      vertex -27.6309 2.22478 3
      vertex -27.6309 2.22478 0
    endloop
  endfacet
  facet normal -0.770466 -0.637481 0
    outer loop
      vertex -27.6309 2.22478 3
      vertex -27.3707 1.9103 0
      vertex -27.3707 1.9103 3
    endloop
  endfacet
  facet normal -0.125356 -0.992112 0
    outer loop
      vertex -29.7959 3.24359 0
      vertex -29.391 3.19243 3
      vertex -29.7959 3.24359 3
    endloop
  endfacet
  facet normal -0.125356 -0.992112 -0
    outer loop
      vertex -29.391 3.19243 3
      vertex -29.7959 3.24359 0
      vertex -29.391 3.19243 0
    endloop
  endfacet
  facet normal 0.982277 -0.187434 0
    outer loop
      vertex -33.2244 0.407332 3
      vertex -33.1479 0.808242 0
      vertex -33.1479 0.808242 3
    endloop
  endfacet
  facet normal 0.982277 -0.187434 0
    outer loop
      vertex -33.1479 0.808242 0
      vertex -33.2244 0.407332 3
      vertex -33.2244 0.407332 0
    endloop
  endfacet
  facet normal -0.904808 0.425821 0
    outer loop
      vertex -27.152 -1.5657 0
      vertex -26.9782 -1.1964 3
      vertex -26.9782 -1.1964 0
    endloop
  endfacet
  facet normal -0.904808 0.425821 0
    outer loop
      vertex -26.9782 -1.1964 3
      vertex -27.152 -1.5657 0
      vertex -27.152 -1.5657 3
    endloop
  endfacet
  facet normal 0.2487 0.968581 -0
    outer loop
      vertex -30.609 -3.19243 0
      vertex -31.0043 -3.09093 3
      vertex -30.609 -3.19243 3
    endloop
  endfacet
  facet normal 0.2487 0.968581 0
    outer loop
      vertex -31.0043 -3.09093 3
      vertex -30.609 -3.19243 0
      vertex -31.0043 -3.09093 0
    endloop
  endfacet
  facet normal 0.125356 0.992112 -0
    outer loop
      vertex -30.2041 -3.24359 0
      vertex -30.609 -3.19243 3
      vertex -30.2041 -3.24359 3
    endloop
  endfacet
  facet normal 0.125356 0.992112 0
    outer loop
      vertex -30.609 -3.19243 3
      vertex -30.2041 -3.24359 0
      vertex -30.609 -3.19243 0
    endloop
  endfacet
  facet normal 0.998031 0.0627242 0
    outer loop
      vertex -33.2244 -0.407332 3
      vertex -33.25 0 0
      vertex -33.25 0 3
    endloop
  endfacet
  facet normal 0.998031 0.0627242 0
    outer loop
      vertex -33.25 0 0
      vertex -33.2244 -0.407332 3
      vertex -33.2244 -0.407332 0
    endloop
  endfacet
  facet normal 0.951071 0.308972 0
    outer loop
      vertex -33.0218 -1.1964 3
      vertex -33.1479 -0.808242 0
      vertex -33.1479 -0.808242 3
    endloop
  endfacet
  facet normal 0.951071 0.308972 0
    outer loop
      vertex -33.1479 -0.808242 0
      vertex -33.0218 -1.1964 3
      vertex -33.0218 -1.1964 0
    endloop
  endfacet
  facet normal -0.2487 0.968581 0
    outer loop
      vertex -28.9957 -3.09093 0
      vertex -29.391 -3.19243 3
      vertex -28.9957 -3.09093 3
    endloop
  endfacet
  facet normal -0.2487 0.968581 0
    outer loop
      vertex -29.391 -3.19243 3
      vertex -28.9957 -3.09093 0
      vertex -29.391 -3.19243 0
    endloop
  endfacet
  facet normal -0.481806 0.876278 0
    outer loop
      vertex -28.2586 -2.74407 0
      vertex -28.6162 -2.94069 3
      vertex -28.2586 -2.74407 3
    endloop
  endfacet
  facet normal -0.481806 0.876278 0
    outer loop
      vertex -28.6162 -2.94069 3
      vertex -28.2586 -2.74407 0
      vertex -28.6162 -2.94069 0
    endloop
  endfacet
  facet normal -0.770466 0.637481 0
    outer loop
      vertex -27.6309 -2.22478 0
      vertex -27.3707 -1.9103 3
      vertex -27.3707 -1.9103 0
    endloop
  endfacet
  facet normal -0.770466 0.637481 0
    outer loop
      vertex -27.3707 -1.9103 3
      vertex -27.6309 -2.22478 0
      vertex -27.6309 -2.22478 3
    endloop
  endfacet
  facet normal 0.587778 0.809022 -0
    outer loop
      vertex -31.7414 -2.74407 0
      vertex -32.0716 -2.50417 3
      vertex -31.7414 -2.74407 3
    endloop
  endfacet
  facet normal 0.587778 0.809022 0
    outer loop
      vertex -32.0716 -2.50417 3
      vertex -31.7414 -2.74407 0
      vertex -32.0716 -2.50417 0
    endloop
  endfacet
  facet normal 0.368093 0.929789 -0
    outer loop
      vertex -31.0043 -3.09093 0
      vertex -31.3838 -2.94069 3
      vertex -31.0043 -3.09093 3
    endloop
  endfacet
  facet normal 0.368093 0.929789 0
    outer loop
      vertex -31.3838 -2.94069 3
      vertex -31.0043 -3.09093 0
      vertex -31.3838 -2.94069 0
    endloop
  endfacet
  facet normal 0 1 -0
    outer loop
      vertex -29.7959 -3.24359 0
      vertex -30.2041 -3.24359 3
      vertex -29.7959 -3.24359 3
    endloop
  endfacet
  facet normal 0 1 0
    outer loop
      vertex -30.2041 -3.24359 3
      vertex -29.7959 -3.24359 0
      vertex -30.2041 -3.24359 0
    endloop
  endfacet
  facet normal 0.770466 0.637481 0
    outer loop
      vertex -32.3691 -2.22478 3
      vertex -32.6293 -1.9103 0
      vertex -32.6293 -1.9103 3
    endloop
  endfacet
  facet normal 0.770466 0.637481 0
    outer loop
      vertex -32.6293 -1.9103 0
      vertex -32.3691 -2.22478 3
      vertex -32.3691 -2.22478 0
    endloop
  endfacet
  facet normal 0.844317 0.535845 0
    outer loop
      vertex -32.6293 -1.9103 3
      vertex -32.848 -1.5657 0
      vertex -32.848 -1.5657 3
    endloop
  endfacet
  facet normal 0.844317 0.535845 0
    outer loop
      vertex -32.848 -1.5657 0
      vertex -32.6293 -1.9103 3
      vertex -32.6293 -1.9103 0
    endloop
  endfacet
  facet normal 0.684572 0.728946 -0
    outer loop
      vertex -32.0716 -2.50417 0
      vertex -32.3691 -2.22478 3
      vertex -32.0716 -2.50417 3
    endloop
  endfacet
  facet normal 0.684572 0.728946 0
    outer loop
      vertex -32.3691 -2.22478 3
      vertex -32.0716 -2.50417 0
      vertex -32.3691 -2.22478 0
    endloop
  endfacet
  facet normal 0.982277 0.187434 0
    outer loop
      vertex -33.1479 -0.808242 3
      vertex -33.2244 -0.407332 0
      vertex -33.2244 -0.407332 3
    endloop
  endfacet
  facet normal 0.982277 0.187434 0
    outer loop
      vertex -33.2244 -0.407332 0
      vertex -33.1479 -0.808242 3
      vertex -33.1479 -0.808242 0
    endloop
  endfacet
  facet normal 0.481806 0.876278 -0
    outer loop
      vertex -31.3838 -2.94069 0
      vertex -31.7414 -2.74407 3
      vertex -31.3838 -2.94069 3
    endloop
  endfacet
  facet normal 0.481806 0.876278 0
    outer loop
      vertex -31.7414 -2.74407 3
      vertex -31.3838 -2.94069 0
      vertex -31.7414 -2.74407 0
    endloop
  endfacet
  facet normal -0.368093 0.929789 0
    outer loop
      vertex -28.6162 -2.94069 0
      vertex -28.9957 -3.09093 3
      vertex -28.6162 -2.94069 3
    endloop
  endfacet
  facet normal -0.368093 0.929789 0
    outer loop
      vertex -28.9957 -3.09093 3
      vertex -28.6162 -2.94069 0
      vertex -28.9957 -3.09093 0
    endloop
  endfacet
  facet normal -0.904808 -0.425821 0
    outer loop
      vertex -11.9782 1.1964 0
      vertex -12.152 1.5657 3
      vertex -12.152 1.5657 0
    endloop
  endfacet
  facet normal -0.904808 -0.425821 0
    outer loop
      vertex -12.152 1.5657 3
      vertex -11.9782 1.1964 0
      vertex -11.9782 1.1964 3
    endloop
  endfacet
  facet normal -0.844317 -0.535845 0
    outer loop
      vertex -12.152 1.5657 0
      vertex -12.3707 1.9103 3
      vertex -12.3707 1.9103 0
    endloop
  endfacet
  facet normal -0.844317 -0.535845 0
    outer loop
      vertex -12.3707 1.9103 3
      vertex -12.152 1.5657 0
      vertex -12.152 1.5657 3
    endloop
  endfacet
  facet normal -0.2487 -0.968581 0
    outer loop
      vertex -14.391 3.19243 0
      vertex -13.9957 3.09093 3
      vertex -14.391 3.19243 3
    endloop
  endfacet
  facet normal -0.2487 -0.968581 -0
    outer loop
      vertex -13.9957 3.09093 3
      vertex -14.391 3.19243 0
      vertex -13.9957 3.09093 0
    endloop
  endfacet
  facet normal -0.368093 -0.929789 0
    outer loop
      vertex -13.9957 3.09093 0
      vertex -13.6162 2.94069 3
      vertex -13.9957 3.09093 3
    endloop
  endfacet
  facet normal -0.368093 -0.929789 -0
    outer loop
      vertex -13.6162 2.94069 3
      vertex -13.9957 3.09093 0
      vertex -13.6162 2.94069 0
    endloop
  endfacet
  facet normal 0.368093 -0.929789 0
    outer loop
      vertex -16.3838 2.94069 0
      vertex -16.0043 3.09093 3
      vertex -16.3838 2.94069 3
    endloop
  endfacet
  facet normal 0.368093 -0.929789 0
    outer loop
      vertex -16.0043 3.09093 3
      vertex -16.3838 2.94069 0
      vertex -16.0043 3.09093 0
    endloop
  endfacet
  facet normal 0.904808 -0.425821 0
    outer loop
      vertex -18.0218 1.1964 3
      vertex -17.848 1.5657 0
      vertex -17.848 1.5657 3
    endloop
  endfacet
  facet normal 0.904808 -0.425821 0
    outer loop
      vertex -17.848 1.5657 0
      vertex -18.0218 1.1964 3
      vertex -18.0218 1.1964 0
    endloop
  endfacet
  facet normal -0.982277 0.187434 0
    outer loop
      vertex -11.8521 -0.808242 0
      vertex -11.7756 -0.407332 3
      vertex -11.7756 -0.407332 0
    endloop
  endfacet
  facet normal -0.982277 0.187434 0
    outer loop
      vertex -11.7756 -0.407332 3
      vertex -11.8521 -0.808242 0
      vertex -11.8521 -0.808242 3
    endloop
  endfacet
  facet normal -0.125356 -0.992112 0
    outer loop
      vertex -14.7959 3.24359 0
      vertex -14.391 3.19243 3
      vertex -14.7959 3.24359 3
    endloop
  endfacet
  facet normal -0.125356 -0.992112 -0
    outer loop
      vertex -14.391 3.19243 3
      vertex -14.7959 3.24359 0
      vertex -14.391 3.19243 0
    endloop
  endfacet
  facet normal -0.587778 -0.809022 0
    outer loop
      vertex -13.2586 2.74407 0
      vertex -12.9284 2.50417 3
      vertex -13.2586 2.74407 3
    endloop
  endfacet
  facet normal -0.587778 -0.809022 -0
    outer loop
      vertex -12.9284 2.50417 3
      vertex -13.2586 2.74407 0
      vertex -12.9284 2.50417 0
    endloop
  endfacet
  facet normal 0.982277 -0.187434 0
    outer loop
      vertex -18.2244 0.407332 3
      vertex -18.1479 0.808242 0
      vertex -18.1479 0.808242 3
    endloop
  endfacet
  facet normal 0.982277 -0.187434 0
    outer loop
      vertex -18.1479 0.808242 0
      vertex -18.2244 0.407332 3
      vertex -18.2244 0.407332 0
    endloop
  endfacet
  facet normal 0.770466 -0.637481 0
    outer loop
      vertex -17.6293 1.9103 3
      vertex -17.3691 2.22478 0
      vertex -17.3691 2.22478 3
    endloop
  endfacet
  facet normal 0.770466 -0.637481 0
    outer loop
      vertex -17.3691 2.22478 0
      vertex -17.6293 1.9103 3
      vertex -17.6293 1.9103 0
    endloop
  endfacet
  facet normal 0.481806 -0.876278 0
    outer loop
      vertex -16.7414 2.74407 0
      vertex -16.3838 2.94069 3
      vertex -16.7414 2.74407 3
    endloop
  endfacet
  facet normal 0.481806 -0.876278 0
    outer loop
      vertex -16.3838 2.94069 3
      vertex -16.7414 2.74407 0
      vertex -16.3838 2.94069 0
    endloop
  endfacet
  facet normal 0.125356 -0.992112 0
    outer loop
      vertex -15.609 3.19243 0
      vertex -15.2041 3.24359 3
      vertex -15.609 3.19243 3
    endloop
  endfacet
  facet normal 0.125356 -0.992112 0
    outer loop
      vertex -15.2041 3.24359 3
      vertex -15.609 3.19243 0
      vertex -15.2041 3.24359 0
    endloop
  endfacet
  facet normal -0.998031 -0.0627242 0
    outer loop
      vertex -11.75 0 0
      vertex -11.7756 0.407332 3
      vertex -11.7756 0.407332 0
    endloop
  endfacet
  facet normal -0.998031 -0.0627242 0
    outer loop
      vertex -11.7756 0.407332 3
      vertex -11.75 0 0
      vertex -11.75 0 3
    endloop
  endfacet
  facet normal -0.951071 0.308972 0
    outer loop
      vertex -11.9782 -1.1964 0
      vertex -11.8521 -0.808242 3
      vertex -11.8521 -0.808242 0
    endloop
  endfacet
  facet normal -0.951071 0.308972 0
    outer loop
      vertex -11.8521 -0.808242 3
      vertex -11.9782 -1.1964 0
      vertex -11.9782 -1.1964 3
    endloop
  endfacet
  facet normal -0.587778 0.809022 0
    outer loop
      vertex -12.9284 -2.50417 0
      vertex -13.2586 -2.74407 3
      vertex -12.9284 -2.50417 3
    endloop
  endfacet
  facet normal -0.587778 0.809022 0
    outer loop
      vertex -13.2586 -2.74407 3
      vertex -12.9284 -2.50417 0
      vertex -13.2586 -2.74407 0
    endloop
  endfacet
  facet normal -0.982277 -0.187434 0
    outer loop
      vertex -11.7756 0.407332 0
      vertex -11.8521 0.808242 3
      vertex -11.8521 0.808242 0
    endloop
  endfacet
  facet normal -0.982277 -0.187434 0
    outer loop
      vertex -11.8521 0.808242 3
      vertex -11.7756 0.407332 0
      vertex -11.7756 0.407332 3
    endloop
  endfacet
  facet normal -0.951071 -0.308972 0
    outer loop
      vertex -11.8521 0.808242 0
      vertex -11.9782 1.1964 3
      vertex -11.9782 1.1964 0
    endloop
  endfacet
  facet normal -0.951071 -0.308972 0
    outer loop
      vertex -11.9782 1.1964 3
      vertex -11.8521 0.808242 0
      vertex -11.8521 0.808242 3
    endloop
  endfacet
  facet normal -0.684572 -0.728946 0
    outer loop
      vertex -12.9284 2.50417 0
      vertex -12.6309 2.22478 3
      vertex -12.9284 2.50417 3
    endloop
  endfacet
  facet normal -0.684572 -0.728946 -0
    outer loop
      vertex -12.6309 2.22478 3
      vertex -12.9284 2.50417 0
      vertex -12.6309 2.22478 0
    endloop
  endfacet
  facet normal -0.770466 -0.637481 0
    outer loop
      vertex -12.3707 1.9103 0
      vertex -12.6309 2.22478 3
      vertex -12.6309 2.22478 0
    endloop
  endfacet
  facet normal -0.770466 -0.637481 0
    outer loop
      vertex -12.6309 2.22478 3
      vertex -12.3707 1.9103 0
      vertex -12.3707 1.9103 3
    endloop
  endfacet
  facet normal 0 -1 0
    outer loop
      vertex -15.2041 3.24359 0
      vertex -14.7959 3.24359 3
      vertex -15.2041 3.24359 3
    endloop
  endfacet
  facet normal 0 -1 -0
    outer loop
      vertex -14.7959 3.24359 3
      vertex -15.2041 3.24359 0
      vertex -14.7959 3.24359 0
    endloop
  endfacet
  facet normal -0.481806 -0.876278 0
    outer loop
      vertex -13.6162 2.94069 0
      vertex -13.2586 2.74407 3
      vertex -13.6162 2.94069 3
    endloop
  endfacet
  facet normal -0.481806 -0.876278 -0
    outer loop
      vertex -13.2586 2.74407 3
      vertex -13.6162 2.94069 0
      vertex -13.2586 2.74407 0
    endloop
  endfacet
  facet normal 0.998031 -0.0627242 0
    outer loop
      vertex -18.25 0 3
      vertex -18.2244 0.407332 0
      vertex -18.2244 0.407332 3
    endloop
  endfacet
  facet normal 0.998031 -0.0627242 0
    outer loop
      vertex -18.2244 0.407332 0
      vertex -18.25 0 3
      vertex -18.25 0 0
    endloop
  endfacet
  facet normal 0.951071 -0.308972 0
    outer loop
      vertex -18.1479 0.808242 3
      vertex -18.0218 1.1964 0
      vertex -18.0218 1.1964 3
    endloop
  endfacet
  facet normal 0.951071 -0.308972 0
    outer loop
      vertex -18.0218 1.1964 0
      vertex -18.1479 0.808242 3
      vertex -18.1479 0.808242 0
    endloop
  endfacet
  facet normal 0.844317 -0.535845 0
    outer loop
      vertex -17.848 1.5657 3
      vertex -17.6293 1.9103 0
      vertex -17.6293 1.9103 3
    endloop
  endfacet
  facet normal 0.844317 -0.535845 0
    outer loop
      vertex -17.6293 1.9103 0
      vertex -17.848 1.5657 3
      vertex -17.848 1.5657 0
    endloop
  endfacet
  facet normal 0.2487 -0.968581 0
    outer loop
      vertex -16.0043 3.09093 0
      vertex -15.609 3.19243 3
      vertex -16.0043 3.09093 3
    endloop
  endfacet
  facet normal 0.2487 -0.968581 0
    outer loop
      vertex -15.609 3.19243 3
      vertex -16.0043 3.09093 0
      vertex -15.609 3.19243 0
    endloop
  endfacet
  facet normal 0.587778 -0.809022 0
    outer loop
      vertex -17.0716 2.50417 0
      vertex -16.7414 2.74407 3
      vertex -17.0716 2.50417 3
    endloop
  endfacet
  facet normal 0.587778 -0.809022 0
    outer loop
      vertex -16.7414 2.74407 3
      vertex -17.0716 2.50417 0
      vertex -16.7414 2.74407 0
    endloop
  endfacet
  facet normal 0.684572 -0.728946 0
    outer loop
      vertex -17.3691 2.22478 0
      vertex -17.0716 2.50417 3
      vertex -17.3691 2.22478 3
    endloop
  endfacet
  facet normal 0.684572 -0.728946 0
    outer loop
      vertex -17.0716 2.50417 3
      vertex -17.3691 2.22478 0
      vertex -17.0716 2.50417 0
    endloop
  endfacet
  facet normal -0.998031 0.0627242 0
    outer loop
      vertex -11.7756 -0.407332 0
      vertex -11.75 0 3
      vertex -11.75 0 0
    endloop
  endfacet
  facet normal -0.998031 0.0627242 0
    outer loop
      vertex -11.75 0 3
      vertex -11.7756 -0.407332 0
      vertex -11.7756 -0.407332 3
    endloop
  endfacet
  facet normal -0.844317 0.535845 0
    outer loop
      vertex -12.3707 -1.9103 0
      vertex -12.152 -1.5657 3
      vertex -12.152 -1.5657 0
    endloop
  endfacet
  facet normal -0.844317 0.535845 0
    outer loop
      vertex -12.152 -1.5657 3
      vertex -12.3707 -1.9103 0
      vertex -12.3707 -1.9103 3
    endloop
  endfacet
  facet normal 0.904808 0.425821 0
    outer loop
      vertex -17.848 -1.5657 3
      vertex -18.0218 -1.1964 0
      vertex -18.0218 -1.1964 3
    endloop
  endfacet
  facet normal 0.904808 0.425821 0
    outer loop
      vertex -18.0218 -1.1964 0
      vertex -17.848 -1.5657 3
      vertex -17.848 -1.5657 0
    endloop
  endfacet
  facet normal -0.125356 0.992112 0
    outer loop
      vertex -14.391 -3.19243 0
      vertex -14.7959 -3.24359 3
      vertex -14.391 -3.19243 3
    endloop
  endfacet
  facet normal -0.125356 0.992112 0
    outer loop
      vertex -14.7959 -3.24359 3
      vertex -14.391 -3.19243 0
      vertex -14.7959 -3.24359 0
    endloop
  endfacet
  facet normal -0.684572 0.728946 0
    outer loop
      vertex -12.6309 -2.22478 0
      vertex -12.9284 -2.50417 3
      vertex -12.6309 -2.22478 3
    endloop
  endfacet
  facet normal -0.684572 0.728946 0
    outer loop
      vertex -12.9284 -2.50417 3
      vertex -12.6309 -2.22478 0
      vertex -12.9284 -2.50417 0
    endloop
  endfacet
  facet normal -0.904808 0.425821 0
    outer loop
      vertex -12.152 -1.5657 0
      vertex -11.9782 -1.1964 3
      vertex -11.9782 -1.1964 0
    endloop
  endfacet
  facet normal -0.904808 0.425821 0
    outer loop
      vertex -11.9782 -1.1964 3
      vertex -12.152 -1.5657 0
      vertex -12.152 -1.5657 3
    endloop
  endfacet
  facet normal 0.2487 0.968581 -0
    outer loop
      vertex -15.609 -3.19243 0
      vertex -16.0043 -3.09093 3
      vertex -15.609 -3.19243 3
    endloop
  endfacet
  facet normal 0.2487 0.968581 0
    outer loop
      vertex -16.0043 -3.09093 3
      vertex -15.609 -3.19243 0
      vertex -16.0043 -3.09093 0
    endloop
  endfacet
  facet normal 0.125356 0.992112 -0
    outer loop
      vertex -15.2041 -3.24359 0
      vertex -15.609 -3.19243 3
      vertex -15.2041 -3.24359 3
    endloop
  endfacet
  facet normal 0.125356 0.992112 0
    outer loop
      vertex -15.609 -3.19243 3
      vertex -15.2041 -3.24359 0
      vertex -15.609 -3.19243 0
    endloop
  endfacet
  facet normal 0.998031 0.0627242 0
    outer loop
      vertex -18.2244 -0.407332 3
      vertex -18.25 0 0
      vertex -18.25 0 3
    endloop
  endfacet
  facet normal 0.998031 0.0627242 0
    outer loop
      vertex -18.25 0 0
      vertex -18.2244 -0.407332 3
      vertex -18.2244 -0.407332 0
    endloop
  endfacet
  facet normal 0.951071 0.308972 0
    outer loop
      vertex -18.0218 -1.1964 3
      vertex -18.1479 -0.808242 0
      vertex -18.1479 -0.808242 3
    endloop
  endfacet
  facet normal 0.951071 0.308972 0
    outer loop
      vertex -18.1479 -0.808242 0
      vertex -18.0218 -1.1964 3
      vertex -18.0218 -1.1964 0
    endloop
  endfacet
  facet normal -0.2487 0.968581 0
    outer loop
      vertex -13.9957 -3.09093 0
      vertex -14.391 -3.19243 3
      vertex -13.9957 -3.09093 3
    endloop
  endfacet
  facet normal -0.2487 0.968581 0
    outer loop
      vertex -14.391 -3.19243 3
      vertex -13.9957 -3.09093 0
      vertex -14.391 -3.19243 0
    endloop
  endfacet
  facet normal -0.481806 0.876278 0
    outer loop
      vertex -13.2586 -2.74407 0
      vertex -13.6162 -2.94069 3
      vertex -13.2586 -2.74407 3
    endloop
  endfacet
  facet normal -0.481806 0.876278 0
    outer loop
      vertex -13.6162 -2.94069 3
      vertex -13.2586 -2.74407 0
      vertex -13.6162 -2.94069 0
    endloop
  endfacet
  facet normal -0.770466 0.637481 0
    outer loop
      vertex -12.6309 -2.22478 0
      vertex -12.3707 -1.9103 3
      vertex -12.3707 -1.9103 0
    endloop
  endfacet
  facet normal -0.770466 0.637481 0
    outer loop
      vertex -12.3707 -1.9103 3
      vertex -12.6309 -2.22478 0
      vertex -12.6309 -2.22478 3
    endloop
  endfacet
  facet normal 0.587778 0.809022 -0
    outer loop
      vertex -16.7414 -2.74407 0
      vertex -17.0716 -2.50417 3
      vertex -16.7414 -2.74407 3
    endloop
  endfacet
  facet normal 0.587778 0.809022 0
    outer loop
      vertex -17.0716 -2.50417 3
      vertex -16.7414 -2.74407 0
      vertex -17.0716 -2.50417 0
    endloop
  endfacet
  facet normal 0.368093 0.929789 -0
    outer loop
      vertex -16.0043 -3.09093 0
      vertex -16.3838 -2.94069 3
      vertex -16.0043 -3.09093 3
    endloop
  endfacet
  facet normal 0.368093 0.929789 0
    outer loop
      vertex -16.3838 -2.94069 3
      vertex -16.0043 -3.09093 0
      vertex -16.3838 -2.94069 0
    endloop
  endfacet
  facet normal 0 1 -0
    outer loop
      vertex -14.7959 -3.24359 0
      vertex -15.2041 -3.24359 3
      vertex -14.7959 -3.24359 3
    endloop
  endfacet
  facet normal 0 1 0
    outer loop
      vertex -15.2041 -3.24359 3
      vertex -14.7959 -3.24359 0
      vertex -15.2041 -3.24359 0
    endloop
  endfacet
  facet normal 0.770466 0.637481 0
    outer loop
      vertex -17.3691 -2.22478 3
      vertex -17.6293 -1.9103 0
      vertex -17.6293 -1.9103 3
    endloop
  endfacet
  facet normal 0.770466 0.637481 0
    outer loop
      vertex -17.6293 -1.9103 0
      vertex -17.3691 -2.22478 3
      vertex -17.3691 -2.22478 0
    endloop
  endfacet
  facet normal 0.844317 0.535845 0
    outer loop
      vertex -17.6293 -1.9103 3
      vertex -17.848 -1.5657 0
      vertex -17.848 -1.5657 3
    endloop
  endfacet
  facet normal 0.844317 0.535845 0
    outer loop
      vertex -17.848 -1.5657 0
      vertex -17.6293 -1.9103 3
      vertex -17.6293 -1.9103 0
    endloop
  endfacet
  facet normal 0.684572 0.728946 -0
    outer loop
      vertex -17.0716 -2.50417 0
      vertex -17.3691 -2.22478 3
      vertex -17.0716 -2.50417 3
    endloop
  endfacet
  facet normal 0.684572 0.728946 0
    outer loop
      vertex -17.3691 -2.22478 3
      vertex -17.0716 -2.50417 0
      vertex -17.3691 -2.22478 0
    endloop
  endfacet
  facet normal 0.982277 0.187434 0
    outer loop
      vertex -18.1479 -0.808242 3
      vertex -18.2244 -0.407332 0
      vertex -18.2244 -0.407332 3
    endloop
  endfacet
  facet normal 0.982277 0.187434 0
    outer loop
      vertex -18.2244 -0.407332 0
      vertex -18.1479 -0.808242 3
      vertex -18.1479 -0.808242 0
    endloop
  endfacet
  facet normal 0.481806 0.876278 -0
    outer loop
      vertex -16.3838 -2.94069 0
      vertex -16.7414 -2.74407 3
      vertex -16.3838 -2.94069 3
    endloop
  endfacet
  facet normal 0.481806 0.876278 0
    outer loop
      vertex -16.7414 -2.74407 3
      vertex -16.3838 -2.94069 0
      vertex -16.7414 -2.74407 0
    endloop
  endfacet
  facet normal -0.368093 0.929789 0
    outer loop
      vertex -13.6162 -2.94069 0
      vertex -13.9957 -3.09093 3
      vertex -13.6162 -2.94069 3
    endloop
  endfacet
  facet normal -0.368093 0.929789 0
    outer loop
      vertex -13.9957 -3.09093 3
      vertex -13.6162 -2.94069 0
      vertex -13.9957 -3.09093 0
    endloop
  endfacet
  facet normal -0.904836 -0.42576 0
    outer loop
      vertex 3.02177 1.1964 0
      vertex 2.848 1.5657 3
      vertex 2.848 1.5657 0
    endloop
  endfacet
  facet normal -0.904836 -0.42576 0
    outer loop
      vertex 2.848 1.5657 3
      vertex 3.02177 1.1964 0
      vertex 3.02177 1.1964 3
    endloop
  endfacet
  facet normal 0.951057 -0.309017 0
    outer loop
      vertex -3.14789 0.808242 3
      vertex -3.02177 1.1964 0
      vertex -3.02177 1.1964 3
    endloop
  endfacet
  facet normal 0.951057 -0.309017 0
    outer loop
      vertex -3.02177 1.1964 0
      vertex -3.14789 0.808242 3
      vertex -3.14789 0.808242 0
    endloop
  endfacet
  facet normal -0.844317 -0.535845 0
    outer loop
      vertex 2.848 1.5657 0
      vertex 2.6293 1.9103 3
      vertex 2.6293 1.9103 0
    endloop
  endfacet
  facet normal -0.844317 -0.535845 0
    outer loop
      vertex 2.6293 1.9103 3
      vertex 2.848 1.5657 0
      vertex 2.848 1.5657 3
    endloop
  endfacet
  facet normal -0.36811 -0.929782 0
    outer loop
      vertex 1.0043 3.09093 0
      vertex 1.38378 2.94069 3
      vertex 1.0043 3.09093 3
    endloop
  endfacet
  facet normal -0.36811 -0.929782 -0
    outer loop
      vertex 1.38378 2.94069 3
      vertex 1.0043 3.09093 0
      vertex 1.38378 2.94069 0
    endloop
  endfacet
  facet normal 0.36811 -0.929782 0
    outer loop
      vertex -1.38378 2.94069 0
      vertex -1.0043 3.09093 3
      vertex -1.38378 2.94069 3
    endloop
  endfacet
  facet normal 0.36811 -0.929782 0
    outer loop
      vertex -1.0043 3.09093 3
      vertex -1.38378 2.94069 0
      vertex -1.0043 3.09093 0
    endloop
  endfacet
  facet normal 0.904836 -0.42576 0
    outer loop
      vertex -3.02177 1.1964 3
      vertex -2.848 1.5657 0
      vertex -2.848 1.5657 3
    endloop
  endfacet
  facet normal 0.904836 -0.42576 0
    outer loop
      vertex -2.848 1.5657 0
      vertex -3.02177 1.1964 3
      vertex -3.02177 1.1964 0
    endloop
  endfacet
  facet normal -0.998026 0.0627975 0
    outer loop
      vertex 3.22437 -0.407332 0
      vertex 3.25 0 3
      vertex 3.25 0 0
    endloop
  endfacet
  facet normal -0.998026 0.0627975 0
    outer loop
      vertex 3.25 0 3
      vertex 3.22437 -0.407332 0
      vertex 3.22437 -0.407332 3
    endloop
  endfacet
  facet normal -0.481744 0.876312 0
    outer loop
      vertex 1.74144 -2.74407 0
      vertex 1.38378 -2.94069 3
      vertex 1.74144 -2.74407 3
    endloop
  endfacet
  facet normal -0.481744 0.876312 0
    outer loop
      vertex 1.38378 -2.94069 3
      vertex 1.74144 -2.74407 0
      vertex 1.38378 -2.94069 0
    endloop
  endfacet
  facet normal -0.125349 -0.992113 0
    outer loop
      vertex 0.204069 3.24359 0
      vertex 0.608989 3.19243 3
      vertex 0.204069 3.24359 3
    endloop
  endfacet
  facet normal -0.125349 -0.992113 -0
    outer loop
      vertex 0.608989 3.19243 3
      vertex 0.204069 3.24359 0
      vertex 0.608989 3.19243 0
    endloop
  endfacet
  facet normal -0.58779 -0.809014 0
    outer loop
      vertex 1.74144 2.74407 0
      vertex 2.07163 2.50417 3
      vertex 1.74144 2.74407 3
    endloop
  endfacet
  facet normal -0.58779 -0.809014 -0
    outer loop
      vertex 2.07163 2.50417 3
      vertex 1.74144 2.74407 0
      vertex 2.07163 2.50417 0
    endloop
  endfacet
  facet normal 0.770526 -0.637409 0
    outer loop
      vertex -2.6293 1.9103 3
      vertex -2.36915 2.22478 0
      vertex -2.36915 2.22478 3
    endloop
  endfacet
  facet normal 0.770526 -0.637409 0
    outer loop
      vertex -2.36915 2.22478 0
      vertex -2.6293 1.9103 3
      vertex -2.6293 1.9103 0
    endloop
  endfacet
  facet normal 0.481744 -0.876312 0
    outer loop
      vertex -1.74144 2.74407 0
      vertex -1.38378 2.94069 3
      vertex -1.74144 2.74407 3
    endloop
  endfacet
  facet normal 0.481744 -0.876312 0
    outer loop
      vertex -1.38378 2.94069 3
      vertex -1.74144 2.74407 0
      vertex -1.38378 2.94069 0
    endloop
  endfacet
  facet normal 0.125349 -0.992113 0
    outer loop
      vertex -0.608989 3.19243 0
      vertex -0.204069 3.24359 3
      vertex -0.608989 3.19243 3
    endloop
  endfacet
  facet normal 0.125349 -0.992113 0
    outer loop
      vertex -0.204069 3.24359 3
      vertex -0.608989 3.19243 0
      vertex -0.204069 3.24359 0
    endloop
  endfacet
  facet normal 0.58779 -0.809014 0
    outer loop
      vertex -2.07163 2.50417 0
      vertex -1.74144 2.74407 3
      vertex -2.07163 2.50417 3
    endloop
  endfacet
  facet normal 0.58779 -0.809014 0
    outer loop
      vertex -1.74144 2.74407 3
      vertex -2.07163 2.50417 0
      vertex -1.74144 2.74407 0
    endloop
  endfacet
  facet normal -0.998026 -0.0627975 0
    outer loop
      vertex 3.25 0 0
      vertex 3.22437 0.407332 3
      vertex 3.22437 0.407332 0
    endloop
  endfacet
  facet normal -0.998026 -0.0627975 0
    outer loop
      vertex 3.22437 0.407332 3
      vertex 3.25 0 0
      vertex 3.25 0 3
    endloop
  endfacet
  facet normal -0.58779 0.809014 0
    outer loop
      vertex 2.07163 -2.50417 0
      vertex 1.74144 -2.74407 3
      vertex 2.07163 -2.50417 3
    endloop
  endfacet
  facet normal -0.58779 0.809014 0
    outer loop
      vertex 1.74144 -2.74407 3
      vertex 2.07163 -2.50417 0
      vertex 1.74144 -2.74407 0
    endloop
  endfacet
  facet normal -0.951057 0.309017 0
    outer loop
      vertex 3.02177 -1.1964 0
      vertex 3.14789 -0.808242 3
      vertex 3.14789 -0.808242 0
    endloop
  endfacet
  facet normal -0.951057 0.309017 0
    outer loop
      vertex 3.14789 -0.808242 3
      vertex 3.02177 -1.1964 0
      vertex 3.02177 -1.1964 3
    endloop
  endfacet
  facet normal 0.248693 0.968582 -0
    outer loop
      vertex -0.608989 -3.19243 0
      vertex -1.0043 -3.09093 3
      vertex -0.608989 -3.19243 3
    endloop
  endfacet
  facet normal 0.248693 0.968582 0
    outer loop
      vertex -1.0043 -3.09093 3
      vertex -0.608989 -3.19243 0
      vertex -1.0043 -3.09093 0
    endloop
  endfacet
  facet normal -0.951057 -0.309017 0
    outer loop
      vertex 3.14789 0.808242 0
      vertex 3.02177 1.1964 3
      vertex 3.02177 1.1964 0
    endloop
  endfacet
  facet normal -0.951057 -0.309017 0
    outer loop
      vertex 3.02177 1.1964 3
      vertex 3.14789 0.808242 0
      vertex 3.14789 0.808242 3
    endloop
  endfacet
  facet normal -0.684547 -0.728968 0
    outer loop
      vertex 2.07163 2.50417 0
      vertex 2.36915 2.22478 3
      vertex 2.07163 2.50417 3
    endloop
  endfacet
  facet normal -0.684547 -0.728968 -0
    outer loop
      vertex 2.36915 2.22478 3
      vertex 2.07163 2.50417 0
      vertex 2.36915 2.22478 0
    endloop
  endfacet
  facet normal 0 -1 0
    outer loop
      vertex -0.204069 3.24359 0
      vertex 0.204069 3.24359 3
      vertex -0.204069 3.24359 3
    endloop
  endfacet
  facet normal 0 -1 -0
    outer loop
      vertex 0.204069 3.24359 3
      vertex -0.204069 3.24359 0
      vertex 0.204069 3.24359 0
    endloop
  endfacet
  facet normal -0.248693 -0.968582 0
    outer loop
      vertex 0.608989 3.19243 0
      vertex 1.0043 3.09093 3
      vertex 0.608989 3.19243 3
    endloop
  endfacet
  facet normal -0.248693 -0.968582 -0
    outer loop
      vertex 1.0043 3.09093 3
      vertex 0.608989 3.19243 0
      vertex 1.0043 3.09093 0
    endloop
  endfacet
  facet normal 0.998026 -0.0627975 0
    outer loop
      vertex -3.25 0 3
      vertex -3.22437 0.407332 0
      vertex -3.22437 0.407332 3
    endloop
  endfacet
  facet normal 0.998026 -0.0627975 0
    outer loop
      vertex -3.22437 0.407332 0
      vertex -3.25 0 3
      vertex -3.25 0 0
    endloop
  endfacet
  facet normal 0.982286 -0.187387 0
    outer loop
      vertex -3.22437 0.407332 3
      vertex -3.14789 0.808242 0
      vertex -3.14789 0.808242 3
    endloop
  endfacet
  facet normal 0.982286 -0.187387 0
    outer loop
      vertex -3.14789 0.808242 0
      vertex -3.22437 0.407332 3
      vertex -3.22437 0.407332 0
    endloop
  endfacet
  facet normal 0.844317 -0.535845 0
    outer loop
      vertex -2.848 1.5657 3
      vertex -2.6293 1.9103 0
      vertex -2.6293 1.9103 3
    endloop
  endfacet
  facet normal 0.844317 -0.535845 0
    outer loop
      vertex -2.6293 1.9103 0
      vertex -2.848 1.5657 3
      vertex -2.848 1.5657 0
    endloop
  endfacet
  facet normal 0.684547 -0.728968 0
    outer loop
      vertex -2.36915 2.22478 0
      vertex -2.07163 2.50417 3
      vertex -2.36915 2.22478 3
    endloop
  endfacet
  facet normal 0.684547 -0.728968 0
    outer loop
      vertex -2.07163 2.50417 3
      vertex -2.36915 2.22478 0
      vertex -2.07163 2.50417 0
    endloop
  endfacet
  facet normal -0.982286 0.187387 0
    outer loop
      vertex 3.14789 -0.808242 0
      vertex 3.22437 -0.407332 3
      vertex 3.22437 -0.407332 0
    endloop
  endfacet
  facet normal -0.982286 0.187387 0
    outer loop
      vertex 3.22437 -0.407332 3
      vertex 3.14789 -0.808242 0
      vertex 3.14789 -0.808242 3
    endloop
  endfacet
  facet normal -0.844317 0.535845 0
    outer loop
      vertex 2.6293 -1.9103 0
      vertex 2.848 -1.5657 3
      vertex 2.848 -1.5657 0
    endloop
  endfacet
  facet normal -0.844317 0.535845 0
    outer loop
      vertex 2.848 -1.5657 3
      vertex 2.6293 -1.9103 0
      vertex 2.6293 -1.9103 3
    endloop
  endfacet
  facet normal -0.904836 0.42576 0
    outer loop
      vertex 2.848 -1.5657 0
      vertex 3.02177 -1.1964 3
      vertex 3.02177 -1.1964 0
    endloop
  endfacet
  facet normal -0.904836 0.42576 0
    outer loop
      vertex 3.02177 -1.1964 3
      vertex 2.848 -1.5657 0
      vertex 2.848 -1.5657 3
    endloop
  endfacet
  facet normal -0.125349 0.992113 0
    outer loop
      vertex 0.608989 -3.19243 0
      vertex 0.204069 -3.24359 3
      vertex 0.608989 -3.19243 3
    endloop
  endfacet
  facet normal -0.125349 0.992113 0
    outer loop
      vertex 0.204069 -3.24359 3
      vertex 0.608989 -3.19243 0
      vertex 0.204069 -3.24359 0
    endloop
  endfacet
  facet normal -0.982286 -0.187387 0
    outer loop
      vertex 3.22437 0.407332 0
      vertex 3.14789 0.808242 3
      vertex 3.14789 0.808242 0
    endloop
  endfacet
  facet normal -0.982286 -0.187387 0
    outer loop
      vertex 3.14789 0.808242 3
      vertex 3.22437 0.407332 0
      vertex 3.22437 0.407332 3
    endloop
  endfacet
  facet normal -0.770526 -0.637409 0
    outer loop
      vertex 2.6293 1.9103 0
      vertex 2.36915 2.22478 3
      vertex 2.36915 2.22478 0
    endloop
  endfacet
  facet normal -0.770526 -0.637409 0
    outer loop
      vertex 2.36915 2.22478 3
      vertex 2.6293 1.9103 0
      vertex 2.6293 1.9103 3
    endloop
  endfacet
  facet normal -0.481744 -0.876312 0
    outer loop
      vertex 1.38378 2.94069 0
      vertex 1.74144 2.74407 3
      vertex 1.38378 2.94069 3
    endloop
  endfacet
  facet normal -0.481744 -0.876312 -0
    outer loop
      vertex 1.74144 2.74407 3
      vertex 1.38378 2.94069 0
      vertex 1.74144 2.74407 0
    endloop
  endfacet
  facet normal 0.248693 -0.968582 0
    outer loop
      vertex -1.0043 3.09093 0
      vertex -0.608989 3.19243 3
      vertex -1.0043 3.09093 3
    endloop
  endfacet
  facet normal 0.248693 -0.968582 0
    outer loop
      vertex -0.608989 3.19243 3
      vertex -1.0043 3.09093 0
      vertex -0.608989 3.19243 0
    endloop
  endfacet
  facet normal 0.125349 0.992113 -0
    outer loop
      vertex -0.204069 -3.24359 0
      vertex -0.608989 -3.19243 3
      vertex -0.204069 -3.24359 3
    endloop
  endfacet
  facet normal 0.125349 0.992113 0
    outer loop
      vertex -0.608989 -3.19243 3
      vertex -0.204069 -3.24359 0
      vertex -0.608989 -3.19243 0
    endloop
  endfacet
  facet normal 0.998026 0.0627975 0
    outer loop
      vertex -3.22437 -0.407332 3
      vertex -3.25 0 0
      vertex -3.25 0 3
    endloop
  endfacet
  facet normal 0.998026 0.0627975 0
    outer loop
      vertex -3.25 0 0
      vertex -3.22437 -0.407332 3
      vertex -3.22437 -0.407332 0
    endloop
  endfacet
  facet normal 0.951057 0.309017 0
    outer loop
      vertex -3.02177 -1.1964 3
      vertex -3.14789 -0.808242 0
      vertex -3.14789 -0.808242 3
    endloop
  endfacet
  facet normal 0.951057 0.309017 0
    outer loop
      vertex -3.14789 -0.808242 0
      vertex -3.02177 -1.1964 3
      vertex -3.02177 -1.1964 0
    endloop
  endfacet
  facet normal 0.770526 0.637409 0
    outer loop
      vertex -2.36915 -2.22478 3
      vertex -2.6293 -1.9103 0
      vertex -2.6293 -1.9103 3
    endloop
  endfacet
  facet normal 0.770526 0.637409 0
    outer loop
      vertex -2.6293 -1.9103 0
      vertex -2.36915 -2.22478 3
      vertex -2.36915 -2.22478 0
    endloop
  endfacet
  facet normal -0.684547 0.728968 0
    outer loop
      vertex 2.36915 -2.22478 0
      vertex 2.07163 -2.50417 3
      vertex 2.36915 -2.22478 3
    endloop
  endfacet
  facet normal -0.684547 0.728968 0
    outer loop
      vertex 2.07163 -2.50417 3
      vertex 2.36915 -2.22478 0
      vertex 2.07163 -2.50417 0
    endloop
  endfacet
  facet normal -0.770526 0.637409 0
    outer loop
      vertex 2.36915 -2.22478 0
      vertex 2.6293 -1.9103 3
      vertex 2.6293 -1.9103 0
    endloop
  endfacet
  facet normal -0.770526 0.637409 0
    outer loop
      vertex 2.6293 -1.9103 3
      vertex 2.36915 -2.22478 0
      vertex 2.36915 -2.22478 3
    endloop
  endfacet
  facet normal 0.58779 0.809014 -0
    outer loop
      vertex -1.74144 -2.74407 0
      vertex -2.07163 -2.50417 3
      vertex -1.74144 -2.74407 3
    endloop
  endfacet
  facet normal 0.58779 0.809014 0
    outer loop
      vertex -2.07163 -2.50417 3
      vertex -1.74144 -2.74407 0
      vertex -2.07163 -2.50417 0
    endloop
  endfacet
  facet normal 0 1 -0
    outer loop
      vertex 0.204069 -3.24359 0
      vertex -0.204069 -3.24359 3
      vertex 0.204069 -3.24359 3
    endloop
  endfacet
  facet normal 0 1 0
    outer loop
      vertex -0.204069 -3.24359 3
      vertex 0.204069 -3.24359 0
      vertex -0.204069 -3.24359 0
    endloop
  endfacet
  facet normal 0.982286 0.187387 0
    outer loop
      vertex -3.14789 -0.808242 3
      vertex -3.22437 -0.407332 0
      vertex -3.22437 -0.407332 3
    endloop
  endfacet
  facet normal 0.982286 0.187387 0
    outer loop
      vertex -3.22437 -0.407332 0
      vertex -3.14789 -0.808242 3
      vertex -3.14789 -0.808242 0
    endloop
  endfacet
  facet normal 0.684547 0.728968 -0
    outer loop
      vertex -2.07163 -2.50417 0
      vertex -2.36915 -2.22478 3
      vertex -2.07163 -2.50417 3
    endloop
  endfacet
  facet normal 0.684547 0.728968 0
    outer loop
      vertex -2.36915 -2.22478 3
      vertex -2.07163 -2.50417 0
      vertex -2.36915 -2.22478 0
    endloop
  endfacet
  facet normal 0.904836 0.42576 0
    outer loop
      vertex -2.848 -1.5657 3
      vertex -3.02177 -1.1964 0
      vertex -3.02177 -1.1964 3
    endloop
  endfacet
  facet normal 0.904836 0.42576 0
    outer loop
      vertex -3.02177 -1.1964 0
      vertex -2.848 -1.5657 3
      vertex -2.848 -1.5657 0
    endloop
  endfacet
  facet normal 0.844317 0.535845 0
    outer loop
      vertex -2.6293 -1.9103 3
      vertex -2.848 -1.5657 0
      vertex -2.848 -1.5657 3
    endloop
  endfacet
  facet normal 0.844317 0.535845 0
    outer loop
      vertex -2.848 -1.5657 0
      vertex -2.6293 -1.9103 3
      vertex -2.6293 -1.9103 0
    endloop
  endfacet
  facet normal -0.248693 0.968582 0
    outer loop
      vertex 1.0043 -3.09093 0
      vertex 0.608989 -3.19243 3
      vertex 1.0043 -3.09093 3
    endloop
  endfacet
  facet normal -0.248693 0.968582 0
    outer loop
      vertex 0.608989 -3.19243 3
      vertex 1.0043 -3.09093 0
      vertex 0.608989 -3.19243 0
    endloop
  endfacet
  facet normal 0.481744 0.876312 -0
    outer loop
      vertex -1.38378 -2.94069 0
      vertex -1.74144 -2.74407 3
      vertex -1.38378 -2.94069 3
    endloop
  endfacet
  facet normal 0.481744 0.876312 0
    outer loop
      vertex -1.74144 -2.74407 3
      vertex -1.38378 -2.94069 0
      vertex -1.74144 -2.74407 0
    endloop
  endfacet
  facet normal -0.36811 0.929782 0
    outer loop
      vertex 1.38378 -2.94069 0
      vertex 1.0043 -3.09093 3
      vertex 1.38378 -2.94069 3
    endloop
  endfacet
  facet normal -0.36811 0.929782 0
    outer loop
      vertex 1.0043 -3.09093 3
      vertex 1.38378 -2.94069 0
      vertex 1.0043 -3.09093 0
    endloop
  endfacet
  facet normal 0.36811 0.929782 -0
    outer loop
      vertex -1.0043 -3.09093 0
      vertex -1.38378 -2.94069 3
      vertex -1.0043 -3.09093 3
    endloop
  endfacet
  facet normal 0.36811 0.929782 0
    outer loop
      vertex -1.38378 -2.94069 3
      vertex -1.0043 -3.09093 0
      vertex -1.38378 -2.94069 0
    endloop
  endfacet
  facet normal -0.587778 -0.809022 0
    outer loop
      vertex 16.7414 2.74407 0
      vertex 17.0716 2.50417 3
      vertex 16.7414 2.74407 3
    endloop
  endfacet
  facet normal -0.587778 -0.809022 -0
    outer loop
      vertex 17.0716 2.50417 3
      vertex 16.7414 2.74407 0
      vertex 17.0716 2.50417 0
    endloop
  endfacet
  facet normal -0.998031 0.0627242 0
    outer loop
      vertex 18.2244 -0.407332 0
      vertex 18.25 0 3
      vertex 18.25 0 0
    endloop
  endfacet
  facet normal -0.998031 0.0627242 0
    outer loop
      vertex 18.25 0 3
      vertex 18.2244 -0.407332 0
      vertex 18.2244 -0.407332 3
    endloop
  endfacet
  facet normal 0.2487 0.968581 -0
    outer loop
      vertex 14.391 -3.19243 0
      vertex 13.9957 -3.09093 3
      vertex 14.391 -3.19243 3
    endloop
  endfacet
  facet normal 0.2487 0.968581 0
    outer loop
      vertex 13.9957 -3.09093 3
      vertex 14.391 -3.19243 0
      vertex 13.9957 -3.09093 0
    endloop
  endfacet
  facet normal 0.481806 -0.876278 0
    outer loop
      vertex 13.2586 2.74407 0
      vertex 13.6162 2.94069 3
      vertex 13.2586 2.74407 3
    endloop
  endfacet
  facet normal 0.481806 -0.876278 0
    outer loop
      vertex 13.6162 2.94069 3
      vertex 13.2586 2.74407 0
      vertex 13.6162 2.94069 0
    endloop
  endfacet
  facet normal 0.951071 -0.308972 0
    outer loop
      vertex 11.8521 0.808242 3
      vertex 11.9782 1.1964 0
      vertex 11.9782 1.1964 3
    endloop
  endfacet
  facet normal 0.951071 -0.308972 0
    outer loop
      vertex 11.9782 1.1964 0
      vertex 11.8521 0.808242 3
      vertex 11.8521 0.808242 0
    endloop
  endfacet
  facet normal 0.844317 0.535845 0
    outer loop
      vertex 12.3707 -1.9103 3
      vertex 12.152 -1.5657 0
      vertex 12.152 -1.5657 3
    endloop
  endfacet
  facet normal 0.844317 0.535845 0
    outer loop
      vertex 12.152 -1.5657 0
      vertex 12.3707 -1.9103 3
      vertex 12.3707 -1.9103 0
    endloop
  endfacet
  facet normal -0.951071 -0.308972 0
    outer loop
      vertex 18.1479 0.808242 0
      vertex 18.0218 1.1964 3
      vertex 18.0218 1.1964 0
    endloop
  endfacet
  facet normal -0.951071 -0.308972 0
    outer loop
      vertex 18.0218 1.1964 3
      vertex 18.1479 0.808242 0
      vertex 18.1479 0.808242 3
    endloop
  endfacet
  facet normal -0.904808 -0.425821 0
    outer loop
      vertex 18.0218 1.1964 0
      vertex 17.848 1.5657 3
      vertex 17.848 1.5657 0
    endloop
  endfacet
  facet normal -0.904808 -0.425821 0
    outer loop
      vertex 17.848 1.5657 3
      vertex 18.0218 1.1964 0
      vertex 18.0218 1.1964 3
    endloop
  endfacet
  facet normal -0.844317 -0.535845 0
    outer loop
      vertex 17.848 1.5657 0
      vertex 17.6293 1.9103 3
      vertex 17.6293 1.9103 0
    endloop
  endfacet
  facet normal -0.844317 -0.535845 0
    outer loop
      vertex 17.6293 1.9103 3
      vertex 17.848 1.5657 0
      vertex 17.848 1.5657 3
    endloop
  endfacet
  facet normal -0.770466 -0.637481 0
    outer loop
      vertex 17.6293 1.9103 0
      vertex 17.3691 2.22478 3
      vertex 17.3691 2.22478 0
    endloop
  endfacet
  facet normal -0.770466 -0.637481 0
    outer loop
      vertex 17.3691 2.22478 3
      vertex 17.6293 1.9103 0
      vertex 17.6293 1.9103 3
    endloop
  endfacet
  facet normal -0.481806 -0.876278 0
    outer loop
      vertex 16.3838 2.94069 0
      vertex 16.7414 2.74407 3
      vertex 16.3838 2.94069 3
    endloop
  endfacet
  facet normal -0.481806 -0.876278 -0
    outer loop
      vertex 16.7414 2.74407 3
      vertex 16.3838 2.94069 0
      vertex 16.7414 2.74407 0
    endloop
  endfacet
  facet normal -0.2487 -0.968581 0
    outer loop
      vertex 15.609 3.19243 0
      vertex 16.0043 3.09093 3
      vertex 15.609 3.19243 3
    endloop
  endfacet
  facet normal -0.2487 -0.968581 -0
    outer loop
      vertex 16.0043 3.09093 3
      vertex 15.609 3.19243 0
      vertex 16.0043 3.09093 0
    endloop
  endfacet
  facet normal 0.998031 -0.0627242 0
    outer loop
      vertex 11.75 0 3
      vertex 11.7756 0.407332 0
      vertex 11.7756 0.407332 3
    endloop
  endfacet
  facet normal 0.998031 -0.0627242 0
    outer loop
      vertex 11.7756 0.407332 0
      vertex 11.75 0 3
      vertex 11.75 0 0
    endloop
  endfacet
  facet normal 0.844317 -0.535845 0
    outer loop
      vertex 12.152 1.5657 3
      vertex 12.3707 1.9103 0
      vertex 12.3707 1.9103 3
    endloop
  endfacet
  facet normal 0.844317 -0.535845 0
    outer loop
      vertex 12.3707 1.9103 0
      vertex 12.152 1.5657 3
      vertex 12.152 1.5657 0
    endloop
  endfacet
  facet normal 0.587778 -0.809022 0
    outer loop
      vertex 12.9284 2.50417 0
      vertex 13.2586 2.74407 3
      vertex 12.9284 2.50417 3
    endloop
  endfacet
  facet normal 0.587778 -0.809022 0
    outer loop
      vertex 13.2586 2.74407 3
      vertex 12.9284 2.50417 0
      vertex 13.2586 2.74407 0
    endloop
  endfacet
  facet normal 0.684572 -0.728946 0
    outer loop
      vertex 12.6309 2.22478 0
      vertex 12.9284 2.50417 3
      vertex 12.6309 2.22478 3
    endloop
  endfacet
  facet normal 0.684572 -0.728946 0
    outer loop
      vertex 12.9284 2.50417 3
      vertex 12.6309 2.22478 0
      vertex 12.9284 2.50417 0
    endloop
  endfacet
  facet normal -0.998031 -0.0627242 0
    outer loop
      vertex 18.25 0 0
      vertex 18.2244 0.407332 3
      vertex 18.2244 0.407332 0
    endloop
  endfacet
  facet normal -0.998031 -0.0627242 0
    outer loop
      vertex 18.2244 0.407332 3
      vertex 18.25 0 0
      vertex 18.25 0 3
    endloop
  endfacet
  facet normal -0.844317 0.535845 0
    outer loop
      vertex 17.6293 -1.9103 0
      vertex 17.848 -1.5657 3
      vertex 17.848 -1.5657 0
    endloop
  endfacet
  facet normal -0.844317 0.535845 0
    outer loop
      vertex 17.848 -1.5657 3
      vertex 17.6293 -1.9103 0
      vertex 17.6293 -1.9103 3
    endloop
  endfacet
  facet normal -0.368093 0.929789 0
    outer loop
      vertex 16.3838 -2.94069 0
      vertex 16.0043 -3.09093 3
      vertex 16.3838 -2.94069 3
    endloop
  endfacet
  facet normal -0.368093 0.929789 0
    outer loop
      vertex 16.0043 -3.09093 3
      vertex 16.3838 -2.94069 0
      vertex 16.0043 -3.09093 0
    endloop
  endfacet
  facet normal -0.770466 0.637481 0
    outer loop
      vertex 17.3691 -2.22478 0
      vertex 17.6293 -1.9103 3
      vertex 17.6293 -1.9103 0
    endloop
  endfacet
  facet normal -0.770466 0.637481 0
    outer loop
      vertex 17.6293 -1.9103 3
      vertex 17.3691 -2.22478 0
      vertex 17.3691 -2.22478 3
    endloop
  endfacet
  facet normal -0.587778 0.809022 0
    outer loop
      vertex 17.0716 -2.50417 0
      vertex 16.7414 -2.74407 3
      vertex 17.0716 -2.50417 3
    endloop
  endfacet
  facet normal -0.587778 0.809022 0
    outer loop
      vertex 16.7414 -2.74407 3
      vertex 17.0716 -2.50417 0
      vertex 16.7414 -2.74407 0
    endloop
  endfacet
  facet normal 0 1 -0
    outer loop
      vertex 15.2041 -3.24359 0
      vertex 14.7959 -3.24359 3
      vertex 15.2041 -3.24359 3
    endloop
  endfacet
  facet normal 0 1 0
    outer loop
      vertex 14.7959 -3.24359 3
      vertex 15.2041 -3.24359 0
      vertex 14.7959 -3.24359 0
    endloop
  endfacet
  facet normal 0.481806 0.876278 -0
    outer loop
      vertex 13.6162 -2.94069 0
      vertex 13.2586 -2.74407 3
      vertex 13.6162 -2.94069 3
    endloop
  endfacet
  facet normal 0.481806 0.876278 0
    outer loop
      vertex 13.2586 -2.74407 3
      vertex 13.6162 -2.94069 0
      vertex 13.2586 -2.74407 0
    endloop
  endfacet
  facet normal 0.587778 0.809022 -0
    outer loop
      vertex 13.2586 -2.74407 0
      vertex 12.9284 -2.50417 3
      vertex 13.2586 -2.74407 3
    endloop
  endfacet
  facet normal 0.587778 0.809022 0
    outer loop
      vertex 12.9284 -2.50417 3
      vertex 13.2586 -2.74407 0
      vertex 12.9284 -2.50417 0
    endloop
  endfacet
  facet normal -0.684572 -0.728946 0
    outer loop
      vertex 17.0716 2.50417 0
      vertex 17.3691 2.22478 3
      vertex 17.0716 2.50417 3
    endloop
  endfacet
  facet normal -0.684572 -0.728946 -0
    outer loop
      vertex 17.3691 2.22478 3
      vertex 17.0716 2.50417 0
      vertex 17.3691 2.22478 0
    endloop
  endfacet
  facet normal 0 -1 0
    outer loop
      vertex 14.7959 3.24359 0
      vertex 15.2041 3.24359 3
      vertex 14.7959 3.24359 3
    endloop
  endfacet
  facet normal 0 -1 -0
    outer loop
      vertex 15.2041 3.24359 3
      vertex 14.7959 3.24359 0
      vertex 15.2041 3.24359 0
    endloop
  endfacet
  facet normal -0.368093 -0.929789 0
    outer loop
      vertex 16.0043 3.09093 0
      vertex 16.3838 2.94069 3
      vertex 16.0043 3.09093 3
    endloop
  endfacet
  facet normal -0.368093 -0.929789 -0
    outer loop
      vertex 16.3838 2.94069 3
      vertex 16.0043 3.09093 0
      vertex 16.3838 2.94069 0
    endloop
  endfacet
  facet normal -0.125356 -0.992112 0
    outer loop
      vertex 15.2041 3.24359 0
      vertex 15.609 3.19243 3
      vertex 15.2041 3.24359 3
    endloop
  endfacet
  facet normal -0.125356 -0.992112 -0
    outer loop
      vertex 15.609 3.19243 3
      vertex 15.2041 3.24359 0
      vertex 15.609 3.19243 0
    endloop
  endfacet
  facet normal 0.998031 0.0627242 0
    outer loop
      vertex 11.7756 -0.407332 3
      vertex 11.75 0 0
      vertex 11.75 0 3
    endloop
  endfacet
  facet normal 0.998031 0.0627242 0
    outer loop
      vertex 11.75 0 0
      vertex 11.7756 -0.407332 3
      vertex 11.7756 -0.407332 0
    endloop
  endfacet
  facet normal 0.904808 -0.425821 0
    outer loop
      vertex 11.9782 1.1964 3
      vertex 12.152 1.5657 0
      vertex 12.152 1.5657 3
    endloop
  endfacet
  facet normal 0.904808 -0.425821 0
    outer loop
      vertex 12.152 1.5657 0
      vertex 11.9782 1.1964 3
      vertex 11.9782 1.1964 0
    endloop
  endfacet
  facet normal 0.125356 -0.992112 0
    outer loop
      vertex 14.391 3.19243 0
      vertex 14.7959 3.24359 3
      vertex 14.391 3.19243 3
    endloop
  endfacet
  facet normal 0.125356 -0.992112 0
    outer loop
      vertex 14.7959 3.24359 3
      vertex 14.391 3.19243 0
      vertex 14.7959 3.24359 0
    endloop
  endfacet
  facet normal 0.2487 -0.968581 0
    outer loop
      vertex 13.9957 3.09093 0
      vertex 14.391 3.19243 3
      vertex 13.9957 3.09093 3
    endloop
  endfacet
  facet normal 0.2487 -0.968581 0
    outer loop
      vertex 14.391 3.19243 3
      vertex 13.9957 3.09093 0
      vertex 14.391 3.19243 0
    endloop
  endfacet
  facet normal 0.770466 -0.637481 0
    outer loop
      vertex 12.3707 1.9103 3
      vertex 12.6309 2.22478 0
      vertex 12.6309 2.22478 3
    endloop
  endfacet
  facet normal 0.770466 -0.637481 0
    outer loop
      vertex 12.6309 2.22478 0
      vertex 12.3707 1.9103 3
      vertex 12.3707 1.9103 0
    endloop
  endfacet
  facet normal -0.125356 0.992112 0
    outer loop
      vertex 15.609 -3.19243 0
      vertex 15.2041 -3.24359 3
      vertex 15.609 -3.19243 3
    endloop
  endfacet
  facet normal -0.125356 0.992112 0
    outer loop
      vertex 15.2041 -3.24359 3
      vertex 15.609 -3.19243 0
      vertex 15.2041 -3.24359 0
    endloop
  endfacet
  facet normal -0.982277 0.187434 0
    outer loop
      vertex 18.1479 -0.808242 0
      vertex 18.2244 -0.407332 3
      vertex 18.2244 -0.407332 0
    endloop
  endfacet
  facet normal -0.982277 0.187434 0
    outer loop
      vertex 18.2244 -0.407332 3
      vertex 18.1479 -0.808242 0
      vertex 18.1479 -0.808242 3
    endloop
  endfacet
  facet normal -0.951071 0.308972 0
    outer loop
      vertex 18.0218 -1.1964 0
      vertex 18.1479 -0.808242 3
      vertex 18.1479 -0.808242 0
    endloop
  endfacet
  facet normal -0.951071 0.308972 0
    outer loop
      vertex 18.1479 -0.808242 3
      vertex 18.0218 -1.1964 0
      vertex 18.0218 -1.1964 3
    endloop
  endfacet
  facet normal -0.2487 0.968581 0
    outer loop
      vertex 16.0043 -3.09093 0
      vertex 15.609 -3.19243 3
      vertex 16.0043 -3.09093 3
    endloop
  endfacet
  facet normal -0.2487 0.968581 0
    outer loop
      vertex 15.609 -3.19243 3
      vertex 16.0043 -3.09093 0
      vertex 15.609 -3.19243 0
    endloop
  endfacet
  facet normal -0.684572 0.728946 0
    outer loop
      vertex 17.3691 -2.22478 0
      vertex 17.0716 -2.50417 3
      vertex 17.3691 -2.22478 3
    endloop
  endfacet
  facet normal -0.684572 0.728946 0
    outer loop
      vertex 17.0716 -2.50417 3
      vertex 17.3691 -2.22478 0
      vertex 17.0716 -2.50417 0
    endloop
  endfacet
  facet normal 0.125356 0.992112 -0
    outer loop
      vertex 14.7959 -3.24359 0
      vertex 14.391 -3.19243 3
      vertex 14.7959 -3.24359 3
    endloop
  endfacet
  facet normal 0.125356 0.992112 0
    outer loop
      vertex 14.391 -3.19243 3
      vertex 14.7959 -3.24359 0
      vertex 14.391 -3.19243 0
    endloop
  endfacet
  facet normal 0.368093 0.929789 -0
    outer loop
      vertex 13.9957 -3.09093 0
      vertex 13.6162 -2.94069 3
      vertex 13.9957 -3.09093 3
    endloop
  endfacet
  facet normal 0.368093 0.929789 0
    outer loop
      vertex 13.6162 -2.94069 3
      vertex 13.9957 -3.09093 0
      vertex 13.6162 -2.94069 0
    endloop
  endfacet
  facet normal 0.904808 0.425821 0
    outer loop
      vertex 12.152 -1.5657 3
      vertex 11.9782 -1.1964 0
      vertex 11.9782 -1.1964 3
    endloop
  endfacet
  facet normal 0.904808 0.425821 0
    outer loop
      vertex 11.9782 -1.1964 0
      vertex 12.152 -1.5657 3
      vertex 12.152 -1.5657 0
    endloop
  endfacet
  facet normal 0.982277 0.187434 0
    outer loop
      vertex 11.8521 -0.808242 3
      vertex 11.7756 -0.407332 0
      vertex 11.7756 -0.407332 3
    endloop
  endfacet
  facet normal 0.982277 0.187434 0
    outer loop
      vertex 11.7756 -0.407332 0
      vertex 11.8521 -0.808242 3
      vertex 11.8521 -0.808242 0
    endloop
  endfacet
  facet normal 0.770466 0.637481 0
    outer loop
      vertex 12.6309 -2.22478 3
      vertex 12.3707 -1.9103 0
      vertex 12.3707 -1.9103 3
    endloop
  endfacet
  facet normal 0.770466 0.637481 0
    outer loop
      vertex 12.3707 -1.9103 0
      vertex 12.6309 -2.22478 3
      vertex 12.6309 -2.22478 0
    endloop
  endfacet
  facet normal 0.684572 0.728946 -0
    outer loop
      vertex 12.9284 -2.50417 0
      vertex 12.6309 -2.22478 3
      vertex 12.9284 -2.50417 3
    endloop
  endfacet
  facet normal 0.684572 0.728946 0
    outer loop
      vertex 12.6309 -2.22478 3
      vertex 12.9284 -2.50417 0
      vertex 12.6309 -2.22478 0
    endloop
  endfacet
  facet normal -0.982277 -0.187434 0
    outer loop
      vertex 18.2244 0.407332 0
      vertex 18.1479 0.808242 3
      vertex 18.1479 0.808242 0
    endloop
  endfacet
  facet normal -0.982277 -0.187434 0
    outer loop
      vertex 18.1479 0.808242 3
      vertex 18.2244 0.407332 0
      vertex 18.2244 0.407332 3
    endloop
  endfacet
  facet normal 0.982277 -0.187434 0
    outer loop
      vertex 11.7756 0.407332 3
      vertex 11.8521 0.808242 0
      vertex 11.8521 0.808242 3
    endloop
  endfacet
  facet normal 0.982277 -0.187434 0
    outer loop
      vertex 11.8521 0.808242 0
      vertex 11.7756 0.407332 3
      vertex 11.7756 0.407332 0
    endloop
  endfacet
  facet normal 0.368093 -0.929789 0
    outer loop
      vertex 13.6162 2.94069 0
      vertex 13.9957 3.09093 3
      vertex 13.6162 2.94069 3
    endloop
  endfacet
  facet normal 0.368093 -0.929789 0
    outer loop
      vertex 13.9957 3.09093 3
      vertex 13.6162 2.94069 0
      vertex 13.9957 3.09093 0
    endloop
  endfacet
  facet normal -0.904808 0.425821 0
    outer loop
      vertex 17.848 -1.5657 0
      vertex 18.0218 -1.1964 3
      vertex 18.0218 -1.1964 0
    endloop
  endfacet
  facet normal -0.904808 0.425821 0
    outer loop
      vertex 18.0218 -1.1964 3
      vertex 17.848 -1.5657 0
      vertex 17.848 -1.5657 3
    endloop
  endfacet
  facet normal -0.481806 0.876278 0
    outer loop
      vertex 16.7414 -2.74407 0
      vertex 16.3838 -2.94069 3
      vertex 16.7414 -2.74407 3
    endloop
  endfacet
  facet normal -0.481806 0.876278 0
    outer loop
      vertex 16.3838 -2.94069 3
      vertex 16.7414 -2.74407 0
      vertex 16.3838 -2.94069 0
    endloop
  endfacet
  facet normal 0.951071 0.308972 0
    outer loop
      vertex 11.9782 -1.1964 3
      vertex 11.8521 -0.808242 0
      vertex 11.8521 -0.808242 3
    endloop
  endfacet
  facet normal 0.951071 0.308972 0
    outer loop
      vertex 11.8521 -0.808242 0
      vertex 11.9782 -1.1964 3
      vertex 11.9782 -1.1964 0
    endloop
  endfacet
  facet normal -0.587778 -0.809022 0
    outer loop
      vertex 31.7414 2.74407 0
      vertex 32.0716 2.50417 3
      vertex 31.7414 2.74407 3
    endloop
  endfacet
  facet normal -0.587778 -0.809022 -0
    outer loop
      vertex 32.0716 2.50417 3
      vertex 31.7414 2.74407 0
      vertex 32.0716 2.50417 0
    endloop
  endfacet
  facet normal -0.998031 0.0627242 0
    outer loop
      vertex 33.2244 -0.407332 0
      vertex 33.25 0 3
      vertex 33.25 0 0
    endloop
  endfacet
  facet normal -0.998031 0.0627242 0
    outer loop
      vertex 33.25 0 3
      vertex 33.2244 -0.407332 0
      vertex 33.2244 -0.407332 3
    endloop
  endfacet
  facet normal 0.2487 0.968581 -0
    outer loop
      vertex 29.391 -3.19243 0
      vertex 28.9957 -3.09093 3
      vertex 29.391 -3.19243 3
    endloop
  endfacet
  facet normal 0.2487 0.968581 0
    outer loop
      vertex 28.9957 -3.09093 3
      vertex 29.391 -3.19243 0
      vertex 28.9957 -3.09093 0
    endloop
  endfacet
  facet normal 0.481806 -0.876278 0
    outer loop
      vertex 28.2586 2.74407 0
      vertex 28.6162 2.94069 3
      vertex 28.2586 2.74407 3
    endloop
  endfacet
  facet normal 0.481806 -0.876278 0
    outer loop
      vertex 28.6162 2.94069 3
      vertex 28.2586 2.74407 0
      vertex 28.6162 2.94069 0
    endloop
  endfacet
  facet normal 0.951071 -0.308972 0
    outer loop
      vertex 26.8521 0.808242 3
      vertex 26.9782 1.1964 0
      vertex 26.9782 1.1964 3
    endloop
  endfacet
  facet normal 0.951071 -0.308972 0
    outer loop
      vertex 26.9782 1.1964 0
      vertex 26.8521 0.808242 3
      vertex 26.8521 0.808242 0
    endloop
  endfacet
  facet normal 0.844317 0.535845 0
    outer loop
      vertex 27.3707 -1.9103 3
      vertex 27.152 -1.5657 0
      vertex 27.152 -1.5657 3
    endloop
  endfacet
  facet normal 0.844317 0.535845 0
    outer loop
      vertex 27.152 -1.5657 0
      vertex 27.3707 -1.9103 3
      vertex 27.3707 -1.9103 0
    endloop
  endfacet
  facet normal -0.951071 -0.308972 0
    outer loop
      vertex 33.1479 0.808242 0
      vertex 33.0218 1.1964 3
      vertex 33.0218 1.1964 0
    endloop
  endfacet
  facet normal -0.951071 -0.308972 0
    outer loop
      vertex 33.0218 1.1964 3
      vertex 33.1479 0.808242 0
      vertex 33.1479 0.808242 3
    endloop
  endfacet
  facet normal -0.904808 -0.425821 0
    outer loop
      vertex 33.0218 1.1964 0
      vertex 32.848 1.5657 3
      vertex 32.848 1.5657 0
    endloop
  endfacet
  facet normal -0.904808 -0.425821 0
    outer loop
      vertex 32.848 1.5657 3
      vertex 33.0218 1.1964 0
      vertex 33.0218 1.1964 3
    endloop
  endfacet
  facet normal -0.844317 -0.535845 0
    outer loop
      vertex 32.848 1.5657 0
      vertex 32.6293 1.9103 3
      vertex 32.6293 1.9103 0
    endloop
  endfacet
  facet normal -0.844317 -0.535845 0
    outer loop
      vertex 32.6293 1.9103 3
      vertex 32.848 1.5657 0
      vertex 32.848 1.5657 3
    endloop
  endfacet
  facet normal -0.770466 -0.637481 0
    outer loop
      vertex 32.6293 1.9103 0
      vertex 32.3691 2.22478 3
      vertex 32.3691 2.22478 0
    endloop
  endfacet
  facet normal -0.770466 -0.637481 0
    outer loop
      vertex 32.3691 2.22478 3
      vertex 32.6293 1.9103 0
      vertex 32.6293 1.9103 3
    endloop
  endfacet
  facet normal -0.481806 -0.876278 0
    outer loop
      vertex 31.3838 2.94069 0
      vertex 31.7414 2.74407 3
      vertex 31.3838 2.94069 3
    endloop
  endfacet
  facet normal -0.481806 -0.876278 -0
    outer loop
      vertex 31.7414 2.74407 3
      vertex 31.3838 2.94069 0
      vertex 31.7414 2.74407 0
    endloop
  endfacet
  facet normal -0.2487 -0.968581 0
    outer loop
      vertex 30.609 3.19243 0
      vertex 31.0043 3.09093 3
      vertex 30.609 3.19243 3
    endloop
  endfacet
  facet normal -0.2487 -0.968581 -0
    outer loop
      vertex 31.0043 3.09093 3
      vertex 30.609 3.19243 0
      vertex 31.0043 3.09093 0
    endloop
  endfacet
  facet normal 0.998031 -0.0627242 0
    outer loop
      vertex 26.75 0 3
      vertex 26.7756 0.407332 0
      vertex 26.7756 0.407332 3
    endloop
  endfacet
  facet normal 0.998031 -0.0627242 0
    outer loop
      vertex 26.7756 0.407332 0
      vertex 26.75 0 3
      vertex 26.75 0 0
    endloop
  endfacet
  facet normal 0.844317 -0.535845 0
    outer loop
      vertex 27.152 1.5657 3
      vertex 27.3707 1.9103 0
      vertex 27.3707 1.9103 3
    endloop
  endfacet
  facet normal 0.844317 -0.535845 0
    outer loop
      vertex 27.3707 1.9103 0
      vertex 27.152 1.5657 3
      vertex 27.152 1.5657 0
    endloop
  endfacet
  facet normal 0.587778 -0.809022 0
    outer loop
      vertex 27.9284 2.50417 0
      vertex 28.2586 2.74407 3
      vertex 27.9284 2.50417 3
    endloop
  endfacet
  facet normal 0.587778 -0.809022 0
    outer loop
      vertex 28.2586 2.74407 3
      vertex 27.9284 2.50417 0
      vertex 28.2586 2.74407 0
    endloop
  endfacet
  facet normal 0.684572 -0.728946 0
    outer loop
      vertex 27.6309 2.22478 0
      vertex 27.9284 2.50417 3
      vertex 27.6309 2.22478 3
    endloop
  endfacet
  facet normal 0.684572 -0.728946 0
    outer loop
      vertex 27.9284 2.50417 3
      vertex 27.6309 2.22478 0
      vertex 27.9284 2.50417 0
    endloop
  endfacet
  facet normal -0.998031 -0.0627242 0
    outer loop
      vertex 33.25 0 0
      vertex 33.2244 0.407332 3
      vertex 33.2244 0.407332 0
    endloop
  endfacet
  facet normal -0.998031 -0.0627242 0
    outer loop
      vertex 33.2244 0.407332 3
      vertex 33.25 0 0
      vertex 33.25 0 3
    endloop
  endfacet
  facet normal -0.844317 0.535845 0
    outer loop
      vertex 32.6293 -1.9103 0
      vertex 32.848 -1.5657 3
      vertex 32.848 -1.5657 0
    endloop
  endfacet
  facet normal -0.844317 0.535845 0
    outer loop
      vertex 32.848 -1.5657 3
      vertex 32.6293 -1.9103 0
      vertex 32.6293 -1.9103 3
    endloop
  endfacet
  facet normal -0.368093 0.929789 0
    outer loop
      vertex 31.3838 -2.94069 0
      vertex 31.0043 -3.09093 3
      vertex 31.3838 -2.94069 3
    endloop
  endfacet
  facet normal -0.368093 0.929789 0
    outer loop
      vertex 31.0043 -3.09093 3
      vertex 31.3838 -2.94069 0
      vertex 31.0043 -3.09093 0
    endloop
  endfacet
  facet normal -0.770466 0.637481 0
    outer loop
      vertex 32.3691 -2.22478 0
      vertex 32.6293 -1.9103 3
      vertex 32.6293 -1.9103 0
    endloop
  endfacet
  facet normal -0.770466 0.637481 0
    outer loop
      vertex 32.6293 -1.9103 3
      vertex 32.3691 -2.22478 0
      vertex 32.3691 -2.22478 3
    endloop
  endfacet
  facet normal -0.587778 0.809022 0
    outer loop
      vertex 32.0716 -2.50417 0
      vertex 31.7414 -2.74407 3
      vertex 32.0716 -2.50417 3
    endloop
  endfacet
  facet normal -0.587778 0.809022 0
    outer loop
      vertex 31.7414 -2.74407 3
      vertex 32.0716 -2.50417 0
      vertex 31.7414 -2.74407 0
    endloop
  endfacet
  facet normal 0 1 -0
    outer loop
      vertex 30.2041 -3.24359 0
      vertex 29.7959 -3.24359 3
      vertex 30.2041 -3.24359 3
    endloop
  endfacet
  facet normal 0 1 0
    outer loop
      vertex 29.7959 -3.24359 3
      vertex 30.2041 -3.24359 0
      vertex 29.7959 -3.24359 0
    endloop
  endfacet
  facet normal 0.481806 0.876278 -0
    outer loop
      vertex 28.6162 -2.94069 0
      vertex 28.2586 -2.74407 3
      vertex 28.6162 -2.94069 3
    endloop
  endfacet
  facet normal 0.481806 0.876278 0
    outer loop
      vertex 28.2586 -2.74407 3
      vertex 28.6162 -2.94069 0
      vertex 28.2586 -2.74407 0
    endloop
  endfacet
  facet normal 0.587778 0.809022 -0
    outer loop
      vertex 28.2586 -2.74407 0
      vertex 27.9284 -2.50417 3
      vertex 28.2586 -2.74407 3
    endloop
  endfacet
  facet normal 0.587778 0.809022 0
    outer loop
      vertex 27.9284 -2.50417 3
      vertex 28.2586 -2.74407 0
      vertex 27.9284 -2.50417 0
    endloop
  endfacet
  facet normal -0.982277 -0.187434 0
    outer loop
      vertex 33.2244 0.407332 0
      vertex 33.1479 0.808242 3
      vertex 33.1479 0.808242 0
    endloop
  endfacet
  facet normal -0.982277 -0.187434 0
    outer loop
      vertex 33.1479 0.808242 3
      vertex 33.2244 0.407332 0
      vertex 33.2244 0.407332 3
    endloop
  endfacet
  facet normal -0.684572 -0.728946 0
    outer loop
      vertex 32.0716 2.50417 0
      vertex 32.3691 2.22478 3
      vertex 32.0716 2.50417 3
    endloop
  endfacet
  facet normal -0.684572 -0.728946 -0
    outer loop
      vertex 32.3691 2.22478 3
      vertex 32.0716 2.50417 0
      vertex 32.3691 2.22478 0
    endloop
  endfacet
  facet normal 0 -1 0
    outer loop
      vertex 29.7959 3.24359 0
      vertex 30.2041 3.24359 3
      vertex 29.7959 3.24359 3
    endloop
  endfacet
  facet normal 0 -1 -0
    outer loop
      vertex 30.2041 3.24359 3
      vertex 29.7959 3.24359 0
      vertex 30.2041 3.24359 0
    endloop
  endfacet
  facet normal -0.368093 -0.929789 0
    outer loop
      vertex 31.0043 3.09093 0
      vertex 31.3838 2.94069 3
      vertex 31.0043 3.09093 3
    endloop
  endfacet
  facet normal -0.368093 -0.929789 -0
    outer loop
      vertex 31.3838 2.94069 3
      vertex 31.0043 3.09093 0
      vertex 31.3838 2.94069 0
    endloop
  endfacet
  facet normal -0.125356 -0.992112 0
    outer loop
      vertex 30.2041 3.24359 0
      vertex 30.609 3.19243 3
      vertex 30.2041 3.24359 3
    endloop
  endfacet
  facet normal -0.125356 -0.992112 -0
    outer loop
      vertex 30.609 3.19243 3
      vertex 30.2041 3.24359 0
      vertex 30.609 3.19243 0
    endloop
  endfacet
  facet normal 0.998031 0.0627242 0
    outer loop
      vertex 26.7756 -0.407332 3
      vertex 26.75 0 0
      vertex 26.75 0 3
    endloop
  endfacet
  facet normal 0.998031 0.0627242 0
    outer loop
      vertex 26.75 0 0
      vertex 26.7756 -0.407332 3
      vertex 26.7756 -0.407332 0
    endloop
  endfacet
  facet normal 0.904808 -0.425821 0
    outer loop
      vertex 26.9782 1.1964 3
      vertex 27.152 1.5657 0
      vertex 27.152 1.5657 3
    endloop
  endfacet
  facet normal 0.904808 -0.425821 0
    outer loop
      vertex 27.152 1.5657 0
      vertex 26.9782 1.1964 3
      vertex 26.9782 1.1964 0
    endloop
  endfacet
  facet normal 0.125356 -0.992112 0
    outer loop
      vertex 29.391 3.19243 0
      vertex 29.7959 3.24359 3
      vertex 29.391 3.19243 3
    endloop
  endfacet
  facet normal 0.125356 -0.992112 0
    outer loop
      vertex 29.7959 3.24359 3
      vertex 29.391 3.19243 0
      vertex 29.7959 3.24359 0
    endloop
  endfacet
  facet normal 0.368093 -0.929789 0
    outer loop
      vertex 28.6162 2.94069 0
      vertex 28.9957 3.09093 3
      vertex 28.6162 2.94069 3
    endloop
  endfacet
  facet normal 0.368093 -0.929789 0
    outer loop
      vertex 28.9957 3.09093 3
      vertex 28.6162 2.94069 0
      vertex 28.9957 3.09093 0
    endloop
  endfacet
  facet normal 0.2487 -0.968581 0
    outer loop
      vertex 28.9957 3.09093 0
      vertex 29.391 3.19243 3
      vertex 28.9957 3.09093 3
    endloop
  endfacet
  facet normal 0.2487 -0.968581 0
    outer loop
      vertex 29.391 3.19243 3
      vertex 28.9957 3.09093 0
      vertex 29.391 3.19243 0
    endloop
  endfacet
  facet normal 0.770466 -0.637481 0
    outer loop
      vertex 27.3707 1.9103 3
      vertex 27.6309 2.22478 0
      vertex 27.6309 2.22478 3
    endloop
  endfacet
  facet normal 0.770466 -0.637481 0
    outer loop
      vertex 27.6309 2.22478 0
      vertex 27.3707 1.9103 3
      vertex 27.3707 1.9103 0
    endloop
  endfacet
  facet normal -0.125356 0.992112 0
    outer loop
      vertex 30.609 -3.19243 0
      vertex 30.2041 -3.24359 3
      vertex 30.609 -3.19243 3
    endloop
  endfacet
  facet normal -0.125356 0.992112 0
    outer loop
      vertex 30.2041 -3.24359 3
      vertex 30.609 -3.19243 0
      vertex 30.2041 -3.24359 0
    endloop
  endfacet
  facet normal -0.982277 0.187434 0
    outer loop
      vertex 33.1479 -0.808242 0
      vertex 33.2244 -0.407332 3
      vertex 33.2244 -0.407332 0
    endloop
  endfacet
  facet normal -0.982277 0.187434 0
    outer loop
      vertex 33.2244 -0.407332 3
      vertex 33.1479 -0.808242 0
      vertex 33.1479 -0.808242 3
    endloop
  endfacet
  facet normal -0.951071 0.308972 0
    outer loop
      vertex 33.0218 -1.1964 0
      vertex 33.1479 -0.808242 3
      vertex 33.1479 -0.808242 0
    endloop
  endfacet
  facet normal -0.951071 0.308972 0
    outer loop
      vertex 33.1479 -0.808242 3
      vertex 33.0218 -1.1964 0
      vertex 33.0218 -1.1964 3
    endloop
  endfacet
  facet normal -0.2487 0.968581 0
    outer loop
      vertex 31.0043 -3.09093 0
      vertex 30.609 -3.19243 3
      vertex 31.0043 -3.09093 3
    endloop
  endfacet
  facet normal -0.2487 0.968581 0
    outer loop
      vertex 30.609 -3.19243 3
      vertex 31.0043 -3.09093 0
      vertex 30.609 -3.19243 0
    endloop
  endfacet
  facet normal -0.684572 0.728946 0
    outer loop
      vertex 32.3691 -2.22478 0
      vertex 32.0716 -2.50417 3
      vertex 32.3691 -2.22478 3
    endloop
  endfacet
  facet normal -0.684572 0.728946 0
    outer loop
      vertex 32.0716 -2.50417 3
      vertex 32.3691 -2.22478 0
      vertex 32.0716 -2.50417 0
    endloop
  endfacet
  facet normal 0.125356 0.992112 -0
    outer loop
      vertex 29.7959 -3.24359 0
      vertex 29.391 -3.19243 3
      vertex 29.7959 -3.24359 3
    endloop
  endfacet
  facet normal 0.125356 0.992112 0
    outer loop
      vertex 29.391 -3.19243 3
      vertex 29.7959 -3.24359 0
      vertex 29.391 -3.19243 0
    endloop
  endfacet
  facet normal 0.368093 0.929789 -0
    outer loop
      vertex 28.9957 -3.09093 0
      vertex 28.6162 -2.94069 3
      vertex 28.9957 -3.09093 3
    endloop
  endfacet
  facet normal 0.368093 0.929789 0
    outer loop
      vertex 28.6162 -2.94069 3
      vertex 28.9957 -3.09093 0
      vertex 28.6162 -2.94069 0
    endloop
  endfacet
  facet normal 0.904808 0.425821 0
    outer loop
      vertex 27.152 -1.5657 3
      vertex 26.9782 -1.1964 0
      vertex 26.9782 -1.1964 3
    endloop
  endfacet
  facet normal 0.904808 0.425821 0
    outer loop
      vertex 26.9782 -1.1964 0
      vertex 27.152 -1.5657 3
      vertex 27.152 -1.5657 0
    endloop
  endfacet
  facet normal 0.982277 0.187434 0
    outer loop
      vertex 26.8521 -0.808242 3
      vertex 26.7756 -0.407332 0
      vertex 26.7756 -0.407332 3
    endloop
  endfacet
  facet normal 0.982277 0.187434 0
    outer loop
      vertex 26.7756 -0.407332 0
      vertex 26.8521 -0.808242 3
      vertex 26.8521 -0.808242 0
    endloop
  endfacet
  facet normal 0.770466 0.637481 0
    outer loop
      vertex 27.6309 -2.22478 3
      vertex 27.3707 -1.9103 0
      vertex 27.3707 -1.9103 3
    endloop
  endfacet
  facet normal 0.770466 0.637481 0
    outer loop
      vertex 27.3707 -1.9103 0
      vertex 27.6309 -2.22478 3
      vertex 27.6309 -2.22478 0
    endloop
  endfacet
  facet normal 0.684572 0.728946 -0
    outer loop
      vertex 27.9284 -2.50417 0
      vertex 27.6309 -2.22478 3
      vertex 27.9284 -2.50417 3
    endloop
  endfacet
  facet normal 0.684572 0.728946 0
    outer loop
      vertex 27.6309 -2.22478 3
      vertex 27.9284 -2.50417 0
      vertex 27.6309 -2.22478 0
    endloop
  endfacet
  facet normal 0.982277 -0.187434 0
    outer loop
      vertex 26.7756 0.407332 3
      vertex 26.8521 0.808242 0
      vertex 26.8521 0.808242 3
    endloop
  endfacet
  facet normal 0.982277 -0.187434 0
    outer loop
      vertex 26.8521 0.808242 0
      vertex 26.7756 0.407332 3
      vertex 26.7756 0.407332 0
    endloop
  endfacet
  facet normal -0.904808 0.425821 0
    outer loop
      vertex 32.848 -1.5657 0
      vertex 33.0218 -1.1964 3
      vertex 33.0218 -1.1964 0
    endloop
  endfacet
  facet normal -0.904808 0.425821 0
    outer loop
      vertex 33.0218 -1.1964 3
      vertex 32.848 -1.5657 0
      vertex 32.848 -1.5657 3
    endloop
  endfacet
  facet normal -0.481806 0.876278 0
    outer loop
      vertex 31.7414 -2.74407 0
      vertex 31.3838 -2.94069 3
      vertex 31.7414 -2.74407 3
    endloop
  endfacet
  facet normal -0.481806 0.876278 0
    outer loop
      vertex 31.3838 -2.94069 3
      vertex 31.7414 -2.74407 0
      vertex 31.3838 -2.94069 0
    endloop
  endfacet
  facet normal 0.951071 0.308972 0
    outer loop
      vertex 26.9782 -1.1964 3
      vertex 26.8521 -0.808242 0
      vertex 26.8521 -0.808242 3
    endloop
  endfacet
  facet normal 0.951071 0.308972 0
    outer loop
      vertex 26.8521 -0.808242 0
      vertex 26.9782 -1.1964 3
      vertex 26.9782 -1.1964 0
    endloop
  endfacet
  facet normal -0.998025 -0.0628192 0
    outer loop
      vertex -20.7 0 0
      vertex -20.7142 0.225599 3
      vertex -20.7142 0.225599 0
    endloop
  endfacet
  facet normal -0.998025 -0.0628192 0
    outer loop
      vertex -20.7142 0.225599 3
      vertex -20.7 0 0
      vertex -20.7 0 3
    endloop
  endfacet
  facet normal 0.998025 -0.0628192 0
    outer loop
      vertex -24.3 0 3
      vertex -24.2858 0.225599 0
      vertex -24.2858 0.225599 3
    endloop
  endfacet
  facet normal 0.998025 -0.0628192 0
    outer loop
      vertex -24.2858 0.225599 0
      vertex -24.3 0 3
      vertex -24.3 0 0
    endloop
  endfacet
  facet normal 0 -1 0
    outer loop
      vertex -22.613 1.79645 0
      vertex -22.387 1.79645 3
      vertex -22.613 1.79645 3
    endloop
  endfacet
  facet normal 0 -1 -0
    outer loop
      vertex -22.387 1.79645 3
      vertex -22.613 1.79645 0
      vertex -22.387 1.79645 0
    endloop
  endfacet
  facet normal 0 1 -0
    outer loop
      vertex -22.387 -1.79645 0
      vertex -22.613 -1.79645 3
      vertex -22.387 -1.79645 3
    endloop
  endfacet
  facet normal 0 1 0
    outer loop
      vertex -22.613 -1.79645 3
      vertex -22.387 -1.79645 0
      vertex -22.613 -1.79645 0
    endloop
  endfacet
  facet normal -0.684727 -0.7288 0
    outer loop
      vertex -21.3526 1.38692 0
      vertex -21.1879 1.23218 3
      vertex -21.3526 1.38692 3
    endloop
  endfacet
  facet normal -0.684727 -0.7288 -0
    outer loop
      vertex -21.1879 1.23218 3
      vertex -21.3526 1.38692 0
      vertex -21.1879 1.23218 0
    endloop
  endfacet
  facet normal 0.684727 -0.7288 0
    outer loop
      vertex -23.8121 1.23218 0
      vertex -23.6474 1.38692 3
      vertex -23.8121 1.23218 3
    endloop
  endfacet
  facet normal 0.684727 -0.7288 0
    outer loop
      vertex -23.6474 1.38692 3
      vertex -23.8121 1.23218 0
      vertex -23.6474 1.38692 0
    endloop
  endfacet
  facet normal 0.368071 -0.929798 0
    outer loop
      vertex -23.2664 1.62869 0
      vertex -23.0562 1.7119 3
      vertex -23.2664 1.62869 3
    endloop
  endfacet
  facet normal 0.368071 -0.929798 0
    outer loop
      vertex -23.0562 1.7119 3
      vertex -23.2664 1.62869 0
      vertex -23.0562 1.7119 0
    endloop
  endfacet
  facet normal -0.844167 0.53608 0
    outer loop
      vertex -21.0438 -1.05801 0
      vertex -20.9226 -0.867156 3
      vertex -20.9226 -0.867156 0
    endloop
  endfacet
  facet normal -0.844167 0.53608 0
    outer loop
      vertex -20.9226 -0.867156 3
      vertex -21.0438 -1.05801 0
      vertex -21.0438 -1.05801 3
    endloop
  endfacet
  facet normal -0.904905 -0.425613 0
    outer loop
      vertex -20.8264 0.662623 0
      vertex -20.9226 0.867156 3
      vertex -20.9226 0.867156 0
    endloop
  endfacet
  facet normal -0.904905 -0.425613 0
    outer loop
      vertex -20.9226 0.867156 3
      vertex -20.8264 0.662623 0
      vertex -20.8264 0.662623 3
    endloop
  endfacet
  facet normal -0.982333 -0.187139 0
    outer loop
      vertex -20.7142 0.225599 0
      vertex -20.7565 0.447641 3
      vertex -20.7565 0.447641 0
    endloop
  endfacet
  facet normal -0.982333 -0.187139 0
    outer loop
      vertex -20.7565 0.447641 3
      vertex -20.7142 0.225599 0
      vertex -20.7142 0.225599 3
    endloop
  endfacet
  facet normal -0.368071 -0.929798 0
    outer loop
      vertex -21.9438 1.7119 0
      vertex -21.7336 1.62869 3
      vertex -21.9438 1.7119 3
    endloop
  endfacet
  facet normal -0.368071 -0.929798 -0
    outer loop
      vertex -21.7336 1.62869 3
      vertex -21.9438 1.7119 0
      vertex -21.7336 1.62869 0
    endloop
  endfacet
  facet normal -0.248756 -0.968566 0
    outer loop
      vertex -22.1627 1.76812 0
      vertex -21.9438 1.7119 3
      vertex -22.1627 1.76812 3
    endloop
  endfacet
  facet normal -0.248756 -0.968566 -0
    outer loop
      vertex -21.9438 1.7119 3
      vertex -22.1627 1.76812 0
      vertex -21.9438 1.7119 0
    endloop
  endfacet
  facet normal -0.587743 -0.809048 0
    outer loop
      vertex -21.5355 1.51979 0
      vertex -21.3526 1.38692 3
      vertex -21.5355 1.51979 3
    endloop
  endfacet
  facet normal -0.587743 -0.809048 -0
    outer loop
      vertex -21.3526 1.38692 3
      vertex -21.5355 1.51979 0
      vertex -21.3526 1.38692 0
    endloop
  endfacet
  facet normal 0.904905 -0.425613 0
    outer loop
      vertex -24.1736 0.662623 3
      vertex -24.0774 0.867156 0
      vertex -24.0774 0.867156 3
    endloop
  endfacet
  facet normal 0.904905 -0.425613 0
    outer loop
      vertex -24.0774 0.867156 0
      vertex -24.1736 0.662623 3
      vertex -24.1736 0.662623 0
    endloop
  endfacet
  facet normal 0.950994 -0.30921 0
    outer loop
      vertex -24.2435 0.447641 3
      vertex -24.1736 0.662623 0
      vertex -24.1736 0.662623 3
    endloop
  endfacet
  facet normal 0.950994 -0.30921 0
    outer loop
      vertex -24.1736 0.662623 0
      vertex -24.2435 0.447641 3
      vertex -24.2435 0.447641 0
    endloop
  endfacet
  facet normal 0.248756 -0.968566 0
    outer loop
      vertex -23.0562 1.7119 0
      vertex -22.8373 1.76812 3
      vertex -23.0562 1.7119 3
    endloop
  endfacet
  facet normal 0.248756 -0.968566 0
    outer loop
      vertex -22.8373 1.76812 3
      vertex -23.0562 1.7119 0
      vertex -22.8373 1.76812 0
    endloop
  endfacet
  facet normal -0.125309 0.992118 0
    outer loop
      vertex -22.1627 -1.76812 0
      vertex -22.387 -1.79645 3
      vertex -22.1627 -1.76812 3
    endloop
  endfacet
  facet normal -0.125309 0.992118 0
    outer loop
      vertex -22.387 -1.79645 3
      vertex -22.1627 -1.76812 0
      vertex -22.387 -1.79645 0
    endloop
  endfacet
  facet normal -0.950994 -0.30921 0
    outer loop
      vertex -20.7565 0.447641 0
      vertex -20.8264 0.662623 3
      vertex -20.8264 0.662623 0
    endloop
  endfacet
  facet normal -0.950994 -0.30921 0
    outer loop
      vertex -20.8264 0.662623 3
      vertex -20.7565 0.447641 0
      vertex -20.7565 0.447641 3
    endloop
  endfacet
  facet normal -0.770483 -0.637461 0
    outer loop
      vertex -21.0438 1.05801 0
      vertex -21.1879 1.23218 3
      vertex -21.1879 1.23218 0
    endloop
  endfacet
  facet normal -0.770483 -0.637461 0
    outer loop
      vertex -21.1879 1.23218 3
      vertex -21.0438 1.05801 0
      vertex -21.0438 1.05801 3
    endloop
  endfacet
  facet normal -0.844167 -0.53608 0
    outer loop
      vertex -20.9226 0.867156 0
      vertex -21.0438 1.05801 3
      vertex -21.0438 1.05801 0
    endloop
  endfacet
  facet normal -0.844167 -0.53608 0
    outer loop
      vertex -21.0438 1.05801 3
      vertex -20.9226 0.867156 0
      vertex -20.9226 0.867156 3
    endloop
  endfacet
  facet normal -0.125309 -0.992118 0
    outer loop
      vertex -22.387 1.79645 0
      vertex -22.1627 1.76812 3
      vertex -22.387 1.79645 3
    endloop
  endfacet
  facet normal -0.125309 -0.992118 -0
    outer loop
      vertex -22.1627 1.76812 3
      vertex -22.387 1.79645 0
      vertex -22.1627 1.76812 0
    endloop
  endfacet
  facet normal -0.481732 -0.876319 0
    outer loop
      vertex -21.7336 1.62869 0
      vertex -21.5355 1.51979 3
      vertex -21.7336 1.62869 3
    endloop
  endfacet
  facet normal -0.481732 -0.876319 -0
    outer loop
      vertex -21.5355 1.51979 3
      vertex -21.7336 1.62869 0
      vertex -21.5355 1.51979 0
    endloop
  endfacet
  facet normal 0.844167 -0.53608 0
    outer loop
      vertex -24.0774 0.867156 3
      vertex -23.9562 1.05801 0
      vertex -23.9562 1.05801 3
    endloop
  endfacet
  facet normal 0.844167 -0.53608 0
    outer loop
      vertex -23.9562 1.05801 0
      vertex -24.0774 0.867156 3
      vertex -24.0774 0.867156 0
    endloop
  endfacet
  facet normal 0.770483 -0.637461 0
    outer loop
      vertex -23.9562 1.05801 3
      vertex -23.8121 1.23218 0
      vertex -23.8121 1.23218 3
    endloop
  endfacet
  facet normal 0.770483 -0.637461 0
    outer loop
      vertex -23.8121 1.23218 0
      vertex -23.9562 1.05801 3
      vertex -23.9562 1.05801 0
    endloop
  endfacet
  facet normal 0.982333 -0.187139 0
    outer loop
      vertex -24.2858 0.225599 3
      vertex -24.2435 0.447641 0
      vertex -24.2435 0.447641 3
    endloop
  endfacet
  facet normal 0.982333 -0.187139 0
    outer loop
      vertex -24.2435 0.447641 0
      vertex -24.2858 0.225599 3
      vertex -24.2858 0.225599 0
    endloop
  endfacet
  facet normal 0.481732 -0.876319 0
    outer loop
      vertex -23.4645 1.51979 0
      vertex -23.2664 1.62869 3
      vertex -23.4645 1.51979 3
    endloop
  endfacet
  facet normal 0.481732 -0.876319 0
    outer loop
      vertex -23.2664 1.62869 3
      vertex -23.4645 1.51979 0
      vertex -23.2664 1.62869 0
    endloop
  endfacet
  facet normal 0.587743 -0.809048 0
    outer loop
      vertex -23.6474 1.38692 0
      vertex -23.4645 1.51979 3
      vertex -23.6474 1.38692 3
    endloop
  endfacet
  facet normal 0.587743 -0.809048 0
    outer loop
      vertex -23.4645 1.51979 3
      vertex -23.6474 1.38692 0
      vertex -23.4645 1.51979 0
    endloop
  endfacet
  facet normal 0.125309 -0.992118 0
    outer loop
      vertex -22.8373 1.76812 0
      vertex -22.613 1.79645 3
      vertex -22.8373 1.76812 3
    endloop
  endfacet
  facet normal 0.125309 -0.992118 0
    outer loop
      vertex -22.613 1.79645 3
      vertex -22.8373 1.76812 0
      vertex -22.613 1.79645 0
    endloop
  endfacet
  facet normal -0.481732 0.876319 0
    outer loop
      vertex -21.5355 -1.51979 0
      vertex -21.7336 -1.62869 3
      vertex -21.5355 -1.51979 3
    endloop
  endfacet
  facet normal -0.481732 0.876319 0
    outer loop
      vertex -21.7336 -1.62869 3
      vertex -21.5355 -1.51979 0
      vertex -21.7336 -1.62869 0
    endloop
  endfacet
  facet normal -0.684727 0.7288 0
    outer loop
      vertex -21.1879 -1.23218 0
      vertex -21.3526 -1.38692 3
      vertex -21.1879 -1.23218 3
    endloop
  endfacet
  facet normal -0.684727 0.7288 0
    outer loop
      vertex -21.3526 -1.38692 3
      vertex -21.1879 -1.23218 0
      vertex -21.3526 -1.38692 0
    endloop
  endfacet
  facet normal -0.982333 0.187139 0
    outer loop
      vertex -20.7565 -0.447641 0
      vertex -20.7142 -0.225599 3
      vertex -20.7142 -0.225599 0
    endloop
  endfacet
  facet normal -0.982333 0.187139 0
    outer loop
      vertex -20.7142 -0.225599 3
      vertex -20.7565 -0.447641 0
      vertex -20.7565 -0.447641 3
    endloop
  endfacet
  facet normal -0.904905 0.425613 0
    outer loop
      vertex -20.9226 -0.867156 0
      vertex -20.8264 -0.662623 3
      vertex -20.8264 -0.662623 0
    endloop
  endfacet
  facet normal -0.904905 0.425613 0
    outer loop
      vertex -20.8264 -0.662623 3
      vertex -20.9226 -0.867156 0
      vertex -20.9226 -0.867156 3
    endloop
  endfacet
  facet normal -0.770483 0.637461 0
    outer loop
      vertex -21.1879 -1.23218 0
      vertex -21.0438 -1.05801 3
      vertex -21.0438 -1.05801 0
    endloop
  endfacet
  facet normal -0.770483 0.637461 0
    outer loop
      vertex -21.0438 -1.05801 3
      vertex -21.1879 -1.23218 0
      vertex -21.1879 -1.23218 3
    endloop
  endfacet
  facet normal -0.998025 0.0628192 0
    outer loop
      vertex -20.7142 -0.225599 0
      vertex -20.7 0 3
      vertex -20.7 0 0
    endloop
  endfacet
  facet normal -0.998025 0.0628192 0
    outer loop
      vertex -20.7 0 3
      vertex -20.7142 -0.225599 0
      vertex -20.7142 -0.225599 3
    endloop
  endfacet
  facet normal 0.248756 0.968566 -0
    outer loop
      vertex -22.8373 -1.76812 0
      vertex -23.0562 -1.7119 3
      vertex -22.8373 -1.76812 3
    endloop
  endfacet
  facet normal 0.248756 0.968566 0
    outer loop
      vertex -23.0562 -1.7119 3
      vertex -22.8373 -1.76812 0
      vertex -23.0562 -1.7119 0
    endloop
  endfacet
  facet normal 0.950994 0.30921 0
    outer loop
      vertex -24.1736 -0.662623 3
      vertex -24.2435 -0.447641 0
      vertex -24.2435 -0.447641 3
    endloop
  endfacet
  facet normal 0.950994 0.30921 0
    outer loop
      vertex -24.2435 -0.447641 0
      vertex -24.1736 -0.662623 3
      vertex -24.1736 -0.662623 0
    endloop
  endfacet
  facet normal 0.998025 0.0628192 0
    outer loop
      vertex -24.2858 -0.225599 3
      vertex -24.3 0 0
      vertex -24.3 0 3
    endloop
  endfacet
  facet normal 0.998025 0.0628192 0
    outer loop
      vertex -24.3 0 0
      vertex -24.2858 -0.225599 3
      vertex -24.2858 -0.225599 0
    endloop
  endfacet
  facet normal -0.368071 0.929798 0
    outer loop
      vertex -21.7336 -1.62869 0
      vertex -21.9438 -1.7119 3
      vertex -21.7336 -1.62869 3
    endloop
  endfacet
  facet normal -0.368071 0.929798 0
    outer loop
      vertex -21.9438 -1.7119 3
      vertex -21.7336 -1.62869 0
      vertex -21.9438 -1.7119 0
    endloop
  endfacet
  facet normal -0.248756 0.968566 0
    outer loop
      vertex -21.9438 -1.7119 0
      vertex -22.1627 -1.76812 3
      vertex -21.9438 -1.7119 3
    endloop
  endfacet
  facet normal -0.248756 0.968566 0
    outer loop
      vertex -22.1627 -1.76812 3
      vertex -21.9438 -1.7119 0
      vertex -22.1627 -1.76812 0
    endloop
  endfacet
  facet normal -0.587743 0.809048 0
    outer loop
      vertex -21.3526 -1.38692 0
      vertex -21.5355 -1.51979 3
      vertex -21.3526 -1.38692 3
    endloop
  endfacet
  facet normal -0.587743 0.809048 0
    outer loop
      vertex -21.5355 -1.51979 3
      vertex -21.3526 -1.38692 0
      vertex -21.5355 -1.51979 0
    endloop
  endfacet
  facet normal -0.950994 0.30921 0
    outer loop
      vertex -20.8264 -0.662623 0
      vertex -20.7565 -0.447641 3
      vertex -20.7565 -0.447641 0
    endloop
  endfacet
  facet normal -0.950994 0.30921 0
    outer loop
      vertex -20.7565 -0.447641 3
      vertex -20.8264 -0.662623 0
      vertex -20.8264 -0.662623 3
    endloop
  endfacet
  facet normal 0.125309 0.992118 -0
    outer loop
      vertex -22.613 -1.79645 0
      vertex -22.8373 -1.76812 3
      vertex -22.613 -1.79645 3
    endloop
  endfacet
  facet normal 0.125309 0.992118 0
    outer loop
      vertex -22.8373 -1.76812 3
      vertex -22.613 -1.79645 0
      vertex -22.8373 -1.76812 0
    endloop
  endfacet
  facet normal 0.368071 0.929798 -0
    outer loop
      vertex -23.0562 -1.7119 0
      vertex -23.2664 -1.62869 3
      vertex -23.0562 -1.7119 3
    endloop
  endfacet
  facet normal 0.368071 0.929798 0
    outer loop
      vertex -23.2664 -1.62869 3
      vertex -23.0562 -1.7119 0
      vertex -23.2664 -1.62869 0
    endloop
  endfacet
  facet normal 0.587743 0.809048 -0
    outer loop
      vertex -23.4645 -1.51979 0
      vertex -23.6474 -1.38692 3
      vertex -23.4645 -1.51979 3
    endloop
  endfacet
  facet normal 0.587743 0.809048 0
    outer loop
      vertex -23.6474 -1.38692 3
      vertex -23.4645 -1.51979 0
      vertex -23.6474 -1.38692 0
    endloop
  endfacet
  facet normal 0.684727 0.7288 -0
    outer loop
      vertex -23.6474 -1.38692 0
      vertex -23.8121 -1.23218 3
      vertex -23.6474 -1.38692 3
    endloop
  endfacet
  facet normal 0.684727 0.7288 0
    outer loop
      vertex -23.8121 -1.23218 3
      vertex -23.6474 -1.38692 0
      vertex -23.8121 -1.23218 0
    endloop
  endfacet
  facet normal 0.982333 0.187139 0
    outer loop
      vertex -24.2435 -0.447641 3
      vertex -24.2858 -0.225599 0
      vertex -24.2858 -0.225599 3
    endloop
  endfacet
  facet normal 0.982333 0.187139 0
    outer loop
      vertex -24.2858 -0.225599 0
      vertex -24.2435 -0.447641 3
      vertex -24.2435 -0.447641 0
    endloop
  endfacet
  facet normal 0.481732 0.876319 -0
    outer loop
      vertex -23.2664 -1.62869 0
      vertex -23.4645 -1.51979 3
      vertex -23.2664 -1.62869 3
    endloop
  endfacet
  facet normal 0.481732 0.876319 0
    outer loop
      vertex -23.4645 -1.51979 3
      vertex -23.2664 -1.62869 0
      vertex -23.4645 -1.51979 0
    endloop
  endfacet
  facet normal 0.844167 0.53608 0
    outer loop
      vertex -23.9562 -1.05801 3
      vertex -24.0774 -0.867156 0
      vertex -24.0774 -0.867156 3
    endloop
  endfacet
  facet normal 0.844167 0.53608 0
    outer loop
      vertex -24.0774 -0.867156 0
      vertex -23.9562 -1.05801 3
      vertex -23.9562 -1.05801 0
    endloop
  endfacet
  facet normal 0.904905 0.425613 0
    outer loop
      vertex -24.0774 -0.867156 3
      vertex -24.1736 -0.662623 0
      vertex -24.1736 -0.662623 3
    endloop
  endfacet
  facet normal 0.904905 0.425613 0
    outer loop
      vertex -24.1736 -0.662623 0
      vertex -24.0774 -0.867156 3
      vertex -24.0774 -0.867156 0
    endloop
  endfacet
  facet normal 0.770483 0.637461 0
    outer loop
      vertex -23.8121 -1.23218 3
      vertex -23.9562 -1.05801 0
      vertex -23.9562 -1.05801 3
    endloop
  endfacet
  facet normal 0.770483 0.637461 0
    outer loop
      vertex -23.9562 -1.05801 0
      vertex -23.8121 -1.23218 3
      vertex -23.8121 -1.23218 0
    endloop
  endfacet
  facet normal -0.998028 -0.0627752 0
    outer loop
      vertex -5.7 0 0
      vertex -5.71419 0.225599 3
      vertex -5.71419 0.225599 0
    endloop
  endfacet
  facet normal -0.998028 -0.0627752 0
    outer loop
      vertex -5.71419 0.225599 3
      vertex -5.7 0 0
      vertex -5.7 0 3
    endloop
  endfacet
  facet normal 0.998028 -0.0627752 0
    outer loop
      vertex -9.3 0 3
      vertex -9.28581 0.225599 0
      vertex -9.28581 0.225599 3
    endloop
  endfacet
  facet normal 0.998028 -0.0627752 0
    outer loop
      vertex -9.28581 0.225599 0
      vertex -9.3 0 3
      vertex -9.3 0 0
    endloop
  endfacet
  facet normal 0 -1 0
    outer loop
      vertex -7.61302 1.79645 0
      vertex -7.38698 1.79645 3
      vertex -7.61302 1.79645 3
    endloop
  endfacet
  facet normal 0 -1 -0
    outer loop
      vertex -7.38698 1.79645 3
      vertex -7.61302 1.79645 0
      vertex -7.38698 1.79645 0
    endloop
  endfacet
  facet normal 0 1 -0
    outer loop
      vertex -7.38698 -1.79645 0
      vertex -7.61302 -1.79645 3
      vertex -7.38698 -1.79645 3
    endloop
  endfacet
  facet normal 0 1 0
    outer loop
      vertex -7.61302 -1.79645 3
      vertex -7.38698 -1.79645 0
      vertex -7.61302 -1.79645 0
    endloop
  endfacet
  facet normal -0.68455 -0.728966 0
    outer loop
      vertex -6.35264 1.38692 0
      vertex -6.18786 1.23218 3
      vertex -6.35264 1.38692 3
    endloop
  endfacet
  facet normal -0.68455 -0.728966 -0
    outer loop
      vertex -6.18786 1.23218 3
      vertex -6.35264 1.38692 0
      vertex -6.18786 1.23218 0
    endloop
  endfacet
  facet normal 0.68455 -0.728966 0
    outer loop
      vertex -8.81214 1.23218 0
      vertex -8.64736 1.38692 3
      vertex -8.81214 1.23218 3
    endloop
  endfacet
  facet normal 0.68455 -0.728966 0
    outer loop
      vertex -8.64736 1.38692 3
      vertex -8.81214 1.23218 0
      vertex -8.64736 1.38692 0
    endloop
  endfacet
  facet normal 0.368116 -0.92978 0
    outer loop
      vertex -8.2664 1.62869 0
      vertex -8.05623 1.7119 3
      vertex -8.2664 1.62869 3
    endloop
  endfacet
  facet normal 0.368116 -0.92978 0
    outer loop
      vertex -8.05623 1.7119 3
      vertex -8.2664 1.62869 0
      vertex -8.05623 1.7119 0
    endloop
  endfacet
  facet normal -0.90482 -0.425794 0
    outer loop
      vertex -5.8264 0.662623 0
      vertex -5.92265 0.867156 3
      vertex -5.92265 0.867156 0
    endloop
  endfacet
  facet normal -0.90482 -0.425794 0
    outer loop
      vertex -5.92265 0.867156 3
      vertex -5.8264 0.662623 0
      vertex -5.8264 0.662623 3
    endloop
  endfacet
  facet normal -0.982285 -0.187395 0
    outer loop
      vertex -5.71419 0.225599 0
      vertex -5.75655 0.447641 3
      vertex -5.75655 0.447641 0
    endloop
  endfacet
  facet normal -0.982285 -0.187395 0
    outer loop
      vertex -5.75655 0.447641 3
      vertex -5.71419 0.225599 0
      vertex -5.71419 0.225599 3
    endloop
  endfacet
  facet normal -0.368116 -0.92978 0
    outer loop
      vertex -6.94377 1.7119 0
      vertex -6.7336 1.62869 3
      vertex -6.94377 1.7119 3
    endloop
  endfacet
  facet normal -0.368116 -0.92978 -0
    outer loop
      vertex -6.7336 1.62869 3
      vertex -6.94377 1.7119 0
      vertex -6.7336 1.62869 0
    endloop
  endfacet
  facet normal -0.248714 -0.968577 0
    outer loop
      vertex -7.16271 1.76812 0
      vertex -6.94377 1.7119 3
      vertex -7.16271 1.76812 3
    endloop
  endfacet
  facet normal -0.248714 -0.968577 -0
    outer loop
      vertex -6.94377 1.7119 3
      vertex -7.16271 1.76812 0
      vertex -6.94377 1.7119 0
    endloop
  endfacet
  facet normal -0.587806 -0.809002 0
    outer loop
      vertex -6.53551 1.51979 0
      vertex -6.35264 1.38692 3
      vertex -6.53551 1.51979 3
    endloop
  endfacet
  facet normal -0.587806 -0.809002 -0
    outer loop
      vertex -6.35264 1.38692 3
      vertex -6.53551 1.51979 0
      vertex -6.35264 1.38692 0
    endloop
  endfacet
  facet normal 0.90482 -0.425794 0
    outer loop
      vertex -9.1736 0.662623 3
      vertex -9.07735 0.867156 0
      vertex -9.07735 0.867156 3
    endloop
  endfacet
  facet normal 0.90482 -0.425794 0
    outer loop
      vertex -9.07735 0.867156 0
      vertex -9.1736 0.662623 3
      vertex -9.1736 0.662623 0
    endloop
  endfacet
  facet normal 0.844327 -0.535828 0
    outer loop
      vertex -9.07735 0.867156 3
      vertex -8.95623 1.05801 0
      vertex -8.95623 1.05801 3
    endloop
  endfacet
  facet normal 0.844327 -0.535828 0
    outer loop
      vertex -8.95623 1.05801 0
      vertex -9.07735 0.867156 3
      vertex -9.07735 0.867156 0
    endloop
  endfacet
  facet normal 0.951059 -0.309009 0
    outer loop
      vertex -9.24345 0.447641 3
      vertex -9.1736 0.662623 0
      vertex -9.1736 0.662623 3
    endloop
  endfacet
  facet normal 0.951059 -0.309009 0
    outer loop
      vertex -9.1736 0.662623 0
      vertex -9.24345 0.447641 3
      vertex -9.24345 0.447641 0
    endloop
  endfacet
  facet normal 0.587806 -0.809002 0
    outer loop
      vertex -8.64736 1.38692 0
      vertex -8.46449 1.51979 3
      vertex -8.64736 1.38692 3
    endloop
  endfacet
  facet normal 0.587806 -0.809002 0
    outer loop
      vertex -8.46449 1.51979 3
      vertex -8.64736 1.38692 0
      vertex -8.46449 1.51979 0
    endloop
  endfacet
  facet normal 0.248714 -0.968577 0
    outer loop
      vertex -8.05623 1.7119 0
      vertex -7.83729 1.76812 3
      vertex -8.05623 1.7119 3
    endloop
  endfacet
  facet normal 0.248714 -0.968577 0
    outer loop
      vertex -7.83729 1.76812 3
      vertex -8.05623 1.7119 0
      vertex -7.83729 1.76812 0
    endloop
  endfacet
  facet normal -0.951059 0.309009 0
    outer loop
      vertex -5.8264 -0.662623 0
      vertex -5.75655 -0.447641 3
      vertex -5.75655 -0.447641 0
    endloop
  endfacet
  facet normal -0.951059 0.309009 0
    outer loop
      vertex -5.75655 -0.447641 3
      vertex -5.8264 -0.662623 0
      vertex -5.8264 -0.662623 3
    endloop
  endfacet
  facet normal -0.125325 0.992116 0
    outer loop
      vertex -7.16271 -1.76812 0
      vertex -7.38698 -1.79645 3
      vertex -7.16271 -1.76812 3
    endloop
  endfacet
  facet normal -0.125325 0.992116 0
    outer loop
      vertex -7.38698 -1.79645 3
      vertex -7.16271 -1.76812 0
      vertex -7.38698 -1.79645 0
    endloop
  endfacet
  facet normal -0.951059 -0.309009 0
    outer loop
      vertex -5.75655 0.447641 0
      vertex -5.8264 0.662623 3
      vertex -5.8264 0.662623 0
    endloop
  endfacet
  facet normal -0.951059 -0.309009 0
    outer loop
      vertex -5.8264 0.662623 3
      vertex -5.75655 0.447641 0
      vertex -5.75655 0.447641 3
    endloop
  endfacet
  facet normal -0.770504 -0.637435 0
    outer loop
      vertex -6.04377 1.05801 0
      vertex -6.18786 1.23218 3
      vertex -6.18786 1.23218 0
    endloop
  endfacet
  facet normal -0.770504 -0.637435 0
    outer loop
      vertex -6.18786 1.23218 3
      vertex -6.04377 1.05801 0
      vertex -6.04377 1.05801 3
    endloop
  endfacet
  facet normal -0.844327 -0.535828 0
    outer loop
      vertex -5.92265 0.867156 0
      vertex -6.04377 1.05801 3
      vertex -6.04377 1.05801 0
    endloop
  endfacet
  facet normal -0.844327 -0.535828 0
    outer loop
      vertex -6.04377 1.05801 3
      vertex -5.92265 0.867156 0
      vertex -5.92265 0.867156 3
    endloop
  endfacet
  facet normal -0.125325 -0.992116 0
    outer loop
      vertex -7.38698 1.79645 0
      vertex -7.16271 1.76812 3
      vertex -7.38698 1.79645 3
    endloop
  endfacet
  facet normal -0.125325 -0.992116 -0
    outer loop
      vertex -7.16271 1.76812 3
      vertex -7.38698 1.79645 0
      vertex -7.16271 1.76812 0
    endloop
  endfacet
  facet normal 0.982285 -0.187395 0
    outer loop
      vertex -9.28581 0.225599 3
      vertex -9.24345 0.447641 0
      vertex -9.24345 0.447641 3
    endloop
  endfacet
  facet normal 0.982285 -0.187395 0
    outer loop
      vertex -9.24345 0.447641 0
      vertex -9.28581 0.225599 3
      vertex -9.28581 0.225599 0
    endloop
  endfacet
  facet normal 0.125325 -0.992116 0
    outer loop
      vertex -7.83729 1.76812 0
      vertex -7.61302 1.79645 3
      vertex -7.83729 1.76812 3
    endloop
  endfacet
  facet normal 0.125325 -0.992116 0
    outer loop
      vertex -7.61302 1.79645 3
      vertex -7.83729 1.76812 0
      vertex -7.61302 1.79645 0
    endloop
  endfacet
  facet normal -0.998028 0.0627752 0
    outer loop
      vertex -5.71419 -0.225599 0
      vertex -5.7 0 3
      vertex -5.7 0 0
    endloop
  endfacet
  facet normal -0.998028 0.0627752 0
    outer loop
      vertex -5.7 0 3
      vertex -5.71419 -0.225599 0
      vertex -5.71419 -0.225599 3
    endloop
  endfacet
  facet normal -0.68455 0.728966 0
    outer loop
      vertex -6.18786 -1.23218 0
      vertex -6.35264 -1.38692 3
      vertex -6.18786 -1.23218 3
    endloop
  endfacet
  facet normal -0.68455 0.728966 0
    outer loop
      vertex -6.35264 -1.38692 3
      vertex -6.18786 -1.23218 0
      vertex -6.35264 -1.38692 0
    endloop
  endfacet
  facet normal -0.982285 0.187395 0
    outer loop
      vertex -5.75655 -0.447641 0
      vertex -5.71419 -0.225599 3
      vertex -5.71419 -0.225599 0
    endloop
  endfacet
  facet normal -0.982285 0.187395 0
    outer loop
      vertex -5.71419 -0.225599 3
      vertex -5.75655 -0.447641 0
      vertex -5.75655 -0.447641 3
    endloop
  endfacet
  facet normal -0.368116 0.92978 0
    outer loop
      vertex -6.7336 -1.62869 0
      vertex -6.94377 -1.7119 3
      vertex -6.7336 -1.62869 3
    endloop
  endfacet
  facet normal -0.368116 0.92978 0
    outer loop
      vertex -6.94377 -1.7119 3
      vertex -6.7336 -1.62869 0
      vertex -6.94377 -1.7119 0
    endloop
  endfacet
  facet normal -0.481751 -0.876308 0
    outer loop
      vertex -6.7336 1.62869 0
      vertex -6.53551 1.51979 3
      vertex -6.7336 1.62869 3
    endloop
  endfacet
  facet normal -0.481751 -0.876308 -0
    outer loop
      vertex -6.53551 1.51979 3
      vertex -6.7336 1.62869 0
      vertex -6.53551 1.51979 0
    endloop
  endfacet
  facet normal 0.770504 -0.637435 0
    outer loop
      vertex -8.95623 1.05801 3
      vertex -8.81214 1.23218 0
      vertex -8.81214 1.23218 3
    endloop
  endfacet
  facet normal 0.770504 -0.637435 0
    outer loop
      vertex -8.81214 1.23218 0
      vertex -8.95623 1.05801 3
      vertex -8.95623 1.05801 0
    endloop
  endfacet
  facet normal 0.481751 -0.876308 0
    outer loop
      vertex -8.46449 1.51979 0
      vertex -8.2664 1.62869 3
      vertex -8.46449 1.51979 3
    endloop
  endfacet
  facet normal 0.481751 -0.876308 0
    outer loop
      vertex -8.2664 1.62869 3
      vertex -8.46449 1.51979 0
      vertex -8.2664 1.62869 0
    endloop
  endfacet
  facet normal -0.481751 0.876308 0
    outer loop
      vertex -6.53551 -1.51979 0
      vertex -6.7336 -1.62869 3
      vertex -6.53551 -1.51979 3
    endloop
  endfacet
  facet normal -0.481751 0.876308 0
    outer loop
      vertex -6.7336 -1.62869 3
      vertex -6.53551 -1.51979 0
      vertex -6.7336 -1.62869 0
    endloop
  endfacet
  facet normal -0.90482 0.425794 0
    outer loop
      vertex -5.92265 -0.867156 0
      vertex -5.8264 -0.662623 3
      vertex -5.8264 -0.662623 0
    endloop
  endfacet
  facet normal -0.90482 0.425794 0
    outer loop
      vertex -5.8264 -0.662623 3
      vertex -5.92265 -0.867156 0
      vertex -5.92265 -0.867156 3
    endloop
  endfacet
  facet normal -0.770504 0.637435 0
    outer loop
      vertex -6.18786 -1.23218 0
      vertex -6.04377 -1.05801 3
      vertex -6.04377 -1.05801 0
    endloop
  endfacet
  facet normal -0.770504 0.637435 0
    outer loop
      vertex -6.04377 -1.05801 3
      vertex -6.18786 -1.23218 0
      vertex -6.18786 -1.23218 3
    endloop
  endfacet
  facet normal 0.368116 0.92978 -0
    outer loop
      vertex -8.05623 -1.7119 0
      vertex -8.2664 -1.62869 3
      vertex -8.05623 -1.7119 3
    endloop
  endfacet
  facet normal 0.368116 0.92978 0
    outer loop
      vertex -8.2664 -1.62869 3
      vertex -8.05623 -1.7119 0
      vertex -8.2664 -1.62869 0
    endloop
  endfacet
  facet normal 0.248714 0.968577 -0
    outer loop
      vertex -7.83729 -1.76812 0
      vertex -8.05623 -1.7119 3
      vertex -7.83729 -1.76812 3
    endloop
  endfacet
  facet normal 0.248714 0.968577 0
    outer loop
      vertex -8.05623 -1.7119 3
      vertex -7.83729 -1.76812 0
      vertex -8.05623 -1.7119 0
    endloop
  endfacet
  facet normal 0.770504 0.637435 0
    outer loop
      vertex -8.81214 -1.23218 3
      vertex -8.95623 -1.05801 0
      vertex -8.95623 -1.05801 3
    endloop
  endfacet
  facet normal 0.770504 0.637435 0
    outer loop
      vertex -8.95623 -1.05801 0
      vertex -8.81214 -1.23218 3
      vertex -8.81214 -1.23218 0
    endloop
  endfacet
  facet normal 0.951059 0.309009 0
    outer loop
      vertex -9.1736 -0.662623 3
      vertex -9.24345 -0.447641 0
      vertex -9.24345 -0.447641 3
    endloop
  endfacet
  facet normal 0.951059 0.309009 0
    outer loop
      vertex -9.24345 -0.447641 0
      vertex -9.1736 -0.662623 3
      vertex -9.1736 -0.662623 0
    endloop
  endfacet
  facet normal 0.998028 0.0627752 0
    outer loop
      vertex -9.28581 -0.225599 3
      vertex -9.3 0 0
      vertex -9.3 0 3
    endloop
  endfacet
  facet normal 0.998028 0.0627752 0
    outer loop
      vertex -9.3 0 0
      vertex -9.28581 -0.225599 3
      vertex -9.28581 -0.225599 0
    endloop
  endfacet
  facet normal -0.248714 0.968577 0
    outer loop
      vertex -6.94377 -1.7119 0
      vertex -7.16271 -1.76812 3
      vertex -6.94377 -1.7119 3
    endloop
  endfacet
  facet normal -0.248714 0.968577 0
    outer loop
      vertex -7.16271 -1.76812 3
      vertex -6.94377 -1.7119 0
      vertex -7.16271 -1.76812 0
    endloop
  endfacet
  facet normal -0.587806 0.809002 0
    outer loop
      vertex -6.35264 -1.38692 0
      vertex -6.53551 -1.51979 3
      vertex -6.35264 -1.38692 3
    endloop
  endfacet
  facet normal -0.587806 0.809002 0
    outer loop
      vertex -6.53551 -1.51979 3
      vertex -6.35264 -1.38692 0
      vertex -6.53551 -1.51979 0
    endloop
  endfacet
  facet normal -0.844327 0.535828 0
    outer loop
      vertex -6.04377 -1.05801 0
      vertex -5.92265 -0.867156 3
      vertex -5.92265 -0.867156 0
    endloop
  endfacet
  facet normal -0.844327 0.535828 0
    outer loop
      vertex -5.92265 -0.867156 3
      vertex -6.04377 -1.05801 0
      vertex -6.04377 -1.05801 3
    endloop
  endfacet
  facet normal 0.125325 0.992116 -0
    outer loop
      vertex -7.61302 -1.79645 0
      vertex -7.83729 -1.76812 3
      vertex -7.61302 -1.79645 3
    endloop
  endfacet
  facet normal 0.125325 0.992116 0
    outer loop
      vertex -7.83729 -1.76812 3
      vertex -7.61302 -1.79645 0
      vertex -7.83729 -1.76812 0
    endloop
  endfacet
  facet normal 0.587806 0.809002 -0
    outer loop
      vertex -8.46449 -1.51979 0
      vertex -8.64736 -1.38692 3
      vertex -8.46449 -1.51979 3
    endloop
  endfacet
  facet normal 0.587806 0.809002 0
    outer loop
      vertex -8.64736 -1.38692 3
      vertex -8.46449 -1.51979 0
      vertex -8.64736 -1.38692 0
    endloop
  endfacet
  facet normal 0.68455 0.728966 -0
    outer loop
      vertex -8.64736 -1.38692 0
      vertex -8.81214 -1.23218 3
      vertex -8.64736 -1.38692 3
    endloop
  endfacet
  facet normal 0.68455 0.728966 0
    outer loop
      vertex -8.81214 -1.23218 3
      vertex -8.64736 -1.38692 0
      vertex -8.81214 -1.23218 0
    endloop
  endfacet
  facet normal 0.90482 0.425794 0
    outer loop
      vertex -9.07735 -0.867156 3
      vertex -9.1736 -0.662623 0
      vertex -9.1736 -0.662623 3
    endloop
  endfacet
  facet normal 0.90482 0.425794 0
    outer loop
      vertex -9.1736 -0.662623 0
      vertex -9.07735 -0.867156 3
      vertex -9.07735 -0.867156 0
    endloop
  endfacet
  facet normal 0.982285 0.187395 0
    outer loop
      vertex -9.24345 -0.447641 3
      vertex -9.28581 -0.225599 0
      vertex -9.28581 -0.225599 3
    endloop
  endfacet
  facet normal 0.982285 0.187395 0
    outer loop
      vertex -9.28581 -0.225599 0
      vertex -9.24345 -0.447641 3
      vertex -9.24345 -0.447641 0
    endloop
  endfacet
  facet normal 0.481751 0.876308 -0
    outer loop
      vertex -8.2664 -1.62869 0
      vertex -8.46449 -1.51979 3
      vertex -8.2664 -1.62869 3
    endloop
  endfacet
  facet normal 0.481751 0.876308 0
    outer loop
      vertex -8.46449 -1.51979 3
      vertex -8.2664 -1.62869 0
      vertex -8.46449 -1.51979 0
    endloop
  endfacet
  facet normal 0.844327 0.535828 0
    outer loop
      vertex -8.95623 -1.05801 3
      vertex -9.07735 -0.867156 0
      vertex -9.07735 -0.867156 3
    endloop
  endfacet
  facet normal 0.844327 0.535828 0
    outer loop
      vertex -9.07735 -0.867156 0
      vertex -8.95623 -1.05801 3
      vertex -8.95623 -1.05801 0
    endloop
  endfacet
  facet normal -0.998028 -0.0627752 0
    outer loop
      vertex 9.3 0 0
      vertex 9.28581 0.225599 3
      vertex 9.28581 0.225599 0
    endloop
  endfacet
  facet normal -0.998028 -0.0627752 0
    outer loop
      vertex 9.28581 0.225599 3
      vertex 9.3 0 0
      vertex 9.3 0 3
    endloop
  endfacet
  facet normal 0.998028 -0.0627752 0
    outer loop
      vertex 5.7 0 3
      vertex 5.71419 0.225599 0
      vertex 5.71419 0.225599 3
    endloop
  endfacet
  facet normal 0.998028 -0.0627752 0
    outer loop
      vertex 5.71419 0.225599 0
      vertex 5.7 0 3
      vertex 5.7 0 0
    endloop
  endfacet
  facet normal 0 -1 0
    outer loop
      vertex 7.38698 1.79645 0
      vertex 7.61302 1.79645 3
      vertex 7.38698 1.79645 3
    endloop
  endfacet
  facet normal 0 -1 -0
    outer loop
      vertex 7.61302 1.79645 3
      vertex 7.38698 1.79645 0
      vertex 7.61302 1.79645 0
    endloop
  endfacet
  facet normal -0.68455 -0.728966 0
    outer loop
      vertex 8.64736 1.38692 0
      vertex 8.81214 1.23218 3
      vertex 8.64736 1.38692 3
    endloop
  endfacet
  facet normal -0.68455 -0.728966 -0
    outer loop
      vertex 8.81214 1.23218 3
      vertex 8.64736 1.38692 0
      vertex 8.81214 1.23218 0
    endloop
  endfacet
  facet normal 0.68455 -0.728966 0
    outer loop
      vertex 6.18786 1.23218 0
      vertex 6.35264 1.38692 3
      vertex 6.18786 1.23218 3
    endloop
  endfacet
  facet normal 0.68455 -0.728966 0
    outer loop
      vertex 6.35264 1.38692 3
      vertex 6.18786 1.23218 0
      vertex 6.35264 1.38692 0
    endloop
  endfacet
  facet normal 0.368116 -0.92978 0
    outer loop
      vertex 6.7336 1.62869 0
      vertex 6.94377 1.7119 3
      vertex 6.7336 1.62869 3
    endloop
  endfacet
  facet normal 0.368116 -0.92978 0
    outer loop
      vertex 6.94377 1.7119 3
      vertex 6.7336 1.62869 0
      vertex 6.94377 1.7119 0
    endloop
  endfacet
  facet normal -0.90482 -0.425794 0
    outer loop
      vertex 9.1736 0.662623 0
      vertex 9.07735 0.867156 3
      vertex 9.07735 0.867156 0
    endloop
  endfacet
  facet normal -0.90482 -0.425794 0
    outer loop
      vertex 9.07735 0.867156 3
      vertex 9.1736 0.662623 0
      vertex 9.1736 0.662623 3
    endloop
  endfacet
  facet normal -0.982285 -0.187395 0
    outer loop
      vertex 9.28581 0.225599 0
      vertex 9.24345 0.447641 3
      vertex 9.24345 0.447641 0
    endloop
  endfacet
  facet normal -0.982285 -0.187395 0
    outer loop
      vertex 9.24345 0.447641 3
      vertex 9.28581 0.225599 0
      vertex 9.28581 0.225599 3
    endloop
  endfacet
  facet normal -0.368116 -0.92978 0
    outer loop
      vertex 8.05623 1.7119 0
      vertex 8.2664 1.62869 3
      vertex 8.05623 1.7119 3
    endloop
  endfacet
  facet normal -0.368116 -0.92978 -0
    outer loop
      vertex 8.2664 1.62869 3
      vertex 8.05623 1.7119 0
      vertex 8.2664 1.62869 0
    endloop
  endfacet
  facet normal -0.248714 -0.968577 0
    outer loop
      vertex 7.83729 1.76812 0
      vertex 8.05623 1.7119 3
      vertex 7.83729 1.76812 3
    endloop
  endfacet
  facet normal -0.248714 -0.968577 -0
    outer loop
      vertex 8.05623 1.7119 3
      vertex 7.83729 1.76812 0
      vertex 8.05623 1.7119 0
    endloop
  endfacet
  facet normal -0.587806 -0.809002 0
    outer loop
      vertex 8.46449 1.51979 0
      vertex 8.64736 1.38692 3
      vertex 8.46449 1.51979 3
    endloop
  endfacet
  facet normal -0.587806 -0.809002 -0
    outer loop
      vertex 8.64736 1.38692 3
      vertex 8.46449 1.51979 0
      vertex 8.64736 1.38692 0
    endloop
  endfacet
  facet normal 0.90482 -0.425794 0
    outer loop
      vertex 5.8264 0.662623 3
      vertex 5.92265 0.867156 0
      vertex 5.92265 0.867156 3
    endloop
  endfacet
  facet normal 0.90482 -0.425794 0
    outer loop
      vertex 5.92265 0.867156 0
      vertex 5.8264 0.662623 3
      vertex 5.8264 0.662623 0
    endloop
  endfacet
  facet normal 0.844327 -0.535828 0
    outer loop
      vertex 5.92265 0.867156 3
      vertex 6.04377 1.05801 0
      vertex 6.04377 1.05801 3
    endloop
  endfacet
  facet normal 0.844327 -0.535828 0
    outer loop
      vertex 6.04377 1.05801 0
      vertex 5.92265 0.867156 3
      vertex 5.92265 0.867156 0
    endloop
  endfacet
  facet normal 0.951059 -0.309009 0
    outer loop
      vertex 5.75655 0.447641 3
      vertex 5.8264 0.662623 0
      vertex 5.8264 0.662623 3
    endloop
  endfacet
  facet normal 0.951059 -0.309009 0
    outer loop
      vertex 5.8264 0.662623 0
      vertex 5.75655 0.447641 3
      vertex 5.75655 0.447641 0
    endloop
  endfacet
  facet normal 0.587806 -0.809002 0
    outer loop
      vertex 6.35264 1.38692 0
      vertex 6.53551 1.51979 3
      vertex 6.35264 1.38692 3
    endloop
  endfacet
  facet normal 0.587806 -0.809002 0
    outer loop
      vertex 6.53551 1.51979 3
      vertex 6.35264 1.38692 0
      vertex 6.53551 1.51979 0
    endloop
  endfacet
  facet normal 0.125325 -0.992116 0
    outer loop
      vertex 7.16271 1.76812 0
      vertex 7.38698 1.79645 3
      vertex 7.16271 1.76812 3
    endloop
  endfacet
  facet normal 0.125325 -0.992116 0
    outer loop
      vertex 7.38698 1.79645 3
      vertex 7.16271 1.76812 0
      vertex 7.38698 1.79645 0
    endloop
  endfacet
  facet normal -0.998028 0.0627752 0
    outer loop
      vertex 9.28581 -0.225599 0
      vertex 9.3 0 3
      vertex 9.3 0 0
    endloop
  endfacet
  facet normal -0.998028 0.0627752 0
    outer loop
      vertex 9.3 0 3
      vertex 9.28581 -0.225599 0
      vertex 9.28581 -0.225599 3
    endloop
  endfacet
  facet normal -0.125325 0.992116 0
    outer loop
      vertex 7.83729 -1.76812 0
      vertex 7.61302 -1.79645 3
      vertex 7.83729 -1.76812 3
    endloop
  endfacet
  facet normal -0.125325 0.992116 0
    outer loop
      vertex 7.61302 -1.79645 3
      vertex 7.83729 -1.76812 0
      vertex 7.61302 -1.79645 0
    endloop
  endfacet
  facet normal -0.951059 -0.309009 0
    outer loop
      vertex 9.24345 0.447641 0
      vertex 9.1736 0.662623 3
      vertex 9.1736 0.662623 0
    endloop
  endfacet
  facet normal -0.951059 -0.309009 0
    outer loop
      vertex 9.1736 0.662623 3
      vertex 9.24345 0.447641 0
      vertex 9.24345 0.447641 3
    endloop
  endfacet
  facet normal -0.770504 -0.637435 0
    outer loop
      vertex 8.95623 1.05801 0
      vertex 8.81214 1.23218 3
      vertex 8.81214 1.23218 0
    endloop
  endfacet
  facet normal -0.770504 -0.637435 0
    outer loop
      vertex 8.81214 1.23218 3
      vertex 8.95623 1.05801 0
      vertex 8.95623 1.05801 3
    endloop
  endfacet
  facet normal -0.844327 -0.535828 0
    outer loop
      vertex 9.07735 0.867156 0
      vertex 8.95623 1.05801 3
      vertex 8.95623 1.05801 0
    endloop
  endfacet
  facet normal -0.844327 -0.535828 0
    outer loop
      vertex 8.95623 1.05801 3
      vertex 9.07735 0.867156 0
      vertex 9.07735 0.867156 3
    endloop
  endfacet
  facet normal -0.125325 -0.992116 0
    outer loop
      vertex 7.61302 1.79645 0
      vertex 7.83729 1.76812 3
      vertex 7.61302 1.79645 3
    endloop
  endfacet
  facet normal -0.125325 -0.992116 -0
    outer loop
      vertex 7.83729 1.76812 3
      vertex 7.61302 1.79645 0
      vertex 7.83729 1.76812 0
    endloop
  endfacet
  facet normal 0.770504 -0.637435 0
    outer loop
      vertex 6.04377 1.05801 3
      vertex 6.18786 1.23218 0
      vertex 6.18786 1.23218 3
    endloop
  endfacet
  facet normal 0.770504 -0.637435 0
    outer loop
      vertex 6.18786 1.23218 0
      vertex 6.04377 1.05801 3
      vertex 6.04377 1.05801 0
    endloop
  endfacet
  facet normal 0.481751 -0.876308 0
    outer loop
      vertex 6.53551 1.51979 0
      vertex 6.7336 1.62869 3
      vertex 6.53551 1.51979 3
    endloop
  endfacet
  facet normal 0.481751 -0.876308 0
    outer loop
      vertex 6.7336 1.62869 3
      vertex 6.53551 1.51979 0
      vertex 6.7336 1.62869 0
    endloop
  endfacet
  facet normal 0.248714 -0.968577 0
    outer loop
      vertex 6.94377 1.7119 0
      vertex 7.16271 1.76812 3
      vertex 6.94377 1.7119 3
    endloop
  endfacet
  facet normal 0.248714 -0.968577 0
    outer loop
      vertex 7.16271 1.76812 3
      vertex 6.94377 1.7119 0
      vertex 7.16271 1.76812 0
    endloop
  endfacet
  facet normal -0.982285 0.187395 0
    outer loop
      vertex 9.24345 -0.447641 0
      vertex 9.28581 -0.225599 3
      vertex 9.28581 -0.225599 0
    endloop
  endfacet
  facet normal -0.982285 0.187395 0
    outer loop
      vertex 9.28581 -0.225599 3
      vertex 9.24345 -0.447641 0
      vertex 9.24345 -0.447641 3
    endloop
  endfacet
  facet normal 0.951059 0.309009 0
    outer loop
      vertex 5.8264 -0.662623 3
      vertex 5.75655 -0.447641 0
      vertex 5.75655 -0.447641 3
    endloop
  endfacet
  facet normal 0.951059 0.309009 0
    outer loop
      vertex 5.75655 -0.447641 0
      vertex 5.8264 -0.662623 3
      vertex 5.8264 -0.662623 0
    endloop
  endfacet
  facet normal -0.368116 0.92978 0
    outer loop
      vertex 8.2664 -1.62869 0
      vertex 8.05623 -1.7119 3
      vertex 8.2664 -1.62869 3
    endloop
  endfacet
  facet normal -0.368116 0.92978 0
    outer loop
      vertex 8.05623 -1.7119 3
      vertex 8.2664 -1.62869 0
      vertex 8.05623 -1.7119 0
    endloop
  endfacet
  facet normal -0.248714 0.968577 0
    outer loop
      vertex 8.05623 -1.7119 0
      vertex 7.83729 -1.76812 3
      vertex 8.05623 -1.7119 3
    endloop
  endfacet
  facet normal -0.248714 0.968577 0
    outer loop
      vertex 7.83729 -1.76812 3
      vertex 8.05623 -1.7119 0
      vertex 7.83729 -1.76812 0
    endloop
  endfacet
  facet normal -0.481751 -0.876308 0
    outer loop
      vertex 8.2664 1.62869 0
      vertex 8.46449 1.51979 3
      vertex 8.2664 1.62869 3
    endloop
  endfacet
  facet normal -0.481751 -0.876308 -0
    outer loop
      vertex 8.46449 1.51979 3
      vertex 8.2664 1.62869 0
      vertex 8.46449 1.51979 0
    endloop
  endfacet
  facet normal 0.982285 -0.187395 0
    outer loop
      vertex 5.71419 0.225599 3
      vertex 5.75655 0.447641 0
      vertex 5.75655 0.447641 3
    endloop
  endfacet
  facet normal 0.982285 -0.187395 0
    outer loop
      vertex 5.75655 0.447641 0
      vertex 5.71419 0.225599 3
      vertex 5.71419 0.225599 0
    endloop
  endfacet
  facet normal -0.481751 0.876308 0
    outer loop
      vertex 8.46449 -1.51979 0
      vertex 8.2664 -1.62869 3
      vertex 8.46449 -1.51979 3
    endloop
  endfacet
  facet normal -0.481751 0.876308 0
    outer loop
      vertex 8.2664 -1.62869 3
      vertex 8.46449 -1.51979 0
      vertex 8.2664 -1.62869 0
    endloop
  endfacet
  facet normal -0.68455 0.728966 0
    outer loop
      vertex 8.81214 -1.23218 0
      vertex 8.64736 -1.38692 3
      vertex 8.81214 -1.23218 3
    endloop
  endfacet
  facet normal -0.68455 0.728966 0
    outer loop
      vertex 8.64736 -1.38692 3
      vertex 8.81214 -1.23218 0
      vertex 8.64736 -1.38692 0
    endloop
  endfacet
  facet normal -0.90482 0.425794 0
    outer loop
      vertex 9.07735 -0.867156 0
      vertex 9.1736 -0.662623 3
      vertex 9.1736 -0.662623 0
    endloop
  endfacet
  facet normal -0.90482 0.425794 0
    outer loop
      vertex 9.1736 -0.662623 3
      vertex 9.07735 -0.867156 0
      vertex 9.07735 -0.867156 3
    endloop
  endfacet
  facet normal -0.770504 0.637435 0
    outer loop
      vertex 8.81214 -1.23218 0
      vertex 8.95623 -1.05801 3
      vertex 8.95623 -1.05801 0
    endloop
  endfacet
  facet normal -0.770504 0.637435 0
    outer loop
      vertex 8.95623 -1.05801 3
      vertex 8.81214 -1.23218 0
      vertex 8.81214 -1.23218 3
    endloop
  endfacet
  facet normal 0.368116 0.92978 -0
    outer loop
      vertex 6.94377 -1.7119 0
      vertex 6.7336 -1.62869 3
      vertex 6.94377 -1.7119 3
    endloop
  endfacet
  facet normal 0.368116 0.92978 0
    outer loop
      vertex 6.7336 -1.62869 3
      vertex 6.94377 -1.7119 0
      vertex 6.7336 -1.62869 0
    endloop
  endfacet
  facet normal 0.770504 0.637435 0
    outer loop
      vertex 6.18786 -1.23218 3
      vertex 6.04377 -1.05801 0
      vertex 6.04377 -1.05801 3
    endloop
  endfacet
  facet normal 0.770504 0.637435 0
    outer loop
      vertex 6.04377 -1.05801 0
      vertex 6.18786 -1.23218 3
      vertex 6.18786 -1.23218 0
    endloop
  endfacet
  facet normal 0.998028 0.0627752 0
    outer loop
      vertex 5.71419 -0.225599 3
      vertex 5.7 0 0
      vertex 5.7 0 3
    endloop
  endfacet
  facet normal 0.998028 0.0627752 0
    outer loop
      vertex 5.7 0 0
      vertex 5.71419 -0.225599 3
      vertex 5.71419 -0.225599 0
    endloop
  endfacet
  facet normal -0.587806 0.809002 0
    outer loop
      vertex 8.64736 -1.38692 0
      vertex 8.46449 -1.51979 3
      vertex 8.64736 -1.38692 3
    endloop
  endfacet
  facet normal -0.587806 0.809002 0
    outer loop
      vertex 8.46449 -1.51979 3
      vertex 8.64736 -1.38692 0
      vertex 8.46449 -1.51979 0
    endloop
  endfacet
  facet normal -0.951059 0.309009 0
    outer loop
      vertex 9.1736 -0.662623 0
      vertex 9.24345 -0.447641 3
      vertex 9.24345 -0.447641 0
    endloop
  endfacet
  facet normal -0.951059 0.309009 0
    outer loop
      vertex 9.24345 -0.447641 3
      vertex 9.1736 -0.662623 0
      vertex 9.1736 -0.662623 3
    endloop
  endfacet
  facet normal -0.844327 0.535828 0
    outer loop
      vertex 8.95623 -1.05801 0
      vertex 9.07735 -0.867156 3
      vertex 9.07735 -0.867156 0
    endloop
  endfacet
  facet normal -0.844327 0.535828 0
    outer loop
      vertex 9.07735 -0.867156 3
      vertex 8.95623 -1.05801 0
      vertex 8.95623 -1.05801 3
    endloop
  endfacet
  facet normal 0 1 -0
    outer loop
      vertex 7.61302 -1.79645 0
      vertex 7.38698 -1.79645 3
      vertex 7.61302 -1.79645 3
    endloop
  endfacet
  facet normal 0 1 0
    outer loop
      vertex 7.38698 -1.79645 3
      vertex 7.61302 -1.79645 0
      vertex 7.38698 -1.79645 0
    endloop
  endfacet
  facet normal 0.125325 0.992116 -0
    outer loop
      vertex 7.38698 -1.79645 0
      vertex 7.16271 -1.76812 3
      vertex 7.38698 -1.79645 3
    endloop
  endfacet
  facet normal 0.125325 0.992116 0
    outer loop
      vertex 7.16271 -1.76812 3
      vertex 7.38698 -1.79645 0
      vertex 7.16271 -1.76812 0
    endloop
  endfacet
  facet normal 0.248714 0.968577 -0
    outer loop
      vertex 7.16271 -1.76812 0
      vertex 6.94377 -1.7119 3
      vertex 7.16271 -1.76812 3
    endloop
  endfacet
  facet normal 0.248714 0.968577 0
    outer loop
      vertex 6.94377 -1.7119 3
      vertex 7.16271 -1.76812 0
      vertex 6.94377 -1.7119 0
    endloop
  endfacet
  facet normal 0.587806 0.809002 -0
    outer loop
      vertex 6.53551 -1.51979 0
      vertex 6.35264 -1.38692 3
      vertex 6.53551 -1.51979 3
    endloop
  endfacet
  facet normal 0.587806 0.809002 0
    outer loop
      vertex 6.35264 -1.38692 3
      vertex 6.53551 -1.51979 0
      vertex 6.35264 -1.38692 0
    endloop
  endfacet
  facet normal 0.68455 0.728966 -0
    outer loop
      vertex 6.35264 -1.38692 0
      vertex 6.18786 -1.23218 3
      vertex 6.35264 -1.38692 3
    endloop
  endfacet
  facet normal 0.68455 0.728966 0
    outer loop
      vertex 6.18786 -1.23218 3
      vertex 6.35264 -1.38692 0
      vertex 6.18786 -1.23218 0
    endloop
  endfacet
  facet normal 0.90482 0.425794 0
    outer loop
      vertex 5.92265 -0.867156 3
      vertex 5.8264 -0.662623 0
      vertex 5.8264 -0.662623 3
    endloop
  endfacet
  facet normal 0.90482 0.425794 0
    outer loop
      vertex 5.8264 -0.662623 0
      vertex 5.92265 -0.867156 3
      vertex 5.92265 -0.867156 0
    endloop
  endfacet
  facet normal 0.982285 0.187395 0
    outer loop
      vertex 5.75655 -0.447641 3
      vertex 5.71419 -0.225599 0
      vertex 5.71419 -0.225599 3
    endloop
  endfacet
  facet normal 0.982285 0.187395 0
    outer loop
      vertex 5.71419 -0.225599 0
      vertex 5.75655 -0.447641 3
      vertex 5.75655 -0.447641 0
    endloop
  endfacet
  facet normal 0.481751 0.876308 -0
    outer loop
      vertex 6.7336 -1.62869 0
      vertex 6.53551 -1.51979 3
      vertex 6.7336 -1.62869 3
    endloop
  endfacet
  facet normal 0.481751 0.876308 0
    outer loop
      vertex 6.53551 -1.51979 3
      vertex 6.7336 -1.62869 0
      vertex 6.53551 -1.51979 0
    endloop
  endfacet
  facet normal 0.844327 0.535828 0
    outer loop
      vertex 6.04377 -1.05801 3
      vertex 5.92265 -0.867156 0
      vertex 5.92265 -0.867156 3
    endloop
  endfacet
  facet normal 0.844327 0.535828 0
    outer loop
      vertex 5.92265 -0.867156 0
      vertex 6.04377 -1.05801 3
      vertex 6.04377 -1.05801 0
    endloop
  endfacet
  facet normal -0.998025 -0.0628192 0
    outer loop
      vertex 24.3 0 0
      vertex 24.2858 0.225599 3
      vertex 24.2858 0.225599 0
    endloop
  endfacet
  facet normal -0.998025 -0.0628192 0
    outer loop
      vertex 24.2858 0.225599 3
      vertex 24.3 0 0
      vertex 24.3 0 3
    endloop
  endfacet
  facet normal 0.998025 -0.0628192 0
    outer loop
      vertex 20.7 0 3
      vertex 20.7142 0.225599 0
      vertex 20.7142 0.225599 3
    endloop
  endfacet
  facet normal 0.998025 -0.0628192 0
    outer loop
      vertex 20.7142 0.225599 0
      vertex 20.7 0 3
      vertex 20.7 0 0
    endloop
  endfacet
  facet normal 0 -1 0
    outer loop
      vertex 22.387 1.79645 0
      vertex 22.613 1.79645 3
      vertex 22.387 1.79645 3
    endloop
  endfacet
  facet normal 0 -1 -0
    outer loop
      vertex 22.613 1.79645 3
      vertex 22.387 1.79645 0
      vertex 22.613 1.79645 0
    endloop
  endfacet
  facet normal 0 1 -0
    outer loop
      vertex 22.613 -1.79645 0
      vertex 22.387 -1.79645 3
      vertex 22.613 -1.79645 3
    endloop
  endfacet
  facet normal 0 1 0
    outer loop
      vertex 22.387 -1.79645 3
      vertex 22.613 -1.79645 0
      vertex 22.387 -1.79645 0
    endloop
  endfacet
  facet normal -0.684727 -0.7288 0
    outer loop
      vertex 23.6474 1.38692 0
      vertex 23.8121 1.23218 3
      vertex 23.6474 1.38692 3
    endloop
  endfacet
  facet normal -0.684727 -0.7288 -0
    outer loop
      vertex 23.8121 1.23218 3
      vertex 23.6474 1.38692 0
      vertex 23.8121 1.23218 0
    endloop
  endfacet
  facet normal 0.684727 -0.7288 0
    outer loop
      vertex 21.1879 1.23218 0
      vertex 21.3526 1.38692 3
      vertex 21.1879 1.23218 3
    endloop
  endfacet
  facet normal 0.684727 -0.7288 0
    outer loop
      vertex 21.3526 1.38692 3
      vertex 21.1879 1.23218 0
      vertex 21.3526 1.38692 0
    endloop
  endfacet
  facet normal 0.368071 -0.929798 0
    outer loop
      vertex 21.7336 1.62869 0
      vertex 21.9438 1.7119 3
      vertex 21.7336 1.62869 3
    endloop
  endfacet
  facet normal 0.368071 -0.929798 0
    outer loop
      vertex 21.9438 1.7119 3
      vertex 21.7336 1.62869 0
      vertex 21.9438 1.7119 0
    endloop
  endfacet
  facet normal -0.844167 0.53608 0
    outer loop
      vertex 23.9562 -1.05801 0
      vertex 24.0774 -0.867156 3
      vertex 24.0774 -0.867156 0
    endloop
  endfacet
  facet normal -0.844167 0.53608 0
    outer loop
      vertex 24.0774 -0.867156 3
      vertex 23.9562 -1.05801 0
      vertex 23.9562 -1.05801 3
    endloop
  endfacet
  facet normal -0.904905 -0.425613 0
    outer loop
      vertex 24.1736 0.662623 0
      vertex 24.0774 0.867156 3
      vertex 24.0774 0.867156 0
    endloop
  endfacet
  facet normal -0.904905 -0.425613 0
    outer loop
      vertex 24.0774 0.867156 3
      vertex 24.1736 0.662623 0
      vertex 24.1736 0.662623 3
    endloop
  endfacet
  facet normal -0.982333 -0.187139 0
    outer loop
      vertex 24.2858 0.225599 0
      vertex 24.2435 0.447641 3
      vertex 24.2435 0.447641 0
    endloop
  endfacet
  facet normal -0.982333 -0.187139 0
    outer loop
      vertex 24.2435 0.447641 3
      vertex 24.2858 0.225599 0
      vertex 24.2858 0.225599 3
    endloop
  endfacet
  facet normal -0.368071 -0.929798 0
    outer loop
      vertex 23.0562 1.7119 0
      vertex 23.2664 1.62869 3
      vertex 23.0562 1.7119 3
    endloop
  endfacet
  facet normal -0.368071 -0.929798 -0
    outer loop
      vertex 23.2664 1.62869 3
      vertex 23.0562 1.7119 0
      vertex 23.2664 1.62869 0
    endloop
  endfacet
  facet normal -0.248756 -0.968566 0
    outer loop
      vertex 22.8373 1.76812 0
      vertex 23.0562 1.7119 3
      vertex 22.8373 1.76812 3
    endloop
  endfacet
  facet normal -0.248756 -0.968566 -0
    outer loop
      vertex 23.0562 1.7119 3
      vertex 22.8373 1.76812 0
      vertex 23.0562 1.7119 0
    endloop
  endfacet
  facet normal -0.587743 -0.809048 0
    outer loop
      vertex 23.4645 1.51979 0
      vertex 23.6474 1.38692 3
      vertex 23.4645 1.51979 3
    endloop
  endfacet
  facet normal -0.587743 -0.809048 -0
    outer loop
      vertex 23.6474 1.38692 3
      vertex 23.4645 1.51979 0
      vertex 23.6474 1.38692 0
    endloop
  endfacet
  facet normal 0.904905 -0.425613 0
    outer loop
      vertex 20.8264 0.662623 3
      vertex 20.9226 0.867156 0
      vertex 20.9226 0.867156 3
    endloop
  endfacet
  facet normal 0.904905 -0.425613 0
    outer loop
      vertex 20.9226 0.867156 0
      vertex 20.8264 0.662623 3
      vertex 20.8264 0.662623 0
    endloop
  endfacet
  facet normal 0.950994 -0.30921 0
    outer loop
      vertex 20.7565 0.447641 3
      vertex 20.8264 0.662623 0
      vertex 20.8264 0.662623 3
    endloop
  endfacet
  facet normal 0.950994 -0.30921 0
    outer loop
      vertex 20.8264 0.662623 0
      vertex 20.7565 0.447641 3
      vertex 20.7565 0.447641 0
    endloop
  endfacet
  facet normal 0.248756 -0.968566 0
    outer loop
      vertex 21.9438 1.7119 0
      vertex 22.1627 1.76812 3
      vertex 21.9438 1.7119 3
    endloop
  endfacet
  facet normal 0.248756 -0.968566 0
    outer loop
      vertex 22.1627 1.76812 3
      vertex 21.9438 1.7119 0
      vertex 22.1627 1.76812 0
    endloop
  endfacet
  facet normal -0.125309 0.992118 0
    outer loop
      vertex 22.8373 -1.76812 0
      vertex 22.613 -1.79645 3
      vertex 22.8373 -1.76812 3
    endloop
  endfacet
  facet normal -0.125309 0.992118 0
    outer loop
      vertex 22.613 -1.79645 3
      vertex 22.8373 -1.76812 0
      vertex 22.613 -1.79645 0
    endloop
  endfacet
  facet normal -0.368071 0.929798 0
    outer loop
      vertex 23.2664 -1.62869 0
      vertex 23.0562 -1.7119 3
      vertex 23.2664 -1.62869 3
    endloop
  endfacet
  facet normal -0.368071 0.929798 0
    outer loop
      vertex 23.0562 -1.7119 3
      vertex 23.2664 -1.62869 0
      vertex 23.0562 -1.7119 0
    endloop
  endfacet
  facet normal -0.950994 -0.30921 0
    outer loop
      vertex 24.2435 0.447641 0
      vertex 24.1736 0.662623 3
      vertex 24.1736 0.662623 0
    endloop
  endfacet
  facet normal -0.950994 -0.30921 0
    outer loop
      vertex 24.1736 0.662623 3
      vertex 24.2435 0.447641 0
      vertex 24.2435 0.447641 3
    endloop
  endfacet
  facet normal -0.770483 -0.637461 0
    outer loop
      vertex 23.9562 1.05801 0
      vertex 23.8121 1.23218 3
      vertex 23.8121 1.23218 0
    endloop
  endfacet
  facet normal -0.770483 -0.637461 0
    outer loop
      vertex 23.8121 1.23218 3
      vertex 23.9562 1.05801 0
      vertex 23.9562 1.05801 3
    endloop
  endfacet
  facet normal -0.844167 -0.53608 0
    outer loop
      vertex 24.0774 0.867156 0
      vertex 23.9562 1.05801 3
      vertex 23.9562 1.05801 0
    endloop
  endfacet
  facet normal -0.844167 -0.53608 0
    outer loop
      vertex 23.9562 1.05801 3
      vertex 24.0774 0.867156 0
      vertex 24.0774 0.867156 3
    endloop
  endfacet
  facet normal -0.125309 -0.992118 0
    outer loop
      vertex 22.613 1.79645 0
      vertex 22.8373 1.76812 3
      vertex 22.613 1.79645 3
    endloop
  endfacet
  facet normal -0.125309 -0.992118 -0
    outer loop
      vertex 22.8373 1.76812 3
      vertex 22.613 1.79645 0
      vertex 22.8373 1.76812 0
    endloop
  endfacet
  facet normal -0.481732 -0.876319 0
    outer loop
      vertex 23.2664 1.62869 0
      vertex 23.4645 1.51979 3
      vertex 23.2664 1.62869 3
    endloop
  endfacet
  facet normal -0.481732 -0.876319 -0
    outer loop
      vertex 23.4645 1.51979 3
      vertex 23.2664 1.62869 0
      vertex 23.4645 1.51979 0
    endloop
  endfacet
  facet normal 0.844167 -0.53608 0
    outer loop
      vertex 20.9226 0.867156 3
      vertex 21.0438 1.05801 0
      vertex 21.0438 1.05801 3
    endloop
  endfacet
  facet normal 0.844167 -0.53608 0
    outer loop
      vertex 21.0438 1.05801 0
      vertex 20.9226 0.867156 3
      vertex 20.9226 0.867156 0
    endloop
  endfacet
  facet normal 0.770483 -0.637461 0
    outer loop
      vertex 21.0438 1.05801 3
      vertex 21.1879 1.23218 0
      vertex 21.1879 1.23218 3
    endloop
  endfacet
  facet normal 0.770483 -0.637461 0
    outer loop
      vertex 21.1879 1.23218 0
      vertex 21.0438 1.05801 3
      vertex 21.0438 1.05801 0
    endloop
  endfacet
  facet normal 0.982333 -0.187139 0
    outer loop
      vertex 20.7142 0.225599 3
      vertex 20.7565 0.447641 0
      vertex 20.7565 0.447641 3
    endloop
  endfacet
  facet normal 0.982333 -0.187139 0
    outer loop
      vertex 20.7565 0.447641 0
      vertex 20.7142 0.225599 3
      vertex 20.7142 0.225599 0
    endloop
  endfacet
  facet normal 0.481732 -0.876319 0
    outer loop
      vertex 21.5355 1.51979 0
      vertex 21.7336 1.62869 3
      vertex 21.5355 1.51979 3
    endloop
  endfacet
  facet normal 0.481732 -0.876319 0
    outer loop
      vertex 21.7336 1.62869 3
      vertex 21.5355 1.51979 0
      vertex 21.7336 1.62869 0
    endloop
  endfacet
  facet normal 0.587743 -0.809048 0
    outer loop
      vertex 21.3526 1.38692 0
      vertex 21.5355 1.51979 3
      vertex 21.3526 1.38692 3
    endloop
  endfacet
  facet normal 0.587743 -0.809048 0
    outer loop
      vertex 21.5355 1.51979 3
      vertex 21.3526 1.38692 0
      vertex 21.5355 1.51979 0
    endloop
  endfacet
  facet normal 0.125309 -0.992118 0
    outer loop
      vertex 22.1627 1.76812 0
      vertex 22.387 1.79645 3
      vertex 22.1627 1.76812 3
    endloop
  endfacet
  facet normal 0.125309 -0.992118 0
    outer loop
      vertex 22.387 1.79645 3
      vertex 22.1627 1.76812 0
      vertex 22.387 1.79645 0
    endloop
  endfacet
  facet normal -0.481732 0.876319 0
    outer loop
      vertex 23.4645 -1.51979 0
      vertex 23.2664 -1.62869 3
      vertex 23.4645 -1.51979 3
    endloop
  endfacet
  facet normal -0.481732 0.876319 0
    outer loop
      vertex 23.2664 -1.62869 3
      vertex 23.4645 -1.51979 0
      vertex 23.2664 -1.62869 0
    endloop
  endfacet
  facet normal -0.684727 0.7288 0
    outer loop
      vertex 23.8121 -1.23218 0
      vertex 23.6474 -1.38692 3
      vertex 23.8121 -1.23218 3
    endloop
  endfacet
  facet normal -0.684727 0.7288 0
    outer loop
      vertex 23.6474 -1.38692 3
      vertex 23.8121 -1.23218 0
      vertex 23.6474 -1.38692 0
    endloop
  endfacet
  facet normal -0.982333 0.187139 0
    outer loop
      vertex 24.2435 -0.447641 0
      vertex 24.2858 -0.225599 3
      vertex 24.2858 -0.225599 0
    endloop
  endfacet
  facet normal -0.982333 0.187139 0
    outer loop
      vertex 24.2858 -0.225599 3
      vertex 24.2435 -0.447641 0
      vertex 24.2435 -0.447641 3
    endloop
  endfacet
  facet normal -0.904905 0.425613 0
    outer loop
      vertex 24.0774 -0.867156 0
      vertex 24.1736 -0.662623 3
      vertex 24.1736 -0.662623 0
    endloop
  endfacet
  facet normal -0.904905 0.425613 0
    outer loop
      vertex 24.1736 -0.662623 3
      vertex 24.0774 -0.867156 0
      vertex 24.0774 -0.867156 3
    endloop
  endfacet
  facet normal -0.770483 0.637461 0
    outer loop
      vertex 23.8121 -1.23218 0
      vertex 23.9562 -1.05801 3
      vertex 23.9562 -1.05801 0
    endloop
  endfacet
  facet normal -0.770483 0.637461 0
    outer loop
      vertex 23.9562 -1.05801 3
      vertex 23.8121 -1.23218 0
      vertex 23.8121 -1.23218 3
    endloop
  endfacet
  facet normal -0.998025 0.0628192 0
    outer loop
      vertex 24.2858 -0.225599 0
      vertex 24.3 0 3
      vertex 24.3 0 0
    endloop
  endfacet
  facet normal -0.998025 0.0628192 0
    outer loop
      vertex 24.3 0 3
      vertex 24.2858 -0.225599 0
      vertex 24.2858 -0.225599 3
    endloop
  endfacet
  facet normal 0.248756 0.968566 -0
    outer loop
      vertex 22.1627 -1.76812 0
      vertex 21.9438 -1.7119 3
      vertex 22.1627 -1.76812 3
    endloop
  endfacet
  facet normal 0.248756 0.968566 0
    outer loop
      vertex 21.9438 -1.7119 3
      vertex 22.1627 -1.76812 0
      vertex 21.9438 -1.7119 0
    endloop
  endfacet
  facet normal 0.770483 0.637461 0
    outer loop
      vertex 21.1879 -1.23218 3
      vertex 21.0438 -1.05801 0
      vertex 21.0438 -1.05801 3
    endloop
  endfacet
  facet normal 0.770483 0.637461 0
    outer loop
      vertex 21.0438 -1.05801 0
      vertex 21.1879 -1.23218 3
      vertex 21.1879 -1.23218 0
    endloop
  endfacet
  facet normal 0.950994 0.30921 0
    outer loop
      vertex 20.8264 -0.662623 3
      vertex 20.7565 -0.447641 0
      vertex 20.7565 -0.447641 3
    endloop
  endfacet
  facet normal 0.950994 0.30921 0
    outer loop
      vertex 20.7565 -0.447641 0
      vertex 20.8264 -0.662623 3
      vertex 20.8264 -0.662623 0
    endloop
  endfacet
  facet normal -0.248756 0.968566 0
    outer loop
      vertex 23.0562 -1.7119 0
      vertex 22.8373 -1.76812 3
      vertex 23.0562 -1.7119 3
    endloop
  endfacet
  facet normal -0.248756 0.968566 0
    outer loop
      vertex 22.8373 -1.76812 3
      vertex 23.0562 -1.7119 0
      vertex 22.8373 -1.76812 0
    endloop
  endfacet
  facet normal -0.587743 0.809048 0
    outer loop
      vertex 23.6474 -1.38692 0
      vertex 23.4645 -1.51979 3
      vertex 23.6474 -1.38692 3
    endloop
  endfacet
  facet normal -0.587743 0.809048 0
    outer loop
      vertex 23.4645 -1.51979 3
      vertex 23.6474 -1.38692 0
      vertex 23.4645 -1.51979 0
    endloop
  endfacet
  facet normal -0.950994 0.30921 0
    outer loop
      vertex 24.1736 -0.662623 0
      vertex 24.2435 -0.447641 3
      vertex 24.2435 -0.447641 0
    endloop
  endfacet
  facet normal -0.950994 0.30921 0
    outer loop
      vertex 24.2435 -0.447641 3
      vertex 24.1736 -0.662623 0
      vertex 24.1736 -0.662623 3
    endloop
  endfacet
  facet normal 0.125309 0.992118 -0
    outer loop
      vertex 22.387 -1.79645 0
      vertex 22.1627 -1.76812 3
      vertex 22.387 -1.79645 3
    endloop
  endfacet
  facet normal 0.125309 0.992118 0
    outer loop
      vertex 22.1627 -1.76812 3
      vertex 22.387 -1.79645 0
      vertex 22.1627 -1.76812 0
    endloop
  endfacet
  facet normal 0.368071 0.929798 -0
    outer loop
      vertex 21.9438 -1.7119 0
      vertex 21.7336 -1.62869 3
      vertex 21.9438 -1.7119 3
    endloop
  endfacet
  facet normal 0.368071 0.929798 0
    outer loop
      vertex 21.7336 -1.62869 3
      vertex 21.9438 -1.7119 0
      vertex 21.7336 -1.62869 0
    endloop
  endfacet
  facet normal 0.587743 0.809048 -0
    outer loop
      vertex 21.5355 -1.51979 0
      vertex 21.3526 -1.38692 3
      vertex 21.5355 -1.51979 3
    endloop
  endfacet
  facet normal 0.587743 0.809048 0
    outer loop
      vertex 21.3526 -1.38692 3
      vertex 21.5355 -1.51979 0
      vertex 21.3526 -1.38692 0
    endloop
  endfacet
  facet normal 0.684727 0.7288 -0
    outer loop
      vertex 21.3526 -1.38692 0
      vertex 21.1879 -1.23218 3
      vertex 21.3526 -1.38692 3
    endloop
  endfacet
  facet normal 0.684727 0.7288 0
    outer loop
      vertex 21.1879 -1.23218 3
      vertex 21.3526 -1.38692 0
      vertex 21.1879 -1.23218 0
    endloop
  endfacet
  facet normal 0.982333 0.187139 0
    outer loop
      vertex 20.7565 -0.447641 3
      vertex 20.7142 -0.225599 0
      vertex 20.7142 -0.225599 3
    endloop
  endfacet
  facet normal 0.982333 0.187139 0
    outer loop
      vertex 20.7142 -0.225599 0
      vertex 20.7565 -0.447641 3
      vertex 20.7565 -0.447641 0
    endloop
  endfacet
  facet normal 0.998025 0.0628192 0
    outer loop
      vertex 20.7142 -0.225599 3
      vertex 20.7 0 0
      vertex 20.7 0 3
    endloop
  endfacet
  facet normal 0.998025 0.0628192 0
    outer loop
      vertex 20.7 0 0
      vertex 20.7142 -0.225599 3
      vertex 20.7142 -0.225599 0
    endloop
  endfacet
  facet normal 0.481732 0.876319 -0
    outer loop
      vertex 21.7336 -1.62869 0
      vertex 21.5355 -1.51979 3
      vertex 21.7336 -1.62869 3
    endloop
  endfacet
  facet normal 0.481732 0.876319 0
    outer loop
      vertex 21.5355 -1.51979 3
      vertex 21.7336 -1.62869 0
      vertex 21.5355 -1.51979 0
    endloop
  endfacet
  facet normal 0.844167 0.53608 0
    outer loop
      vertex 21.0438 -1.05801 3
      vertex 20.9226 -0.867156 0
      vertex 20.9226 -0.867156 3
    endloop
  endfacet
  facet normal 0.844167 0.53608 0
    outer loop
      vertex 20.9226 -0.867156 0
      vertex 21.0438 -1.05801 3
      vertex 21.0438 -1.05801 0
    endloop
  endfacet
  facet normal 0.904905 0.425613 0
    outer loop
      vertex 20.9226 -0.867156 3
      vertex 20.8264 -0.662623 0
      vertex 20.8264 -0.662623 3
    endloop
  endfacet
  facet normal 0.904905 0.425613 0
    outer loop
      vertex 20.8264 -0.662623 0
      vertex 20.9226 -0.867156 3
      vertex 20.9226 -0.867156 0
    endloop
  endfacet
endsolid OpenSCAD_Model
