solid OpenSCAD_Model
  facet normal -1 0 0
    outer loop
      vertex -37 -2 0
      vertex -37 2 3
      vertex -37 2 0
    endloop
  endfacet
  facet normal -1 -0 0
    outer loop
      vertex -37 2 3
      vertex -37 -2 0
      vertex -37 -2 3
    endloop
  endfacet
  facet normal 0 0 1
    outer loop
      vertex 33.0218 1.1964 3
      vertex 37 2 3
      vertex 36.9606 2.62667 3
    endloop
  endfacet
  facet normal 0 0 1
    outer loop
      vertex 37 2 3
      vertex 33.25 0 3
      vertex 37 -2 3
    endloop
  endfacet
  facet normal 0 0 1
    outer loop
      vertex 32.848 1.5657 3
      vertex 36.9606 2.62667 3
      vertex 36.8429 3.24345 3
    endloop
  endfacet
  facet normal -0 0 1
    outer loop
      vertex 33.2244 -0.407332 3
      vertex 37 -2 3
      vertex 33.25 0 3
    endloop
  endfacet
  facet normal 0 0 1
    outer loop
      vertex 32.848 1.5657 3
      vertex 36.8429 3.24345 3
      vertex 36.6489 3.84062 3
    endloop
  endfacet
  facet normal -0 0 1
    outer loop
      vertex 33.1479 -0.808242 3
      vertex 37 -2 3
      vertex 33.2244 -0.407332 3
    endloop
  endfacet
  facet normal 0 0 1
    outer loop
      vertex 32.6293 1.9103 3
      vertex 36.6489 3.84062 3
      vertex 36.3815 4.40877 3
    endloop
  endfacet
  facet normal -0 0 1
    outer loop
      vertex 33.0218 -1.1964 3
      vertex 37 -2 3
      vertex 33.1479 -0.808242 3
    endloop
  endfacet
  facet normal 0 0 1
    outer loop
      vertex 32.6293 1.9103 3
      vertex 36.3815 4.40877 3
      vertex 36.0451 4.93893 3
    endloop
  endfacet
  facet normal 0 0 1
    outer loop
      vertex 37 -2 3
      vertex 33.0218 -1.1964 3
      vertex 36.9606 -2.62667 3
    endloop
  endfacet
  facet normal 0 0 1
    outer loop
      vertex 32.3691 2.22478 3
      vertex 36.0451 4.93893 3
      vertex 35.6448 5.42274 3
    endloop
  endfacet
  facet normal -0 0 1
    outer loop
      vertex 32.848 -1.5657 3
      vertex 36.9606 -2.62667 3
      vertex 33.0218 -1.1964 3
    endloop
  endfacet
  facet normal 0 0 1
    outer loop
      vertex 32.3691 2.22478 3
      vertex 35.6448 5.42274 3
      vertex 35.1871 5.85257 3
    endloop
  endfacet
  facet normal 0 0 1
    outer loop
      vertex 36.9606 -2.62667 3
      vertex 32.848 -1.5657 3
      vertex 36.8429 -3.24345 3
    endloop
  endfacet
  facet normal 0 0 1
    outer loop
      vertex 32.0716 2.50417 3
      vertex 35.1871 5.85257 3
      vertex 34.6791 6.22164 3
    endloop
  endfacet
  facet normal 0 0 1
    outer loop
      vertex 36.8429 -3.24345 3
      vertex 32.848 -1.5657 3
      vertex 36.6489 -3.84062 3
    endloop
  endfacet
  facet normal 0 0 1
    outer loop
      vertex 32.0716 2.50417 3
      vertex 34.6791 6.22164 3
      vertex 34.1289 6.52413 3
    endloop
  endfacet
  facet normal -0 0 1
    outer loop
      vertex 32.6293 -1.9103 3
      vertex 36.6489 -3.84062 3
      vertex 32.848 -1.5657 3
    endloop
  endfacet
  facet normal 0 0 1
    outer loop
      vertex 31.7414 2.74407 3
      vertex 34.1289 6.52413 3
      vertex 33.5451 6.75528 3
    endloop
  endfacet
  facet normal 0 0 1
    outer loop
      vertex 36.6489 -3.84062 3
      vertex 32.6293 -1.9103 3
      vertex 36.3815 -4.40877 3
    endloop
  endfacet
  facet normal 0 0 1
    outer loop
      vertex 36.3815 -4.40877 3
      vertex 32.6293 -1.9103 3
      vertex 36.0451 -4.93893 3
    endloop
  endfacet
  facet normal 0 0 1
    outer loop
      vertex 37 2 3
      vertex 33.2244 0.407332 3
      vertex 33.25 0 3
    endloop
  endfacet
  facet normal 0 0 1
    outer loop
      vertex 37 2 3
      vertex 33.1479 0.808242 3
      vertex 33.2244 0.407332 3
    endloop
  endfacet
  facet normal 0 0 1
    outer loop
      vertex 37 2 3
      vertex 33.0218 1.1964 3
      vertex 33.1479 0.808242 3
    endloop
  endfacet
  facet normal 0 0 1
    outer loop
      vertex 31.7414 2.74407 3
      vertex 33.5451 6.75528 3
      vertex 32.9369 6.91144 3
    endloop
  endfacet
  facet normal 0 0 1
    outer loop
      vertex 36.9606 2.62667 3
      vertex 32.848 1.5657 3
      vertex 33.0218 1.1964 3
    endloop
  endfacet
  facet normal 0 0 1
    outer loop
      vertex 36.6489 3.84062 3
      vertex 32.6293 1.9103 3
      vertex 32.848 1.5657 3
    endloop
  endfacet
  facet normal 0 0 1
    outer loop
      vertex 36.0451 4.93893 3
      vertex 32.3691 2.22478 3
      vertex 32.6293 1.9103 3
    endloop
  endfacet
  facet normal 0 0 1
    outer loop
      vertex 31.3838 2.94069 3
      vertex 32.9369 6.91144 3
      vertex 32.314 6.99013 3
    endloop
  endfacet
  facet normal 0 0 1
    outer loop
      vertex 35.1871 5.85257 3
      vertex 32.0716 2.50417 3
      vertex 32.3691 2.22478 3
    endloop
  endfacet
  facet normal 0 0 1
    outer loop
      vertex 34.1289 6.52413 3
      vertex 31.7414 2.74407 3
      vertex 32.0716 2.50417 3
    endloop
  endfacet
  facet normal 0 0 1
    outer loop
      vertex 32.9369 6.91144 3
      vertex 31.3838 2.94069 3
      vertex 31.7414 2.74407 3
    endloop
  endfacet
  facet normal 0 0 1
    outer loop
      vertex 32.314 6.99013 3
      vertex 31.0043 3.09093 3
      vertex 31.3838 2.94069 3
    endloop
  endfacet
  facet normal 0 0 1
    outer loop
      vertex 32.314 6.99013 3
      vertex 30.609 3.19243 3
      vertex 31.0043 3.09093 3
    endloop
  endfacet
  facet normal 0 0 1
    outer loop
      vertex 32.314 6.99013 3
      vertex 30.2041 3.24359 3
      vertex 30.609 3.19243 3
    endloop
  endfacet
  facet normal 0 0 1
    outer loop
      vertex 32.314 6.99013 3
      vertex 29.7959 3.24359 3
      vertex 30.2041 3.24359 3
    endloop
  endfacet
  facet normal 0 0 1
    outer loop
      vertex 32.314 6.99013 3
      vertex 29.391 3.19243 3
      vertex 29.7959 3.24359 3
    endloop
  endfacet
  facet normal 0 0 1
    outer loop
      vertex 32.314 6.99013 3
      vertex 28.9957 3.09093 3
      vertex 29.391 3.19243 3
    endloop
  endfacet
  facet normal 0 0 1
    outer loop
      vertex 32.314 6.99013 3
      vertex 28.6162 2.94069 3
      vertex 28.9957 3.09093 3
    endloop
  endfacet
  facet normal 0 0 1
    outer loop
      vertex 32.314 6.99013 3
      vertex 28.2586 2.74407 3
      vertex 28.6162 2.94069 3
    endloop
  endfacet
  facet normal 0 0 1
    outer loop
      vertex 22.8373 1.76812 3
      vertex 28.2586 2.74407 3
      vertex 32.314 6.99013 3
    endloop
  endfacet
  facet normal 0 -0 1
    outer loop
      vertex 23.0562 1.7119 3
      vertex 28.2586 2.74407 3
      vertex 22.8373 1.76812 3
    endloop
  endfacet
  facet normal -0 0 1
    outer loop
      vertex 24.2858 0.225599 3
      vertex 26.75 0 3
      vertex 26.7756 0.407332 3
    endloop
  endfacet
  facet normal -0 0 1
    outer loop
      vertex 24.2435 0.447641 3
      vertex 26.7756 0.407332 3
      vertex 26.8521 0.808242 3
    endloop
  endfacet
  facet normal -0 0 1
    outer loop
      vertex 24.0774 0.867156 3
      vertex 26.8521 0.808242 3
      vertex 26.9782 1.1964 3
    endloop
  endfacet
  facet normal 0 0 1
    outer loop
      vertex 23.9562 1.05801 3
      vertex 26.9782 1.1964 3
      vertex 27.152 1.5657 3
    endloop
  endfacet
  facet normal 0 0 1
    outer loop
      vertex 23.8121 1.23218 3
      vertex 27.152 1.5657 3
      vertex 27.3707 1.9103 3
    endloop
  endfacet
  facet normal 0 0 1
    outer loop
      vertex 23.4645 1.51979 3
      vertex 27.3707 1.9103 3
      vertex 27.6309 2.22478 3
    endloop
  endfacet
  facet normal 0 0 1
    outer loop
      vertex 28.2586 2.74407 3
      vertex 23.0562 1.7119 3
      vertex 27.9284 2.50417 3
    endloop
  endfacet
  facet normal 0 0 1
    outer loop
      vertex 26.75 0 3
      vertex 24.2858 0.225599 3
      vertex 24.3 0 3
    endloop
  endfacet
  facet normal 0 0 1
    outer loop
      vertex 26.7756 0.407332 3
      vertex 24.2435 0.447641 3
      vertex 24.2858 0.225599 3
    endloop
  endfacet
  facet normal 0 0 1
    outer loop
      vertex 26.8521 0.808242 3
      vertex 24.1736 0.662623 3
      vertex 24.2435 0.447641 3
    endloop
  endfacet
  facet normal 0 0 1
    outer loop
      vertex 26.8521 0.808242 3
      vertex 24.0774 0.867156 3
      vertex 24.1736 0.662623 3
    endloop
  endfacet
  facet normal 0 0 1
    outer loop
      vertex 26.9782 1.1964 3
      vertex 23.9562 1.05801 3
      vertex 24.0774 0.867156 3
    endloop
  endfacet
  facet normal 0 0 1
    outer loop
      vertex 27.152 1.5657 3
      vertex 23.8121 1.23218 3
      vertex 23.9562 1.05801 3
    endloop
  endfacet
  facet normal 0 0 1
    outer loop
      vertex 27.3707 1.9103 3
      vertex 23.6474 1.38692 3
      vertex 23.8121 1.23218 3
    endloop
  endfacet
  facet normal 0 0 1
    outer loop
      vertex 27.3707 1.9103 3
      vertex 23.4645 1.51979 3
      vertex 23.6474 1.38692 3
    endloop
  endfacet
  facet normal 0 0 1
    outer loop
      vertex 27.6309 2.22478 3
      vertex 23.2664 1.62869 3
      vertex 23.4645 1.51979 3
    endloop
  endfacet
  facet normal 0 0 1
    outer loop
      vertex 27.9284 2.50417 3
      vertex 23.2664 1.62869 3
      vertex 27.6309 2.22478 3
    endloop
  endfacet
  facet normal 0 -0 1
    outer loop
      vertex 23.2664 1.62869 3
      vertex 27.9284 2.50417 3
      vertex 23.0562 1.7119 3
    endloop
  endfacet
  facet normal 0 0 1
    outer loop
      vertex 32.314 6.99013 3
      vertex 22.613 1.79645 3
      vertex 22.8373 1.76812 3
    endloop
  endfacet
  facet normal 0 0 1
    outer loop
      vertex 32.314 6.99013 3
      vertex 22.387 1.79645 3
      vertex 22.613 1.79645 3
    endloop
  endfacet
  facet normal -0 0 1
    outer loop
      vertex 16.3838 2.94069 3
      vertex 22.387 1.79645 3
      vertex 32.314 6.99013 3
    endloop
  endfacet
  facet normal 0 0 1
    outer loop
      vertex 22.387 1.79645 3
      vertex 16.3838 2.94069 3
      vertex 22.1627 1.76812 3
    endloop
  endfacet
  facet normal -0 -0 1
    outer loop
      vertex 16.7414 2.74407 3
      vertex 22.1627 1.76812 3
      vertex 16.3838 2.94069 3
    endloop
  endfacet
  facet normal 0 0 1
    outer loop
      vertex 20.7142 0.225599 3
      vertex 18.25 0 3
      vertex 20.7 0 3
    endloop
  endfacet
  facet normal -0 0 1
    outer loop
      vertex 18.2244 0.407332 3
      vertex 20.7142 0.225599 3
      vertex 20.7565 0.447641 3
    endloop
  endfacet
  facet normal 0 0 1
    outer loop
      vertex 18.1479 0.808242 3
      vertex 20.7565 0.447641 3
      vertex 20.8264 0.662623 3
    endloop
  endfacet
  facet normal -0 0 1
    outer loop
      vertex 18.1479 0.808242 3
      vertex 20.8264 0.662623 3
      vertex 20.9226 0.867156 3
    endloop
  endfacet
  facet normal 0 0 1
    outer loop
      vertex 18.0218 1.1964 3
      vertex 20.9226 0.867156 3
      vertex 21.0438 1.05801 3
    endloop
  endfacet
  facet normal 0 0 1
    outer loop
      vertex 17.848 1.5657 3
      vertex 21.0438 1.05801 3
      vertex 21.1879 1.23218 3
    endloop
  endfacet
  facet normal 0 0 1
    outer loop
      vertex 17.6293 1.9103 3
      vertex 21.1879 1.23218 3
      vertex 21.3526 1.38692 3
    endloop
  endfacet
  facet normal 0 0 1
    outer loop
      vertex 17.6293 1.9103 3
      vertex 21.3526 1.38692 3
      vertex 21.5355 1.51979 3
    endloop
  endfacet
  facet normal 0 0 1
    outer loop
      vertex 17.3691 2.22478 3
      vertex 21.5355 1.51979 3
      vertex 21.7336 1.62869 3
    endloop
  endfacet
  facet normal 0 0 1
    outer loop
      vertex 22.1627 1.76812 3
      vertex 16.7414 2.74407 3
      vertex 21.9438 1.7119 3
    endloop
  endfacet
  facet normal 0 0 1
    outer loop
      vertex 20.7142 0.225599 3
      vertex 18.2244 0.407332 3
      vertex 18.25 0 3
    endloop
  endfacet
  facet normal 0 0 1
    outer loop
      vertex 20.7565 0.447641 3
      vertex 18.1479 0.808242 3
      vertex 18.2244 0.407332 3
    endloop
  endfacet
  facet normal 0 0 1
    outer loop
      vertex 20.9226 0.867156 3
      vertex 18.0218 1.1964 3
      vertex 18.1479 0.808242 3
    endloop
  endfacet
  facet normal 0 0 1
    outer loop
      vertex 21.0438 1.05801 3
      vertex 17.848 1.5657 3
      vertex 18.0218 1.1964 3
    endloop
  endfacet
  facet normal 0 0 1
    outer loop
      vertex 21.1879 1.23218 3
      vertex 17.6293 1.9103 3
      vertex 17.848 1.5657 3
    endloop
  endfacet
  facet normal 0 0 1
    outer loop
      vertex 21.5355 1.51979 3
      vertex 17.3691 2.22478 3
      vertex 17.6293 1.9103 3
    endloop
  endfacet
  facet normal 0 0 1
    outer loop
      vertex 21.7336 1.62869 3
      vertex 17.0716 2.50417 3
      vertex 17.3691 2.22478 3
    endloop
  endfacet
  facet normal 0 0 1
    outer loop
      vertex 21.9438 1.7119 3
      vertex 17.0716 2.50417 3
      vertex 21.7336 1.62869 3
    endloop
  endfacet
  facet normal -0 -0 1
    outer loop
      vertex 17.0716 2.50417 3
      vertex 21.9438 1.7119 3
      vertex 16.7414 2.74407 3
    endloop
  endfacet
  facet normal 0 0 1
    outer loop
      vertex 32.314 6.99013 3
      vertex 16.0043 3.09093 3
      vertex 16.3838 2.94069 3
    endloop
  endfacet
  facet normal 0 0 1
    outer loop
      vertex 32.314 6.99013 3
      vertex 15.609 3.19243 3
      vertex 16.0043 3.09093 3
    endloop
  endfacet
  facet normal 0 0 1
    outer loop
      vertex 32.314 6.99013 3
      vertex 15.2041 3.24359 3
      vertex 15.609 3.19243 3
    endloop
  endfacet
  facet normal 0 0 1
    outer loop
      vertex 32.314 6.99013 3
      vertex 14.7959 3.24359 3
      vertex 15.2041 3.24359 3
    endloop
  endfacet
  facet normal 0 0 1
    outer loop
      vertex 0.204069 3.24359 3
      vertex 14.7959 3.24359 3
      vertex 32.314 6.99013 3
    endloop
  endfacet
  facet normal -0 0 1
    outer loop
      vertex 9.28581 0.225599 3
      vertex 11.75 0 3
      vertex 11.7756 0.407332 3
    endloop
  endfacet
  facet normal -0 0 1
    outer loop
      vertex 9.24345 0.447641 3
      vertex 11.7756 0.407332 3
      vertex 11.8521 0.808242 3
    endloop
  endfacet
  facet normal -0 0 1
    outer loop
      vertex 9.07735 0.867156 3
      vertex 11.8521 0.808242 3
      vertex 11.9782 1.1964 3
    endloop
  endfacet
  facet normal 0 0 1
    outer loop
      vertex 8.95623 1.05801 3
      vertex 11.9782 1.1964 3
      vertex 12.152 1.5657 3
    endloop
  endfacet
  facet normal 0 0 1
    outer loop
      vertex 8.81214 1.23218 3
      vertex 12.152 1.5657 3
      vertex 12.3707 1.9103 3
    endloop
  endfacet
  facet normal 0 0 1
    outer loop
      vertex 8.46449 1.51979 3
      vertex 12.3707 1.9103 3
      vertex 12.6309 2.22478 3
    endloop
  endfacet
  facet normal 0 0 1
    outer loop
      vertex 8.2664 1.62869 3
      vertex 12.6309 2.22478 3
      vertex 12.9284 2.50417 3
    endloop
  endfacet
  facet normal 0 0 1
    outer loop
      vertex 8.05623 1.7119 3
      vertex 12.9284 2.50417 3
      vertex 13.2586 2.74407 3
    endloop
  endfacet
  facet normal 0 0 1
    outer loop
      vertex 11.75 0 3
      vertex 9.28581 0.225599 3
      vertex 9.3 0 3
    endloop
  endfacet
  facet normal 0 0 1
    outer loop
      vertex 11.7756 0.407332 3
      vertex 9.24345 0.447641 3
      vertex 9.28581 0.225599 3
    endloop
  endfacet
  facet normal 0 0 1
    outer loop
      vertex 11.8521 0.808242 3
      vertex 9.1736 0.662623 3
      vertex 9.24345 0.447641 3
    endloop
  endfacet
  facet normal 0 0 1
    outer loop
      vertex 7.83729 1.76812 3
      vertex 13.2586 2.74407 3
      vertex 13.6162 2.94069 3
    endloop
  endfacet
  facet normal 0 0 1
    outer loop
      vertex 11.8521 0.808242 3
      vertex 9.07735 0.867156 3
      vertex 9.1736 0.662623 3
    endloop
  endfacet
  facet normal 0 0 1
    outer loop
      vertex 11.9782 1.1964 3
      vertex 8.95623 1.05801 3
      vertex 9.07735 0.867156 3
    endloop
  endfacet
  facet normal 0 0 1
    outer loop
      vertex 12.152 1.5657 3
      vertex 8.81214 1.23218 3
      vertex 8.95623 1.05801 3
    endloop
  endfacet
  facet normal 0 0 1
    outer loop
      vertex 7.61302 1.79645 3
      vertex 13.6162 2.94069 3
      vertex 13.9957 3.09093 3
    endloop
  endfacet
  facet normal 0 0 1
    outer loop
      vertex 12.3707 1.9103 3
      vertex 8.64736 1.38692 3
      vertex 8.81214 1.23218 3
    endloop
  endfacet
  facet normal 0 0 1
    outer loop
      vertex 12.3707 1.9103 3
      vertex 8.46449 1.51979 3
      vertex 8.64736 1.38692 3
    endloop
  endfacet
  facet normal 0 0 1
    outer loop
      vertex 12.6309 2.22478 3
      vertex 8.2664 1.62869 3
      vertex 8.46449 1.51979 3
    endloop
  endfacet
  facet normal 0 0 1
    outer loop
      vertex 1.0043 3.09093 3
      vertex 13.9957 3.09093 3
      vertex 14.391 3.19243 3
    endloop
  endfacet
  facet normal 0 0 1
    outer loop
      vertex 12.9284 2.50417 3
      vertex 8.05623 1.7119 3
      vertex 8.2664 1.62869 3
    endloop
  endfacet
  facet normal 0 0 1
    outer loop
      vertex 13.2586 2.74407 3
      vertex 7.83729 1.76812 3
      vertex 8.05623 1.7119 3
    endloop
  endfacet
  facet normal 0 0 1
    outer loop
      vertex 13.6162 2.94069 3
      vertex 7.61302 1.79645 3
      vertex 7.83729 1.76812 3
    endloop
  endfacet
  facet normal 0 0 1
    outer loop
      vertex 14.7959 3.24359 3
      vertex 0.204069 3.24359 3
      vertex 14.391 3.19243 3
    endloop
  endfacet
  facet normal 0 0 1
    outer loop
      vertex 13.9957 3.09093 3
      vertex 1.0043 3.09093 3
      vertex 7.61302 1.79645 3
    endloop
  endfacet
  facet normal 0 0 1
    outer loop
      vertex 7.61302 1.79645 3
      vertex 1.0043 3.09093 3
      vertex 7.38698 1.79645 3
    endloop
  endfacet
  facet normal 0 0 1
    outer loop
      vertex 5.71419 0.225599 3
      vertex 3.25 0 3
      vertex 5.7 0 3
    endloop
  endfacet
  facet normal -0 0 1
    outer loop
      vertex 3.22437 0.407332 3
      vertex 5.71419 0.225599 3
      vertex 5.75655 0.447641 3
    endloop
  endfacet
  facet normal 0 0 1
    outer loop
      vertex 3.14789 0.808242 3
      vertex 5.75655 0.447641 3
      vertex 5.8264 0.662623 3
    endloop
  endfacet
  facet normal -0 0 1
    outer loop
      vertex 3.14789 0.808242 3
      vertex 5.8264 0.662623 3
      vertex 5.92265 0.867156 3
    endloop
  endfacet
  facet normal 0 0 1
    outer loop
      vertex 3.02177 1.1964 3
      vertex 5.92265 0.867156 3
      vertex 6.04377 1.05801 3
    endloop
  endfacet
  facet normal 0 0 1
    outer loop
      vertex 2.848 1.5657 3
      vertex 6.04377 1.05801 3
      vertex 6.18786 1.23218 3
    endloop
  endfacet
  facet normal 0 0 1
    outer loop
      vertex 2.6293 1.9103 3
      vertex 6.18786 1.23218 3
      vertex 6.35264 1.38692 3
    endloop
  endfacet
  facet normal 0 0 1
    outer loop
      vertex 2.6293 1.9103 3
      vertex 6.35264 1.38692 3
      vertex 6.53551 1.51979 3
    endloop
  endfacet
  facet normal 0 0 1
    outer loop
      vertex 2.36915 2.22478 3
      vertex 6.53551 1.51979 3
      vertex 6.7336 1.62869 3
    endloop
  endfacet
  facet normal 0 0 1
    outer loop
      vertex 5.71419 0.225599 3
      vertex 3.22437 0.407332 3
      vertex 3.25 0 3
    endloop
  endfacet
  facet normal 0 0 1
    outer loop
      vertex 2.07163 2.50417 3
      vertex 6.7336 1.62869 3
      vertex 6.94377 1.7119 3
    endloop
  endfacet
  facet normal 0 0 1
    outer loop
      vertex 5.75655 0.447641 3
      vertex 3.14789 0.808242 3
      vertex 3.22437 0.407332 3
    endloop
  endfacet
  facet normal 0 0 1
    outer loop
      vertex 1.74144 2.74407 3
      vertex 6.94377 1.7119 3
      vertex 7.16271 1.76812 3
    endloop
  endfacet
  facet normal 0 0 1
    outer loop
      vertex 5.92265 0.867156 3
      vertex 3.02177 1.1964 3
      vertex 3.14789 0.808242 3
    endloop
  endfacet
  facet normal -0 -0 1
    outer loop
      vertex 1.38378 2.94069 3
      vertex 7.38698 1.79645 3
      vertex 1.0043 3.09093 3
    endloop
  endfacet
  facet normal 0 0 1
    outer loop
      vertex 6.04377 1.05801 3
      vertex 2.848 1.5657 3
      vertex 3.02177 1.1964 3
    endloop
  endfacet
  facet normal 0 0 1
    outer loop
      vertex 6.18786 1.23218 3
      vertex 2.6293 1.9103 3
      vertex 2.848 1.5657 3
    endloop
  endfacet
  facet normal 0 0 1
    outer loop
      vertex 6.53551 1.51979 3
      vertex 2.36915 2.22478 3
      vertex 2.6293 1.9103 3
    endloop
  endfacet
  facet normal 0 0 1
    outer loop
      vertex 6.7336 1.62869 3
      vertex 2.07163 2.50417 3
      vertex 2.36915 2.22478 3
    endloop
  endfacet
  facet normal 0 0 1
    outer loop
      vertex 6.94377 1.7119 3
      vertex 1.74144 2.74407 3
      vertex 2.07163 2.50417 3
    endloop
  endfacet
  facet normal 0 0 1
    outer loop
      vertex 7.16271 1.76812 3
      vertex 1.38378 2.94069 3
      vertex 1.74144 2.74407 3
    endloop
  endfacet
  facet normal 0 0 1
    outer loop
      vertex 7.38698 1.79645 3
      vertex 1.38378 2.94069 3
      vertex 7.16271 1.76812 3
    endloop
  endfacet
  facet normal 0 0 1
    outer loop
      vertex 14.391 3.19243 3
      vertex 0.608989 3.19243 3
      vertex 1.0043 3.09093 3
    endloop
  endfacet
  facet normal 0 0 1
    outer loop
      vertex 14.391 3.19243 3
      vertex 0.204069 3.24359 3
      vertex 0.608989 3.19243 3
    endloop
  endfacet
  facet normal 0 0 1
    outer loop
      vertex 32.314 6.99013 3
      vertex -0.204069 3.24359 3
      vertex 0.204069 3.24359 3
    endloop
  endfacet
  facet normal -0 0 1
    outer loop
      vertex -5.71419 0.225599 3
      vertex -3.25 0 3
      vertex -3.22437 0.407332 3
    endloop
  endfacet
  facet normal -0 0 1
    outer loop
      vertex -5.75655 0.447641 3
      vertex -3.22437 0.407332 3
      vertex -3.14789 0.808242 3
    endloop
  endfacet
  facet normal -0 0 1
    outer loop
      vertex -5.92265 0.867156 3
      vertex -3.14789 0.808242 3
      vertex -3.02177 1.1964 3
    endloop
  endfacet
  facet normal 0 0 1
    outer loop
      vertex -6.04377 1.05801 3
      vertex -3.02177 1.1964 3
      vertex -2.848 1.5657 3
    endloop
  endfacet
  facet normal 0 0 1
    outer loop
      vertex -6.18786 1.23218 3
      vertex -2.848 1.5657 3
      vertex -2.6293 1.9103 3
    endloop
  endfacet
  facet normal 0 0 1
    outer loop
      vertex -6.53551 1.51979 3
      vertex -2.6293 1.9103 3
      vertex -2.36915 2.22478 3
    endloop
  endfacet
  facet normal 0 0 1
    outer loop
      vertex -6.7336 1.62869 3
      vertex -2.36915 2.22478 3
      vertex -2.07163 2.50417 3
    endloop
  endfacet
  facet normal 0 0 1
    outer loop
      vertex -6.94377 1.7119 3
      vertex -2.07163 2.50417 3
      vertex -1.74144 2.74407 3
    endloop
  endfacet
  facet normal 0 0 1
    outer loop
      vertex -3.25 0 3
      vertex -5.71419 0.225599 3
      vertex -5.7 0 3
    endloop
  endfacet
  facet normal 0 0 1
    outer loop
      vertex -3.22437 0.407332 3
      vertex -5.75655 0.447641 3
      vertex -5.71419 0.225599 3
    endloop
  endfacet
  facet normal 0 0 1
    outer loop
      vertex -3.14789 0.808242 3
      vertex -5.8264 0.662623 3
      vertex -5.75655 0.447641 3
    endloop
  endfacet
  facet normal 0 0 1
    outer loop
      vertex -7.16271 1.76812 3
      vertex -1.74144 2.74407 3
      vertex -1.38378 2.94069 3
    endloop
  endfacet
  facet normal 0 0 1
    outer loop
      vertex -3.14789 0.808242 3
      vertex -5.92265 0.867156 3
      vertex -5.8264 0.662623 3
    endloop
  endfacet
  facet normal 0 0 1
    outer loop
      vertex -3.02177 1.1964 3
      vertex -6.04377 1.05801 3
      vertex -5.92265 0.867156 3
    endloop
  endfacet
  facet normal 0 0 1
    outer loop
      vertex -2.848 1.5657 3
      vertex -6.18786 1.23218 3
      vertex -6.04377 1.05801 3
    endloop
  endfacet
  facet normal 0 0 1
    outer loop
      vertex -7.38698 1.79645 3
      vertex -1.38378 2.94069 3
      vertex -1.0043 3.09093 3
    endloop
  endfacet
  facet normal 0 0 1
    outer loop
      vertex -2.6293 1.9103 3
      vertex -6.35264 1.38692 3
      vertex -6.18786 1.23218 3
    endloop
  endfacet
  facet normal 0 0 1
    outer loop
      vertex -2.6293 1.9103 3
      vertex -6.53551 1.51979 3
      vertex -6.35264 1.38692 3
    endloop
  endfacet
  facet normal 0 0 1
    outer loop
      vertex -2.36915 2.22478 3
      vertex -6.7336 1.62869 3
      vertex -6.53551 1.51979 3
    endloop
  endfacet
  facet normal 0 0 1
    outer loop
      vertex -13.9957 3.09093 3
      vertex -1.0043 3.09093 3
      vertex -0.608989 3.19243 3
    endloop
  endfacet
  facet normal 0 0 1
    outer loop
      vertex -2.07163 2.50417 3
      vertex -6.94377 1.7119 3
      vertex -6.7336 1.62869 3
    endloop
  endfacet
  facet normal 0 0 1
    outer loop
      vertex -1.74144 2.74407 3
      vertex -7.16271 1.76812 3
      vertex -6.94377 1.7119 3
    endloop
  endfacet
  facet normal 0 0 1
    outer loop
      vertex -1.38378 2.94069 3
      vertex -7.38698 1.79645 3
      vertex -7.16271 1.76812 3
    endloop
  endfacet
  facet normal 0 0 1
    outer loop
      vertex -1.0043 3.09093 3
      vertex -7.61302 1.79645 3
      vertex -7.38698 1.79645 3
    endloop
  endfacet
  facet normal 0 0 1
    outer loop
      vertex -1.0043 3.09093 3
      vertex -13.6162 2.94069 3
      vertex -7.61302 1.79645 3
    endloop
  endfacet
  facet normal 0 0 1
    outer loop
      vertex -9.28581 0.225599 3
      vertex -11.75 0 3
      vertex -9.3 0 3
    endloop
  endfacet
  facet normal -0 0 1
    outer loop
      vertex -11.7756 0.407332 3
      vertex -9.28581 0.225599 3
      vertex -9.24345 0.447641 3
    endloop
  endfacet
  facet normal 0 0 1
    outer loop
      vertex -11.8521 0.808242 3
      vertex -9.24345 0.447641 3
      vertex -9.1736 0.662623 3
    endloop
  endfacet
  facet normal -0 0 1
    outer loop
      vertex -11.8521 0.808242 3
      vertex -9.1736 0.662623 3
      vertex -9.07735 0.867156 3
    endloop
  endfacet
  facet normal 0 0 1
    outer loop
      vertex -11.9782 1.1964 3
      vertex -9.07735 0.867156 3
      vertex -8.95623 1.05801 3
    endloop
  endfacet
  facet normal 0 0 1
    outer loop
      vertex -12.152 1.5657 3
      vertex -8.95623 1.05801 3
      vertex -8.81214 1.23218 3
    endloop
  endfacet
  facet normal 0 0 1
    outer loop
      vertex -12.3707 1.9103 3
      vertex -8.81214 1.23218 3
      vertex -8.64736 1.38692 3
    endloop
  endfacet
  facet normal 0 0 1
    outer loop
      vertex -12.3707 1.9103 3
      vertex -8.64736 1.38692 3
      vertex -8.46449 1.51979 3
    endloop
  endfacet
  facet normal 0 0 1
    outer loop
      vertex -12.6309 2.22478 3
      vertex -8.46449 1.51979 3
      vertex -8.2664 1.62869 3
    endloop
  endfacet
  facet normal 0 0 1
    outer loop
      vertex -9.28581 0.225599 3
      vertex -11.7756 0.407332 3
      vertex -11.75 0 3
    endloop
  endfacet
  facet normal 0 0 1
    outer loop
      vertex -12.9284 2.50417 3
      vertex -8.2664 1.62869 3
      vertex -8.05623 1.7119 3
    endloop
  endfacet
  facet normal 0 0 1
    outer loop
      vertex -9.24345 0.447641 3
      vertex -11.8521 0.808242 3
      vertex -11.7756 0.407332 3
    endloop
  endfacet
  facet normal 0 0 1
    outer loop
      vertex -13.2586 2.74407 3
      vertex -8.05623 1.7119 3
      vertex -7.83729 1.76812 3
    endloop
  endfacet
  facet normal 0 0 1
    outer loop
      vertex -9.07735 0.867156 3
      vertex -11.9782 1.1964 3
      vertex -11.8521 0.808242 3
    endloop
  endfacet
  facet normal 0 0 1
    outer loop
      vertex -7.61302 1.79645 3
      vertex -13.6162 2.94069 3
      vertex -7.83729 1.76812 3
    endloop
  endfacet
  facet normal 0 0 1
    outer loop
      vertex -8.95623 1.05801 3
      vertex -12.152 1.5657 3
      vertex -11.9782 1.1964 3
    endloop
  endfacet
  facet normal 0 0 1
    outer loop
      vertex -8.81214 1.23218 3
      vertex -12.3707 1.9103 3
      vertex -12.152 1.5657 3
    endloop
  endfacet
  facet normal 0 0 1
    outer loop
      vertex -14.391 3.19243 3
      vertex -0.608989 3.19243 3
      vertex -0.204069 3.24359 3
    endloop
  endfacet
  facet normal -0 0 1
    outer loop
      vertex -32.314 6.99013 3
      vertex -0.204069 3.24359 3
      vertex 32.314 6.99013 3
    endloop
  endfacet
  facet normal 0 0 1
    outer loop
      vertex -8.46449 1.51979 3
      vertex -12.6309 2.22478 3
      vertex -12.3707 1.9103 3
    endloop
  endfacet
  facet normal 0 0 1
    outer loop
      vertex -8.2664 1.62869 3
      vertex -12.9284 2.50417 3
      vertex -12.6309 2.22478 3
    endloop
  endfacet
  facet normal 0 0 1
    outer loop
      vertex -8.05623 1.7119 3
      vertex -13.2586 2.74407 3
      vertex -12.9284 2.50417 3
    endloop
  endfacet
  facet normal 0 0 1
    outer loop
      vertex -7.83729 1.76812 3
      vertex -13.6162 2.94069 3
      vertex -13.2586 2.74407 3
    endloop
  endfacet
  facet normal 0 0 1
    outer loop
      vertex -1.0043 3.09093 3
      vertex -13.9957 3.09093 3
      vertex -13.6162 2.94069 3
    endloop
  endfacet
  facet normal 0 0 1
    outer loop
      vertex -0.608989 3.19243 3
      vertex -14.391 3.19243 3
      vertex -13.9957 3.09093 3
    endloop
  endfacet
  facet normal 0 0 1
    outer loop
      vertex -0.204069 3.24359 3
      vertex -14.7959 3.24359 3
      vertex -14.391 3.19243 3
    endloop
  endfacet
  facet normal 0 0 1
    outer loop
      vertex -0.204069 3.24359 3
      vertex -32.314 6.99013 3
      vertex -14.7959 3.24359 3
    endloop
  endfacet
  facet normal -0 0 1
    outer loop
      vertex -20.7142 0.225599 3
      vertex -18.25 0 3
      vertex -18.2244 0.407332 3
    endloop
  endfacet
  facet normal -0 0 1
    outer loop
      vertex -20.7565 0.447641 3
      vertex -18.2244 0.407332 3
      vertex -18.1479 0.808242 3
    endloop
  endfacet
  facet normal -0 0 1
    outer loop
      vertex -20.9226 0.867156 3
      vertex -18.1479 0.808242 3
      vertex -18.0218 1.1964 3
    endloop
  endfacet
  facet normal 0 0 1
    outer loop
      vertex -21.0438 1.05801 3
      vertex -18.0218 1.1964 3
      vertex -17.848 1.5657 3
    endloop
  endfacet
  facet normal 0 0 1
    outer loop
      vertex -21.1879 1.23218 3
      vertex -17.848 1.5657 3
      vertex -17.6293 1.9103 3
    endloop
  endfacet
  facet normal 0 0 1
    outer loop
      vertex -21.5355 1.51979 3
      vertex -17.6293 1.9103 3
      vertex -17.3691 2.22478 3
    endloop
  endfacet
  facet normal 0 0 1
    outer loop
      vertex -21.7336 1.62869 3
      vertex -17.3691 2.22478 3
      vertex -17.0716 2.50417 3
    endloop
  endfacet
  facet normal 0 0 1
    outer loop
      vertex -21.9438 1.7119 3
      vertex -17.0716 2.50417 3
      vertex -16.7414 2.74407 3
    endloop
  endfacet
  facet normal 0 0 1
    outer loop
      vertex -18.25 0 3
      vertex -20.7142 0.225599 3
      vertex -20.7 0 3
    endloop
  endfacet
  facet normal 0 0 1
    outer loop
      vertex -18.2244 0.407332 3
      vertex -20.7565 0.447641 3
      vertex -20.7142 0.225599 3
    endloop
  endfacet
  facet normal 0 0 1
    outer loop
      vertex -18.1479 0.808242 3
      vertex -20.8264 0.662623 3
      vertex -20.7565 0.447641 3
    endloop
  endfacet
  facet normal 0 0 1
    outer loop
      vertex -22.1627 1.76812 3
      vertex -16.7414 2.74407 3
      vertex -16.3838 2.94069 3
    endloop
  endfacet
  facet normal 0 0 1
    outer loop
      vertex -18.1479 0.808242 3
      vertex -20.9226 0.867156 3
      vertex -20.8264 0.662623 3
    endloop
  endfacet
  facet normal 0 0 1
    outer loop
      vertex -18.0218 1.1964 3
      vertex -21.0438 1.05801 3
      vertex -20.9226 0.867156 3
    endloop
  endfacet
  facet normal 0 0 1
    outer loop
      vertex -17.848 1.5657 3
      vertex -21.1879 1.23218 3
      vertex -21.0438 1.05801 3
    endloop
  endfacet
  facet normal 0 0 1
    outer loop
      vertex -32.314 6.99013 3
      vertex -16.3838 2.94069 3
      vertex -16.0043 3.09093 3
    endloop
  endfacet
  facet normal 0 0 1
    outer loop
      vertex -17.6293 1.9103 3
      vertex -21.3526 1.38692 3
      vertex -21.1879 1.23218 3
    endloop
  endfacet
  facet normal 0 0 1
    outer loop
      vertex -17.6293 1.9103 3
      vertex -21.5355 1.51979 3
      vertex -21.3526 1.38692 3
    endloop
  endfacet
  facet normal 0 0 1
    outer loop
      vertex -17.3691 2.22478 3
      vertex -21.7336 1.62869 3
      vertex -21.5355 1.51979 3
    endloop
  endfacet
  facet normal 0 0 1
    outer loop
      vertex -32.314 6.99013 3
      vertex -16.0043 3.09093 3
      vertex -15.609 3.19243 3
    endloop
  endfacet
  facet normal 0 0 1
    outer loop
      vertex -17.0716 2.50417 3
      vertex -21.9438 1.7119 3
      vertex -21.7336 1.62869 3
    endloop
  endfacet
  facet normal 0 0 1
    outer loop
      vertex -16.7414 2.74407 3
      vertex -22.1627 1.76812 3
      vertex -21.9438 1.7119 3
    endloop
  endfacet
  facet normal 0 0 1
    outer loop
      vertex -16.3838 2.94069 3
      vertex -22.387 1.79645 3
      vertex -22.1627 1.76812 3
    endloop
  endfacet
  facet normal 0 0 1
    outer loop
      vertex -16.3838 2.94069 3
      vertex -32.314 6.99013 3
      vertex -22.387 1.79645 3
    endloop
  endfacet
  facet normal 0 0 1
    outer loop
      vertex -22.387 1.79645 3
      vertex -32.314 6.99013 3
      vertex -22.613 1.79645 3
    endloop
  endfacet
  facet normal 0 0 1
    outer loop
      vertex -24.2858 0.225599 3
      vertex -26.75 0 3
      vertex -24.3 0 3
    endloop
  endfacet
  facet normal -0 0 1
    outer loop
      vertex -26.7756 0.407332 3
      vertex -24.2858 0.225599 3
      vertex -24.2435 0.447641 3
    endloop
  endfacet
  facet normal 0 0 1
    outer loop
      vertex -26.8521 0.808242 3
      vertex -24.2435 0.447641 3
      vertex -24.1736 0.662623 3
    endloop
  endfacet
  facet normal -0 0 1
    outer loop
      vertex -26.8521 0.808242 3
      vertex -24.1736 0.662623 3
      vertex -24.0774 0.867156 3
    endloop
  endfacet
  facet normal 0 0 1
    outer loop
      vertex -26.9782 1.1964 3
      vertex -24.0774 0.867156 3
      vertex -23.9562 1.05801 3
    endloop
  endfacet
  facet normal 0 0 1
    outer loop
      vertex -27.152 1.5657 3
      vertex -23.9562 1.05801 3
      vertex -23.8121 1.23218 3
    endloop
  endfacet
  facet normal 0 0 1
    outer loop
      vertex -27.3707 1.9103 3
      vertex -23.8121 1.23218 3
      vertex -23.6474 1.38692 3
    endloop
  endfacet
  facet normal 0 0 1
    outer loop
      vertex -27.3707 1.9103 3
      vertex -23.6474 1.38692 3
      vertex -23.4645 1.51979 3
    endloop
  endfacet
  facet normal 0 0 1
    outer loop
      vertex -27.6309 2.22478 3
      vertex -23.4645 1.51979 3
      vertex -23.2664 1.62869 3
    endloop
  endfacet
  facet normal 0 0 1
    outer loop
      vertex -24.2858 0.225599 3
      vertex -26.7756 0.407332 3
      vertex -26.75 0 3
    endloop
  endfacet
  facet normal 0 0 1
    outer loop
      vertex -27.9284 2.50417 3
      vertex -23.2664 1.62869 3
      vertex -23.0562 1.7119 3
    endloop
  endfacet
  facet normal 0 0 1
    outer loop
      vertex -24.2435 0.447641 3
      vertex -26.8521 0.808242 3
      vertex -26.7756 0.407332 3
    endloop
  endfacet
  facet normal 0 0 1
    outer loop
      vertex -28.2586 2.74407 3
      vertex -23.0562 1.7119 3
      vertex -22.8373 1.76812 3
    endloop
  endfacet
  facet normal 0 0 1
    outer loop
      vertex -24.0774 0.867156 3
      vertex -26.9782 1.1964 3
      vertex -26.8521 0.808242 3
    endloop
  endfacet
  facet normal 0 0 1
    outer loop
      vertex -22.613 1.79645 3
      vertex -32.314 6.99013 3
      vertex -22.8373 1.76812 3
    endloop
  endfacet
  facet normal 0 0 1
    outer loop
      vertex -23.9562 1.05801 3
      vertex -27.152 1.5657 3
      vertex -26.9782 1.1964 3
    endloop
  endfacet
  facet normal 0 0 1
    outer loop
      vertex -23.8121 1.23218 3
      vertex -27.3707 1.9103 3
      vertex -27.152 1.5657 3
    endloop
  endfacet
  facet normal 0 0 1
    outer loop
      vertex -32.314 6.99013 3
      vertex -15.609 3.19243 3
      vertex -15.2041 3.24359 3
    endloop
  endfacet
  facet normal 0 0 1
    outer loop
      vertex -23.4645 1.51979 3
      vertex -27.6309 2.22478 3
      vertex -27.3707 1.9103 3
    endloop
  endfacet
  facet normal 0 0 1
    outer loop
      vertex -23.2664 1.62869 3
      vertex -27.9284 2.50417 3
      vertex -27.6309 2.22478 3
    endloop
  endfacet
  facet normal 0 0 1
    outer loop
      vertex -14.7959 3.24359 3
      vertex -32.314 6.99013 3
      vertex -15.2041 3.24359 3
    endloop
  endfacet
  facet normal 0 0 1
    outer loop
      vertex -22.8373 1.76812 3
      vertex -32.314 6.99013 3
      vertex -28.2586 2.74407 3
    endloop
  endfacet
  facet normal 0 0 1
    outer loop
      vertex -23.0562 1.7119 3
      vertex -28.2586 2.74407 3
      vertex -27.9284 2.50417 3
    endloop
  endfacet
  facet normal 0 0 1
    outer loop
      vertex -28.2586 2.74407 3
      vertex -32.314 6.99013 3
      vertex -28.6162 2.94069 3
    endloop
  endfacet
  facet normal 0 0 1
    outer loop
      vertex -28.6162 2.94069 3
      vertex -32.314 6.99013 3
      vertex -28.9957 3.09093 3
    endloop
  endfacet
  facet normal 0 0 1
    outer loop
      vertex -28.9957 3.09093 3
      vertex -32.314 6.99013 3
      vertex -29.391 3.19243 3
    endloop
  endfacet
  facet normal 0 0 1
    outer loop
      vertex -29.391 3.19243 3
      vertex -32.314 6.99013 3
      vertex -29.7959 3.24359 3
    endloop
  endfacet
  facet normal 0 0 1
    outer loop
      vertex -29.7959 3.24359 3
      vertex -32.314 6.99013 3
      vertex -30.2041 3.24359 3
    endloop
  endfacet
  facet normal 0 0 1
    outer loop
      vertex -32.314 6.99013 3
      vertex -30.609 3.19243 3
      vertex -30.2041 3.24359 3
    endloop
  endfacet
  facet normal 0 0 1
    outer loop
      vertex -32.314 6.99013 3
      vertex -31.0043 3.09093 3
      vertex -30.609 3.19243 3
    endloop
  endfacet
  facet normal 0 0 1
    outer loop
      vertex -32.314 6.99013 3
      vertex -31.3838 2.94069 3
      vertex -31.0043 3.09093 3
    endloop
  endfacet
  facet normal -0 0 1
    outer loop
      vertex -32.9369 6.91144 3
      vertex -31.3838 2.94069 3
      vertex -32.314 6.99013 3
    endloop
  endfacet
  facet normal 0 0 1
    outer loop
      vertex -31.3838 2.94069 3
      vertex -32.9369 6.91144 3
      vertex -31.7414 2.74407 3
    endloop
  endfacet
  facet normal -0 0 1
    outer loop
      vertex -33.5451 6.75528 3
      vertex -31.7414 2.74407 3
      vertex -32.9369 6.91144 3
    endloop
  endfacet
  facet normal -0 0 1
    outer loop
      vertex -34.1289 6.52413 3
      vertex -31.7414 2.74407 3
      vertex -33.5451 6.75528 3
    endloop
  endfacet
  facet normal 0 0 1
    outer loop
      vertex -31.7414 2.74407 3
      vertex -34.1289 6.52413 3
      vertex -32.0716 2.50417 3
    endloop
  endfacet
  facet normal -0 0 1
    outer loop
      vertex -34.6791 6.22164 3
      vertex -32.0716 2.50417 3
      vertex -34.1289 6.52413 3
    endloop
  endfacet
  facet normal -0 0 1
    outer loop
      vertex -35.1871 5.85257 3
      vertex -32.0716 2.50417 3
      vertex -34.6791 6.22164 3
    endloop
  endfacet
  facet normal 0 0 1
    outer loop
      vertex -32.0716 2.50417 3
      vertex -35.1871 5.85257 3
      vertex -32.3691 2.22478 3
    endloop
  endfacet
  facet normal -0 0 1
    outer loop
      vertex -35.6448 5.42274 3
      vertex -32.3691 2.22478 3
      vertex -35.1871 5.85257 3
    endloop
  endfacet
  facet normal -0 0 1
    outer loop
      vertex -36.0451 4.93893 3
      vertex -32.3691 2.22478 3
      vertex -35.6448 5.42274 3
    endloop
  endfacet
  facet normal 0 0 1
    outer loop
      vertex -32.3691 2.22478 3
      vertex -36.0451 4.93893 3
      vertex -32.6293 1.9103 3
    endloop
  endfacet
  facet normal -0 0 1
    outer loop
      vertex 32.3691 -2.22478 3
      vertex 36.0451 -4.93893 3
      vertex 32.6293 -1.9103 3
    endloop
  endfacet
  facet normal 0 0 1
    outer loop
      vertex 36.0451 -4.93893 3
      vertex 32.3691 -2.22478 3
      vertex 35.6448 -5.42274 3
    endloop
  endfacet
  facet normal 0 0 1
    outer loop
      vertex 35.6448 -5.42274 3
      vertex 32.3691 -2.22478 3
      vertex 35.1871 -5.85257 3
    endloop
  endfacet
  facet normal -0 0 1
    outer loop
      vertex 32.0716 -2.50417 3
      vertex 35.1871 -5.85257 3
      vertex 32.3691 -2.22478 3
    endloop
  endfacet
  facet normal 0 0 1
    outer loop
      vertex 35.1871 -5.85257 3
      vertex 32.0716 -2.50417 3
      vertex 34.6791 -6.22164 3
    endloop
  endfacet
  facet normal 0 0 1
    outer loop
      vertex 34.6791 -6.22164 3
      vertex 32.0716 -2.50417 3
      vertex 34.1289 -6.52413 3
    endloop
  endfacet
  facet normal -0 0 1
    outer loop
      vertex 31.7414 -2.74407 3
      vertex 34.1289 -6.52413 3
      vertex 32.0716 -2.50417 3
    endloop
  endfacet
  facet normal 0 0 1
    outer loop
      vertex 34.1289 -6.52413 3
      vertex 31.7414 -2.74407 3
      vertex 33.5451 -6.75528 3
    endloop
  endfacet
  facet normal 0 0 1
    outer loop
      vertex 33.5451 -6.75528 3
      vertex 31.7414 -2.74407 3
      vertex 32.9369 -6.91144 3
    endloop
  endfacet
  facet normal -0 0 1
    outer loop
      vertex 31.3838 -2.94069 3
      vertex 32.9369 -6.91144 3
      vertex 31.7414 -2.74407 3
    endloop
  endfacet
  facet normal 0 0 1
    outer loop
      vertex 32.9369 -6.91144 3
      vertex 31.3838 -2.94069 3
      vertex 32.314 -6.99013 3
    endloop
  endfacet
  facet normal -0 0 1
    outer loop
      vertex 31.0043 -3.09093 3
      vertex 32.314 -6.99013 3
      vertex 31.3838 -2.94069 3
    endloop
  endfacet
  facet normal -0 0 1
    outer loop
      vertex 30.609 -3.19243 3
      vertex 32.314 -6.99013 3
      vertex 31.0043 -3.09093 3
    endloop
  endfacet
  facet normal -0 0 1
    outer loop
      vertex 30.2041 -3.24359 3
      vertex 32.314 -6.99013 3
      vertex 30.609 -3.19243 3
    endloop
  endfacet
  facet normal -0 0 1
    outer loop
      vertex 29.7959 -3.24359 3
      vertex 32.314 -6.99013 3
      vertex 30.2041 -3.24359 3
    endloop
  endfacet
  facet normal 0 0 1
    outer loop
      vertex 29.391 -3.19243 3
      vertex 32.314 -6.99013 3
      vertex 29.7959 -3.24359 3
    endloop
  endfacet
  facet normal 0 0 1
    outer loop
      vertex 28.9957 -3.09093 3
      vertex 32.314 -6.99013 3
      vertex 29.391 -3.19243 3
    endloop
  endfacet
  facet normal 0 0 1
    outer loop
      vertex 28.6162 -2.94069 3
      vertex 32.314 -6.99013 3
      vertex 28.9957 -3.09093 3
    endloop
  endfacet
  facet normal 0 0 1
    outer loop
      vertex 28.2586 -2.74407 3
      vertex 32.314 -6.99013 3
      vertex 28.6162 -2.94069 3
    endloop
  endfacet
  facet normal 0 0 1
    outer loop
      vertex 23.0562 -1.7119 3
      vertex 28.2586 -2.74407 3
      vertex 27.9284 -2.50417 3
    endloop
  endfacet
  facet normal 0 0 1
    outer loop
      vertex 23.2664 -1.62869 3
      vertex 27.9284 -2.50417 3
      vertex 27.6309 -2.22478 3
    endloop
  endfacet
  facet normal 0 0 1
    outer loop
      vertex 24.2858 -0.225599 3
      vertex 26.75 0 3
      vertex 24.3 0 3
    endloop
  endfacet
  facet normal 0 0 1
    outer loop
      vertex 26.75 0 3
      vertex 24.2858 -0.225599 3
      vertex 26.7756 -0.407332 3
    endloop
  endfacet
  facet normal 0 0 1
    outer loop
      vertex 24.2435 -0.447641 3
      vertex 26.7756 -0.407332 3
      vertex 24.2858 -0.225599 3
    endloop
  endfacet
  facet normal 0 0 1
    outer loop
      vertex 26.7756 -0.407332 3
      vertex 24.2435 -0.447641 3
      vertex 26.8521 -0.808242 3
    endloop
  endfacet
  facet normal -0 0 1
    outer loop
      vertex 24.1736 -0.662623 3
      vertex 26.8521 -0.808242 3
      vertex 24.2435 -0.447641 3
    endloop
  endfacet
  facet normal 0 0 1
    outer loop
      vertex 24.0774 -0.867156 3
      vertex 26.8521 -0.808242 3
      vertex 24.1736 -0.662623 3
    endloop
  endfacet
  facet normal 0 0 1
    outer loop
      vertex 26.8521 -0.808242 3
      vertex 24.0774 -0.867156 3
      vertex 26.9782 -1.1964 3
    endloop
  endfacet
  facet normal -0 0 1
    outer loop
      vertex 23.9562 -1.05801 3
      vertex 26.9782 -1.1964 3
      vertex 24.0774 -0.867156 3
    endloop
  endfacet
  facet normal 0 0 1
    outer loop
      vertex 26.9782 -1.1964 3
      vertex 23.9562 -1.05801 3
      vertex 27.152 -1.5657 3
    endloop
  endfacet
  facet normal -0 0 1
    outer loop
      vertex 23.8121 -1.23218 3
      vertex 27.152 -1.5657 3
      vertex 23.9562 -1.05801 3
    endloop
  endfacet
  facet normal 0 0 1
    outer loop
      vertex 27.152 -1.5657 3
      vertex 23.8121 -1.23218 3
      vertex 27.3707 -1.9103 3
    endloop
  endfacet
  facet normal -0 0 1
    outer loop
      vertex 23.6474 -1.38692 3
      vertex 27.3707 -1.9103 3
      vertex 23.8121 -1.23218 3
    endloop
  endfacet
  facet normal -0 0 1
    outer loop
      vertex 23.4645 -1.51979 3
      vertex 27.3707 -1.9103 3
      vertex 23.6474 -1.38692 3
    endloop
  endfacet
  facet normal 0 0 1
    outer loop
      vertex 27.3707 -1.9103 3
      vertex 23.4645 -1.51979 3
      vertex 27.6309 -2.22478 3
    endloop
  endfacet
  facet normal -0 0 1
    outer loop
      vertex 23.2664 -1.62869 3
      vertex 27.6309 -2.22478 3
      vertex 23.4645 -1.51979 3
    endloop
  endfacet
  facet normal 0 0 1
    outer loop
      vertex 27.9284 -2.50417 3
      vertex 23.2664 -1.62869 3
      vertex 23.0562 -1.7119 3
    endloop
  endfacet
  facet normal 0 0 1
    outer loop
      vertex 28.2586 -2.74407 3
      vertex 23.0562 -1.7119 3
      vertex 22.8373 -1.76812 3
    endloop
  endfacet
  facet normal 0 0 1
    outer loop
      vertex 28.2586 -2.74407 3
      vertex 22.8373 -1.76812 3
      vertex 32.314 -6.99013 3
    endloop
  endfacet
  facet normal -0 0 1
    outer loop
      vertex 22.613 -1.79645 3
      vertex 32.314 -6.99013 3
      vertex 22.8373 -1.76812 3
    endloop
  endfacet
  facet normal -0 0 1
    outer loop
      vertex 22.387 -1.79645 3
      vertex 32.314 -6.99013 3
      vertex 22.613 -1.79645 3
    endloop
  endfacet
  facet normal 0 0 1
    outer loop
      vertex 16.3838 -2.94069 3
      vertex 22.387 -1.79645 3
      vertex 22.1627 -1.76812 3
    endloop
  endfacet
  facet normal 0 0 1
    outer loop
      vertex 16.7414 -2.74407 3
      vertex 22.1627 -1.76812 3
      vertex 21.9438 -1.7119 3
    endloop
  endfacet
  facet normal 0 0 1
    outer loop
      vertex 17.0716 -2.50417 3
      vertex 21.9438 -1.7119 3
      vertex 21.7336 -1.62869 3
    endloop
  endfacet
  facet normal -0 0 1
    outer loop
      vertex 18.25 0 3
      vertex 20.7142 -0.225599 3
      vertex 20.7 0 3
    endloop
  endfacet
  facet normal 0 0 1
    outer loop
      vertex 18.2244 -0.407332 3
      vertex 20.7142 -0.225599 3
      vertex 18.25 0 3
    endloop
  endfacet
  facet normal 0 0 1
    outer loop
      vertex 20.7142 -0.225599 3
      vertex 18.2244 -0.407332 3
      vertex 20.7565 -0.447641 3
    endloop
  endfacet
  facet normal 0 0 1
    outer loop
      vertex 18.1479 -0.808242 3
      vertex 20.7565 -0.447641 3
      vertex 18.2244 -0.407332 3
    endloop
  endfacet
  facet normal 0 0 1
    outer loop
      vertex 20.7565 -0.447641 3
      vertex 18.1479 -0.808242 3
      vertex 20.8264 -0.662623 3
    endloop
  endfacet
  facet normal 0 0 1
    outer loop
      vertex 20.8264 -0.662623 3
      vertex 18.1479 -0.808242 3
      vertex 20.9226 -0.867156 3
    endloop
  endfacet
  facet normal 0 0 1
    outer loop
      vertex 18.0218 -1.1964 3
      vertex 20.9226 -0.867156 3
      vertex 18.1479 -0.808242 3
    endloop
  endfacet
  facet normal 0 0 1
    outer loop
      vertex 20.9226 -0.867156 3
      vertex 18.0218 -1.1964 3
      vertex 21.0438 -1.05801 3
    endloop
  endfacet
  facet normal 0 0 1
    outer loop
      vertex 17.848 -1.5657 3
      vertex 21.0438 -1.05801 3
      vertex 18.0218 -1.1964 3
    endloop
  endfacet
  facet normal 0 0 1
    outer loop
      vertex 21.0438 -1.05801 3
      vertex 17.848 -1.5657 3
      vertex 21.1879 -1.23218 3
    endloop
  endfacet
  facet normal 0 0 1
    outer loop
      vertex 17.6293 -1.9103 3
      vertex 21.1879 -1.23218 3
      vertex 17.848 -1.5657 3
    endloop
  endfacet
  facet normal 0 0 1
    outer loop
      vertex 21.1879 -1.23218 3
      vertex 17.6293 -1.9103 3
      vertex 21.3526 -1.38692 3
    endloop
  endfacet
  facet normal 0 0 1
    outer loop
      vertex 21.3526 -1.38692 3
      vertex 17.6293 -1.9103 3
      vertex 21.5355 -1.51979 3
    endloop
  endfacet
  facet normal 0 0 1
    outer loop
      vertex 17.3691 -2.22478 3
      vertex 21.5355 -1.51979 3
      vertex 17.6293 -1.9103 3
    endloop
  endfacet
  facet normal 0 0 1
    outer loop
      vertex 21.5355 -1.51979 3
      vertex 17.3691 -2.22478 3
      vertex 21.7336 -1.62869 3
    endloop
  endfacet
  facet normal 0 0 1
    outer loop
      vertex 17.0716 -2.50417 3
      vertex 21.7336 -1.62869 3
      vertex 17.3691 -2.22478 3
    endloop
  endfacet
  facet normal 0 0 1
    outer loop
      vertex 21.9438 -1.7119 3
      vertex 17.0716 -2.50417 3
      vertex 16.7414 -2.74407 3
    endloop
  endfacet
  facet normal 0 0 1
    outer loop
      vertex 22.1627 -1.76812 3
      vertex 16.7414 -2.74407 3
      vertex 16.3838 -2.94069 3
    endloop
  endfacet
  facet normal 0 0 1
    outer loop
      vertex 22.387 -1.79645 3
      vertex 16.3838 -2.94069 3
      vertex 32.314 -6.99013 3
    endloop
  endfacet
  facet normal -0 0 1
    outer loop
      vertex 16.0043 -3.09093 3
      vertex 32.314 -6.99013 3
      vertex 16.3838 -2.94069 3
    endloop
  endfacet
  facet normal -0 0 1
    outer loop
      vertex 15.609 -3.19243 3
      vertex 32.314 -6.99013 3
      vertex 16.0043 -3.09093 3
    endloop
  endfacet
  facet normal -0 0 1
    outer loop
      vertex 15.2041 -3.24359 3
      vertex 32.314 -6.99013 3
      vertex 15.609 -3.19243 3
    endloop
  endfacet
  facet normal -0 0 1
    outer loop
      vertex 14.7959 -3.24359 3
      vertex 32.314 -6.99013 3
      vertex 15.2041 -3.24359 3
    endloop
  endfacet
  facet normal 0 0 1
    outer loop
      vertex 0.204069 -3.24359 3
      vertex 14.7959 -3.24359 3
      vertex 14.391 -3.19243 3
    endloop
  endfacet
  facet normal 0 0 1
    outer loop
      vertex 9.28581 -0.225599 3
      vertex 11.75 0 3
      vertex 9.3 0 3
    endloop
  endfacet
  facet normal 0 0 1
    outer loop
      vertex 11.75 0 3
      vertex 9.28581 -0.225599 3
      vertex 11.7756 -0.407332 3
    endloop
  endfacet
  facet normal 0 0 1
    outer loop
      vertex 9.24345 -0.447641 3
      vertex 11.7756 -0.407332 3
      vertex 9.28581 -0.225599 3
    endloop
  endfacet
  facet normal 0 0 1
    outer loop
      vertex 11.7756 -0.407332 3
      vertex 9.24345 -0.447641 3
      vertex 11.8521 -0.808242 3
    endloop
  endfacet
  facet normal -0 0 1
    outer loop
      vertex 9.1736 -0.662623 3
      vertex 11.8521 -0.808242 3
      vertex 9.24345 -0.447641 3
    endloop
  endfacet
  facet normal 0 0 1
    outer loop
      vertex 9.07735 -0.867156 3
      vertex 11.8521 -0.808242 3
      vertex 9.1736 -0.662623 3
    endloop
  endfacet
  facet normal 0 0 1
    outer loop
      vertex 11.8521 -0.808242 3
      vertex 9.07735 -0.867156 3
      vertex 11.9782 -1.1964 3
    endloop
  endfacet
  facet normal -0 0 1
    outer loop
      vertex 8.95623 -1.05801 3
      vertex 11.9782 -1.1964 3
      vertex 9.07735 -0.867156 3
    endloop
  endfacet
  facet normal 0 0 1
    outer loop
      vertex 11.9782 -1.1964 3
      vertex 8.95623 -1.05801 3
      vertex 12.152 -1.5657 3
    endloop
  endfacet
  facet normal -0 0 1
    outer loop
      vertex 8.81214 -1.23218 3
      vertex 12.152 -1.5657 3
      vertex 8.95623 -1.05801 3
    endloop
  endfacet
  facet normal 0 0 1
    outer loop
      vertex 12.152 -1.5657 3
      vertex 8.81214 -1.23218 3
      vertex 12.3707 -1.9103 3
    endloop
  endfacet
  facet normal -0 0 1
    outer loop
      vertex 8.64736 -1.38692 3
      vertex 12.3707 -1.9103 3
      vertex 8.81214 -1.23218 3
    endloop
  endfacet
  facet normal -0 0 1
    outer loop
      vertex 8.46449 -1.51979 3
      vertex 12.3707 -1.9103 3
      vertex 8.64736 -1.38692 3
    endloop
  endfacet
  facet normal 0 0 1
    outer loop
      vertex 12.3707 -1.9103 3
      vertex 8.46449 -1.51979 3
      vertex 12.6309 -2.22478 3
    endloop
  endfacet
  facet normal -0 0 1
    outer loop
      vertex 8.2664 -1.62869 3
      vertex 12.6309 -2.22478 3
      vertex 8.46449 -1.51979 3
    endloop
  endfacet
  facet normal 0 0 1
    outer loop
      vertex 12.6309 -2.22478 3
      vertex 8.2664 -1.62869 3
      vertex 12.9284 -2.50417 3
    endloop
  endfacet
  facet normal -0 0 1
    outer loop
      vertex 8.05623 -1.7119 3
      vertex 12.9284 -2.50417 3
      vertex 8.2664 -1.62869 3
    endloop
  endfacet
  facet normal 0 0 1
    outer loop
      vertex 12.9284 -2.50417 3
      vertex 8.05623 -1.7119 3
      vertex 13.2586 -2.74407 3
    endloop
  endfacet
  facet normal -0 0 1
    outer loop
      vertex 7.83729 -1.76812 3
      vertex 13.2586 -2.74407 3
      vertex 8.05623 -1.7119 3
    endloop
  endfacet
  facet normal 0 0 1
    outer loop
      vertex 13.2586 -2.74407 3
      vertex 7.83729 -1.76812 3
      vertex 13.6162 -2.94069 3
    endloop
  endfacet
  facet normal -0 0 1
    outer loop
      vertex 7.61302 -1.79645 3
      vertex 13.6162 -2.94069 3
      vertex 7.83729 -1.76812 3
    endloop
  endfacet
  facet normal 0 0 1
    outer loop
      vertex 13.6162 -2.94069 3
      vertex 7.61302 -1.79645 3
      vertex 13.9957 -3.09093 3
    endloop
  endfacet
  facet normal 0 0 1
    outer loop
      vertex 1.0043 -3.09093 3
      vertex 13.9957 -3.09093 3
      vertex 7.61302 -1.79645 3
    endloop
  endfacet
  facet normal 0 0 1
    outer loop
      vertex 13.9957 -3.09093 3
      vertex 1.0043 -3.09093 3
      vertex 14.391 -3.19243 3
    endloop
  endfacet
  facet normal 0 0 1
    outer loop
      vertex 1.0043 -3.09093 3
      vertex 7.61302 -1.79645 3
      vertex 7.38698 -1.79645 3
    endloop
  endfacet
  facet normal 0 0 1
    outer loop
      vertex 1.38378 -2.94069 3
      vertex 7.38698 -1.79645 3
      vertex 7.16271 -1.76812 3
    endloop
  endfacet
  facet normal -0 0 1
    outer loop
      vertex 3.25 0 3
      vertex 5.71419 -0.225599 3
      vertex 5.7 0 3
    endloop
  endfacet
  facet normal 0 0 1
    outer loop
      vertex 3.22437 -0.407332 3
      vertex 5.71419 -0.225599 3
      vertex 3.25 0 3
    endloop
  endfacet
  facet normal 0 0 1
    outer loop
      vertex 5.71419 -0.225599 3
      vertex 3.22437 -0.407332 3
      vertex 5.75655 -0.447641 3
    endloop
  endfacet
  facet normal 0 0 1
    outer loop
      vertex 3.14789 -0.808242 3
      vertex 5.75655 -0.447641 3
      vertex 3.22437 -0.407332 3
    endloop
  endfacet
  facet normal 0 0 1
    outer loop
      vertex 5.75655 -0.447641 3
      vertex 3.14789 -0.808242 3
      vertex 5.8264 -0.662623 3
    endloop
  endfacet
  facet normal 0 0 1
    outer loop
      vertex 5.8264 -0.662623 3
      vertex 3.14789 -0.808242 3
      vertex 5.92265 -0.867156 3
    endloop
  endfacet
  facet normal 0 0 1
    outer loop
      vertex 3.02177 -1.1964 3
      vertex 5.92265 -0.867156 3
      vertex 3.14789 -0.808242 3
    endloop
  endfacet
  facet normal 0 0 1
    outer loop
      vertex 5.92265 -0.867156 3
      vertex 3.02177 -1.1964 3
      vertex 6.04377 -1.05801 3
    endloop
  endfacet
  facet normal 0 0 1
    outer loop
      vertex 2.848 -1.5657 3
      vertex 6.04377 -1.05801 3
      vertex 3.02177 -1.1964 3
    endloop
  endfacet
  facet normal 0 0 1
    outer loop
      vertex 6.04377 -1.05801 3
      vertex 2.848 -1.5657 3
      vertex 6.18786 -1.23218 3
    endloop
  endfacet
  facet normal 0 0 1
    outer loop
      vertex 2.6293 -1.9103 3
      vertex 6.18786 -1.23218 3
      vertex 2.848 -1.5657 3
    endloop
  endfacet
  facet normal 0 0 1
    outer loop
      vertex 6.18786 -1.23218 3
      vertex 2.6293 -1.9103 3
      vertex 6.35264 -1.38692 3
    endloop
  endfacet
  facet normal 0 0 1
    outer loop
      vertex 6.35264 -1.38692 3
      vertex 2.6293 -1.9103 3
      vertex 6.53551 -1.51979 3
    endloop
  endfacet
  facet normal 0 0 1
    outer loop
      vertex 2.36915 -2.22478 3
      vertex 6.53551 -1.51979 3
      vertex 2.6293 -1.9103 3
    endloop
  endfacet
  facet normal 0 0 1
    outer loop
      vertex 6.53551 -1.51979 3
      vertex 2.36915 -2.22478 3
      vertex 6.7336 -1.62869 3
    endloop
  endfacet
  facet normal 0 0 1
    outer loop
      vertex 2.07163 -2.50417 3
      vertex 6.7336 -1.62869 3
      vertex 2.36915 -2.22478 3
    endloop
  endfacet
  facet normal 0 0 1
    outer loop
      vertex 6.7336 -1.62869 3
      vertex 2.07163 -2.50417 3
      vertex 6.94377 -1.7119 3
    endloop
  endfacet
  facet normal 0 0 1
    outer loop
      vertex 1.74144 -2.74407 3
      vertex 6.94377 -1.7119 3
      vertex 2.07163 -2.50417 3
    endloop
  endfacet
  facet normal 0 0 1
    outer loop
      vertex 6.94377 -1.7119 3
      vertex 1.74144 -2.74407 3
      vertex 7.16271 -1.76812 3
    endloop
  endfacet
  facet normal 0 0 1
    outer loop
      vertex 1.38378 -2.94069 3
      vertex 7.16271 -1.76812 3
      vertex 1.74144 -2.74407 3
    endloop
  endfacet
  facet normal 0 0 1
    outer loop
      vertex 7.38698 -1.79645 3
      vertex 1.38378 -2.94069 3
      vertex 1.0043 -3.09093 3
    endloop
  endfacet
  facet normal 0 0 1
    outer loop
      vertex 0.608989 -3.19243 3
      vertex 14.391 -3.19243 3
      vertex 1.0043 -3.09093 3
    endloop
  endfacet
  facet normal 0 0 1
    outer loop
      vertex 0.204069 -3.24359 3
      vertex 14.391 -3.19243 3
      vertex 0.608989 -3.19243 3
    endloop
  endfacet
  facet normal 0 0 1
    outer loop
      vertex 14.7959 -3.24359 3
      vertex 0.204069 -3.24359 3
      vertex 32.314 -6.99013 3
    endloop
  endfacet
  facet normal -0 0 1
    outer loop
      vertex -0.204069 -3.24359 3
      vertex 32.314 -6.99013 3
      vertex 0.204069 -3.24359 3
    endloop
  endfacet
  facet normal 0 0 1
    outer loop
      vertex -5.71419 -0.225599 3
      vertex -3.25 0 3
      vertex -5.7 0 3
    endloop
  endfacet
  facet normal 0 0 1
    outer loop
      vertex -3.25 0 3
      vertex -5.71419 -0.225599 3
      vertex -3.22437 -0.407332 3
    endloop
  endfacet
  facet normal 0 0 1
    outer loop
      vertex -5.75655 -0.447641 3
      vertex -3.22437 -0.407332 3
      vertex -5.71419 -0.225599 3
    endloop
  endfacet
  facet normal 0 0 1
    outer loop
      vertex -3.22437 -0.407332 3
      vertex -5.75655 -0.447641 3
      vertex -3.14789 -0.808242 3
    endloop
  endfacet
  facet normal -0 0 1
    outer loop
      vertex -5.8264 -0.662623 3
      vertex -3.14789 -0.808242 3
      vertex -5.75655 -0.447641 3
    endloop
  endfacet
  facet normal 0 0 1
    outer loop
      vertex -5.92265 -0.867156 3
      vertex -3.14789 -0.808242 3
      vertex -5.8264 -0.662623 3
    endloop
  endfacet
  facet normal 0 0 1
    outer loop
      vertex -3.14789 -0.808242 3
      vertex -5.92265 -0.867156 3
      vertex -3.02177 -1.1964 3
    endloop
  endfacet
  facet normal -0 0 1
    outer loop
      vertex -6.04377 -1.05801 3
      vertex -3.02177 -1.1964 3
      vertex -5.92265 -0.867156 3
    endloop
  endfacet
  facet normal 0 0 1
    outer loop
      vertex -3.02177 -1.1964 3
      vertex -6.04377 -1.05801 3
      vertex -2.848 -1.5657 3
    endloop
  endfacet
  facet normal -0 0 1
    outer loop
      vertex -6.18786 -1.23218 3
      vertex -2.848 -1.5657 3
      vertex -6.04377 -1.05801 3
    endloop
  endfacet
  facet normal 0 0 1
    outer loop
      vertex -2.848 -1.5657 3
      vertex -6.18786 -1.23218 3
      vertex -2.6293 -1.9103 3
    endloop
  endfacet
  facet normal -0 0 1
    outer loop
      vertex -6.35264 -1.38692 3
      vertex -2.6293 -1.9103 3
      vertex -6.18786 -1.23218 3
    endloop
  endfacet
  facet normal -0 0 1
    outer loop
      vertex -6.53551 -1.51979 3
      vertex -2.6293 -1.9103 3
      vertex -6.35264 -1.38692 3
    endloop
  endfacet
  facet normal 0 0 1
    outer loop
      vertex -2.6293 -1.9103 3
      vertex -6.53551 -1.51979 3
      vertex -2.36915 -2.22478 3
    endloop
  endfacet
  facet normal -0 0 1
    outer loop
      vertex -6.7336 -1.62869 3
      vertex -2.36915 -2.22478 3
      vertex -6.53551 -1.51979 3
    endloop
  endfacet
  facet normal 0 0 1
    outer loop
      vertex -2.36915 -2.22478 3
      vertex -6.7336 -1.62869 3
      vertex -2.07163 -2.50417 3
    endloop
  endfacet
  facet normal -0 0 1
    outer loop
      vertex -6.94377 -1.7119 3
      vertex -2.07163 -2.50417 3
      vertex -6.7336 -1.62869 3
    endloop
  endfacet
  facet normal 0 0 1
    outer loop
      vertex -2.07163 -2.50417 3
      vertex -6.94377 -1.7119 3
      vertex -1.74144 -2.74407 3
    endloop
  endfacet
  facet normal -0 0 1
    outer loop
      vertex -7.16271 -1.76812 3
      vertex -1.74144 -2.74407 3
      vertex -6.94377 -1.7119 3
    endloop
  endfacet
  facet normal 0 0 1
    outer loop
      vertex -1.74144 -2.74407 3
      vertex -7.16271 -1.76812 3
      vertex -1.38378 -2.94069 3
    endloop
  endfacet
  facet normal -0 0 1
    outer loop
      vertex -7.38698 -1.79645 3
      vertex -1.38378 -2.94069 3
      vertex -7.16271 -1.76812 3
    endloop
  endfacet
  facet normal 0 0 1
    outer loop
      vertex -1.38378 -2.94069 3
      vertex -7.38698 -1.79645 3
      vertex -1.0043 -3.09093 3
    endloop
  endfacet
  facet normal -0 0 1
    outer loop
      vertex -7.61302 -1.79645 3
      vertex -1.0043 -3.09093 3
      vertex -7.38698 -1.79645 3
    endloop
  endfacet
  facet normal -0 0 1
    outer loop
      vertex -13.6162 -2.94069 3
      vertex -1.0043 -3.09093 3
      vertex -7.61302 -1.79645 3
    endloop
  endfacet
  facet normal 0 0 1
    outer loop
      vertex -13.6162 -2.94069 3
      vertex -7.61302 -1.79645 3
      vertex -7.83729 -1.76812 3
    endloop
  endfacet
  facet normal -0 0 1
    outer loop
      vertex -11.75 0 3
      vertex -9.28581 -0.225599 3
      vertex -9.3 0 3
    endloop
  endfacet
  facet normal 0 0 1
    outer loop
      vertex -11.7756 -0.407332 3
      vertex -9.28581 -0.225599 3
      vertex -11.75 0 3
    endloop
  endfacet
  facet normal 0 0 1
    outer loop
      vertex -9.28581 -0.225599 3
      vertex -11.7756 -0.407332 3
      vertex -9.24345 -0.447641 3
    endloop
  endfacet
  facet normal 0 0 1
    outer loop
      vertex -11.8521 -0.808242 3
      vertex -9.24345 -0.447641 3
      vertex -11.7756 -0.407332 3
    endloop
  endfacet
  facet normal 0 0 1
    outer loop
      vertex -9.24345 -0.447641 3
      vertex -11.8521 -0.808242 3
      vertex -9.1736 -0.662623 3
    endloop
  endfacet
  facet normal 0 0 1
    outer loop
      vertex -9.1736 -0.662623 3
      vertex -11.8521 -0.808242 3
      vertex -9.07735 -0.867156 3
    endloop
  endfacet
  facet normal 0 0 1
    outer loop
      vertex -11.9782 -1.1964 3
      vertex -9.07735 -0.867156 3
      vertex -11.8521 -0.808242 3
    endloop
  endfacet
  facet normal 0 0 1
    outer loop
      vertex -9.07735 -0.867156 3
      vertex -11.9782 -1.1964 3
      vertex -8.95623 -1.05801 3
    endloop
  endfacet
  facet normal 0 0 1
    outer loop
      vertex -12.152 -1.5657 3
      vertex -8.95623 -1.05801 3
      vertex -11.9782 -1.1964 3
    endloop
  endfacet
  facet normal 0 0 1
    outer loop
      vertex -8.95623 -1.05801 3
      vertex -12.152 -1.5657 3
      vertex -8.81214 -1.23218 3
    endloop
  endfacet
  facet normal 0 0 1
    outer loop
      vertex -12.3707 -1.9103 3
      vertex -8.81214 -1.23218 3
      vertex -12.152 -1.5657 3
    endloop
  endfacet
  facet normal 0 0 1
    outer loop
      vertex -8.81214 -1.23218 3
      vertex -12.3707 -1.9103 3
      vertex -8.64736 -1.38692 3
    endloop
  endfacet
  facet normal 0 0 1
    outer loop
      vertex -8.64736 -1.38692 3
      vertex -12.3707 -1.9103 3
      vertex -8.46449 -1.51979 3
    endloop
  endfacet
  facet normal 0 0 1
    outer loop
      vertex -12.6309 -2.22478 3
      vertex -8.46449 -1.51979 3
      vertex -12.3707 -1.9103 3
    endloop
  endfacet
  facet normal 0 0 1
    outer loop
      vertex -8.46449 -1.51979 3
      vertex -12.6309 -2.22478 3
      vertex -8.2664 -1.62869 3
    endloop
  endfacet
  facet normal 0 0 1
    outer loop
      vertex -12.9284 -2.50417 3
      vertex -8.2664 -1.62869 3
      vertex -12.6309 -2.22478 3
    endloop
  endfacet
  facet normal 0 0 1
    outer loop
      vertex -8.2664 -1.62869 3
      vertex -12.9284 -2.50417 3
      vertex -8.05623 -1.7119 3
    endloop
  endfacet
  facet normal 0 0 1
    outer loop
      vertex -13.2586 -2.74407 3
      vertex -8.05623 -1.7119 3
      vertex -12.9284 -2.50417 3
    endloop
  endfacet
  facet normal 0 0 1
    outer loop
      vertex -8.05623 -1.7119 3
      vertex -13.2586 -2.74407 3
      vertex -7.83729 -1.76812 3
    endloop
  endfacet
  facet normal 0 0 1
    outer loop
      vertex -13.6162 -2.94069 3
      vertex -7.83729 -1.76812 3
      vertex -13.2586 -2.74407 3
    endloop
  endfacet
  facet normal 0 0 1
    outer loop
      vertex -13.9957 -3.09093 3
      vertex -1.0043 -3.09093 3
      vertex -13.6162 -2.94069 3
    endloop
  endfacet
  facet normal 0 0 1
    outer loop
      vertex -1.0043 -3.09093 3
      vertex -13.9957 -3.09093 3
      vertex -0.608989 -3.19243 3
    endloop
  endfacet
  facet normal 0 0 1
    outer loop
      vertex -14.391 -3.19243 3
      vertex -0.608989 -3.19243 3
      vertex -13.9957 -3.09093 3
    endloop
  endfacet
  facet normal 0 0 1
    outer loop
      vertex -0.608989 -3.19243 3
      vertex -14.391 -3.19243 3
      vertex -0.204069 -3.24359 3
    endloop
  endfacet
  facet normal 0 0 1
    outer loop
      vertex -14.7959 -3.24359 3
      vertex -0.204069 -3.24359 3
      vertex -14.391 -3.19243 3
    endloop
  endfacet
  facet normal 0 0 1
    outer loop
      vertex -32.314 -6.99013 3
      vertex -0.204069 -3.24359 3
      vertex -14.7959 -3.24359 3
    endloop
  endfacet
  facet normal 0 0 1
    outer loop
      vertex -32.314 -6.99013 3
      vertex -14.7959 -3.24359 3
      vertex -15.2041 -3.24359 3
    endloop
  endfacet
  facet normal 0 0 1
    outer loop
      vertex -20.7142 -0.225599 3
      vertex -18.25 0 3
      vertex -20.7 0 3
    endloop
  endfacet
  facet normal 0 0 1
    outer loop
      vertex -18.25 0 3
      vertex -20.7142 -0.225599 3
      vertex -18.2244 -0.407332 3
    endloop
  endfacet
  facet normal 0 0 1
    outer loop
      vertex -20.7565 -0.447641 3
      vertex -18.2244 -0.407332 3
      vertex -20.7142 -0.225599 3
    endloop
  endfacet
  facet normal 0 0 1
    outer loop
      vertex -18.2244 -0.407332 3
      vertex -20.7565 -0.447641 3
      vertex -18.1479 -0.808242 3
    endloop
  endfacet
  facet normal -0 0 1
    outer loop
      vertex -20.8264 -0.662623 3
      vertex -18.1479 -0.808242 3
      vertex -20.7565 -0.447641 3
    endloop
  endfacet
  facet normal 0 0 1
    outer loop
      vertex -20.9226 -0.867156 3
      vertex -18.1479 -0.808242 3
      vertex -20.8264 -0.662623 3
    endloop
  endfacet
  facet normal 0 0 1
    outer loop
      vertex -18.1479 -0.808242 3
      vertex -20.9226 -0.867156 3
      vertex -18.0218 -1.1964 3
    endloop
  endfacet
  facet normal -0 0 1
    outer loop
      vertex -21.0438 -1.05801 3
      vertex -18.0218 -1.1964 3
      vertex -20.9226 -0.867156 3
    endloop
  endfacet
  facet normal 0 0 1
    outer loop
      vertex -18.0218 -1.1964 3
      vertex -21.0438 -1.05801 3
      vertex -17.848 -1.5657 3
    endloop
  endfacet
  facet normal -0 0 1
    outer loop
      vertex -21.1879 -1.23218 3
      vertex -17.848 -1.5657 3
      vertex -21.0438 -1.05801 3
    endloop
  endfacet
  facet normal 0 0 1
    outer loop
      vertex -17.848 -1.5657 3
      vertex -21.1879 -1.23218 3
      vertex -17.6293 -1.9103 3
    endloop
  endfacet
  facet normal -0 0 1
    outer loop
      vertex -21.3526 -1.38692 3
      vertex -17.6293 -1.9103 3
      vertex -21.1879 -1.23218 3
    endloop
  endfacet
  facet normal -0 0 1
    outer loop
      vertex -21.5355 -1.51979 3
      vertex -17.6293 -1.9103 3
      vertex -21.3526 -1.38692 3
    endloop
  endfacet
  facet normal 0 0 1
    outer loop
      vertex -17.6293 -1.9103 3
      vertex -21.5355 -1.51979 3
      vertex -17.3691 -2.22478 3
    endloop
  endfacet
  facet normal -0 0 1
    outer loop
      vertex -21.7336 -1.62869 3
      vertex -17.3691 -2.22478 3
      vertex -21.5355 -1.51979 3
    endloop
  endfacet
  facet normal 0 0 1
    outer loop
      vertex -17.3691 -2.22478 3
      vertex -21.7336 -1.62869 3
      vertex -17.0716 -2.50417 3
    endloop
  endfacet
  facet normal -0 0 1
    outer loop
      vertex -21.9438 -1.7119 3
      vertex -17.0716 -2.50417 3
      vertex -21.7336 -1.62869 3
    endloop
  endfacet
  facet normal 0 0 1
    outer loop
      vertex -17.0716 -2.50417 3
      vertex -21.9438 -1.7119 3
      vertex -16.7414 -2.74407 3
    endloop
  endfacet
  facet normal -0 0 1
    outer loop
      vertex -22.1627 -1.76812 3
      vertex -16.7414 -2.74407 3
      vertex -21.9438 -1.7119 3
    endloop
  endfacet
  facet normal 0 0 1
    outer loop
      vertex -16.7414 -2.74407 3
      vertex -22.1627 -1.76812 3
      vertex -16.3838 -2.94069 3
    endloop
  endfacet
  facet normal -0 0 1
    outer loop
      vertex -22.387 -1.79645 3
      vertex -16.3838 -2.94069 3
      vertex -22.1627 -1.76812 3
    endloop
  endfacet
  facet normal 0 0 1
    outer loop
      vertex -32.314 -6.99013 3
      vertex -16.3838 -2.94069 3
      vertex -22.387 -1.79645 3
    endloop
  endfacet
  facet normal 0 0 1
    outer loop
      vertex -16.3838 -2.94069 3
      vertex -32.314 -6.99013 3
      vertex -16.0043 -3.09093 3
    endloop
  endfacet
  facet normal 0 0 1
    outer loop
      vertex -32.314 -6.99013 3
      vertex -22.387 -1.79645 3
      vertex -22.613 -1.79645 3
    endloop
  endfacet
  facet normal 0 0 1
    outer loop
      vertex -32.314 -6.99013 3
      vertex -22.613 -1.79645 3
      vertex -22.8373 -1.76812 3
    endloop
  endfacet
  facet normal -0 0 1
    outer loop
      vertex -26.75 0 3
      vertex -24.2858 -0.225599 3
      vertex -24.3 0 3
    endloop
  endfacet
  facet normal 0 0 1
    outer loop
      vertex -26.7756 -0.407332 3
      vertex -24.2858 -0.225599 3
      vertex -26.75 0 3
    endloop
  endfacet
  facet normal 0 0 1
    outer loop
      vertex -24.2858 -0.225599 3
      vertex -26.7756 -0.407332 3
      vertex -24.2435 -0.447641 3
    endloop
  endfacet
  facet normal 0 0 1
    outer loop
      vertex -26.8521 -0.808242 3
      vertex -24.2435 -0.447641 3
      vertex -26.7756 -0.407332 3
    endloop
  endfacet
  facet normal 0 0 1
    outer loop
      vertex -24.2435 -0.447641 3
      vertex -26.8521 -0.808242 3
      vertex -24.1736 -0.662623 3
    endloop
  endfacet
  facet normal 0 0 1
    outer loop
      vertex -24.1736 -0.662623 3
      vertex -26.8521 -0.808242 3
      vertex -24.0774 -0.867156 3
    endloop
  endfacet
  facet normal 0 0 1
    outer loop
      vertex -26.9782 -1.1964 3
      vertex -24.0774 -0.867156 3
      vertex -26.8521 -0.808242 3
    endloop
  endfacet
  facet normal 0 0 1
    outer loop
      vertex -24.0774 -0.867156 3
      vertex -26.9782 -1.1964 3
      vertex -23.9562 -1.05801 3
    endloop
  endfacet
  facet normal 0 0 1
    outer loop
      vertex -27.152 -1.5657 3
      vertex -23.9562 -1.05801 3
      vertex -26.9782 -1.1964 3
    endloop
  endfacet
  facet normal 0 0 1
    outer loop
      vertex -23.9562 -1.05801 3
      vertex -27.152 -1.5657 3
      vertex -23.8121 -1.23218 3
    endloop
  endfacet
  facet normal 0 0 1
    outer loop
      vertex -27.3707 -1.9103 3
      vertex -23.8121 -1.23218 3
      vertex -27.152 -1.5657 3
    endloop
  endfacet
  facet normal 0 0 1
    outer loop
      vertex -23.8121 -1.23218 3
      vertex -27.3707 -1.9103 3
      vertex -23.6474 -1.38692 3
    endloop
  endfacet
  facet normal 0 0 1
    outer loop
      vertex -23.6474 -1.38692 3
      vertex -27.3707 -1.9103 3
      vertex -23.4645 -1.51979 3
    endloop
  endfacet
  facet normal 0 0 1
    outer loop
      vertex -27.6309 -2.22478 3
      vertex -23.4645 -1.51979 3
      vertex -27.3707 -1.9103 3
    endloop
  endfacet
  facet normal 0 0 1
    outer loop
      vertex -23.4645 -1.51979 3
      vertex -27.6309 -2.22478 3
      vertex -23.2664 -1.62869 3
    endloop
  endfacet
  facet normal 0 0 1
    outer loop
      vertex -27.9284 -2.50417 3
      vertex -23.2664 -1.62869 3
      vertex -27.6309 -2.22478 3
    endloop
  endfacet
  facet normal 0 0 1
    outer loop
      vertex -23.2664 -1.62869 3
      vertex -27.9284 -2.50417 3
      vertex -23.0562 -1.7119 3
    endloop
  endfacet
  facet normal 0 0 1
    outer loop
      vertex -28.2586 -2.74407 3
      vertex -23.0562 -1.7119 3
      vertex -27.9284 -2.50417 3
    endloop
  endfacet
  facet normal 0 0 1
    outer loop
      vertex -23.0562 -1.7119 3
      vertex -28.2586 -2.74407 3
      vertex -22.8373 -1.76812 3
    endloop
  endfacet
  facet normal 0 0 1
    outer loop
      vertex -32.314 -6.99013 3
      vertex -22.8373 -1.76812 3
      vertex -28.2586 -2.74407 3
    endloop
  endfacet
  facet normal 0 0 1
    outer loop
      vertex -16.0043 -3.09093 3
      vertex -32.314 -6.99013 3
      vertex -15.609 -3.19243 3
    endloop
  endfacet
  facet normal 0 0 1
    outer loop
      vertex -15.609 -3.19243 3
      vertex -32.314 -6.99013 3
      vertex -15.2041 -3.24359 3
    endloop
  endfacet
  facet normal 0 0 1
    outer loop
      vertex -32.314 -6.99013 3
      vertex -28.2586 -2.74407 3
      vertex -28.6162 -2.94069 3
    endloop
  endfacet
  facet normal 0 0 1
    outer loop
      vertex -32.314 -6.99013 3
      vertex -28.6162 -2.94069 3
      vertex -28.9957 -3.09093 3
    endloop
  endfacet
  facet normal 0 0 1
    outer loop
      vertex -32.314 -6.99013 3
      vertex -28.9957 -3.09093 3
      vertex -29.391 -3.19243 3
    endloop
  endfacet
  facet normal 0 0 1
    outer loop
      vertex -32.314 -6.99013 3
      vertex -29.391 -3.19243 3
      vertex -29.7959 -3.24359 3
    endloop
  endfacet
  facet normal 0 0 1
    outer loop
      vertex -32.314 -6.99013 3
      vertex -29.7959 -3.24359 3
      vertex -30.2041 -3.24359 3
    endloop
  endfacet
  facet normal 0 0 1
    outer loop
      vertex -0.204069 -3.24359 3
      vertex -32.314 -6.99013 3
      vertex 32.314 -6.99013 3
    endloop
  endfacet
  facet normal 0 0 1
    outer loop
      vertex -30.609 -3.19243 3
      vertex -32.314 -6.99013 3
      vertex -30.2041 -3.24359 3
    endloop
  endfacet
  facet normal 0 0 1
    outer loop
      vertex -31.0043 -3.09093 3
      vertex -32.314 -6.99013 3
      vertex -30.609 -3.19243 3
    endloop
  endfacet
  facet normal 0 0 1
    outer loop
      vertex -31.3838 -2.94069 3
      vertex -32.314 -6.99013 3
      vertex -31.0043 -3.09093 3
    endloop
  endfacet
  facet normal 0 0 1
    outer loop
      vertex -32.9369 -6.91144 3
      vertex -31.3838 -2.94069 3
      vertex -31.7414 -2.74407 3
    endloop
  endfacet
  facet normal 0 0 1
    outer loop
      vertex -34.1289 -6.52413 3
      vertex -31.7414 -2.74407 3
      vertex -32.0716 -2.50417 3
    endloop
  endfacet
  facet normal 0 0 1
    outer loop
      vertex -35.1871 -5.85257 3
      vertex -32.0716 -2.50417 3
      vertex -32.3691 -2.22478 3
    endloop
  endfacet
  facet normal 0 0 1
    outer loop
      vertex -36.0451 -4.93893 3
      vertex -32.3691 -2.22478 3
      vertex -32.6293 -1.9103 3
    endloop
  endfacet
  facet normal 0 0 1
    outer loop
      vertex -36.6489 -3.84062 3
      vertex -32.6293 -1.9103 3
      vertex -32.848 -1.5657 3
    endloop
  endfacet
  facet normal 0 0 1
    outer loop
      vertex -31.3838 -2.94069 3
      vertex -32.9369 -6.91144 3
      vertex -32.314 -6.99013 3
    endloop
  endfacet
  facet normal 0 0 1
    outer loop
      vertex -36.9606 -2.62667 3
      vertex -32.848 -1.5657 3
      vertex -33.0218 -1.1964 3
    endloop
  endfacet
  facet normal 0 0 1
    outer loop
      vertex -37 -2 3
      vertex -33.0218 -1.1964 3
      vertex -33.1479 -0.808242 3
    endloop
  endfacet
  facet normal 0 0 1
    outer loop
      vertex -37 -2 3
      vertex -33.1479 -0.808242 3
      vertex -33.2244 -0.407332 3
    endloop
  endfacet
  facet normal 0 0 1
    outer loop
      vertex -37 -2 3
      vertex -33.2244 -0.407332 3
      vertex -33.25 0 3
    endloop
  endfacet
  facet normal 0 0 1
    outer loop
      vertex -31.7414 -2.74407 3
      vertex -33.5451 -6.75528 3
      vertex -32.9369 -6.91144 3
    endloop
  endfacet
  facet normal -0 0 1
    outer loop
      vertex -36.3815 4.40877 3
      vertex -32.6293 1.9103 3
      vertex -36.0451 4.93893 3
    endloop
  endfacet
  facet normal -0 0 1
    outer loop
      vertex -36.6489 3.84062 3
      vertex -32.6293 1.9103 3
      vertex -36.3815 4.40877 3
    endloop
  endfacet
  facet normal 0 0 1
    outer loop
      vertex -37 -2 3
      vertex -33.25 0 3
      vertex -37 2 3
    endloop
  endfacet
  facet normal 0 0 1
    outer loop
      vertex -32.6293 1.9103 3
      vertex -36.6489 3.84062 3
      vertex -32.848 1.5657 3
    endloop
  endfacet
  facet normal 0 0 1
    outer loop
      vertex -33.0218 -1.1964 3
      vertex -37 -2 3
      vertex -36.9606 -2.62667 3
    endloop
  endfacet
  facet normal -0 0 1
    outer loop
      vertex -36.8429 3.24345 3
      vertex -32.848 1.5657 3
      vertex -36.6489 3.84062 3
    endloop
  endfacet
  facet normal 0 0 1
    outer loop
      vertex -31.7414 -2.74407 3
      vertex -34.1289 -6.52413 3
      vertex -33.5451 -6.75528 3
    endloop
  endfacet
  facet normal -0 0 1
    outer loop
      vertex -36.9606 2.62667 3
      vertex -32.848 1.5657 3
      vertex -36.8429 3.24345 3
    endloop
  endfacet
  facet normal 0 0 1
    outer loop
      vertex -32.0716 -2.50417 3
      vertex -34.6791 -6.22164 3
      vertex -34.1289 -6.52413 3
    endloop
  endfacet
  facet normal 0 0 1
    outer loop
      vertex -32.848 1.5657 3
      vertex -36.9606 2.62667 3
      vertex -33.0218 1.1964 3
    endloop
  endfacet
  facet normal 0 0 1
    outer loop
      vertex -32.0716 -2.50417 3
      vertex -35.1871 -5.85257 3
      vertex -34.6791 -6.22164 3
    endloop
  endfacet
  facet normal -0 0 1
    outer loop
      vertex -37 2 3
      vertex -33.0218 1.1964 3
      vertex -36.9606 2.62667 3
    endloop
  endfacet
  facet normal 0 0 1
    outer loop
      vertex -32.3691 -2.22478 3
      vertex -35.6448 -5.42274 3
      vertex -35.1871 -5.85257 3
    endloop
  endfacet
  facet normal 0 0 1
    outer loop
      vertex -33.0218 1.1964 3
      vertex -37 2 3
      vertex -33.1479 0.808242 3
    endloop
  endfacet
  facet normal 0 0 1
    outer loop
      vertex -32.3691 -2.22478 3
      vertex -36.0451 -4.93893 3
      vertex -35.6448 -5.42274 3
    endloop
  endfacet
  facet normal 0 0 1
    outer loop
      vertex -33.1479 0.808242 3
      vertex -37 2 3
      vertex -33.2244 0.407332 3
    endloop
  endfacet
  facet normal 0 0 1
    outer loop
      vertex -32.6293 -1.9103 3
      vertex -36.3815 -4.40877 3
      vertex -36.0451 -4.93893 3
    endloop
  endfacet
  facet normal 0 0 1
    outer loop
      vertex -33.2244 0.407332 3
      vertex -37 2 3
      vertex -33.25 0 3
    endloop
  endfacet
  facet normal 0 0 1
    outer loop
      vertex -32.6293 -1.9103 3
      vertex -36.6489 -3.84062 3
      vertex -36.3815 -4.40877 3
    endloop
  endfacet
  facet normal 0 0 1
    outer loop
      vertex -32.848 -1.5657 3
      vertex -36.8429 -3.24345 3
      vertex -36.6489 -3.84062 3
    endloop
  endfacet
  facet normal 0 0 1
    outer loop
      vertex -32.848 -1.5657 3
      vertex -36.9606 -2.62667 3
      vertex -36.8429 -3.24345 3
    endloop
  endfacet
  facet normal 0 -1 0
    outer loop
      vertex -32.314 -6.99013 0
      vertex 32.314 -6.99013 3
      vertex -32.314 -6.99013 3
    endloop
  endfacet
  facet normal 0 -1 -0
    outer loop
      vertex 32.314 -6.99013 3
      vertex -32.314 -6.99013 0
      vertex 32.314 -6.99013 0
    endloop
  endfacet
  facet normal 0 1 -0
    outer loop
      vertex 32.314 6.99013 0
      vertex -32.314 6.99013 3
      vertex 32.314 6.99013 3
    endloop
  endfacet
  facet normal 0 1 0
    outer loop
      vertex -32.314 6.99013 3
      vertex 32.314 6.99013 0
      vertex -32.314 6.99013 0
    endloop
  endfacet
  facet normal -0.684565 -0.728952 0
    outer loop
      vertex -35.6448 -5.42274 0
      vertex -35.1871 -5.85257 3
      vertex -35.6448 -5.42274 3
    endloop
  endfacet
  facet normal -0.684565 -0.728952 -0
    outer loop
      vertex -35.1871 -5.85257 3
      vertex -35.6448 -5.42274 0
      vertex -35.1871 -5.85257 0
    endloop
  endfacet
  facet normal 0.998029 -0.0627481 0
    outer loop
      vertex 36.9606 -2.62667 3
      vertex 37 -2 0
      vertex 37 -2 3
    endloop
  endfacet
  facet normal 0.998029 -0.0627481 0
    outer loop
      vertex 37 -2 0
      vertex 36.9606 -2.62667 3
      vertex 36.9606 -2.62667 0
    endloop
  endfacet
  facet normal 0.125332 -0.992115 0
    outer loop
      vertex 32.314 -6.99013 0
      vertex 32.9369 -6.91144 3
      vertex 32.314 -6.99013 3
    endloop
  endfacet
  facet normal 0.125332 -0.992115 0
    outer loop
      vertex 32.9369 -6.91144 3
      vertex 32.314 -6.99013 0
      vertex 32.9369 -6.91144 0
    endloop
  endfacet
  facet normal 0.368135 0.929773 -0
    outer loop
      vertex 34.1289 6.52413 0
      vertex 33.5451 6.75528 3
      vertex 34.1289 6.52413 3
    endloop
  endfacet
  facet normal 0.368135 0.929773 0
    outer loop
      vertex 33.5451 6.75528 3
      vertex 34.1289 6.52413 0
      vertex 33.5451 6.75528 0
    endloop
  endfacet
  facet normal 0.248691 0.968583 -0
    outer loop
      vertex 33.5451 6.75528 0
      vertex 32.9369 6.91144 3
      vertex 33.5451 6.75528 3
    endloop
  endfacet
  facet normal 0.248691 0.968583 0
    outer loop
      vertex 32.9369 6.91144 3
      vertex 33.5451 6.75528 0
      vertex 32.9369 6.91144 0
    endloop
  endfacet
  facet normal -0.951072 0.30897 0
    outer loop
      vertex -36.8429 3.24345 0
      vertex -36.6489 3.84062 3
      vertex -36.6489 3.84062 0
    endloop
  endfacet
  facet normal -0.951072 0.30897 0
    outer loop
      vertex -36.6489 3.84062 3
      vertex -36.8429 3.24345 0
      vertex -36.8429 3.24345 3
    endloop
  endfacet
  facet normal -0.951072 -0.30897 0
    outer loop
      vertex -36.6489 -3.84062 0
      vertex -36.8429 -3.24345 3
      vertex -36.8429 -3.24345 0
    endloop
  endfacet
  facet normal -0.951072 -0.30897 0
    outer loop
      vertex -36.8429 -3.24345 3
      vertex -36.6489 -3.84062 0
      vertex -36.6489 -3.84062 3
    endloop
  endfacet
  facet normal -0.368135 -0.929773 0
    outer loop
      vertex -34.1289 -6.52413 0
      vertex -33.5451 -6.75528 3
      vertex -34.1289 -6.52413 3
    endloop
  endfacet
  facet normal -0.368135 -0.929773 -0
    outer loop
      vertex -33.5451 -6.75528 3
      vertex -34.1289 -6.52413 0
      vertex -33.5451 -6.75528 0
    endloop
  endfacet
  facet normal 0.770468 -0.637478 0
    outer loop
      vertex 35.6448 -5.42274 3
      vertex 36.0451 -4.93893 0
      vertex 36.0451 -4.93893 3
    endloop
  endfacet
  facet normal 0.770468 -0.637478 0
    outer loop
      vertex 36.0451 -4.93893 0
      vertex 35.6448 -5.42274 3
      vertex 35.6448 -5.42274 0
    endloop
  endfacet
  facet normal 0.951072 0.30897 0
    outer loop
      vertex 36.8429 3.24345 3
      vertex 36.6489 3.84062 0
      vertex 36.6489 3.84062 3
    endloop
  endfacet
  facet normal 0.951072 0.30897 0
    outer loop
      vertex 36.6489 3.84062 0
      vertex 36.8429 3.24345 3
      vertex 36.8429 3.24345 0
    endloop
  endfacet
  facet normal 0.844364 0.53577 0
    outer loop
      vertex 36.3815 4.40877 3
      vertex 36.0451 4.93893 0
      vertex 36.0451 4.93893 3
    endloop
  endfacet
  facet normal 0.844364 0.53577 0
    outer loop
      vertex 36.0451 4.93893 0
      vertex 36.3815 4.40877 3
      vertex 36.3815 4.40877 0
    endloop
  endfacet
  facet normal 0.770468 0.637478 0
    outer loop
      vertex 36.0451 4.93893 3
      vertex 35.6448 5.42274 0
      vertex 35.6448 5.42274 3
    endloop
  endfacet
  facet normal 0.770468 0.637478 0
    outer loop
      vertex 35.6448 5.42274 0
      vertex 36.0451 4.93893 3
      vertex 36.0451 4.93893 0
    endloop
  endfacet
  facet normal 0.684565 0.728952 -0
    outer loop
      vertex 35.6448 5.42274 0
      vertex 35.1871 5.85257 3
      vertex 35.6448 5.42274 3
    endloop
  endfacet
  facet normal 0.684565 0.728952 0
    outer loop
      vertex 35.1871 5.85257 3
      vertex 35.6448 5.42274 0
      vertex 35.1871 5.85257 0
    endloop
  endfacet
  facet normal 0.125332 0.992115 -0
    outer loop
      vertex 32.9369 6.91144 0
      vertex 32.314 6.99013 3
      vertex 32.9369 6.91144 3
    endloop
  endfacet
  facet normal 0.125332 0.992115 0
    outer loop
      vertex 32.314 6.99013 3
      vertex 32.9369 6.91144 0
      vertex 32.314 6.99013 0
    endloop
  endfacet
  facet normal -0.368135 0.929773 0
    outer loop
      vertex -33.5451 6.75528 0
      vertex -34.1289 6.52413 3
      vertex -33.5451 6.75528 3
    endloop
  endfacet
  facet normal -0.368135 0.929773 0
    outer loop
      vertex -34.1289 6.52413 3
      vertex -33.5451 6.75528 0
      vertex -34.1289 6.52413 0
    endloop
  endfacet
  facet normal -0.998029 -0.0627481 0
    outer loop
      vertex -36.9606 -2.62667 0
      vertex -37 -2 3
      vertex -37 -2 0
    endloop
  endfacet
  facet normal -0.998029 -0.0627481 0
    outer loop
      vertex -37 -2 3
      vertex -36.9606 -2.62667 0
      vertex -36.9606 -2.62667 3
    endloop
  endfacet
  facet normal 0 0 -1
    outer loop
      vertex 33.0218 -1.1964 0
      vertex 37 -2 0
      vertex 36.9606 -2.62667 0
    endloop
  endfacet
  facet normal 0 0 -1
    outer loop
      vertex 37 -2 0
      vertex 33.25 0 0
      vertex 37 2 0
    endloop
  endfacet
  facet normal 0 0 -1
    outer loop
      vertex 32.848 -1.5657 0
      vertex 36.9606 -2.62667 0
      vertex 36.8429 -3.24345 0
    endloop
  endfacet
  facet normal 0 0 -1
    outer loop
      vertex 33.2244 0.407332 0
      vertex 37 2 0
      vertex 33.25 0 0
    endloop
  endfacet
  facet normal 0 0 -1
    outer loop
      vertex 32.848 -1.5657 0
      vertex 36.8429 -3.24345 0
      vertex 36.6489 -3.84062 0
    endloop
  endfacet
  facet normal 0 0 -1
    outer loop
      vertex 33.1479 0.808242 0
      vertex 37 2 0
      vertex 33.2244 0.407332 0
    endloop
  endfacet
  facet normal 0 0 -1
    outer loop
      vertex 32.6293 -1.9103 0
      vertex 36.6489 -3.84062 0
      vertex 36.3815 -4.40877 0
    endloop
  endfacet
  facet normal 0 0 -1
    outer loop
      vertex 33.0218 1.1964 0
      vertex 37 2 0
      vertex 33.1479 0.808242 0
    endloop
  endfacet
  facet normal 0 0 -1
    outer loop
      vertex 32.6293 -1.9103 0
      vertex 36.3815 -4.40877 0
      vertex 36.0451 -4.93893 0
    endloop
  endfacet
  facet normal -0 0 -1
    outer loop
      vertex 37 2 0
      vertex 33.0218 1.1964 0
      vertex 36.9606 2.62667 0
    endloop
  endfacet
  facet normal 0 0 -1
    outer loop
      vertex 32.3691 -2.22478 0
      vertex 36.0451 -4.93893 0
      vertex 35.6448 -5.42274 0
    endloop
  endfacet
  facet normal 0 0 -1
    outer loop
      vertex 32.848 1.5657 0
      vertex 36.9606 2.62667 0
      vertex 33.0218 1.1964 0
    endloop
  endfacet
  facet normal 0 0 -1
    outer loop
      vertex 32.3691 -2.22478 0
      vertex 35.6448 -5.42274 0
      vertex 35.1871 -5.85257 0
    endloop
  endfacet
  facet normal -0 0 -1
    outer loop
      vertex 36.9606 2.62667 0
      vertex 32.848 1.5657 0
      vertex 36.8429 3.24345 0
    endloop
  endfacet
  facet normal 0 0 -1
    outer loop
      vertex 32.0716 -2.50417 0
      vertex 35.1871 -5.85257 0
      vertex 34.6791 -6.22164 0
    endloop
  endfacet
  facet normal -0 0 -1
    outer loop
      vertex 36.8429 3.24345 0
      vertex 32.848 1.5657 0
      vertex 36.6489 3.84062 0
    endloop
  endfacet
  facet normal 0 0 -1
    outer loop
      vertex 32.0716 -2.50417 0
      vertex 34.6791 -6.22164 0
      vertex 34.1289 -6.52413 0
    endloop
  endfacet
  facet normal 0 0 -1
    outer loop
      vertex 32.6293 1.9103 0
      vertex 36.6489 3.84062 0
      vertex 32.848 1.5657 0
    endloop
  endfacet
  facet normal 0 0 -1
    outer loop
      vertex 31.7414 -2.74407 0
      vertex 34.1289 -6.52413 0
      vertex 33.5451 -6.75528 0
    endloop
  endfacet
  facet normal -0 0 -1
    outer loop
      vertex 36.6489 3.84062 0
      vertex 32.6293 1.9103 0
      vertex 36.3815 4.40877 0
    endloop
  endfacet
  facet normal -0 0 -1
    outer loop
      vertex 36.3815 4.40877 0
      vertex 32.6293 1.9103 0
      vertex 36.0451 4.93893 0
    endloop
  endfacet
  facet normal 0 0 -1
    outer loop
      vertex 37 -2 0
      vertex 33.2244 -0.407332 0
      vertex 33.25 0 0
    endloop
  endfacet
  facet normal 0 0 -1
    outer loop
      vertex 37 -2 0
      vertex 33.1479 -0.808242 0
      vertex 33.2244 -0.407332 0
    endloop
  endfacet
  facet normal 0 0 -1
    outer loop
      vertex 37 -2 0
      vertex 33.0218 -1.1964 0
      vertex 33.1479 -0.808242 0
    endloop
  endfacet
  facet normal 0 0 -1
    outer loop
      vertex 31.7414 -2.74407 0
      vertex 33.5451 -6.75528 0
      vertex 32.9369 -6.91144 0
    endloop
  endfacet
  facet normal 0 0 -1
    outer loop
      vertex 36.9606 -2.62667 0
      vertex 32.848 -1.5657 0
      vertex 33.0218 -1.1964 0
    endloop
  endfacet
  facet normal 0 0 -1
    outer loop
      vertex 36.6489 -3.84062 0
      vertex 32.6293 -1.9103 0
      vertex 32.848 -1.5657 0
    endloop
  endfacet
  facet normal 0 0 -1
    outer loop
      vertex 36.0451 -4.93893 0
      vertex 32.3691 -2.22478 0
      vertex 32.6293 -1.9103 0
    endloop
  endfacet
  facet normal 0 0 -1
    outer loop
      vertex 31.3838 -2.94069 0
      vertex 32.9369 -6.91144 0
      vertex 32.314 -6.99013 0
    endloop
  endfacet
  facet normal 0 0 -1
    outer loop
      vertex 35.1871 -5.85257 0
      vertex 32.0716 -2.50417 0
      vertex 32.3691 -2.22478 0
    endloop
  endfacet
  facet normal 0 0 -1
    outer loop
      vertex 34.1289 -6.52413 0
      vertex 31.7414 -2.74407 0
      vertex 32.0716 -2.50417 0
    endloop
  endfacet
  facet normal 0 0 -1
    outer loop
      vertex 32.9369 -6.91144 0
      vertex 31.3838 -2.94069 0
      vertex 31.7414 -2.74407 0
    endloop
  endfacet
  facet normal 0 0 -1
    outer loop
      vertex 32.314 -6.99013 0
      vertex 31.0043 -3.09093 0
      vertex 31.3838 -2.94069 0
    endloop
  endfacet
  facet normal 0 0 -1
    outer loop
      vertex 32.314 -6.99013 0
      vertex 30.609 -3.19243 0
      vertex 31.0043 -3.09093 0
    endloop
  endfacet
  facet normal 0 0 -1
    outer loop
      vertex 32.314 -6.99013 0
      vertex 30.2041 -3.24359 0
      vertex 30.609 -3.19243 0
    endloop
  endfacet
  facet normal 0 0 -1
    outer loop
      vertex 32.314 -6.99013 0
      vertex 29.7959 -3.24359 0
      vertex 30.2041 -3.24359 0
    endloop
  endfacet
  facet normal 0 0 -1
    outer loop
      vertex 32.314 -6.99013 0
      vertex 29.391 -3.19243 0
      vertex 29.7959 -3.24359 0
    endloop
  endfacet
  facet normal 0 0 -1
    outer loop
      vertex 32.314 -6.99013 0
      vertex 28.9957 -3.09093 0
      vertex 29.391 -3.19243 0
    endloop
  endfacet
  facet normal 0 0 -1
    outer loop
      vertex 32.314 -6.99013 0
      vertex 28.6162 -2.94069 0
      vertex 28.9957 -3.09093 0
    endloop
  endfacet
  facet normal 0 0 -1
    outer loop
      vertex 32.314 -6.99013 0
      vertex 28.2586 -2.74407 0
      vertex 28.6162 -2.94069 0
    endloop
  endfacet
  facet normal 0 0 -1
    outer loop
      vertex 22.8373 -1.76812 0
      vertex 28.2586 -2.74407 0
      vertex 32.314 -6.99013 0
    endloop
  endfacet
  facet normal 0 -0 -1
    outer loop
      vertex 23.0562 -1.7119 0
      vertex 28.2586 -2.74407 0
      vertex 22.8373 -1.76812 0
    endloop
  endfacet
  facet normal 0 0 -1
    outer loop
      vertex 24.2858 -0.225599 0
      vertex 26.75 0 0
      vertex 26.7756 -0.407332 0
    endloop
  endfacet
  facet normal 0 0 -1
    outer loop
      vertex 24.2435 -0.447641 0
      vertex 26.7756 -0.407332 0
      vertex 26.8521 -0.808242 0
    endloop
  endfacet
  facet normal 0 0 -1
    outer loop
      vertex 24.0774 -0.867156 0
      vertex 26.8521 -0.808242 0
      vertex 26.9782 -1.1964 0
    endloop
  endfacet
  facet normal 0 0 -1
    outer loop
      vertex 23.9562 -1.05801 0
      vertex 26.9782 -1.1964 0
      vertex 27.152 -1.5657 0
    endloop
  endfacet
  facet normal 0 0 -1
    outer loop
      vertex 23.8121 -1.23218 0
      vertex 27.152 -1.5657 0
      vertex 27.3707 -1.9103 0
    endloop
  endfacet
  facet normal 0 0 -1
    outer loop
      vertex 23.4645 -1.51979 0
      vertex 27.3707 -1.9103 0
      vertex 27.6309 -2.22478 0
    endloop
  endfacet
  facet normal 0 0 -1
    outer loop
      vertex 28.2586 -2.74407 0
      vertex 23.0562 -1.7119 0
      vertex 27.9284 -2.50417 0
    endloop
  endfacet
  facet normal -0 0 -1
    outer loop
      vertex 26.75 0 0
      vertex 24.2858 -0.225599 0
      vertex 24.3 0 0
    endloop
  endfacet
  facet normal -0 0 -1
    outer loop
      vertex 26.7756 -0.407332 0
      vertex 24.2435 -0.447641 0
      vertex 24.2858 -0.225599 0
    endloop
  endfacet
  facet normal 0 0 -1
    outer loop
      vertex 26.8521 -0.808242 0
      vertex 24.1736 -0.662623 0
      vertex 24.2435 -0.447641 0
    endloop
  endfacet
  facet normal -0 0 -1
    outer loop
      vertex 26.8521 -0.808242 0
      vertex 24.0774 -0.867156 0
      vertex 24.1736 -0.662623 0
    endloop
  endfacet
  facet normal 0 0 -1
    outer loop
      vertex 26.9782 -1.1964 0
      vertex 23.9562 -1.05801 0
      vertex 24.0774 -0.867156 0
    endloop
  endfacet
  facet normal 0 0 -1
    outer loop
      vertex 27.152 -1.5657 0
      vertex 23.8121 -1.23218 0
      vertex 23.9562 -1.05801 0
    endloop
  endfacet
  facet normal 0 0 -1
    outer loop
      vertex 27.3707 -1.9103 0
      vertex 23.6474 -1.38692 0
      vertex 23.8121 -1.23218 0
    endloop
  endfacet
  facet normal 0 0 -1
    outer loop
      vertex 27.3707 -1.9103 0
      vertex 23.4645 -1.51979 0
      vertex 23.6474 -1.38692 0
    endloop
  endfacet
  facet normal 0 0 -1
    outer loop
      vertex 27.6309 -2.22478 0
      vertex 23.2664 -1.62869 0
      vertex 23.4645 -1.51979 0
    endloop
  endfacet
  facet normal 0 0 -1
    outer loop
      vertex 27.9284 -2.50417 0
      vertex 23.2664 -1.62869 0
      vertex 27.6309 -2.22478 0
    endloop
  endfacet
  facet normal 0 -0 -1
    outer loop
      vertex 23.2664 -1.62869 0
      vertex 27.9284 -2.50417 0
      vertex 23.0562 -1.7119 0
    endloop
  endfacet
  facet normal 0 0 -1
    outer loop
      vertex 32.314 -6.99013 0
      vertex 22.613 -1.79645 0
      vertex 22.8373 -1.76812 0
    endloop
  endfacet
  facet normal 0 0 -1
    outer loop
      vertex 32.314 -6.99013 0
      vertex 22.387 -1.79645 0
      vertex 22.613 -1.79645 0
    endloop
  endfacet
  facet normal 0 0 -1
    outer loop
      vertex 16.3838 -2.94069 0
      vertex 22.387 -1.79645 0
      vertex 32.314 -6.99013 0
    endloop
  endfacet
  facet normal -0 0 -1
    outer loop
      vertex 22.387 -1.79645 0
      vertex 16.3838 -2.94069 0
      vertex 22.1627 -1.76812 0
    endloop
  endfacet
  facet normal 0 -0 -1
    outer loop
      vertex 16.7414 -2.74407 0
      vertex 22.1627 -1.76812 0
      vertex 16.3838 -2.94069 0
    endloop
  endfacet
  facet normal 0 0 -1
    outer loop
      vertex 20.7142 -0.225599 0
      vertex 18.25 0 0
      vertex 20.7 0 0
    endloop
  endfacet
  facet normal 0 0 -1
    outer loop
      vertex 18.2244 -0.407332 0
      vertex 20.7142 -0.225599 0
      vertex 20.7565 -0.447641 0
    endloop
  endfacet
  facet normal 0 0 -1
    outer loop
      vertex 18.1479 -0.808242 0
      vertex 20.7565 -0.447641 0
      vertex 20.8264 -0.662623 0
    endloop
  endfacet
  facet normal 0 0 -1
    outer loop
      vertex 18.1479 -0.808242 0
      vertex 20.8264 -0.662623 0
      vertex 20.9226 -0.867156 0
    endloop
  endfacet
  facet normal 0 0 -1
    outer loop
      vertex 18.0218 -1.1964 0
      vertex 20.9226 -0.867156 0
      vertex 21.0438 -1.05801 0
    endloop
  endfacet
  facet normal 0 0 -1
    outer loop
      vertex 17.848 -1.5657 0
      vertex 21.0438 -1.05801 0
      vertex 21.1879 -1.23218 0
    endloop
  endfacet
  facet normal 0 0 -1
    outer loop
      vertex 17.6293 -1.9103 0
      vertex 21.1879 -1.23218 0
      vertex 21.3526 -1.38692 0
    endloop
  endfacet
  facet normal 0 0 -1
    outer loop
      vertex 17.6293 -1.9103 0
      vertex 21.3526 -1.38692 0
      vertex 21.5355 -1.51979 0
    endloop
  endfacet
  facet normal 0 0 -1
    outer loop
      vertex 17.3691 -2.22478 0
      vertex 21.5355 -1.51979 0
      vertex 21.7336 -1.62869 0
    endloop
  endfacet
  facet normal -0 0 -1
    outer loop
      vertex 22.1627 -1.76812 0
      vertex 16.7414 -2.74407 0
      vertex 21.9438 -1.7119 0
    endloop
  endfacet
  facet normal -0 0 -1
    outer loop
      vertex 20.7142 -0.225599 0
      vertex 18.2244 -0.407332 0
      vertex 18.25 0 0
    endloop
  endfacet
  facet normal -0 0 -1
    outer loop
      vertex 20.7565 -0.447641 0
      vertex 18.1479 -0.808242 0
      vertex 18.2244 -0.407332 0
    endloop
  endfacet
  facet normal -0 0 -1
    outer loop
      vertex 20.9226 -0.867156 0
      vertex 18.0218 -1.1964 0
      vertex 18.1479 -0.808242 0
    endloop
  endfacet
  facet normal 0 0 -1
    outer loop
      vertex 21.0438 -1.05801 0
      vertex 17.848 -1.5657 0
      vertex 18.0218 -1.1964 0
    endloop
  endfacet
  facet normal 0 0 -1
    outer loop
      vertex 21.1879 -1.23218 0
      vertex 17.6293 -1.9103 0
      vertex 17.848 -1.5657 0
    endloop
  endfacet
  facet normal 0 0 -1
    outer loop
      vertex 21.5355 -1.51979 0
      vertex 17.3691 -2.22478 0
      vertex 17.6293 -1.9103 0
    endloop
  endfacet
  facet normal 0 0 -1
    outer loop
      vertex 21.7336 -1.62869 0
      vertex 17.0716 -2.50417 0
      vertex 17.3691 -2.22478 0
    endloop
  endfacet
  facet normal -0 0 -1
    outer loop
      vertex 21.9438 -1.7119 0
      vertex 17.0716 -2.50417 0
      vertex 21.7336 -1.62869 0
    endloop
  endfacet
  facet normal 0 -0 -1
    outer loop
      vertex 17.0716 -2.50417 0
      vertex 21.9438 -1.7119 0
      vertex 16.7414 -2.74407 0
    endloop
  endfacet
  facet normal 0 0 -1
    outer loop
      vertex 32.314 -6.99013 0
      vertex 16.0043 -3.09093 0
      vertex 16.3838 -2.94069 0
    endloop
  endfacet
  facet normal 0 0 -1
    outer loop
      vertex 32.314 -6.99013 0
      vertex 15.609 -3.19243 0
      vertex 16.0043 -3.09093 0
    endloop
  endfacet
  facet normal 0 0 -1
    outer loop
      vertex 32.314 -6.99013 0
      vertex 15.2041 -3.24359 0
      vertex 15.609 -3.19243 0
    endloop
  endfacet
  facet normal 0 0 -1
    outer loop
      vertex 32.314 -6.99013 0
      vertex 14.7959 -3.24359 0
      vertex 15.2041 -3.24359 0
    endloop
  endfacet
  facet normal 0 0 -1
    outer loop
      vertex 0.204069 -3.24359 0
      vertex 14.7959 -3.24359 0
      vertex 32.314 -6.99013 0
    endloop
  endfacet
  facet normal 0 0 -1
    outer loop
      vertex 9.28581 -0.225599 0
      vertex 11.75 0 0
      vertex 11.7756 -0.407332 0
    endloop
  endfacet
  facet normal 0 0 -1
    outer loop
      vertex 9.24345 -0.447641 0
      vertex 11.7756 -0.407332 0
      vertex 11.8521 -0.808242 0
    endloop
  endfacet
  facet normal 0 0 -1
    outer loop
      vertex 9.07735 -0.867156 0
      vertex 11.8521 -0.808242 0
      vertex 11.9782 -1.1964 0
    endloop
  endfacet
  facet normal 0 0 -1
    outer loop
      vertex 8.95623 -1.05801 0
      vertex 11.9782 -1.1964 0
      vertex 12.152 -1.5657 0
    endloop
  endfacet
  facet normal 0 0 -1
    outer loop
      vertex 8.81214 -1.23218 0
      vertex 12.152 -1.5657 0
      vertex 12.3707 -1.9103 0
    endloop
  endfacet
  facet normal 0 0 -1
    outer loop
      vertex 8.46449 -1.51979 0
      vertex 12.3707 -1.9103 0
      vertex 12.6309 -2.22478 0
    endloop
  endfacet
  facet normal 0 0 -1
    outer loop
      vertex 8.2664 -1.62869 0
      vertex 12.6309 -2.22478 0
      vertex 12.9284 -2.50417 0
    endloop
  endfacet
  facet normal 0 0 -1
    outer loop
      vertex 8.05623 -1.7119 0
      vertex 12.9284 -2.50417 0
      vertex 13.2586 -2.74407 0
    endloop
  endfacet
  facet normal -0 0 -1
    outer loop
      vertex 11.75 0 0
      vertex 9.28581 -0.225599 0
      vertex 9.3 0 0
    endloop
  endfacet
  facet normal -0 0 -1
    outer loop
      vertex 11.7756 -0.407332 0
      vertex 9.24345 -0.447641 0
      vertex 9.28581 -0.225599 0
    endloop
  endfacet
  facet normal 0 0 -1
    outer loop
      vertex 11.8521 -0.808242 0
      vertex 9.1736 -0.662623 0
      vertex 9.24345 -0.447641 0
    endloop
  endfacet
  facet normal 0 0 -1
    outer loop
      vertex 7.83729 -1.76812 0
      vertex 13.2586 -2.74407 0
      vertex 13.6162 -2.94069 0
    endloop
  endfacet
  facet normal -0 0 -1
    outer loop
      vertex 11.8521 -0.808242 0
      vertex 9.07735 -0.867156 0
      vertex 9.1736 -0.662623 0
    endloop
  endfacet
  facet normal 0 0 -1
    outer loop
      vertex 11.9782 -1.1964 0
      vertex 8.95623 -1.05801 0
      vertex 9.07735 -0.867156 0
    endloop
  endfacet
  facet normal 0 0 -1
    outer loop
      vertex 12.152 -1.5657 0
      vertex 8.81214 -1.23218 0
      vertex 8.95623 -1.05801 0
    endloop
  endfacet
  facet normal 0 0 -1
    outer loop
      vertex 7.61302 -1.79645 0
      vertex 13.6162 -2.94069 0
      vertex 13.9957 -3.09093 0
    endloop
  endfacet
  facet normal 0 0 -1
    outer loop
      vertex 12.3707 -1.9103 0
      vertex 8.64736 -1.38692 0
      vertex 8.81214 -1.23218 0
    endloop
  endfacet
  facet normal 0 0 -1
    outer loop
      vertex 12.3707 -1.9103 0
      vertex 8.46449 -1.51979 0
      vertex 8.64736 -1.38692 0
    endloop
  endfacet
  facet normal 0 0 -1
    outer loop
      vertex 12.6309 -2.22478 0
      vertex 8.2664 -1.62869 0
      vertex 8.46449 -1.51979 0
    endloop
  endfacet
  facet normal 0 0 -1
    outer loop
      vertex 1.0043 -3.09093 0
      vertex 13.9957 -3.09093 0
      vertex 14.391 -3.19243 0
    endloop
  endfacet
  facet normal 0 0 -1
    outer loop
      vertex 12.9284 -2.50417 0
      vertex 8.05623 -1.7119 0
      vertex 8.2664 -1.62869 0
    endloop
  endfacet
  facet normal 0 0 -1
    outer loop
      vertex 13.2586 -2.74407 0
      vertex 7.83729 -1.76812 0
      vertex 8.05623 -1.7119 0
    endloop
  endfacet
  facet normal 0 0 -1
    outer loop
      vertex 13.6162 -2.94069 0
      vertex 7.61302 -1.79645 0
      vertex 7.83729 -1.76812 0
    endloop
  endfacet
  facet normal 0 0 -1
    outer loop
      vertex 14.7959 -3.24359 0
      vertex 0.204069 -3.24359 0
      vertex 14.391 -3.19243 0
    endloop
  endfacet
  facet normal 0 0 -1
    outer loop
      vertex 13.9957 -3.09093 0
      vertex 1.0043 -3.09093 0
      vertex 7.61302 -1.79645 0
    endloop
  endfacet
  facet normal -0 0 -1
    outer loop
      vertex 7.61302 -1.79645 0
      vertex 1.0043 -3.09093 0
      vertex 7.38698 -1.79645 0
    endloop
  endfacet
  facet normal 0 0 -1
    outer loop
      vertex 5.71419 -0.225599 0
      vertex 3.25 0 0
      vertex 5.7 0 0
    endloop
  endfacet
  facet normal 0 0 -1
    outer loop
      vertex 3.22437 -0.407332 0
      vertex 5.71419 -0.225599 0
      vertex 5.75655 -0.447641 0
    endloop
  endfacet
  facet normal 0 0 -1
    outer loop
      vertex 3.14789 -0.808242 0
      vertex 5.75655 -0.447641 0
      vertex 5.8264 -0.662623 0
    endloop
  endfacet
  facet normal 0 0 -1
    outer loop
      vertex 3.14789 -0.808242 0
      vertex 5.8264 -0.662623 0
      vertex 5.92265 -0.867156 0
    endloop
  endfacet
  facet normal 0 0 -1
    outer loop
      vertex 3.02177 -1.1964 0
      vertex 5.92265 -0.867156 0
      vertex 6.04377 -1.05801 0
    endloop
  endfacet
  facet normal 0 0 -1
    outer loop
      vertex 2.848 -1.5657 0
      vertex 6.04377 -1.05801 0
      vertex 6.18786 -1.23218 0
    endloop
  endfacet
  facet normal 0 0 -1
    outer loop
      vertex 2.6293 -1.9103 0
      vertex 6.18786 -1.23218 0
      vertex 6.35264 -1.38692 0
    endloop
  endfacet
  facet normal 0 0 -1
    outer loop
      vertex 2.6293 -1.9103 0
      vertex 6.35264 -1.38692 0
      vertex 6.53551 -1.51979 0
    endloop
  endfacet
  facet normal 0 0 -1
    outer loop
      vertex 2.36915 -2.22478 0
      vertex 6.53551 -1.51979 0
      vertex 6.7336 -1.62869 0
    endloop
  endfacet
  facet normal -0 0 -1
    outer loop
      vertex 5.71419 -0.225599 0
      vertex 3.22437 -0.407332 0
      vertex 3.25 0 0
    endloop
  endfacet
  facet normal 0 0 -1
    outer loop
      vertex 2.07163 -2.50417 0
      vertex 6.7336 -1.62869 0
      vertex 6.94377 -1.7119 0
    endloop
  endfacet
  facet normal -0 0 -1
    outer loop
      vertex 5.75655 -0.447641 0
      vertex 3.14789 -0.808242 0
      vertex 3.22437 -0.407332 0
    endloop
  endfacet
  facet normal 0 0 -1
    outer loop
      vertex 1.74144 -2.74407 0
      vertex 6.94377 -1.7119 0
      vertex 7.16271 -1.76812 0
    endloop
  endfacet
  facet normal -0 0 -1
    outer loop
      vertex 5.92265 -0.867156 0
      vertex 3.02177 -1.1964 0
      vertex 3.14789 -0.808242 0
    endloop
  endfacet
  facet normal 0 -0 -1
    outer loop
      vertex 1.38378 -2.94069 0
      vertex 7.38698 -1.79645 0
      vertex 1.0043 -3.09093 0
    endloop
  endfacet
  facet normal 0 0 -1
    outer loop
      vertex 6.04377 -1.05801 0
      vertex 2.848 -1.5657 0
      vertex 3.02177 -1.1964 0
    endloop
  endfacet
  facet normal 0 0 -1
    outer loop
      vertex 6.18786 -1.23218 0
      vertex 2.6293 -1.9103 0
      vertex 2.848 -1.5657 0
    endloop
  endfacet
  facet normal 0 0 -1
    outer loop
      vertex 6.53551 -1.51979 0
      vertex 2.36915 -2.22478 0
      vertex 2.6293 -1.9103 0
    endloop
  endfacet
  facet normal 0 0 -1
    outer loop
      vertex 6.7336 -1.62869 0
      vertex 2.07163 -2.50417 0
      vertex 2.36915 -2.22478 0
    endloop
  endfacet
  facet normal 0 0 -1
    outer loop
      vertex 6.94377 -1.7119 0
      vertex 1.74144 -2.74407 0
      vertex 2.07163 -2.50417 0
    endloop
  endfacet
  facet normal 0 0 -1
    outer loop
      vertex 7.16271 -1.76812 0
      vertex 1.38378 -2.94069 0
      vertex 1.74144 -2.74407 0
    endloop
  endfacet
  facet normal -0 0 -1
    outer loop
      vertex 7.38698 -1.79645 0
      vertex 1.38378 -2.94069 0
      vertex 7.16271 -1.76812 0
    endloop
  endfacet
  facet normal 0 0 -1
    outer loop
      vertex 14.391 -3.19243 0
      vertex 0.608989 -3.19243 0
      vertex 1.0043 -3.09093 0
    endloop
  endfacet
  facet normal -0 0 -1
    outer loop
      vertex 14.391 -3.19243 0
      vertex 0.204069 -3.24359 0
      vertex 0.608989 -3.19243 0
    endloop
  endfacet
  facet normal 0 0 -1
    outer loop
      vertex 32.314 -6.99013 0
      vertex -0.204069 -3.24359 0
      vertex 0.204069 -3.24359 0
    endloop
  endfacet
  facet normal 0 0 -1
    outer loop
      vertex -5.71419 -0.225599 0
      vertex -3.25 0 0
      vertex -3.22437 -0.407332 0
    endloop
  endfacet
  facet normal 0 0 -1
    outer loop
      vertex -5.75655 -0.447641 0
      vertex -3.22437 -0.407332 0
      vertex -3.14789 -0.808242 0
    endloop
  endfacet
  facet normal 0 0 -1
    outer loop
      vertex -5.92265 -0.867156 0
      vertex -3.14789 -0.808242 0
      vertex -3.02177 -1.1964 0
    endloop
  endfacet
  facet normal 0 0 -1
    outer loop
      vertex -6.04377 -1.05801 0
      vertex -3.02177 -1.1964 0
      vertex -2.848 -1.5657 0
    endloop
  endfacet
  facet normal 0 0 -1
    outer loop
      vertex -6.18786 -1.23218 0
      vertex -2.848 -1.5657 0
      vertex -2.6293 -1.9103 0
    endloop
  endfacet
  facet normal 0 0 -1
    outer loop
      vertex -6.53551 -1.51979 0
      vertex -2.6293 -1.9103 0
      vertex -2.36915 -2.22478 0
    endloop
  endfacet
  facet normal 0 0 -1
    outer loop
      vertex -6.7336 -1.62869 0
      vertex -2.36915 -2.22478 0
      vertex -2.07163 -2.50417 0
    endloop
  endfacet
  facet normal 0 0 -1
    outer loop
      vertex -6.94377 -1.7119 0
      vertex -2.07163 -2.50417 0
      vertex -1.74144 -2.74407 0
    endloop
  endfacet
  facet normal -0 0 -1
    outer loop
      vertex -3.25 0 0
      vertex -5.71419 -0.225599 0
      vertex -5.7 0 0
    endloop
  endfacet
  facet normal -0 0 -1
    outer loop
      vertex -3.22437 -0.407332 0
      vertex -5.75655 -0.447641 0
      vertex -5.71419 -0.225599 0
    endloop
  endfacet
  facet normal 0 0 -1
    outer loop
      vertex -3.14789 -0.808242 0
      vertex -5.8264 -0.662623 0
      vertex -5.75655 -0.447641 0
    endloop
  endfacet
  facet normal 0 0 -1
    outer loop
      vertex -7.16271 -1.76812 0
      vertex -1.74144 -2.74407 0
      vertex -1.38378 -2.94069 0
    endloop
  endfacet
  facet normal -0 0 -1
    outer loop
      vertex -3.14789 -0.808242 0
      vertex -5.92265 -0.867156 0
      vertex -5.8264 -0.662623 0
    endloop
  endfacet
  facet normal 0 0 -1
    outer loop
      vertex -3.02177 -1.1964 0
      vertex -6.04377 -1.05801 0
      vertex -5.92265 -0.867156 0
    endloop
  endfacet
  facet normal 0 0 -1
    outer loop
      vertex -2.848 -1.5657 0
      vertex -6.18786 -1.23218 0
      vertex -6.04377 -1.05801 0
    endloop
  endfacet
  facet normal 0 0 -1
    outer loop
      vertex -7.38698 -1.79645 0
      vertex -1.38378 -2.94069 0
      vertex -1.0043 -3.09093 0
    endloop
  endfacet
  facet normal 0 0 -1
    outer loop
      vertex -2.6293 -1.9103 0
      vertex -6.35264 -1.38692 0
      vertex -6.18786 -1.23218 0
    endloop
  endfacet
  facet normal 0 0 -1
    outer loop
      vertex -2.6293 -1.9103 0
      vertex -6.53551 -1.51979 0
      vertex -6.35264 -1.38692 0
    endloop
  endfacet
  facet normal 0 0 -1
    outer loop
      vertex -2.36915 -2.22478 0
      vertex -6.7336 -1.62869 0
      vertex -6.53551 -1.51979 0
    endloop
  endfacet
  facet normal 0 0 -1
    outer loop
      vertex -13.9957 -3.09093 0
      vertex -1.0043 -3.09093 0
      vertex -0.608989 -3.19243 0
    endloop
  endfacet
  facet normal 0 0 -1
    outer loop
      vertex -2.07163 -2.50417 0
      vertex -6.94377 -1.7119 0
      vertex -6.7336 -1.62869 0
    endloop
  endfacet
  facet normal 0 0 -1
    outer loop
      vertex -1.74144 -2.74407 0
      vertex -7.16271 -1.76812 0
      vertex -6.94377 -1.7119 0
    endloop
  endfacet
  facet normal 0 0 -1
    outer loop
      vertex -1.38378 -2.94069 0
      vertex -7.38698 -1.79645 0
      vertex -7.16271 -1.76812 0
    endloop
  endfacet
  facet normal 0 0 -1
    outer loop
      vertex -1.0043 -3.09093 0
      vertex -7.61302 -1.79645 0
      vertex -7.38698 -1.79645 0
    endloop
  endfacet
  facet normal 0 0 -1
    outer loop
      vertex -1.0043 -3.09093 0
      vertex -13.6162 -2.94069 0
      vertex -7.61302 -1.79645 0
    endloop
  endfacet
  facet normal 0 0 -1
    outer loop
      vertex -9.28581 -0.225599 0
      vertex -11.75 0 0
      vertex -9.3 0 0
    endloop
  endfacet
  facet normal 0 0 -1
    outer loop
      vertex -11.7756 -0.407332 0
      vertex -9.28581 -0.225599 0
      vertex -9.24345 -0.447641 0
    endloop
  endfacet
  facet normal 0 0 -1
    outer loop
      vertex -11.8521 -0.808242 0
      vertex -9.24345 -0.447641 0
      vertex -9.1736 -0.662623 0
    endloop
  endfacet
  facet normal 0 0 -1
    outer loop
      vertex -11.8521 -0.808242 0
      vertex -9.1736 -0.662623 0
      vertex -9.07735 -0.867156 0
    endloop
  endfacet
  facet normal 0 0 -1
    outer loop
      vertex -11.9782 -1.1964 0
      vertex -9.07735 -0.867156 0
      vertex -8.95623 -1.05801 0
    endloop
  endfacet
  facet normal 0 0 -1
    outer loop
      vertex -12.152 -1.5657 0
      vertex -8.95623 -1.05801 0
      vertex -8.81214 -1.23218 0
    endloop
  endfacet
  facet normal 0 0 -1
    outer loop
      vertex -12.3707 -1.9103 0
      vertex -8.81214 -1.23218 0
      vertex -8.64736 -1.38692 0
    endloop
  endfacet
  facet normal 0 0 -1
    outer loop
      vertex -12.3707 -1.9103 0
      vertex -8.64736 -1.38692 0
      vertex -8.46449 -1.51979 0
    endloop
  endfacet
  facet normal 0 0 -1
    outer loop
      vertex -12.6309 -2.22478 0
      vertex -8.46449 -1.51979 0
      vertex -8.2664 -1.62869 0
    endloop
  endfacet
  facet normal -0 0 -1
    outer loop
      vertex -9.28581 -0.225599 0
      vertex -11.7756 -0.407332 0
      vertex -11.75 0 0
    endloop
  endfacet
  facet normal 0 0 -1
    outer loop
      vertex -12.9284 -2.50417 0
      vertex -8.2664 -1.62869 0
      vertex -8.05623 -1.7119 0
    endloop
  endfacet
  facet normal -0 0 -1
    outer loop
      vertex -9.24345 -0.447641 0
      vertex -11.8521 -0.808242 0
      vertex -11.7756 -0.407332 0
    endloop
  endfacet
  facet normal 0 0 -1
    outer loop
      vertex -13.2586 -2.74407 0
      vertex -8.05623 -1.7119 0
      vertex -7.83729 -1.76812 0
    endloop
  endfacet
  facet normal -0 0 -1
    outer loop
      vertex -9.07735 -0.867156 0
      vertex -11.9782 -1.1964 0
      vertex -11.8521 -0.808242 0
    endloop
  endfacet
  facet normal -0 0 -1
    outer loop
      vertex -7.61302 -1.79645 0
      vertex -13.6162 -2.94069 0
      vertex -7.83729 -1.76812 0
    endloop
  endfacet
  facet normal 0 0 -1
    outer loop
      vertex -8.95623 -1.05801 0
      vertex -12.152 -1.5657 0
      vertex -11.9782 -1.1964 0
    endloop
  endfacet
  facet normal 0 0 -1
    outer loop
      vertex -8.81214 -1.23218 0
      vertex -12.3707 -1.9103 0
      vertex -12.152 -1.5657 0
    endloop
  endfacet
  facet normal 0 0 -1
    outer loop
      vertex -14.391 -3.19243 0
      vertex -0.608989 -3.19243 0
      vertex -0.204069 -3.24359 0
    endloop
  endfacet
  facet normal 0 0 -1
    outer loop
      vertex -32.314 -6.99013 0
      vertex -0.204069 -3.24359 0
      vertex 32.314 -6.99013 0
    endloop
  endfacet
  facet normal 0 0 -1
    outer loop
      vertex -8.46449 -1.51979 0
      vertex -12.6309 -2.22478 0
      vertex -12.3707 -1.9103 0
    endloop
  endfacet
  facet normal 0 0 -1
    outer loop
      vertex -8.2664 -1.62869 0
      vertex -12.9284 -2.50417 0
      vertex -12.6309 -2.22478 0
    endloop
  endfacet
  facet normal 0 0 -1
    outer loop
      vertex -8.05623 -1.7119 0
      vertex -13.2586 -2.74407 0
      vertex -12.9284 -2.50417 0
    endloop
  endfacet
  facet normal 0 0 -1
    outer loop
      vertex -7.83729 -1.76812 0
      vertex -13.6162 -2.94069 0
      vertex -13.2586 -2.74407 0
    endloop
  endfacet
  facet normal 0 0 -1
    outer loop
      vertex -1.0043 -3.09093 0
      vertex -13.9957 -3.09093 0
      vertex -13.6162 -2.94069 0
    endloop
  endfacet
  facet normal 0 0 -1
    outer loop
      vertex -0.608989 -3.19243 0
      vertex -14.391 -3.19243 0
      vertex -13.9957 -3.09093 0
    endloop
  endfacet
  facet normal 0 0 -1
    outer loop
      vertex -0.204069 -3.24359 0
      vertex -14.7959 -3.24359 0
      vertex -14.391 -3.19243 0
    endloop
  endfacet
  facet normal -0 0 -1
    outer loop
      vertex -0.204069 -3.24359 0
      vertex -32.314 -6.99013 0
      vertex -14.7959 -3.24359 0
    endloop
  endfacet
  facet normal 0 0 -1
    outer loop
      vertex -20.7142 -0.225599 0
      vertex -18.25 0 0
      vertex -18.2244 -0.407332 0
    endloop
  endfacet
  facet normal 0 0 -1
    outer loop
      vertex -20.7565 -0.447641 0
      vertex -18.2244 -0.407332 0
      vertex -18.1479 -0.808242 0
    endloop
  endfacet
  facet normal 0 0 -1
    outer loop
      vertex -20.9226 -0.867156 0
      vertex -18.1479 -0.808242 0
      vertex -18.0218 -1.1964 0
    endloop
  endfacet
  facet normal 0 0 -1
    outer loop
      vertex -21.0438 -1.05801 0
      vertex -18.0218 -1.1964 0
      vertex -17.848 -1.5657 0
    endloop
  endfacet
  facet normal 0 0 -1
    outer loop
      vertex -21.1879 -1.23218 0
      vertex -17.848 -1.5657 0
      vertex -17.6293 -1.9103 0
    endloop
  endfacet
  facet normal 0 0 -1
    outer loop
      vertex -21.5355 -1.51979 0
      vertex -17.6293 -1.9103 0
      vertex -17.3691 -2.22478 0
    endloop
  endfacet
  facet normal 0 0 -1
    outer loop
      vertex -21.7336 -1.62869 0
      vertex -17.3691 -2.22478 0
      vertex -17.0716 -2.50417 0
    endloop
  endfacet
  facet normal 0 0 -1
    outer loop
      vertex -21.9438 -1.7119 0
      vertex -17.0716 -2.50417 0
      vertex -16.7414 -2.74407 0
    endloop
  endfacet
  facet normal -0 0 -1
    outer loop
      vertex -18.25 0 0
      vertex -20.7142 -0.225599 0
      vertex -20.7 0 0
    endloop
  endfacet
  facet normal -0 0 -1
    outer loop
      vertex -18.2244 -0.407332 0
      vertex -20.7565 -0.447641 0
      vertex -20.7142 -0.225599 0
    endloop
  endfacet
  facet normal 0 0 -1
    outer loop
      vertex -18.1479 -0.808242 0
      vertex -20.8264 -0.662623 0
      vertex -20.7565 -0.447641 0
    endloop
  endfacet
  facet normal 0 0 -1
    outer loop
      vertex -22.1627 -1.76812 0
      vertex -16.7414 -2.74407 0
      vertex -16.3838 -2.94069 0
    endloop
  endfacet
  facet normal -0 0 -1
    outer loop
      vertex -18.1479 -0.808242 0
      vertex -20.9226 -0.867156 0
      vertex -20.8264 -0.662623 0
    endloop
  endfacet
  facet normal 0 0 -1
    outer loop
      vertex -18.0218 -1.1964 0
      vertex -21.0438 -1.05801 0
      vertex -20.9226 -0.867156 0
    endloop
  endfacet
  facet normal 0 0 -1
    outer loop
      vertex -17.848 -1.5657 0
      vertex -21.1879 -1.23218 0
      vertex -21.0438 -1.05801 0
    endloop
  endfacet
  facet normal 0 0 -1
    outer loop
      vertex -32.314 -6.99013 0
      vertex -16.3838 -2.94069 0
      vertex -16.0043 -3.09093 0
    endloop
  endfacet
  facet normal 0 0 -1
    outer loop
      vertex -17.6293 -1.9103 0
      vertex -21.3526 -1.38692 0
      vertex -21.1879 -1.23218 0
    endloop
  endfacet
  facet normal 0 0 -1
    outer loop
      vertex -17.6293 -1.9103 0
      vertex -21.5355 -1.51979 0
      vertex -21.3526 -1.38692 0
    endloop
  endfacet
  facet normal 0 0 -1
    outer loop
      vertex -17.3691 -2.22478 0
      vertex -21.7336 -1.62869 0
      vertex -21.5355 -1.51979 0
    endloop
  endfacet
  facet normal 0 0 -1
    outer loop
      vertex -32.314 -6.99013 0
      vertex -16.0043 -3.09093 0
      vertex -15.609 -3.19243 0
    endloop
  endfacet
  facet normal 0 0 -1
    outer loop
      vertex -17.0716 -2.50417 0
      vertex -21.9438 -1.7119 0
      vertex -21.7336 -1.62869 0
    endloop
  endfacet
  facet normal 0 0 -1
    outer loop
      vertex -16.7414 -2.74407 0
      vertex -22.1627 -1.76812 0
      vertex -21.9438 -1.7119 0
    endloop
  endfacet
  facet normal 0 0 -1
    outer loop
      vertex -16.3838 -2.94069 0
      vertex -22.387 -1.79645 0
      vertex -22.1627 -1.76812 0
    endloop
  endfacet
  facet normal -0 0 -1
    outer loop
      vertex -16.3838 -2.94069 0
      vertex -32.314 -6.99013 0
      vertex -22.387 -1.79645 0
    endloop
  endfacet
  facet normal -0 0 -1
    outer loop
      vertex -22.387 -1.79645 0
      vertex -32.314 -6.99013 0
      vertex -22.613 -1.79645 0
    endloop
  endfacet
  facet normal 0 0 -1
    outer loop
      vertex -24.2858 -0.225599 0
      vertex -26.75 0 0
      vertex -24.3 0 0
    endloop
  endfacet
  facet normal 0 0 -1
    outer loop
      vertex -26.7756 -0.407332 0
      vertex -24.2858 -0.225599 0
      vertex -24.2435 -0.447641 0
    endloop
  endfacet
  facet normal 0 0 -1
    outer loop
      vertex -26.8521 -0.808242 0
      vertex -24.2435 -0.447641 0
      vertex -24.1736 -0.662623 0
    endloop
  endfacet
  facet normal 0 0 -1
    outer loop
      vertex -26.8521 -0.808242 0
      vertex -24.1736 -0.662623 0
      vertex -24.0774 -0.867156 0
    endloop
  endfacet
  facet normal 0 0 -1
    outer loop
      vertex -26.9782 -1.1964 0
      vertex -24.0774 -0.867156 0
      vertex -23.9562 -1.05801 0
    endloop
  endfacet
  facet normal 0 0 -1
    outer loop
      vertex -27.152 -1.5657 0
      vertex -23.9562 -1.05801 0
      vertex -23.8121 -1.23218 0
    endloop
  endfacet
  facet normal 0 0 -1
    outer loop
      vertex -27.3707 -1.9103 0
      vertex -23.8121 -1.23218 0
      vertex -23.6474 -1.38692 0
    endloop
  endfacet
  facet normal 0 0 -1
    outer loop
      vertex -27.3707 -1.9103 0
      vertex -23.6474 -1.38692 0
      vertex -23.4645 -1.51979 0
    endloop
  endfacet
  facet normal 0 0 -1
    outer loop
      vertex -27.6309 -2.22478 0
      vertex -23.4645 -1.51979 0
      vertex -23.2664 -1.62869 0
    endloop
  endfacet
  facet normal -0 0 -1
    outer loop
      vertex -24.2858 -0.225599 0
      vertex -26.7756 -0.407332 0
      vertex -26.75 0 0
    endloop
  endfacet
  facet normal 0 0 -1
    outer loop
      vertex -27.9284 -2.50417 0
      vertex -23.2664 -1.62869 0
      vertex -23.0562 -1.7119 0
    endloop
  endfacet
  facet normal -0 0 -1
    outer loop
      vertex -24.2435 -0.447641 0
      vertex -26.8521 -0.808242 0
      vertex -26.7756 -0.407332 0
    endloop
  endfacet
  facet normal 0 0 -1
    outer loop
      vertex -28.2586 -2.74407 0
      vertex -23.0562 -1.7119 0
      vertex -22.8373 -1.76812 0
    endloop
  endfacet
  facet normal -0 0 -1
    outer loop
      vertex -24.0774 -0.867156 0
      vertex -26.9782 -1.1964 0
      vertex -26.8521 -0.808242 0
    endloop
  endfacet
  facet normal -0 0 -1
    outer loop
      vertex -22.613 -1.79645 0
      vertex -32.314 -6.99013 0
      vertex -22.8373 -1.76812 0
    endloop
  endfacet
  facet normal 0 0 -1
    outer loop
      vertex -23.9562 -1.05801 0
      vertex -27.152 -1.5657 0
      vertex -26.9782 -1.1964 0
    endloop
  endfacet
  facet normal 0 0 -1
    outer loop
      vertex -23.8121 -1.23218 0
      vertex -27.3707 -1.9103 0
      vertex -27.152 -1.5657 0
    endloop
  endfacet
  facet normal 0 0 -1
    outer loop
      vertex -32.314 -6.99013 0
      vertex -15.609 -3.19243 0
      vertex -15.2041 -3.24359 0
    endloop
  endfacet
  facet normal 0 0 -1
    outer loop
      vertex -23.4645 -1.51979 0
      vertex -27.6309 -2.22478 0
      vertex -27.3707 -1.9103 0
    endloop
  endfacet
  facet normal 0 0 -1
    outer loop
      vertex -23.2664 -1.62869 0
      vertex -27.9284 -2.50417 0
      vertex -27.6309 -2.22478 0
    endloop
  endfacet
  facet normal -0 0 -1
    outer loop
      vertex -14.7959 -3.24359 0
      vertex -32.314 -6.99013 0
      vertex -15.2041 -3.24359 0
    endloop
  endfacet
  facet normal 0 0 -1
    outer loop
      vertex -22.8373 -1.76812 0
      vertex -32.314 -6.99013 0
      vertex -28.2586 -2.74407 0
    endloop
  endfacet
  facet normal 0 0 -1
    outer loop
      vertex -23.0562 -1.7119 0
      vertex -28.2586 -2.74407 0
      vertex -27.9284 -2.50417 0
    endloop
  endfacet
  facet normal 0 0 -1
    outer loop
      vertex -28.2586 -2.74407 0
      vertex -32.314 -6.99013 0
      vertex -28.6162 -2.94069 0
    endloop
  endfacet
  facet normal 0 0 -1
    outer loop
      vertex -28.6162 -2.94069 0
      vertex -32.314 -6.99013 0
      vertex -28.9957 -3.09093 0
    endloop
  endfacet
  facet normal 0 0 -1
    outer loop
      vertex -28.9957 -3.09093 0
      vertex -32.314 -6.99013 0
      vertex -29.391 -3.19243 0
    endloop
  endfacet
  facet normal 0 0 -1
    outer loop
      vertex -29.391 -3.19243 0
      vertex -32.314 -6.99013 0
      vertex -29.7959 -3.24359 0
    endloop
  endfacet
  facet normal -0 0 -1
    outer loop
      vertex -29.7959 -3.24359 0
      vertex -32.314 -6.99013 0
      vertex -30.2041 -3.24359 0
    endloop
  endfacet
  facet normal 0 0 -1
    outer loop
      vertex -32.314 -6.99013 0
      vertex -30.609 -3.19243 0
      vertex -30.2041 -3.24359 0
    endloop
  endfacet
  facet normal 0 0 -1
    outer loop
      vertex -32.314 -6.99013 0
      vertex -31.0043 -3.09093 0
      vertex -30.609 -3.19243 0
    endloop
  endfacet
  facet normal 0 0 -1
    outer loop
      vertex -32.314 -6.99013 0
      vertex -31.3838 -2.94069 0
      vertex -31.0043 -3.09093 0
    endloop
  endfacet
  facet normal 0 0 -1
    outer loop
      vertex -32.9369 -6.91144 0
      vertex -31.3838 -2.94069 0
      vertex -32.314 -6.99013 0
    endloop
  endfacet
  facet normal -0 0 -1
    outer loop
      vertex -31.3838 -2.94069 0
      vertex -32.9369 -6.91144 0
      vertex -31.7414 -2.74407 0
    endloop
  endfacet
  facet normal 0 0 -1
    outer loop
      vertex -33.5451 -6.75528 0
      vertex -31.7414 -2.74407 0
      vertex -32.9369 -6.91144 0
    endloop
  endfacet
  facet normal 0 0 -1
    outer loop
      vertex -34.1289 -6.52413 0
      vertex -31.7414 -2.74407 0
      vertex -33.5451 -6.75528 0
    endloop
  endfacet
  facet normal -0 0 -1
    outer loop
      vertex -31.7414 -2.74407 0
      vertex -34.1289 -6.52413 0
      vertex -32.0716 -2.50417 0
    endloop
  endfacet
  facet normal 0 0 -1
    outer loop
      vertex -34.6791 -6.22164 0
      vertex -32.0716 -2.50417 0
      vertex -34.1289 -6.52413 0
    endloop
  endfacet
  facet normal 0 0 -1
    outer loop
      vertex -35.1871 -5.85257 0
      vertex -32.0716 -2.50417 0
      vertex -34.6791 -6.22164 0
    endloop
  endfacet
  facet normal -0 0 -1
    outer loop
      vertex -32.0716 -2.50417 0
      vertex -35.1871 -5.85257 0
      vertex -32.3691 -2.22478 0
    endloop
  endfacet
  facet normal 0 0 -1
    outer loop
      vertex -35.6448 -5.42274 0
      vertex -32.3691 -2.22478 0
      vertex -35.1871 -5.85257 0
    endloop
  endfacet
  facet normal 0 0 -1
    outer loop
      vertex -36.0451 -4.93893 0
      vertex -32.3691 -2.22478 0
      vertex -35.6448 -5.42274 0
    endloop
  endfacet
  facet normal -0 0 -1
    outer loop
      vertex -32.3691 -2.22478 0
      vertex -36.0451 -4.93893 0
      vertex -32.6293 -1.9103 0
    endloop
  endfacet
  facet normal 0 0 -1
    outer loop
      vertex 32.3691 2.22478 0
      vertex 36.0451 4.93893 0
      vertex 32.6293 1.9103 0
    endloop
  endfacet
  facet normal -0 0 -1
    outer loop
      vertex 36.0451 4.93893 0
      vertex 32.3691 2.22478 0
      vertex 35.6448 5.42274 0
    endloop
  endfacet
  facet normal -0 0 -1
    outer loop
      vertex 35.6448 5.42274 0
      vertex 32.3691 2.22478 0
      vertex 35.1871 5.85257 0
    endloop
  endfacet
  facet normal 0 0 -1
    outer loop
      vertex 32.0716 2.50417 0
      vertex 35.1871 5.85257 0
      vertex 32.3691 2.22478 0
    endloop
  endfacet
  facet normal -0 0 -1
    outer loop
      vertex 35.1871 5.85257 0
      vertex 32.0716 2.50417 0
      vertex 34.6791 6.22164 0
    endloop
  endfacet
  facet normal -0 0 -1
    outer loop
      vertex 34.6791 6.22164 0
      vertex 32.0716 2.50417 0
      vertex 34.1289 6.52413 0
    endloop
  endfacet
  facet normal 0 0 -1
    outer loop
      vertex 31.7414 2.74407 0
      vertex 34.1289 6.52413 0
      vertex 32.0716 2.50417 0
    endloop
  endfacet
  facet normal -0 0 -1
    outer loop
      vertex 34.1289 6.52413 0
      vertex 31.7414 2.74407 0
      vertex 33.5451 6.75528 0
    endloop
  endfacet
  facet normal -0 0 -1
    outer loop
      vertex 33.5451 6.75528 0
      vertex 31.7414 2.74407 0
      vertex 32.9369 6.91144 0
    endloop
  endfacet
  facet normal 0 0 -1
    outer loop
      vertex 31.3838 2.94069 0
      vertex 32.9369 6.91144 0
      vertex 31.7414 2.74407 0
    endloop
  endfacet
  facet normal -0 0 -1
    outer loop
      vertex 32.9369 6.91144 0
      vertex 31.3838 2.94069 0
      vertex 32.314 6.99013 0
    endloop
  endfacet
  facet normal 0 0 -1
    outer loop
      vertex 31.0043 3.09093 0
      vertex 32.314 6.99013 0
      vertex 31.3838 2.94069 0
    endloop
  endfacet
  facet normal 0 0 -1
    outer loop
      vertex 30.609 3.19243 0
      vertex 32.314 6.99013 0
      vertex 31.0043 3.09093 0
    endloop
  endfacet
  facet normal 0 0 -1
    outer loop
      vertex 30.2041 3.24359 0
      vertex 32.314 6.99013 0
      vertex 30.609 3.19243 0
    endloop
  endfacet
  facet normal 0 0 -1
    outer loop
      vertex 29.7959 3.24359 0
      vertex 32.314 6.99013 0
      vertex 30.2041 3.24359 0
    endloop
  endfacet
  facet normal 0 0 -1
    outer loop
      vertex 29.391 3.19243 0
      vertex 32.314 6.99013 0
      vertex 29.7959 3.24359 0
    endloop
  endfacet
  facet normal 0 0 -1
    outer loop
      vertex 28.9957 3.09093 0
      vertex 32.314 6.99013 0
      vertex 29.391 3.19243 0
    endloop
  endfacet
  facet normal 0 0 -1
    outer loop
      vertex 28.6162 2.94069 0
      vertex 32.314 6.99013 0
      vertex 28.9957 3.09093 0
    endloop
  endfacet
  facet normal 0 0 -1
    outer loop
      vertex 28.2586 2.74407 0
      vertex 32.314 6.99013 0
      vertex 28.6162 2.94069 0
    endloop
  endfacet
  facet normal 0 0 -1
    outer loop
      vertex 23.0562 1.7119 0
      vertex 28.2586 2.74407 0
      vertex 27.9284 2.50417 0
    endloop
  endfacet
  facet normal 0 0 -1
    outer loop
      vertex 23.2664 1.62869 0
      vertex 27.9284 2.50417 0
      vertex 27.6309 2.22478 0
    endloop
  endfacet
  facet normal 0 0 -1
    outer loop
      vertex 24.2858 0.225599 0
      vertex 26.75 0 0
      vertex 24.3 0 0
    endloop
  endfacet
  facet normal 0 0 -1
    outer loop
      vertex 26.75 0 0
      vertex 24.2858 0.225599 0
      vertex 26.7756 0.407332 0
    endloop
  endfacet
  facet normal 0 0 -1
    outer loop
      vertex 24.2435 0.447641 0
      vertex 26.7756 0.407332 0
      vertex 24.2858 0.225599 0
    endloop
  endfacet
  facet normal 0 0 -1
    outer loop
      vertex 26.7756 0.407332 0
      vertex 24.2435 0.447641 0
      vertex 26.8521 0.808242 0
    endloop
  endfacet
  facet normal 0 0 -1
    outer loop
      vertex 24.1736 0.662623 0
      vertex 26.8521 0.808242 0
      vertex 24.2435 0.447641 0
    endloop
  endfacet
  facet normal 0 0 -1
    outer loop
      vertex 24.0774 0.867156 0
      vertex 26.8521 0.808242 0
      vertex 24.1736 0.662623 0
    endloop
  endfacet
  facet normal 0 0 -1
    outer loop
      vertex 26.8521 0.808242 0
      vertex 24.0774 0.867156 0
      vertex 26.9782 1.1964 0
    endloop
  endfacet
  facet normal 0 0 -1
    outer loop
      vertex 23.9562 1.05801 0
      vertex 26.9782 1.1964 0
      vertex 24.0774 0.867156 0
    endloop
  endfacet
  facet normal -0 0 -1
    outer loop
      vertex 26.9782 1.1964 0
      vertex 23.9562 1.05801 0
      vertex 27.152 1.5657 0
    endloop
  endfacet
  facet normal 0 0 -1
    outer loop
      vertex 23.8121 1.23218 0
      vertex 27.152 1.5657 0
      vertex 23.9562 1.05801 0
    endloop
  endfacet
  facet normal -0 0 -1
    outer loop
      vertex 27.152 1.5657 0
      vertex 23.8121 1.23218 0
      vertex 27.3707 1.9103 0
    endloop
  endfacet
  facet normal 0 0 -1
    outer loop
      vertex 23.6474 1.38692 0
      vertex 27.3707 1.9103 0
      vertex 23.8121 1.23218 0
    endloop
  endfacet
  facet normal 0 0 -1
    outer loop
      vertex 23.4645 1.51979 0
      vertex 27.3707 1.9103 0
      vertex 23.6474 1.38692 0
    endloop
  endfacet
  facet normal -0 0 -1
    outer loop
      vertex 27.3707 1.9103 0
      vertex 23.4645 1.51979 0
      vertex 27.6309 2.22478 0
    endloop
  endfacet
  facet normal 0 0 -1
    outer loop
      vertex 23.2664 1.62869 0
      vertex 27.6309 2.22478 0
      vertex 23.4645 1.51979 0
    endloop
  endfacet
  facet normal 0 0 -1
    outer loop
      vertex 27.9284 2.50417 0
      vertex 23.2664 1.62869 0
      vertex 23.0562 1.7119 0
    endloop
  endfacet
  facet normal 0 0 -1
    outer loop
      vertex 28.2586 2.74407 0
      vertex 23.0562 1.7119 0
      vertex 22.8373 1.76812 0
    endloop
  endfacet
  facet normal -0 0 -1
    outer loop
      vertex 28.2586 2.74407 0
      vertex 22.8373 1.76812 0
      vertex 32.314 6.99013 0
    endloop
  endfacet
  facet normal 0 0 -1
    outer loop
      vertex 22.613 1.79645 0
      vertex 32.314 6.99013 0
      vertex 22.8373 1.76812 0
    endloop
  endfacet
  facet normal 0 0 -1
    outer loop
      vertex 22.387 1.79645 0
      vertex 32.314 6.99013 0
      vertex 22.613 1.79645 0
    endloop
  endfacet
  facet normal 0 0 -1
    outer loop
      vertex 16.3838 2.94069 0
      vertex 22.387 1.79645 0
      vertex 22.1627 1.76812 0
    endloop
  endfacet
  facet normal 0 0 -1
    outer loop
      vertex 16.7414 2.74407 0
      vertex 22.1627 1.76812 0
      vertex 21.9438 1.7119 0
    endloop
  endfacet
  facet normal 0 0 -1
    outer loop
      vertex 17.0716 2.50417 0
      vertex 21.9438 1.7119 0
      vertex 21.7336 1.62869 0
    endloop
  endfacet
  facet normal 0 0 -1
    outer loop
      vertex 18.25 0 0
      vertex 20.7142 0.225599 0
      vertex 20.7 0 0
    endloop
  endfacet
  facet normal 0 0 -1
    outer loop
      vertex 18.2244 0.407332 0
      vertex 20.7142 0.225599 0
      vertex 18.25 0 0
    endloop
  endfacet
  facet normal 0 0 -1
    outer loop
      vertex 20.7142 0.225599 0
      vertex 18.2244 0.407332 0
      vertex 20.7565 0.447641 0
    endloop
  endfacet
  facet normal 0 0 -1
    outer loop
      vertex 18.1479 0.808242 0
      vertex 20.7565 0.447641 0
      vertex 18.2244 0.407332 0
    endloop
  endfacet
  facet normal 0 0 -1
    outer loop
      vertex 20.7565 0.447641 0
      vertex 18.1479 0.808242 0
      vertex 20.8264 0.662623 0
    endloop
  endfacet
  facet normal 0 0 -1
    outer loop
      vertex 20.8264 0.662623 0
      vertex 18.1479 0.808242 0
      vertex 20.9226 0.867156 0
    endloop
  endfacet
  facet normal 0 0 -1
    outer loop
      vertex 18.0218 1.1964 0
      vertex 20.9226 0.867156 0
      vertex 18.1479 0.808242 0
    endloop
  endfacet
  facet normal 0 0 -1
    outer loop
      vertex 20.9226 0.867156 0
      vertex 18.0218 1.1964 0
      vertex 21.0438 1.05801 0
    endloop
  endfacet
  facet normal 0 0 -1
    outer loop
      vertex 17.848 1.5657 0
      vertex 21.0438 1.05801 0
      vertex 18.0218 1.1964 0
    endloop
  endfacet
  facet normal 0 0 -1
    outer loop
      vertex 21.0438 1.05801 0
      vertex 17.848 1.5657 0
      vertex 21.1879 1.23218 0
    endloop
  endfacet
  facet normal 0 0 -1
    outer loop
      vertex 17.6293 1.9103 0
      vertex 21.1879 1.23218 0
      vertex 17.848 1.5657 0
    endloop
  endfacet
  facet normal 0 0 -1
    outer loop
      vertex 21.1879 1.23218 0
      vertex 17.6293 1.9103 0
      vertex 21.3526 1.38692 0
    endloop
  endfacet
  facet normal 0 0 -1
    outer loop
      vertex 21.3526 1.38692 0
      vertex 17.6293 1.9103 0
      vertex 21.5355 1.51979 0
    endloop
  endfacet
  facet normal 0 0 -1
    outer loop
      vertex 17.3691 2.22478 0
      vertex 21.5355 1.51979 0
      vertex 17.6293 1.9103 0
    endloop
  endfacet
  facet normal 0 0 -1
    outer loop
      vertex 21.5355 1.51979 0
      vertex 17.3691 2.22478 0
      vertex 21.7336 1.62869 0
    endloop
  endfacet
  facet normal 0 0 -1
    outer loop
      vertex 17.0716 2.50417 0
      vertex 21.7336 1.62869 0
      vertex 17.3691 2.22478 0
    endloop
  endfacet
  facet normal 0 0 -1
    outer loop
      vertex 21.9438 1.7119 0
      vertex 17.0716 2.50417 0
      vertex 16.7414 2.74407 0
    endloop
  endfacet
  facet normal 0 0 -1
    outer loop
      vertex 22.1627 1.76812 0
      vertex 16.7414 2.74407 0
      vertex 16.3838 2.94069 0
    endloop
  endfacet
  facet normal 0 0 -1
    outer loop
      vertex 22.387 1.79645 0
      vertex 16.3838 2.94069 0
      vertex 32.314 6.99013 0
    endloop
  endfacet
  facet normal 0 0 -1
    outer loop
      vertex 16.0043 3.09093 0
      vertex 32.314 6.99013 0
      vertex 16.3838 2.94069 0
    endloop
  endfacet
  facet normal 0 0 -1
    outer loop
      vertex 15.609 3.19243 0
      vertex 32.314 6.99013 0
      vertex 16.0043 3.09093 0
    endloop
  endfacet
  facet normal 0 0 -1
    outer loop
      vertex 15.2041 3.24359 0
      vertex 32.314 6.99013 0
      vertex 15.609 3.19243 0
    endloop
  endfacet
  facet normal 0 0 -1
    outer loop
      vertex 14.7959 3.24359 0
      vertex 32.314 6.99013 0
      vertex 15.2041 3.24359 0
    endloop
  endfacet
  facet normal 0 0 -1
    outer loop
      vertex 0.204069 3.24359 0
      vertex 14.7959 3.24359 0
      vertex 14.391 3.19243 0
    endloop
  endfacet
  facet normal 0 0 -1
    outer loop
      vertex 9.28581 0.225599 0
      vertex 11.75 0 0
      vertex 9.3 0 0
    endloop
  endfacet
  facet normal 0 0 -1
    outer loop
      vertex 11.75 0 0
      vertex 9.28581 0.225599 0
      vertex 11.7756 0.407332 0
    endloop
  endfacet
  facet normal 0 0 -1
    outer loop
      vertex 9.24345 0.447641 0
      vertex 11.7756 0.407332 0
      vertex 9.28581 0.225599 0
    endloop
  endfacet
  facet normal 0 0 -1
    outer loop
      vertex 11.7756 0.407332 0
      vertex 9.24345 0.447641 0
      vertex 11.8521 0.808242 0
    endloop
  endfacet
  facet normal 0 0 -1
    outer loop
      vertex 9.1736 0.662623 0
      vertex 11.8521 0.808242 0
      vertex 9.24345 0.447641 0
    endloop
  endfacet
  facet normal 0 0 -1
    outer loop
      vertex 9.07735 0.867156 0
      vertex 11.8521 0.808242 0
      vertex 9.1736 0.662623 0
    endloop
  endfacet
  facet normal 0 0 -1
    outer loop
      vertex 11.8521 0.808242 0
      vertex 9.07735 0.867156 0
      vertex 11.9782 1.1964 0
    endloop
  endfacet
  facet normal 0 0 -1
    outer loop
      vertex 8.95623 1.05801 0
      vertex 11.9782 1.1964 0
      vertex 9.07735 0.867156 0
    endloop
  endfacet
  facet normal -0 0 -1
    outer loop
      vertex 11.9782 1.1964 0
      vertex 8.95623 1.05801 0
      vertex 12.152 1.5657 0
    endloop
  endfacet
  facet normal 0 0 -1
    outer loop
      vertex 8.81214 1.23218 0
      vertex 12.152 1.5657 0
      vertex 8.95623 1.05801 0
    endloop
  endfacet
  facet normal -0 0 -1
    outer loop
      vertex 12.152 1.5657 0
      vertex 8.81214 1.23218 0
      vertex 12.3707 1.9103 0
    endloop
  endfacet
  facet normal 0 0 -1
    outer loop
      vertex 8.64736 1.38692 0
      vertex 12.3707 1.9103 0
      vertex 8.81214 1.23218 0
    endloop
  endfacet
  facet normal 0 0 -1
    outer loop
      vertex 8.46449 1.51979 0
      vertex 12.3707 1.9103 0
      vertex 8.64736 1.38692 0
    endloop
  endfacet
  facet normal -0 0 -1
    outer loop
      vertex 12.3707 1.9103 0
      vertex 8.46449 1.51979 0
      vertex 12.6309 2.22478 0
    endloop
  endfacet
  facet normal 0 0 -1
    outer loop
      vertex 8.2664 1.62869 0
      vertex 12.6309 2.22478 0
      vertex 8.46449 1.51979 0
    endloop
  endfacet
  facet normal -0 0 -1
    outer loop
      vertex 12.6309 2.22478 0
      vertex 8.2664 1.62869 0
      vertex 12.9284 2.50417 0
    endloop
  endfacet
  facet normal 0 0 -1
    outer loop
      vertex 8.05623 1.7119 0
      vertex 12.9284 2.50417 0
      vertex 8.2664 1.62869 0
    endloop
  endfacet
  facet normal -0 0 -1
    outer loop
      vertex 12.9284 2.50417 0
      vertex 8.05623 1.7119 0
      vertex 13.2586 2.74407 0
    endloop
  endfacet
  facet normal 0 0 -1
    outer loop
      vertex 7.83729 1.76812 0
      vertex 13.2586 2.74407 0
      vertex 8.05623 1.7119 0
    endloop
  endfacet
  facet normal -0 0 -1
    outer loop
      vertex 13.2586 2.74407 0
      vertex 7.83729 1.76812 0
      vertex 13.6162 2.94069 0
    endloop
  endfacet
  facet normal 0 0 -1
    outer loop
      vertex 7.61302 1.79645 0
      vertex 13.6162 2.94069 0
      vertex 7.83729 1.76812 0
    endloop
  endfacet
  facet normal -0 0 -1
    outer loop
      vertex 13.6162 2.94069 0
      vertex 7.61302 1.79645 0
      vertex 13.9957 3.09093 0
    endloop
  endfacet
  facet normal 0 0 -1
    outer loop
      vertex 1.0043 3.09093 0
      vertex 13.9957 3.09093 0
      vertex 7.61302 1.79645 0
    endloop
  endfacet
  facet normal 0 0 -1
    outer loop
      vertex 13.9957 3.09093 0
      vertex 1.0043 3.09093 0
      vertex 14.391 3.19243 0
    endloop
  endfacet
  facet normal 0 0 -1
    outer loop
      vertex 1.0043 3.09093 0
      vertex 7.61302 1.79645 0
      vertex 7.38698 1.79645 0
    endloop
  endfacet
  facet normal 0 0 -1
    outer loop
      vertex 1.38378 2.94069 0
      vertex 7.38698 1.79645 0
      vertex 7.16271 1.76812 0
    endloop
  endfacet
  facet normal 0 0 -1
    outer loop
      vertex 3.25 0 0
      vertex 5.71419 0.225599 0
      vertex 5.7 0 0
    endloop
  endfacet
  facet normal 0 0 -1
    outer loop
      vertex 3.22437 0.407332 0
      vertex 5.71419 0.225599 0
      vertex 3.25 0 0
    endloop
  endfacet
  facet normal 0 0 -1
    outer loop
      vertex 5.71419 0.225599 0
      vertex 3.22437 0.407332 0
      vertex 5.75655 0.447641 0
    endloop
  endfacet
  facet normal 0 0 -1
    outer loop
      vertex 3.14789 0.808242 0
      vertex 5.75655 0.447641 0
      vertex 3.22437 0.407332 0
    endloop
  endfacet
  facet normal 0 0 -1
    outer loop
      vertex 5.75655 0.447641 0
      vertex 3.14789 0.808242 0
      vertex 5.8264 0.662623 0
    endloop
  endfacet
  facet normal 0 0 -1
    outer loop
      vertex 5.8264 0.662623 0
      vertex 3.14789 0.808242 0
      vertex 5.92265 0.867156 0
    endloop
  endfacet
  facet normal 0 0 -1
    outer loop
      vertex 3.02177 1.1964 0
      vertex 5.92265 0.867156 0
      vertex 3.14789 0.808242 0
    endloop
  endfacet
  facet normal 0 0 -1
    outer loop
      vertex 5.92265 0.867156 0
      vertex 3.02177 1.1964 0
      vertex 6.04377 1.05801 0
    endloop
  endfacet
  facet normal 0 0 -1
    outer loop
      vertex 2.848 1.5657 0
      vertex 6.04377 1.05801 0
      vertex 3.02177 1.1964 0
    endloop
  endfacet
  facet normal 0 0 -1
    outer loop
      vertex 6.04377 1.05801 0
      vertex 2.848 1.5657 0
      vertex 6.18786 1.23218 0
    endloop
  endfacet
  facet normal 0 0 -1
    outer loop
      vertex 2.6293 1.9103 0
      vertex 6.18786 1.23218 0
      vertex 2.848 1.5657 0
    endloop
  endfacet
  facet normal 0 0 -1
    outer loop
      vertex 6.18786 1.23218 0
      vertex 2.6293 1.9103 0
      vertex 6.35264 1.38692 0
    endloop
  endfacet
  facet normal 0 0 -1
    outer loop
      vertex 6.35264 1.38692 0
      vertex 2.6293 1.9103 0
      vertex 6.53551 1.51979 0
    endloop
  endfacet
  facet normal 0 0 -1
    outer loop
      vertex 2.36915 2.22478 0
      vertex 6.53551 1.51979 0
      vertex 2.6293 1.9103 0
    endloop
  endfacet
  facet normal 0 0 -1
    outer loop
      vertex 6.53551 1.51979 0
      vertex 2.36915 2.22478 0
      vertex 6.7336 1.62869 0
    endloop
  endfacet
  facet normal 0 0 -1
    outer loop
      vertex 2.07163 2.50417 0
      vertex 6.7336 1.62869 0
      vertex 2.36915 2.22478 0
    endloop
  endfacet
  facet normal 0 0 -1
    outer loop
      vertex 6.7336 1.62869 0
      vertex 2.07163 2.50417 0
      vertex 6.94377 1.7119 0
    endloop
  endfacet
  facet normal 0 0 -1
    outer loop
      vertex 1.74144 2.74407 0
      vertex 6.94377 1.7119 0
      vertex 2.07163 2.50417 0
    endloop
  endfacet
  facet normal 0 0 -1
    outer loop
      vertex 6.94377 1.7119 0
      vertex 1.74144 2.74407 0
      vertex 7.16271 1.76812 0
    endloop
  endfacet
  facet normal 0 0 -1
    outer loop
      vertex 1.38378 2.94069 0
      vertex 7.16271 1.76812 0
      vertex 1.74144 2.74407 0
    endloop
  endfacet
  facet normal 0 0 -1
    outer loop
      vertex 7.38698 1.79645 0
      vertex 1.38378 2.94069 0
      vertex 1.0043 3.09093 0
    endloop
  endfacet
  facet normal 0 0 -1
    outer loop
      vertex 0.608989 3.19243 0
      vertex 14.391 3.19243 0
      vertex 1.0043 3.09093 0
    endloop
  endfacet
  facet normal 0 0 -1
    outer loop
      vertex 0.204069 3.24359 0
      vertex 14.391 3.19243 0
      vertex 0.608989 3.19243 0
    endloop
  endfacet
  facet normal 0 0 -1
    outer loop
      vertex 14.7959 3.24359 0
      vertex 0.204069 3.24359 0
      vertex 32.314 6.99013 0
    endloop
  endfacet
  facet normal 0 0 -1
    outer loop
      vertex -0.204069 3.24359 0
      vertex 32.314 6.99013 0
      vertex 0.204069 3.24359 0
    endloop
  endfacet
  facet normal 0 0 -1
    outer loop
      vertex -5.71419 0.225599 0
      vertex -3.25 0 0
      vertex -5.7 0 0
    endloop
  endfacet
  facet normal 0 0 -1
    outer loop
      vertex -3.25 0 0
      vertex -5.71419 0.225599 0
      vertex -3.22437 0.407332 0
    endloop
  endfacet
  facet normal 0 0 -1
    outer loop
      vertex -5.75655 0.447641 0
      vertex -3.22437 0.407332 0
      vertex -5.71419 0.225599 0
    endloop
  endfacet
  facet normal 0 0 -1
    outer loop
      vertex -3.22437 0.407332 0
      vertex -5.75655 0.447641 0
      vertex -3.14789 0.808242 0
    endloop
  endfacet
  facet normal 0 0 -1
    outer loop
      vertex -5.8264 0.662623 0
      vertex -3.14789 0.808242 0
      vertex -5.75655 0.447641 0
    endloop
  endfacet
  facet normal 0 0 -1
    outer loop
      vertex -5.92265 0.867156 0
      vertex -3.14789 0.808242 0
      vertex -5.8264 0.662623 0
    endloop
  endfacet
  facet normal 0 0 -1
    outer loop
      vertex -3.14789 0.808242 0
      vertex -5.92265 0.867156 0
      vertex -3.02177 1.1964 0
    endloop
  endfacet
  facet normal 0 0 -1
    outer loop
      vertex -6.04377 1.05801 0
      vertex -3.02177 1.1964 0
      vertex -5.92265 0.867156 0
    endloop
  endfacet
  facet normal -0 0 -1
    outer loop
      vertex -3.02177 1.1964 0
      vertex -6.04377 1.05801 0
      vertex -2.848 1.5657 0
    endloop
  endfacet
  facet normal 0 0 -1
    outer loop
      vertex -6.18786 1.23218 0
      vertex -2.848 1.5657 0
      vertex -6.04377 1.05801 0
    endloop
  endfacet
  facet normal -0 0 -1
    outer loop
      vertex -2.848 1.5657 0
      vertex -6.18786 1.23218 0
      vertex -2.6293 1.9103 0
    endloop
  endfacet
  facet normal 0 0 -1
    outer loop
      vertex -6.35264 1.38692 0
      vertex -2.6293 1.9103 0
      vertex -6.18786 1.23218 0
    endloop
  endfacet
  facet normal 0 0 -1
    outer loop
      vertex -6.53551 1.51979 0
      vertex -2.6293 1.9103 0
      vertex -6.35264 1.38692 0
    endloop
  endfacet
  facet normal -0 0 -1
    outer loop
      vertex -2.6293 1.9103 0
      vertex -6.53551 1.51979 0
      vertex -2.36915 2.22478 0
    endloop
  endfacet
  facet normal 0 0 -1
    outer loop
      vertex -6.7336 1.62869 0
      vertex -2.36915 2.22478 0
      vertex -6.53551 1.51979 0
    endloop
  endfacet
  facet normal -0 0 -1
    outer loop
      vertex -2.36915 2.22478 0
      vertex -6.7336 1.62869 0
      vertex -2.07163 2.50417 0
    endloop
  endfacet
  facet normal 0 0 -1
    outer loop
      vertex -6.94377 1.7119 0
      vertex -2.07163 2.50417 0
      vertex -6.7336 1.62869 0
    endloop
  endfacet
  facet normal -0 0 -1
    outer loop
      vertex -2.07163 2.50417 0
      vertex -6.94377 1.7119 0
      vertex -1.74144 2.74407 0
    endloop
  endfacet
  facet normal 0 0 -1
    outer loop
      vertex -7.16271 1.76812 0
      vertex -1.74144 2.74407 0
      vertex -6.94377 1.7119 0
    endloop
  endfacet
  facet normal -0 0 -1
    outer loop
      vertex -1.74144 2.74407 0
      vertex -7.16271 1.76812 0
      vertex -1.38378 2.94069 0
    endloop
  endfacet
  facet normal 0 0 -1
    outer loop
      vertex -7.38698 1.79645 0
      vertex -1.38378 2.94069 0
      vertex -7.16271 1.76812 0
    endloop
  endfacet
  facet normal -0 0 -1
    outer loop
      vertex -1.38378 2.94069 0
      vertex -7.38698 1.79645 0
      vertex -1.0043 3.09093 0
    endloop
  endfacet
  facet normal 0 0 -1
    outer loop
      vertex -7.61302 1.79645 0
      vertex -1.0043 3.09093 0
      vertex -7.38698 1.79645 0
    endloop
  endfacet
  facet normal 0 0 -1
    outer loop
      vertex -13.6162 2.94069 0
      vertex -1.0043 3.09093 0
      vertex -7.61302 1.79645 0
    endloop
  endfacet
  facet normal 0 0 -1
    outer loop
      vertex -13.6162 2.94069 0
      vertex -7.61302 1.79645 0
      vertex -7.83729 1.76812 0
    endloop
  endfacet
  facet normal 0 0 -1
    outer loop
      vertex -11.75 0 0
      vertex -9.28581 0.225599 0
      vertex -9.3 0 0
    endloop
  endfacet
  facet normal 0 0 -1
    outer loop
      vertex -11.7756 0.407332 0
      vertex -9.28581 0.225599 0
      vertex -11.75 0 0
    endloop
  endfacet
  facet normal 0 0 -1
    outer loop
      vertex -9.28581 0.225599 0
      vertex -11.7756 0.407332 0
      vertex -9.24345 0.447641 0
    endloop
  endfacet
  facet normal 0 0 -1
    outer loop
      vertex -11.8521 0.808242 0
      vertex -9.24345 0.447641 0
      vertex -11.7756 0.407332 0
    endloop
  endfacet
  facet normal 0 0 -1
    outer loop
      vertex -9.24345 0.447641 0
      vertex -11.8521 0.808242 0
      vertex -9.1736 0.662623 0
    endloop
  endfacet
  facet normal 0 0 -1
    outer loop
      vertex -9.1736 0.662623 0
      vertex -11.8521 0.808242 0
      vertex -9.07735 0.867156 0
    endloop
  endfacet
  facet normal 0 0 -1
    outer loop
      vertex -11.9782 1.1964 0
      vertex -9.07735 0.867156 0
      vertex -11.8521 0.808242 0
    endloop
  endfacet
  facet normal 0 0 -1
    outer loop
      vertex -9.07735 0.867156 0
      vertex -11.9782 1.1964 0
      vertex -8.95623 1.05801 0
    endloop
  endfacet
  facet normal 0 0 -1
    outer loop
      vertex -12.152 1.5657 0
      vertex -8.95623 1.05801 0
      vertex -11.9782 1.1964 0
    endloop
  endfacet
  facet normal 0 0 -1
    outer loop
      vertex -8.95623 1.05801 0
      vertex -12.152 1.5657 0
      vertex -8.81214 1.23218 0
    endloop
  endfacet
  facet normal 0 0 -1
    outer loop
      vertex -12.3707 1.9103 0
      vertex -8.81214 1.23218 0
      vertex -12.152 1.5657 0
    endloop
  endfacet
  facet normal 0 0 -1
    outer loop
      vertex -8.81214 1.23218 0
      vertex -12.3707 1.9103 0
      vertex -8.64736 1.38692 0
    endloop
  endfacet
  facet normal 0 0 -1
    outer loop
      vertex -8.64736 1.38692 0
      vertex -12.3707 1.9103 0
      vertex -8.46449 1.51979 0
    endloop
  endfacet
  facet normal 0 0 -1
    outer loop
      vertex -12.6309 2.22478 0
      vertex -8.46449 1.51979 0
      vertex -12.3707 1.9103 0
    endloop
  endfacet
  facet normal 0 0 -1
    outer loop
      vertex -8.46449 1.51979 0
      vertex -12.6309 2.22478 0
      vertex -8.2664 1.62869 0
    endloop
  endfacet
  facet normal 0 0 -1
    outer loop
      vertex -12.9284 2.50417 0
      vertex -8.2664 1.62869 0
      vertex -12.6309 2.22478 0
    endloop
  endfacet
  facet normal 0 0 -1
    outer loop
      vertex -8.2664 1.62869 0
      vertex -12.9284 2.50417 0
      vertex -8.05623 1.7119 0
    endloop
  endfacet
  facet normal 0 0 -1
    outer loop
      vertex -13.2586 2.74407 0
      vertex -8.05623 1.7119 0
      vertex -12.9284 2.50417 0
    endloop
  endfacet
  facet normal 0 0 -1
    outer loop
      vertex -8.05623 1.7119 0
      vertex -13.2586 2.74407 0
      vertex -7.83729 1.76812 0
    endloop
  endfacet
  facet normal 0 0 -1
    outer loop
      vertex -13.6162 2.94069 0
      vertex -7.83729 1.76812 0
      vertex -13.2586 2.74407 0
    endloop
  endfacet
  facet normal 0 0 -1
    outer loop
      vertex -13.9957 3.09093 0
      vertex -1.0043 3.09093 0
      vertex -13.6162 2.94069 0
    endloop
  endfacet
  facet normal 0 0 -1
    outer loop
      vertex -1.0043 3.09093 0
      vertex -13.9957 3.09093 0
      vertex -0.608989 3.19243 0
    endloop
  endfacet
  facet normal 0 0 -1
    outer loop
      vertex -14.391 3.19243 0
      vertex -0.608989 3.19243 0
      vertex -13.9957 3.09093 0
    endloop
  endfacet
  facet normal 0 0 -1
    outer loop
      vertex -0.608989 3.19243 0
      vertex -14.391 3.19243 0
      vertex -0.204069 3.24359 0
    endloop
  endfacet
  facet normal 0 0 -1
    outer loop
      vertex -14.7959 3.24359 0
      vertex -0.204069 3.24359 0
      vertex -14.391 3.19243 0
    endloop
  endfacet
  facet normal 0 0 -1
    outer loop
      vertex -32.314 6.99013 0
      vertex -0.204069 3.24359 0
      vertex -14.7959 3.24359 0
    endloop
  endfacet
  facet normal 0 0 -1
    outer loop
      vertex -32.314 6.99013 0
      vertex -14.7959 3.24359 0
      vertex -15.2041 3.24359 0
    endloop
  endfacet
  facet normal 0 0 -1
    outer loop
      vertex -20.7142 0.225599 0
      vertex -18.25 0 0
      vertex -20.7 0 0
    endloop
  endfacet
  facet normal 0 0 -1
    outer loop
      vertex -18.25 0 0
      vertex -20.7142 0.225599 0
      vertex -18.2244 0.407332 0
    endloop
  endfacet
  facet normal 0 0 -1
    outer loop
      vertex -20.7565 0.447641 0
      vertex -18.2244 0.407332 0
      vertex -20.7142 0.225599 0
    endloop
  endfacet
  facet normal 0 0 -1
    outer loop
      vertex -18.2244 0.407332 0
      vertex -20.7565 0.447641 0
      vertex -18.1479 0.808242 0
    endloop
  endfacet
  facet normal 0 0 -1
    outer loop
      vertex -20.8264 0.662623 0
      vertex -18.1479 0.808242 0
      vertex -20.7565 0.447641 0
    endloop
  endfacet
  facet normal 0 0 -1
    outer loop
      vertex -20.9226 0.867156 0
      vertex -18.1479 0.808242 0
      vertex -20.8264 0.662623 0
    endloop
  endfacet
  facet normal 0 0 -1
    outer loop
      vertex -18.1479 0.808242 0
      vertex -20.9226 0.867156 0
      vertex -18.0218 1.1964 0
    endloop
  endfacet
  facet normal 0 0 -1
    outer loop
      vertex -21.0438 1.05801 0
      vertex -18.0218 1.1964 0
      vertex -20.9226 0.867156 0
    endloop
  endfacet
  facet normal -0 0 -1
    outer loop
      vertex -18.0218 1.1964 0
      vertex -21.0438 1.05801 0
      vertex -17.848 1.5657 0
    endloop
  endfacet
  facet normal 0 0 -1
    outer loop
      vertex -21.1879 1.23218 0
      vertex -17.848 1.5657 0
      vertex -21.0438 1.05801 0
    endloop
  endfacet
  facet normal -0 0 -1
    outer loop
      vertex -17.848 1.5657 0
      vertex -21.1879 1.23218 0
      vertex -17.6293 1.9103 0
    endloop
  endfacet
  facet normal 0 0 -1
    outer loop
      vertex -21.3526 1.38692 0
      vertex -17.6293 1.9103 0
      vertex -21.1879 1.23218 0
    endloop
  endfacet
  facet normal 0 0 -1
    outer loop
      vertex -21.5355 1.51979 0
      vertex -17.6293 1.9103 0
      vertex -21.3526 1.38692 0
    endloop
  endfacet
  facet normal -0 0 -1
    outer loop
      vertex -17.6293 1.9103 0
      vertex -21.5355 1.51979 0
      vertex -17.3691 2.22478 0
    endloop
  endfacet
  facet normal 0 0 -1
    outer loop
      vertex -21.7336 1.62869 0
      vertex -17.3691 2.22478 0
      vertex -21.5355 1.51979 0
    endloop
  endfacet
  facet normal -0 0 -1
    outer loop
      vertex -17.3691 2.22478 0
      vertex -21.7336 1.62869 0
      vertex -17.0716 2.50417 0
    endloop
  endfacet
  facet normal 0 0 -1
    outer loop
      vertex -21.9438 1.7119 0
      vertex -17.0716 2.50417 0
      vertex -21.7336 1.62869 0
    endloop
  endfacet
  facet normal -0 0 -1
    outer loop
      vertex -17.0716 2.50417 0
      vertex -21.9438 1.7119 0
      vertex -16.7414 2.74407 0
    endloop
  endfacet
  facet normal 0 0 -1
    outer loop
      vertex -22.1627 1.76812 0
      vertex -16.7414 2.74407 0
      vertex -21.9438 1.7119 0
    endloop
  endfacet
  facet normal -0 0 -1
    outer loop
      vertex -16.7414 2.74407 0
      vertex -22.1627 1.76812 0
      vertex -16.3838 2.94069 0
    endloop
  endfacet
  facet normal 0 0 -1
    outer loop
      vertex -22.387 1.79645 0
      vertex -16.3838 2.94069 0
      vertex -22.1627 1.76812 0
    endloop
  endfacet
  facet normal 0 0 -1
    outer loop
      vertex -32.314 6.99013 0
      vertex -16.3838 2.94069 0
      vertex -22.387 1.79645 0
    endloop
  endfacet
  facet normal 0 0 -1
    outer loop
      vertex -16.3838 2.94069 0
      vertex -32.314 6.99013 0
      vertex -16.0043 3.09093 0
    endloop
  endfacet
  facet normal 0 0 -1
    outer loop
      vertex -32.314 6.99013 0
      vertex -22.387 1.79645 0
      vertex -22.613 1.79645 0
    endloop
  endfacet
  facet normal 0 0 -1
    outer loop
      vertex -32.314 6.99013 0
      vertex -22.613 1.79645 0
      vertex -22.8373 1.76812 0
    endloop
  endfacet
  facet normal 0 0 -1
    outer loop
      vertex -26.75 0 0
      vertex -24.2858 0.225599 0
      vertex -24.3 0 0
    endloop
  endfacet
  facet normal 0 0 -1
    outer loop
      vertex -26.7756 0.407332 0
      vertex -24.2858 0.225599 0
      vertex -26.75 0 0
    endloop
  endfacet
  facet normal 0 0 -1
    outer loop
      vertex -24.2858 0.225599 0
      vertex -26.7756 0.407332 0
      vertex -24.2435 0.447641 0
    endloop
  endfacet
  facet normal 0 0 -1
    outer loop
      vertex -26.8521 0.808242 0
      vertex -24.2435 0.447641 0
      vertex -26.7756 0.407332 0
    endloop
  endfacet
  facet normal 0 0 -1
    outer loop
      vertex -24.2435 0.447641 0
      vertex -26.8521 0.808242 0
      vertex -24.1736 0.662623 0
    endloop
  endfacet
  facet normal 0 0 -1
    outer loop
      vertex -24.1736 0.662623 0
      vertex -26.8521 0.808242 0
      vertex -24.0774 0.867156 0
    endloop
  endfacet
  facet normal 0 0 -1
    outer loop
      vertex -26.9782 1.1964 0
      vertex -24.0774 0.867156 0
      vertex -26.8521 0.808242 0
    endloop
  endfacet
  facet normal 0 0 -1
    outer loop
      vertex -24.0774 0.867156 0
      vertex -26.9782 1.1964 0
      vertex -23.9562 1.05801 0
    endloop
  endfacet
  facet normal 0 0 -1
    outer loop
      vertex -27.152 1.5657 0
      vertex -23.9562 1.05801 0
      vertex -26.9782 1.1964 0
    endloop
  endfacet
  facet normal 0 0 -1
    outer loop
      vertex -23.9562 1.05801 0
      vertex -27.152 1.5657 0
      vertex -23.8121 1.23218 0
    endloop
  endfacet
  facet normal 0 0 -1
    outer loop
      vertex -27.3707 1.9103 0
      vertex -23.8121 1.23218 0
      vertex -27.152 1.5657 0
    endloop
  endfacet
  facet normal 0 0 -1
    outer loop
      vertex -23.8121 1.23218 0
      vertex -27.3707 1.9103 0
      vertex -23.6474 1.38692 0
    endloop
  endfacet
  facet normal 0 0 -1
    outer loop
      vertex -23.6474 1.38692 0
      vertex -27.3707 1.9103 0
      vertex -23.4645 1.51979 0
    endloop
  endfacet
  facet normal 0 0 -1
    outer loop
      vertex -27.6309 2.22478 0
      vertex -23.4645 1.51979 0
      vertex -27.3707 1.9103 0
    endloop
  endfacet
  facet normal 0 0 -1
    outer loop
      vertex -23.4645 1.51979 0
      vertex -27.6309 2.22478 0
      vertex -23.2664 1.62869 0
    endloop
  endfacet
  facet normal 0 0 -1
    outer loop
      vertex -27.9284 2.50417 0
      vertex -23.2664 1.62869 0
      vertex -27.6309 2.22478 0
    endloop
  endfacet
  facet normal 0 0 -1
    outer loop
      vertex -23.2664 1.62869 0
      vertex -27.9284 2.50417 0
      vertex -23.0562 1.7119 0
    endloop
  endfacet
  facet normal 0 0 -1
    outer loop
      vertex -28.2586 2.74407 0
      vertex -23.0562 1.7119 0
      vertex -27.9284 2.50417 0
    endloop
  endfacet
  facet normal 0 0 -1
    outer loop
      vertex -23.0562 1.7119 0
      vertex -28.2586 2.74407 0
      vertex -22.8373 1.76812 0
    endloop
  endfacet
  facet normal 0 0 -1
    outer loop
      vertex -32.314 6.99013 0
      vertex -22.8373 1.76812 0
      vertex -28.2586 2.74407 0
    endloop
  endfacet
  facet normal 0 0 -1
    outer loop
      vertex -16.0043 3.09093 0
      vertex -32.314 6.99013 0
      vertex -15.609 3.19243 0
    endloop
  endfacet
  facet normal 0 0 -1
    outer loop
      vertex -15.609 3.19243 0
      vertex -32.314 6.99013 0
      vertex -15.2041 3.24359 0
    endloop
  endfacet
  facet normal 0 0 -1
    outer loop
      vertex -32.314 6.99013 0
      vertex -28.2586 2.74407 0
      vertex -28.6162 2.94069 0
    endloop
  endfacet
  facet normal 0 0 -1
    outer loop
      vertex -32.314 6.99013 0
      vertex -28.6162 2.94069 0
      vertex -28.9957 3.09093 0
    endloop
  endfacet
  facet normal 0 0 -1
    outer loop
      vertex -32.314 6.99013 0
      vertex -28.9957 3.09093 0
      vertex -29.391 3.19243 0
    endloop
  endfacet
  facet normal 0 0 -1
    outer loop
      vertex -32.314 6.99013 0
      vertex -29.391 3.19243 0
      vertex -29.7959 3.24359 0
    endloop
  endfacet
  facet normal 0 0 -1
    outer loop
      vertex -32.314 6.99013 0
      vertex -29.7959 3.24359 0
      vertex -30.2041 3.24359 0
    endloop
  endfacet
  facet normal 0 0 -1
    outer loop
      vertex -0.204069 3.24359 0
      vertex -32.314 6.99013 0
      vertex 32.314 6.99013 0
    endloop
  endfacet
  facet normal 0 0 -1
    outer loop
      vertex -30.609 3.19243 0
      vertex -32.314 6.99013 0
      vertex -30.2041 3.24359 0
    endloop
  endfacet
  facet normal 0 0 -1
    outer loop
      vertex -31.0043 3.09093 0
      vertex -32.314 6.99013 0
      vertex -30.609 3.19243 0
    endloop
  endfacet
  facet normal 0 0 -1
    outer loop
      vertex -31.3838 2.94069 0
      vertex -32.314 6.99013 0
      vertex -31.0043 3.09093 0
    endloop
  endfacet
  facet normal 0 0 -1
    outer loop
      vertex -32.9369 6.91144 0
      vertex -31.3838 2.94069 0
      vertex -31.7414 2.74407 0
    endloop
  endfacet
  facet normal 0 0 -1
    outer loop
      vertex -34.1289 6.52413 0
      vertex -31.7414 2.74407 0
      vertex -32.0716 2.50417 0
    endloop
  endfacet
  facet normal 0 0 -1
    outer loop
      vertex -35.1871 5.85257 0
      vertex -32.0716 2.50417 0
      vertex -32.3691 2.22478 0
    endloop
  endfacet
  facet normal 0 0 -1
    outer loop
      vertex -36.0451 4.93893 0
      vertex -32.3691 2.22478 0
      vertex -32.6293 1.9103 0
    endloop
  endfacet
  facet normal 0 0 -1
    outer loop
      vertex -36.6489 3.84062 0
      vertex -32.6293 1.9103 0
      vertex -32.848 1.5657 0
    endloop
  endfacet
  facet normal 0 0 -1
    outer loop
      vertex -31.3838 2.94069 0
      vertex -32.9369 6.91144 0
      vertex -32.314 6.99013 0
    endloop
  endfacet
  facet normal 0 0 -1
    outer loop
      vertex -36.9606 2.62667 0
      vertex -32.848 1.5657 0
      vertex -33.0218 1.1964 0
    endloop
  endfacet
  facet normal 0 0 -1
    outer loop
      vertex -37 2 0
      vertex -33.0218 1.1964 0
      vertex -33.1479 0.808242 0
    endloop
  endfacet
  facet normal 0 0 -1
    outer loop
      vertex -37 2 0
      vertex -33.1479 0.808242 0
      vertex -33.2244 0.407332 0
    endloop
  endfacet
  facet normal 0 0 -1
    outer loop
      vertex -37 2 0
      vertex -33.2244 0.407332 0
      vertex -33.25 0 0
    endloop
  endfacet
  facet normal 0 0 -1
    outer loop
      vertex -31.7414 2.74407 0
      vertex -33.5451 6.75528 0
      vertex -32.9369 6.91144 0
    endloop
  endfacet
  facet normal 0 0 -1
    outer loop
      vertex -36.3815 -4.40877 0
      vertex -32.6293 -1.9103 0
      vertex -36.0451 -4.93893 0
    endloop
  endfacet
  facet normal 0 0 -1
    outer loop
      vertex -36.6489 -3.84062 0
      vertex -32.6293 -1.9103 0
      vertex -36.3815 -4.40877 0
    endloop
  endfacet
  facet normal 0 0 -1
    outer loop
      vertex -37 2 0
      vertex -33.25 0 0
      vertex -37 -2 0
    endloop
  endfacet
  facet normal -0 0 -1
    outer loop
      vertex -32.6293 -1.9103 0
      vertex -36.6489 -3.84062 0
      vertex -32.848 -1.5657 0
    endloop
  endfacet
  facet normal 0 0 -1
    outer loop
      vertex -33.0218 1.1964 0
      vertex -37 2 0
      vertex -36.9606 2.62667 0
    endloop
  endfacet
  facet normal 0 0 -1
    outer loop
      vertex -36.8429 -3.24345 0
      vertex -32.848 -1.5657 0
      vertex -36.6489 -3.84062 0
    endloop
  endfacet
  facet normal 0 0 -1
    outer loop
      vertex -31.7414 2.74407 0
      vertex -34.1289 6.52413 0
      vertex -33.5451 6.75528 0
    endloop
  endfacet
  facet normal 0 0 -1
    outer loop
      vertex -36.9606 -2.62667 0
      vertex -32.848 -1.5657 0
      vertex -36.8429 -3.24345 0
    endloop
  endfacet
  facet normal 0 0 -1
    outer loop
      vertex -32.0716 2.50417 0
      vertex -34.6791 6.22164 0
      vertex -34.1289 6.52413 0
    endloop
  endfacet
  facet normal -0 0 -1
    outer loop
      vertex -32.848 -1.5657 0
      vertex -36.9606 -2.62667 0
      vertex -33.0218 -1.1964 0
    endloop
  endfacet
  facet normal 0 0 -1
    outer loop
      vertex -32.0716 2.50417 0
      vertex -35.1871 5.85257 0
      vertex -34.6791 6.22164 0
    endloop
  endfacet
  facet normal 0 0 -1
    outer loop
      vertex -37 -2 0
      vertex -33.0218 -1.1964 0
      vertex -36.9606 -2.62667 0
    endloop
  endfacet
  facet normal 0 0 -1
    outer loop
      vertex -32.3691 2.22478 0
      vertex -35.6448 5.42274 0
      vertex -35.1871 5.85257 0
    endloop
  endfacet
  facet normal -0 0 -1
    outer loop
      vertex -33.0218 -1.1964 0
      vertex -37 -2 0
      vertex -33.1479 -0.808242 0
    endloop
  endfacet
  facet normal 0 0 -1
    outer loop
      vertex -32.3691 2.22478 0
      vertex -36.0451 4.93893 0
      vertex -35.6448 5.42274 0
    endloop
  endfacet
  facet normal -0 0 -1
    outer loop
      vertex -33.1479 -0.808242 0
      vertex -37 -2 0
      vertex -33.2244 -0.407332 0
    endloop
  endfacet
  facet normal 0 0 -1
    outer loop
      vertex -32.6293 1.9103 0
      vertex -36.3815 4.40877 0
      vertex -36.0451 4.93893 0
    endloop
  endfacet
  facet normal -0 0 -1
    outer loop
      vertex -33.2244 -0.407332 0
      vertex -37 -2 0
      vertex -33.25 0 0
    endloop
  endfacet
  facet normal 0 0 -1
    outer loop
      vertex -32.6293 1.9103 0
      vertex -36.6489 3.84062 0
      vertex -36.3815 4.40877 0
    endloop
  endfacet
  facet normal 0 0 -1
    outer loop
      vertex -32.848 1.5657 0
      vertex -36.8429 3.24345 0
      vertex -36.6489 3.84062 0
    endloop
  endfacet
  facet normal 0 0 -1
    outer loop
      vertex -32.848 1.5657 0
      vertex -36.9606 2.62667 0
      vertex -36.8429 3.24345 0
    endloop
  endfacet
  facet normal -0.770468 -0.637478 0
    outer loop
      vertex -35.6448 -5.42274 0
      vertex -36.0451 -4.93893 3
      vertex -36.0451 -4.93893 0
    endloop
  endfacet
  facet normal -0.770468 -0.637478 0
    outer loop
      vertex -36.0451 -4.93893 3
      vertex -35.6448 -5.42274 0
      vertex -35.6448 -5.42274 3
    endloop
  endfacet
  facet normal -0.904797 -0.425843 0
    outer loop
      vertex -36.3815 -4.40877 0
      vertex -36.6489 -3.84062 3
      vertex -36.6489 -3.84062 0
    endloop
  endfacet
  facet normal -0.904797 -0.425843 0
    outer loop
      vertex -36.6489 -3.84062 3
      vertex -36.3815 -4.40877 0
      vertex -36.3815 -4.40877 3
    endloop
  endfacet
  facet normal -0.587771 -0.809027 0
    outer loop
      vertex -35.1871 -5.85257 0
      vertex -34.6791 -6.22164 3
      vertex -35.1871 -5.85257 3
    endloop
  endfacet
  facet normal -0.587771 -0.809027 -0
    outer loop
      vertex -34.6791 -6.22164 3
      vertex -35.1871 -5.85257 0
      vertex -34.6791 -6.22164 0
    endloop
  endfacet
  facet normal -0.248691 -0.968583 0
    outer loop
      vertex -33.5451 -6.75528 0
      vertex -32.9369 -6.91144 3
      vertex -33.5451 -6.75528 3
    endloop
  endfacet
  facet normal -0.248691 -0.968583 -0
    outer loop
      vertex -32.9369 -6.91144 3
      vertex -33.5451 -6.75528 0
      vertex -32.9369 -6.91144 0
    endloop
  endfacet
  facet normal -0.125332 -0.992115 0
    outer loop
      vertex -32.9369 -6.91144 0
      vertex -32.314 -6.99013 3
      vertex -32.9369 -6.91144 3
    endloop
  endfacet
  facet normal -0.125332 -0.992115 -0
    outer loop
      vertex -32.314 -6.99013 3
      vertex -32.9369 -6.91144 0
      vertex -32.314 -6.99013 0
    endloop
  endfacet
  facet normal 1 -0 0
    outer loop
      vertex 37 -2 3
      vertex 37 2 0
      vertex 37 2 3
    endloop
  endfacet
  facet normal 1 0 0
    outer loop
      vertex 37 2 0
      vertex 37 -2 3
      vertex 37 -2 0
    endloop
  endfacet
  facet normal 0.982275 -0.187447 0
    outer loop
      vertex 36.8429 -3.24345 3
      vertex 36.9606 -2.62667 0
      vertex 36.9606 -2.62667 3
    endloop
  endfacet
  facet normal 0.982275 -0.187447 0
    outer loop
      vertex 36.9606 -2.62667 0
      vertex 36.8429 -3.24345 3
      vertex 36.8429 -3.24345 0
    endloop
  endfacet
  facet normal 0.904797 -0.425843 0
    outer loop
      vertex 36.3815 -4.40877 3
      vertex 36.6489 -3.84062 0
      vertex 36.6489 -3.84062 3
    endloop
  endfacet
  facet normal 0.904797 -0.425843 0
    outer loop
      vertex 36.6489 -3.84062 0
      vertex 36.3815 -4.40877 3
      vertex 36.3815 -4.40877 0
    endloop
  endfacet
  facet normal 0.587771 -0.809027 0
    outer loop
      vertex 34.6791 -6.22164 0
      vertex 35.1871 -5.85257 3
      vertex 34.6791 -6.22164 3
    endloop
  endfacet
  facet normal 0.587771 -0.809027 0
    outer loop
      vertex 35.1871 -5.85257 3
      vertex 34.6791 -6.22164 0
      vertex 35.1871 -5.85257 0
    endloop
  endfacet
  facet normal 0.368135 -0.929773 0
    outer loop
      vertex 33.5451 -6.75528 0
      vertex 34.1289 -6.52413 3
      vertex 33.5451 -6.75528 3
    endloop
  endfacet
  facet normal 0.368135 -0.929773 0
    outer loop
      vertex 34.1289 -6.52413 3
      vertex 33.5451 -6.75528 0
      vertex 34.1289 -6.52413 0
    endloop
  endfacet
  facet normal 0.904797 0.425843 0
    outer loop
      vertex 36.6489 3.84062 3
      vertex 36.3815 4.40877 0
      vertex 36.3815 4.40877 3
    endloop
  endfacet
  facet normal 0.904797 0.425843 0
    outer loop
      vertex 36.3815 4.40877 0
      vertex 36.6489 3.84062 3
      vertex 36.6489 3.84062 0
    endloop
  endfacet
  facet normal 0.587771 0.809027 -0
    outer loop
      vertex 35.1871 5.85257 0
      vertex 34.6791 6.22164 3
      vertex 35.1871 5.85257 3
    endloop
  endfacet
  facet normal 0.587771 0.809027 0
    outer loop
      vertex 34.6791 6.22164 3
      vertex 35.1871 5.85257 0
      vertex 34.6791 6.22164 0
    endloop
  endfacet
  facet normal 0.481772 0.876297 -0
    outer loop
      vertex 34.6791 6.22164 0
      vertex 34.1289 6.52413 3
      vertex 34.6791 6.22164 3
    endloop
  endfacet
  facet normal 0.481772 0.876297 0
    outer loop
      vertex 34.1289 6.52413 3
      vertex 34.6791 6.22164 0
      vertex 34.1289 6.52413 0
    endloop
  endfacet
  facet normal -0.998029 0.0627481 0
    outer loop
      vertex -37 2 0
      vertex -36.9606 2.62667 3
      vertex -36.9606 2.62667 0
    endloop
  endfacet
  facet normal -0.998029 0.0627481 0
    outer loop
      vertex -36.9606 2.62667 3
      vertex -37 2 0
      vertex -37 2 3
    endloop
  endfacet
  facet normal -0.770468 0.637478 0
    outer loop
      vertex -36.0451 4.93893 0
      vertex -35.6448 5.42274 3
      vertex -35.6448 5.42274 0
    endloop
  endfacet
  facet normal -0.770468 0.637478 0
    outer loop
      vertex -35.6448 5.42274 3
      vertex -36.0451 4.93893 0
      vertex -36.0451 4.93893 3
    endloop
  endfacet
  facet normal -0.844364 0.53577 0
    outer loop
      vertex -36.3815 4.40877 0
      vertex -36.0451 4.93893 3
      vertex -36.0451 4.93893 0
    endloop
  endfacet
  facet normal -0.844364 0.53577 0
    outer loop
      vertex -36.0451 4.93893 3
      vertex -36.3815 4.40877 0
      vertex -36.3815 4.40877 3
    endloop
  endfacet
  facet normal -0.982275 -0.187447 0
    outer loop
      vertex -36.8429 -3.24345 0
      vertex -36.9606 -2.62667 3
      vertex -36.9606 -2.62667 0
    endloop
  endfacet
  facet normal -0.982275 -0.187447 0
    outer loop
      vertex -36.9606 -2.62667 3
      vertex -36.8429 -3.24345 0
      vertex -36.8429 -3.24345 3
    endloop
  endfacet
  facet normal -0.844364 -0.53577 0
    outer loop
      vertex -36.0451 -4.93893 0
      vertex -36.3815 -4.40877 3
      vertex -36.3815 -4.40877 0
    endloop
  endfacet
  facet normal -0.844364 -0.53577 0
    outer loop
      vertex -36.3815 -4.40877 3
      vertex -36.0451 -4.93893 0
      vertex -36.0451 -4.93893 3
    endloop
  endfacet
  facet normal -0.481772 -0.876297 0
    outer loop
      vertex -34.6791 -6.22164 0
      vertex -34.1289 -6.52413 3
      vertex -34.6791 -6.22164 3
    endloop
  endfacet
  facet normal -0.481772 -0.876297 -0
    outer loop
      vertex -34.1289 -6.52413 3
      vertex -34.6791 -6.22164 0
      vertex -34.1289 -6.52413 0
    endloop
  endfacet
  facet normal 0.982275 0.187447 0
    outer loop
      vertex 36.9606 2.62667 3
      vertex 36.8429 3.24345 0
      vertex 36.8429 3.24345 3
    endloop
  endfacet
  facet normal 0.982275 0.187447 0
    outer loop
      vertex 36.8429 3.24345 0
      vertex 36.9606 2.62667 3
      vertex 36.9606 2.62667 0
    endloop
  endfacet
  facet normal 0.844364 -0.53577 0
    outer loop
      vertex 36.0451 -4.93893 3
      vertex 36.3815 -4.40877 0
      vertex 36.3815 -4.40877 3
    endloop
  endfacet
  facet normal 0.844364 -0.53577 0
    outer loop
      vertex 36.3815 -4.40877 0
      vertex 36.0451 -4.93893 3
      vertex 36.0451 -4.93893 0
    endloop
  endfacet
  facet normal 0.684565 -0.728952 0
    outer loop
      vertex 35.1871 -5.85257 0
      vertex 35.6448 -5.42274 3
      vertex 35.1871 -5.85257 3
    endloop
  endfacet
  facet normal 0.684565 -0.728952 0
    outer loop
      vertex 35.6448 -5.42274 3
      vertex 35.1871 -5.85257 0
      vertex 35.6448 -5.42274 0
    endloop
  endfacet
  facet normal 0.248691 -0.968583 0
    outer loop
      vertex 32.9369 -6.91144 0
      vertex 33.5451 -6.75528 3
      vertex 32.9369 -6.91144 3
    endloop
  endfacet
  facet normal 0.248691 -0.968583 0
    outer loop
      vertex 33.5451 -6.75528 3
      vertex 32.9369 -6.91144 0
      vertex 33.5451 -6.75528 0
    endloop
  endfacet
  facet normal 0.481772 -0.876297 0
    outer loop
      vertex 34.1289 -6.52413 0
      vertex 34.6791 -6.22164 3
      vertex 34.1289 -6.52413 3
    endloop
  endfacet
  facet normal 0.481772 -0.876297 0
    outer loop
      vertex 34.6791 -6.22164 3
      vertex 34.1289 -6.52413 0
      vertex 34.6791 -6.22164 0
    endloop
  endfacet
  facet normal -0.982275 0.187447 0
    outer loop
      vertex -36.9606 2.62667 0
      vertex -36.8429 3.24345 3
      vertex -36.8429 3.24345 0
    endloop
  endfacet
  facet normal -0.982275 0.187447 0
    outer loop
      vertex -36.8429 3.24345 3
      vertex -36.9606 2.62667 0
      vertex -36.9606 2.62667 3
    endloop
  endfacet
  facet normal -0.904797 0.425843 0
    outer loop
      vertex -36.6489 3.84062 0
      vertex -36.3815 4.40877 3
      vertex -36.3815 4.40877 0
    endloop
  endfacet
  facet normal -0.904797 0.425843 0
    outer loop
      vertex -36.3815 4.40877 3
      vertex -36.6489 3.84062 0
      vertex -36.6489 3.84062 3
    endloop
  endfacet
  facet normal -0.587771 0.809027 0
    outer loop
      vertex -34.6791 6.22164 0
      vertex -35.1871 5.85257 3
      vertex -34.6791 6.22164 3
    endloop
  endfacet
  facet normal -0.587771 0.809027 0
    outer loop
      vertex -35.1871 5.85257 3
      vertex -34.6791 6.22164 0
      vertex -35.1871 5.85257 0
    endloop
  endfacet
  facet normal -0.248691 0.968583 0
    outer loop
      vertex -32.9369 6.91144 0
      vertex -33.5451 6.75528 3
      vertex -32.9369 6.91144 3
    endloop
  endfacet
  facet normal -0.248691 0.968583 0
    outer loop
      vertex -33.5451 6.75528 3
      vertex -32.9369 6.91144 0
      vertex -33.5451 6.75528 0
    endloop
  endfacet
  facet normal -0.125332 0.992115 0
    outer loop
      vertex -32.314 6.99013 0
      vertex -32.9369 6.91144 3
      vertex -32.314 6.99013 3
    endloop
  endfacet
  facet normal -0.125332 0.992115 0
    outer loop
      vertex -32.9369 6.91144 3
      vertex -32.314 6.99013 0
      vertex -32.9369 6.91144 0
    endloop
  endfacet
  facet normal 0.998029 0.0627481 0
    outer loop
      vertex 37 2 3
      vertex 36.9606 2.62667 0
      vertex 36.9606 2.62667 3
    endloop
  endfacet
  facet normal 0.998029 0.0627481 0
    outer loop
      vertex 36.9606 2.62667 0
      vertex 37 2 3
      vertex 37 2 0
    endloop
  endfacet
  facet normal 0.951072 -0.30897 0
    outer loop
      vertex 36.6489 -3.84062 3
      vertex 36.8429 -3.24345 0
      vertex 36.8429 -3.24345 3
    endloop
  endfacet
  facet normal 0.951072 -0.30897 0
    outer loop
      vertex 36.8429 -3.24345 0
      vertex 36.6489 -3.84062 3
      vertex 36.6489 -3.84062 0
    endloop
  endfacet
  facet normal -0.684565 0.728952 0
    outer loop
      vertex -35.1871 5.85257 0
      vertex -35.6448 5.42274 3
      vertex -35.1871 5.85257 3
    endloop
  endfacet
  facet normal -0.684565 0.728952 0
    outer loop
      vertex -35.6448 5.42274 3
      vertex -35.1871 5.85257 0
      vertex -35.6448 5.42274 0
    endloop
  endfacet
  facet normal -0.481772 0.876297 0
    outer loop
      vertex -34.1289 6.52413 0
      vertex -34.6791 6.22164 3
      vertex -34.1289 6.52413 3
    endloop
  endfacet
  facet normal -0.481772 0.876297 0
    outer loop
      vertex -34.6791 6.22164 3
      vertex -34.1289 6.52413 0
      vertex -34.6791 6.22164 0
    endloop
  endfacet
  facet normal 0 0 -1
    outer loop
      vertex 9.1167 37.5724 0
      vertex 7.90466 46.0303 0
      vertex 8.03484 47.6608 0
    endloop
  endfacet
  facet normal 0 0 -1
    outer loop
      vertex 7.01999 32.4893 0
      vertex 9.1167 37.5724 0
      vertex 7.79463 32.1521 0
    endloop
  endfacet
  facet normal 0 0 -1
    outer loop
      vertex 9.1167 37.5724 0
      vertex 7.51416 44.6507 0
      vertex 7.90466 46.0303 0
    endloop
  endfacet
  facet normal 0 0 -1
    outer loop
      vertex 6.16963 32.7516 0
      vertex 9.1167 37.5724 0
      vertex 7.01999 32.4893 0
    endloop
  endfacet
  facet normal 0 0 -1
    outer loop
      vertex 9.1167 37.5724 0
      vertex 6.86331 43.5219 0
      vertex 7.51416 44.6507 0
    endloop
  endfacet
  facet normal 0 0 -1
    outer loop
      vertex 5.24355 32.9389 0
      vertex 9.1167 37.5724 0
      vertex 6.16963 32.7516 0
    endloop
  endfacet
  facet normal 0 0 -1
    outer loop
      vertex 9.1167 37.5724 0
      vertex 5.95213 42.6439 0
      vertex 6.86331 43.5219 0
    endloop
  endfacet
  facet normal 0 0 -1
    outer loop
      vertex 4.24173 33.0513 0
      vertex 9.1167 37.5724 0
      vertex 5.24355 32.9389 0
    endloop
  endfacet
  facet normal 0 0 -1
    outer loop
      vertex 9.1167 37.5724 0
      vertex 4.78061 42.0168 0
      vertex 5.95213 42.6439 0
    endloop
  endfacet
  facet normal 0 0 -1
    outer loop
      vertex 3.34874 41.6405 0
      vertex 9.1167 37.5724 0
      vertex 4.24173 33.0513 0
    endloop
  endfacet
  facet normal 0 0 -1
    outer loop
      vertex 9.1167 37.5724 0
      vertex 3.34874 41.6405 0
      vertex 4.78061 42.0168 0
    endloop
  endfacet
  facet normal 0 0 -1
    outer loop
      vertex 3.16418 33.0888 0
      vertex 3.34874 41.6405 0
      vertex 4.24173 33.0513 0
    endloop
  endfacet
  facet normal 0 0 -1
    outer loop
      vertex 3.16418 33.0888 0
      vertex 1.65654 41.5151 0
      vertex 3.34874 41.6405 0
    endloop
  endfacet
  facet normal 0 0 -1
    outer loop
      vertex -6.49901 33.0888 0
      vertex 1.65654 41.5151 0
      vertex 3.16418 33.0888 0
    endloop
  endfacet
  facet normal -0 0 -1
    outer loop
      vertex 1.65654 41.5151 0
      vertex -6.49901 33.0888 0
      vertex -6.49901 41.5151 0
    endloop
  endfacet
  facet normal -0 0 -1
    outer loop
      vertex 22.6456 25.0489 0
      vertex 11.0075 24.0564 0
      vertex 11.1653 26.0151 0
    endloop
  endfacet
  facet normal 0 0 -1
    outer loop
      vertex 13.0697 11.4548 0
      vertex 10.5342 22.3991 0
      vertex 11.0075 24.0564 0
    endloop
  endfacet
  facet normal 0 0 -1
    outer loop
      vertex 13.0697 11.4548 0
      vertex 9.74542 21.0431 0
      vertex 10.5342 22.3991 0
    endloop
  endfacet
  facet normal 0 0 -1
    outer loop
      vertex 7.22122 19.2351 0
      vertex 11.1757 10.8915 0
      vertex 9.13174 10.4892 0
    endloop
  endfacet
  facet normal 0 0 -1
    outer loop
      vertex 13.0697 11.4548 0
      vertex 8.64108 19.9884 0
      vertex 9.74542 21.0431 0
    endloop
  endfacet
  facet normal 0 0 -1
    outer loop
      vertex 11.1757 10.8915 0
      vertex 7.22122 19.2351 0
      vertex 8.64108 19.9884 0
    endloop
  endfacet
  facet normal 0 0 -1
    outer loop
      vertex 6.93797 10.2478 0
      vertex 7.22122 19.2351 0
      vertex 9.13174 10.4892 0
    endloop
  endfacet
  facet normal 0 0 -1
    outer loop
      vertex 6.93797 10.2478 0
      vertex 5.48584 18.7831 0
      vertex 7.22122 19.2351 0
    endloop
  endfacet
  facet normal 0 0 -1
    outer loop
      vertex 4.59431 10.1674 0
      vertex 5.48584 18.7831 0
      vertex 6.93797 10.2478 0
    endloop
  endfacet
  facet normal 0 0 -1
    outer loop
      vertex 4.59431 10.1674 0
      vertex 3.43494 18.6324 0
      vertex 5.48584 18.7831 0
    endloop
  endfacet
  facet normal 0 0 -1
    outer loop
      vertex 4.59431 10.1674 0
      vertex -6.49901 18.6324 0
      vertex 3.43494 18.6324 0
    endloop
  endfacet
  facet normal 0 0 -1
    outer loop
      vertex -17.9019 10.1674 0
      vertex -6.49901 33.0888 0
      vertex -6.49901 18.6324 0
    endloop
  endfacet
  facet normal 0 0 -1
    outer loop
      vertex -17.9019 62.3104 0
      vertex -6.49901 33.0888 0
      vertex -17.9019 10.1674 0
    endloop
  endfacet
  facet normal 0 0 -1
    outer loop
      vertex -6.49901 33.0888 0
      vertex -17.9019 62.3104 0
      vertex -6.49901 41.5151 0
    endloop
  endfacet
  facet normal 0 0 -1
    outer loop
      vertex -17.9019 10.1674 0
      vertex -6.49901 18.6324 0
      vertex 4.59431 10.1674 0
    endloop
  endfacet
  facet normal 0 0 -1
    outer loop
      vertex 11.0075 24.0564 0
      vertex 22.6456 25.0489 0
      vertex 22.5478 23.1123 0
    endloop
  endfacet
  facet normal 0 0 -1
    outer loop
      vertex 22.6456 25.0489 0
      vertex 11.1653 26.0151 0
      vertex 22.575 26.5303 0
    endloop
  endfacet
  facet normal 0 0 -1
    outer loop
      vertex 11.0075 24.0564 0
      vertex 22.5478 23.1123 0
      vertex 22.2544 21.3004 0
    endloop
  endfacet
  facet normal -0 0 -1
    outer loop
      vertex 22.575 26.5303 0
      vertex 11.1653 26.0151 0
      vertex 22.3632 27.9266 0
    endloop
  endfacet
  facet normal 0 0 -1
    outer loop
      vertex 11.0075 24.0564 0
      vertex 22.2544 21.3004 0
      vertex 21.7653 19.613 0
    endloop
  endfacet
  facet normal 0 0 -1
    outer loop
      vertex 11.1235 26.9551 0
      vertex 22.3632 27.9266 0
      vertex 11.1653 26.0151 0
    endloop
  endfacet
  facet normal 0 0 -1
    outer loop
      vertex 11.0075 24.0564 0
      vertex 21.7653 19.613 0
      vertex 21.0806 18.0504 0
    endloop
  endfacet
  facet normal -0 0 -1
    outer loop
      vertex 22.3632 27.9266 0
      vertex 11.1235 26.9551 0
      vertex 22.0102 29.2376 0
    endloop
  endfacet
  facet normal 0 0 -1
    outer loop
      vertex 11.0075 24.0564 0
      vertex 21.0806 18.0504 0
      vertex 20.2002 16.6123 0
    endloop
  endfacet
  facet normal -0 0 -1
    outer loop
      vertex 22.0102 29.2376 0
      vertex 11.1235 26.9551 0
      vertex 21.5159 30.4634 0
    endloop
  endfacet
  facet normal 0 0 -1
    outer loop
      vertex 10.998 27.8311 0
      vertex 21.5159 30.4634 0
      vertex 11.1235 26.9551 0
    endloop
  endfacet
  facet normal 0 0 -1
    outer loop
      vertex 11.0075 24.0564 0
      vertex 20.2002 16.6123 0
      vertex 19.1242 15.2989 0
    endloop
  endfacet
  facet normal -0 0 -1
    outer loop
      vertex 21.5159 30.4634 0
      vertex 10.998 27.8311 0
      vertex 20.8804 31.604 0
    endloop
  endfacet
  facet normal 0 0 -1
    outer loop
      vertex 11.0075 24.0564 0
      vertex 19.1242 15.2989 0
      vertex 17.8525 14.1101 0
    endloop
  endfacet
  facet normal -0 0 -1
    outer loop
      vertex 20.8804 31.604 0
      vertex 10.998 27.8311 0
      vertex 20.1037 32.6595 0
    endloop
  endfacet
  facet normal 0 0 -1
    outer loop
      vertex 11.0075 24.0564 0
      vertex 17.8525 14.1101 0
      vertex 16.4081 13.064 0
    endloop
  endfacet
  facet normal 0 0 -1
    outer loop
      vertex 10.789 28.6433 0
      vertex 20.1037 32.6595 0
      vertex 10.998 27.8311 0
    endloop
  endfacet
  facet normal 0 0 -1
    outer loop
      vertex 11.0075 24.0564 0
      vertex 16.4081 13.064 0
      vertex 14.8138 12.179 0
    endloop
  endfacet
  facet normal -0 0 -1
    outer loop
      vertex 20.1037 32.6595 0
      vertex 10.789 28.6433 0
      vertex 19.1857 33.6297 0
    endloop
  endfacet
  facet normal 0 0 -1
    outer loop
      vertex 11.0075 24.0564 0
      vertex 14.8138 12.179 0
      vertex 13.0697 11.4548 0
    endloop
  endfacet
  facet normal -0 0 -1
    outer loop
      vertex 19.1857 33.6297 0
      vertex 10.789 28.6433 0
      vertex 18.1331 34.5053 0
    endloop
  endfacet
  facet normal 0 0 -1
    outer loop
      vertex 8.64108 19.9884 0
      vertex 13.0697 11.4548 0
      vertex 11.1757 10.8915 0
    endloop
  endfacet
  facet normal 0 0 -1
    outer loop
      vertex 10.4964 29.3915 0
      vertex 18.1331 34.5053 0
      vertex 10.789 28.6433 0
    endloop
  endfacet
  facet normal -0 0 -1
    outer loop
      vertex 18.1331 34.5053 0
      vertex 10.4964 29.3915 0
      vertex 16.9518 35.2767 0
    endloop
  endfacet
  facet normal -0 0 -1
    outer loop
      vertex 16.9518 35.2767 0
      vertex 10.4964 29.3915 0
      vertex 15.642 35.9441 0
    endloop
  endfacet
  facet normal 0 0 -1
    outer loop
      vertex 10.1201 30.0759 0
      vertex 15.642 35.9441 0
      vertex 10.4964 29.3915 0
    endloop
  endfacet
  facet normal -0 0 -1
    outer loop
      vertex 15.642 35.9441 0
      vertex 10.1201 30.0759 0
      vertex 14.2035 36.5074 0
    endloop
  endfacet
  facet normal 0 0 -1
    outer loop
      vertex 9.6602 30.6963 0
      vertex 14.2035 36.5074 0
      vertex 10.1201 30.0759 0
    endloop
  endfacet
  facet normal -0 0 -1
    outer loop
      vertex 14.2035 36.5074 0
      vertex 9.6602 30.6963 0
      vertex 12.6365 36.9665 0
    endloop
  endfacet
  facet normal 0 0 -1
    outer loop
      vertex 9.1167 31.2528 0
      vertex 12.6365 36.9665 0
      vertex 9.6602 30.6963 0
    endloop
  endfacet
  facet normal -0 0 -1
    outer loop
      vertex 12.6365 36.9665 0
      vertex 9.1167 31.2528 0
      vertex 10.9409 37.3215 0
    endloop
  endfacet
  facet normal 0 0 -1
    outer loop
      vertex 8.49353 31.7399 0
      vertex 10.9409 37.3215 0
      vertex 9.1167 31.2528 0
    endloop
  endfacet
  facet normal 0 0 -1
    outer loop
      vertex 7.79463 32.1521 0
      vertex 10.9409 37.3215 0
      vertex 8.49353 31.7399 0
    endloop
  endfacet
  facet normal -0 0 -1
    outer loop
      vertex 10.9409 37.3215 0
      vertex 7.79463 32.1521 0
      vertex 9.1167 37.5724 0
    endloop
  endfacet
  facet normal 0 0 -1
    outer loop
      vertex 9.1167 37.5724 0
      vertex 8.03484 47.6608 0
      vertex 8.86484 61.6891 0
    endloop
  endfacet
  facet normal 0 0 -1
    outer loop
      vertex 7.90311 49.3016 0
      vertex 8.86484 61.6891 0
      vertex 8.03484 47.6608 0
    endloop
  endfacet
  facet normal 0 0 -1
    outer loop
      vertex 7.50787 50.69 0
      vertex 8.86484 61.6891 0
      vertex 7.90311 49.3016 0
    endloop
  endfacet
  facet normal 0 0 -1
    outer loop
      vertex 6.84918 51.8259 0
      vertex 8.86484 61.6891 0
      vertex 7.50787 50.69 0
    endloop
  endfacet
  facet normal 0 0 -1
    outer loop
      vertex 5.927 52.7094 0
      vertex 8.86484 61.6891 0
      vertex 6.84918 51.8259 0
    endloop
  endfacet
  facet normal 0 0 -1
    outer loop
      vertex 4.74135 53.3405 0
      vertex 8.86484 61.6891 0
      vertex 5.927 52.7094 0
    endloop
  endfacet
  facet normal -0 0 -1
    outer loop
      vertex 8.86484 61.6891 0
      vertex 4.74135 53.3405 0
      vertex 6.87343 62.0343 0
    endloop
  endfacet
  facet normal 0 0 -1
    outer loop
      vertex 4.74135 53.3405 0
      vertex 4.71556 62.2414 0
      vertex 6.87343 62.0343 0
    endloop
  endfacet
  facet normal 0 0 -1
    outer loop
      vertex 3.29221 53.7191 0
      vertex 4.71556 62.2414 0
      vertex 4.74135 53.3405 0
    endloop
  endfacet
  facet normal 0 0 -1
    outer loop
      vertex 3.29221 53.7191 0
      vertex 2.39127 62.3104 0
      vertex 4.71556 62.2414 0
    endloop
  endfacet
  facet normal 0 0 -1
    outer loop
      vertex 1.57959 53.8453 0
      vertex 2.39127 62.3104 0
      vertex 3.29221 53.7191 0
    endloop
  endfacet
  facet normal 0 0 -1
    outer loop
      vertex -6.49901 53.8453 0
      vertex 2.39127 62.3104 0
      vertex 1.57959 53.8453 0
    endloop
  endfacet
  facet normal 0 0 -1
    outer loop
      vertex -6.49901 53.8453 0
      vertex -17.9019 62.3104 0
      vertex 2.39127 62.3104 0
    endloop
  endfacet
  facet normal 0 0 -1
    outer loop
      vertex -6.49901 41.5151 0
      vertex -17.9019 62.3104 0
      vertex -6.49901 53.8453 0
    endloop
  endfacet
  facet normal 0 0 -1
    outer loop
      vertex 11.9188 38.3692 0
      vertex 19.5146 49.2072 0
      vertex 19.4626 47.9659 0
    endloop
  endfacet
  facet normal 0 0 -1
    outer loop
      vertex 13.1518 38.8848 0
      vertex 19.4626 47.9659 0
      vertex 19.3064 46.7822 0
    endloop
  endfacet
  facet normal -0 0 -1
    outer loop
      vertex 19.5146 49.2072 0
      vertex 11.9188 38.3692 0
      vertex 19.4259 50.958 0
    endloop
  endfacet
  facet normal 0 0 -1
    outer loop
      vertex 13.1518 38.8848 0
      vertex 19.3064 46.7822 0
      vertex 19.046 45.6561 0
    endloop
  endfacet
  facet normal 0 -0 -1
    outer loop
      vertex 12.3484 60.5847 0
      vertex 19.4259 50.958 0
      vertex 11.9188 38.3692 0
    endloop
  endfacet
  facet normal 0 0 -1
    outer loop
      vertex 14.2728 39.4784 0
      vertex 19.046 45.6561 0
      vertex 18.6815 44.5876 0
    endloop
  endfacet
  facet normal 0 0 -1
    outer loop
      vertex 14.2728 39.4784 0
      vertex 18.6815 44.5876 0
      vertex 18.213 43.5767 0
    endloop
  endfacet
  facet normal 0 0 -1
    outer loop
      vertex 19.4626 47.9659 0
      vertex 13.1518 38.8848 0
      vertex 11.9188 38.3692 0
    endloop
  endfacet
  facet normal 0 0 -1
    outer loop
      vertex 14.2728 39.4784 0
      vertex 18.213 43.5767 0
      vertex 17.6402 42.6234 0
    endloop
  endfacet
  facet normal 0 0 -1
    outer loop
      vertex 19.4259 50.958 0
      vertex 12.3484 60.5847 0
      vertex 19.1597 52.5881 0
    endloop
  endfacet
  facet normal 0 0 -1
    outer loop
      vertex 14.2728 39.4784 0
      vertex 17.6402 42.6234 0
      vertex 16.9633 41.7277 0
    endloop
  endfacet
  facet normal 0 0 -1
    outer loop
      vertex 19.046 45.6561 0
      vertex 14.2728 39.4784 0
      vertex 13.1518 38.8848 0
    endloop
  endfacet
  facet normal 0 0 -1
    outer loop
      vertex 15.2817 40.1501 0
      vertex 16.9633 41.7277 0
      vertex 16.1785 40.8999 0
    endloop
  endfacet
  facet normal 0 0 -1
    outer loop
      vertex 14.2728 39.4784 0
      vertex 16.9633 41.7277 0
      vertex 15.2817 40.1501 0
    endloop
  endfacet
  facet normal 0 0 -1
    outer loop
      vertex 19.1597 52.5881 0
      vertex 13.8405 59.8254 0
      vertex 18.7159 54.0975 0
    endloop
  endfacet
  facet normal 0 0 -1
    outer loop
      vertex 18.0947 55.4862 0
      vertex 15.1661 58.928 0
      vertex 17.296 56.7542 0
    endloop
  endfacet
  facet normal 0 0 -1
    outer loop
      vertex 17.296 56.7542 0
      vertex 15.1661 58.928 0
      vertex 16.3198 57.9014 0
    endloop
  endfacet
  facet normal 0 0 -1
    outer loop
      vertex 18.7159 54.0975 0
      vertex 15.1661 58.928 0
      vertex 18.0947 55.4862 0
    endloop
  endfacet
  facet normal -0 -0 -1
    outer loop
      vertex 15.1661 58.928 0
      vertex 18.7159 54.0975 0
      vertex 13.8405 59.8254 0
    endloop
  endfacet
  facet normal 0 0 -1
    outer loop
      vertex 19.1597 52.5881 0
      vertex 12.3484 60.5847 0
      vertex 13.8405 59.8254 0
    endloop
  endfacet
  facet normal 0 0 -1
    outer loop
      vertex 10.5738 37.9318 0
      vertex 12.3484 60.5847 0
      vertex 11.9188 38.3692 0
    endloop
  endfacet
  facet normal -0 0 -1
    outer loop
      vertex 12.3484 60.5847 0
      vertex 10.5738 37.9318 0
      vertex 10.6898 61.2059 0
    endloop
  endfacet
  facet normal 0 0 -1
    outer loop
      vertex 9.1167 37.5724 0
      vertex 10.6898 61.2059 0
      vertex 10.5738 37.9318 0
    endloop
  endfacet
  facet normal -0 0 -1
    outer loop
      vertex 10.6898 61.2059 0
      vertex 9.1167 37.5724 0
      vertex 8.86484 61.6891 0
    endloop
  endfacet
  facet normal -0 0 1
    outer loop
      vertex 7.90311 49.3016 3
      vertex 19.5146 49.2072 3
      vertex 19.4259 50.958 3
    endloop
  endfacet
  facet normal 0 -0 1
    outer loop
      vertex 8.03484 47.6608 3
      vertex 19.5146 49.2072 3
      vertex 7.90311 49.3016 3
    endloop
  endfacet
  facet normal 0 0 1
    outer loop
      vertex 7.90311 49.3016 3
      vertex 19.4259 50.958 3
      vertex 19.1597 52.5881 3
    endloop
  endfacet
  facet normal 0 0 1
    outer loop
      vertex 19.5146 49.2072 3
      vertex 8.03484 47.6608 3
      vertex 19.4626 47.9659 3
    endloop
  endfacet
  facet normal 0 0 1
    outer loop
      vertex 7.50787 50.69 3
      vertex 19.1597 52.5881 3
      vertex 18.7159 54.0975 3
    endloop
  endfacet
  facet normal 0 0 1
    outer loop
      vertex 19.4626 47.9659 3
      vertex 8.03484 47.6608 3
      vertex 19.3064 46.7822 3
    endloop
  endfacet
  facet normal 0 0 1
    outer loop
      vertex 19.3064 46.7822 3
      vertex 8.03484 47.6608 3
      vertex 19.046 45.6561 3
    endloop
  endfacet
  facet normal 0 0 1
    outer loop
      vertex 7.50787 50.69 3
      vertex 18.7159 54.0975 3
      vertex 18.0947 55.4862 3
    endloop
  endfacet
  facet normal 0 0 1
    outer loop
      vertex 19.046 45.6561 3
      vertex 8.03484 47.6608 3
      vertex 18.6815 44.5876 3
    endloop
  endfacet
  facet normal 0 0 1
    outer loop
      vertex 7.50787 50.69 3
      vertex 18.0947 55.4862 3
      vertex 17.296 56.7542 3
    endloop
  endfacet
  facet normal 0 0 1
    outer loop
      vertex 18.6815 44.5876 3
      vertex 8.03484 47.6608 3
      vertex 18.213 43.5767 3
    endloop
  endfacet
  facet normal 0 0 1
    outer loop
      vertex 7.50787 50.69 3
      vertex 17.296 56.7542 3
      vertex 16.3198 57.9014 3
    endloop
  endfacet
  facet normal -0 0 1
    outer loop
      vertex 7.90466 46.0303 3
      vertex 18.213 43.5767 3
      vertex 8.03484 47.6608 3
    endloop
  endfacet
  facet normal 0 0 1
    outer loop
      vertex 18.213 43.5767 3
      vertex 7.90466 46.0303 3
      vertex 17.6402 42.6234 3
    endloop
  endfacet
  facet normal 0 0 1
    outer loop
      vertex 6.84918 51.8259 3
      vertex 16.3198 57.9014 3
      vertex 15.1661 58.928 3
    endloop
  endfacet
  facet normal 0 0 1
    outer loop
      vertex 17.6402 42.6234 3
      vertex 7.90466 46.0303 3
      vertex 16.9633 41.7277 3
    endloop
  endfacet
  facet normal 0 0 1
    outer loop
      vertex 6.84918 51.8259 3
      vertex 15.1661 58.928 3
      vertex 13.8405 59.8254 3
    endloop
  endfacet
  facet normal 0 0 1
    outer loop
      vertex 16.9633 41.7277 3
      vertex 7.90466 46.0303 3
      vertex 16.1785 40.8999 3
    endloop
  endfacet
  facet normal 0 0 1
    outer loop
      vertex 6.84918 51.8259 3
      vertex 13.8405 59.8254 3
      vertex 12.3484 60.5847 3
    endloop
  endfacet
  facet normal 0 0 1
    outer loop
      vertex 16.1785 40.8999 3
      vertex 7.90466 46.0303 3
      vertex 15.2817 40.1501 3
    endloop
  endfacet
  facet normal 0 0 1
    outer loop
      vertex 5.927 52.7094 3
      vertex 12.3484 60.5847 3
      vertex 10.6898 61.2059 3
    endloop
  endfacet
  facet normal -0 0 1
    outer loop
      vertex 7.51416 44.6507 3
      vertex 15.2817 40.1501 3
      vertex 7.90466 46.0303 3
    endloop
  endfacet
  facet normal 0 0 1
    outer loop
      vertex 14.2728 39.4784 3
      vertex 7.51416 44.6507 3
      vertex 13.1518 38.8848 3
    endloop
  endfacet
  facet normal 0 0 1
    outer loop
      vertex 5.927 52.7094 3
      vertex 10.6898 61.2059 3
      vertex 8.86484 61.6891 3
    endloop
  endfacet
  facet normal 0 0 1
    outer loop
      vertex 13.1518 38.8848 3
      vertex 7.51416 44.6507 3
      vertex 11.9188 38.3692 3
    endloop
  endfacet
  facet normal -0 0 1
    outer loop
      vertex 6.86331 43.5219 3
      vertex 11.9188 38.3692 3
      vertex 7.51416 44.6507 3
    endloop
  endfacet
  facet normal 0 0 1
    outer loop
      vertex 11.9188 38.3692 3
      vertex 6.86331 43.5219 3
      vertex 10.5738 37.9318 3
    endloop
  endfacet
  facet normal 0 0 1
    outer loop
      vertex 15.2817 40.1501 3
      vertex 7.51416 44.6507 3
      vertex 14.2728 39.4784 3
    endloop
  endfacet
  facet normal 0 0 1
    outer loop
      vertex 19.1597 52.5881 3
      vertex 7.50787 50.69 3
      vertex 7.90311 49.3016 3
    endloop
  endfacet
  facet normal 0 0 1
    outer loop
      vertex 4.74135 53.3405 3
      vertex 8.86484 61.6891 3
      vertex 6.87343 62.0343 3
    endloop
  endfacet
  facet normal 0 0 1
    outer loop
      vertex 16.3198 57.9014 3
      vertex 6.84918 51.8259 3
      vertex 7.50787 50.69 3
    endloop
  endfacet
  facet normal 0 0 1
    outer loop
      vertex 12.3484 60.5847 3
      vertex 5.927 52.7094 3
      vertex 6.84918 51.8259 3
    endloop
  endfacet
  facet normal 0 0 1
    outer loop
      vertex 8.86484 61.6891 3
      vertex 4.74135 53.3405 3
      vertex 5.927 52.7094 3
    endloop
  endfacet
  facet normal 0 0 1
    outer loop
      vertex 4.71556 62.2414 3
      vertex 4.74135 53.3405 3
      vertex 6.87343 62.0343 3
    endloop
  endfacet
  facet normal 0 0 1
    outer loop
      vertex 4.71556 62.2414 3
      vertex 3.29221 53.7191 3
      vertex 4.74135 53.3405 3
    endloop
  endfacet
  facet normal 0 0 1
    outer loop
      vertex 2.39127 62.3104 3
      vertex 3.29221 53.7191 3
      vertex 4.71556 62.2414 3
    endloop
  endfacet
  facet normal 0 0 1
    outer loop
      vertex 2.39127 62.3104 3
      vertex 1.57959 53.8453 3
      vertex 3.29221 53.7191 3
    endloop
  endfacet
  facet normal 0 0 1
    outer loop
      vertex 2.39127 62.3104 3
      vertex -6.49901 53.8453 3
      vertex 1.57959 53.8453 3
    endloop
  endfacet
  facet normal 0 0 1
    outer loop
      vertex -17.9019 62.3104 3
      vertex -6.49901 41.5151 3
      vertex -6.49901 53.8453 3
    endloop
  endfacet
  facet normal 0 0 1
    outer loop
      vertex -6.49901 41.5151 3
      vertex -17.9019 62.3104 3
      vertex -6.49901 33.0888 3
    endloop
  endfacet
  facet normal 0 0 1
    outer loop
      vertex -17.9019 10.1674 3
      vertex -6.49901 33.0888 3
      vertex -17.9019 62.3104 3
    endloop
  endfacet
  facet normal -0 0 1
    outer loop
      vertex -17.9019 62.3104 3
      vertex -6.49901 53.8453 3
      vertex 2.39127 62.3104 3
    endloop
  endfacet
  facet normal -0 0 1
    outer loop
      vertex 11.1653 26.0151 3
      vertex 22.6456 25.0489 3
      vertex 22.575 26.5303 3
    endloop
  endfacet
  facet normal 0 0 1
    outer loop
      vertex 11.1653 26.0151 3
      vertex 22.575 26.5303 3
      vertex 22.3632 27.9266 3
    endloop
  endfacet
  facet normal 0 0 1
    outer loop
      vertex 11.0075 24.0564 3
      vertex 22.6456 25.0489 3
      vertex 11.1653 26.0151 3
    endloop
  endfacet
  facet normal 0 0 1
    outer loop
      vertex 11.1235 26.9551 3
      vertex 22.3632 27.9266 3
      vertex 22.0102 29.2376 3
    endloop
  endfacet
  facet normal 0 0 1
    outer loop
      vertex 22.6456 25.0489 3
      vertex 11.0075 24.0564 3
      vertex 22.5478 23.1123 3
    endloop
  endfacet
  facet normal 0 0 1
    outer loop
      vertex 11.1235 26.9551 3
      vertex 22.0102 29.2376 3
      vertex 21.5159 30.4634 3
    endloop
  endfacet
  facet normal 0 0 1
    outer loop
      vertex 22.5478 23.1123 3
      vertex 11.0075 24.0564 3
      vertex 22.2544 21.3004 3
    endloop
  endfacet
  facet normal 0 0 1
    outer loop
      vertex 10.998 27.8311 3
      vertex 21.5159 30.4634 3
      vertex 20.8804 31.604 3
    endloop
  endfacet
  facet normal 0 0 1
    outer loop
      vertex 22.2544 21.3004 3
      vertex 11.0075 24.0564 3
      vertex 21.7653 19.613 3
    endloop
  endfacet
  facet normal 0 0 1
    outer loop
      vertex 10.998 27.8311 3
      vertex 20.8804 31.604 3
      vertex 20.1037 32.6595 3
    endloop
  endfacet
  facet normal 0 0 1
    outer loop
      vertex 10.789 28.6433 3
      vertex 20.1037 32.6595 3
      vertex 19.1857 33.6297 3
    endloop
  endfacet
  facet normal -0 0 1
    outer loop
      vertex 10.5342 22.3991 3
      vertex 21.7653 19.613 3
      vertex 11.0075 24.0564 3
    endloop
  endfacet
  facet normal 0 0 1
    outer loop
      vertex 10.789 28.6433 3
      vertex 19.1857 33.6297 3
      vertex 18.1331 34.5053 3
    endloop
  endfacet
  facet normal 0 0 1
    outer loop
      vertex 21.7653 19.613 3
      vertex 10.5342 22.3991 3
      vertex 21.0806 18.0504 3
    endloop
  endfacet
  facet normal 0 0 1
    outer loop
      vertex 10.4964 29.3915 3
      vertex 18.1331 34.5053 3
      vertex 16.9518 35.2767 3
    endloop
  endfacet
  facet normal 0 0 1
    outer loop
      vertex 21.0806 18.0504 3
      vertex 10.5342 22.3991 3
      vertex 20.2002 16.6123 3
    endloop
  endfacet
  facet normal 0 0 1
    outer loop
      vertex 10.4964 29.3915 3
      vertex 16.9518 35.2767 3
      vertex 15.642 35.9441 3
    endloop
  endfacet
  facet normal 0 0 1
    outer loop
      vertex 20.2002 16.6123 3
      vertex 10.5342 22.3991 3
      vertex 19.1242 15.2989 3
    endloop
  endfacet
  facet normal 0 0 1
    outer loop
      vertex 10.1201 30.0759 3
      vertex 15.642 35.9441 3
      vertex 14.2035 36.5074 3
    endloop
  endfacet
  facet normal -0 0 1
    outer loop
      vertex 9.74542 21.0431 3
      vertex 19.1242 15.2989 3
      vertex 10.5342 22.3991 3
    endloop
  endfacet
  facet normal 0 0 1
    outer loop
      vertex 9.6602 30.6963 3
      vertex 14.2035 36.5074 3
      vertex 12.6365 36.9665 3
    endloop
  endfacet
  facet normal 0 0 1
    outer loop
      vertex 19.1242 15.2989 3
      vertex 9.74542 21.0431 3
      vertex 17.8525 14.1101 3
    endloop
  endfacet
  facet normal 0 0 1
    outer loop
      vertex 17.8525 14.1101 3
      vertex 9.74542 21.0431 3
      vertex 16.4081 13.064 3
    endloop
  endfacet
  facet normal 0 0 1
    outer loop
      vertex 22.3632 27.9266 3
      vertex 11.1235 26.9551 3
      vertex 11.1653 26.0151 3
    endloop
  endfacet
  facet normal 0 0 1
    outer loop
      vertex 21.5159 30.4634 3
      vertex 10.998 27.8311 3
      vertex 11.1235 26.9551 3
    endloop
  endfacet
  facet normal 0 0 1
    outer loop
      vertex 9.1167 31.2528 3
      vertex 12.6365 36.9665 3
      vertex 10.9409 37.3215 3
    endloop
  endfacet
  facet normal 0 0 1
    outer loop
      vertex 20.1037 32.6595 3
      vertex 10.789 28.6433 3
      vertex 10.998 27.8311 3
    endloop
  endfacet
  facet normal 0 0 1
    outer loop
      vertex 18.1331 34.5053 3
      vertex 10.4964 29.3915 3
      vertex 10.789 28.6433 3
    endloop
  endfacet
  facet normal 0 0 1
    outer loop
      vertex 15.642 35.9441 3
      vertex 10.1201 30.0759 3
      vertex 10.4964 29.3915 3
    endloop
  endfacet
  facet normal 0 0 1
    outer loop
      vertex 14.2035 36.5074 3
      vertex 9.6602 30.6963 3
      vertex 10.1201 30.0759 3
    endloop
  endfacet
  facet normal 0 0 1
    outer loop
      vertex 9.1167 31.2528 3
      vertex 10.9409 37.3215 3
      vertex 9.1167 37.5724 3
    endloop
  endfacet
  facet normal 0 0 1
    outer loop
      vertex 12.6365 36.9665 3
      vertex 9.1167 31.2528 3
      vertex 9.6602 30.6963 3
    endloop
  endfacet
  facet normal 0 0 1
    outer loop
      vertex 16.4081 13.064 3
      vertex 9.74542 21.0431 3
      vertex 14.8138 12.179 3
    endloop
  endfacet
  facet normal -0 0 1
    outer loop
      vertex 8.64108 19.9884 3
      vertex 14.8138 12.179 3
      vertex 9.74542 21.0431 3
    endloop
  endfacet
  facet normal 0 0 1
    outer loop
      vertex 14.8138 12.179 3
      vertex 8.64108 19.9884 3
      vertex 13.0697 11.4548 3
    endloop
  endfacet
  facet normal 0 0 1
    outer loop
      vertex 13.0697 11.4548 3
      vertex 8.64108 19.9884 3
      vertex 11.1757 10.8915 3
    endloop
  endfacet
  facet normal -0 0 1
    outer loop
      vertex 7.22122 19.2351 3
      vertex 11.1757 10.8915 3
      vertex 8.64108 19.9884 3
    endloop
  endfacet
  facet normal 0 0 1
    outer loop
      vertex 11.1757 10.8915 3
      vertex 7.22122 19.2351 3
      vertex 9.13174 10.4892 3
    endloop
  endfacet
  facet normal 0 0 1
    outer loop
      vertex 7.22122 19.2351 3
      vertex 6.93797 10.2478 3
      vertex 9.13174 10.4892 3
    endloop
  endfacet
  facet normal -0 0 1
    outer loop
      vertex 5.48584 18.7831 3
      vertex 6.93797 10.2478 3
      vertex 7.22122 19.2351 3
    endloop
  endfacet
  facet normal 0 0 1
    outer loop
      vertex 5.48584 18.7831 3
      vertex 4.59431 10.1674 3
      vertex 6.93797 10.2478 3
    endloop
  endfacet
  facet normal -0 0 1
    outer loop
      vertex 3.43494 18.6324 3
      vertex 4.59431 10.1674 3
      vertex 5.48584 18.7831 3
    endloop
  endfacet
  facet normal -0 0 1
    outer loop
      vertex -6.49901 18.6324 3
      vertex 4.59431 10.1674 3
      vertex 3.43494 18.6324 3
    endloop
  endfacet
  facet normal 0 0 1
    outer loop
      vertex -6.49901 18.6324 3
      vertex -17.9019 10.1674 3
      vertex 4.59431 10.1674 3
    endloop
  endfacet
  facet normal 0 0 1
    outer loop
      vertex -6.49901 33.0888 3
      vertex -17.9019 10.1674 3
      vertex -6.49901 18.6324 3
    endloop
  endfacet
  facet normal 0 0 1
    outer loop
      vertex 10.5738 37.9318 3
      vertex 6.86331 43.5219 3
      vertex 9.1167 37.5724 3
    endloop
  endfacet
  facet normal -0 0 1
    outer loop
      vertex 5.95213 42.6439 3
      vertex 9.1167 37.5724 3
      vertex 6.86331 43.5219 3
    endloop
  endfacet
  facet normal 0 0 1
    outer loop
      vertex 9.1167 37.5724 3
      vertex 8.49353 31.7399 3
      vertex 9.1167 31.2528 3
    endloop
  endfacet
  facet normal 0 0 1
    outer loop
      vertex 9.1167 37.5724 3
      vertex 7.79463 32.1521 3
      vertex 8.49353 31.7399 3
    endloop
  endfacet
  facet normal -0 0 1
    outer loop
      vertex 4.78061 42.0168 3
      vertex 9.1167 37.5724 3
      vertex 5.95213 42.6439 3
    endloop
  endfacet
  facet normal 0 0 1
    outer loop
      vertex 9.1167 37.5724 3
      vertex 7.01999 32.4893 3
      vertex 7.79463 32.1521 3
    endloop
  endfacet
  facet normal 0 0 1
    outer loop
      vertex 9.1167 37.5724 3
      vertex 6.16963 32.7516 3
      vertex 7.01999 32.4893 3
    endloop
  endfacet
  facet normal -0 0 1
    outer loop
      vertex 3.34874 41.6405 3
      vertex 9.1167 37.5724 3
      vertex 4.78061 42.0168 3
    endloop
  endfacet
  facet normal 0 0 1
    outer loop
      vertex 9.1167 37.5724 3
      vertex 5.24355 32.9389 3
      vertex 6.16963 32.7516 3
    endloop
  endfacet
  facet normal 0 0 1
    outer loop
      vertex 9.1167 37.5724 3
      vertex 4.24173 33.0513 3
      vertex 5.24355 32.9389 3
    endloop
  endfacet
  facet normal 0 0 1
    outer loop
      vertex 9.1167 37.5724 3
      vertex 3.34874 41.6405 3
      vertex 4.24173 33.0513 3
    endloop
  endfacet
  facet normal 0 0 1
    outer loop
      vertex 3.34874 41.6405 3
      vertex 3.16418 33.0888 3
      vertex 4.24173 33.0513 3
    endloop
  endfacet
  facet normal -0 0 1
    outer loop
      vertex 1.65654 41.5151 3
      vertex 3.16418 33.0888 3
      vertex 3.34874 41.6405 3
    endloop
  endfacet
  facet normal 0 0 1
    outer loop
      vertex -6.49901 33.0888 3
      vertex 1.65654 41.5151 3
      vertex -6.49901 41.5151 3
    endloop
  endfacet
  facet normal 0 0 1
    outer loop
      vertex 1.65654 41.5151 3
      vertex -6.49901 33.0888 3
      vertex 3.16418 33.0888 3
    endloop
  endfacet
  facet normal 0.109379 -0.994 0
    outer loop
      vertex 6.93797 10.2478 0
      vertex 9.13174 10.4892 3
      vertex 6.93797 10.2478 3
    endloop
  endfacet
  facet normal 0.109379 -0.994 0
    outer loop
      vertex 9.13174 10.4892 3
      vertex 6.93797 10.2478 0
      vertex 9.13174 10.4892 0
    endloop
  endfacet
  facet normal 0.193119 -0.981175 0
    outer loop
      vertex 9.13174 10.4892 0
      vertex 11.1757 10.8915 3
      vertex 9.13174 10.4892 3
    endloop
  endfacet
  facet normal 0.193119 -0.981175 0
    outer loop
      vertex 11.1757 10.8915 3
      vertex 9.13174 10.4892 0
      vertex 11.1757 10.8915 0
    endloop
  endfacet
  facet normal 0.285072 -0.958506 0
    outer loop
      vertex 11.1757 10.8915 0
      vertex 13.0697 11.4548 3
      vertex 11.1757 10.8915 3
    endloop
  endfacet
  facet normal 0.285072 -0.958506 0
    outer loop
      vertex 13.0697 11.4548 3
      vertex 11.1757 10.8915 0
      vertex 13.0697 11.4548 0
    endloop
  endfacet
  facet normal 0.383483 -0.923548 0
    outer loop
      vertex 13.0697 11.4548 0
      vertex 14.8138 12.179 3
      vertex 13.0697 11.4548 3
    endloop
  endfacet
  facet normal 0.383483 -0.923548 0
    outer loop
      vertex 14.8138 12.179 3
      vertex 13.0697 11.4548 0
      vertex 14.8138 12.179 0
    endloop
  endfacet
  facet normal 0.48534 -0.874325 0
    outer loop
      vertex 14.8138 12.179 0
      vertex 16.4081 13.064 3
      vertex 14.8138 12.179 3
    endloop
  endfacet
  facet normal 0.48534 -0.874325 0
    outer loop
      vertex 16.4081 13.064 3
      vertex 14.8138 12.179 0
      vertex 16.4081 13.064 0
    endloop
  endfacet
  facet normal 0.586567 -0.809901 0
    outer loop
      vertex 16.4081 13.064 0
      vertex 17.8525 14.1101 3
      vertex 16.4081 13.064 3
    endloop
  endfacet
  facet normal 0.586567 -0.809901 0
    outer loop
      vertex 17.8525 14.1101 3
      vertex 16.4081 13.064 0
      vertex 17.8525 14.1101 0
    endloop
  endfacet
  facet normal 0.682895 -0.730516 0
    outer loop
      vertex 17.8525 14.1101 0
      vertex 19.1242 15.2989 3
      vertex 17.8525 14.1101 3
    endloop
  endfacet
  facet normal 0.682895 -0.730516 0
    outer loop
      vertex 19.1242 15.2989 3
      vertex 17.8525 14.1101 0
      vertex 19.1242 15.2989 0
    endloop
  endfacet
  facet normal 0.773553 -0.633732 0
    outer loop
      vertex 19.1242 15.2989 3
      vertex 20.2002 16.6123 0
      vertex 20.2002 16.6123 3
    endloop
  endfacet
  facet normal 0.773553 -0.633732 0
    outer loop
      vertex 20.2002 16.6123 0
      vertex 19.1242 15.2989 3
      vertex 19.1242 15.2989 0
    endloop
  endfacet
  facet normal 0.85287 -0.522124 0
    outer loop
      vertex 20.2002 16.6123 3
      vertex 21.0806 18.0504 0
      vertex 21.0806 18.0504 3
    endloop
  endfacet
  facet normal 0.85287 -0.522124 0
    outer loop
      vertex 21.0806 18.0504 0
      vertex 20.2002 16.6123 3
      vertex 20.2002 16.6123 0
    endloop
  endfacet
  facet normal 0.915928 -0.401342 0
    outer loop
      vertex 21.0806 18.0504 3
      vertex 21.7653 19.613 0
      vertex 21.7653 19.613 3
    endloop
  endfacet
  facet normal 0.915928 -0.401342 0
    outer loop
      vertex 21.7653 19.613 0
      vertex 21.0806 18.0504 3
      vertex 21.0806 18.0504 0
    endloop
  endfacet
  facet normal 0.960467 -0.278395 0
    outer loop
      vertex 21.7653 19.613 3
      vertex 22.2544 21.3004 0
      vertex 22.2544 21.3004 3
    endloop
  endfacet
  facet normal 0.960467 -0.278395 0
    outer loop
      vertex 22.2544 21.3004 0
      vertex 21.7653 19.613 3
      vertex 21.7653 19.613 0
    endloop
  endfacet
  facet normal 0.987142 -0.159847 0
    outer loop
      vertex 22.2544 21.3004 3
      vertex 22.5478 23.1123 0
      vertex 22.5478 23.1123 3
    endloop
  endfacet
  facet normal 0.987142 -0.159847 0
    outer loop
      vertex 22.5478 23.1123 0
      vertex 22.2544 21.3004 3
      vertex 22.2544 21.3004 0
    endloop
  endfacet
  facet normal 0.998727 -0.0504366 0
    outer loop
      vertex 22.5478 23.1123 3
      vertex 22.6456 25.0489 0
      vertex 22.6456 25.0489 3
    endloop
  endfacet
  facet normal 0.998727 -0.0504366 0
    outer loop
      vertex 22.6456 25.0489 0
      vertex 22.5478 23.1123 3
      vertex 22.5478 23.1123 0
    endloop
  endfacet
  facet normal 0.998866 0.0476036 0
    outer loop
      vertex 22.6456 25.0489 3
      vertex 22.575 26.5303 0
      vertex 22.575 26.5303 3
    endloop
  endfacet
  facet normal 0.998866 0.0476036 0
    outer loop
      vertex 22.575 26.5303 0
      vertex 22.6456 25.0489 3
      vertex 22.6456 25.0489 0
    endloop
  endfacet
  facet normal 0.98869 0.149971 0
    outer loop
      vertex 22.575 26.5303 3
      vertex 22.3632 27.9266 0
      vertex 22.3632 27.9266 3
    endloop
  endfacet
  facet normal 0.98869 0.149971 0
    outer loop
      vertex 22.3632 27.9266 0
      vertex 22.575 26.5303 3
      vertex 22.575 26.5303 0
    endloop
  endfacet
  facet normal 0.965609 0.26 0
    outer loop
      vertex 22.3632 27.9266 3
      vertex 22.0102 29.2376 0
      vertex 22.0102 29.2376 3
    endloop
  endfacet
  facet normal 0.965609 0.26 0
    outer loop
      vertex 22.0102 29.2376 0
      vertex 22.3632 27.9266 3
      vertex 22.3632 27.9266 0
    endloop
  endfacet
  facet normal 0.927435 0.373985 0
    outer loop
      vertex 22.0102 29.2376 3
      vertex 21.5159 30.4634 0
      vertex 21.5159 30.4634 3
    endloop
  endfacet
  facet normal 0.927435 0.373985 0
    outer loop
      vertex 21.5159 30.4634 0
      vertex 22.0102 29.2376 3
      vertex 22.0102 29.2376 0
    endloop
  endfacet
  facet normal 0.873561 0.486716 0
    outer loop
      vertex 21.5159 30.4634 3
      vertex 20.8804 31.604 0
      vertex 20.8804 31.604 3
    endloop
  endfacet
  facet normal 0.873561 0.486716 0
    outer loop
      vertex 20.8804 31.604 0
      vertex 21.5159 30.4634 3
      vertex 21.5159 30.4634 0
    endloop
  endfacet
  facet normal 0.805434 0.592686 0
    outer loop
      vertex 20.8804 31.604 3
      vertex 20.1037 32.6595 0
      vertex 20.1037 32.6595 3
    endloop
  endfacet
  facet normal 0.805434 0.592686 0
    outer loop
      vertex 20.1037 32.6595 0
      vertex 20.8804 31.604 3
      vertex 20.8804 31.604 0
    endloop
  endfacet
  facet normal 0.726377 0.687296 0
    outer loop
      vertex 20.1037 32.6595 3
      vertex 19.1857 33.6297 0
      vertex 19.1857 33.6297 3
    endloop
  endfacet
  facet normal 0.726377 0.687296 0
    outer loop
      vertex 19.1857 33.6297 0
      vertex 20.1037 32.6595 3
      vertex 20.1037 32.6595 0
    endloop
  endfacet
  facet normal 0.639509 0.768784 -0
    outer loop
      vertex 19.1857 33.6297 0
      vertex 18.1331 34.5053 3
      vertex 19.1857 33.6297 3
    endloop
  endfacet
  facet normal 0.639509 0.768784 0
    outer loop
      vertex 18.1331 34.5053 3
      vertex 19.1857 33.6297 0
      vertex 18.1331 34.5053 0
    endloop
  endfacet
  facet normal 0.546758 0.83729 -0
    outer loop
      vertex 18.1331 34.5053 0
      vertex 16.9518 35.2767 3
      vertex 18.1331 34.5053 3
    endloop
  endfacet
  facet normal 0.546758 0.83729 0
    outer loop
      vertex 16.9518 35.2767 3
      vertex 18.1331 34.5053 0
      vertex 16.9518 35.2767 0
    endloop
  endfacet
  facet normal 0.454003 0.891 -0
    outer loop
      vertex 16.9518 35.2767 0
      vertex 15.642 35.9441 3
      vertex 16.9518 35.2767 3
    endloop
  endfacet
  facet normal 0.454003 0.891 0
    outer loop
      vertex 15.642 35.9441 3
      vertex 16.9518 35.2767 0
      vertex 15.642 35.9441 0
    endloop
  endfacet
  facet normal 0.364629 0.931153 -0
    outer loop
      vertex 15.642 35.9441 0
      vertex 14.2035 36.5074 3
      vertex 15.642 35.9441 3
    endloop
  endfacet
  facet normal 0.364629 0.931153 0
    outer loop
      vertex 14.2035 36.5074 3
      vertex 15.642 35.9441 0
      vertex 14.2035 36.5074 0
    endloop
  endfacet
  facet normal 0.281162 0.95966 -0
    outer loop
      vertex 14.2035 36.5074 0
      vertex 12.6365 36.9665 3
      vertex 14.2035 36.5074 3
    endloop
  endfacet
  facet normal 0.281162 0.95966 0
    outer loop
      vertex 12.6365 36.9665 3
      vertex 14.2035 36.5074 0
      vertex 12.6365 36.9665 0
    endloop
  endfacet
  facet normal 0.204922 0.978778 -0
    outer loop
      vertex 12.6365 36.9665 0
      vertex 10.9409 37.3215 3
      vertex 12.6365 36.9665 3
    endloop
  endfacet
  facet normal 0.204922 0.978778 0
    outer loop
      vertex 10.9409 37.3215 3
      vertex 12.6365 36.9665 0
      vertex 10.9409 37.3215 0
    endloop
  endfacet
  facet normal 0.136257 0.990674 -0
    outer loop
      vertex 10.9409 37.3215 0
      vertex 9.1167 37.5724 3
      vertex 10.9409 37.3215 3
    endloop
  endfacet
  facet normal 0.136257 0.990674 0
    outer loop
      vertex 9.1167 37.5724 3
      vertex 10.9409 37.3215 0
      vertex 9.1167 37.5724 0
    endloop
  endfacet
  facet normal 0.239477 -0.970902 0
    outer loop
      vertex 9.1167 37.5724 0
      vertex 10.5738 37.9318 3
      vertex 9.1167 37.5724 3
    endloop
  endfacet
  facet normal 0.239477 -0.970902 0
    outer loop
      vertex 10.5738 37.9318 3
      vertex 9.1167 37.5724 0
      vertex 10.5738 37.9318 0
    endloop
  endfacet
  facet normal 0.309262 -0.950977 0
    outer loop
      vertex 10.5738 37.9318 0
      vertex 11.9188 38.3692 3
      vertex 10.5738 37.9318 3
    endloop
  endfacet
  facet normal 0.309262 -0.950977 0
    outer loop
      vertex 11.9188 38.3692 3
      vertex 10.5738 37.9318 0
      vertex 11.9188 38.3692 0
    endloop
  endfacet
  facet normal 0.385795 -0.922585 0
    outer loop
      vertex 11.9188 38.3692 0
      vertex 13.1518 38.8848 3
      vertex 11.9188 38.3692 3
    endloop
  endfacet
  facet normal 0.385795 -0.922585 0
    outer loop
      vertex 13.1518 38.8848 3
      vertex 11.9188 38.3692 0
      vertex 13.1518 38.8848 0
    endloop
  endfacet
  facet normal 0.467967 -0.883746 0
    outer loop
      vertex 13.1518 38.8848 0
      vertex 14.2728 39.4784 3
      vertex 13.1518 38.8848 3
    endloop
  endfacet
  facet normal 0.467967 -0.883746 0
    outer loop
      vertex 14.2728 39.4784 3
      vertex 13.1518 38.8848 0
      vertex 14.2728 39.4784 0
    endloop
  endfacet
  facet normal 0.554186 -0.832393 0
    outer loop
      vertex 14.2728 39.4784 0
      vertex 15.2817 40.1501 3
      vertex 14.2728 39.4784 3
    endloop
  endfacet
  facet normal 0.554186 -0.832393 0
    outer loop
      vertex 15.2817 40.1501 3
      vertex 14.2728 39.4784 0
      vertex 15.2817 40.1501 0
    endloop
  endfacet
  facet normal 0.641429 -0.767182 0
    outer loop
      vertex 15.2817 40.1501 0
      vertex 16.1785 40.8999 3
      vertex 15.2817 40.1501 3
    endloop
  endfacet
  facet normal 0.641429 -0.767182 0
    outer loop
      vertex 16.1785 40.8999 3
      vertex 15.2817 40.1501 0
      vertex 16.1785 40.8999 0
    endloop
  endfacet
  facet normal 0.725704 -0.688007 0
    outer loop
      vertex 16.1785 40.8999 3
      vertex 16.9633 41.7277 0
      vertex 16.9633 41.7277 3
    endloop
  endfacet
  facet normal 0.725704 -0.688007 0
    outer loop
      vertex 16.9633 41.7277 0
      vertex 16.1785 40.8999 3
      vertex 16.1785 40.8999 0
    endloop
  endfacet
  facet normal 0.797804 -0.602918 0
    outer loop
      vertex 16.9633 41.7277 3
      vertex 17.6402 42.6234 0
      vertex 17.6402 42.6234 3
    endloop
  endfacet
  facet normal 0.797804 -0.602918 0
    outer loop
      vertex 17.6402 42.6234 0
      vertex 16.9633 41.7277 3
      vertex 16.9633 41.7277 0
    endloop
  endfacet
  facet normal 0.857167 -0.515038 0
    outer loop
      vertex 17.6402 42.6234 3
      vertex 18.213 43.5767 0
      vertex 18.213 43.5767 3
    endloop
  endfacet
  facet normal 0.857167 -0.515038 0
    outer loop
      vertex 18.213 43.5767 0
      vertex 17.6402 42.6234 3
      vertex 17.6402 42.6234 0
    endloop
  endfacet
  facet normal 0.907299 -0.420486 0
    outer loop
      vertex 18.213 43.5767 3
      vertex 18.6815 44.5876 0
      vertex 18.6815 44.5876 3
    endloop
  endfacet
  facet normal 0.907299 -0.420486 0
    outer loop
      vertex 18.6815 44.5876 0
      vertex 18.213 43.5767 3
      vertex 18.213 43.5767 0
    endloop
  endfacet
  facet normal 0.946446 -0.322863 0
    outer loop
      vertex 18.6815 44.5876 3
      vertex 19.046 45.6561 0
      vertex 19.046 45.6561 3
    endloop
  endfacet
  facet normal 0.946446 -0.322863 0
    outer loop
      vertex 19.046 45.6561 0
      vertex 18.6815 44.5876 3
      vertex 18.6815 44.5876 0
    endloop
  endfacet
  facet normal 0.97429 -0.225295 0
    outer loop
      vertex 19.046 45.6561 3
      vertex 19.3064 46.7822 0
      vertex 19.3064 46.7822 3
    endloop
  endfacet
  facet normal 0.97429 -0.225295 0
    outer loop
      vertex 19.3064 46.7822 0
      vertex 19.046 45.6561 3
      vertex 19.046 45.6561 0
    endloop
  endfacet
  facet normal 0.991405 -0.130825 0
    outer loop
      vertex 19.3064 46.7822 3
      vertex 19.4626 47.9659 0
      vertex 19.4626 47.9659 3
    endloop
  endfacet
  facet normal 0.991405 -0.130825 0
    outer loop
      vertex 19.4626 47.9659 0
      vertex 19.3064 46.7822 3
      vertex 19.3064 46.7822 0
    endloop
  endfacet
  facet normal 0.999124 -0.0418549 0
    outer loop
      vertex 19.4626 47.9659 3
      vertex 19.5146 49.2072 0
      vertex 19.5146 49.2072 3
    endloop
  endfacet
  facet normal 0.999124 -0.0418549 0
    outer loop
      vertex 19.5146 49.2072 0
      vertex 19.4626 47.9659 3
      vertex 19.4626 47.9659 0
    endloop
  endfacet
  facet normal 0.998719 0.0505977 0
    outer loop
      vertex 19.5146 49.2072 3
      vertex 19.4259 50.958 0
      vertex 19.4259 50.958 3
    endloop
  endfacet
  facet normal 0.998719 0.0505977 0
    outer loop
      vertex 19.4259 50.958 0
      vertex 19.5146 49.2072 3
      vertex 19.5146 49.2072 0
    endloop
  endfacet
  facet normal 0.986927 0.161168 0
    outer loop
      vertex 19.4259 50.958 3
      vertex 19.1597 52.5881 0
      vertex 19.1597 52.5881 3
    endloop
  endfacet
  facet normal 0.986927 0.161168 0
    outer loop
      vertex 19.1597 52.5881 0
      vertex 19.4259 50.958 3
      vertex 19.4259 50.958 0
    endloop
  endfacet
  facet normal 0.95939 0.282084 0
    outer loop
      vertex 19.1597 52.5881 3
      vertex 18.7159 54.0975 0
      vertex 18.7159 54.0975 3
    endloop
  endfacet
  facet normal 0.95939 0.282084 0
    outer loop
      vertex 18.7159 54.0975 0
      vertex 19.1597 52.5881 3
      vertex 19.1597 52.5881 0
    endloop
  endfacet
  facet normal 0.912833 0.408333 0
    outer loop
      vertex 18.7159 54.0975 3
      vertex 18.0947 55.4862 0
      vertex 18.0947 55.4862 3
    endloop
  endfacet
  facet normal 0.912833 0.408333 0
    outer loop
      vertex 18.0947 55.4862 0
      vertex 18.7159 54.0975 3
      vertex 18.7159 54.0975 0
    endloop
  endfacet
  facet normal 0.846134 0.532971 0
    outer loop
      vertex 18.0947 55.4862 3
      vertex 17.296 56.7542 0
      vertex 17.296 56.7542 3
    endloop
  endfacet
  facet normal 0.846134 0.532971 0
    outer loop
      vertex 17.296 56.7542 0
      vertex 18.0947 55.4862 3
      vertex 18.0947 55.4862 0
    endloop
  endfacet
  facet normal 0.761585 0.648065 0
    outer loop
      vertex 17.296 56.7542 3
      vertex 16.3198 57.9014 0
      vertex 16.3198 57.9014 3
    endloop
  endfacet
  facet normal 0.761585 0.648065 0
    outer loop
      vertex 16.3198 57.9014 0
      vertex 17.296 56.7542 3
      vertex 17.296 56.7542 0
    endloop
  endfacet
  facet normal 0.664758 0.747059 -0
    outer loop
      vertex 16.3198 57.9014 0
      vertex 15.1661 58.928 3
      vertex 16.3198 57.9014 3
    endloop
  endfacet
  facet normal 0.664758 0.747059 0
    outer loop
      vertex 15.1661 58.928 3
      vertex 16.3198 57.9014 0
      vertex 15.1661 58.928 0
    endloop
  endfacet
  facet normal 0.560597 0.828089 -0
    outer loop
      vertex 15.1661 58.928 0
      vertex 13.8405 59.8254 3
      vertex 15.1661 58.928 3
    endloop
  endfacet
  facet normal 0.560597 0.828089 0
    outer loop
      vertex 13.8405 59.8254 3
      vertex 15.1661 58.928 0
      vertex 13.8405 59.8254 0
    endloop
  endfacet
  facet normal 0.453534 0.891239 -0
    outer loop
      vertex 13.8405 59.8254 0
      vertex 12.3484 60.5847 3
      vertex 13.8405 59.8254 3
    endloop
  endfacet
  facet normal 0.453534 0.891239 0
    outer loop
      vertex 12.3484 60.5847 3
      vertex 13.8405 59.8254 0
      vertex 12.3484 60.5847 0
    endloop
  endfacet
  facet normal 0.35074 0.936473 -0
    outer loop
      vertex 12.3484 60.5847 0
      vertex 10.6898 61.2059 3
      vertex 12.3484 60.5847 3
    endloop
  endfacet
  facet normal 0.35074 0.936473 0
    outer loop
      vertex 10.6898 61.2059 3
      vertex 12.3484 60.5847 0
      vertex 10.6898 61.2059 0
    endloop
  endfacet
  facet normal 0.255953 0.966689 -0
    outer loop
      vertex 10.6898 61.2059 0
      vertex 8.86484 61.6891 3
      vertex 10.6898 61.2059 3
    endloop
  endfacet
  facet normal 0.255953 0.966689 0
    outer loop
      vertex 8.86484 61.6891 3
      vertex 10.6898 61.2059 0
      vertex 8.86484 61.6891 0
    endloop
  endfacet
  facet normal 0.170797 0.985306 -0
    outer loop
      vertex 8.86484 61.6891 0
      vertex 6.87343 62.0343 3
      vertex 8.86484 61.6891 3
    endloop
  endfacet
  facet normal 0.170797 0.985306 0
    outer loop
      vertex 6.87343 62.0343 3
      vertex 8.86484 61.6891 0
      vertex 6.87343 62.0343 0
    endloop
  endfacet
  facet normal 0.0955353 0.995426 -0
    outer loop
      vertex 6.87343 62.0343 0
      vertex 4.71556 62.2414 3
      vertex 6.87343 62.0343 3
    endloop
  endfacet
  facet normal 0.0955353 0.995426 0
    outer loop
      vertex 4.71556 62.2414 3
      vertex 6.87343 62.0343 0
      vertex 4.71556 62.2414 0
    endloop
  endfacet
  facet normal 0.0296734 0.99956 -0
    outer loop
      vertex 4.71556 62.2414 0
      vertex 2.39127 62.3104 3
      vertex 4.71556 62.2414 3
    endloop
  endfacet
  facet normal 0.0296734 0.99956 0
    outer loop
      vertex 2.39127 62.3104 3
      vertex 4.71556 62.2414 0
      vertex 2.39127 62.3104 0
    endloop
  endfacet
  facet normal 0 1 -0
    outer loop
      vertex 2.39127 62.3104 0
      vertex -17.9019 62.3104 3
      vertex 2.39127 62.3104 3
    endloop
  endfacet
  facet normal 0 1 0
    outer loop
      vertex -17.9019 62.3104 3
      vertex 2.39127 62.3104 0
      vertex -17.9019 62.3104 0
    endloop
  endfacet
  facet normal -1 0 0
    outer loop
      vertex -17.9019 10.1674 0
      vertex -17.9019 62.3104 3
      vertex -17.9019 62.3104 0
    endloop
  endfacet
  facet normal -1 -0 0
    outer loop
      vertex -17.9019 62.3104 3
      vertex -17.9019 10.1674 0
      vertex -17.9019 10.1674 3
    endloop
  endfacet
  facet normal 0 -1 0
    outer loop
      vertex -17.9019 10.1674 0
      vertex 4.59431 10.1674 3
      vertex -17.9019 10.1674 3
    endloop
  endfacet
  facet normal 0 -1 -0
    outer loop
      vertex 4.59431 10.1674 3
      vertex -17.9019 10.1674 0
      vertex 4.59431 10.1674 0
    endloop
  endfacet
  facet normal 0.0342851 -0.999412 0
    outer loop
      vertex 4.59431 10.1674 0
      vertex 6.93797 10.2478 3
      vertex 4.59431 10.1674 3
    endloop
  endfacet
  facet normal 0.0342851 -0.999412 0
    outer loop
      vertex 6.93797 10.2478 3
      vertex 4.59431 10.1674 0
      vertex 6.93797 10.2478 0
    endloop
  endfacet
  facet normal 1 -0 0
    outer loop
      vertex -6.49901 41.5151 3
      vertex -6.49901 53.8453 0
      vertex -6.49901 53.8453 3
    endloop
  endfacet
  facet normal 1 0 0
    outer loop
      vertex -6.49901 53.8453 0
      vertex -6.49901 41.5151 3
      vertex -6.49901 41.5151 0
    endloop
  endfacet
  facet normal 0 -1 0
    outer loop
      vertex -6.49901 53.8453 0
      vertex 1.57959 53.8453 3
      vertex -6.49901 53.8453 3
    endloop
  endfacet
  facet normal 0 -1 -0
    outer loop
      vertex 1.57959 53.8453 3
      vertex -6.49901 53.8453 0
      vertex 1.57959 53.8453 0
    endloop
  endfacet
  facet normal -0.073489 -0.997296 0
    outer loop
      vertex 1.57959 53.8453 0
      vertex 3.29221 53.7191 3
      vertex 1.57959 53.8453 3
    endloop
  endfacet
  facet normal -0.073489 -0.997296 -0
    outer loop
      vertex 3.29221 53.7191 3
      vertex 1.57959 53.8453 0
      vertex 3.29221 53.7191 0
    endloop
  endfacet
  facet normal -0.252774 -0.967525 0
    outer loop
      vertex 3.29221 53.7191 0
      vertex 4.74135 53.3405 3
      vertex 3.29221 53.7191 3
    endloop
  endfacet
  facet normal -0.252774 -0.967525 -0
    outer loop
      vertex 4.74135 53.3405 3
      vertex 3.29221 53.7191 0
      vertex 4.74135 53.3405 0
    endloop
  endfacet
  facet normal -0.469865 -0.882738 0
    outer loop
      vertex 4.74135 53.3405 0
      vertex 5.927 52.7094 3
      vertex 4.74135 53.3405 3
    endloop
  endfacet
  facet normal -0.469865 -0.882738 -0
    outer loop
      vertex 5.927 52.7094 3
      vertex 4.74135 53.3405 0
      vertex 5.927 52.7094 0
    endloop
  endfacet
  facet normal -0.691801 -0.722088 0
    outer loop
      vertex 5.927 52.7094 0
      vertex 6.84918 51.8259 3
      vertex 5.927 52.7094 3
    endloop
  endfacet
  facet normal -0.691801 -0.722088 -0
    outer loop
      vertex 6.84918 51.8259 3
      vertex 5.927 52.7094 0
      vertex 6.84918 51.8259 0
    endloop
  endfacet
  facet normal -0.865075 -0.501643 0
    outer loop
      vertex 7.50787 50.69 0
      vertex 6.84918 51.8259 3
      vertex 6.84918 51.8259 0
    endloop
  endfacet
  facet normal -0.865075 -0.501643 0
    outer loop
      vertex 6.84918 51.8259 3
      vertex 7.50787 50.69 0
      vertex 7.50787 50.69 3
    endloop
  endfacet
  facet normal -0.961788 -0.273795 0
    outer loop
      vertex 7.90311 49.3016 0
      vertex 7.50787 50.69 3
      vertex 7.50787 50.69 0
    endloop
  endfacet
  facet normal -0.961788 -0.273795 0
    outer loop
      vertex 7.50787 50.69 3
      vertex 7.90311 49.3016 0
      vertex 7.90311 49.3016 3
    endloop
  endfacet
  facet normal -0.996793 -0.0800265 0
    outer loop
      vertex 8.03484 47.6608 0
      vertex 7.90311 49.3016 3
      vertex 7.90311 49.3016 0
    endloop
  endfacet
  facet normal -0.996793 -0.0800265 0
    outer loop
      vertex 7.90311 49.3016 3
      vertex 8.03484 47.6608 0
      vertex 8.03484 47.6608 3
    endloop
  endfacet
  facet normal -0.996828 0.0795873 0
    outer loop
      vertex 7.90466 46.0303 0
      vertex 8.03484 47.6608 3
      vertex 8.03484 47.6608 0
    endloop
  endfacet
  facet normal -0.996828 0.0795873 0
    outer loop
      vertex 8.03484 47.6608 3
      vertex 7.90466 46.0303 0
      vertex 7.90466 46.0303 3
    endloop
  endfacet
  facet normal -0.962197 0.272353 0
    outer loop
      vertex 7.51416 44.6507 0
      vertex 7.90466 46.0303 3
      vertex 7.90466 46.0303 0
    endloop
  endfacet
  facet normal -0.962197 0.272353 0
    outer loop
      vertex 7.90466 46.0303 3
      vertex 7.51416 44.6507 0
      vertex 7.51416 44.6507 3
    endloop
  endfacet
  facet normal -0.866312 0.499503 0
    outer loop
      vertex 6.86331 43.5219 0
      vertex 7.51416 44.6507 3
      vertex 7.51416 44.6507 0
    endloop
  endfacet
  facet normal -0.866312 0.499503 0
    outer loop
      vertex 7.51416 44.6507 3
      vertex 6.86331 43.5219 0
      vertex 6.86331 43.5219 3
    endloop
  endfacet
  facet normal -0.693874 0.720096 0
    outer loop
      vertex 6.86331 43.5219 0
      vertex 5.95213 42.6439 3
      vertex 6.86331 43.5219 3
    endloop
  endfacet
  facet normal -0.693874 0.720096 0
    outer loop
      vertex 5.95213 42.6439 3
      vertex 6.86331 43.5219 0
      vertex 5.95213 42.6439 0
    endloop
  endfacet
  facet normal -0.471929 0.881637 0
    outer loop
      vertex 5.95213 42.6439 0
      vertex 4.78061 42.0168 3
      vertex 5.95213 42.6439 3
    endloop
  endfacet
  facet normal -0.471929 0.881637 0
    outer loop
      vertex 4.78061 42.0168 3
      vertex 5.95213 42.6439 0
      vertex 4.78061 42.0168 0
    endloop
  endfacet
  facet normal -0.254172 0.967159 0
    outer loop
      vertex 4.78061 42.0168 0
      vertex 3.34874 41.6405 3
      vertex 4.78061 42.0168 3
    endloop
  endfacet
  facet normal -0.254172 0.967159 0
    outer loop
      vertex 3.34874 41.6405 3
      vertex 4.78061 42.0168 0
      vertex 3.34874 41.6405 0
    endloop
  endfacet
  facet normal -0.0739021 0.997266 0
    outer loop
      vertex 3.34874 41.6405 0
      vertex 1.65654 41.5151 3
      vertex 3.34874 41.6405 3
    endloop
  endfacet
  facet normal -0.0739021 0.997266 0
    outer loop
      vertex 1.65654 41.5151 3
      vertex 3.34874 41.6405 0
      vertex 1.65654 41.5151 0
    endloop
  endfacet
  facet normal 0 1 -0
    outer loop
      vertex 1.65654 41.5151 0
      vertex -6.49901 41.5151 3
      vertex 1.65654 41.5151 3
    endloop
  endfacet
  facet normal 0 1 0
    outer loop
      vertex -6.49901 41.5151 3
      vertex 1.65654 41.5151 0
      vertex -6.49901 41.5151 0
    endloop
  endfacet
  facet normal 1 -0 0
    outer loop
      vertex -6.49901 18.6324 3
      vertex -6.49901 33.0888 0
      vertex -6.49901 33.0888 3
    endloop
  endfacet
  facet normal 1 0 0
    outer loop
      vertex -6.49901 33.0888 0
      vertex -6.49901 18.6324 3
      vertex -6.49901 18.6324 0
    endloop
  endfacet
  facet normal 0 -1 0
    outer loop
      vertex -6.49901 33.0888 0
      vertex 3.16418 33.0888 3
      vertex -6.49901 33.0888 3
    endloop
  endfacet
  facet normal 0 -1 -0
    outer loop
      vertex 3.16418 33.0888 3
      vertex -6.49901 33.0888 0
      vertex 3.16418 33.0888 0
    endloop
  endfacet
  facet normal -0.0347801 -0.999395 0
    outer loop
      vertex 3.16418 33.0888 0
      vertex 4.24173 33.0513 3
      vertex 3.16418 33.0888 3
    endloop
  endfacet
  facet normal -0.0347801 -0.999395 -0
    outer loop
      vertex 4.24173 33.0513 3
      vertex 3.16418 33.0888 0
      vertex 4.24173 33.0513 0
    endloop
  endfacet
  facet normal -0.111496 -0.993765 0
    outer loop
      vertex 4.24173 33.0513 0
      vertex 5.24355 32.9389 3
      vertex 4.24173 33.0513 3
    endloop
  endfacet
  facet normal -0.111496 -0.993765 -0
    outer loop
      vertex 5.24355 32.9389 3
      vertex 4.24173 33.0513 0
      vertex 5.24355 32.9389 0
    endloop
  endfacet
  facet normal -0.198237 -0.980154 0
    outer loop
      vertex 5.24355 32.9389 0
      vertex 6.16963 32.7516 3
      vertex 5.24355 32.9389 3
    endloop
  endfacet
  facet normal -0.198237 -0.980154 -0
    outer loop
      vertex 6.16963 32.7516 3
      vertex 5.24355 32.9389 0
      vertex 6.16963 32.7516 0
    endloop
  endfacet
  facet normal -0.294754 -0.955573 0
    outer loop
      vertex 6.16963 32.7516 0
      vertex 7.01999 32.4893 3
      vertex 6.16963 32.7516 3
    endloop
  endfacet
  facet normal -0.294754 -0.955573 -0
    outer loop
      vertex 7.01999 32.4893 3
      vertex 6.16963 32.7516 0
      vertex 7.01999 32.4893 0
    endloop
  endfacet
  facet normal -0.399124 -0.916897 0
    outer loop
      vertex 7.01999 32.4893 0
      vertex 7.79463 32.1521 3
      vertex 7.01999 32.4893 3
    endloop
  endfacet
  facet normal -0.399124 -0.916897 -0
    outer loop
      vertex 7.79463 32.1521 3
      vertex 7.01999 32.4893 0
      vertex 7.79463 32.1521 0
    endloop
  endfacet
  facet normal -0.508011 -0.861351 0
    outer loop
      vertex 7.79463 32.1521 0
      vertex 8.49353 31.7399 3
      vertex 7.79463 32.1521 3
    endloop
  endfacet
  facet normal -0.508011 -0.861351 -0
    outer loop
      vertex 8.49353 31.7399 3
      vertex 7.79463 32.1521 0
      vertex 8.49353 31.7399 0
    endloop
  endfacet
  facet normal -0.615839 -0.787872 0
    outer loop
      vertex 8.49353 31.7399 0
      vertex 9.1167 31.2528 3
      vertex 8.49353 31.7399 3
    endloop
  endfacet
  facet normal -0.615839 -0.787872 -0
    outer loop
      vertex 9.1167 31.2528 3
      vertex 8.49353 31.7399 0
      vertex 9.1167 31.2528 0
    endloop
  endfacet
  facet normal -0.715414 -0.698701 0
    outer loop
      vertex 9.6602 30.6963 0
      vertex 9.1167 31.2528 3
      vertex 9.1167 31.2528 0
    endloop
  endfacet
  facet normal -0.715414 -0.698701 0
    outer loop
      vertex 9.1167 31.2528 3
      vertex 9.6602 30.6963 0
      vertex 9.6602 30.6963 3
    endloop
  endfacet
  facet normal -0.803344 -0.595516 0
    outer loop
      vertex 10.1201 30.0759 0
      vertex 9.6602 30.6963 3
      vertex 9.6602 30.6963 0
    endloop
  endfacet
  facet normal -0.803344 -0.595516 0
    outer loop
      vertex 9.6602 30.6963 3
      vertex 10.1201 30.0759 0
      vertex 10.1201 30.0759 3
    endloop
  endfacet
  facet normal -0.876281 -0.481801 0
    outer loop
      vertex 10.4964 29.3915 0
      vertex 10.1201 30.0759 3
      vertex 10.1201 30.0759 0
    endloop
  endfacet
  facet normal -0.876281 -0.481801 0
    outer loop
      vertex 10.1201 30.0759 3
      vertex 10.4964 29.3915 0
      vertex 10.4964 29.3915 3
    endloop
  endfacet
  facet normal -0.931316 -0.364212 0
    outer loop
      vertex 10.789 28.6433 0
      vertex 10.4964 29.3915 3
      vertex 10.4964 29.3915 0
    endloop
  endfacet
  facet normal -0.931316 -0.364212 0
    outer loop
      vertex 10.4964 29.3915 3
      vertex 10.789 28.6433 0
      vertex 10.789 28.6433 3
    endloop
  endfacet
  facet normal -0.96845 -0.249207 0
    outer loop
      vertex 10.998 27.8311 0
      vertex 10.789 28.6433 3
      vertex 10.789 28.6433 0
    endloop
  endfacet
  facet normal -0.96845 -0.249207 0
    outer loop
      vertex 10.789 28.6433 3
      vertex 10.998 27.8311 0
      vertex 10.998 27.8311 3
    endloop
  endfacet
  facet normal -0.989893 -0.141817 0
    outer loop
      vertex 11.1235 26.9551 0
      vertex 10.998 27.8311 3
      vertex 10.998 27.8311 0
    endloop
  endfacet
  facet normal -0.989893 -0.141817 0
    outer loop
      vertex 10.998 27.8311 3
      vertex 11.1235 26.9551 0
      vertex 11.1235 26.9551 3
    endloop
  endfacet
  facet normal -0.999013 -0.0444242 0
    outer loop
      vertex 11.1653 26.0151 0
      vertex 11.1235 26.9551 3
      vertex 11.1235 26.9551 0
    endloop
  endfacet
  facet normal -0.999013 -0.0444242 0
    outer loop
      vertex 11.1235 26.9551 3
      vertex 11.1653 26.0151 0
      vertex 11.1653 26.0151 3
    endloop
  endfacet
  facet normal -0.99677 0.0803035 0
    outer loop
      vertex 11.0075 24.0564 0
      vertex 11.1653 26.0151 3
      vertex 11.1653 26.0151 0
    endloop
  endfacet
  facet normal -0.99677 0.0803035 0
    outer loop
      vertex 11.1653 26.0151 3
      vertex 11.0075 24.0564 0
      vertex 11.0075 24.0564 3
    endloop
  endfacet
  facet normal -0.961557 0.274606 0
    outer loop
      vertex 10.5342 22.3991 0
      vertex 11.0075 24.0564 3
      vertex 11.0075 24.0564 0
    endloop
  endfacet
  facet normal -0.961557 0.274606 0
    outer loop
      vertex 11.0075 24.0564 3
      vertex 10.5342 22.3991 0
      vertex 10.5342 22.3991 3
    endloop
  endfacet
  facet normal -0.864394 0.502815 0
    outer loop
      vertex 9.74542 21.0431 0
      vertex 10.5342 22.3991 3
      vertex 10.5342 22.3991 0
    endloop
  endfacet
  facet normal -0.864394 0.502815 0
    outer loop
      vertex 10.5342 22.3991 3
      vertex 9.74542 21.0431 0
      vertex 9.74542 21.0431 3
    endloop
  endfacet
  facet normal -0.690667 0.723173 0
    outer loop
      vertex 9.74542 21.0431 0
      vertex 8.64108 19.9884 3
      vertex 9.74542 21.0431 3
    endloop
  endfacet
  facet normal -0.690667 0.723173 0
    outer loop
      vertex 8.64108 19.9884 3
      vertex 9.74542 21.0431 0
      vertex 8.64108 19.9884 0
    endloop
  endfacet
  facet normal -0.46867 0.883374 0
    outer loop
      vertex 8.64108 19.9884 0
      vertex 7.22122 19.2351 3
      vertex 8.64108 19.9884 3
    endloop
  endfacet
  facet normal -0.46867 0.883374 0
    outer loop
      vertex 7.22122 19.2351 3
      vertex 8.64108 19.9884 0
      vertex 7.22122 19.2351 0
    endloop
  endfacet
  facet normal -0.252052 0.967714 0
    outer loop
      vertex 7.22122 19.2351 0
      vertex 5.48584 18.7831 3
      vertex 7.22122 19.2351 3
    endloop
  endfacet
  facet normal -0.252052 0.967714 0
    outer loop
      vertex 5.48584 18.7831 3
      vertex 7.22122 19.2351 0
      vertex 5.48584 18.7831 0
    endloop
  endfacet
  facet normal -0.0732824 0.997311 0
    outer loop
      vertex 5.48584 18.7831 0
      vertex 3.43494 18.6324 3
      vertex 5.48584 18.7831 3
    endloop
  endfacet
  facet normal -0.0732824 0.997311 0
    outer loop
      vertex 3.43494 18.6324 3
      vertex 5.48584 18.7831 0
      vertex 3.43494 18.6324 0
    endloop
  endfacet
  facet normal 0 1 -0
    outer loop
      vertex 3.43494 18.6324 0
      vertex -6.49901 18.6324 3
      vertex 3.43494 18.6324 3
    endloop
  endfacet
  facet normal 0 1 0
    outer loop
      vertex -6.49901 18.6324 3
      vertex 3.43494 18.6324 0
      vertex -6.49901 18.6324 0
    endloop
  endfacet
  facet normal -0.998031 -0.0627242 0
    outer loop
      vertex -26.75 0 0
      vertex -26.7756 0.407332 3
      vertex -26.7756 0.407332 0
    endloop
  endfacet
  facet normal -0.998031 -0.0627242 0
    outer loop
      vertex -26.7756 0.407332 3
      vertex -26.75 0 0
      vertex -26.75 0 3
    endloop
  endfacet
  facet normal 0.998031 -0.0627242 0
    outer loop
      vertex -33.25 0 3
      vertex -33.2244 0.407332 0
      vertex -33.2244 0.407332 3
    endloop
  endfacet
  facet normal 0.998031 -0.0627242 0
    outer loop
      vertex -33.2244 0.407332 0
      vertex -33.25 0 3
      vertex -33.25 0 0
    endloop
  endfacet
  facet normal 0 -1 0
    outer loop
      vertex -30.2041 3.24359 0
      vertex -29.7959 3.24359 3
      vertex -30.2041 3.24359 3
    endloop
  endfacet
  facet normal 0 -1 -0
    outer loop
      vertex -29.7959 3.24359 3
      vertex -30.2041 3.24359 0
      vertex -29.7959 3.24359 0
    endloop
  endfacet
  facet normal 0 1 -0
    outer loop
      vertex -29.7959 -3.24359 0
      vertex -30.2041 -3.24359 3
      vertex -29.7959 -3.24359 3
    endloop
  endfacet
  facet normal 0 1 0
    outer loop
      vertex -30.2041 -3.24359 3
      vertex -29.7959 -3.24359 0
      vertex -30.2041 -3.24359 0
    endloop
  endfacet
  facet normal -0.770466 0.637481 0
    outer loop
      vertex -27.6309 -2.22478 0
      vertex -27.3707 -1.9103 3
      vertex -27.3707 -1.9103 0
    endloop
  endfacet
  facet normal -0.770466 0.637481 0
    outer loop
      vertex -27.3707 -1.9103 3
      vertex -27.6309 -2.22478 0
      vertex -27.6309 -2.22478 3
    endloop
  endfacet
  facet normal -0.684572 -0.728946 0
    outer loop
      vertex -27.9284 2.50417 0
      vertex -27.6309 2.22478 3
      vertex -27.9284 2.50417 3
    endloop
  endfacet
  facet normal -0.684572 -0.728946 -0
    outer loop
      vertex -27.6309 2.22478 3
      vertex -27.9284 2.50417 0
      vertex -27.6309 2.22478 0
    endloop
  endfacet
  facet normal 0.684572 -0.728946 0
    outer loop
      vertex -32.3691 2.22478 0
      vertex -32.0716 2.50417 3
      vertex -32.3691 2.22478 3
    endloop
  endfacet
  facet normal 0.684572 -0.728946 0
    outer loop
      vertex -32.0716 2.50417 3
      vertex -32.3691 2.22478 0
      vertex -32.0716 2.50417 0
    endloop
  endfacet
  facet normal 0.368093 -0.929789 0
    outer loop
      vertex -31.3838 2.94069 0
      vertex -31.0043 3.09093 3
      vertex -31.3838 2.94069 3
    endloop
  endfacet
  facet normal 0.368093 -0.929789 0
    outer loop
      vertex -31.0043 3.09093 3
      vertex -31.3838 2.94069 0
      vertex -31.0043 3.09093 0
    endloop
  endfacet
  facet normal -0.904808 -0.425821 0
    outer loop
      vertex -26.9782 1.1964 0
      vertex -27.152 1.5657 3
      vertex -27.152 1.5657 0
    endloop
  endfacet
  facet normal -0.904808 -0.425821 0
    outer loop
      vertex -27.152 1.5657 3
      vertex -26.9782 1.1964 0
      vertex -26.9782 1.1964 3
    endloop
  endfacet
  facet normal -0.844317 -0.535845 0
    outer loop
      vertex -27.152 1.5657 0
      vertex -27.3707 1.9103 3
      vertex -27.3707 1.9103 0
    endloop
  endfacet
  facet normal -0.844317 -0.535845 0
    outer loop
      vertex -27.3707 1.9103 3
      vertex -27.152 1.5657 0
      vertex -27.152 1.5657 3
    endloop
  endfacet
  facet normal -0.368093 -0.929789 0
    outer loop
      vertex -28.9957 3.09093 0
      vertex -28.6162 2.94069 3
      vertex -28.9957 3.09093 3
    endloop
  endfacet
  facet normal -0.368093 -0.929789 -0
    outer loop
      vertex -28.6162 2.94069 3
      vertex -28.9957 3.09093 0
      vertex -28.6162 2.94069 0
    endloop
  endfacet
  facet normal -0.2487 -0.968581 0
    outer loop
      vertex -29.391 3.19243 0
      vertex -28.9957 3.09093 3
      vertex -29.391 3.19243 3
    endloop
  endfacet
  facet normal -0.2487 -0.968581 -0
    outer loop
      vertex -28.9957 3.09093 3
      vertex -29.391 3.19243 0
      vertex -28.9957 3.09093 0
    endloop
  endfacet
  facet normal -0.587778 -0.809022 0
    outer loop
      vertex -28.2586 2.74407 0
      vertex -27.9284 2.50417 3
      vertex -28.2586 2.74407 3
    endloop
  endfacet
  facet normal -0.587778 -0.809022 -0
    outer loop
      vertex -27.9284 2.50417 3
      vertex -28.2586 2.74407 0
      vertex -27.9284 2.50417 0
    endloop
  endfacet
  facet normal 0.904808 -0.425821 0
    outer loop
      vertex -33.0218 1.1964 3
      vertex -32.848 1.5657 0
      vertex -32.848 1.5657 3
    endloop
  endfacet
  facet normal 0.904808 -0.425821 0
    outer loop
      vertex -32.848 1.5657 0
      vertex -33.0218 1.1964 3
      vertex -33.0218 1.1964 0
    endloop
  endfacet
  facet normal 0.770466 -0.637481 0
    outer loop
      vertex -32.6293 1.9103 3
      vertex -32.3691 2.22478 0
      vertex -32.3691 2.22478 3
    endloop
  endfacet
  facet normal 0.770466 -0.637481 0
    outer loop
      vertex -32.3691 2.22478 0
      vertex -32.6293 1.9103 3
      vertex -32.6293 1.9103 0
    endloop
  endfacet
  facet normal 0.951071 -0.308972 0
    outer loop
      vertex -33.1479 0.808242 3
      vertex -33.0218 1.1964 0
      vertex -33.0218 1.1964 3
    endloop
  endfacet
  facet normal 0.951071 -0.308972 0
    outer loop
      vertex -33.0218 1.1964 0
      vertex -33.1479 0.808242 3
      vertex -33.1479 0.808242 0
    endloop
  endfacet
  facet normal 0.481806 -0.876278 0
    outer loop
      vertex -31.7414 2.74407 0
      vertex -31.3838 2.94069 3
      vertex -31.7414 2.74407 3
    endloop
  endfacet
  facet normal 0.481806 -0.876278 0
    outer loop
      vertex -31.3838 2.94069 3
      vertex -31.7414 2.74407 0
      vertex -31.3838 2.94069 0
    endloop
  endfacet
  facet normal 0.125356 -0.992112 0
    outer loop
      vertex -30.609 3.19243 0
      vertex -30.2041 3.24359 3
      vertex -30.609 3.19243 3
    endloop
  endfacet
  facet normal 0.125356 -0.992112 0
    outer loop
      vertex -30.2041 3.24359 3
      vertex -30.609 3.19243 0
      vertex -30.2041 3.24359 0
    endloop
  endfacet
  facet normal -0.125356 0.992112 0
    outer loop
      vertex -29.391 -3.19243 0
      vertex -29.7959 -3.24359 3
      vertex -29.391 -3.19243 3
    endloop
  endfacet
  facet normal -0.125356 0.992112 0
    outer loop
      vertex -29.7959 -3.24359 3
      vertex -29.391 -3.19243 0
      vertex -29.7959 -3.24359 0
    endloop
  endfacet
  facet normal -0.481806 0.876278 0
    outer loop
      vertex -28.2586 -2.74407 0
      vertex -28.6162 -2.94069 3
      vertex -28.2586 -2.74407 3
    endloop
  endfacet
  facet normal -0.481806 0.876278 0
    outer loop
      vertex -28.6162 -2.94069 3
      vertex -28.2586 -2.74407 0
      vertex -28.6162 -2.94069 0
    endloop
  endfacet
  facet normal -0.951071 -0.308972 0
    outer loop
      vertex -26.8521 0.808242 0
      vertex -26.9782 1.1964 3
      vertex -26.9782 1.1964 0
    endloop
  endfacet
  facet normal -0.951071 -0.308972 0
    outer loop
      vertex -26.9782 1.1964 3
      vertex -26.8521 0.808242 0
      vertex -26.8521 0.808242 3
    endloop
  endfacet
  facet normal -0.982277 -0.187434 0
    outer loop
      vertex -26.7756 0.407332 0
      vertex -26.8521 0.808242 3
      vertex -26.8521 0.808242 0
    endloop
  endfacet
  facet normal -0.982277 -0.187434 0
    outer loop
      vertex -26.8521 0.808242 3
      vertex -26.7756 0.407332 0
      vertex -26.7756 0.407332 3
    endloop
  endfacet
  facet normal -0.770466 -0.637481 0
    outer loop
      vertex -27.3707 1.9103 0
      vertex -27.6309 2.22478 3
      vertex -27.6309 2.22478 0
    endloop
  endfacet
  facet normal -0.770466 -0.637481 0
    outer loop
      vertex -27.6309 2.22478 3
      vertex -27.3707 1.9103 0
      vertex -27.3707 1.9103 3
    endloop
  endfacet
  facet normal -0.125356 -0.992112 0
    outer loop
      vertex -29.7959 3.24359 0
      vertex -29.391 3.19243 3
      vertex -29.7959 3.24359 3
    endloop
  endfacet
  facet normal -0.125356 -0.992112 -0
    outer loop
      vertex -29.391 3.19243 3
      vertex -29.7959 3.24359 0
      vertex -29.391 3.19243 0
    endloop
  endfacet
  facet normal -0.481806 -0.876278 0
    outer loop
      vertex -28.6162 2.94069 0
      vertex -28.2586 2.74407 3
      vertex -28.6162 2.94069 3
    endloop
  endfacet
  facet normal -0.481806 -0.876278 -0
    outer loop
      vertex -28.2586 2.74407 3
      vertex -28.6162 2.94069 0
      vertex -28.2586 2.74407 0
    endloop
  endfacet
  facet normal 0.844317 -0.535845 0
    outer loop
      vertex -32.848 1.5657 3
      vertex -32.6293 1.9103 0
      vertex -32.6293 1.9103 3
    endloop
  endfacet
  facet normal 0.844317 -0.535845 0
    outer loop
      vertex -32.6293 1.9103 0
      vertex -32.848 1.5657 3
      vertex -32.848 1.5657 0
    endloop
  endfacet
  facet normal 0.982277 -0.187434 0
    outer loop
      vertex -33.2244 0.407332 3
      vertex -33.1479 0.808242 0
      vertex -33.1479 0.808242 3
    endloop
  endfacet
  facet normal 0.982277 -0.187434 0
    outer loop
      vertex -33.1479 0.808242 0
      vertex -33.2244 0.407332 3
      vertex -33.2244 0.407332 0
    endloop
  endfacet
  facet normal 0.587778 -0.809022 0
    outer loop
      vertex -32.0716 2.50417 0
      vertex -31.7414 2.74407 3
      vertex -32.0716 2.50417 3
    endloop
  endfacet
  facet normal 0.587778 -0.809022 0
    outer loop
      vertex -31.7414 2.74407 3
      vertex -32.0716 2.50417 0
      vertex -31.7414 2.74407 0
    endloop
  endfacet
  facet normal 0.2487 -0.968581 0
    outer loop
      vertex -31.0043 3.09093 0
      vertex -30.609 3.19243 3
      vertex -31.0043 3.09093 3
    endloop
  endfacet
  facet normal 0.2487 -0.968581 0
    outer loop
      vertex -30.609 3.19243 3
      vertex -31.0043 3.09093 0
      vertex -30.609 3.19243 0
    endloop
  endfacet
  facet normal -0.998031 0.0627242 0
    outer loop
      vertex -26.7756 -0.407332 0
      vertex -26.75 0 3
      vertex -26.75 0 0
    endloop
  endfacet
  facet normal -0.998031 0.0627242 0
    outer loop
      vertex -26.75 0 3
      vertex -26.7756 -0.407332 0
      vertex -26.7756 -0.407332 3
    endloop
  endfacet
  facet normal -0.951071 0.308972 0
    outer loop
      vertex -26.9782 -1.1964 0
      vertex -26.8521 -0.808242 3
      vertex -26.8521 -0.808242 0
    endloop
  endfacet
  facet normal -0.951071 0.308972 0
    outer loop
      vertex -26.8521 -0.808242 3
      vertex -26.9782 -1.1964 0
      vertex -26.9782 -1.1964 3
    endloop
  endfacet
  facet normal -0.982277 0.187434 0
    outer loop
      vertex -26.8521 -0.808242 0
      vertex -26.7756 -0.407332 3
      vertex -26.7756 -0.407332 0
    endloop
  endfacet
  facet normal -0.982277 0.187434 0
    outer loop
      vertex -26.7756 -0.407332 3
      vertex -26.8521 -0.808242 0
      vertex -26.8521 -0.808242 3
    endloop
  endfacet
  facet normal 0.904808 0.425821 0
    outer loop
      vertex -32.848 -1.5657 3
      vertex -33.0218 -1.1964 0
      vertex -33.0218 -1.1964 3
    endloop
  endfacet
  facet normal 0.904808 0.425821 0
    outer loop
      vertex -33.0218 -1.1964 0
      vertex -32.848 -1.5657 3
      vertex -32.848 -1.5657 0
    endloop
  endfacet
  facet normal -0.587778 0.809022 0
    outer loop
      vertex -27.9284 -2.50417 0
      vertex -28.2586 -2.74407 3
      vertex -27.9284 -2.50417 3
    endloop
  endfacet
  facet normal -0.587778 0.809022 0
    outer loop
      vertex -28.2586 -2.74407 3
      vertex -27.9284 -2.50417 0
      vertex -28.2586 -2.74407 0
    endloop
  endfacet
  facet normal -0.844317 0.535845 0
    outer loop
      vertex -27.3707 -1.9103 0
      vertex -27.152 -1.5657 3
      vertex -27.152 -1.5657 0
    endloop
  endfacet
  facet normal -0.844317 0.535845 0
    outer loop
      vertex -27.152 -1.5657 3
      vertex -27.3707 -1.9103 0
      vertex -27.3707 -1.9103 3
    endloop
  endfacet
  facet normal 0.951071 0.308972 0
    outer loop
      vertex -33.0218 -1.1964 3
      vertex -33.1479 -0.808242 0
      vertex -33.1479 -0.808242 3
    endloop
  endfacet
  facet normal 0.951071 0.308972 0
    outer loop
      vertex -33.1479 -0.808242 0
      vertex -33.0218 -1.1964 3
      vertex -33.0218 -1.1964 0
    endloop
  endfacet
  facet normal -0.684572 0.728946 0
    outer loop
      vertex -27.6309 -2.22478 0
      vertex -27.9284 -2.50417 3
      vertex -27.6309 -2.22478 3
    endloop
  endfacet
  facet normal -0.684572 0.728946 0
    outer loop
      vertex -27.9284 -2.50417 3
      vertex -27.6309 -2.22478 0
      vertex -27.9284 -2.50417 0
    endloop
  endfacet
  facet normal -0.2487 0.968581 0
    outer loop
      vertex -28.9957 -3.09093 0
      vertex -29.391 -3.19243 3
      vertex -28.9957 -3.09093 3
    endloop
  endfacet
  facet normal -0.2487 0.968581 0
    outer loop
      vertex -29.391 -3.19243 3
      vertex -28.9957 -3.09093 0
      vertex -29.391 -3.19243 0
    endloop
  endfacet
  facet normal -0.904808 0.425821 0
    outer loop
      vertex -27.152 -1.5657 0
      vertex -26.9782 -1.1964 3
      vertex -26.9782 -1.1964 0
    endloop
  endfacet
  facet normal -0.904808 0.425821 0
    outer loop
      vertex -26.9782 -1.1964 3
      vertex -27.152 -1.5657 0
      vertex -27.152 -1.5657 3
    endloop
  endfacet
  facet normal 0.2487 0.968581 -0
    outer loop
      vertex -30.609 -3.19243 0
      vertex -31.0043 -3.09093 3
      vertex -30.609 -3.19243 3
    endloop
  endfacet
  facet normal 0.2487 0.968581 0
    outer loop
      vertex -31.0043 -3.09093 3
      vertex -30.609 -3.19243 0
      vertex -31.0043 -3.09093 0
    endloop
  endfacet
  facet normal 0.770466 0.637481 0
    outer loop
      vertex -32.3691 -2.22478 3
      vertex -32.6293 -1.9103 0
      vertex -32.6293 -1.9103 3
    endloop
  endfacet
  facet normal 0.770466 0.637481 0
    outer loop
      vertex -32.6293 -1.9103 0
      vertex -32.3691 -2.22478 3
      vertex -32.3691 -2.22478 0
    endloop
  endfacet
  facet normal 0.684572 0.728946 -0
    outer loop
      vertex -32.0716 -2.50417 0
      vertex -32.3691 -2.22478 3
      vertex -32.0716 -2.50417 3
    endloop
  endfacet
  facet normal 0.684572 0.728946 0
    outer loop
      vertex -32.3691 -2.22478 3
      vertex -32.0716 -2.50417 0
      vertex -32.3691 -2.22478 0
    endloop
  endfacet
  facet normal 0.982277 0.187434 0
    outer loop
      vertex -33.1479 -0.808242 3
      vertex -33.2244 -0.407332 0
      vertex -33.2244 -0.407332 3
    endloop
  endfacet
  facet normal 0.982277 0.187434 0
    outer loop
      vertex -33.2244 -0.407332 0
      vertex -33.1479 -0.808242 3
      vertex -33.1479 -0.808242 0
    endloop
  endfacet
  facet normal 0.998031 0.0627242 0
    outer loop
      vertex -33.2244 -0.407332 3
      vertex -33.25 0 0
      vertex -33.25 0 3
    endloop
  endfacet
  facet normal 0.998031 0.0627242 0
    outer loop
      vertex -33.25 0 0
      vertex -33.2244 -0.407332 3
      vertex -33.2244 -0.407332 0
    endloop
  endfacet
  facet normal 0.481806 0.876278 -0
    outer loop
      vertex -31.3838 -2.94069 0
      vertex -31.7414 -2.74407 3
      vertex -31.3838 -2.94069 3
    endloop
  endfacet
  facet normal 0.481806 0.876278 0
    outer loop
      vertex -31.7414 -2.74407 3
      vertex -31.3838 -2.94069 0
      vertex -31.7414 -2.74407 0
    endloop
  endfacet
  facet normal 0.587778 0.809022 -0
    outer loop
      vertex -31.7414 -2.74407 0
      vertex -32.0716 -2.50417 3
      vertex -31.7414 -2.74407 3
    endloop
  endfacet
  facet normal 0.587778 0.809022 0
    outer loop
      vertex -32.0716 -2.50417 3
      vertex -31.7414 -2.74407 0
      vertex -32.0716 -2.50417 0
    endloop
  endfacet
  facet normal 0.125356 0.992112 -0
    outer loop
      vertex -30.2041 -3.24359 0
      vertex -30.609 -3.19243 3
      vertex -30.2041 -3.24359 3
    endloop
  endfacet
  facet normal 0.125356 0.992112 0
    outer loop
      vertex -30.609 -3.19243 3
      vertex -30.2041 -3.24359 0
      vertex -30.609 -3.19243 0
    endloop
  endfacet
  facet normal 0.844317 0.535845 0
    outer loop
      vertex -32.6293 -1.9103 3
      vertex -32.848 -1.5657 0
      vertex -32.848 -1.5657 3
    endloop
  endfacet
  facet normal 0.844317 0.535845 0
    outer loop
      vertex -32.848 -1.5657 0
      vertex -32.6293 -1.9103 3
      vertex -32.6293 -1.9103 0
    endloop
  endfacet
  facet normal -0.368093 0.929789 0
    outer loop
      vertex -28.6162 -2.94069 0
      vertex -28.9957 -3.09093 3
      vertex -28.6162 -2.94069 3
    endloop
  endfacet
  facet normal -0.368093 0.929789 0
    outer loop
      vertex -28.9957 -3.09093 3
      vertex -28.6162 -2.94069 0
      vertex -28.9957 -3.09093 0
    endloop
  endfacet
  facet normal 0.368093 0.929789 -0
    outer loop
      vertex -31.0043 -3.09093 0
      vertex -31.3838 -2.94069 3
      vertex -31.0043 -3.09093 3
    endloop
  endfacet
  facet normal 0.368093 0.929789 0
    outer loop
      vertex -31.3838 -2.94069 3
      vertex -31.0043 -3.09093 0
      vertex -31.3838 -2.94069 0
    endloop
  endfacet
  facet normal -0.998031 -0.0627242 0
    outer loop
      vertex -11.75 0 0
      vertex -11.7756 0.407332 3
      vertex -11.7756 0.407332 0
    endloop
  endfacet
  facet normal -0.998031 -0.0627242 0
    outer loop
      vertex -11.7756 0.407332 3
      vertex -11.75 0 0
      vertex -11.75 0 3
    endloop
  endfacet
  facet normal 0.998031 -0.0627242 0
    outer loop
      vertex -18.25 0 3
      vertex -18.2244 0.407332 0
      vertex -18.2244 0.407332 3
    endloop
  endfacet
  facet normal 0.998031 -0.0627242 0
    outer loop
      vertex -18.2244 0.407332 0
      vertex -18.25 0 3
      vertex -18.25 0 0
    endloop
  endfacet
  facet normal 0 -1 0
    outer loop
      vertex -15.2041 3.24359 0
      vertex -14.7959 3.24359 3
      vertex -15.2041 3.24359 3
    endloop
  endfacet
  facet normal 0 -1 -0
    outer loop
      vertex -14.7959 3.24359 3
      vertex -15.2041 3.24359 0
      vertex -14.7959 3.24359 0
    endloop
  endfacet
  facet normal 0 1 -0
    outer loop
      vertex -14.7959 -3.24359 0
      vertex -15.2041 -3.24359 3
      vertex -14.7959 -3.24359 3
    endloop
  endfacet
  facet normal 0 1 0
    outer loop
      vertex -15.2041 -3.24359 3
      vertex -14.7959 -3.24359 0
      vertex -15.2041 -3.24359 0
    endloop
  endfacet
  facet normal -0.684572 -0.728946 0
    outer loop
      vertex -12.9284 2.50417 0
      vertex -12.6309 2.22478 3
      vertex -12.9284 2.50417 3
    endloop
  endfacet
  facet normal -0.684572 -0.728946 -0
    outer loop
      vertex -12.6309 2.22478 3
      vertex -12.9284 2.50417 0
      vertex -12.6309 2.22478 0
    endloop
  endfacet
  facet normal 0.684572 -0.728946 0
    outer loop
      vertex -17.3691 2.22478 0
      vertex -17.0716 2.50417 3
      vertex -17.3691 2.22478 3
    endloop
  endfacet
  facet normal 0.684572 -0.728946 0
    outer loop
      vertex -17.0716 2.50417 3
      vertex -17.3691 2.22478 0
      vertex -17.0716 2.50417 0
    endloop
  endfacet
  facet normal 0.368093 -0.929789 0
    outer loop
      vertex -16.3838 2.94069 0
      vertex -16.0043 3.09093 3
      vertex -16.3838 2.94069 3
    endloop
  endfacet
  facet normal 0.368093 -0.929789 0
    outer loop
      vertex -16.0043 3.09093 3
      vertex -16.3838 2.94069 0
      vertex -16.0043 3.09093 0
    endloop
  endfacet
  facet normal -0.904808 -0.425821 0
    outer loop
      vertex -11.9782 1.1964 0
      vertex -12.152 1.5657 3
      vertex -12.152 1.5657 0
    endloop
  endfacet
  facet normal -0.904808 -0.425821 0
    outer loop
      vertex -12.152 1.5657 3
      vertex -11.9782 1.1964 0
      vertex -11.9782 1.1964 3
    endloop
  endfacet
  facet normal -0.844317 -0.535845 0
    outer loop
      vertex -12.152 1.5657 0
      vertex -12.3707 1.9103 3
      vertex -12.3707 1.9103 0
    endloop
  endfacet
  facet normal -0.844317 -0.535845 0
    outer loop
      vertex -12.3707 1.9103 3
      vertex -12.152 1.5657 0
      vertex -12.152 1.5657 3
    endloop
  endfacet
  facet normal -0.368093 -0.929789 0
    outer loop
      vertex -13.9957 3.09093 0
      vertex -13.6162 2.94069 3
      vertex -13.9957 3.09093 3
    endloop
  endfacet
  facet normal -0.368093 -0.929789 -0
    outer loop
      vertex -13.6162 2.94069 3
      vertex -13.9957 3.09093 0
      vertex -13.6162 2.94069 0
    endloop
  endfacet
  facet normal -0.2487 -0.968581 0
    outer loop
      vertex -14.391 3.19243 0
      vertex -13.9957 3.09093 3
      vertex -14.391 3.19243 3
    endloop
  endfacet
  facet normal -0.2487 -0.968581 -0
    outer loop
      vertex -13.9957 3.09093 3
      vertex -14.391 3.19243 0
      vertex -13.9957 3.09093 0
    endloop
  endfacet
  facet normal -0.587778 -0.809022 0
    outer loop
      vertex -13.2586 2.74407 0
      vertex -12.9284 2.50417 3
      vertex -13.2586 2.74407 3
    endloop
  endfacet
  facet normal -0.587778 -0.809022 -0
    outer loop
      vertex -12.9284 2.50417 3
      vertex -13.2586 2.74407 0
      vertex -12.9284 2.50417 0
    endloop
  endfacet
  facet normal 0.904808 -0.425821 0
    outer loop
      vertex -18.0218 1.1964 3
      vertex -17.848 1.5657 0
      vertex -17.848 1.5657 3
    endloop
  endfacet
  facet normal 0.904808 -0.425821 0
    outer loop
      vertex -17.848 1.5657 0
      vertex -18.0218 1.1964 3
      vertex -18.0218 1.1964 0
    endloop
  endfacet
  facet normal 0.770466 -0.637481 0
    outer loop
      vertex -17.6293 1.9103 3
      vertex -17.3691 2.22478 0
      vertex -17.3691 2.22478 3
    endloop
  endfacet
  facet normal 0.770466 -0.637481 0
    outer loop
      vertex -17.3691 2.22478 0
      vertex -17.6293 1.9103 3
      vertex -17.6293 1.9103 0
    endloop
  endfacet
  facet normal 0.951071 -0.308972 0
    outer loop
      vertex -18.1479 0.808242 3
      vertex -18.0218 1.1964 0
      vertex -18.0218 1.1964 3
    endloop
  endfacet
  facet normal 0.951071 -0.308972 0
    outer loop
      vertex -18.0218 1.1964 0
      vertex -18.1479 0.808242 3
      vertex -18.1479 0.808242 0
    endloop
  endfacet
  facet normal 0.481806 -0.876278 0
    outer loop
      vertex -16.7414 2.74407 0
      vertex -16.3838 2.94069 3
      vertex -16.7414 2.74407 3
    endloop
  endfacet
  facet normal 0.481806 -0.876278 0
    outer loop
      vertex -16.3838 2.94069 3
      vertex -16.7414 2.74407 0
      vertex -16.3838 2.94069 0
    endloop
  endfacet
  facet normal 0.125356 -0.992112 0
    outer loop
      vertex -15.609 3.19243 0
      vertex -15.2041 3.24359 3
      vertex -15.609 3.19243 3
    endloop
  endfacet
  facet normal 0.125356 -0.992112 0
    outer loop
      vertex -15.2041 3.24359 3
      vertex -15.609 3.19243 0
      vertex -15.2041 3.24359 0
    endloop
  endfacet
  facet normal -0.125356 0.992112 0
    outer loop
      vertex -14.391 -3.19243 0
      vertex -14.7959 -3.24359 3
      vertex -14.391 -3.19243 3
    endloop
  endfacet
  facet normal -0.125356 0.992112 0
    outer loop
      vertex -14.7959 -3.24359 3
      vertex -14.391 -3.19243 0
      vertex -14.7959 -3.24359 0
    endloop
  endfacet
  facet normal -0.951071 -0.308972 0
    outer loop
      vertex -11.8521 0.808242 0
      vertex -11.9782 1.1964 3
      vertex -11.9782 1.1964 0
    endloop
  endfacet
  facet normal -0.951071 -0.308972 0
    outer loop
      vertex -11.9782 1.1964 3
      vertex -11.8521 0.808242 0
      vertex -11.8521 0.808242 3
    endloop
  endfacet
  facet normal -0.982277 -0.187434 0
    outer loop
      vertex -11.7756 0.407332 0
      vertex -11.8521 0.808242 3
      vertex -11.8521 0.808242 0
    endloop
  endfacet
  facet normal -0.982277 -0.187434 0
    outer loop
      vertex -11.8521 0.808242 3
      vertex -11.7756 0.407332 0
      vertex -11.7756 0.407332 3
    endloop
  endfacet
  facet normal -0.770466 -0.637481 0
    outer loop
      vertex -12.3707 1.9103 0
      vertex -12.6309 2.22478 3
      vertex -12.6309 2.22478 0
    endloop
  endfacet
  facet normal -0.770466 -0.637481 0
    outer loop
      vertex -12.6309 2.22478 3
      vertex -12.3707 1.9103 0
      vertex -12.3707 1.9103 3
    endloop
  endfacet
  facet normal -0.125356 -0.992112 0
    outer loop
      vertex -14.7959 3.24359 0
      vertex -14.391 3.19243 3
      vertex -14.7959 3.24359 3
    endloop
  endfacet
  facet normal -0.125356 -0.992112 -0
    outer loop
      vertex -14.391 3.19243 3
      vertex -14.7959 3.24359 0
      vertex -14.391 3.19243 0
    endloop
  endfacet
  facet normal -0.481806 -0.876278 0
    outer loop
      vertex -13.6162 2.94069 0
      vertex -13.2586 2.74407 3
      vertex -13.6162 2.94069 3
    endloop
  endfacet
  facet normal -0.481806 -0.876278 -0
    outer loop
      vertex -13.2586 2.74407 3
      vertex -13.6162 2.94069 0
      vertex -13.2586 2.74407 0
    endloop
  endfacet
  facet normal 0.844317 -0.535845 0
    outer loop
      vertex -17.848 1.5657 3
      vertex -17.6293 1.9103 0
      vertex -17.6293 1.9103 3
    endloop
  endfacet
  facet normal 0.844317 -0.535845 0
    outer loop
      vertex -17.6293 1.9103 0
      vertex -17.848 1.5657 3
      vertex -17.848 1.5657 0
    endloop
  endfacet
  facet normal 0.982277 -0.187434 0
    outer loop
      vertex -18.2244 0.407332 3
      vertex -18.1479 0.808242 0
      vertex -18.1479 0.808242 3
    endloop
  endfacet
  facet normal 0.982277 -0.187434 0
    outer loop
      vertex -18.1479 0.808242 0
      vertex -18.2244 0.407332 3
      vertex -18.2244 0.407332 0
    endloop
  endfacet
  facet normal 0.587778 -0.809022 0
    outer loop
      vertex -17.0716 2.50417 0
      vertex -16.7414 2.74407 3
      vertex -17.0716 2.50417 3
    endloop
  endfacet
  facet normal 0.587778 -0.809022 0
    outer loop
      vertex -16.7414 2.74407 3
      vertex -17.0716 2.50417 0
      vertex -16.7414 2.74407 0
    endloop
  endfacet
  facet normal 0.2487 -0.968581 0
    outer loop
      vertex -16.0043 3.09093 0
      vertex -15.609 3.19243 3
      vertex -16.0043 3.09093 3
    endloop
  endfacet
  facet normal 0.2487 -0.968581 0
    outer loop
      vertex -15.609 3.19243 3
      vertex -16.0043 3.09093 0
      vertex -15.609 3.19243 0
    endloop
  endfacet
  facet normal -0.998031 0.0627242 0
    outer loop
      vertex -11.7756 -0.407332 0
      vertex -11.75 0 3
      vertex -11.75 0 0
    endloop
  endfacet
  facet normal -0.998031 0.0627242 0
    outer loop
      vertex -11.75 0 3
      vertex -11.7756 -0.407332 0
      vertex -11.7756 -0.407332 3
    endloop
  endfacet
  facet normal -0.951071 0.308972 0
    outer loop
      vertex -11.9782 -1.1964 0
      vertex -11.8521 -0.808242 3
      vertex -11.8521 -0.808242 0
    endloop
  endfacet
  facet normal -0.951071 0.308972 0
    outer loop
      vertex -11.8521 -0.808242 3
      vertex -11.9782 -1.1964 0
      vertex -11.9782 -1.1964 3
    endloop
  endfacet
  facet normal -0.982277 0.187434 0
    outer loop
      vertex -11.8521 -0.808242 0
      vertex -11.7756 -0.407332 3
      vertex -11.7756 -0.407332 0
    endloop
  endfacet
  facet normal -0.982277 0.187434 0
    outer loop
      vertex -11.7756 -0.407332 3
      vertex -11.8521 -0.808242 0
      vertex -11.8521 -0.808242 3
    endloop
  endfacet
  facet normal 0.904808 0.425821 0
    outer loop
      vertex -17.848 -1.5657 3
      vertex -18.0218 -1.1964 0
      vertex -18.0218 -1.1964 3
    endloop
  endfacet
  facet normal 0.904808 0.425821 0
    outer loop
      vertex -18.0218 -1.1964 0
      vertex -17.848 -1.5657 3
      vertex -17.848 -1.5657 0
    endloop
  endfacet
  facet normal -0.587778 0.809022 0
    outer loop
      vertex -12.9284 -2.50417 0
      vertex -13.2586 -2.74407 3
      vertex -12.9284 -2.50417 3
    endloop
  endfacet
  facet normal -0.587778 0.809022 0
    outer loop
      vertex -13.2586 -2.74407 3
      vertex -12.9284 -2.50417 0
      vertex -13.2586 -2.74407 0
    endloop
  endfacet
  facet normal -0.844317 0.535845 0
    outer loop
      vertex -12.3707 -1.9103 0
      vertex -12.152 -1.5657 3
      vertex -12.152 -1.5657 0
    endloop
  endfacet
  facet normal -0.844317 0.535845 0
    outer loop
      vertex -12.152 -1.5657 3
      vertex -12.3707 -1.9103 0
      vertex -12.3707 -1.9103 3
    endloop
  endfacet
  facet normal 0.951071 0.308972 0
    outer loop
      vertex -18.0218 -1.1964 3
      vertex -18.1479 -0.808242 0
      vertex -18.1479 -0.808242 3
    endloop
  endfacet
  facet normal 0.951071 0.308972 0
    outer loop
      vertex -18.1479 -0.808242 0
      vertex -18.0218 -1.1964 3
      vertex -18.0218 -1.1964 0
    endloop
  endfacet
  facet normal -0.684572 0.728946 0
    outer loop
      vertex -12.6309 -2.22478 0
      vertex -12.9284 -2.50417 3
      vertex -12.6309 -2.22478 3
    endloop
  endfacet
  facet normal -0.684572 0.728946 0
    outer loop
      vertex -12.9284 -2.50417 3
      vertex -12.6309 -2.22478 0
      vertex -12.9284 -2.50417 0
    endloop
  endfacet
  facet normal -0.2487 0.968581 0
    outer loop
      vertex -13.9957 -3.09093 0
      vertex -14.391 -3.19243 3
      vertex -13.9957 -3.09093 3
    endloop
  endfacet
  facet normal -0.2487 0.968581 0
    outer loop
      vertex -14.391 -3.19243 3
      vertex -13.9957 -3.09093 0
      vertex -14.391 -3.19243 0
    endloop
  endfacet
  facet normal -0.481806 0.876278 0
    outer loop
      vertex -13.2586 -2.74407 0
      vertex -13.6162 -2.94069 3
      vertex -13.2586 -2.74407 3
    endloop
  endfacet
  facet normal -0.481806 0.876278 0
    outer loop
      vertex -13.6162 -2.94069 3
      vertex -13.2586 -2.74407 0
      vertex -13.6162 -2.94069 0
    endloop
  endfacet
  facet normal -0.904808 0.425821 0
    outer loop
      vertex -12.152 -1.5657 0
      vertex -11.9782 -1.1964 3
      vertex -11.9782 -1.1964 0
    endloop
  endfacet
  facet normal -0.904808 0.425821 0
    outer loop
      vertex -11.9782 -1.1964 3
      vertex -12.152 -1.5657 0
      vertex -12.152 -1.5657 3
    endloop
  endfacet
  facet normal 0.125356 0.992112 -0
    outer loop
      vertex -15.2041 -3.24359 0
      vertex -15.609 -3.19243 3
      vertex -15.2041 -3.24359 3
    endloop
  endfacet
  facet normal 0.125356 0.992112 0
    outer loop
      vertex -15.609 -3.19243 3
      vertex -15.2041 -3.24359 0
      vertex -15.609 -3.19243 0
    endloop
  endfacet
  facet normal 0.2487 0.968581 -0
    outer loop
      vertex -15.609 -3.19243 0
      vertex -16.0043 -3.09093 3
      vertex -15.609 -3.19243 3
    endloop
  endfacet
  facet normal 0.2487 0.968581 0
    outer loop
      vertex -16.0043 -3.09093 3
      vertex -15.609 -3.19243 0
      vertex -16.0043 -3.09093 0
    endloop
  endfacet
  facet normal 0.770466 0.637481 0
    outer loop
      vertex -17.3691 -2.22478 3
      vertex -17.6293 -1.9103 0
      vertex -17.6293 -1.9103 3
    endloop
  endfacet
  facet normal 0.770466 0.637481 0
    outer loop
      vertex -17.6293 -1.9103 0
      vertex -17.3691 -2.22478 3
      vertex -17.3691 -2.22478 0
    endloop
  endfacet
  facet normal 0.684572 0.728946 -0
    outer loop
      vertex -17.0716 -2.50417 0
      vertex -17.3691 -2.22478 3
      vertex -17.0716 -2.50417 3
    endloop
  endfacet
  facet normal 0.684572 0.728946 0
    outer loop
      vertex -17.3691 -2.22478 3
      vertex -17.0716 -2.50417 0
      vertex -17.3691 -2.22478 0
    endloop
  endfacet
  facet normal 0.982277 0.187434 0
    outer loop
      vertex -18.1479 -0.808242 3
      vertex -18.2244 -0.407332 0
      vertex -18.2244 -0.407332 3
    endloop
  endfacet
  facet normal 0.982277 0.187434 0
    outer loop
      vertex -18.2244 -0.407332 0
      vertex -18.1479 -0.808242 3
      vertex -18.1479 -0.808242 0
    endloop
  endfacet
  facet normal 0.998031 0.0627242 0
    outer loop
      vertex -18.2244 -0.407332 3
      vertex -18.25 0 0
      vertex -18.25 0 3
    endloop
  endfacet
  facet normal 0.998031 0.0627242 0
    outer loop
      vertex -18.25 0 0
      vertex -18.2244 -0.407332 3
      vertex -18.2244 -0.407332 0
    endloop
  endfacet
  facet normal -0.770466 0.637481 0
    outer loop
      vertex -12.6309 -2.22478 0
      vertex -12.3707 -1.9103 3
      vertex -12.3707 -1.9103 0
    endloop
  endfacet
  facet normal -0.770466 0.637481 0
    outer loop
      vertex -12.3707 -1.9103 3
      vertex -12.6309 -2.22478 0
      vertex -12.6309 -2.22478 3
    endloop
  endfacet
  facet normal 0.587778 0.809022 -0
    outer loop
      vertex -16.7414 -2.74407 0
      vertex -17.0716 -2.50417 3
      vertex -16.7414 -2.74407 3
    endloop
  endfacet
  facet normal 0.587778 0.809022 0
    outer loop
      vertex -17.0716 -2.50417 3
      vertex -16.7414 -2.74407 0
      vertex -17.0716 -2.50417 0
    endloop
  endfacet
  facet normal 0.844317 0.535845 0
    outer loop
      vertex -17.6293 -1.9103 3
      vertex -17.848 -1.5657 0
      vertex -17.848 -1.5657 3
    endloop
  endfacet
  facet normal 0.844317 0.535845 0
    outer loop
      vertex -17.848 -1.5657 0
      vertex -17.6293 -1.9103 3
      vertex -17.6293 -1.9103 0
    endloop
  endfacet
  facet normal -0.368093 0.929789 0
    outer loop
      vertex -13.6162 -2.94069 0
      vertex -13.9957 -3.09093 3
      vertex -13.6162 -2.94069 3
    endloop
  endfacet
  facet normal -0.368093 0.929789 0
    outer loop
      vertex -13.9957 -3.09093 3
      vertex -13.6162 -2.94069 0
      vertex -13.9957 -3.09093 0
    endloop
  endfacet
  facet normal 0.368093 0.929789 -0
    outer loop
      vertex -16.0043 -3.09093 0
      vertex -16.3838 -2.94069 3
      vertex -16.0043 -3.09093 3
    endloop
  endfacet
  facet normal 0.368093 0.929789 0
    outer loop
      vertex -16.3838 -2.94069 3
      vertex -16.0043 -3.09093 0
      vertex -16.3838 -2.94069 0
    endloop
  endfacet
  facet normal 0.481806 0.876278 -0
    outer loop
      vertex -16.3838 -2.94069 0
      vertex -16.7414 -2.74407 3
      vertex -16.3838 -2.94069 3
    endloop
  endfacet
  facet normal 0.481806 0.876278 0
    outer loop
      vertex -16.7414 -2.74407 3
      vertex -16.3838 -2.94069 0
      vertex -16.7414 -2.74407 0
    endloop
  endfacet
  facet normal -0.998026 -0.0627975 0
    outer loop
      vertex 3.25 0 0
      vertex 3.22437 0.407332 3
      vertex 3.22437 0.407332 0
    endloop
  endfacet
  facet normal -0.998026 -0.0627975 0
    outer loop
      vertex 3.22437 0.407332 3
      vertex 3.25 0 0
      vertex 3.25 0 3
    endloop
  endfacet
  facet normal 0.998026 -0.0627975 0
    outer loop
      vertex -3.25 0 3
      vertex -3.22437 0.407332 0
      vertex -3.22437 0.407332 3
    endloop
  endfacet
  facet normal 0.998026 -0.0627975 0
    outer loop
      vertex -3.22437 0.407332 0
      vertex -3.25 0 3
      vertex -3.25 0 0
    endloop
  endfacet
  facet normal 0 -1 0
    outer loop
      vertex -0.204069 3.24359 0
      vertex 0.204069 3.24359 3
      vertex -0.204069 3.24359 3
    endloop
  endfacet
  facet normal 0 -1 -0
    outer loop
      vertex 0.204069 3.24359 3
      vertex -0.204069 3.24359 0
      vertex 0.204069 3.24359 0
    endloop
  endfacet
  facet normal -0.684547 -0.728968 0
    outer loop
      vertex 2.07163 2.50417 0
      vertex 2.36915 2.22478 3
      vertex 2.07163 2.50417 3
    endloop
  endfacet
  facet normal -0.684547 -0.728968 -0
    outer loop
      vertex 2.36915 2.22478 3
      vertex 2.07163 2.50417 0
      vertex 2.36915 2.22478 0
    endloop
  endfacet
  facet normal 0.684547 -0.728968 0
    outer loop
      vertex -2.36915 2.22478 0
      vertex -2.07163 2.50417 3
      vertex -2.36915 2.22478 3
    endloop
  endfacet
  facet normal 0.684547 -0.728968 0
    outer loop
      vertex -2.07163 2.50417 3
      vertex -2.36915 2.22478 0
      vertex -2.07163 2.50417 0
    endloop
  endfacet
  facet normal 0.36811 -0.929782 0
    outer loop
      vertex -1.38378 2.94069 0
      vertex -1.0043 3.09093 3
      vertex -1.38378 2.94069 3
    endloop
  endfacet
  facet normal 0.36811 -0.929782 0
    outer loop
      vertex -1.0043 3.09093 3
      vertex -1.38378 2.94069 0
      vertex -1.0043 3.09093 0
    endloop
  endfacet
  facet normal -0.844317 0.535845 0
    outer loop
      vertex 2.6293 -1.9103 0
      vertex 2.848 -1.5657 3
      vertex 2.848 -1.5657 0
    endloop
  endfacet
  facet normal -0.844317 0.535845 0
    outer loop
      vertex 2.848 -1.5657 3
      vertex 2.6293 -1.9103 0
      vertex 2.6293 -1.9103 3
    endloop
  endfacet
  facet normal -0.904836 -0.42576 0
    outer loop
      vertex 3.02177 1.1964 0
      vertex 2.848 1.5657 3
      vertex 2.848 1.5657 0
    endloop
  endfacet
  facet normal -0.904836 -0.42576 0
    outer loop
      vertex 2.848 1.5657 3
      vertex 3.02177 1.1964 0
      vertex 3.02177 1.1964 3
    endloop
  endfacet
  facet normal -0.844317 -0.535845 0
    outer loop
      vertex 2.848 1.5657 0
      vertex 2.6293 1.9103 3
      vertex 2.6293 1.9103 0
    endloop
  endfacet
  facet normal -0.844317 -0.535845 0
    outer loop
      vertex 2.6293 1.9103 3
      vertex 2.848 1.5657 0
      vertex 2.848 1.5657 3
    endloop
  endfacet
  facet normal -0.36811 -0.929782 0
    outer loop
      vertex 1.0043 3.09093 0
      vertex 1.38378 2.94069 3
      vertex 1.0043 3.09093 3
    endloop
  endfacet
  facet normal -0.36811 -0.929782 -0
    outer loop
      vertex 1.38378 2.94069 3
      vertex 1.0043 3.09093 0
      vertex 1.38378 2.94069 0
    endloop
  endfacet
  facet normal -0.248693 -0.968582 0
    outer loop
      vertex 0.608989 3.19243 0
      vertex 1.0043 3.09093 3
      vertex 0.608989 3.19243 3
    endloop
  endfacet
  facet normal -0.248693 -0.968582 -0
    outer loop
      vertex 1.0043 3.09093 3
      vertex 0.608989 3.19243 0
      vertex 1.0043 3.09093 0
    endloop
  endfacet
  facet normal -0.58779 -0.809014 0
    outer loop
      vertex 1.74144 2.74407 0
      vertex 2.07163 2.50417 3
      vertex 1.74144 2.74407 3
    endloop
  endfacet
  facet normal -0.58779 -0.809014 -0
    outer loop
      vertex 2.07163 2.50417 3
      vertex 1.74144 2.74407 0
      vertex 2.07163 2.50417 0
    endloop
  endfacet
  facet normal 0.844317 -0.535845 0
    outer loop
      vertex -2.848 1.5657 3
      vertex -2.6293 1.9103 0
      vertex -2.6293 1.9103 3
    endloop
  endfacet
  facet normal 0.844317 -0.535845 0
    outer loop
      vertex -2.6293 1.9103 0
      vertex -2.848 1.5657 3
      vertex -2.848 1.5657 0
    endloop
  endfacet
  facet normal 0.770526 -0.637409 0
    outer loop
      vertex -2.6293 1.9103 3
      vertex -2.36915 2.22478 0
      vertex -2.36915 2.22478 3
    endloop
  endfacet
  facet normal 0.770526 -0.637409 0
    outer loop
      vertex -2.36915 2.22478 0
      vertex -2.6293 1.9103 3
      vertex -2.6293 1.9103 0
    endloop
  endfacet
  facet normal 0.951057 -0.309017 0
    outer loop
      vertex -3.14789 0.808242 3
      vertex -3.02177 1.1964 0
      vertex -3.02177 1.1964 3
    endloop
  endfacet
  facet normal 0.951057 -0.309017 0
    outer loop
      vertex -3.02177 1.1964 0
      vertex -3.14789 0.808242 3
      vertex -3.14789 0.808242 0
    endloop
  endfacet
  facet normal 0.481744 -0.876312 0
    outer loop
      vertex -1.74144 2.74407 0
      vertex -1.38378 2.94069 3
      vertex -1.74144 2.74407 3
    endloop
  endfacet
  facet normal 0.481744 -0.876312 0
    outer loop
      vertex -1.38378 2.94069 3
      vertex -1.74144 2.74407 0
      vertex -1.38378 2.94069 0
    endloop
  endfacet
  facet normal 0.125349 -0.992113 0
    outer loop
      vertex -0.608989 3.19243 0
      vertex -0.204069 3.24359 3
      vertex -0.608989 3.19243 3
    endloop
  endfacet
  facet normal 0.125349 -0.992113 0
    outer loop
      vertex -0.204069 3.24359 3
      vertex -0.608989 3.19243 0
      vertex -0.204069 3.24359 0
    endloop
  endfacet
  facet normal -0.998026 0.0627975 0
    outer loop
      vertex 3.22437 -0.407332 0
      vertex 3.25 0 3
      vertex 3.25 0 0
    endloop
  endfacet
  facet normal -0.998026 0.0627975 0
    outer loop
      vertex 3.25 0 3
      vertex 3.22437 -0.407332 0
      vertex 3.22437 -0.407332 3
    endloop
  endfacet
  facet normal 0.248693 0.968582 -0
    outer loop
      vertex -0.608989 -3.19243 0
      vertex -1.0043 -3.09093 3
      vertex -0.608989 -3.19243 3
    endloop
  endfacet
  facet normal 0.248693 0.968582 0
    outer loop
      vertex -1.0043 -3.09093 3
      vertex -0.608989 -3.19243 0
      vertex -1.0043 -3.09093 0
    endloop
  endfacet
  facet normal -0.125349 0.992113 0
    outer loop
      vertex 0.608989 -3.19243 0
      vertex 0.204069 -3.24359 3
      vertex 0.608989 -3.19243 3
    endloop
  endfacet
  facet normal -0.125349 0.992113 0
    outer loop
      vertex 0.204069 -3.24359 3
      vertex 0.608989 -3.19243 0
      vertex 0.204069 -3.24359 0
    endloop
  endfacet
  facet normal -0.951057 -0.309017 0
    outer loop
      vertex 3.14789 0.808242 0
      vertex 3.02177 1.1964 3
      vertex 3.02177 1.1964 0
    endloop
  endfacet
  facet normal -0.951057 -0.309017 0
    outer loop
      vertex 3.02177 1.1964 3
      vertex 3.14789 0.808242 0
      vertex 3.14789 0.808242 3
    endloop
  endfacet
  facet normal -0.982286 -0.187387 0
    outer loop
      vertex 3.22437 0.407332 0
      vertex 3.14789 0.808242 3
      vertex 3.14789 0.808242 0
    endloop
  endfacet
  facet normal -0.982286 -0.187387 0
    outer loop
      vertex 3.14789 0.808242 3
      vertex 3.22437 0.407332 0
      vertex 3.22437 0.407332 3
    endloop
  endfacet
  facet normal -0.770526 -0.637409 0
    outer loop
      vertex 2.6293 1.9103 0
      vertex 2.36915 2.22478 3
      vertex 2.36915 2.22478 0
    endloop
  endfacet
  facet normal -0.770526 -0.637409 0
    outer loop
      vertex 2.36915 2.22478 3
      vertex 2.6293 1.9103 0
      vertex 2.6293 1.9103 3
    endloop
  endfacet
  facet normal -0.125349 -0.992113 0
    outer loop
      vertex 0.204069 3.24359 0
      vertex 0.608989 3.19243 3
      vertex 0.204069 3.24359 3
    endloop
  endfacet
  facet normal -0.125349 -0.992113 -0
    outer loop
      vertex 0.608989 3.19243 3
      vertex 0.204069 3.24359 0
      vertex 0.608989 3.19243 0
    endloop
  endfacet
  facet normal -0.481744 -0.876312 0
    outer loop
      vertex 1.38378 2.94069 0
      vertex 1.74144 2.74407 3
      vertex 1.38378 2.94069 3
    endloop
  endfacet
  facet normal -0.481744 -0.876312 -0
    outer loop
      vertex 1.74144 2.74407 3
      vertex 1.38378 2.94069 0
      vertex 1.74144 2.74407 0
    endloop
  endfacet
  facet normal 0.904836 -0.42576 0
    outer loop
      vertex -3.02177 1.1964 3
      vertex -2.848 1.5657 0
      vertex -2.848 1.5657 3
    endloop
  endfacet
  facet normal 0.904836 -0.42576 0
    outer loop
      vertex -2.848 1.5657 0
      vertex -3.02177 1.1964 3
      vertex -3.02177 1.1964 0
    endloop
  endfacet
  facet normal 0.982286 -0.187387 0
    outer loop
      vertex -3.22437 0.407332 3
      vertex -3.14789 0.808242 0
      vertex -3.14789 0.808242 3
    endloop
  endfacet
  facet normal 0.982286 -0.187387 0
    outer loop
      vertex -3.14789 0.808242 0
      vertex -3.22437 0.407332 3
      vertex -3.22437 0.407332 0
    endloop
  endfacet
  facet normal 0.58779 -0.809014 0
    outer loop
      vertex -2.07163 2.50417 0
      vertex -1.74144 2.74407 3
      vertex -2.07163 2.50417 3
    endloop
  endfacet
  facet normal 0.58779 -0.809014 0
    outer loop
      vertex -1.74144 2.74407 3
      vertex -2.07163 2.50417 0
      vertex -1.74144 2.74407 0
    endloop
  endfacet
  facet normal 0.248693 -0.968582 0
    outer loop
      vertex -1.0043 3.09093 0
      vertex -0.608989 3.19243 3
      vertex -1.0043 3.09093 3
    endloop
  endfacet
  facet normal 0.248693 -0.968582 0
    outer loop
      vertex -0.608989 3.19243 3
      vertex -1.0043 3.09093 0
      vertex -0.608989 3.19243 0
    endloop
  endfacet
  facet normal -0.58779 0.809014 0
    outer loop
      vertex 2.07163 -2.50417 0
      vertex 1.74144 -2.74407 3
      vertex 2.07163 -2.50417 3
    endloop
  endfacet
  facet normal -0.58779 0.809014 0
    outer loop
      vertex 1.74144 -2.74407 3
      vertex 2.07163 -2.50417 0
      vertex 1.74144 -2.74407 0
    endloop
  endfacet
  facet normal -0.951057 0.309017 0
    outer loop
      vertex 3.02177 -1.1964 0
      vertex 3.14789 -0.808242 3
      vertex 3.14789 -0.808242 0
    endloop
  endfacet
  facet normal -0.951057 0.309017 0
    outer loop
      vertex 3.14789 -0.808242 3
      vertex 3.02177 -1.1964 0
      vertex 3.02177 -1.1964 3
    endloop
  endfacet
  facet normal -0.904836 0.42576 0
    outer loop
      vertex 2.848 -1.5657 0
      vertex 3.02177 -1.1964 3
      vertex 3.02177 -1.1964 0
    endloop
  endfacet
  facet normal -0.904836 0.42576 0
    outer loop
      vertex 3.02177 -1.1964 3
      vertex 2.848 -1.5657 0
      vertex 2.848 -1.5657 3
    endloop
  endfacet
  facet normal -0.982286 0.187387 0
    outer loop
      vertex 3.14789 -0.808242 0
      vertex 3.22437 -0.407332 3
      vertex 3.22437 -0.407332 0
    endloop
  endfacet
  facet normal -0.982286 0.187387 0
    outer loop
      vertex 3.22437 -0.407332 3
      vertex 3.14789 -0.808242 0
      vertex 3.14789 -0.808242 3
    endloop
  endfacet
  facet normal 0.125349 0.992113 -0
    outer loop
      vertex -0.204069 -3.24359 0
      vertex -0.608989 -3.19243 3
      vertex -0.204069 -3.24359 3
    endloop
  endfacet
  facet normal 0.125349 0.992113 0
    outer loop
      vertex -0.608989 -3.19243 3
      vertex -0.204069 -3.24359 0
      vertex -0.608989 -3.19243 0
    endloop
  endfacet
  facet normal 0.951057 0.309017 0
    outer loop
      vertex -3.02177 -1.1964 3
      vertex -3.14789 -0.808242 0
      vertex -3.14789 -0.808242 3
    endloop
  endfacet
  facet normal 0.951057 0.309017 0
    outer loop
      vertex -3.14789 -0.808242 0
      vertex -3.02177 -1.1964 3
      vertex -3.02177 -1.1964 0
    endloop
  endfacet
  facet normal -0.481744 0.876312 0
    outer loop
      vertex 1.74144 -2.74407 0
      vertex 1.38378 -2.94069 3
      vertex 1.74144 -2.74407 3
    endloop
  endfacet
  facet normal -0.481744 0.876312 0
    outer loop
      vertex 1.38378 -2.94069 3
      vertex 1.74144 -2.74407 0
      vertex 1.38378 -2.94069 0
    endloop
  endfacet
  facet normal 0.36811 0.929782 -0
    outer loop
      vertex -1.0043 -3.09093 0
      vertex -1.38378 -2.94069 3
      vertex -1.0043 -3.09093 3
    endloop
  endfacet
  facet normal 0.36811 0.929782 0
    outer loop
      vertex -1.38378 -2.94069 3
      vertex -1.0043 -3.09093 0
      vertex -1.38378 -2.94069 0
    endloop
  endfacet
  facet normal 0.770526 0.637409 0
    outer loop
      vertex -2.36915 -2.22478 3
      vertex -2.6293 -1.9103 0
      vertex -2.6293 -1.9103 3
    endloop
  endfacet
  facet normal 0.770526 0.637409 0
    outer loop
      vertex -2.6293 -1.9103 0
      vertex -2.36915 -2.22478 3
      vertex -2.36915 -2.22478 0
    endloop
  endfacet
  facet normal 0.998026 0.0627975 0
    outer loop
      vertex -3.22437 -0.407332 3
      vertex -3.25 0 0
      vertex -3.25 0 3
    endloop
  endfacet
  facet normal 0.998026 0.0627975 0
    outer loop
      vertex -3.25 0 0
      vertex -3.22437 -0.407332 3
      vertex -3.22437 -0.407332 0
    endloop
  endfacet
  facet normal -0.684547 0.728968 0
    outer loop
      vertex 2.36915 -2.22478 0
      vertex 2.07163 -2.50417 3
      vertex 2.36915 -2.22478 3
    endloop
  endfacet
  facet normal -0.684547 0.728968 0
    outer loop
      vertex 2.07163 -2.50417 3
      vertex 2.36915 -2.22478 0
      vertex 2.07163 -2.50417 0
    endloop
  endfacet
  facet normal 0 1 -0
    outer loop
      vertex 0.204069 -3.24359 0
      vertex -0.204069 -3.24359 3
      vertex 0.204069 -3.24359 3
    endloop
  endfacet
  facet normal 0 1 0
    outer loop
      vertex -0.204069 -3.24359 3
      vertex 0.204069 -3.24359 0
      vertex -0.204069 -3.24359 0
    endloop
  endfacet
  facet normal 0.481744 0.876312 -0
    outer loop
      vertex -1.38378 -2.94069 0
      vertex -1.74144 -2.74407 3
      vertex -1.38378 -2.94069 3
    endloop
  endfacet
  facet normal 0.481744 0.876312 0
    outer loop
      vertex -1.74144 -2.74407 3
      vertex -1.38378 -2.94069 0
      vertex -1.74144 -2.74407 0
    endloop
  endfacet
  facet normal 0.684547 0.728968 -0
    outer loop
      vertex -2.07163 -2.50417 0
      vertex -2.36915 -2.22478 3
      vertex -2.07163 -2.50417 3
    endloop
  endfacet
  facet normal 0.684547 0.728968 0
    outer loop
      vertex -2.36915 -2.22478 3
      vertex -2.07163 -2.50417 0
      vertex -2.36915 -2.22478 0
    endloop
  endfacet
  facet normal 0.904836 0.42576 0
    outer loop
      vertex -2.848 -1.5657 3
      vertex -3.02177 -1.1964 0
      vertex -3.02177 -1.1964 3
    endloop
  endfacet
  facet normal 0.904836 0.42576 0
    outer loop
      vertex -3.02177 -1.1964 0
      vertex -2.848 -1.5657 3
      vertex -2.848 -1.5657 0
    endloop
  endfacet
  facet normal 0.982286 0.187387 0
    outer loop
      vertex -3.14789 -0.808242 3
      vertex -3.22437 -0.407332 0
      vertex -3.22437 -0.407332 3
    endloop
  endfacet
  facet normal 0.982286 0.187387 0
    outer loop
      vertex -3.22437 -0.407332 0
      vertex -3.14789 -0.808242 3
      vertex -3.14789 -0.808242 0
    endloop
  endfacet
  facet normal -0.770526 0.637409 0
    outer loop
      vertex 2.36915 -2.22478 0
      vertex 2.6293 -1.9103 3
      vertex 2.6293 -1.9103 0
    endloop
  endfacet
  facet normal -0.770526 0.637409 0
    outer loop
      vertex 2.6293 -1.9103 3
      vertex 2.36915 -2.22478 0
      vertex 2.36915 -2.22478 3
    endloop
  endfacet
  facet normal -0.248693 0.968582 0
    outer loop
      vertex 1.0043 -3.09093 0
      vertex 0.608989 -3.19243 3
      vertex 1.0043 -3.09093 3
    endloop
  endfacet
  facet normal -0.248693 0.968582 0
    outer loop
      vertex 0.608989 -3.19243 3
      vertex 1.0043 -3.09093 0
      vertex 0.608989 -3.19243 0
    endloop
  endfacet
  facet normal -0.36811 0.929782 0
    outer loop
      vertex 1.38378 -2.94069 0
      vertex 1.0043 -3.09093 3
      vertex 1.38378 -2.94069 3
    endloop
  endfacet
  facet normal -0.36811 0.929782 0
    outer loop
      vertex 1.0043 -3.09093 3
      vertex 1.38378 -2.94069 0
      vertex 1.0043 -3.09093 0
    endloop
  endfacet
  facet normal 0.58779 0.809014 -0
    outer loop
      vertex -1.74144 -2.74407 0
      vertex -2.07163 -2.50417 3
      vertex -1.74144 -2.74407 3
    endloop
  endfacet
  facet normal 0.58779 0.809014 0
    outer loop
      vertex -2.07163 -2.50417 3
      vertex -1.74144 -2.74407 0
      vertex -2.07163 -2.50417 0
    endloop
  endfacet
  facet normal 0.844317 0.535845 0
    outer loop
      vertex -2.6293 -1.9103 3
      vertex -2.848 -1.5657 0
      vertex -2.848 -1.5657 3
    endloop
  endfacet
  facet normal 0.844317 0.535845 0
    outer loop
      vertex -2.848 -1.5657 0
      vertex -2.6293 -1.9103 3
      vertex -2.6293 -1.9103 0
    endloop
  endfacet
  facet normal -0.951071 -0.308972 0
    outer loop
      vertex 18.1479 0.808242 0
      vertex 18.0218 1.1964 3
      vertex 18.0218 1.1964 0
    endloop
  endfacet
  facet normal -0.951071 -0.308972 0
    outer loop
      vertex 18.0218 1.1964 3
      vertex 18.1479 0.808242 0
      vertex 18.1479 0.808242 3
    endloop
  endfacet
  facet normal -0.998031 -0.0627242 0
    outer loop
      vertex 18.25 0 0
      vertex 18.2244 0.407332 3
      vertex 18.2244 0.407332 0
    endloop
  endfacet
  facet normal -0.998031 -0.0627242 0
    outer loop
      vertex 18.2244 0.407332 3
      vertex 18.25 0 0
      vertex 18.25 0 3
    endloop
  endfacet
  facet normal 0 -1 0
    outer loop
      vertex 14.7959 3.24359 0
      vertex 15.2041 3.24359 3
      vertex 14.7959 3.24359 3
    endloop
  endfacet
  facet normal 0 -1 -0
    outer loop
      vertex 15.2041 3.24359 3
      vertex 14.7959 3.24359 0
      vertex 15.2041 3.24359 0
    endloop
  endfacet
  facet normal -0.684572 -0.728946 0
    outer loop
      vertex 17.0716 2.50417 0
      vertex 17.3691 2.22478 3
      vertex 17.0716 2.50417 3
    endloop
  endfacet
  facet normal -0.684572 -0.728946 -0
    outer loop
      vertex 17.3691 2.22478 3
      vertex 17.0716 2.50417 0
      vertex 17.3691 2.22478 0
    endloop
  endfacet
  facet normal 0.770466 -0.637481 0
    outer loop
      vertex 12.3707 1.9103 3
      vertex 12.6309 2.22478 0
      vertex 12.6309 2.22478 3
    endloop
  endfacet
  facet normal 0.770466 -0.637481 0
    outer loop
      vertex 12.6309 2.22478 0
      vertex 12.3707 1.9103 3
      vertex 12.3707 1.9103 0
    endloop
  endfacet
  facet normal 0.481806 -0.876278 0
    outer loop
      vertex 13.2586 2.74407 0
      vertex 13.6162 2.94069 3
      vertex 13.2586 2.74407 3
    endloop
  endfacet
  facet normal 0.481806 -0.876278 0
    outer loop
      vertex 13.6162 2.94069 3
      vertex 13.2586 2.74407 0
      vertex 13.6162 2.94069 0
    endloop
  endfacet
  facet normal 0.770466 0.637481 0
    outer loop
      vertex 12.6309 -2.22478 3
      vertex 12.3707 -1.9103 0
      vertex 12.3707 -1.9103 3
    endloop
  endfacet
  facet normal 0.770466 0.637481 0
    outer loop
      vertex 12.3707 -1.9103 0
      vertex 12.6309 -2.22478 3
      vertex 12.6309 -2.22478 0
    endloop
  endfacet
  facet normal -0.904808 -0.425821 0
    outer loop
      vertex 18.0218 1.1964 0
      vertex 17.848 1.5657 3
      vertex 17.848 1.5657 0
    endloop
  endfacet
  facet normal -0.904808 -0.425821 0
    outer loop
      vertex 17.848 1.5657 3
      vertex 18.0218 1.1964 0
      vertex 18.0218 1.1964 3
    endloop
  endfacet
  facet normal -0.844317 -0.535845 0
    outer loop
      vertex 17.848 1.5657 0
      vertex 17.6293 1.9103 3
      vertex 17.6293 1.9103 0
    endloop
  endfacet
  facet normal -0.844317 -0.535845 0
    outer loop
      vertex 17.6293 1.9103 3
      vertex 17.848 1.5657 0
      vertex 17.848 1.5657 3
    endloop
  endfacet
  facet normal -0.368093 -0.929789 0
    outer loop
      vertex 16.0043 3.09093 0
      vertex 16.3838 2.94069 3
      vertex 16.0043 3.09093 3
    endloop
  endfacet
  facet normal -0.368093 -0.929789 -0
    outer loop
      vertex 16.3838 2.94069 3
      vertex 16.0043 3.09093 0
      vertex 16.3838 2.94069 0
    endloop
  endfacet
  facet normal -0.2487 -0.968581 0
    outer loop
      vertex 15.609 3.19243 0
      vertex 16.0043 3.09093 3
      vertex 15.609 3.19243 3
    endloop
  endfacet
  facet normal -0.2487 -0.968581 -0
    outer loop
      vertex 16.0043 3.09093 3
      vertex 15.609 3.19243 0
      vertex 16.0043 3.09093 0
    endloop
  endfacet
  facet normal -0.587778 -0.809022 0
    outer loop
      vertex 16.7414 2.74407 0
      vertex 17.0716 2.50417 3
      vertex 16.7414 2.74407 3
    endloop
  endfacet
  facet normal -0.587778 -0.809022 -0
    outer loop
      vertex 17.0716 2.50417 3
      vertex 16.7414 2.74407 0
      vertex 17.0716 2.50417 0
    endloop
  endfacet
  facet normal 0.951071 -0.308972 0
    outer loop
      vertex 11.8521 0.808242 3
      vertex 11.9782 1.1964 0
      vertex 11.9782 1.1964 3
    endloop
  endfacet
  facet normal 0.951071 -0.308972 0
    outer loop
      vertex 11.9782 1.1964 0
      vertex 11.8521 0.808242 3
      vertex 11.8521 0.808242 0
    endloop
  endfacet
  facet normal 0.904808 -0.425821 0
    outer loop
      vertex 11.9782 1.1964 3
      vertex 12.152 1.5657 0
      vertex 12.152 1.5657 3
    endloop
  endfacet
  facet normal 0.904808 -0.425821 0
    outer loop
      vertex 12.152 1.5657 0
      vertex 11.9782 1.1964 3
      vertex 11.9782 1.1964 0
    endloop
  endfacet
  facet normal 0.998031 -0.0627242 0
    outer loop
      vertex 11.75 0 3
      vertex 11.7756 0.407332 0
      vertex 11.7756 0.407332 3
    endloop
  endfacet
  facet normal 0.998031 -0.0627242 0
    outer loop
      vertex 11.7756 0.407332 0
      vertex 11.75 0 3
      vertex 11.75 0 0
    endloop
  endfacet
  facet normal 0.587778 -0.809022 0
    outer loop
      vertex 12.9284 2.50417 0
      vertex 13.2586 2.74407 3
      vertex 12.9284 2.50417 3
    endloop
  endfacet
  facet normal 0.587778 -0.809022 0
    outer loop
      vertex 13.2586 2.74407 3
      vertex 12.9284 2.50417 0
      vertex 13.2586 2.74407 0
    endloop
  endfacet
  facet normal -0.368093 0.929789 0
    outer loop
      vertex 16.3838 -2.94069 0
      vertex 16.0043 -3.09093 3
      vertex 16.3838 -2.94069 3
    endloop
  endfacet
  facet normal -0.368093 0.929789 0
    outer loop
      vertex 16.0043 -3.09093 3
      vertex 16.3838 -2.94069 0
      vertex 16.0043 -3.09093 0
    endloop
  endfacet
  facet normal -0.770466 0.637481 0
    outer loop
      vertex 17.3691 -2.22478 0
      vertex 17.6293 -1.9103 3
      vertex 17.6293 -1.9103 0
    endloop
  endfacet
  facet normal -0.770466 0.637481 0
    outer loop
      vertex 17.6293 -1.9103 3
      vertex 17.3691 -2.22478 0
      vertex 17.3691 -2.22478 3
    endloop
  endfacet
  facet normal -0.587778 0.809022 0
    outer loop
      vertex 17.0716 -2.50417 0
      vertex 16.7414 -2.74407 3
      vertex 17.0716 -2.50417 3
    endloop
  endfacet
  facet normal -0.587778 0.809022 0
    outer loop
      vertex 16.7414 -2.74407 3
      vertex 17.0716 -2.50417 0
      vertex 16.7414 -2.74407 0
    endloop
  endfacet
  facet normal -0.844317 0.535845 0
    outer loop
      vertex 17.6293 -1.9103 0
      vertex 17.848 -1.5657 3
      vertex 17.848 -1.5657 0
    endloop
  endfacet
  facet normal -0.844317 0.535845 0
    outer loop
      vertex 17.848 -1.5657 3
      vertex 17.6293 -1.9103 0
      vertex 17.6293 -1.9103 3
    endloop
  endfacet
  facet normal 0.587778 0.809022 -0
    outer loop
      vertex 13.2586 -2.74407 0
      vertex 12.9284 -2.50417 3
      vertex 13.2586 -2.74407 3
    endloop
  endfacet
  facet normal 0.587778 0.809022 0
    outer loop
      vertex 12.9284 -2.50417 3
      vertex 13.2586 -2.74407 0
      vertex 12.9284 -2.50417 0
    endloop
  endfacet
  facet normal 0.2487 0.968581 -0
    outer loop
      vertex 14.391 -3.19243 0
      vertex 13.9957 -3.09093 3
      vertex 14.391 -3.19243 3
    endloop
  endfacet
  facet normal 0.2487 0.968581 0
    outer loop
      vertex 13.9957 -3.09093 3
      vertex 14.391 -3.19243 0
      vertex 13.9957 -3.09093 0
    endloop
  endfacet
  facet normal 0.951071 0.308972 0
    outer loop
      vertex 11.9782 -1.1964 3
      vertex 11.8521 -0.808242 0
      vertex 11.8521 -0.808242 3
    endloop
  endfacet
  facet normal 0.951071 0.308972 0
    outer loop
      vertex 11.8521 -0.808242 0
      vertex 11.9782 -1.1964 3
      vertex 11.9782 -1.1964 0
    endloop
  endfacet
  facet normal 0.844317 0.535845 0
    outer loop
      vertex 12.3707 -1.9103 3
      vertex 12.152 -1.5657 0
      vertex 12.152 -1.5657 3
    endloop
  endfacet
  facet normal 0.844317 0.535845 0
    outer loop
      vertex 12.152 -1.5657 0
      vertex 12.3707 -1.9103 3
      vertex 12.3707 -1.9103 0
    endloop
  endfacet
  facet normal 0.904808 0.425821 0
    outer loop
      vertex 12.152 -1.5657 3
      vertex 11.9782 -1.1964 0
      vertex 11.9782 -1.1964 3
    endloop
  endfacet
  facet normal 0.904808 0.425821 0
    outer loop
      vertex 11.9782 -1.1964 0
      vertex 12.152 -1.5657 3
      vertex 12.152 -1.5657 0
    endloop
  endfacet
  facet normal -0.982277 -0.187434 0
    outer loop
      vertex 18.2244 0.407332 0
      vertex 18.1479 0.808242 3
      vertex 18.1479 0.808242 0
    endloop
  endfacet
  facet normal -0.982277 -0.187434 0
    outer loop
      vertex 18.1479 0.808242 3
      vertex 18.2244 0.407332 0
      vertex 18.2244 0.407332 3
    endloop
  endfacet
  facet normal -0.770466 -0.637481 0
    outer loop
      vertex 17.6293 1.9103 0
      vertex 17.3691 2.22478 3
      vertex 17.3691 2.22478 0
    endloop
  endfacet
  facet normal -0.770466 -0.637481 0
    outer loop
      vertex 17.3691 2.22478 3
      vertex 17.6293 1.9103 0
      vertex 17.6293 1.9103 3
    endloop
  endfacet
  facet normal -0.125356 -0.992112 0
    outer loop
      vertex 15.2041 3.24359 0
      vertex 15.609 3.19243 3
      vertex 15.2041 3.24359 3
    endloop
  endfacet
  facet normal -0.125356 -0.992112 -0
    outer loop
      vertex 15.609 3.19243 3
      vertex 15.2041 3.24359 0
      vertex 15.609 3.19243 0
    endloop
  endfacet
  facet normal -0.481806 -0.876278 0
    outer loop
      vertex 16.3838 2.94069 0
      vertex 16.7414 2.74407 3
      vertex 16.3838 2.94069 3
    endloop
  endfacet
  facet normal -0.481806 -0.876278 -0
    outer loop
      vertex 16.7414 2.74407 3
      vertex 16.3838 2.94069 0
      vertex 16.7414 2.74407 0
    endloop
  endfacet
  facet normal 0.844317 -0.535845 0
    outer loop
      vertex 12.152 1.5657 3
      vertex 12.3707 1.9103 0
      vertex 12.3707 1.9103 3
    endloop
  endfacet
  facet normal 0.844317 -0.535845 0
    outer loop
      vertex 12.3707 1.9103 0
      vertex 12.152 1.5657 3
      vertex 12.152 1.5657 0
    endloop
  endfacet
  facet normal 0.998031 0.0627242 0
    outer loop
      vertex 11.7756 -0.407332 3
      vertex 11.75 0 0
      vertex 11.75 0 3
    endloop
  endfacet
  facet normal 0.998031 0.0627242 0
    outer loop
      vertex 11.75 0 0
      vertex 11.7756 -0.407332 3
      vertex 11.7756 -0.407332 0
    endloop
  endfacet
  facet normal 0.982277 -0.187434 0
    outer loop
      vertex 11.7756 0.407332 3
      vertex 11.8521 0.808242 0
      vertex 11.8521 0.808242 3
    endloop
  endfacet
  facet normal 0.982277 -0.187434 0
    outer loop
      vertex 11.8521 0.808242 0
      vertex 11.7756 0.407332 3
      vertex 11.7756 0.407332 0
    endloop
  endfacet
  facet normal 0.684572 -0.728946 0
    outer loop
      vertex 12.6309 2.22478 0
      vertex 12.9284 2.50417 3
      vertex 12.6309 2.22478 3
    endloop
  endfacet
  facet normal 0.684572 -0.728946 0
    outer loop
      vertex 12.9284 2.50417 3
      vertex 12.6309 2.22478 0
      vertex 12.9284 2.50417 0
    endloop
  endfacet
  facet normal 0.125356 -0.992112 0
    outer loop
      vertex 14.391 3.19243 0
      vertex 14.7959 3.24359 3
      vertex 14.391 3.19243 3
    endloop
  endfacet
  facet normal 0.125356 -0.992112 0
    outer loop
      vertex 14.7959 3.24359 3
      vertex 14.391 3.19243 0
      vertex 14.7959 3.24359 0
    endloop
  endfacet
  facet normal 0.368093 -0.929789 0
    outer loop
      vertex 13.6162 2.94069 0
      vertex 13.9957 3.09093 3
      vertex 13.6162 2.94069 3
    endloop
  endfacet
  facet normal 0.368093 -0.929789 0
    outer loop
      vertex 13.9957 3.09093 3
      vertex 13.6162 2.94069 0
      vertex 13.9957 3.09093 0
    endloop
  endfacet
  facet normal 0.2487 -0.968581 0
    outer loop
      vertex 13.9957 3.09093 0
      vertex 14.391 3.19243 3
      vertex 13.9957 3.09093 3
    endloop
  endfacet
  facet normal 0.2487 -0.968581 0
    outer loop
      vertex 14.391 3.19243 3
      vertex 13.9957 3.09093 0
      vertex 14.391 3.19243 0
    endloop
  endfacet
  facet normal -0.125356 0.992112 0
    outer loop
      vertex 15.609 -3.19243 0
      vertex 15.2041 -3.24359 3
      vertex 15.609 -3.19243 3
    endloop
  endfacet
  facet normal -0.125356 0.992112 0
    outer loop
      vertex 15.2041 -3.24359 3
      vertex 15.609 -3.19243 0
      vertex 15.2041 -3.24359 0
    endloop
  endfacet
  facet normal -0.2487 0.968581 0
    outer loop
      vertex 16.0043 -3.09093 0
      vertex 15.609 -3.19243 3
      vertex 16.0043 -3.09093 3
    endloop
  endfacet
  facet normal -0.2487 0.968581 0
    outer loop
      vertex 15.609 -3.19243 3
      vertex 16.0043 -3.09093 0
      vertex 15.609 -3.19243 0
    endloop
  endfacet
  facet normal -0.684572 0.728946 0
    outer loop
      vertex 17.3691 -2.22478 0
      vertex 17.0716 -2.50417 3
      vertex 17.3691 -2.22478 3
    endloop
  endfacet
  facet normal -0.684572 0.728946 0
    outer loop
      vertex 17.0716 -2.50417 3
      vertex 17.3691 -2.22478 0
      vertex 17.0716 -2.50417 0
    endloop
  endfacet
  facet normal -0.951071 0.308972 0
    outer loop
      vertex 18.0218 -1.1964 0
      vertex 18.1479 -0.808242 3
      vertex 18.1479 -0.808242 0
    endloop
  endfacet
  facet normal -0.951071 0.308972 0
    outer loop
      vertex 18.1479 -0.808242 3
      vertex 18.0218 -1.1964 0
      vertex 18.0218 -1.1964 3
    endloop
  endfacet
  facet normal -0.998031 0.0627242 0
    outer loop
      vertex 18.2244 -0.407332 0
      vertex 18.25 0 3
      vertex 18.25 0 0
    endloop
  endfacet
  facet normal -0.998031 0.0627242 0
    outer loop
      vertex 18.25 0 3
      vertex 18.2244 -0.407332 0
      vertex 18.2244 -0.407332 3
    endloop
  endfacet
  facet normal 0.125356 0.992112 -0
    outer loop
      vertex 14.7959 -3.24359 0
      vertex 14.391 -3.19243 3
      vertex 14.7959 -3.24359 3
    endloop
  endfacet
  facet normal 0.125356 0.992112 0
    outer loop
      vertex 14.391 -3.19243 3
      vertex 14.7959 -3.24359 0
      vertex 14.391 -3.19243 0
    endloop
  endfacet
  facet normal 0.481806 0.876278 -0
    outer loop
      vertex 13.6162 -2.94069 0
      vertex 13.2586 -2.74407 3
      vertex 13.6162 -2.94069 3
    endloop
  endfacet
  facet normal 0.481806 0.876278 0
    outer loop
      vertex 13.2586 -2.74407 3
      vertex 13.6162 -2.94069 0
      vertex 13.2586 -2.74407 0
    endloop
  endfacet
  facet normal 0 1 -0
    outer loop
      vertex 15.2041 -3.24359 0
      vertex 14.7959 -3.24359 3
      vertex 15.2041 -3.24359 3
    endloop
  endfacet
  facet normal 0 1 0
    outer loop
      vertex 14.7959 -3.24359 3
      vertex 15.2041 -3.24359 0
      vertex 14.7959 -3.24359 0
    endloop
  endfacet
  facet normal 0.684572 0.728946 -0
    outer loop
      vertex 12.9284 -2.50417 0
      vertex 12.6309 -2.22478 3
      vertex 12.9284 -2.50417 3
    endloop
  endfacet
  facet normal 0.684572 0.728946 0
    outer loop
      vertex 12.6309 -2.22478 3
      vertex 12.9284 -2.50417 0
      vertex 12.6309 -2.22478 0
    endloop
  endfacet
  facet normal 0.982277 0.187434 0
    outer loop
      vertex 11.8521 -0.808242 3
      vertex 11.7756 -0.407332 0
      vertex 11.7756 -0.407332 3
    endloop
  endfacet
  facet normal 0.982277 0.187434 0
    outer loop
      vertex 11.7756 -0.407332 0
      vertex 11.8521 -0.808242 3
      vertex 11.8521 -0.808242 0
    endloop
  endfacet
  facet normal -0.481806 0.876278 0
    outer loop
      vertex 16.7414 -2.74407 0
      vertex 16.3838 -2.94069 3
      vertex 16.7414 -2.74407 3
    endloop
  endfacet
  facet normal -0.481806 0.876278 0
    outer loop
      vertex 16.3838 -2.94069 3
      vertex 16.7414 -2.74407 0
      vertex 16.3838 -2.94069 0
    endloop
  endfacet
  facet normal -0.982277 0.187434 0
    outer loop
      vertex 18.1479 -0.808242 0
      vertex 18.2244 -0.407332 3
      vertex 18.2244 -0.407332 0
    endloop
  endfacet
  facet normal -0.982277 0.187434 0
    outer loop
      vertex 18.2244 -0.407332 3
      vertex 18.1479 -0.808242 0
      vertex 18.1479 -0.808242 3
    endloop
  endfacet
  facet normal -0.904808 0.425821 0
    outer loop
      vertex 17.848 -1.5657 0
      vertex 18.0218 -1.1964 3
      vertex 18.0218 -1.1964 0
    endloop
  endfacet
  facet normal -0.904808 0.425821 0
    outer loop
      vertex 18.0218 -1.1964 3
      vertex 17.848 -1.5657 0
      vertex 17.848 -1.5657 3
    endloop
  endfacet
  facet normal 0.368093 0.929789 -0
    outer loop
      vertex 13.9957 -3.09093 0
      vertex 13.6162 -2.94069 3
      vertex 13.9957 -3.09093 3
    endloop
  endfacet
  facet normal 0.368093 0.929789 0
    outer loop
      vertex 13.6162 -2.94069 3
      vertex 13.9957 -3.09093 0
      vertex 13.6162 -2.94069 0
    endloop
  endfacet
  facet normal -0.951071 -0.308972 0
    outer loop
      vertex 33.1479 0.808242 0
      vertex 33.0218 1.1964 3
      vertex 33.0218 1.1964 0
    endloop
  endfacet
  facet normal -0.951071 -0.308972 0
    outer loop
      vertex 33.0218 1.1964 3
      vertex 33.1479 0.808242 0
      vertex 33.1479 0.808242 3
    endloop
  endfacet
  facet normal -0.998031 -0.0627242 0
    outer loop
      vertex 33.25 0 0
      vertex 33.2244 0.407332 3
      vertex 33.2244 0.407332 0
    endloop
  endfacet
  facet normal -0.998031 -0.0627242 0
    outer loop
      vertex 33.2244 0.407332 3
      vertex 33.25 0 0
      vertex 33.25 0 3
    endloop
  endfacet
  facet normal 0 -1 0
    outer loop
      vertex 29.7959 3.24359 0
      vertex 30.2041 3.24359 3
      vertex 29.7959 3.24359 3
    endloop
  endfacet
  facet normal 0 -1 -0
    outer loop
      vertex 30.2041 3.24359 3
      vertex 29.7959 3.24359 0
      vertex 30.2041 3.24359 0
    endloop
  endfacet
  facet normal -0.684572 -0.728946 0
    outer loop
      vertex 32.0716 2.50417 0
      vertex 32.3691 2.22478 3
      vertex 32.0716 2.50417 3
    endloop
  endfacet
  facet normal -0.684572 -0.728946 -0
    outer loop
      vertex 32.3691 2.22478 3
      vertex 32.0716 2.50417 0
      vertex 32.3691 2.22478 0
    endloop
  endfacet
  facet normal 0.770466 -0.637481 0
    outer loop
      vertex 27.3707 1.9103 3
      vertex 27.6309 2.22478 0
      vertex 27.6309 2.22478 3
    endloop
  endfacet
  facet normal 0.770466 -0.637481 0
    outer loop
      vertex 27.6309 2.22478 0
      vertex 27.3707 1.9103 3
      vertex 27.3707 1.9103 0
    endloop
  endfacet
  facet normal 0.481806 -0.876278 0
    outer loop
      vertex 28.2586 2.74407 0
      vertex 28.6162 2.94069 3
      vertex 28.2586 2.74407 3
    endloop
  endfacet
  facet normal 0.481806 -0.876278 0
    outer loop
      vertex 28.6162 2.94069 3
      vertex 28.2586 2.74407 0
      vertex 28.6162 2.94069 0
    endloop
  endfacet
  facet normal 0.770466 0.637481 0
    outer loop
      vertex 27.6309 -2.22478 3
      vertex 27.3707 -1.9103 0
      vertex 27.3707 -1.9103 3
    endloop
  endfacet
  facet normal 0.770466 0.637481 0
    outer loop
      vertex 27.3707 -1.9103 0
      vertex 27.6309 -2.22478 3
      vertex 27.6309 -2.22478 0
    endloop
  endfacet
  facet normal -0.904808 -0.425821 0
    outer loop
      vertex 33.0218 1.1964 0
      vertex 32.848 1.5657 3
      vertex 32.848 1.5657 0
    endloop
  endfacet
  facet normal -0.904808 -0.425821 0
    outer loop
      vertex 32.848 1.5657 3
      vertex 33.0218 1.1964 0
      vertex 33.0218 1.1964 3
    endloop
  endfacet
  facet normal -0.844317 -0.535845 0
    outer loop
      vertex 32.848 1.5657 0
      vertex 32.6293 1.9103 3
      vertex 32.6293 1.9103 0
    endloop
  endfacet
  facet normal -0.844317 -0.535845 0
    outer loop
      vertex 32.6293 1.9103 3
      vertex 32.848 1.5657 0
      vertex 32.848 1.5657 3
    endloop
  endfacet
  facet normal -0.368093 -0.929789 0
    outer loop
      vertex 31.0043 3.09093 0
      vertex 31.3838 2.94069 3
      vertex 31.0043 3.09093 3
    endloop
  endfacet
  facet normal -0.368093 -0.929789 -0
    outer loop
      vertex 31.3838 2.94069 3
      vertex 31.0043 3.09093 0
      vertex 31.3838 2.94069 0
    endloop
  endfacet
  facet normal -0.2487 -0.968581 0
    outer loop
      vertex 30.609 3.19243 0
      vertex 31.0043 3.09093 3
      vertex 30.609 3.19243 3
    endloop
  endfacet
  facet normal -0.2487 -0.968581 -0
    outer loop
      vertex 31.0043 3.09093 3
      vertex 30.609 3.19243 0
      vertex 31.0043 3.09093 0
    endloop
  endfacet
  facet normal -0.587778 -0.809022 0
    outer loop
      vertex 31.7414 2.74407 0
      vertex 32.0716 2.50417 3
      vertex 31.7414 2.74407 3
    endloop
  endfacet
  facet normal -0.587778 -0.809022 -0
    outer loop
      vertex 32.0716 2.50417 3
      vertex 31.7414 2.74407 0
      vertex 32.0716 2.50417 0
    endloop
  endfacet
  facet normal 0.951071 -0.308972 0
    outer loop
      vertex 26.8521 0.808242 3
      vertex 26.9782 1.1964 0
      vertex 26.9782 1.1964 3
    endloop
  endfacet
  facet normal 0.951071 -0.308972 0
    outer loop
      vertex 26.9782 1.1964 0
      vertex 26.8521 0.808242 3
      vertex 26.8521 0.808242 0
    endloop
  endfacet
  facet normal 0.904808 -0.425821 0
    outer loop
      vertex 26.9782 1.1964 3
      vertex 27.152 1.5657 0
      vertex 27.152 1.5657 3
    endloop
  endfacet
  facet normal 0.904808 -0.425821 0
    outer loop
      vertex 27.152 1.5657 0
      vertex 26.9782 1.1964 3
      vertex 26.9782 1.1964 0
    endloop
  endfacet
  facet normal 0.998031 -0.0627242 0
    outer loop
      vertex 26.75 0 3
      vertex 26.7756 0.407332 0
      vertex 26.7756 0.407332 3
    endloop
  endfacet
  facet normal 0.998031 -0.0627242 0
    outer loop
      vertex 26.7756 0.407332 0
      vertex 26.75 0 3
      vertex 26.75 0 0
    endloop
  endfacet
  facet normal 0.587778 -0.809022 0
    outer loop
      vertex 27.9284 2.50417 0
      vertex 28.2586 2.74407 3
      vertex 27.9284 2.50417 3
    endloop
  endfacet
  facet normal 0.587778 -0.809022 0
    outer loop
      vertex 28.2586 2.74407 3
      vertex 27.9284 2.50417 0
      vertex 28.2586 2.74407 0
    endloop
  endfacet
  facet normal -0.368093 0.929789 0
    outer loop
      vertex 31.3838 -2.94069 0
      vertex 31.0043 -3.09093 3
      vertex 31.3838 -2.94069 3
    endloop
  endfacet
  facet normal -0.368093 0.929789 0
    outer loop
      vertex 31.0043 -3.09093 3
      vertex 31.3838 -2.94069 0
      vertex 31.0043 -3.09093 0
    endloop
  endfacet
  facet normal -0.770466 0.637481 0
    outer loop
      vertex 32.3691 -2.22478 0
      vertex 32.6293 -1.9103 3
      vertex 32.6293 -1.9103 0
    endloop
  endfacet
  facet normal -0.770466 0.637481 0
    outer loop
      vertex 32.6293 -1.9103 3
      vertex 32.3691 -2.22478 0
      vertex 32.3691 -2.22478 3
    endloop
  endfacet
  facet normal -0.587778 0.809022 0
    outer loop
      vertex 32.0716 -2.50417 0
      vertex 31.7414 -2.74407 3
      vertex 32.0716 -2.50417 3
    endloop
  endfacet
  facet normal -0.587778 0.809022 0
    outer loop
      vertex 31.7414 -2.74407 3
      vertex 32.0716 -2.50417 0
      vertex 31.7414 -2.74407 0
    endloop
  endfacet
  facet normal -0.844317 0.535845 0
    outer loop
      vertex 32.6293 -1.9103 0
      vertex 32.848 -1.5657 3
      vertex 32.848 -1.5657 0
    endloop
  endfacet
  facet normal -0.844317 0.535845 0
    outer loop
      vertex 32.848 -1.5657 3
      vertex 32.6293 -1.9103 0
      vertex 32.6293 -1.9103 3
    endloop
  endfacet
  facet normal 0.587778 0.809022 -0
    outer loop
      vertex 28.2586 -2.74407 0
      vertex 27.9284 -2.50417 3
      vertex 28.2586 -2.74407 3
    endloop
  endfacet
  facet normal 0.587778 0.809022 0
    outer loop
      vertex 27.9284 -2.50417 3
      vertex 28.2586 -2.74407 0
      vertex 27.9284 -2.50417 0
    endloop
  endfacet
  facet normal 0.2487 0.968581 -0
    outer loop
      vertex 29.391 -3.19243 0
      vertex 28.9957 -3.09093 3
      vertex 29.391 -3.19243 3
    endloop
  endfacet
  facet normal 0.2487 0.968581 0
    outer loop
      vertex 28.9957 -3.09093 3
      vertex 29.391 -3.19243 0
      vertex 28.9957 -3.09093 0
    endloop
  endfacet
  facet normal 0.951071 0.308972 0
    outer loop
      vertex 26.9782 -1.1964 3
      vertex 26.8521 -0.808242 0
      vertex 26.8521 -0.808242 3
    endloop
  endfacet
  facet normal 0.951071 0.308972 0
    outer loop
      vertex 26.8521 -0.808242 0
      vertex 26.9782 -1.1964 3
      vertex 26.9782 -1.1964 0
    endloop
  endfacet
  facet normal 0.844317 0.535845 0
    outer loop
      vertex 27.3707 -1.9103 3
      vertex 27.152 -1.5657 0
      vertex 27.152 -1.5657 3
    endloop
  endfacet
  facet normal 0.844317 0.535845 0
    outer loop
      vertex 27.152 -1.5657 0
      vertex 27.3707 -1.9103 3
      vertex 27.3707 -1.9103 0
    endloop
  endfacet
  facet normal 0.904808 0.425821 0
    outer loop
      vertex 27.152 -1.5657 3
      vertex 26.9782 -1.1964 0
      vertex 26.9782 -1.1964 3
    endloop
  endfacet
  facet normal 0.904808 0.425821 0
    outer loop
      vertex 26.9782 -1.1964 0
      vertex 27.152 -1.5657 3
      vertex 27.152 -1.5657 0
    endloop
  endfacet
  facet normal -0.982277 -0.187434 0
    outer loop
      vertex 33.2244 0.407332 0
      vertex 33.1479 0.808242 3
      vertex 33.1479 0.808242 0
    endloop
  endfacet
  facet normal -0.982277 -0.187434 0
    outer loop
      vertex 33.1479 0.808242 3
      vertex 33.2244 0.407332 0
      vertex 33.2244 0.407332 3
    endloop
  endfacet
  facet normal -0.770466 -0.637481 0
    outer loop
      vertex 32.6293 1.9103 0
      vertex 32.3691 2.22478 3
      vertex 32.3691 2.22478 0
    endloop
  endfacet
  facet normal -0.770466 -0.637481 0
    outer loop
      vertex 32.3691 2.22478 3
      vertex 32.6293 1.9103 0
      vertex 32.6293 1.9103 3
    endloop
  endfacet
  facet normal -0.125356 -0.992112 0
    outer loop
      vertex 30.2041 3.24359 0
      vertex 30.609 3.19243 3
      vertex 30.2041 3.24359 3
    endloop
  endfacet
  facet normal -0.125356 -0.992112 -0
    outer loop
      vertex 30.609 3.19243 3
      vertex 30.2041 3.24359 0
      vertex 30.609 3.19243 0
    endloop
  endfacet
  facet normal -0.481806 -0.876278 0
    outer loop
      vertex 31.3838 2.94069 0
      vertex 31.7414 2.74407 3
      vertex 31.3838 2.94069 3
    endloop
  endfacet
  facet normal -0.481806 -0.876278 -0
    outer loop
      vertex 31.7414 2.74407 3
      vertex 31.3838 2.94069 0
      vertex 31.7414 2.74407 0
    endloop
  endfacet
  facet normal 0.844317 -0.535845 0
    outer loop
      vertex 27.152 1.5657 3
      vertex 27.3707 1.9103 0
      vertex 27.3707 1.9103 3
    endloop
  endfacet
  facet normal 0.844317 -0.535845 0
    outer loop
      vertex 27.3707 1.9103 0
      vertex 27.152 1.5657 3
      vertex 27.152 1.5657 0
    endloop
  endfacet
  facet normal 0.998031 0.0627242 0
    outer loop
      vertex 26.7756 -0.407332 3
      vertex 26.75 0 0
      vertex 26.75 0 3
    endloop
  endfacet
  facet normal 0.998031 0.0627242 0
    outer loop
      vertex 26.75 0 0
      vertex 26.7756 -0.407332 3
      vertex 26.7756 -0.407332 0
    endloop
  endfacet
  facet normal 0.982277 -0.187434 0
    outer loop
      vertex 26.7756 0.407332 3
      vertex 26.8521 0.808242 0
      vertex 26.8521 0.808242 3
    endloop
  endfacet
  facet normal 0.982277 -0.187434 0
    outer loop
      vertex 26.8521 0.808242 0
      vertex 26.7756 0.407332 3
      vertex 26.7756 0.407332 0
    endloop
  endfacet
  facet normal 0.684572 -0.728946 0
    outer loop
      vertex 27.6309 2.22478 0
      vertex 27.9284 2.50417 3
      vertex 27.6309 2.22478 3
    endloop
  endfacet
  facet normal 0.684572 -0.728946 0
    outer loop
      vertex 27.9284 2.50417 3
      vertex 27.6309 2.22478 0
      vertex 27.9284 2.50417 0
    endloop
  endfacet
  facet normal 0.125356 -0.992112 0
    outer loop
      vertex 29.391 3.19243 0
      vertex 29.7959 3.24359 3
      vertex 29.391 3.19243 3
    endloop
  endfacet
  facet normal 0.125356 -0.992112 0
    outer loop
      vertex 29.7959 3.24359 3
      vertex 29.391 3.19243 0
      vertex 29.7959 3.24359 0
    endloop
  endfacet
  facet normal 0.368093 -0.929789 0
    outer loop
      vertex 28.6162 2.94069 0
      vertex 28.9957 3.09093 3
      vertex 28.6162 2.94069 3
    endloop
  endfacet
  facet normal 0.368093 -0.929789 0
    outer loop
      vertex 28.9957 3.09093 3
      vertex 28.6162 2.94069 0
      vertex 28.9957 3.09093 0
    endloop
  endfacet
  facet normal 0.2487 -0.968581 0
    outer loop
      vertex 28.9957 3.09093 0
      vertex 29.391 3.19243 3
      vertex 28.9957 3.09093 3
    endloop
  endfacet
  facet normal 0.2487 -0.968581 0
    outer loop
      vertex 29.391 3.19243 3
      vertex 28.9957 3.09093 0
      vertex 29.391 3.19243 0
    endloop
  endfacet
  facet normal -0.125356 0.992112 0
    outer loop
      vertex 30.609 -3.19243 0
      vertex 30.2041 -3.24359 3
      vertex 30.609 -3.19243 3
    endloop
  endfacet
  facet normal -0.125356 0.992112 0
    outer loop
      vertex 30.2041 -3.24359 3
      vertex 30.609 -3.19243 0
      vertex 30.2041 -3.24359 0
    endloop
  endfacet
  facet normal -0.2487 0.968581 0
    outer loop
      vertex 31.0043 -3.09093 0
      vertex 30.609 -3.19243 3
      vertex 31.0043 -3.09093 3
    endloop
  endfacet
  facet normal -0.2487 0.968581 0
    outer loop
      vertex 30.609 -3.19243 3
      vertex 31.0043 -3.09093 0
      vertex 30.609 -3.19243 0
    endloop
  endfacet
  facet normal -0.684572 0.728946 0
    outer loop
      vertex 32.3691 -2.22478 0
      vertex 32.0716 -2.50417 3
      vertex 32.3691 -2.22478 3
    endloop
  endfacet
  facet normal -0.684572 0.728946 0
    outer loop
      vertex 32.0716 -2.50417 3
      vertex 32.3691 -2.22478 0
      vertex 32.0716 -2.50417 0
    endloop
  endfacet
  facet normal -0.951071 0.308972 0
    outer loop
      vertex 33.0218 -1.1964 0
      vertex 33.1479 -0.808242 3
      vertex 33.1479 -0.808242 0
    endloop
  endfacet
  facet normal -0.951071 0.308972 0
    outer loop
      vertex 33.1479 -0.808242 3
      vertex 33.0218 -1.1964 0
      vertex 33.0218 -1.1964 3
    endloop
  endfacet
  facet normal -0.998031 0.0627242 0
    outer loop
      vertex 33.2244 -0.407332 0
      vertex 33.25 0 3
      vertex 33.25 0 0
    endloop
  endfacet
  facet normal -0.998031 0.0627242 0
    outer loop
      vertex 33.25 0 3
      vertex 33.2244 -0.407332 0
      vertex 33.2244 -0.407332 3
    endloop
  endfacet
  facet normal 0.125356 0.992112 -0
    outer loop
      vertex 29.7959 -3.24359 0
      vertex 29.391 -3.19243 3
      vertex 29.7959 -3.24359 3
    endloop
  endfacet
  facet normal 0.125356 0.992112 0
    outer loop
      vertex 29.391 -3.19243 3
      vertex 29.7959 -3.24359 0
      vertex 29.391 -3.19243 0
    endloop
  endfacet
  facet normal 0.481806 0.876278 -0
    outer loop
      vertex 28.6162 -2.94069 0
      vertex 28.2586 -2.74407 3
      vertex 28.6162 -2.94069 3
    endloop
  endfacet
  facet normal 0.481806 0.876278 0
    outer loop
      vertex 28.2586 -2.74407 3
      vertex 28.6162 -2.94069 0
      vertex 28.2586 -2.74407 0
    endloop
  endfacet
  facet normal 0 1 -0
    outer loop
      vertex 30.2041 -3.24359 0
      vertex 29.7959 -3.24359 3
      vertex 30.2041 -3.24359 3
    endloop
  endfacet
  facet normal 0 1 0
    outer loop
      vertex 29.7959 -3.24359 3
      vertex 30.2041 -3.24359 0
      vertex 29.7959 -3.24359 0
    endloop
  endfacet
  facet normal 0.684572 0.728946 -0
    outer loop
      vertex 27.9284 -2.50417 0
      vertex 27.6309 -2.22478 3
      vertex 27.9284 -2.50417 3
    endloop
  endfacet
  facet normal 0.684572 0.728946 0
    outer loop
      vertex 27.6309 -2.22478 3
      vertex 27.9284 -2.50417 0
      vertex 27.6309 -2.22478 0
    endloop
  endfacet
  facet normal 0.982277 0.187434 0
    outer loop
      vertex 26.8521 -0.808242 3
      vertex 26.7756 -0.407332 0
      vertex 26.7756 -0.407332 3
    endloop
  endfacet
  facet normal 0.982277 0.187434 0
    outer loop
      vertex 26.7756 -0.407332 0
      vertex 26.8521 -0.808242 3
      vertex 26.8521 -0.808242 0
    endloop
  endfacet
  facet normal -0.481806 0.876278 0
    outer loop
      vertex 31.7414 -2.74407 0
      vertex 31.3838 -2.94069 3
      vertex 31.7414 -2.74407 3
    endloop
  endfacet
  facet normal -0.481806 0.876278 0
    outer loop
      vertex 31.3838 -2.94069 3
      vertex 31.7414 -2.74407 0
      vertex 31.3838 -2.94069 0
    endloop
  endfacet
  facet normal -0.982277 0.187434 0
    outer loop
      vertex 33.1479 -0.808242 0
      vertex 33.2244 -0.407332 3
      vertex 33.2244 -0.407332 0
    endloop
  endfacet
  facet normal -0.982277 0.187434 0
    outer loop
      vertex 33.2244 -0.407332 3
      vertex 33.1479 -0.808242 0
      vertex 33.1479 -0.808242 3
    endloop
  endfacet
  facet normal -0.904808 0.425821 0
    outer loop
      vertex 32.848 -1.5657 0
      vertex 33.0218 -1.1964 3
      vertex 33.0218 -1.1964 0
    endloop
  endfacet
  facet normal -0.904808 0.425821 0
    outer loop
      vertex 33.0218 -1.1964 3
      vertex 32.848 -1.5657 0
      vertex 32.848 -1.5657 3
    endloop
  endfacet
  facet normal 0.368093 0.929789 -0
    outer loop
      vertex 28.9957 -3.09093 0
      vertex 28.6162 -2.94069 3
      vertex 28.9957 -3.09093 3
    endloop
  endfacet
  facet normal 0.368093 0.929789 0
    outer loop
      vertex 28.6162 -2.94069 3
      vertex 28.9957 -3.09093 0
      vertex 28.6162 -2.94069 0
    endloop
  endfacet
  facet normal -0.998025 -0.0628192 0
    outer loop
      vertex -20.7 0 0
      vertex -20.7142 0.225599 3
      vertex -20.7142 0.225599 0
    endloop
  endfacet
  facet normal -0.998025 -0.0628192 0
    outer loop
      vertex -20.7142 0.225599 3
      vertex -20.7 0 0
      vertex -20.7 0 3
    endloop
  endfacet
  facet normal 0.998025 -0.0628192 0
    outer loop
      vertex -24.3 0 3
      vertex -24.2858 0.225599 0
      vertex -24.2858 0.225599 3
    endloop
  endfacet
  facet normal 0.998025 -0.0628192 0
    outer loop
      vertex -24.2858 0.225599 0
      vertex -24.3 0 3
      vertex -24.3 0 0
    endloop
  endfacet
  facet normal 0 -1 0
    outer loop
      vertex -22.613 1.79645 0
      vertex -22.387 1.79645 3
      vertex -22.613 1.79645 3
    endloop
  endfacet
  facet normal 0 -1 -0
    outer loop
      vertex -22.387 1.79645 3
      vertex -22.613 1.79645 0
      vertex -22.387 1.79645 0
    endloop
  endfacet
  facet normal -0.684727 -0.7288 0
    outer loop
      vertex -21.3526 1.38692 0
      vertex -21.1879 1.23218 3
      vertex -21.3526 1.38692 3
    endloop
  endfacet
  facet normal -0.684727 -0.7288 -0
    outer loop
      vertex -21.1879 1.23218 3
      vertex -21.3526 1.38692 0
      vertex -21.1879 1.23218 0
    endloop
  endfacet
  facet normal 0.684727 -0.7288 0
    outer loop
      vertex -23.8121 1.23218 0
      vertex -23.6474 1.38692 3
      vertex -23.8121 1.23218 3
    endloop
  endfacet
  facet normal 0.684727 -0.7288 0
    outer loop
      vertex -23.6474 1.38692 3
      vertex -23.8121 1.23218 0
      vertex -23.6474 1.38692 0
    endloop
  endfacet
  facet normal 0.368071 -0.929798 0
    outer loop
      vertex -23.2664 1.62869 0
      vertex -23.0562 1.7119 3
      vertex -23.2664 1.62869 3
    endloop
  endfacet
  facet normal 0.368071 -0.929798 0
    outer loop
      vertex -23.0562 1.7119 3
      vertex -23.2664 1.62869 0
      vertex -23.0562 1.7119 0
    endloop
  endfacet
  facet normal -0.904905 -0.425613 0
    outer loop
      vertex -20.8264 0.662623 0
      vertex -20.9226 0.867156 3
      vertex -20.9226 0.867156 0
    endloop
  endfacet
  facet normal -0.904905 -0.425613 0
    outer loop
      vertex -20.9226 0.867156 3
      vertex -20.8264 0.662623 0
      vertex -20.8264 0.662623 3
    endloop
  endfacet
  facet normal -0.982333 -0.187139 0
    outer loop
      vertex -20.7142 0.225599 0
      vertex -20.7565 0.447641 3
      vertex -20.7565 0.447641 0
    endloop
  endfacet
  facet normal -0.982333 -0.187139 0
    outer loop
      vertex -20.7565 0.447641 3
      vertex -20.7142 0.225599 0
      vertex -20.7142 0.225599 3
    endloop
  endfacet
  facet normal -0.368071 -0.929798 0
    outer loop
      vertex -21.9438 1.7119 0
      vertex -21.7336 1.62869 3
      vertex -21.9438 1.7119 3
    endloop
  endfacet
  facet normal -0.368071 -0.929798 -0
    outer loop
      vertex -21.7336 1.62869 3
      vertex -21.9438 1.7119 0
      vertex -21.7336 1.62869 0
    endloop
  endfacet
  facet normal -0.248756 -0.968566 0
    outer loop
      vertex -22.1627 1.76812 0
      vertex -21.9438 1.7119 3
      vertex -22.1627 1.76812 3
    endloop
  endfacet
  facet normal -0.248756 -0.968566 -0
    outer loop
      vertex -21.9438 1.7119 3
      vertex -22.1627 1.76812 0
      vertex -21.9438 1.7119 0
    endloop
  endfacet
  facet normal -0.587743 -0.809048 0
    outer loop
      vertex -21.5355 1.51979 0
      vertex -21.3526 1.38692 3
      vertex -21.5355 1.51979 3
    endloop
  endfacet
  facet normal -0.587743 -0.809048 -0
    outer loop
      vertex -21.3526 1.38692 3
      vertex -21.5355 1.51979 0
      vertex -21.3526 1.38692 0
    endloop
  endfacet
  facet normal 0.904905 -0.425613 0
    outer loop
      vertex -24.1736 0.662623 3
      vertex -24.0774 0.867156 0
      vertex -24.0774 0.867156 3
    endloop
  endfacet
  facet normal 0.904905 -0.425613 0
    outer loop
      vertex -24.0774 0.867156 0
      vertex -24.1736 0.662623 3
      vertex -24.1736 0.662623 0
    endloop
  endfacet
  facet normal 0.844167 -0.53608 0
    outer loop
      vertex -24.0774 0.867156 3
      vertex -23.9562 1.05801 0
      vertex -23.9562 1.05801 3
    endloop
  endfacet
  facet normal 0.844167 -0.53608 0
    outer loop
      vertex -23.9562 1.05801 0
      vertex -24.0774 0.867156 3
      vertex -24.0774 0.867156 0
    endloop
  endfacet
  facet normal 0.950994 -0.30921 0
    outer loop
      vertex -24.2435 0.447641 3
      vertex -24.1736 0.662623 0
      vertex -24.1736 0.662623 3
    endloop
  endfacet
  facet normal 0.950994 -0.30921 0
    outer loop
      vertex -24.1736 0.662623 0
      vertex -24.2435 0.447641 3
      vertex -24.2435 0.447641 0
    endloop
  endfacet
  facet normal 0.587743 -0.809048 0
    outer loop
      vertex -23.6474 1.38692 0
      vertex -23.4645 1.51979 3
      vertex -23.6474 1.38692 3
    endloop
  endfacet
  facet normal 0.587743 -0.809048 0
    outer loop
      vertex -23.4645 1.51979 3
      vertex -23.6474 1.38692 0
      vertex -23.4645 1.51979 0
    endloop
  endfacet
  facet normal 0.125309 -0.992118 0
    outer loop
      vertex -22.8373 1.76812 0
      vertex -22.613 1.79645 3
      vertex -22.8373 1.76812 3
    endloop
  endfacet
  facet normal 0.125309 -0.992118 0
    outer loop
      vertex -22.613 1.79645 3
      vertex -22.8373 1.76812 0
      vertex -22.613 1.79645 0
    endloop
  endfacet
  facet normal -0.998025 0.0628192 0
    outer loop
      vertex -20.7142 -0.225599 0
      vertex -20.7 0 3
      vertex -20.7 0 0
    endloop
  endfacet
  facet normal -0.998025 0.0628192 0
    outer loop
      vertex -20.7 0 3
      vertex -20.7142 -0.225599 0
      vertex -20.7142 -0.225599 3
    endloop
  endfacet
  facet normal 0.125309 0.992118 -0
    outer loop
      vertex -22.613 -1.79645 0
      vertex -22.8373 -1.76812 3
      vertex -22.613 -1.79645 3
    endloop
  endfacet
  facet normal 0.125309 0.992118 0
    outer loop
      vertex -22.8373 -1.76812 3
      vertex -22.613 -1.79645 0
      vertex -22.8373 -1.76812 0
    endloop
  endfacet
  facet normal -0.125309 0.992118 0
    outer loop
      vertex -22.1627 -1.76812 0
      vertex -22.387 -1.79645 3
      vertex -22.1627 -1.76812 3
    endloop
  endfacet
  facet normal -0.125309 0.992118 0
    outer loop
      vertex -22.387 -1.79645 3
      vertex -22.1627 -1.76812 0
      vertex -22.387 -1.79645 0
    endloop
  endfacet
  facet normal -0.950994 -0.30921 0
    outer loop
      vertex -20.7565 0.447641 0
      vertex -20.8264 0.662623 3
      vertex -20.8264 0.662623 0
    endloop
  endfacet
  facet normal -0.950994 -0.30921 0
    outer loop
      vertex -20.8264 0.662623 3
      vertex -20.7565 0.447641 0
      vertex -20.7565 0.447641 3
    endloop
  endfacet
  facet normal -0.770483 -0.637461 0
    outer loop
      vertex -21.0438 1.05801 0
      vertex -21.1879 1.23218 3
      vertex -21.1879 1.23218 0
    endloop
  endfacet
  facet normal -0.770483 -0.637461 0
    outer loop
      vertex -21.1879 1.23218 3
      vertex -21.0438 1.05801 0
      vertex -21.0438 1.05801 3
    endloop
  endfacet
  facet normal -0.844167 -0.53608 0
    outer loop
      vertex -20.9226 0.867156 0
      vertex -21.0438 1.05801 3
      vertex -21.0438 1.05801 0
    endloop
  endfacet
  facet normal -0.844167 -0.53608 0
    outer loop
      vertex -21.0438 1.05801 3
      vertex -20.9226 0.867156 0
      vertex -20.9226 0.867156 3
    endloop
  endfacet
  facet normal -0.125309 -0.992118 0
    outer loop
      vertex -22.387 1.79645 0
      vertex -22.1627 1.76812 3
      vertex -22.387 1.79645 3
    endloop
  endfacet
  facet normal -0.125309 -0.992118 -0
    outer loop
      vertex -22.1627 1.76812 3
      vertex -22.387 1.79645 0
      vertex -22.1627 1.76812 0
    endloop
  endfacet
  facet normal -0.481732 -0.876319 0
    outer loop
      vertex -21.7336 1.62869 0
      vertex -21.5355 1.51979 3
      vertex -21.7336 1.62869 3
    endloop
  endfacet
  facet normal -0.481732 -0.876319 -0
    outer loop
      vertex -21.5355 1.51979 3
      vertex -21.7336 1.62869 0
      vertex -21.5355 1.51979 0
    endloop
  endfacet
  facet normal 0.770483 -0.637461 0
    outer loop
      vertex -23.9562 1.05801 3
      vertex -23.8121 1.23218 0
      vertex -23.8121 1.23218 3
    endloop
  endfacet
  facet normal 0.770483 -0.637461 0
    outer loop
      vertex -23.8121 1.23218 0
      vertex -23.9562 1.05801 3
      vertex -23.9562 1.05801 0
    endloop
  endfacet
  facet normal 0.982333 -0.187139 0
    outer loop
      vertex -24.2858 0.225599 3
      vertex -24.2435 0.447641 0
      vertex -24.2435 0.447641 3
    endloop
  endfacet
  facet normal 0.982333 -0.187139 0
    outer loop
      vertex -24.2435 0.447641 0
      vertex -24.2858 0.225599 3
      vertex -24.2858 0.225599 0
    endloop
  endfacet
  facet normal 0.481732 -0.876319 0
    outer loop
      vertex -23.4645 1.51979 0
      vertex -23.2664 1.62869 3
      vertex -23.4645 1.51979 3
    endloop
  endfacet
  facet normal 0.481732 -0.876319 0
    outer loop
      vertex -23.2664 1.62869 3
      vertex -23.4645 1.51979 0
      vertex -23.2664 1.62869 0
    endloop
  endfacet
  facet normal 0.248756 -0.968566 0
    outer loop
      vertex -23.0562 1.7119 0
      vertex -22.8373 1.76812 3
      vertex -23.0562 1.7119 3
    endloop
  endfacet
  facet normal 0.248756 -0.968566 0
    outer loop
      vertex -22.8373 1.76812 3
      vertex -23.0562 1.7119 0
      vertex -22.8373 1.76812 0
    endloop
  endfacet
  facet normal -0.982333 0.187139 0
    outer loop
      vertex -20.7565 -0.447641 0
      vertex -20.7142 -0.225599 3
      vertex -20.7142 -0.225599 0
    endloop
  endfacet
  facet normal -0.982333 0.187139 0
    outer loop
      vertex -20.7142 -0.225599 3
      vertex -20.7565 -0.447641 0
      vertex -20.7565 -0.447641 3
    endloop
  endfacet
  facet normal 0.950994 0.30921 0
    outer loop
      vertex -24.1736 -0.662623 3
      vertex -24.2435 -0.447641 0
      vertex -24.2435 -0.447641 3
    endloop
  endfacet
  facet normal 0.950994 0.30921 0
    outer loop
      vertex -24.2435 -0.447641 0
      vertex -24.1736 -0.662623 3
      vertex -24.1736 -0.662623 0
    endloop
  endfacet
  facet normal -0.368071 0.929798 0
    outer loop
      vertex -21.7336 -1.62869 0
      vertex -21.9438 -1.7119 3
      vertex -21.7336 -1.62869 3
    endloop
  endfacet
  facet normal -0.368071 0.929798 0
    outer loop
      vertex -21.9438 -1.7119 3
      vertex -21.7336 -1.62869 0
      vertex -21.9438 -1.7119 0
    endloop
  endfacet
  facet normal -0.248756 0.968566 0
    outer loop
      vertex -21.9438 -1.7119 0
      vertex -22.1627 -1.76812 3
      vertex -21.9438 -1.7119 3
    endloop
  endfacet
  facet normal -0.248756 0.968566 0
    outer loop
      vertex -22.1627 -1.76812 3
      vertex -21.9438 -1.7119 0
      vertex -22.1627 -1.76812 0
    endloop
  endfacet
  facet normal -0.481732 0.876319 0
    outer loop
      vertex -21.5355 -1.51979 0
      vertex -21.7336 -1.62869 3
      vertex -21.5355 -1.51979 3
    endloop
  endfacet
  facet normal -0.481732 0.876319 0
    outer loop
      vertex -21.7336 -1.62869 3
      vertex -21.5355 -1.51979 0
      vertex -21.7336 -1.62869 0
    endloop
  endfacet
  facet normal -0.684727 0.7288 0
    outer loop
      vertex -21.1879 -1.23218 0
      vertex -21.3526 -1.38692 3
      vertex -21.1879 -1.23218 3
    endloop
  endfacet
  facet normal -0.684727 0.7288 0
    outer loop
      vertex -21.3526 -1.38692 3
      vertex -21.1879 -1.23218 0
      vertex -21.3526 -1.38692 0
    endloop
  endfacet
  facet normal -0.904905 0.425613 0
    outer loop
      vertex -20.9226 -0.867156 0
      vertex -20.8264 -0.662623 3
      vertex -20.8264 -0.662623 0
    endloop
  endfacet
  facet normal -0.904905 0.425613 0
    outer loop
      vertex -20.8264 -0.662623 3
      vertex -20.9226 -0.867156 0
      vertex -20.9226 -0.867156 3
    endloop
  endfacet
  facet normal -0.770483 0.637461 0
    outer loop
      vertex -21.1879 -1.23218 0
      vertex -21.0438 -1.05801 3
      vertex -21.0438 -1.05801 0
    endloop
  endfacet
  facet normal -0.770483 0.637461 0
    outer loop
      vertex -21.0438 -1.05801 3
      vertex -21.1879 -1.23218 0
      vertex -21.1879 -1.23218 3
    endloop
  endfacet
  facet normal 0.368071 0.929798 -0
    outer loop
      vertex -23.0562 -1.7119 0
      vertex -23.2664 -1.62869 3
      vertex -23.0562 -1.7119 3
    endloop
  endfacet
  facet normal 0.368071 0.929798 0
    outer loop
      vertex -23.2664 -1.62869 3
      vertex -23.0562 -1.7119 0
      vertex -23.2664 -1.62869 0
    endloop
  endfacet
  facet normal 0.770483 0.637461 0
    outer loop
      vertex -23.8121 -1.23218 3
      vertex -23.9562 -1.05801 0
      vertex -23.9562 -1.05801 3
    endloop
  endfacet
  facet normal 0.770483 0.637461 0
    outer loop
      vertex -23.9562 -1.05801 0
      vertex -23.8121 -1.23218 3
      vertex -23.8121 -1.23218 0
    endloop
  endfacet
  facet normal 0.998025 0.0628192 0
    outer loop
      vertex -24.2858 -0.225599 3
      vertex -24.3 0 0
      vertex -24.3 0 3
    endloop
  endfacet
  facet normal 0.998025 0.0628192 0
    outer loop
      vertex -24.3 0 0
      vertex -24.2858 -0.225599 3
      vertex -24.2858 -0.225599 0
    endloop
  endfacet
  facet normal -0.587743 0.809048 0
    outer loop
      vertex -21.3526 -1.38692 0
      vertex -21.5355 -1.51979 3
      vertex -21.3526 -1.38692 3
    endloop
  endfacet
  facet normal -0.587743 0.809048 0
    outer loop
      vertex -21.5355 -1.51979 3
      vertex -21.3526 -1.38692 0
      vertex -21.5355 -1.51979 0
    endloop
  endfacet
  facet normal -0.950994 0.30921 0
    outer loop
      vertex -20.8264 -0.662623 0
      vertex -20.7565 -0.447641 3
      vertex -20.7565 -0.447641 0
    endloop
  endfacet
  facet normal -0.950994 0.30921 0
    outer loop
      vertex -20.7565 -0.447641 3
      vertex -20.8264 -0.662623 0
      vertex -20.8264 -0.662623 3
    endloop
  endfacet
  facet normal -0.844167 0.53608 0
    outer loop
      vertex -21.0438 -1.05801 0
      vertex -20.9226 -0.867156 3
      vertex -20.9226 -0.867156 0
    endloop
  endfacet
  facet normal -0.844167 0.53608 0
    outer loop
      vertex -20.9226 -0.867156 3
      vertex -21.0438 -1.05801 0
      vertex -21.0438 -1.05801 3
    endloop
  endfacet
  facet normal 0 1 -0
    outer loop
      vertex -22.387 -1.79645 0
      vertex -22.613 -1.79645 3
      vertex -22.387 -1.79645 3
    endloop
  endfacet
  facet normal 0 1 0
    outer loop
      vertex -22.613 -1.79645 3
      vertex -22.387 -1.79645 0
      vertex -22.613 -1.79645 0
    endloop
  endfacet
  facet normal 0.248756 0.968566 -0
    outer loop
      vertex -22.8373 -1.76812 0
      vertex -23.0562 -1.7119 3
      vertex -22.8373 -1.76812 3
    endloop
  endfacet
  facet normal 0.248756 0.968566 0
    outer loop
      vertex -23.0562 -1.7119 3
      vertex -22.8373 -1.76812 0
      vertex -23.0562 -1.7119 0
    endloop
  endfacet
  facet normal 0.587743 0.809048 -0
    outer loop
      vertex -23.4645 -1.51979 0
      vertex -23.6474 -1.38692 3
      vertex -23.4645 -1.51979 3
    endloop
  endfacet
  facet normal 0.587743 0.809048 0
    outer loop
      vertex -23.6474 -1.38692 3
      vertex -23.4645 -1.51979 0
      vertex -23.6474 -1.38692 0
    endloop
  endfacet
  facet normal 0.684727 0.7288 -0
    outer loop
      vertex -23.6474 -1.38692 0
      vertex -23.8121 -1.23218 3
      vertex -23.6474 -1.38692 3
    endloop
  endfacet
  facet normal 0.684727 0.7288 0
    outer loop
      vertex -23.8121 -1.23218 3
      vertex -23.6474 -1.38692 0
      vertex -23.8121 -1.23218 0
    endloop
  endfacet
  facet normal 0.904905 0.425613 0
    outer loop
      vertex -24.0774 -0.867156 3
      vertex -24.1736 -0.662623 0
      vertex -24.1736 -0.662623 3
    endloop
  endfacet
  facet normal 0.904905 0.425613 0
    outer loop
      vertex -24.1736 -0.662623 0
      vertex -24.0774 -0.867156 3
      vertex -24.0774 -0.867156 0
    endloop
  endfacet
  facet normal 0.982333 0.187139 0
    outer loop
      vertex -24.2435 -0.447641 3
      vertex -24.2858 -0.225599 0
      vertex -24.2858 -0.225599 3
    endloop
  endfacet
  facet normal 0.982333 0.187139 0
    outer loop
      vertex -24.2858 -0.225599 0
      vertex -24.2435 -0.447641 3
      vertex -24.2435 -0.447641 0
    endloop
  endfacet
  facet normal 0.481732 0.876319 -0
    outer loop
      vertex -23.2664 -1.62869 0
      vertex -23.4645 -1.51979 3
      vertex -23.2664 -1.62869 3
    endloop
  endfacet
  facet normal 0.481732 0.876319 0
    outer loop
      vertex -23.4645 -1.51979 3
      vertex -23.2664 -1.62869 0
      vertex -23.4645 -1.51979 0
    endloop
  endfacet
  facet normal 0.844167 0.53608 0
    outer loop
      vertex -23.9562 -1.05801 3
      vertex -24.0774 -0.867156 0
      vertex -24.0774 -0.867156 3
    endloop
  endfacet
  facet normal 0.844167 0.53608 0
    outer loop
      vertex -24.0774 -0.867156 0
      vertex -23.9562 -1.05801 3
      vertex -23.9562 -1.05801 0
    endloop
  endfacet
  facet normal -0.998028 -0.0627752 0
    outer loop
      vertex -5.7 0 0
      vertex -5.71419 0.225599 3
      vertex -5.71419 0.225599 0
    endloop
  endfacet
  facet normal -0.998028 -0.0627752 0
    outer loop
      vertex -5.71419 0.225599 3
      vertex -5.7 0 0
      vertex -5.7 0 3
    endloop
  endfacet
  facet normal 0.998028 -0.0627752 0
    outer loop
      vertex -9.3 0 3
      vertex -9.28581 0.225599 0
      vertex -9.28581 0.225599 3
    endloop
  endfacet
  facet normal 0.998028 -0.0627752 0
    outer loop
      vertex -9.28581 0.225599 0
      vertex -9.3 0 3
      vertex -9.3 0 0
    endloop
  endfacet
  facet normal 0 -1 0
    outer loop
      vertex -7.61302 1.79645 0
      vertex -7.38698 1.79645 3
      vertex -7.61302 1.79645 3
    endloop
  endfacet
  facet normal 0 -1 -0
    outer loop
      vertex -7.38698 1.79645 3
      vertex -7.61302 1.79645 0
      vertex -7.38698 1.79645 0
    endloop
  endfacet
  facet normal 0 1 -0
    outer loop
      vertex -7.38698 -1.79645 0
      vertex -7.61302 -1.79645 3
      vertex -7.38698 -1.79645 3
    endloop
  endfacet
  facet normal 0 1 0
    outer loop
      vertex -7.61302 -1.79645 3
      vertex -7.38698 -1.79645 0
      vertex -7.61302 -1.79645 0
    endloop
  endfacet
  facet normal -0.68455 -0.728966 0
    outer loop
      vertex -6.35264 1.38692 0
      vertex -6.18786 1.23218 3
      vertex -6.35264 1.38692 3
    endloop
  endfacet
  facet normal -0.68455 -0.728966 -0
    outer loop
      vertex -6.18786 1.23218 3
      vertex -6.35264 1.38692 0
      vertex -6.18786 1.23218 0
    endloop
  endfacet
  facet normal 0.68455 -0.728966 0
    outer loop
      vertex -8.81214 1.23218 0
      vertex -8.64736 1.38692 3
      vertex -8.81214 1.23218 3
    endloop
  endfacet
  facet normal 0.68455 -0.728966 0
    outer loop
      vertex -8.64736 1.38692 3
      vertex -8.81214 1.23218 0
      vertex -8.64736 1.38692 0
    endloop
  endfacet
  facet normal 0.368116 -0.92978 0
    outer loop
      vertex -8.2664 1.62869 0
      vertex -8.05623 1.7119 3
      vertex -8.2664 1.62869 3
    endloop
  endfacet
  facet normal 0.368116 -0.92978 0
    outer loop
      vertex -8.05623 1.7119 3
      vertex -8.2664 1.62869 0
      vertex -8.05623 1.7119 0
    endloop
  endfacet
  facet normal -0.844327 0.535828 0
    outer loop
      vertex -6.04377 -1.05801 0
      vertex -5.92265 -0.867156 3
      vertex -5.92265 -0.867156 0
    endloop
  endfacet
  facet normal -0.844327 0.535828 0
    outer loop
      vertex -5.92265 -0.867156 3
      vertex -6.04377 -1.05801 0
      vertex -6.04377 -1.05801 3
    endloop
  endfacet
  facet normal -0.90482 -0.425794 0
    outer loop
      vertex -5.8264 0.662623 0
      vertex -5.92265 0.867156 3
      vertex -5.92265 0.867156 0
    endloop
  endfacet
  facet normal -0.90482 -0.425794 0
    outer loop
      vertex -5.92265 0.867156 3
      vertex -5.8264 0.662623 0
      vertex -5.8264 0.662623 3
    endloop
  endfacet
  facet normal -0.982285 -0.187395 0
    outer loop
      vertex -5.71419 0.225599 0
      vertex -5.75655 0.447641 3
      vertex -5.75655 0.447641 0
    endloop
  endfacet
  facet normal -0.982285 -0.187395 0
    outer loop
      vertex -5.75655 0.447641 3
      vertex -5.71419 0.225599 0
      vertex -5.71419 0.225599 3
    endloop
  endfacet
  facet normal -0.368116 -0.92978 0
    outer loop
      vertex -6.94377 1.7119 0
      vertex -6.7336 1.62869 3
      vertex -6.94377 1.7119 3
    endloop
  endfacet
  facet normal -0.368116 -0.92978 -0
    outer loop
      vertex -6.7336 1.62869 3
      vertex -6.94377 1.7119 0
      vertex -6.7336 1.62869 0
    endloop
  endfacet
  facet normal -0.248714 -0.968577 0
    outer loop
      vertex -7.16271 1.76812 0
      vertex -6.94377 1.7119 3
      vertex -7.16271 1.76812 3
    endloop
  endfacet
  facet normal -0.248714 -0.968577 -0
    outer loop
      vertex -6.94377 1.7119 3
      vertex -7.16271 1.76812 0
      vertex -6.94377 1.7119 0
    endloop
  endfacet
  facet normal -0.587806 -0.809002 0
    outer loop
      vertex -6.53551 1.51979 0
      vertex -6.35264 1.38692 3
      vertex -6.53551 1.51979 3
    endloop
  endfacet
  facet normal -0.587806 -0.809002 -0
    outer loop
      vertex -6.35264 1.38692 3
      vertex -6.53551 1.51979 0
      vertex -6.35264 1.38692 0
    endloop
  endfacet
  facet normal 0.90482 -0.425794 0
    outer loop
      vertex -9.1736 0.662623 3
      vertex -9.07735 0.867156 0
      vertex -9.07735 0.867156 3
    endloop
  endfacet
  facet normal 0.90482 -0.425794 0
    outer loop
      vertex -9.07735 0.867156 0
      vertex -9.1736 0.662623 3
      vertex -9.1736 0.662623 0
    endloop
  endfacet
  facet normal 0.951059 -0.309009 0
    outer loop
      vertex -9.24345 0.447641 3
      vertex -9.1736 0.662623 0
      vertex -9.1736 0.662623 3
    endloop
  endfacet
  facet normal 0.951059 -0.309009 0
    outer loop
      vertex -9.1736 0.662623 0
      vertex -9.24345 0.447641 3
      vertex -9.24345 0.447641 0
    endloop
  endfacet
  facet normal 0.248714 -0.968577 0
    outer loop
      vertex -8.05623 1.7119 0
      vertex -7.83729 1.76812 3
      vertex -8.05623 1.7119 3
    endloop
  endfacet
  facet normal 0.248714 -0.968577 0
    outer loop
      vertex -7.83729 1.76812 3
      vertex -8.05623 1.7119 0
      vertex -7.83729 1.76812 0
    endloop
  endfacet
  facet normal -0.125325 0.992116 0
    outer loop
      vertex -7.16271 -1.76812 0
      vertex -7.38698 -1.79645 3
      vertex -7.16271 -1.76812 3
    endloop
  endfacet
  facet normal -0.125325 0.992116 0
    outer loop
      vertex -7.38698 -1.79645 3
      vertex -7.16271 -1.76812 0
      vertex -7.38698 -1.79645 0
    endloop
  endfacet
  facet normal -0.368116 0.92978 0
    outer loop
      vertex -6.7336 -1.62869 0
      vertex -6.94377 -1.7119 3
      vertex -6.7336 -1.62869 3
    endloop
  endfacet
  facet normal -0.368116 0.92978 0
    outer loop
      vertex -6.94377 -1.7119 3
      vertex -6.7336 -1.62869 0
      vertex -6.94377 -1.7119 0
    endloop
  endfacet
  facet normal -0.951059 -0.309009 0
    outer loop
      vertex -5.75655 0.447641 0
      vertex -5.8264 0.662623 3
      vertex -5.8264 0.662623 0
    endloop
  endfacet
  facet normal -0.951059 -0.309009 0
    outer loop
      vertex -5.8264 0.662623 3
      vertex -5.75655 0.447641 0
      vertex -5.75655 0.447641 3
    endloop
  endfacet
  facet normal -0.770504 -0.637435 0
    outer loop
      vertex -6.04377 1.05801 0
      vertex -6.18786 1.23218 3
      vertex -6.18786 1.23218 0
    endloop
  endfacet
  facet normal -0.770504 -0.637435 0
    outer loop
      vertex -6.18786 1.23218 3
      vertex -6.04377 1.05801 0
      vertex -6.04377 1.05801 3
    endloop
  endfacet
  facet normal -0.844327 -0.535828 0
    outer loop
      vertex -5.92265 0.867156 0
      vertex -6.04377 1.05801 3
      vertex -6.04377 1.05801 0
    endloop
  endfacet
  facet normal -0.844327 -0.535828 0
    outer loop
      vertex -6.04377 1.05801 3
      vertex -5.92265 0.867156 0
      vertex -5.92265 0.867156 3
    endloop
  endfacet
  facet normal -0.125325 -0.992116 0
    outer loop
      vertex -7.38698 1.79645 0
      vertex -7.16271 1.76812 3
      vertex -7.38698 1.79645 3
    endloop
  endfacet
  facet normal -0.125325 -0.992116 -0
    outer loop
      vertex -7.16271 1.76812 3
      vertex -7.38698 1.79645 0
      vertex -7.16271 1.76812 0
    endloop
  endfacet
  facet normal -0.481751 -0.876308 0
    outer loop
      vertex -6.7336 1.62869 0
      vertex -6.53551 1.51979 3
      vertex -6.7336 1.62869 3
    endloop
  endfacet
  facet normal -0.481751 -0.876308 -0
    outer loop
      vertex -6.53551 1.51979 3
      vertex -6.7336 1.62869 0
      vertex -6.53551 1.51979 0
    endloop
  endfacet
  facet normal 0.844327 -0.535828 0
    outer loop
      vertex -9.07735 0.867156 3
      vertex -8.95623 1.05801 0
      vertex -8.95623 1.05801 3
    endloop
  endfacet
  facet normal 0.844327 -0.535828 0
    outer loop
      vertex -8.95623 1.05801 0
      vertex -9.07735 0.867156 3
      vertex -9.07735 0.867156 0
    endloop
  endfacet
  facet normal 0.770504 -0.637435 0
    outer loop
      vertex -8.95623 1.05801 3
      vertex -8.81214 1.23218 0
      vertex -8.81214 1.23218 3
    endloop
  endfacet
  facet normal 0.770504 -0.637435 0
    outer loop
      vertex -8.81214 1.23218 0
      vertex -8.95623 1.05801 3
      vertex -8.95623 1.05801 0
    endloop
  endfacet
  facet normal 0.982285 -0.187395 0
    outer loop
      vertex -9.28581 0.225599 3
      vertex -9.24345 0.447641 0
      vertex -9.24345 0.447641 3
    endloop
  endfacet
  facet normal 0.982285 -0.187395 0
    outer loop
      vertex -9.24345 0.447641 0
      vertex -9.28581 0.225599 3
      vertex -9.28581 0.225599 0
    endloop
  endfacet
  facet normal 0.481751 -0.876308 0
    outer loop
      vertex -8.46449 1.51979 0
      vertex -8.2664 1.62869 3
      vertex -8.46449 1.51979 3
    endloop
  endfacet
  facet normal 0.481751 -0.876308 0
    outer loop
      vertex -8.2664 1.62869 3
      vertex -8.46449 1.51979 0
      vertex -8.2664 1.62869 0
    endloop
  endfacet
  facet normal 0.587806 -0.809002 0
    outer loop
      vertex -8.64736 1.38692 0
      vertex -8.46449 1.51979 3
      vertex -8.64736 1.38692 3
    endloop
  endfacet
  facet normal 0.587806 -0.809002 0
    outer loop
      vertex -8.46449 1.51979 3
      vertex -8.64736 1.38692 0
      vertex -8.46449 1.51979 0
    endloop
  endfacet
  facet normal 0.125325 -0.992116 0
    outer loop
      vertex -7.83729 1.76812 0
      vertex -7.61302 1.79645 3
      vertex -7.83729 1.76812 3
    endloop
  endfacet
  facet normal 0.125325 -0.992116 0
    outer loop
      vertex -7.61302 1.79645 3
      vertex -7.83729 1.76812 0
      vertex -7.61302 1.79645 0
    endloop
  endfacet
  facet normal -0.68455 0.728966 0
    outer loop
      vertex -6.18786 -1.23218 0
      vertex -6.35264 -1.38692 3
      vertex -6.18786 -1.23218 3
    endloop
  endfacet
  facet normal -0.68455 0.728966 0
    outer loop
      vertex -6.35264 -1.38692 3
      vertex -6.18786 -1.23218 0
      vertex -6.35264 -1.38692 0
    endloop
  endfacet
  facet normal -0.982285 0.187395 0
    outer loop
      vertex -5.75655 -0.447641 0
      vertex -5.71419 -0.225599 3
      vertex -5.71419 -0.225599 0
    endloop
  endfacet
  facet normal -0.982285 0.187395 0
    outer loop
      vertex -5.71419 -0.225599 3
      vertex -5.75655 -0.447641 0
      vertex -5.75655 -0.447641 3
    endloop
  endfacet
  facet normal -0.90482 0.425794 0
    outer loop
      vertex -5.92265 -0.867156 0
      vertex -5.8264 -0.662623 3
      vertex -5.8264 -0.662623 0
    endloop
  endfacet
  facet normal -0.90482 0.425794 0
    outer loop
      vertex -5.8264 -0.662623 3
      vertex -5.92265 -0.867156 0
      vertex -5.92265 -0.867156 3
    endloop
  endfacet
  facet normal -0.770504 0.637435 0
    outer loop
      vertex -6.18786 -1.23218 0
      vertex -6.04377 -1.05801 3
      vertex -6.04377 -1.05801 0
    endloop
  endfacet
  facet normal -0.770504 0.637435 0
    outer loop
      vertex -6.04377 -1.05801 3
      vertex -6.18786 -1.23218 0
      vertex -6.18786 -1.23218 3
    endloop
  endfacet
  facet normal -0.998028 0.0627752 0
    outer loop
      vertex -5.71419 -0.225599 0
      vertex -5.7 0 3
      vertex -5.7 0 0
    endloop
  endfacet
  facet normal -0.998028 0.0627752 0
    outer loop
      vertex -5.7 0 3
      vertex -5.71419 -0.225599 0
      vertex -5.71419 -0.225599 3
    endloop
  endfacet
  facet normal 0.248714 0.968577 -0
    outer loop
      vertex -7.83729 -1.76812 0
      vertex -8.05623 -1.7119 3
      vertex -7.83729 -1.76812 3
    endloop
  endfacet
  facet normal 0.248714 0.968577 0
    outer loop
      vertex -8.05623 -1.7119 3
      vertex -7.83729 -1.76812 0
      vertex -8.05623 -1.7119 0
    endloop
  endfacet
  facet normal 0.951059 0.309009 0
    outer loop
      vertex -9.1736 -0.662623 3
      vertex -9.24345 -0.447641 0
      vertex -9.24345 -0.447641 3
    endloop
  endfacet
  facet normal 0.951059 0.309009 0
    outer loop
      vertex -9.24345 -0.447641 0
      vertex -9.1736 -0.662623 3
      vertex -9.1736 -0.662623 0
    endloop
  endfacet
  facet normal -0.248714 0.968577 0
    outer loop
      vertex -6.94377 -1.7119 0
      vertex -7.16271 -1.76812 3
      vertex -6.94377 -1.7119 3
    endloop
  endfacet
  facet normal -0.248714 0.968577 0
    outer loop
      vertex -7.16271 -1.76812 3
      vertex -6.94377 -1.7119 0
      vertex -7.16271 -1.76812 0
    endloop
  endfacet
  facet normal -0.587806 0.809002 0
    outer loop
      vertex -6.35264 -1.38692 0
      vertex -6.53551 -1.51979 3
      vertex -6.35264 -1.38692 3
    endloop
  endfacet
  facet normal -0.587806 0.809002 0
    outer loop
      vertex -6.53551 -1.51979 3
      vertex -6.35264 -1.38692 0
      vertex -6.53551 -1.51979 0
    endloop
  endfacet
  facet normal -0.481751 0.876308 0
    outer loop
      vertex -6.53551 -1.51979 0
      vertex -6.7336 -1.62869 3
      vertex -6.53551 -1.51979 3
    endloop
  endfacet
  facet normal -0.481751 0.876308 0
    outer loop
      vertex -6.7336 -1.62869 3
      vertex -6.53551 -1.51979 0
      vertex -6.7336 -1.62869 0
    endloop
  endfacet
  facet normal -0.951059 0.309009 0
    outer loop
      vertex -5.8264 -0.662623 0
      vertex -5.75655 -0.447641 3
      vertex -5.75655 -0.447641 0
    endloop
  endfacet
  facet normal -0.951059 0.309009 0
    outer loop
      vertex -5.75655 -0.447641 3
      vertex -5.8264 -0.662623 0
      vertex -5.8264 -0.662623 3
    endloop
  endfacet
  facet normal 0.125325 0.992116 -0
    outer loop
      vertex -7.61302 -1.79645 0
      vertex -7.83729 -1.76812 3
      vertex -7.61302 -1.79645 3
    endloop
  endfacet
  facet normal 0.125325 0.992116 0
    outer loop
      vertex -7.83729 -1.76812 3
      vertex -7.61302 -1.79645 0
      vertex -7.83729 -1.76812 0
    endloop
  endfacet
  facet normal 0.368116 0.92978 -0
    outer loop
      vertex -8.05623 -1.7119 0
      vertex -8.2664 -1.62869 3
      vertex -8.05623 -1.7119 3
    endloop
  endfacet
  facet normal 0.368116 0.92978 0
    outer loop
      vertex -8.2664 -1.62869 3
      vertex -8.05623 -1.7119 0
      vertex -8.2664 -1.62869 0
    endloop
  endfacet
  facet normal 0.587806 0.809002 -0
    outer loop
      vertex -8.46449 -1.51979 0
      vertex -8.64736 -1.38692 3
      vertex -8.46449 -1.51979 3
    endloop
  endfacet
  facet normal 0.587806 0.809002 0
    outer loop
      vertex -8.64736 -1.38692 3
      vertex -8.46449 -1.51979 0
      vertex -8.64736 -1.38692 0
    endloop
  endfacet
  facet normal 0.68455 0.728966 -0
    outer loop
      vertex -8.64736 -1.38692 0
      vertex -8.81214 -1.23218 3
      vertex -8.64736 -1.38692 3
    endloop
  endfacet
  facet normal 0.68455 0.728966 0
    outer loop
      vertex -8.81214 -1.23218 3
      vertex -8.64736 -1.38692 0
      vertex -8.81214 -1.23218 0
    endloop
  endfacet
  facet normal 0.982285 0.187395 0
    outer loop
      vertex -9.24345 -0.447641 3
      vertex -9.28581 -0.225599 0
      vertex -9.28581 -0.225599 3
    endloop
  endfacet
  facet normal 0.982285 0.187395 0
    outer loop
      vertex -9.28581 -0.225599 0
      vertex -9.24345 -0.447641 3
      vertex -9.24345 -0.447641 0
    endloop
  endfacet
  facet normal 0.998028 0.0627752 0
    outer loop
      vertex -9.28581 -0.225599 3
      vertex -9.3 0 0
      vertex -9.3 0 3
    endloop
  endfacet
  facet normal 0.998028 0.0627752 0
    outer loop
      vertex -9.3 0 0
      vertex -9.28581 -0.225599 3
      vertex -9.28581 -0.225599 0
    endloop
  endfacet
  facet normal 0.481751 0.876308 -0
    outer loop
      vertex -8.2664 -1.62869 0
      vertex -8.46449 -1.51979 3
      vertex -8.2664 -1.62869 3
    endloop
  endfacet
  facet normal 0.481751 0.876308 0
    outer loop
      vertex -8.46449 -1.51979 3
      vertex -8.2664 -1.62869 0
      vertex -8.46449 -1.51979 0
    endloop
  endfacet
  facet normal 0.844327 0.535828 0
    outer loop
      vertex -8.95623 -1.05801 3
      vertex -9.07735 -0.867156 0
      vertex -9.07735 -0.867156 3
    endloop
  endfacet
  facet normal 0.844327 0.535828 0
    outer loop
      vertex -9.07735 -0.867156 0
      vertex -8.95623 -1.05801 3
      vertex -8.95623 -1.05801 0
    endloop
  endfacet
  facet normal 0.90482 0.425794 0
    outer loop
      vertex -9.07735 -0.867156 3
      vertex -9.1736 -0.662623 0
      vertex -9.1736 -0.662623 3
    endloop
  endfacet
  facet normal 0.90482 0.425794 0
    outer loop
      vertex -9.1736 -0.662623 0
      vertex -9.07735 -0.867156 3
      vertex -9.07735 -0.867156 0
    endloop
  endfacet
  facet normal 0.770504 0.637435 0
    outer loop
      vertex -8.81214 -1.23218 3
      vertex -8.95623 -1.05801 0
      vertex -8.95623 -1.05801 3
    endloop
  endfacet
  facet normal 0.770504 0.637435 0
    outer loop
      vertex -8.95623 -1.05801 0
      vertex -8.81214 -1.23218 3
      vertex -8.81214 -1.23218 0
    endloop
  endfacet
  facet normal 0.951059 -0.309009 0
    outer loop
      vertex 5.75655 0.447641 3
      vertex 5.8264 0.662623 0
      vertex 5.8264 0.662623 3
    endloop
  endfacet
  facet normal 0.951059 -0.309009 0
    outer loop
      vertex 5.8264 0.662623 0
      vertex 5.75655 0.447641 3
      vertex 5.75655 0.447641 0
    endloop
  endfacet
  facet normal -0.844327 -0.535828 0
    outer loop
      vertex 9.07735 0.867156 0
      vertex 8.95623 1.05801 3
      vertex 8.95623 1.05801 0
    endloop
  endfacet
  facet normal -0.844327 -0.535828 0
    outer loop
      vertex 8.95623 1.05801 3
      vertex 9.07735 0.867156 0
      vertex 9.07735 0.867156 3
    endloop
  endfacet
  facet normal -0.368116 -0.92978 0
    outer loop
      vertex 8.05623 1.7119 0
      vertex 8.2664 1.62869 3
      vertex 8.05623 1.7119 3
    endloop
  endfacet
  facet normal -0.368116 -0.92978 -0
    outer loop
      vertex 8.2664 1.62869 3
      vertex 8.05623 1.7119 0
      vertex 8.2664 1.62869 0
    endloop
  endfacet
  facet normal 0.368116 -0.92978 0
    outer loop
      vertex 6.7336 1.62869 0
      vertex 6.94377 1.7119 3
      vertex 6.7336 1.62869 3
    endloop
  endfacet
  facet normal 0.368116 -0.92978 0
    outer loop
      vertex 6.94377 1.7119 3
      vertex 6.7336 1.62869 0
      vertex 6.94377 1.7119 0
    endloop
  endfacet
  facet normal 0.90482 -0.425794 0
    outer loop
      vertex 5.8264 0.662623 3
      vertex 5.92265 0.867156 0
      vertex 5.92265 0.867156 3
    endloop
  endfacet
  facet normal 0.90482 -0.425794 0
    outer loop
      vertex 5.92265 0.867156 0
      vertex 5.8264 0.662623 3
      vertex 5.8264 0.662623 0
    endloop
  endfacet
  facet normal -0.998028 0.0627752 0
    outer loop
      vertex 9.28581 -0.225599 0
      vertex 9.3 0 3
      vertex 9.3 0 0
    endloop
  endfacet
  facet normal -0.998028 0.0627752 0
    outer loop
      vertex 9.3 0 3
      vertex 9.28581 -0.225599 0
      vertex 9.28581 -0.225599 3
    endloop
  endfacet
  facet normal -0.368116 0.92978 0
    outer loop
      vertex 8.2664 -1.62869 0
      vertex 8.05623 -1.7119 3
      vertex 8.2664 -1.62869 3
    endloop
  endfacet
  facet normal -0.368116 0.92978 0
    outer loop
      vertex 8.05623 -1.7119 3
      vertex 8.2664 -1.62869 0
      vertex 8.05623 -1.7119 0
    endloop
  endfacet
  facet normal -0.982285 -0.187395 0
    outer loop
      vertex 9.28581 0.225599 0
      vertex 9.24345 0.447641 3
      vertex 9.24345 0.447641 0
    endloop
  endfacet
  facet normal -0.982285 -0.187395 0
    outer loop
      vertex 9.24345 0.447641 3
      vertex 9.28581 0.225599 0
      vertex 9.28581 0.225599 3
    endloop
  endfacet
  facet normal -0.68455 -0.728966 0
    outer loop
      vertex 8.64736 1.38692 0
      vertex 8.81214 1.23218 3
      vertex 8.64736 1.38692 3
    endloop
  endfacet
  facet normal -0.68455 -0.728966 -0
    outer loop
      vertex 8.81214 1.23218 3
      vertex 8.64736 1.38692 0
      vertex 8.81214 1.23218 0
    endloop
  endfacet
  facet normal -0.125325 -0.992116 0
    outer loop
      vertex 7.61302 1.79645 0
      vertex 7.83729 1.76812 3
      vertex 7.61302 1.79645 3
    endloop
  endfacet
  facet normal -0.125325 -0.992116 -0
    outer loop
      vertex 7.83729 1.76812 3
      vertex 7.61302 1.79645 0
      vertex 7.83729 1.76812 0
    endloop
  endfacet
  facet normal -0.587806 -0.809002 0
    outer loop
      vertex 8.46449 1.51979 0
      vertex 8.64736 1.38692 3
      vertex 8.46449 1.51979 3
    endloop
  endfacet
  facet normal -0.587806 -0.809002 -0
    outer loop
      vertex 8.64736 1.38692 3
      vertex 8.46449 1.51979 0
      vertex 8.64736 1.38692 0
    endloop
  endfacet
  facet normal 0.770504 -0.637435 0
    outer loop
      vertex 6.04377 1.05801 3
      vertex 6.18786 1.23218 0
      vertex 6.18786 1.23218 3
    endloop
  endfacet
  facet normal 0.770504 -0.637435 0
    outer loop
      vertex 6.18786 1.23218 0
      vertex 6.04377 1.05801 3
      vertex 6.04377 1.05801 0
    endloop
  endfacet
  facet normal 0.68455 -0.728966 0
    outer loop
      vertex 6.18786 1.23218 0
      vertex 6.35264 1.38692 3
      vertex 6.18786 1.23218 3
    endloop
  endfacet
  facet normal 0.68455 -0.728966 0
    outer loop
      vertex 6.35264 1.38692 3
      vertex 6.18786 1.23218 0
      vertex 6.35264 1.38692 0
    endloop
  endfacet
  facet normal -0.998028 -0.0627752 0
    outer loop
      vertex 9.3 0 0
      vertex 9.28581 0.225599 3
      vertex 9.28581 0.225599 0
    endloop
  endfacet
  facet normal -0.998028 -0.0627752 0
    outer loop
      vertex 9.28581 0.225599 3
      vertex 9.3 0 0
      vertex 9.3 0 3
    endloop
  endfacet
  facet normal -0.90482 0.425794 0
    outer loop
      vertex 9.07735 -0.867156 0
      vertex 9.1736 -0.662623 3
      vertex 9.1736 -0.662623 0
    endloop
  endfacet
  facet normal -0.90482 0.425794 0
    outer loop
      vertex 9.1736 -0.662623 3
      vertex 9.07735 -0.867156 0
      vertex 9.07735 -0.867156 3
    endloop
  endfacet
  facet normal 0.248714 0.968577 -0
    outer loop
      vertex 7.16271 -1.76812 0
      vertex 6.94377 -1.7119 3
      vertex 7.16271 -1.76812 3
    endloop
  endfacet
  facet normal 0.248714 0.968577 0
    outer loop
      vertex 6.94377 -1.7119 3
      vertex 7.16271 -1.76812 0
      vertex 6.94377 -1.7119 0
    endloop
  endfacet
  facet normal -0.248714 0.968577 0
    outer loop
      vertex 8.05623 -1.7119 0
      vertex 7.83729 -1.76812 3
      vertex 8.05623 -1.7119 3
    endloop
  endfacet
  facet normal -0.248714 0.968577 0
    outer loop
      vertex 7.83729 -1.76812 3
      vertex 8.05623 -1.7119 0
      vertex 7.83729 -1.76812 0
    endloop
  endfacet
  facet normal -0.770504 -0.637435 0
    outer loop
      vertex 8.95623 1.05801 0
      vertex 8.81214 1.23218 3
      vertex 8.81214 1.23218 0
    endloop
  endfacet
  facet normal -0.770504 -0.637435 0
    outer loop
      vertex 8.81214 1.23218 3
      vertex 8.95623 1.05801 0
      vertex 8.95623 1.05801 3
    endloop
  endfacet
  facet normal 0 -1 0
    outer loop
      vertex 7.38698 1.79645 0
      vertex 7.61302 1.79645 3
      vertex 7.38698 1.79645 3
    endloop
  endfacet
  facet normal 0 -1 -0
    outer loop
      vertex 7.61302 1.79645 3
      vertex 7.38698 1.79645 0
      vertex 7.61302 1.79645 0
    endloop
  endfacet
  facet normal -0.248714 -0.968577 0
    outer loop
      vertex 7.83729 1.76812 0
      vertex 8.05623 1.7119 3
      vertex 7.83729 1.76812 3
    endloop
  endfacet
  facet normal -0.248714 -0.968577 -0
    outer loop
      vertex 8.05623 1.7119 3
      vertex 7.83729 1.76812 0
      vertex 8.05623 1.7119 0
    endloop
  endfacet
  facet normal 0.998028 -0.0627752 0
    outer loop
      vertex 5.7 0 3
      vertex 5.71419 0.225599 0
      vertex 5.71419 0.225599 3
    endloop
  endfacet
  facet normal 0.998028 -0.0627752 0
    outer loop
      vertex 5.71419 0.225599 0
      vertex 5.7 0 3
      vertex 5.7 0 0
    endloop
  endfacet
  facet normal 0.844327 -0.535828 0
    outer loop
      vertex 5.92265 0.867156 3
      vertex 6.04377 1.05801 0
      vertex 6.04377 1.05801 3
    endloop
  endfacet
  facet normal 0.844327 -0.535828 0
    outer loop
      vertex 6.04377 1.05801 0
      vertex 5.92265 0.867156 3
      vertex 5.92265 0.867156 0
    endloop
  endfacet
  facet normal 0.125325 -0.992116 0
    outer loop
      vertex 7.16271 1.76812 0
      vertex 7.38698 1.79645 3
      vertex 7.16271 1.76812 3
    endloop
  endfacet
  facet normal 0.125325 -0.992116 0
    outer loop
      vertex 7.38698 1.79645 3
      vertex 7.16271 1.76812 0
      vertex 7.38698 1.79645 0
    endloop
  endfacet
  facet normal 0.248714 -0.968577 0
    outer loop
      vertex 6.94377 1.7119 0
      vertex 7.16271 1.76812 3
      vertex 6.94377 1.7119 3
    endloop
  endfacet
  facet normal 0.248714 -0.968577 0
    outer loop
      vertex 7.16271 1.76812 3
      vertex 6.94377 1.7119 0
      vertex 7.16271 1.76812 0
    endloop
  endfacet
  facet normal 0.481751 -0.876308 0
    outer loop
      vertex 6.53551 1.51979 0
      vertex 6.7336 1.62869 3
      vertex 6.53551 1.51979 3
    endloop
  endfacet
  facet normal 0.481751 -0.876308 0
    outer loop
      vertex 6.7336 1.62869 3
      vertex 6.53551 1.51979 0
      vertex 6.7336 1.62869 0
    endloop
  endfacet
  facet normal 0.587806 -0.809002 0
    outer loop
      vertex 6.35264 1.38692 0
      vertex 6.53551 1.51979 3
      vertex 6.35264 1.38692 3
    endloop
  endfacet
  facet normal 0.587806 -0.809002 0
    outer loop
      vertex 6.53551 1.51979 3
      vertex 6.35264 1.38692 0
      vertex 6.53551 1.51979 0
    endloop
  endfacet
  facet normal -0.982285 0.187395 0
    outer loop
      vertex 9.24345 -0.447641 0
      vertex 9.28581 -0.225599 3
      vertex 9.28581 -0.225599 0
    endloop
  endfacet
  facet normal -0.982285 0.187395 0
    outer loop
      vertex 9.28581 -0.225599 3
      vertex 9.24345 -0.447641 0
      vertex 9.24345 -0.447641 3
    endloop
  endfacet
  facet normal -0.125325 0.992116 0
    outer loop
      vertex 7.83729 -1.76812 0
      vertex 7.61302 -1.79645 3
      vertex 7.83729 -1.76812 3
    endloop
  endfacet
  facet normal -0.125325 0.992116 0
    outer loop
      vertex 7.61302 -1.79645 3
      vertex 7.83729 -1.76812 0
      vertex 7.61302 -1.79645 0
    endloop
  endfacet
  facet normal -0.90482 -0.425794 0
    outer loop
      vertex 9.1736 0.662623 0
      vertex 9.07735 0.867156 3
      vertex 9.07735 0.867156 0
    endloop
  endfacet
  facet normal -0.90482 -0.425794 0
    outer loop
      vertex 9.07735 0.867156 3
      vertex 9.1736 0.662623 0
      vertex 9.1736 0.662623 3
    endloop
  endfacet
  facet normal -0.951059 -0.309009 0
    outer loop
      vertex 9.24345 0.447641 0
      vertex 9.1736 0.662623 3
      vertex 9.1736 0.662623 0
    endloop
  endfacet
  facet normal -0.951059 -0.309009 0
    outer loop
      vertex 9.1736 0.662623 3
      vertex 9.24345 0.447641 0
      vertex 9.24345 0.447641 3
    endloop
  endfacet
  facet normal -0.481751 -0.876308 0
    outer loop
      vertex 8.2664 1.62869 0
      vertex 8.46449 1.51979 3
      vertex 8.2664 1.62869 3
    endloop
  endfacet
  facet normal -0.481751 -0.876308 -0
    outer loop
      vertex 8.46449 1.51979 3
      vertex 8.2664 1.62869 0
      vertex 8.46449 1.51979 0
    endloop
  endfacet
  facet normal 0.982285 -0.187395 0
    outer loop
      vertex 5.71419 0.225599 3
      vertex 5.75655 0.447641 0
      vertex 5.75655 0.447641 3
    endloop
  endfacet
  facet normal 0.982285 -0.187395 0
    outer loop
      vertex 5.75655 0.447641 0
      vertex 5.71419 0.225599 3
      vertex 5.71419 0.225599 0
    endloop
  endfacet
  facet normal -0.481751 0.876308 0
    outer loop
      vertex 8.46449 -1.51979 0
      vertex 8.2664 -1.62869 3
      vertex 8.46449 -1.51979 3
    endloop
  endfacet
  facet normal -0.481751 0.876308 0
    outer loop
      vertex 8.2664 -1.62869 3
      vertex 8.46449 -1.51979 0
      vertex 8.2664 -1.62869 0
    endloop
  endfacet
  facet normal -0.68455 0.728966 0
    outer loop
      vertex 8.81214 -1.23218 0
      vertex 8.64736 -1.38692 3
      vertex 8.81214 -1.23218 3
    endloop
  endfacet
  facet normal -0.68455 0.728966 0
    outer loop
      vertex 8.64736 -1.38692 3
      vertex 8.81214 -1.23218 0
      vertex 8.64736 -1.38692 0
    endloop
  endfacet
  facet normal -0.770504 0.637435 0
    outer loop
      vertex 8.81214 -1.23218 0
      vertex 8.95623 -1.05801 3
      vertex 8.95623 -1.05801 0
    endloop
  endfacet
  facet normal -0.770504 0.637435 0
    outer loop
      vertex 8.95623 -1.05801 3
      vertex 8.81214 -1.23218 0
      vertex 8.81214 -1.23218 3
    endloop
  endfacet
  facet normal 0.125325 0.992116 -0
    outer loop
      vertex 7.38698 -1.79645 0
      vertex 7.16271 -1.76812 3
      vertex 7.38698 -1.79645 3
    endloop
  endfacet
  facet normal 0.125325 0.992116 0
    outer loop
      vertex 7.16271 -1.76812 3
      vertex 7.38698 -1.79645 0
      vertex 7.16271 -1.76812 0
    endloop
  endfacet
  facet normal 0.998028 0.0627752 0
    outer loop
      vertex 5.71419 -0.225599 3
      vertex 5.7 0 0
      vertex 5.7 0 3
    endloop
  endfacet
  facet normal 0.998028 0.0627752 0
    outer loop
      vertex 5.7 0 0
      vertex 5.71419 -0.225599 3
      vertex 5.71419 -0.225599 0
    endloop
  endfacet
  facet normal 0.951059 0.309009 0
    outer loop
      vertex 5.8264 -0.662623 3
      vertex 5.75655 -0.447641 0
      vertex 5.75655 -0.447641 3
    endloop
  endfacet
  facet normal 0.951059 0.309009 0
    outer loop
      vertex 5.75655 -0.447641 0
      vertex 5.8264 -0.662623 3
      vertex 5.8264 -0.662623 0
    endloop
  endfacet
  facet normal 0.770504 0.637435 0
    outer loop
      vertex 6.18786 -1.23218 3
      vertex 6.04377 -1.05801 0
      vertex 6.04377 -1.05801 3
    endloop
  endfacet
  facet normal 0.770504 0.637435 0
    outer loop
      vertex 6.04377 -1.05801 0
      vertex 6.18786 -1.23218 3
      vertex 6.18786 -1.23218 0
    endloop
  endfacet
  facet normal -0.951059 0.309009 0
    outer loop
      vertex 9.1736 -0.662623 0
      vertex 9.24345 -0.447641 3
      vertex 9.24345 -0.447641 0
    endloop
  endfacet
  facet normal -0.951059 0.309009 0
    outer loop
      vertex 9.24345 -0.447641 3
      vertex 9.1736 -0.662623 0
      vertex 9.1736 -0.662623 3
    endloop
  endfacet
  facet normal -0.587806 0.809002 0
    outer loop
      vertex 8.64736 -1.38692 0
      vertex 8.46449 -1.51979 3
      vertex 8.64736 -1.38692 3
    endloop
  endfacet
  facet normal -0.587806 0.809002 0
    outer loop
      vertex 8.46449 -1.51979 3
      vertex 8.64736 -1.38692 0
      vertex 8.46449 -1.51979 0
    endloop
  endfacet
  facet normal -0.844327 0.535828 0
    outer loop
      vertex 8.95623 -1.05801 0
      vertex 9.07735 -0.867156 3
      vertex 9.07735 -0.867156 0
    endloop
  endfacet
  facet normal -0.844327 0.535828 0
    outer loop
      vertex 9.07735 -0.867156 3
      vertex 8.95623 -1.05801 0
      vertex 8.95623 -1.05801 3
    endloop
  endfacet
  facet normal 0.587806 0.809002 -0
    outer loop
      vertex 6.53551 -1.51979 0
      vertex 6.35264 -1.38692 3
      vertex 6.53551 -1.51979 3
    endloop
  endfacet
  facet normal 0.587806 0.809002 0
    outer loop
      vertex 6.35264 -1.38692 3
      vertex 6.53551 -1.51979 0
      vertex 6.35264 -1.38692 0
    endloop
  endfacet
  facet normal 0 1 -0
    outer loop
      vertex 7.61302 -1.79645 0
      vertex 7.38698 -1.79645 3
      vertex 7.61302 -1.79645 3
    endloop
  endfacet
  facet normal 0 1 0
    outer loop
      vertex 7.38698 -1.79645 3
      vertex 7.61302 -1.79645 0
      vertex 7.38698 -1.79645 0
    endloop
  endfacet
  facet normal 0.982285 0.187395 0
    outer loop
      vertex 5.75655 -0.447641 3
      vertex 5.71419 -0.225599 0
      vertex 5.71419 -0.225599 3
    endloop
  endfacet
  facet normal 0.982285 0.187395 0
    outer loop
      vertex 5.71419 -0.225599 0
      vertex 5.75655 -0.447641 3
      vertex 5.75655 -0.447641 0
    endloop
  endfacet
  facet normal 0.68455 0.728966 -0
    outer loop
      vertex 6.35264 -1.38692 0
      vertex 6.18786 -1.23218 3
      vertex 6.35264 -1.38692 3
    endloop
  endfacet
  facet normal 0.68455 0.728966 0
    outer loop
      vertex 6.18786 -1.23218 3
      vertex 6.35264 -1.38692 0
      vertex 6.18786 -1.23218 0
    endloop
  endfacet
  facet normal 0.90482 0.425794 0
    outer loop
      vertex 5.92265 -0.867156 3
      vertex 5.8264 -0.662623 0
      vertex 5.8264 -0.662623 3
    endloop
  endfacet
  facet normal 0.90482 0.425794 0
    outer loop
      vertex 5.8264 -0.662623 0
      vertex 5.92265 -0.867156 3
      vertex 5.92265 -0.867156 0
    endloop
  endfacet
  facet normal 0.481751 0.876308 -0
    outer loop
      vertex 6.7336 -1.62869 0
      vertex 6.53551 -1.51979 3
      vertex 6.7336 -1.62869 3
    endloop
  endfacet
  facet normal 0.481751 0.876308 0
    outer loop
      vertex 6.53551 -1.51979 3
      vertex 6.7336 -1.62869 0
      vertex 6.53551 -1.51979 0
    endloop
  endfacet
  facet normal 0.368116 0.92978 -0
    outer loop
      vertex 6.94377 -1.7119 0
      vertex 6.7336 -1.62869 3
      vertex 6.94377 -1.7119 3
    endloop
  endfacet
  facet normal 0.368116 0.92978 0
    outer loop
      vertex 6.7336 -1.62869 3
      vertex 6.94377 -1.7119 0
      vertex 6.7336 -1.62869 0
    endloop
  endfacet
  facet normal 0.844327 0.535828 0
    outer loop
      vertex 6.04377 -1.05801 3
      vertex 5.92265 -0.867156 0
      vertex 5.92265 -0.867156 3
    endloop
  endfacet
  facet normal 0.844327 0.535828 0
    outer loop
      vertex 5.92265 -0.867156 0
      vertex 6.04377 -1.05801 3
      vertex 6.04377 -1.05801 0
    endloop
  endfacet
  facet normal -0.998025 -0.0628192 0
    outer loop
      vertex 24.3 0 0
      vertex 24.2858 0.225599 3
      vertex 24.2858 0.225599 0
    endloop
  endfacet
  facet normal -0.998025 -0.0628192 0
    outer loop
      vertex 24.2858 0.225599 3
      vertex 24.3 0 0
      vertex 24.3 0 3
    endloop
  endfacet
  facet normal 0.998025 -0.0628192 0
    outer loop
      vertex 20.7 0 3
      vertex 20.7142 0.225599 0
      vertex 20.7142 0.225599 3
    endloop
  endfacet
  facet normal 0.998025 -0.0628192 0
    outer loop
      vertex 20.7142 0.225599 0
      vertex 20.7 0 3
      vertex 20.7 0 0
    endloop
  endfacet
  facet normal 0 -1 0
    outer loop
      vertex 22.387 1.79645 0
      vertex 22.613 1.79645 3
      vertex 22.387 1.79645 3
    endloop
  endfacet
  facet normal 0 -1 -0
    outer loop
      vertex 22.613 1.79645 3
      vertex 22.387 1.79645 0
      vertex 22.613 1.79645 0
    endloop
  endfacet
  facet normal -0.684727 -0.7288 0
    outer loop
      vertex 23.6474 1.38692 0
      vertex 23.8121 1.23218 3
      vertex 23.6474 1.38692 3
    endloop
  endfacet
  facet normal -0.684727 -0.7288 -0
    outer loop
      vertex 23.8121 1.23218 3
      vertex 23.6474 1.38692 0
      vertex 23.8121 1.23218 0
    endloop
  endfacet
  facet normal 0.684727 -0.7288 0
    outer loop
      vertex 21.1879 1.23218 0
      vertex 21.3526 1.38692 3
      vertex 21.1879 1.23218 3
    endloop
  endfacet
  facet normal 0.684727 -0.7288 0
    outer loop
      vertex 21.3526 1.38692 3
      vertex 21.1879 1.23218 0
      vertex 21.3526 1.38692 0
    endloop
  endfacet
  facet normal 0.368071 -0.929798 0
    outer loop
      vertex 21.7336 1.62869 0
      vertex 21.9438 1.7119 3
      vertex 21.7336 1.62869 3
    endloop
  endfacet
  facet normal 0.368071 -0.929798 0
    outer loop
      vertex 21.9438 1.7119 3
      vertex 21.7336 1.62869 0
      vertex 21.9438 1.7119 0
    endloop
  endfacet
  facet normal -0.904905 -0.425613 0
    outer loop
      vertex 24.1736 0.662623 0
      vertex 24.0774 0.867156 3
      vertex 24.0774 0.867156 0
    endloop
  endfacet
  facet normal -0.904905 -0.425613 0
    outer loop
      vertex 24.0774 0.867156 3
      vertex 24.1736 0.662623 0
      vertex 24.1736 0.662623 3
    endloop
  endfacet
  facet normal -0.982333 -0.187139 0
    outer loop
      vertex 24.2858 0.225599 0
      vertex 24.2435 0.447641 3
      vertex 24.2435 0.447641 0
    endloop
  endfacet
  facet normal -0.982333 -0.187139 0
    outer loop
      vertex 24.2435 0.447641 3
      vertex 24.2858 0.225599 0
      vertex 24.2858 0.225599 3
    endloop
  endfacet
  facet normal -0.368071 -0.929798 0
    outer loop
      vertex 23.0562 1.7119 0
      vertex 23.2664 1.62869 3
      vertex 23.0562 1.7119 3
    endloop
  endfacet
  facet normal -0.368071 -0.929798 -0
    outer loop
      vertex 23.2664 1.62869 3
      vertex 23.0562 1.7119 0
      vertex 23.2664 1.62869 0
    endloop
  endfacet
  facet normal -0.248756 -0.968566 0
    outer loop
      vertex 22.8373 1.76812 0
      vertex 23.0562 1.7119 3
      vertex 22.8373 1.76812 3
    endloop
  endfacet
  facet normal -0.248756 -0.968566 -0
    outer loop
      vertex 23.0562 1.7119 3
      vertex 22.8373 1.76812 0
      vertex 23.0562 1.7119 0
    endloop
  endfacet
  facet normal -0.587743 -0.809048 0
    outer loop
      vertex 23.4645 1.51979 0
      vertex 23.6474 1.38692 3
      vertex 23.4645 1.51979 3
    endloop
  endfacet
  facet normal -0.587743 -0.809048 -0
    outer loop
      vertex 23.6474 1.38692 3
      vertex 23.4645 1.51979 0
      vertex 23.6474 1.38692 0
    endloop
  endfacet
  facet normal 0.904905 -0.425613 0
    outer loop
      vertex 20.8264 0.662623 3
      vertex 20.9226 0.867156 0
      vertex 20.9226 0.867156 3
    endloop
  endfacet
  facet normal 0.904905 -0.425613 0
    outer loop
      vertex 20.9226 0.867156 0
      vertex 20.8264 0.662623 3
      vertex 20.8264 0.662623 0
    endloop
  endfacet
  facet normal 0.844167 -0.53608 0
    outer loop
      vertex 20.9226 0.867156 3
      vertex 21.0438 1.05801 0
      vertex 21.0438 1.05801 3
    endloop
  endfacet
  facet normal 0.844167 -0.53608 0
    outer loop
      vertex 21.0438 1.05801 0
      vertex 20.9226 0.867156 3
      vertex 20.9226 0.867156 0
    endloop
  endfacet
  facet normal 0.950994 -0.30921 0
    outer loop
      vertex 20.7565 0.447641 3
      vertex 20.8264 0.662623 0
      vertex 20.8264 0.662623 3
    endloop
  endfacet
  facet normal 0.950994 -0.30921 0
    outer loop
      vertex 20.8264 0.662623 0
      vertex 20.7565 0.447641 3
      vertex 20.7565 0.447641 0
    endloop
  endfacet
  facet normal 0.587743 -0.809048 0
    outer loop
      vertex 21.3526 1.38692 0
      vertex 21.5355 1.51979 3
      vertex 21.3526 1.38692 3
    endloop
  endfacet
  facet normal 0.587743 -0.809048 0
    outer loop
      vertex 21.5355 1.51979 3
      vertex 21.3526 1.38692 0
      vertex 21.5355 1.51979 0
    endloop
  endfacet
  facet normal 0.125309 -0.992118 0
    outer loop
      vertex 22.1627 1.76812 0
      vertex 22.387 1.79645 3
      vertex 22.1627 1.76812 3
    endloop
  endfacet
  facet normal 0.125309 -0.992118 0
    outer loop
      vertex 22.387 1.79645 3
      vertex 22.1627 1.76812 0
      vertex 22.387 1.79645 0
    endloop
  endfacet
  facet normal -0.998025 0.0628192 0
    outer loop
      vertex 24.2858 -0.225599 0
      vertex 24.3 0 3
      vertex 24.3 0 0
    endloop
  endfacet
  facet normal -0.998025 0.0628192 0
    outer loop
      vertex 24.3 0 3
      vertex 24.2858 -0.225599 0
      vertex 24.2858 -0.225599 3
    endloop
  endfacet
  facet normal -0.125309 0.992118 0
    outer loop
      vertex 22.8373 -1.76812 0
      vertex 22.613 -1.79645 3
      vertex 22.8373 -1.76812 3
    endloop
  endfacet
  facet normal -0.125309 0.992118 0
    outer loop
      vertex 22.613 -1.79645 3
      vertex 22.8373 -1.76812 0
      vertex 22.613 -1.79645 0
    endloop
  endfacet
  facet normal -0.950994 -0.30921 0
    outer loop
      vertex 24.2435 0.447641 0
      vertex 24.1736 0.662623 3
      vertex 24.1736 0.662623 0
    endloop
  endfacet
  facet normal -0.950994 -0.30921 0
    outer loop
      vertex 24.1736 0.662623 3
      vertex 24.2435 0.447641 0
      vertex 24.2435 0.447641 3
    endloop
  endfacet
  facet normal -0.770483 -0.637461 0
    outer loop
      vertex 23.9562 1.05801 0
      vertex 23.8121 1.23218 3
      vertex 23.8121 1.23218 0
    endloop
  endfacet
  facet normal -0.770483 -0.637461 0
    outer loop
      vertex 23.8121 1.23218 3
      vertex 23.9562 1.05801 0
      vertex 23.9562 1.05801 3
    endloop
  endfacet
  facet normal -0.844167 -0.53608 0
    outer loop
      vertex 24.0774 0.867156 0
      vertex 23.9562 1.05801 3
      vertex 23.9562 1.05801 0
    endloop
  endfacet
  facet normal -0.844167 -0.53608 0
    outer loop
      vertex 23.9562 1.05801 3
      vertex 24.0774 0.867156 0
      vertex 24.0774 0.867156 3
    endloop
  endfacet
  facet normal -0.125309 -0.992118 0
    outer loop
      vertex 22.613 1.79645 0
      vertex 22.8373 1.76812 3
      vertex 22.613 1.79645 3
    endloop
  endfacet
  facet normal -0.125309 -0.992118 -0
    outer loop
      vertex 22.8373 1.76812 3
      vertex 22.613 1.79645 0
      vertex 22.8373 1.76812 0
    endloop
  endfacet
  facet normal -0.481732 -0.876319 0
    outer loop
      vertex 23.2664 1.62869 0
      vertex 23.4645 1.51979 3
      vertex 23.2664 1.62869 3
    endloop
  endfacet
  facet normal -0.481732 -0.876319 -0
    outer loop
      vertex 23.4645 1.51979 3
      vertex 23.2664 1.62869 0
      vertex 23.4645 1.51979 0
    endloop
  endfacet
  facet normal 0.770483 -0.637461 0
    outer loop
      vertex 21.0438 1.05801 3
      vertex 21.1879 1.23218 0
      vertex 21.1879 1.23218 3
    endloop
  endfacet
  facet normal 0.770483 -0.637461 0
    outer loop
      vertex 21.1879 1.23218 0
      vertex 21.0438 1.05801 3
      vertex 21.0438 1.05801 0
    endloop
  endfacet
  facet normal 0.982333 -0.187139 0
    outer loop
      vertex 20.7142 0.225599 3
      vertex 20.7565 0.447641 0
      vertex 20.7565 0.447641 3
    endloop
  endfacet
  facet normal 0.982333 -0.187139 0
    outer loop
      vertex 20.7565 0.447641 0
      vertex 20.7142 0.225599 3
      vertex 20.7142 0.225599 0
    endloop
  endfacet
  facet normal 0.481732 -0.876319 0
    outer loop
      vertex 21.5355 1.51979 0
      vertex 21.7336 1.62869 3
      vertex 21.5355 1.51979 3
    endloop
  endfacet
  facet normal 0.481732 -0.876319 0
    outer loop
      vertex 21.7336 1.62869 3
      vertex 21.5355 1.51979 0
      vertex 21.7336 1.62869 0
    endloop
  endfacet
  facet normal 0.248756 -0.968566 0
    outer loop
      vertex 21.9438 1.7119 0
      vertex 22.1627 1.76812 3
      vertex 21.9438 1.7119 3
    endloop
  endfacet
  facet normal 0.248756 -0.968566 0
    outer loop
      vertex 22.1627 1.76812 3
      vertex 21.9438 1.7119 0
      vertex 22.1627 1.76812 0
    endloop
  endfacet
  facet normal -0.950994 0.30921 0
    outer loop
      vertex 24.1736 -0.662623 0
      vertex 24.2435 -0.447641 3
      vertex 24.2435 -0.447641 0
    endloop
  endfacet
  facet normal -0.950994 0.30921 0
    outer loop
      vertex 24.2435 -0.447641 3
      vertex 24.1736 -0.662623 0
      vertex 24.1736 -0.662623 3
    endloop
  endfacet
  facet normal -0.982333 0.187139 0
    outer loop
      vertex 24.2435 -0.447641 0
      vertex 24.2858 -0.225599 3
      vertex 24.2858 -0.225599 0
    endloop
  endfacet
  facet normal -0.982333 0.187139 0
    outer loop
      vertex 24.2858 -0.225599 3
      vertex 24.2435 -0.447641 0
      vertex 24.2435 -0.447641 3
    endloop
  endfacet
  facet normal 0.950994 0.30921 0
    outer loop
      vertex 20.8264 -0.662623 3
      vertex 20.7565 -0.447641 0
      vertex 20.7565 -0.447641 3
    endloop
  endfacet
  facet normal 0.950994 0.30921 0
    outer loop
      vertex 20.7565 -0.447641 0
      vertex 20.8264 -0.662623 3
      vertex 20.8264 -0.662623 0
    endloop
  endfacet
  facet normal -0.368071 0.929798 0
    outer loop
      vertex 23.2664 -1.62869 0
      vertex 23.0562 -1.7119 3
      vertex 23.2664 -1.62869 3
    endloop
  endfacet
  facet normal -0.368071 0.929798 0
    outer loop
      vertex 23.0562 -1.7119 3
      vertex 23.2664 -1.62869 0
      vertex 23.0562 -1.7119 0
    endloop
  endfacet
  facet normal -0.248756 0.968566 0
    outer loop
      vertex 23.0562 -1.7119 0
      vertex 22.8373 -1.76812 3
      vertex 23.0562 -1.7119 3
    endloop
  endfacet
  facet normal -0.248756 0.968566 0
    outer loop
      vertex 22.8373 -1.76812 3
      vertex 23.0562 -1.7119 0
      vertex 22.8373 -1.76812 0
    endloop
  endfacet
  facet normal -0.481732 0.876319 0
    outer loop
      vertex 23.4645 -1.51979 0
      vertex 23.2664 -1.62869 3
      vertex 23.4645 -1.51979 3
    endloop
  endfacet
  facet normal -0.481732 0.876319 0
    outer loop
      vertex 23.2664 -1.62869 3
      vertex 23.4645 -1.51979 0
      vertex 23.2664 -1.62869 0
    endloop
  endfacet
  facet normal -0.684727 0.7288 0
    outer loop
      vertex 23.8121 -1.23218 0
      vertex 23.6474 -1.38692 3
      vertex 23.8121 -1.23218 3
    endloop
  endfacet
  facet normal -0.684727 0.7288 0
    outer loop
      vertex 23.6474 -1.38692 3
      vertex 23.8121 -1.23218 0
      vertex 23.6474 -1.38692 0
    endloop
  endfacet
  facet normal -0.904905 0.425613 0
    outer loop
      vertex 24.0774 -0.867156 0
      vertex 24.1736 -0.662623 3
      vertex 24.1736 -0.662623 0
    endloop
  endfacet
  facet normal -0.904905 0.425613 0
    outer loop
      vertex 24.1736 -0.662623 3
      vertex 24.0774 -0.867156 0
      vertex 24.0774 -0.867156 3
    endloop
  endfacet
  facet normal -0.770483 0.637461 0
    outer loop
      vertex 23.8121 -1.23218 0
      vertex 23.9562 -1.05801 3
      vertex 23.9562 -1.05801 0
    endloop
  endfacet
  facet normal -0.770483 0.637461 0
    outer loop
      vertex 23.9562 -1.05801 3
      vertex 23.8121 -1.23218 0
      vertex 23.8121 -1.23218 3
    endloop
  endfacet
  facet normal 0.368071 0.929798 -0
    outer loop
      vertex 21.9438 -1.7119 0
      vertex 21.7336 -1.62869 3
      vertex 21.9438 -1.7119 3
    endloop
  endfacet
  facet normal 0.368071 0.929798 0
    outer loop
      vertex 21.7336 -1.62869 3
      vertex 21.9438 -1.7119 0
      vertex 21.7336 -1.62869 0
    endloop
  endfacet
  facet normal 0.770483 0.637461 0
    outer loop
      vertex 21.1879 -1.23218 3
      vertex 21.0438 -1.05801 0
      vertex 21.0438 -1.05801 3
    endloop
  endfacet
  facet normal 0.770483 0.637461 0
    outer loop
      vertex 21.0438 -1.05801 0
      vertex 21.1879 -1.23218 3
      vertex 21.1879 -1.23218 0
    endloop
  endfacet
  facet normal 0.998025 0.0628192 0
    outer loop
      vertex 20.7142 -0.225599 3
      vertex 20.7 0 0
      vertex 20.7 0 3
    endloop
  endfacet
  facet normal 0.998025 0.0628192 0
    outer loop
      vertex 20.7 0 0
      vertex 20.7142 -0.225599 3
      vertex 20.7142 -0.225599 0
    endloop
  endfacet
  facet normal -0.587743 0.809048 0
    outer loop
      vertex 23.6474 -1.38692 0
      vertex 23.4645 -1.51979 3
      vertex 23.6474 -1.38692 3
    endloop
  endfacet
  facet normal -0.587743 0.809048 0
    outer loop
      vertex 23.4645 -1.51979 3
      vertex 23.6474 -1.38692 0
      vertex 23.4645 -1.51979 0
    endloop
  endfacet
  facet normal -0.844167 0.53608 0
    outer loop
      vertex 23.9562 -1.05801 0
      vertex 24.0774 -0.867156 3
      vertex 24.0774 -0.867156 0
    endloop
  endfacet
  facet normal -0.844167 0.53608 0
    outer loop
      vertex 24.0774 -0.867156 3
      vertex 23.9562 -1.05801 0
      vertex 23.9562 -1.05801 3
    endloop
  endfacet
  facet normal 0 1 -0
    outer loop
      vertex 22.613 -1.79645 0
      vertex 22.387 -1.79645 3
      vertex 22.613 -1.79645 3
    endloop
  endfacet
  facet normal 0 1 0
    outer loop
      vertex 22.387 -1.79645 3
      vertex 22.613 -1.79645 0
      vertex 22.387 -1.79645 0
    endloop
  endfacet
  facet normal 0.125309 0.992118 -0
    outer loop
      vertex 22.387 -1.79645 0
      vertex 22.1627 -1.76812 3
      vertex 22.387 -1.79645 3
    endloop
  endfacet
  facet normal 0.125309 0.992118 0
    outer loop
      vertex 22.1627 -1.76812 3
      vertex 22.387 -1.79645 0
      vertex 22.1627 -1.76812 0
    endloop
  endfacet
  facet normal 0.248756 0.968566 -0
    outer loop
      vertex 22.1627 -1.76812 0
      vertex 21.9438 -1.7119 3
      vertex 22.1627 -1.76812 3
    endloop
  endfacet
  facet normal 0.248756 0.968566 0
    outer loop
      vertex 21.9438 -1.7119 3
      vertex 22.1627 -1.76812 0
      vertex 21.9438 -1.7119 0
    endloop
  endfacet
  facet normal 0.587743 0.809048 -0
    outer loop
      vertex 21.5355 -1.51979 0
      vertex 21.3526 -1.38692 3
      vertex 21.5355 -1.51979 3
    endloop
  endfacet
  facet normal 0.587743 0.809048 0
    outer loop
      vertex 21.3526 -1.38692 3
      vertex 21.5355 -1.51979 0
      vertex 21.3526 -1.38692 0
    endloop
  endfacet
  facet normal 0.684727 0.7288 -0
    outer loop
      vertex 21.3526 -1.38692 0
      vertex 21.1879 -1.23218 3
      vertex 21.3526 -1.38692 3
    endloop
  endfacet
  facet normal 0.684727 0.7288 0
    outer loop
      vertex 21.1879 -1.23218 3
      vertex 21.3526 -1.38692 0
      vertex 21.1879 -1.23218 0
    endloop
  endfacet
  facet normal 0.904905 0.425613 0
    outer loop
      vertex 20.9226 -0.867156 3
      vertex 20.8264 -0.662623 0
      vertex 20.8264 -0.662623 3
    endloop
  endfacet
  facet normal 0.904905 0.425613 0
    outer loop
      vertex 20.8264 -0.662623 0
      vertex 20.9226 -0.867156 3
      vertex 20.9226 -0.867156 0
    endloop
  endfacet
  facet normal 0.982333 0.187139 0
    outer loop
      vertex 20.7565 -0.447641 3
      vertex 20.7142 -0.225599 0
      vertex 20.7142 -0.225599 3
    endloop
  endfacet
  facet normal 0.982333 0.187139 0
    outer loop
      vertex 20.7142 -0.225599 0
      vertex 20.7565 -0.447641 3
      vertex 20.7565 -0.447641 0
    endloop
  endfacet
  facet normal 0.481732 0.876319 -0
    outer loop
      vertex 21.7336 -1.62869 0
      vertex 21.5355 -1.51979 3
      vertex 21.7336 -1.62869 3
    endloop
  endfacet
  facet normal 0.481732 0.876319 0
    outer loop
      vertex 21.5355 -1.51979 3
      vertex 21.7336 -1.62869 0
      vertex 21.5355 -1.51979 0
    endloop
  endfacet
  facet normal 0.844167 0.53608 0
    outer loop
      vertex 21.0438 -1.05801 3
      vertex 20.9226 -0.867156 0
      vertex 20.9226 -0.867156 3
    endloop
  endfacet
  facet normal 0.844167 0.53608 0
    outer loop
      vertex 20.9226 -0.867156 0
      vertex 21.0438 -1.05801 3
      vertex 21.0438 -1.05801 0
    endloop
  endfacet
endsolid OpenSCAD_Model
