solid OpenSCAD_Model
  facet normal -1 0 0
    outer loop
      vertex -22 -2 0
      vertex -22 2 1
      vertex -22 2 0
    endloop
  endfacet
  facet normal -1 -0 0
    outer loop
      vertex -22 2 1
      vertex -22 -2 0
      vertex -22 -2 1
    endloop
  endfacet
  facet normal -0.998029 -0.0627481 0
    outer loop
      vertex -21.9606 -2.62667 0
      vertex -22 -2 1
      vertex -22 -2 0
    endloop
  endfacet
  facet normal -0.998029 -0.0627481 0
    outer loop
      vertex -22 -2 1
      vertex -21.9606 -2.62667 0
      vertex -21.9606 -2.62667 1
    endloop
  endfacet
  facet normal -0.998029 0.0627481 0
    outer loop
      vertex -22 2 0
      vertex -21.9606 2.62667 1
      vertex -21.9606 2.62667 0
    endloop
  endfacet
  facet normal -0.998029 0.0627481 0
    outer loop
      vertex -21.9606 2.62667 1
      vertex -22 2 0
      vertex -22 2 1
    endloop
  endfacet
  facet normal 0 0 1
    outer loop
      vertex -5.87863 10.1702 1
      vertex -2.26912 11.2672 1
      vertex -2.38876 11.5912 1
    endloop
  endfacet
  facet normal 0 0 1
    outer loop
      vertex -2.26912 11.2672 1
      vertex -2.4456 7.01904 1
      vertex -2.32073 6.99013 1
    endloop
  endfacet
  facet normal 0 0 1
    outer loop
      vertex -6.10475 10.7963 1
      vertex -2.38876 11.5912 1
      vertex -2.49527 11.9467 1
    endloop
  endfacet
  facet normal 0 0 1
    outer loop
      vertex -6.28459 11.4723 1
      vertex -2.49527 11.9467 1
      vertex -2.58864 12.3338 1
    endloop
  endfacet
  facet normal 0 0 1
    outer loop
      vertex -6.28459 11.4723 1
      vertex -2.58864 12.3338 1
      vertex -2.66888 12.7524 1
    endloop
  endfacet
  facet normal 0 0 1
    outer loop
      vertex -2.26912 11.2672 1
      vertex -3.02354 7.21967 1
      vertex -2.4456 7.01904 1
    endloop
  endfacet
  facet normal 0 0 1
    outer loop
      vertex -2.26912 11.2672 1
      vertex -3.56049 7.47758 1
      vertex -3.02354 7.21967 1
    endloop
  endfacet
  facet normal 0 0 1
    outer loop
      vertex -2.26912 11.2672 1
      vertex -4.05641 7.79285 1
      vertex -3.56049 7.47758 1
    endloop
  endfacet
  facet normal 0 0 1
    outer loop
      vertex -2.26912 11.2672 1
      vertex -4.51131 8.16541 1
      vertex -4.05641 7.79285 1
    endloop
  endfacet
  facet normal 0 0 1
    outer loop
      vertex -2.26912 11.2672 1
      vertex -4.92256 8.59166 1
      vertex -4.51131 8.16541 1
    endloop
  endfacet
  facet normal 0 0 1
    outer loop
      vertex -2.26912 11.2672 1
      vertex -5.28754 9.06789 1
      vertex -4.92256 8.59166 1
    endloop
  endfacet
  facet normal 0 0 1
    outer loop
      vertex -2.26912 11.2672 1
      vertex -5.60622 9.59406 1
      vertex -5.28754 9.06789 1
    endloop
  endfacet
  facet normal 0 0 1
    outer loop
      vertex -2.26912 11.2672 1
      vertex -5.87863 10.1702 1
      vertex -5.60622 9.59406 1
    endloop
  endfacet
  facet normal 0 0 1
    outer loop
      vertex -2.38876 11.5912 1
      vertex -6.10475 10.7963 1
      vertex -5.87863 10.1702 1
    endloop
  endfacet
  facet normal 0 0 1
    outer loop
      vertex -2.49527 11.9467 1
      vertex -6.28459 11.4723 1
      vertex -6.10475 10.7963 1
    endloop
  endfacet
  facet normal 0 -0 1
    outer loop
      vertex -6.28459 11.4723 1
      vertex -2.66888 12.7524 1
      vertex -6.41815 12.1983 1
    endloop
  endfacet
  facet normal -0 0 1
    outer loop
      vertex 1.60876 21.4234 1
      vertex 5.39679 12.7651 1
      vertex 5.39679 24.3997 1
    endloop
  endfacet
  facet normal 0 0 1
    outer loop
      vertex 1.60876 12.6751 1
      vertex 5.39679 12.7651 1
      vertex 1.60876 21.4234 1
    endloop
  endfacet
  facet normal 0 0 1
    outer loop
      vertex 5.39679 12.7651 1
      vertex 1.60876 12.6751 1
      vertex 5.36497 11.9873 1
    endloop
  endfacet
  facet normal -0 0 1
    outer loop
      vertex 1.59746 12.2835 1
      vertex 5.36497 11.9873 1
      vertex 1.60876 12.6751 1
    endloop
  endfacet
  facet normal 0 0 1
    outer loop
      vertex 5.36497 11.9873 1
      vertex 1.56354 11.9188 1
      vertex 5.26952 11.259 1
    endloop
  endfacet
  facet normal -0 0 1
    outer loop
      vertex 1.507 11.5809 1
      vertex 5.26952 11.259 1
      vertex 1.56354 11.9188 1
    endloop
  endfacet
  facet normal 0 0 1
    outer loop
      vertex 5.26952 11.259 1
      vertex 1.507 11.5809 1
      vertex 5.11043 10.58 1
    endloop
  endfacet
  facet normal -0 0 1
    outer loop
      vertex 1.42786 11.2698 1
      vertex 5.11043 10.58 1
      vertex 1.507 11.5809 1
    endloop
  endfacet
  facet normal 0 0 1
    outer loop
      vertex 5.11043 10.58 1
      vertex 1.42786 11.2698 1
      vertex 4.8877 9.95055 1
    endloop
  endfacet
  facet normal -0 0 1
    outer loop
      vertex 1.3261 10.9855 1
      vertex 4.8877 9.95055 1
      vertex 1.42786 11.2698 1
    endloop
  endfacet
  facet normal 0 0 1
    outer loop
      vertex 4.8877 9.95055 1
      vertex 1.3261 10.9855 1
      vertex 4.60132 9.37048 1
    endloop
  endfacet
  facet normal 0 0 1
    outer loop
      vertex 1.56354 11.9188 1
      vertex 5.36497 11.9873 1
      vertex 1.59746 12.2835 1
    endloop
  endfacet
  facet normal -0 0 1
    outer loop
      vertex -2.26932 24.3997 1
      vertex 1.60876 21.4234 1
      vertex 5.39679 24.3997 1
    endloop
  endfacet
  facet normal 0 0 1
    outer loop
      vertex 1.60876 21.4234 1
      vertex -2.26932 24.3997 1
      vertex -2.26932 21.4234 1
    endloop
  endfacet
  facet normal 0 0 1
    outer loop
      vertex 4.60132 9.37048 1
      vertex 1.3261 10.9855 1
      vertex 4.2513 8.83984 1
    endloop
  endfacet
  facet normal -0 0 1
    outer loop
      vertex 1.20172 10.7281 1
      vertex 4.2513 8.83984 1
      vertex 1.3261 10.9855 1
    endloop
  endfacet
  facet normal 0 0 1
    outer loop
      vertex 4.2513 8.83984 1
      vertex 1.20172 10.7281 1
      vertex 3.83766 8.35864 1
    endloop
  endfacet
  facet normal -0 0 1
    outer loop
      vertex 1.05472 10.4975 1
      vertex 3.83766 8.35864 1
      vertex 1.20172 10.7281 1
    endloop
  endfacet
  facet normal 0 0 1
    outer loop
      vertex 3.83766 8.35864 1
      vertex 1.05472 10.4975 1
      vertex 3.36804 7.9348 1
    endloop
  endfacet
  facet normal -0 0 1
    outer loop
      vertex 0.888535 10.2958 1
      vertex 3.36804 7.9348 1
      vertex 1.05472 10.4975 1
    endloop
  endfacet
  facet normal 0 0 1
    outer loop
      vertex 3.36804 7.9348 1
      vertex 0.888535 10.2958 1
      vertex 2.85005 7.57617 1
    endloop
  endfacet
  facet normal -0 0 1
    outer loop
      vertex 0.706589 10.1251 1
      vertex 2.85005 7.57617 1
      vertex 0.888535 10.2958 1
    endloop
  endfacet
  facet normal 0 0 1
    outer loop
      vertex 2.85005 7.57617 1
      vertex 0.706589 10.1251 1
      vertex 2.28368 7.28276 1
    endloop
  endfacet
  facet normal -0 0 1
    outer loop
      vertex 0.50885 9.9855 1
      vertex 2.28368 7.28276 1
      vertex 0.706589 10.1251 1
    endloop
  endfacet
  facet normal 0 0 1
    outer loop
      vertex 2.28368 7.28276 1
      vertex 0.50885 9.9855 1
      vertex 1.66893 7.05453 1
    endloop
  endfacet
  facet normal 0 0 1
    outer loop
      vertex 1.66893 7.05453 1
      vertex 0.50885 9.9855 1
      vertex 1.40693 6.99013 1
    endloop
  endfacet
  facet normal -0 0 1
    outer loop
      vertex 0.295349 9.87691 1
      vertex 1.40693 6.99013 1
      vertex 0.50885 9.9855 1
    endloop
  endfacet
  facet normal 0 0 1
    outer loop
      vertex 1.40693 6.99013 1
      vertex 1.0043 3.09093 1
      vertex 1.38378 2.94069 1
    endloop
  endfacet
  facet normal -0 0 1
    outer loop
      vertex 0.0660706 9.79933 1
      vertex 1.40693 6.99013 1
      vertex 0.295349 9.87691 1
    endloop
  endfacet
  facet normal 0 0 1
    outer loop
      vertex 1.40693 6.99013 1
      vertex 0.608989 3.19243 1
      vertex 1.0043 3.09093 1
    endloop
  endfacet
  facet normal -0 0 1
    outer loop
      vertex -0.17897 9.75279 1
      vertex 1.40693 6.99013 1
      vertex 0.0660706 9.79933 1
    endloop
  endfacet
  facet normal 0 -0 1
    outer loop
      vertex -0.204069 3.24359 1
      vertex 1.40693 6.99013 1
      vertex -2.32073 6.99013 1
    endloop
  endfacet
  facet normal -0 0 1
    outer loop
      vertex -0.439804 9.73727 1
      vertex 1.40693 6.99013 1
      vertex -0.17897 9.75279 1
    endloop
  endfacet
  facet normal 0 0 1
    outer loop
      vertex 1.40693 6.99013 1
      vertex 0.204069 3.24359 1
      vertex 0.608989 3.19243 1
    endloop
  endfacet
  facet normal 0 0 1
    outer loop
      vertex 1.40693 6.99013 1
      vertex -0.439804 9.73727 1
      vertex -2.32073 6.99013 1
    endloop
  endfacet
  facet normal 0 0 1
    outer loop
      vertex 1.40693 6.99013 1
      vertex -0.204069 3.24359 1
      vertex 0.204069 3.24359 1
    endloop
  endfacet
  facet normal 0 0 1
    outer loop
      vertex -2.32073 6.99013 1
      vertex -0.439804 9.73727 1
      vertex -0.666977 9.75253 1
    endloop
  endfacet
  facet normal 0 0 1
    outer loop
      vertex -2.32073 6.99013 1
      vertex -0.666977 9.75253 1
      vertex -0.884689 9.79828 1
    endloop
  endfacet
  facet normal 0 0 1
    outer loop
      vertex -0.204069 3.24359 1
      vertex -2.32073 6.99013 1
      vertex -0.608989 3.19243 1
    endloop
  endfacet
  facet normal 0 0 1
    outer loop
      vertex -2.32073 6.99013 1
      vertex -0.884689 9.79828 1
      vertex -1.09296 9.87453 1
    endloop
  endfacet
  facet normal 0 0 1
    outer loop
      vertex -2.32073 6.99013 1
      vertex -1.09296 9.87453 1
      vertex -1.29175 9.98128 1
    endloop
  endfacet
  facet normal 0 0 1
    outer loop
      vertex -0.608989 3.19243 1
      vertex -2.32073 6.99013 1
      vertex -1.0043 3.09093 1
    endloop
  endfacet
  facet normal 0 0 1
    outer loop
      vertex -2.32073 6.99013 1
      vertex -1.29175 9.98128 1
      vertex -1.48108 10.1185 1
    endloop
  endfacet
  facet normal 0 0 1
    outer loop
      vertex -2.32073 6.99013 1
      vertex -1.48108 10.1185 1
      vertex -1.66095 10.2863 1
    endloop
  endfacet
  facet normal 0 0 1
    outer loop
      vertex -1.0043 3.09093 1
      vertex -2.32073 6.99013 1
      vertex -1.38378 2.94069 1
    endloop
  endfacet
  facet normal 0 0 1
    outer loop
      vertex -2.32073 6.99013 1
      vertex -1.66095 10.2863 1
      vertex -1.83136 10.4845 1
    endloop
  endfacet
  facet normal 0 0 1
    outer loop
      vertex -2.32073 6.99013 1
      vertex -1.83136 10.4845 1
      vertex -1.99042 10.7139 1
    endloop
  endfacet
  facet normal 0 0 1
    outer loop
      vertex -1.38378 2.94069 1
      vertex -2.32073 6.99013 1
      vertex -1.74144 2.74407 1
    endloop
  endfacet
  facet normal 0 0 1
    outer loop
      vertex -2.32073 6.99013 1
      vertex -1.99042 10.7139 1
      vertex -2.13634 10.9748 1
    endloop
  endfacet
  facet normal 0 0 1
    outer loop
      vertex -2.32073 6.99013 1
      vertex -2.13634 10.9748 1
      vertex -2.26912 11.2672 1
    endloop
  endfacet
  facet normal 0 0 1
    outer loop
      vertex -1.74144 2.74407 1
      vertex -2.32073 6.99013 1
      vertex -2.07163 2.50417 1
    endloop
  endfacet
  facet normal 0 0 1
    outer loop
      vertex -2.32073 6.99013 1
      vertex -2.36915 2.22478 1
      vertex -2.07163 2.50417 1
    endloop
  endfacet
  facet normal 0 0 1
    outer loop
      vertex -6.53551 1.51979 1
      vertex -2.36915 2.22478 1
      vertex -2.32073 6.99013 1
    endloop
  endfacet
  facet normal 0 0 1
    outer loop
      vertex -2.36915 2.22478 1
      vertex -6.53551 1.51979 1
      vertex -2.6293 1.9103 1
    endloop
  endfacet
  facet normal 0 -0 1
    outer loop
      vertex -6.35264 1.38692 1
      vertex -2.6293 1.9103 1
      vertex -6.53551 1.51979 1
    endloop
  endfacet
  facet normal 0 -0 1
    outer loop
      vertex -6.18786 1.23218 1
      vertex -2.6293 1.9103 1
      vertex -6.35264 1.38692 1
    endloop
  endfacet
  facet normal 0 -0 1
    outer loop
      vertex -6.04377 1.05801 1
      vertex -2.848 1.5657 1
      vertex -6.18786 1.23218 1
    endloop
  endfacet
  facet normal -0 0 1
    outer loop
      vertex -5.71419 0.225599 1
      vertex -3.25 0 1
      vertex -3.22437 0.407332 1
    endloop
  endfacet
  facet normal 0 -0 1
    outer loop
      vertex -5.92265 0.867156 1
      vertex -3.02177 1.1964 1
      vertex -6.04377 1.05801 1
    endloop
  endfacet
  facet normal 0 0 1
    outer loop
      vertex -3.25 0 1
      vertex -5.71419 0.225599 1
      vertex -5.7 0 1
    endloop
  endfacet
  facet normal 0 0 1
    outer loop
      vertex -3.22437 0.407332 1
      vertex -5.75655 0.447641 1
      vertex -5.71419 0.225599 1
    endloop
  endfacet
  facet normal 0 0 1
    outer loop
      vertex -3.14789 0.808242 1
      vertex -5.75655 0.447641 1
      vertex -3.22437 0.407332 1
    endloop
  endfacet
  facet normal 0 -0 1
    outer loop
      vertex -5.75655 0.447641 1
      vertex -3.14789 0.808242 1
      vertex -5.8264 0.662623 1
    endloop
  endfacet
  facet normal 0 -0 1
    outer loop
      vertex -5.8264 0.662623 1
      vertex -3.14789 0.808242 1
      vertex -5.92265 0.867156 1
    endloop
  endfacet
  facet normal 0 0 1
    outer loop
      vertex -3.02177 1.1964 1
      vertex -5.92265 0.867156 1
      vertex -3.14789 0.808242 1
    endloop
  endfacet
  facet normal 0 0 1
    outer loop
      vertex -2.848 1.5657 1
      vertex -6.04377 1.05801 1
      vertex -3.02177 1.1964 1
    endloop
  endfacet
  facet normal 0 0 1
    outer loop
      vertex -2.6293 1.9103 1
      vertex -6.18786 1.23218 1
      vertex -2.848 1.5657 1
    endloop
  endfacet
  facet normal 0 0 1
    outer loop
      vertex -2.32073 6.99013 1
      vertex -6.7336 1.62869 1
      vertex -6.53551 1.51979 1
    endloop
  endfacet
  facet normal 0 0 1
    outer loop
      vertex -2.32073 6.99013 1
      vertex -6.94377 1.7119 1
      vertex -6.7336 1.62869 1
    endloop
  endfacet
  facet normal 0 0 1
    outer loop
      vertex -2.32073 6.99013 1
      vertex -7.16271 1.76812 1
      vertex -6.94377 1.7119 1
    endloop
  endfacet
  facet normal 0 0 1
    outer loop
      vertex -2.32073 6.99013 1
      vertex -7.38698 1.79645 1
      vertex -7.16271 1.76812 1
    endloop
  endfacet
  facet normal 0 0 1
    outer loop
      vertex -2.32073 6.99013 1
      vertex -7.61302 1.79645 1
      vertex -7.38698 1.79645 1
    endloop
  endfacet
  facet normal 0 0 1
    outer loop
      vertex -2.32073 6.99013 1
      vertex -7.83729 1.76812 1
      vertex -7.61302 1.79645 1
    endloop
  endfacet
  facet normal -0 0 1
    outer loop
      vertex -13.2586 2.74407 1
      vertex -7.83729 1.76812 1
      vertex -2.32073 6.99013 1
    endloop
  endfacet
  facet normal 0 0 1
    outer loop
      vertex -7.83729 1.76812 1
      vertex -13.2586 2.74407 1
      vertex -8.05623 1.7119 1
    endloop
  endfacet
  facet normal -0 -0 1
    outer loop
      vertex -12.9284 2.50417 1
      vertex -8.05623 1.7119 1
      vertex -13.2586 2.74407 1
    endloop
  endfacet
  facet normal 0 0 1
    outer loop
      vertex -8.05623 1.7119 1
      vertex -12.9284 2.50417 1
      vertex -8.2664 1.62869 1
    endloop
  endfacet
  facet normal 0 0 1
    outer loop
      vertex -9.28581 0.225599 1
      vertex -11.75 0 1
      vertex -9.3 0 1
    endloop
  endfacet
  facet normal -0 0 1
    outer loop
      vertex -11.7756 0.407332 1
      vertex -9.28581 0.225599 1
      vertex -9.24345 0.447641 1
    endloop
  endfacet
  facet normal 0 0 1
    outer loop
      vertex -11.8521 0.808242 1
      vertex -9.24345 0.447641 1
      vertex -9.1736 0.662623 1
    endloop
  endfacet
  facet normal -0 0 1
    outer loop
      vertex -11.8521 0.808242 1
      vertex -9.1736 0.662623 1
      vertex -9.07735 0.867156 1
    endloop
  endfacet
  facet normal 0 0 1
    outer loop
      vertex -11.9782 1.1964 1
      vertex -9.07735 0.867156 1
      vertex -8.95623 1.05801 1
    endloop
  endfacet
  facet normal 0 0 1
    outer loop
      vertex -12.152 1.5657 1
      vertex -8.95623 1.05801 1
      vertex -8.81214 1.23218 1
    endloop
  endfacet
  facet normal 0 0 1
    outer loop
      vertex -12.3707 1.9103 1
      vertex -8.81214 1.23218 1
      vertex -8.64736 1.38692 1
    endloop
  endfacet
  facet normal -0 -0 1
    outer loop
      vertex -12.6309 2.22478 1
      vertex -8.2664 1.62869 1
      vertex -12.9284 2.50417 1
    endloop
  endfacet
  facet normal 0 0 1
    outer loop
      vertex -9.28581 0.225599 1
      vertex -11.7756 0.407332 1
      vertex -11.75 0 1
    endloop
  endfacet
  facet normal 0 0 1
    outer loop
      vertex -9.24345 0.447641 1
      vertex -11.8521 0.808242 1
      vertex -11.7756 0.407332 1
    endloop
  endfacet
  facet normal 0 0 1
    outer loop
      vertex -9.07735 0.867156 1
      vertex -11.9782 1.1964 1
      vertex -11.8521 0.808242 1
    endloop
  endfacet
  facet normal 0 0 1
    outer loop
      vertex -8.95623 1.05801 1
      vertex -12.152 1.5657 1
      vertex -11.9782 1.1964 1
    endloop
  endfacet
  facet normal 0 0 1
    outer loop
      vertex -8.81214 1.23218 1
      vertex -12.3707 1.9103 1
      vertex -12.152 1.5657 1
    endloop
  endfacet
  facet normal 0 0 1
    outer loop
      vertex -8.46449 1.51979 1
      vertex -12.3707 1.9103 1
      vertex -8.64736 1.38692 1
    endloop
  endfacet
  facet normal -0 -0 1
    outer loop
      vertex -12.3707 1.9103 1
      vertex -8.46449 1.51979 1
      vertex -12.6309 2.22478 1
    endloop
  endfacet
  facet normal 0 0 1
    outer loop
      vertex -8.2664 1.62869 1
      vertex -12.6309 2.22478 1
      vertex -8.46449 1.51979 1
    endloop
  endfacet
  facet normal 0 0 1
    outer loop
      vertex -2.32073 6.99013 1
      vertex -13.6162 2.94069 1
      vertex -13.2586 2.74407 1
    endloop
  endfacet
  facet normal -0 0 1
    outer loop
      vertex -17.314 6.99013 1
      vertex -13.6162 2.94069 1
      vertex -2.32073 6.99013 1
    endloop
  endfacet
  facet normal 0 0 1
    outer loop
      vertex -13.6162 2.94069 1
      vertex -17.314 6.99013 1
      vertex -13.9957 3.09093 1
    endloop
  endfacet
  facet normal 0 0 1
    outer loop
      vertex -13.9957 3.09093 1
      vertex -17.314 6.99013 1
      vertex -14.391 3.19243 1
    endloop
  endfacet
  facet normal 0 0 1
    outer loop
      vertex -14.391 3.19243 1
      vertex -17.314 6.99013 1
      vertex -14.7959 3.24359 1
    endloop
  endfacet
  facet normal 0 0 1
    outer loop
      vertex -14.7959 3.24359 1
      vertex -17.314 6.99013 1
      vertex -15.2041 3.24359 1
    endloop
  endfacet
  facet normal 0 0 1
    outer loop
      vertex -15.2041 3.24359 1
      vertex -17.314 6.99013 1
      vertex -15.609 3.19243 1
    endloop
  endfacet
  facet normal 0 0 1
    outer loop
      vertex -15.609 3.19243 1
      vertex -17.314 6.99013 1
      vertex -16.0043 3.09093 1
    endloop
  endfacet
  facet normal 0 0 1
    outer loop
      vertex -17.314 6.99013 1
      vertex -16.3838 2.94069 1
      vertex -16.0043 3.09093 1
    endloop
  endfacet
  facet normal -0 0 1
    outer loop
      vertex -17.9369 6.91144 1
      vertex -16.3838 2.94069 1
      vertex -17.314 6.99013 1
    endloop
  endfacet
  facet normal 0 0 1
    outer loop
      vertex -16.3838 2.94069 1
      vertex -17.9369 6.91144 1
      vertex -16.7414 2.74407 1
    endloop
  endfacet
  facet normal -0 0 1
    outer loop
      vertex -18.5451 6.75528 1
      vertex -16.7414 2.74407 1
      vertex -17.9369 6.91144 1
    endloop
  endfacet
  facet normal -0 0 1
    outer loop
      vertex -19.1289 6.52413 1
      vertex -16.7414 2.74407 1
      vertex -18.5451 6.75528 1
    endloop
  endfacet
  facet normal 0 0 1
    outer loop
      vertex -16.7414 2.74407 1
      vertex -19.1289 6.52413 1
      vertex -17.0716 2.50417 1
    endloop
  endfacet
  facet normal -0 0 1
    outer loop
      vertex -19.6791 6.22164 1
      vertex -17.0716 2.50417 1
      vertex -19.1289 6.52413 1
    endloop
  endfacet
  facet normal -0 0 1
    outer loop
      vertex -20.1871 5.85257 1
      vertex -17.0716 2.50417 1
      vertex -19.6791 6.22164 1
    endloop
  endfacet
  facet normal 0 0 1
    outer loop
      vertex -17.0716 2.50417 1
      vertex -20.1871 5.85257 1
      vertex -17.3691 2.22478 1
    endloop
  endfacet
  facet normal -0 0 1
    outer loop
      vertex -20.6448 5.42274 1
      vertex -17.3691 2.22478 1
      vertex -20.1871 5.85257 1
    endloop
  endfacet
  facet normal -0 0 1
    outer loop
      vertex -21.0451 4.93893 1
      vertex -17.3691 2.22478 1
      vertex -20.6448 5.42274 1
    endloop
  endfacet
  facet normal 0 0 1
    outer loop
      vertex -17.3691 2.22478 1
      vertex -21.0451 4.93893 1
      vertex -17.6293 1.9103 1
    endloop
  endfacet
  facet normal 0 0 1
    outer loop
      vertex 18.0218 1.1964 1
      vertex 22 2 1
      vertex 21.9606 2.62667 1
    endloop
  endfacet
  facet normal 0 0 1
    outer loop
      vertex 22 2 1
      vertex 18.25 0 1
      vertex 22 -2 1
    endloop
  endfacet
  facet normal 0 0 1
    outer loop
      vertex 17.848 1.5657 1
      vertex 21.9606 2.62667 1
      vertex 21.8429 3.24345 1
    endloop
  endfacet
  facet normal -0 0 1
    outer loop
      vertex 18.2244 -0.407332 1
      vertex 22 -2 1
      vertex 18.25 0 1
    endloop
  endfacet
  facet normal 0 0 1
    outer loop
      vertex 17.848 1.5657 1
      vertex 21.8429 3.24345 1
      vertex 21.6489 3.84062 1
    endloop
  endfacet
  facet normal -0 0 1
    outer loop
      vertex 18.1479 -0.808242 1
      vertex 22 -2 1
      vertex 18.2244 -0.407332 1
    endloop
  endfacet
  facet normal 0 0 1
    outer loop
      vertex 17.6293 1.9103 1
      vertex 21.6489 3.84062 1
      vertex 21.3815 4.40877 1
    endloop
  endfacet
  facet normal -0 0 1
    outer loop
      vertex 18.0218 -1.1964 1
      vertex 22 -2 1
      vertex 18.1479 -0.808242 1
    endloop
  endfacet
  facet normal 0 0 1
    outer loop
      vertex 17.6293 1.9103 1
      vertex 21.3815 4.40877 1
      vertex 21.0451 4.93893 1
    endloop
  endfacet
  facet normal 0 0 1
    outer loop
      vertex 22 -2 1
      vertex 18.0218 -1.1964 1
      vertex 21.9606 -2.62667 1
    endloop
  endfacet
  facet normal 0 0 1
    outer loop
      vertex 17.3691 2.22478 1
      vertex 21.0451 4.93893 1
      vertex 20.6448 5.42274 1
    endloop
  endfacet
  facet normal -0 0 1
    outer loop
      vertex 17.848 -1.5657 1
      vertex 21.9606 -2.62667 1
      vertex 18.0218 -1.1964 1
    endloop
  endfacet
  facet normal 0 0 1
    outer loop
      vertex 17.3691 2.22478 1
      vertex 20.6448 5.42274 1
      vertex 20.1871 5.85257 1
    endloop
  endfacet
  facet normal 0 0 1
    outer loop
      vertex 21.9606 -2.62667 1
      vertex 17.848 -1.5657 1
      vertex 21.8429 -3.24345 1
    endloop
  endfacet
  facet normal 0 0 1
    outer loop
      vertex 17.0716 2.50417 1
      vertex 20.1871 5.85257 1
      vertex 19.6791 6.22164 1
    endloop
  endfacet
  facet normal 0 0 1
    outer loop
      vertex 21.8429 -3.24345 1
      vertex 17.848 -1.5657 1
      vertex 21.6489 -3.84062 1
    endloop
  endfacet
  facet normal 0 0 1
    outer loop
      vertex 17.0716 2.50417 1
      vertex 19.6791 6.22164 1
      vertex 19.1289 6.52413 1
    endloop
  endfacet
  facet normal -0 0 1
    outer loop
      vertex 17.6293 -1.9103 1
      vertex 21.6489 -3.84062 1
      vertex 17.848 -1.5657 1
    endloop
  endfacet
  facet normal 0 0 1
    outer loop
      vertex 16.7414 2.74407 1
      vertex 19.1289 6.52413 1
      vertex 18.5451 6.75528 1
    endloop
  endfacet
  facet normal 0 0 1
    outer loop
      vertex 21.6489 -3.84062 1
      vertex 17.6293 -1.9103 1
      vertex 21.3815 -4.40877 1
    endloop
  endfacet
  facet normal 0 0 1
    outer loop
      vertex 21.3815 -4.40877 1
      vertex 17.6293 -1.9103 1
      vertex 21.0451 -4.93893 1
    endloop
  endfacet
  facet normal 0 0 1
    outer loop
      vertex 22 2 1
      vertex 18.2244 0.407332 1
      vertex 18.25 0 1
    endloop
  endfacet
  facet normal 0 0 1
    outer loop
      vertex 22 2 1
      vertex 18.1479 0.808242 1
      vertex 18.2244 0.407332 1
    endloop
  endfacet
  facet normal 0 0 1
    outer loop
      vertex 22 2 1
      vertex 18.0218 1.1964 1
      vertex 18.1479 0.808242 1
    endloop
  endfacet
  facet normal 0 0 1
    outer loop
      vertex 16.7414 2.74407 1
      vertex 18.5451 6.75528 1
      vertex 17.9369 6.91144 1
    endloop
  endfacet
  facet normal 0 0 1
    outer loop
      vertex 21.9606 2.62667 1
      vertex 17.848 1.5657 1
      vertex 18.0218 1.1964 1
    endloop
  endfacet
  facet normal 0 0 1
    outer loop
      vertex 21.6489 3.84062 1
      vertex 17.6293 1.9103 1
      vertex 17.848 1.5657 1
    endloop
  endfacet
  facet normal 0 0 1
    outer loop
      vertex 21.0451 4.93893 1
      vertex 17.3691 2.22478 1
      vertex 17.6293 1.9103 1
    endloop
  endfacet
  facet normal 0 0 1
    outer loop
      vertex 16.3838 2.94069 1
      vertex 17.9369 6.91144 1
      vertex 17.314 6.99013 1
    endloop
  endfacet
  facet normal 0 0 1
    outer loop
      vertex 20.1871 5.85257 1
      vertex 17.0716 2.50417 1
      vertex 17.3691 2.22478 1
    endloop
  endfacet
  facet normal 0 0 1
    outer loop
      vertex 19.1289 6.52413 1
      vertex 16.7414 2.74407 1
      vertex 17.0716 2.50417 1
    endloop
  endfacet
  facet normal 0 0 1
    outer loop
      vertex 17.9369 6.91144 1
      vertex 16.3838 2.94069 1
      vertex 16.7414 2.74407 1
    endloop
  endfacet
  facet normal 0 0 1
    outer loop
      vertex 17.314 6.99013 1
      vertex 16.0043 3.09093 1
      vertex 16.3838 2.94069 1
    endloop
  endfacet
  facet normal 0 0 1
    outer loop
      vertex 17.314 6.99013 1
      vertex 15.609 3.19243 1
      vertex 16.0043 3.09093 1
    endloop
  endfacet
  facet normal 0 0 1
    outer loop
      vertex 17.314 6.99013 1
      vertex 15.2041 3.24359 1
      vertex 15.609 3.19243 1
    endloop
  endfacet
  facet normal 0 0 1
    outer loop
      vertex 17.314 6.99013 1
      vertex 14.7959 3.24359 1
      vertex 15.2041 3.24359 1
    endloop
  endfacet
  facet normal 0 0 1
    outer loop
      vertex 17.314 6.99013 1
      vertex 14.391 3.19243 1
      vertex 14.7959 3.24359 1
    endloop
  endfacet
  facet normal 0 0 1
    outer loop
      vertex 17.314 6.99013 1
      vertex 13.9957 3.09093 1
      vertex 14.391 3.19243 1
    endloop
  endfacet
  facet normal 0 0 1
    outer loop
      vertex 17.314 6.99013 1
      vertex 13.6162 2.94069 1
      vertex 13.9957 3.09093 1
    endloop
  endfacet
  facet normal -0 0 1
    outer loop
      vertex 1.40693 6.99013 1
      vertex 13.6162 2.94069 1
      vertex 17.314 6.99013 1
    endloop
  endfacet
  facet normal 0 0 1
    outer loop
      vertex 13.6162 2.94069 1
      vertex 1.40693 6.99013 1
      vertex 13.2586 2.74407 1
    endloop
  endfacet
  facet normal 0 -0 1
    outer loop
      vertex 7.83729 1.76812 1
      vertex 13.2586 2.74407 1
      vertex 1.40693 6.99013 1
    endloop
  endfacet
  facet normal -0 0 1
    outer loop
      vertex 9.28581 0.225599 1
      vertex 11.75 0 1
      vertex 11.7756 0.407332 1
    endloop
  endfacet
  facet normal -0 0 1
    outer loop
      vertex 9.24345 0.447641 1
      vertex 11.7756 0.407332 1
      vertex 11.8521 0.808242 1
    endloop
  endfacet
  facet normal -0 0 1
    outer loop
      vertex 9.07735 0.867156 1
      vertex 11.8521 0.808242 1
      vertex 11.9782 1.1964 1
    endloop
  endfacet
  facet normal 0 0 1
    outer loop
      vertex 8.95623 1.05801 1
      vertex 11.9782 1.1964 1
      vertex 12.152 1.5657 1
    endloop
  endfacet
  facet normal 0 0 1
    outer loop
      vertex 8.81214 1.23218 1
      vertex 12.152 1.5657 1
      vertex 12.3707 1.9103 1
    endloop
  endfacet
  facet normal 0 0 1
    outer loop
      vertex 8.46449 1.51979 1
      vertex 12.3707 1.9103 1
      vertex 12.6309 2.22478 1
    endloop
  endfacet
  facet normal 0 0 1
    outer loop
      vertex 13.2586 2.74407 1
      vertex 8.05623 1.7119 1
      vertex 12.9284 2.50417 1
    endloop
  endfacet
  facet normal 0 0 1
    outer loop
      vertex 11.75 0 1
      vertex 9.28581 0.225599 1
      vertex 9.3 0 1
    endloop
  endfacet
  facet normal 0 0 1
    outer loop
      vertex 11.7756 0.407332 1
      vertex 9.24345 0.447641 1
      vertex 9.28581 0.225599 1
    endloop
  endfacet
  facet normal 0 0 1
    outer loop
      vertex 11.8521 0.808242 1
      vertex 9.1736 0.662623 1
      vertex 9.24345 0.447641 1
    endloop
  endfacet
  facet normal 0 0 1
    outer loop
      vertex 11.8521 0.808242 1
      vertex 9.07735 0.867156 1
      vertex 9.1736 0.662623 1
    endloop
  endfacet
  facet normal 0 0 1
    outer loop
      vertex 11.9782 1.1964 1
      vertex 8.95623 1.05801 1
      vertex 9.07735 0.867156 1
    endloop
  endfacet
  facet normal 0 0 1
    outer loop
      vertex 12.152 1.5657 1
      vertex 8.81214 1.23218 1
      vertex 8.95623 1.05801 1
    endloop
  endfacet
  facet normal 0 0 1
    outer loop
      vertex 12.3707 1.9103 1
      vertex 8.64736 1.38692 1
      vertex 8.81214 1.23218 1
    endloop
  endfacet
  facet normal 0 0 1
    outer loop
      vertex 12.3707 1.9103 1
      vertex 8.46449 1.51979 1
      vertex 8.64736 1.38692 1
    endloop
  endfacet
  facet normal 0 0 1
    outer loop
      vertex 12.6309 2.22478 1
      vertex 8.2664 1.62869 1
      vertex 8.46449 1.51979 1
    endloop
  endfacet
  facet normal 0 0 1
    outer loop
      vertex 12.9284 2.50417 1
      vertex 8.2664 1.62869 1
      vertex 12.6309 2.22478 1
    endloop
  endfacet
  facet normal 0 -0 1
    outer loop
      vertex 8.2664 1.62869 1
      vertex 12.9284 2.50417 1
      vertex 8.05623 1.7119 1
    endloop
  endfacet
  facet normal 0 -0 1
    outer loop
      vertex 8.05623 1.7119 1
      vertex 13.2586 2.74407 1
      vertex 7.83729 1.76812 1
    endloop
  endfacet
  facet normal 0 0 1
    outer loop
      vertex 7.83729 1.76812 1
      vertex 1.40693 6.99013 1
      vertex 7.61302 1.79645 1
    endloop
  endfacet
  facet normal 0 0 1
    outer loop
      vertex 7.61302 1.79645 1
      vertex 1.40693 6.99013 1
      vertex 7.38698 1.79645 1
    endloop
  endfacet
  facet normal 0 0 1
    outer loop
      vertex 7.38698 1.79645 1
      vertex 1.40693 6.99013 1
      vertex 7.16271 1.76812 1
    endloop
  endfacet
  facet normal 0 0 1
    outer loop
      vertex 7.16271 1.76812 1
      vertex 1.40693 6.99013 1
      vertex 6.94377 1.7119 1
    endloop
  endfacet
  facet normal 0 0 1
    outer loop
      vertex 5.71419 0.225599 1
      vertex 3.25 0 1
      vertex 5.7 0 1
    endloop
  endfacet
  facet normal -0 0 1
    outer loop
      vertex 3.22437 0.407332 1
      vertex 5.71419 0.225599 1
      vertex 5.75655 0.447641 1
    endloop
  endfacet
  facet normal 0 0 1
    outer loop
      vertex 3.14789 0.808242 1
      vertex 5.75655 0.447641 1
      vertex 5.8264 0.662623 1
    endloop
  endfacet
  facet normal -0 0 1
    outer loop
      vertex 3.14789 0.808242 1
      vertex 5.8264 0.662623 1
      vertex 5.92265 0.867156 1
    endloop
  endfacet
  facet normal 0 0 1
    outer loop
      vertex 3.02177 1.1964 1
      vertex 5.92265 0.867156 1
      vertex 6.04377 1.05801 1
    endloop
  endfacet
  facet normal 0 0 1
    outer loop
      vertex 2.848 1.5657 1
      vertex 6.04377 1.05801 1
      vertex 6.18786 1.23218 1
    endloop
  endfacet
  facet normal 0 0 1
    outer loop
      vertex 2.6293 1.9103 1
      vertex 6.18786 1.23218 1
      vertex 6.35264 1.38692 1
    endloop
  endfacet
  facet normal 0 0 1
    outer loop
      vertex 2.6293 1.9103 1
      vertex 6.35264 1.38692 1
      vertex 6.53551 1.51979 1
    endloop
  endfacet
  facet normal 0 0 1
    outer loop
      vertex 2.36915 2.22478 1
      vertex 6.53551 1.51979 1
      vertex 6.7336 1.62869 1
    endloop
  endfacet
  facet normal 0 0 1
    outer loop
      vertex 6.94377 1.7119 1
      vertex 1.40693 6.99013 1
      vertex 6.7336 1.62869 1
    endloop
  endfacet
  facet normal 0 0 1
    outer loop
      vertex 5.71419 0.225599 1
      vertex 3.22437 0.407332 1
      vertex 3.25 0 1
    endloop
  endfacet
  facet normal 0 0 1
    outer loop
      vertex 5.75655 0.447641 1
      vertex 3.14789 0.808242 1
      vertex 3.22437 0.407332 1
    endloop
  endfacet
  facet normal 0 0 1
    outer loop
      vertex 5.92265 0.867156 1
      vertex 3.02177 1.1964 1
      vertex 3.14789 0.808242 1
    endloop
  endfacet
  facet normal 0 0 1
    outer loop
      vertex 6.04377 1.05801 1
      vertex 2.848 1.5657 1
      vertex 3.02177 1.1964 1
    endloop
  endfacet
  facet normal 0 0 1
    outer loop
      vertex 6.18786 1.23218 1
      vertex 2.6293 1.9103 1
      vertex 2.848 1.5657 1
    endloop
  endfacet
  facet normal -0 -0 1
    outer loop
      vertex 2.36915 2.22478 1
      vertex 6.7336 1.62869 1
      vertex 1.40693 6.99013 1
    endloop
  endfacet
  facet normal 0 0 1
    outer loop
      vertex 6.53551 1.51979 1
      vertex 2.36915 2.22478 1
      vertex 2.6293 1.9103 1
    endloop
  endfacet
  facet normal 0 0 1
    outer loop
      vertex 2.36915 2.22478 1
      vertex 1.40693 6.99013 1
      vertex 2.07163 2.50417 1
    endloop
  endfacet
  facet normal 0 0 1
    outer loop
      vertex 2.07163 2.50417 1
      vertex 1.40693 6.99013 1
      vertex 1.74144 2.74407 1
    endloop
  endfacet
  facet normal 0 0 1
    outer loop
      vertex 1.74144 2.74407 1
      vertex 1.40693 6.99013 1
      vertex 1.38378 2.94069 1
    endloop
  endfacet
  facet normal -0 0 1
    outer loop
      vertex 17.3691 -2.22478 1
      vertex 21.0451 -4.93893 1
      vertex 17.6293 -1.9103 1
    endloop
  endfacet
  facet normal 0 0 1
    outer loop
      vertex 21.0451 -4.93893 1
      vertex 17.3691 -2.22478 1
      vertex 20.6448 -5.42274 1
    endloop
  endfacet
  facet normal 0 0 1
    outer loop
      vertex 20.6448 -5.42274 1
      vertex 17.3691 -2.22478 1
      vertex 20.1871 -5.85257 1
    endloop
  endfacet
  facet normal -0 0 1
    outer loop
      vertex 17.0716 -2.50417 1
      vertex 20.1871 -5.85257 1
      vertex 17.3691 -2.22478 1
    endloop
  endfacet
  facet normal 0 0 1
    outer loop
      vertex 20.1871 -5.85257 1
      vertex 17.0716 -2.50417 1
      vertex 19.6791 -6.22164 1
    endloop
  endfacet
  facet normal 0 0 1
    outer loop
      vertex 19.6791 -6.22164 1
      vertex 17.0716 -2.50417 1
      vertex 19.1289 -6.52413 1
    endloop
  endfacet
  facet normal -0 0 1
    outer loop
      vertex 16.7414 -2.74407 1
      vertex 19.1289 -6.52413 1
      vertex 17.0716 -2.50417 1
    endloop
  endfacet
  facet normal 0 0 1
    outer loop
      vertex 19.1289 -6.52413 1
      vertex 16.7414 -2.74407 1
      vertex 18.5451 -6.75528 1
    endloop
  endfacet
  facet normal 0 0 1
    outer loop
      vertex 18.5451 -6.75528 1
      vertex 16.7414 -2.74407 1
      vertex 17.9369 -6.91144 1
    endloop
  endfacet
  facet normal -0 0 1
    outer loop
      vertex 16.3838 -2.94069 1
      vertex 17.9369 -6.91144 1
      vertex 16.7414 -2.74407 1
    endloop
  endfacet
  facet normal 0 0 1
    outer loop
      vertex 17.9369 -6.91144 1
      vertex 16.3838 -2.94069 1
      vertex 17.314 -6.99013 1
    endloop
  endfacet
  facet normal -0 0 1
    outer loop
      vertex 16.0043 -3.09093 1
      vertex 17.314 -6.99013 1
      vertex 16.3838 -2.94069 1
    endloop
  endfacet
  facet normal -0 0 1
    outer loop
      vertex 15.609 -3.19243 1
      vertex 17.314 -6.99013 1
      vertex 16.0043 -3.09093 1
    endloop
  endfacet
  facet normal -0 0 1
    outer loop
      vertex 15.2041 -3.24359 1
      vertex 17.314 -6.99013 1
      vertex 15.609 -3.19243 1
    endloop
  endfacet
  facet normal -0 0 1
    outer loop
      vertex 14.7959 -3.24359 1
      vertex 17.314 -6.99013 1
      vertex 15.2041 -3.24359 1
    endloop
  endfacet
  facet normal 0 0 1
    outer loop
      vertex 14.391 -3.19243 1
      vertex 17.314 -6.99013 1
      vertex 14.7959 -3.24359 1
    endloop
  endfacet
  facet normal 0 0 1
    outer loop
      vertex 13.9957 -3.09093 1
      vertex 17.314 -6.99013 1
      vertex 14.391 -3.19243 1
    endloop
  endfacet
  facet normal 0 0 1
    outer loop
      vertex 13.6162 -2.94069 1
      vertex 17.314 -6.99013 1
      vertex 13.9957 -3.09093 1
    endloop
  endfacet
  facet normal 0 0 1
    outer loop
      vertex 13.2586 -2.74407 1
      vertex 17.314 -6.99013 1
      vertex 13.6162 -2.94069 1
    endloop
  endfacet
  facet normal 0 0 1
    outer loop
      vertex 8.05623 -1.7119 1
      vertex 13.2586 -2.74407 1
      vertex 12.9284 -2.50417 1
    endloop
  endfacet
  facet normal 0 0 1
    outer loop
      vertex 8.2664 -1.62869 1
      vertex 12.9284 -2.50417 1
      vertex 12.6309 -2.22478 1
    endloop
  endfacet
  facet normal 0 0 1
    outer loop
      vertex 9.28581 -0.225599 1
      vertex 11.75 0 1
      vertex 9.3 0 1
    endloop
  endfacet
  facet normal 0 0 1
    outer loop
      vertex 11.75 0 1
      vertex 9.28581 -0.225599 1
      vertex 11.7756 -0.407332 1
    endloop
  endfacet
  facet normal 0 0 1
    outer loop
      vertex 9.24345 -0.447641 1
      vertex 11.7756 -0.407332 1
      vertex 9.28581 -0.225599 1
    endloop
  endfacet
  facet normal 0 0 1
    outer loop
      vertex 11.7756 -0.407332 1
      vertex 9.24345 -0.447641 1
      vertex 11.8521 -0.808242 1
    endloop
  endfacet
  facet normal -0 0 1
    outer loop
      vertex 9.1736 -0.662623 1
      vertex 11.8521 -0.808242 1
      vertex 9.24345 -0.447641 1
    endloop
  endfacet
  facet normal 0 0 1
    outer loop
      vertex 9.07735 -0.867156 1
      vertex 11.8521 -0.808242 1
      vertex 9.1736 -0.662623 1
    endloop
  endfacet
  facet normal 0 0 1
    outer loop
      vertex 11.8521 -0.808242 1
      vertex 9.07735 -0.867156 1
      vertex 11.9782 -1.1964 1
    endloop
  endfacet
  facet normal -0 0 1
    outer loop
      vertex 8.95623 -1.05801 1
      vertex 11.9782 -1.1964 1
      vertex 9.07735 -0.867156 1
    endloop
  endfacet
  facet normal 0 0 1
    outer loop
      vertex 11.9782 -1.1964 1
      vertex 8.95623 -1.05801 1
      vertex 12.152 -1.5657 1
    endloop
  endfacet
  facet normal -0 0 1
    outer loop
      vertex 8.81214 -1.23218 1
      vertex 12.152 -1.5657 1
      vertex 8.95623 -1.05801 1
    endloop
  endfacet
  facet normal 0 0 1
    outer loop
      vertex 12.152 -1.5657 1
      vertex 8.81214 -1.23218 1
      vertex 12.3707 -1.9103 1
    endloop
  endfacet
  facet normal -0 0 1
    outer loop
      vertex 8.64736 -1.38692 1
      vertex 12.3707 -1.9103 1
      vertex 8.81214 -1.23218 1
    endloop
  endfacet
  facet normal -0 0 1
    outer loop
      vertex 8.46449 -1.51979 1
      vertex 12.3707 -1.9103 1
      vertex 8.64736 -1.38692 1
    endloop
  endfacet
  facet normal 0 0 1
    outer loop
      vertex 12.3707 -1.9103 1
      vertex 8.46449 -1.51979 1
      vertex 12.6309 -2.22478 1
    endloop
  endfacet
  facet normal -0 0 1
    outer loop
      vertex 8.2664 -1.62869 1
      vertex 12.6309 -2.22478 1
      vertex 8.46449 -1.51979 1
    endloop
  endfacet
  facet normal 0 0 1
    outer loop
      vertex 12.9284 -2.50417 1
      vertex 8.2664 -1.62869 1
      vertex 8.05623 -1.7119 1
    endloop
  endfacet
  facet normal 0 0 1
    outer loop
      vertex 13.2586 -2.74407 1
      vertex 8.05623 -1.7119 1
      vertex 7.83729 -1.76812 1
    endloop
  endfacet
  facet normal 0 0 1
    outer loop
      vertex 13.2586 -2.74407 1
      vertex 7.83729 -1.76812 1
      vertex 17.314 -6.99013 1
    endloop
  endfacet
  facet normal -0 0 1
    outer loop
      vertex 7.61302 -1.79645 1
      vertex 17.314 -6.99013 1
      vertex 7.83729 -1.76812 1
    endloop
  endfacet
  facet normal -0 0 1
    outer loop
      vertex 7.38698 -1.79645 1
      vertex 17.314 -6.99013 1
      vertex 7.61302 -1.79645 1
    endloop
  endfacet
  facet normal 0 0 1
    outer loop
      vertex 1.38378 -2.94069 1
      vertex 7.38698 -1.79645 1
      vertex 7.16271 -1.76812 1
    endloop
  endfacet
  facet normal 0 0 1
    outer loop
      vertex 1.74144 -2.74407 1
      vertex 7.16271 -1.76812 1
      vertex 6.94377 -1.7119 1
    endloop
  endfacet
  facet normal 0 0 1
    outer loop
      vertex 2.07163 -2.50417 1
      vertex 6.94377 -1.7119 1
      vertex 6.7336 -1.62869 1
    endloop
  endfacet
  facet normal -0 0 1
    outer loop
      vertex 3.25 0 1
      vertex 5.71419 -0.225599 1
      vertex 5.7 0 1
    endloop
  endfacet
  facet normal 0 0 1
    outer loop
      vertex 3.22437 -0.407332 1
      vertex 5.71419 -0.225599 1
      vertex 3.25 0 1
    endloop
  endfacet
  facet normal 0 0 1
    outer loop
      vertex 5.71419 -0.225599 1
      vertex 3.22437 -0.407332 1
      vertex 5.75655 -0.447641 1
    endloop
  endfacet
  facet normal 0 0 1
    outer loop
      vertex 3.14789 -0.808242 1
      vertex 5.75655 -0.447641 1
      vertex 3.22437 -0.407332 1
    endloop
  endfacet
  facet normal 0 0 1
    outer loop
      vertex 5.75655 -0.447641 1
      vertex 3.14789 -0.808242 1
      vertex 5.8264 -0.662623 1
    endloop
  endfacet
  facet normal 0 0 1
    outer loop
      vertex 5.8264 -0.662623 1
      vertex 3.14789 -0.808242 1
      vertex 5.92265 -0.867156 1
    endloop
  endfacet
  facet normal 0 0 1
    outer loop
      vertex 3.02177 -1.1964 1
      vertex 5.92265 -0.867156 1
      vertex 3.14789 -0.808242 1
    endloop
  endfacet
  facet normal 0 0 1
    outer loop
      vertex 5.92265 -0.867156 1
      vertex 3.02177 -1.1964 1
      vertex 6.04377 -1.05801 1
    endloop
  endfacet
  facet normal 0 0 1
    outer loop
      vertex 2.848 -1.5657 1
      vertex 6.04377 -1.05801 1
      vertex 3.02177 -1.1964 1
    endloop
  endfacet
  facet normal 0 0 1
    outer loop
      vertex 6.04377 -1.05801 1
      vertex 2.848 -1.5657 1
      vertex 6.18786 -1.23218 1
    endloop
  endfacet
  facet normal 0 0 1
    outer loop
      vertex 2.6293 -1.9103 1
      vertex 6.18786 -1.23218 1
      vertex 2.848 -1.5657 1
    endloop
  endfacet
  facet normal 0 0 1
    outer loop
      vertex 6.18786 -1.23218 1
      vertex 2.6293 -1.9103 1
      vertex 6.35264 -1.38692 1
    endloop
  endfacet
  facet normal 0 0 1
    outer loop
      vertex 6.35264 -1.38692 1
      vertex 2.6293 -1.9103 1
      vertex 6.53551 -1.51979 1
    endloop
  endfacet
  facet normal 0 0 1
    outer loop
      vertex 2.36915 -2.22478 1
      vertex 6.53551 -1.51979 1
      vertex 2.6293 -1.9103 1
    endloop
  endfacet
  facet normal 0 0 1
    outer loop
      vertex 6.53551 -1.51979 1
      vertex 2.36915 -2.22478 1
      vertex 6.7336 -1.62869 1
    endloop
  endfacet
  facet normal 0 0 1
    outer loop
      vertex 2.07163 -2.50417 1
      vertex 6.7336 -1.62869 1
      vertex 2.36915 -2.22478 1
    endloop
  endfacet
  facet normal 0 0 1
    outer loop
      vertex 6.94377 -1.7119 1
      vertex 2.07163 -2.50417 1
      vertex 1.74144 -2.74407 1
    endloop
  endfacet
  facet normal 0 0 1
    outer loop
      vertex 7.16271 -1.76812 1
      vertex 1.74144 -2.74407 1
      vertex 1.38378 -2.94069 1
    endloop
  endfacet
  facet normal 0 0 1
    outer loop
      vertex 7.38698 -1.79645 1
      vertex 1.38378 -2.94069 1
      vertex 17.314 -6.99013 1
    endloop
  endfacet
  facet normal -0 0 1
    outer loop
      vertex 1.0043 -3.09093 1
      vertex 17.314 -6.99013 1
      vertex 1.38378 -2.94069 1
    endloop
  endfacet
  facet normal -0 0 1
    outer loop
      vertex 0.608989 -3.19243 1
      vertex 17.314 -6.99013 1
      vertex 1.0043 -3.09093 1
    endloop
  endfacet
  facet normal -0 0 1
    outer loop
      vertex 0.204069 -3.24359 1
      vertex 17.314 -6.99013 1
      vertex 0.608989 -3.19243 1
    endloop
  endfacet
  facet normal -0 0 1
    outer loop
      vertex -0.204069 -3.24359 1
      vertex 17.314 -6.99013 1
      vertex 0.204069 -3.24359 1
    endloop
  endfacet
  facet normal 0 0 1
    outer loop
      vertex -17.314 -6.99013 1
      vertex -0.204069 -3.24359 1
      vertex -0.608989 -3.19243 1
    endloop
  endfacet
  facet normal 0 0 1
    outer loop
      vertex -5.71419 -0.225599 1
      vertex -3.25 0 1
      vertex -5.7 0 1
    endloop
  endfacet
  facet normal 0 0 1
    outer loop
      vertex -3.25 0 1
      vertex -5.71419 -0.225599 1
      vertex -3.22437 -0.407332 1
    endloop
  endfacet
  facet normal 0 0 1
    outer loop
      vertex -5.75655 -0.447641 1
      vertex -3.22437 -0.407332 1
      vertex -5.71419 -0.225599 1
    endloop
  endfacet
  facet normal 0 0 1
    outer loop
      vertex -3.22437 -0.407332 1
      vertex -5.75655 -0.447641 1
      vertex -3.14789 -0.808242 1
    endloop
  endfacet
  facet normal -0 0 1
    outer loop
      vertex -5.8264 -0.662623 1
      vertex -3.14789 -0.808242 1
      vertex -5.75655 -0.447641 1
    endloop
  endfacet
  facet normal 0 0 1
    outer loop
      vertex -5.92265 -0.867156 1
      vertex -3.14789 -0.808242 1
      vertex -5.8264 -0.662623 1
    endloop
  endfacet
  facet normal 0 0 1
    outer loop
      vertex -3.14789 -0.808242 1
      vertex -5.92265 -0.867156 1
      vertex -3.02177 -1.1964 1
    endloop
  endfacet
  facet normal -0 0 1
    outer loop
      vertex -6.04377 -1.05801 1
      vertex -3.02177 -1.1964 1
      vertex -5.92265 -0.867156 1
    endloop
  endfacet
  facet normal 0 0 1
    outer loop
      vertex -3.02177 -1.1964 1
      vertex -6.04377 -1.05801 1
      vertex -2.848 -1.5657 1
    endloop
  endfacet
  facet normal -0 0 1
    outer loop
      vertex -6.18786 -1.23218 1
      vertex -2.848 -1.5657 1
      vertex -6.04377 -1.05801 1
    endloop
  endfacet
  facet normal 0 0 1
    outer loop
      vertex -2.848 -1.5657 1
      vertex -6.18786 -1.23218 1
      vertex -2.6293 -1.9103 1
    endloop
  endfacet
  facet normal -0 0 1
    outer loop
      vertex -6.35264 -1.38692 1
      vertex -2.6293 -1.9103 1
      vertex -6.18786 -1.23218 1
    endloop
  endfacet
  facet normal -0 0 1
    outer loop
      vertex -6.53551 -1.51979 1
      vertex -2.6293 -1.9103 1
      vertex -6.35264 -1.38692 1
    endloop
  endfacet
  facet normal 0 0 1
    outer loop
      vertex -2.6293 -1.9103 1
      vertex -6.53551 -1.51979 1
      vertex -2.36915 -2.22478 1
    endloop
  endfacet
  facet normal -0 0 1
    outer loop
      vertex -6.7336 -1.62869 1
      vertex -2.36915 -2.22478 1
      vertex -6.53551 -1.51979 1
    endloop
  endfacet
  facet normal 0 0 1
    outer loop
      vertex -2.36915 -2.22478 1
      vertex -6.7336 -1.62869 1
      vertex -2.07163 -2.50417 1
    endloop
  endfacet
  facet normal -0 0 1
    outer loop
      vertex -6.94377 -1.7119 1
      vertex -2.07163 -2.50417 1
      vertex -6.7336 -1.62869 1
    endloop
  endfacet
  facet normal 0 0 1
    outer loop
      vertex -2.07163 -2.50417 1
      vertex -6.94377 -1.7119 1
      vertex -1.74144 -2.74407 1
    endloop
  endfacet
  facet normal -0 0 1
    outer loop
      vertex -7.16271 -1.76812 1
      vertex -1.74144 -2.74407 1
      vertex -6.94377 -1.7119 1
    endloop
  endfacet
  facet normal 0 0 1
    outer loop
      vertex -1.74144 -2.74407 1
      vertex -7.16271 -1.76812 1
      vertex -1.38378 -2.94069 1
    endloop
  endfacet
  facet normal -0 0 1
    outer loop
      vertex -7.38698 -1.79645 1
      vertex -1.38378 -2.94069 1
      vertex -7.16271 -1.76812 1
    endloop
  endfacet
  facet normal 0 0 1
    outer loop
      vertex -17.314 -6.99013 1
      vertex -1.38378 -2.94069 1
      vertex -7.38698 -1.79645 1
    endloop
  endfacet
  facet normal 0 0 1
    outer loop
      vertex -1.38378 -2.94069 1
      vertex -17.314 -6.99013 1
      vertex -1.0043 -3.09093 1
    endloop
  endfacet
  facet normal 0 0 1
    outer loop
      vertex -1.0043 -3.09093 1
      vertex -17.314 -6.99013 1
      vertex -0.608989 -3.19243 1
    endloop
  endfacet
  facet normal 0 0 1
    outer loop
      vertex -17.314 -6.99013 1
      vertex -7.38698 -1.79645 1
      vertex -7.61302 -1.79645 1
    endloop
  endfacet
  facet normal 0 0 1
    outer loop
      vertex -17.314 -6.99013 1
      vertex -7.61302 -1.79645 1
      vertex -7.83729 -1.76812 1
    endloop
  endfacet
  facet normal -0 0 1
    outer loop
      vertex -11.75 0 1
      vertex -9.28581 -0.225599 1
      vertex -9.3 0 1
    endloop
  endfacet
  facet normal 0 0 1
    outer loop
      vertex -11.7756 -0.407332 1
      vertex -9.28581 -0.225599 1
      vertex -11.75 0 1
    endloop
  endfacet
  facet normal 0 0 1
    outer loop
      vertex -9.28581 -0.225599 1
      vertex -11.7756 -0.407332 1
      vertex -9.24345 -0.447641 1
    endloop
  endfacet
  facet normal 0 0 1
    outer loop
      vertex -11.8521 -0.808242 1
      vertex -9.24345 -0.447641 1
      vertex -11.7756 -0.407332 1
    endloop
  endfacet
  facet normal 0 0 1
    outer loop
      vertex -9.24345 -0.447641 1
      vertex -11.8521 -0.808242 1
      vertex -9.1736 -0.662623 1
    endloop
  endfacet
  facet normal 0 0 1
    outer loop
      vertex -9.1736 -0.662623 1
      vertex -11.8521 -0.808242 1
      vertex -9.07735 -0.867156 1
    endloop
  endfacet
  facet normal 0 0 1
    outer loop
      vertex -11.9782 -1.1964 1
      vertex -9.07735 -0.867156 1
      vertex -11.8521 -0.808242 1
    endloop
  endfacet
  facet normal 0 0 1
    outer loop
      vertex -9.07735 -0.867156 1
      vertex -11.9782 -1.1964 1
      vertex -8.95623 -1.05801 1
    endloop
  endfacet
  facet normal 0 0 1
    outer loop
      vertex -12.152 -1.5657 1
      vertex -8.95623 -1.05801 1
      vertex -11.9782 -1.1964 1
    endloop
  endfacet
  facet normal 0 0 1
    outer loop
      vertex -8.95623 -1.05801 1
      vertex -12.152 -1.5657 1
      vertex -8.81214 -1.23218 1
    endloop
  endfacet
  facet normal 0 0 1
    outer loop
      vertex -12.3707 -1.9103 1
      vertex -8.81214 -1.23218 1
      vertex -12.152 -1.5657 1
    endloop
  endfacet
  facet normal 0 0 1
    outer loop
      vertex -8.81214 -1.23218 1
      vertex -12.3707 -1.9103 1
      vertex -8.64736 -1.38692 1
    endloop
  endfacet
  facet normal 0 0 1
    outer loop
      vertex -8.64736 -1.38692 1
      vertex -12.3707 -1.9103 1
      vertex -8.46449 -1.51979 1
    endloop
  endfacet
  facet normal 0 0 1
    outer loop
      vertex -12.6309 -2.22478 1
      vertex -8.46449 -1.51979 1
      vertex -12.3707 -1.9103 1
    endloop
  endfacet
  facet normal 0 0 1
    outer loop
      vertex -8.46449 -1.51979 1
      vertex -12.6309 -2.22478 1
      vertex -8.2664 -1.62869 1
    endloop
  endfacet
  facet normal 0 0 1
    outer loop
      vertex -12.9284 -2.50417 1
      vertex -8.2664 -1.62869 1
      vertex -12.6309 -2.22478 1
    endloop
  endfacet
  facet normal 0 0 1
    outer loop
      vertex -8.2664 -1.62869 1
      vertex -12.9284 -2.50417 1
      vertex -8.05623 -1.7119 1
    endloop
  endfacet
  facet normal 0 0 1
    outer loop
      vertex -13.2586 -2.74407 1
      vertex -8.05623 -1.7119 1
      vertex -12.9284 -2.50417 1
    endloop
  endfacet
  facet normal 0 0 1
    outer loop
      vertex -8.05623 -1.7119 1
      vertex -13.2586 -2.74407 1
      vertex -7.83729 -1.76812 1
    endloop
  endfacet
  facet normal 0 0 1
    outer loop
      vertex -7.83729 -1.76812 1
      vertex -13.2586 -2.74407 1
      vertex -17.314 -6.99013 1
    endloop
  endfacet
  facet normal 0 0 1
    outer loop
      vertex -17.314 -6.99013 1
      vertex -13.2586 -2.74407 1
      vertex -13.6162 -2.94069 1
    endloop
  endfacet
  facet normal 0 0 1
    outer loop
      vertex -17.314 -6.99013 1
      vertex -13.6162 -2.94069 1
      vertex -13.9957 -3.09093 1
    endloop
  endfacet
  facet normal 0 0 1
    outer loop
      vertex -17.314 -6.99013 1
      vertex -13.9957 -3.09093 1
      vertex -14.391 -3.19243 1
    endloop
  endfacet
  facet normal 0 0 1
    outer loop
      vertex -17.314 -6.99013 1
      vertex -14.391 -3.19243 1
      vertex -14.7959 -3.24359 1
    endloop
  endfacet
  facet normal 0 0 1
    outer loop
      vertex -17.314 -6.99013 1
      vertex -14.7959 -3.24359 1
      vertex -15.2041 -3.24359 1
    endloop
  endfacet
  facet normal 0 0 1
    outer loop
      vertex -0.204069 -3.24359 1
      vertex -17.314 -6.99013 1
      vertex 17.314 -6.99013 1
    endloop
  endfacet
  facet normal 0 0 1
    outer loop
      vertex -15.609 -3.19243 1
      vertex -17.314 -6.99013 1
      vertex -15.2041 -3.24359 1
    endloop
  endfacet
  facet normal 0 0 1
    outer loop
      vertex -16.0043 -3.09093 1
      vertex -17.314 -6.99013 1
      vertex -15.609 -3.19243 1
    endloop
  endfacet
  facet normal 0 0 1
    outer loop
      vertex -16.3838 -2.94069 1
      vertex -17.314 -6.99013 1
      vertex -16.0043 -3.09093 1
    endloop
  endfacet
  facet normal 0 0 1
    outer loop
      vertex -17.9369 -6.91144 1
      vertex -16.3838 -2.94069 1
      vertex -16.7414 -2.74407 1
    endloop
  endfacet
  facet normal 0 0 1
    outer loop
      vertex -19.1289 -6.52413 1
      vertex -16.7414 -2.74407 1
      vertex -17.0716 -2.50417 1
    endloop
  endfacet
  facet normal 0 0 1
    outer loop
      vertex -20.1871 -5.85257 1
      vertex -17.0716 -2.50417 1
      vertex -17.3691 -2.22478 1
    endloop
  endfacet
  facet normal 0 0 1
    outer loop
      vertex -21.0451 -4.93893 1
      vertex -17.3691 -2.22478 1
      vertex -17.6293 -1.9103 1
    endloop
  endfacet
  facet normal 0 0 1
    outer loop
      vertex -21.6489 -3.84062 1
      vertex -17.6293 -1.9103 1
      vertex -17.848 -1.5657 1
    endloop
  endfacet
  facet normal 0 0 1
    outer loop
      vertex -16.3838 -2.94069 1
      vertex -17.9369 -6.91144 1
      vertex -17.314 -6.99013 1
    endloop
  endfacet
  facet normal 0 0 1
    outer loop
      vertex -21.9606 -2.62667 1
      vertex -17.848 -1.5657 1
      vertex -18.0218 -1.1964 1
    endloop
  endfacet
  facet normal 0 0 1
    outer loop
      vertex -22 -2 1
      vertex -18.0218 -1.1964 1
      vertex -18.1479 -0.808242 1
    endloop
  endfacet
  facet normal 0 0 1
    outer loop
      vertex -22 -2 1
      vertex -18.1479 -0.808242 1
      vertex -18.2244 -0.407332 1
    endloop
  endfacet
  facet normal 0 0 1
    outer loop
      vertex -22 -2 1
      vertex -18.2244 -0.407332 1
      vertex -18.25 0 1
    endloop
  endfacet
  facet normal 0 0 1
    outer loop
      vertex -16.7414 -2.74407 1
      vertex -18.5451 -6.75528 1
      vertex -17.9369 -6.91144 1
    endloop
  endfacet
  facet normal -0 0 1
    outer loop
      vertex -21.3815 4.40877 1
      vertex -17.6293 1.9103 1
      vertex -21.0451 4.93893 1
    endloop
  endfacet
  facet normal -0 0 1
    outer loop
      vertex -21.6489 3.84062 1
      vertex -17.6293 1.9103 1
      vertex -21.3815 4.40877 1
    endloop
  endfacet
  facet normal 0 0 1
    outer loop
      vertex -22 -2 1
      vertex -18.25 0 1
      vertex -22 2 1
    endloop
  endfacet
  facet normal 0 0 1
    outer loop
      vertex -17.6293 1.9103 1
      vertex -21.6489 3.84062 1
      vertex -17.848 1.5657 1
    endloop
  endfacet
  facet normal 0 0 1
    outer loop
      vertex -18.0218 -1.1964 1
      vertex -22 -2 1
      vertex -21.9606 -2.62667 1
    endloop
  endfacet
  facet normal -0 0 1
    outer loop
      vertex -21.8429 3.24345 1
      vertex -17.848 1.5657 1
      vertex -21.6489 3.84062 1
    endloop
  endfacet
  facet normal 0 0 1
    outer loop
      vertex -16.7414 -2.74407 1
      vertex -19.1289 -6.52413 1
      vertex -18.5451 -6.75528 1
    endloop
  endfacet
  facet normal -0 0 1
    outer loop
      vertex -21.9606 2.62667 1
      vertex -17.848 1.5657 1
      vertex -21.8429 3.24345 1
    endloop
  endfacet
  facet normal 0 0 1
    outer loop
      vertex -17.0716 -2.50417 1
      vertex -19.6791 -6.22164 1
      vertex -19.1289 -6.52413 1
    endloop
  endfacet
  facet normal 0 0 1
    outer loop
      vertex -17.848 1.5657 1
      vertex -21.9606 2.62667 1
      vertex -18.0218 1.1964 1
    endloop
  endfacet
  facet normal 0 0 1
    outer loop
      vertex -17.0716 -2.50417 1
      vertex -20.1871 -5.85257 1
      vertex -19.6791 -6.22164 1
    endloop
  endfacet
  facet normal -0 0 1
    outer loop
      vertex -22 2 1
      vertex -18.0218 1.1964 1
      vertex -21.9606 2.62667 1
    endloop
  endfacet
  facet normal 0 0 1
    outer loop
      vertex -17.3691 -2.22478 1
      vertex -20.6448 -5.42274 1
      vertex -20.1871 -5.85257 1
    endloop
  endfacet
  facet normal 0 0 1
    outer loop
      vertex -18.0218 1.1964 1
      vertex -22 2 1
      vertex -18.1479 0.808242 1
    endloop
  endfacet
  facet normal 0 0 1
    outer loop
      vertex -17.3691 -2.22478 1
      vertex -21.0451 -4.93893 1
      vertex -20.6448 -5.42274 1
    endloop
  endfacet
  facet normal 0 0 1
    outer loop
      vertex -18.1479 0.808242 1
      vertex -22 2 1
      vertex -18.2244 0.407332 1
    endloop
  endfacet
  facet normal 0 0 1
    outer loop
      vertex -17.6293 -1.9103 1
      vertex -21.3815 -4.40877 1
      vertex -21.0451 -4.93893 1
    endloop
  endfacet
  facet normal 0 0 1
    outer loop
      vertex -18.2244 0.407332 1
      vertex -22 2 1
      vertex -18.25 0 1
    endloop
  endfacet
  facet normal 0 0 1
    outer loop
      vertex -17.6293 -1.9103 1
      vertex -21.6489 -3.84062 1
      vertex -21.3815 -4.40877 1
    endloop
  endfacet
  facet normal 0 0 1
    outer loop
      vertex -17.848 -1.5657 1
      vertex -21.8429 -3.24345 1
      vertex -21.6489 -3.84062 1
    endloop
  endfacet
  facet normal 0 0 1
    outer loop
      vertex -17.848 -1.5657 1
      vertex -21.9606 -2.62667 1
      vertex -21.8429 -3.24345 1
    endloop
  endfacet
  facet normal 0.998029 -0.0627481 0
    outer loop
      vertex 21.9606 -2.62667 1
      vertex 22 -2 0
      vertex 22 -2 1
    endloop
  endfacet
  facet normal 0.998029 -0.0627481 0
    outer loop
      vertex 22 -2 0
      vertex 21.9606 -2.62667 1
      vertex 21.9606 -2.62667 0
    endloop
  endfacet
  facet normal 0 1 -0
    outer loop
      vertex -2.32073 6.99013 0
      vertex -17.314 6.99013 1
      vertex -2.32073 6.99013 1
    endloop
  endfacet
  facet normal 0 1 0
    outer loop
      vertex -17.314 6.99013 1
      vertex -2.32073 6.99013 0
      vertex -17.314 6.99013 0
    endloop
  endfacet
  facet normal 0 1 -0
    outer loop
      vertex 17.314 6.99013 0
      vertex 1.40693 6.99013 1
      vertex 17.314 6.99013 1
    endloop
  endfacet
  facet normal 0 1 0
    outer loop
      vertex 1.40693 6.99013 1
      vertex 17.314 6.99013 0
      vertex 1.40693 6.99013 0
    endloop
  endfacet
  facet normal 0.125332 0.992115 -0
    outer loop
      vertex 17.9369 6.91144 0
      vertex 17.314 6.99013 1
      vertex 17.9369 6.91144 1
    endloop
  endfacet
  facet normal 0.125332 0.992115 0
    outer loop
      vertex 17.314 6.99013 1
      vertex 17.9369 6.91144 0
      vertex 17.314 6.99013 0
    endloop
  endfacet
  facet normal 0 -1 0
    outer loop
      vertex -17.314 -6.99013 0
      vertex 17.314 -6.99013 1
      vertex -17.314 -6.99013 1
    endloop
  endfacet
  facet normal 0 -1 -0
    outer loop
      vertex 17.314 -6.99013 1
      vertex -17.314 -6.99013 0
      vertex 17.314 -6.99013 0
    endloop
  endfacet
  facet normal -0.125332 0.992115 0
    outer loop
      vertex -17.314 6.99013 0
      vertex -17.9369 6.91144 1
      vertex -17.314 6.99013 1
    endloop
  endfacet
  facet normal -0.125332 0.992115 0
    outer loop
      vertex -17.9369 6.91144 1
      vertex -17.314 6.99013 0
      vertex -17.9369 6.91144 0
    endloop
  endfacet
  facet normal -0.125332 -0.992115 0
    outer loop
      vertex -17.9369 -6.91144 0
      vertex -17.314 -6.99013 1
      vertex -17.9369 -6.91144 1
    endloop
  endfacet
  facet normal -0.125332 -0.992115 -0
    outer loop
      vertex -17.314 -6.99013 1
      vertex -17.9369 -6.91144 0
      vertex -17.314 -6.99013 0
    endloop
  endfacet
  facet normal 0.770468 -0.637478 0
    outer loop
      vertex 20.6448 -5.42274 1
      vertex 21.0451 -4.93893 0
      vertex 21.0451 -4.93893 1
    endloop
  endfacet
  facet normal 0.770468 -0.637478 0
    outer loop
      vertex 21.0451 -4.93893 0
      vertex 20.6448 -5.42274 1
      vertex 20.6448 -5.42274 0
    endloop
  endfacet
  facet normal 1 -0 0
    outer loop
      vertex 22 -2 1
      vertex 22 2 0
      vertex 22 2 1
    endloop
  endfacet
  facet normal 1 0 0
    outer loop
      vertex 22 2 0
      vertex 22 -2 1
      vertex 22 -2 0
    endloop
  endfacet
  facet normal -0.481772 0.876297 0
    outer loop
      vertex -19.1289 6.52413 0
      vertex -19.6791 6.22164 1
      vertex -19.1289 6.52413 1
    endloop
  endfacet
  facet normal -0.481772 0.876297 0
    outer loop
      vertex -19.6791 6.22164 1
      vertex -19.1289 6.52413 0
      vertex -19.6791 6.22164 0
    endloop
  endfacet
  facet normal -0.770468 0.637478 0
    outer loop
      vertex -21.0451 4.93893 0
      vertex -20.6448 5.42274 1
      vertex -20.6448 5.42274 0
    endloop
  endfacet
  facet normal -0.770468 0.637478 0
    outer loop
      vertex -20.6448 5.42274 1
      vertex -21.0451 4.93893 0
      vertex -21.0451 4.93893 1
    endloop
  endfacet
  facet normal 0.998029 0.0627481 0
    outer loop
      vertex 22 2 1
      vertex 21.9606 2.62667 0
      vertex 21.9606 2.62667 1
    endloop
  endfacet
  facet normal 0.998029 0.0627481 0
    outer loop
      vertex 21.9606 2.62667 0
      vertex 22 2 1
      vertex 22 2 0
    endloop
  endfacet
  facet normal 0.587771 0.809027 -0
    outer loop
      vertex 20.1871 5.85257 0
      vertex 19.6791 6.22164 1
      vertex 20.1871 5.85257 1
    endloop
  endfacet
  facet normal 0.587771 0.809027 0
    outer loop
      vertex 19.6791 6.22164 1
      vertex 20.1871 5.85257 0
      vertex 19.6791 6.22164 0
    endloop
  endfacet
  facet normal -0.248691 -0.968583 0
    outer loop
      vertex -18.5451 -6.75528 0
      vertex -17.9369 -6.91144 1
      vertex -18.5451 -6.75528 1
    endloop
  endfacet
  facet normal -0.248691 -0.968583 -0
    outer loop
      vertex -17.9369 -6.91144 1
      vertex -18.5451 -6.75528 0
      vertex -17.9369 -6.91144 0
    endloop
  endfacet
  facet normal 0.904797 -0.425843 0
    outer loop
      vertex 21.3815 -4.40877 1
      vertex 21.6489 -3.84062 0
      vertex 21.6489 -3.84062 1
    endloop
  endfacet
  facet normal 0.904797 -0.425843 0
    outer loop
      vertex 21.6489 -3.84062 0
      vertex 21.3815 -4.40877 1
      vertex 21.3815 -4.40877 0
    endloop
  endfacet
  facet normal -0.951072 0.30897 0
    outer loop
      vertex -21.8429 3.24345 0
      vertex -21.6489 3.84062 1
      vertex -21.6489 3.84062 0
    endloop
  endfacet
  facet normal -0.951072 0.30897 0
    outer loop
      vertex -21.6489 3.84062 1
      vertex -21.8429 3.24345 0
      vertex -21.8429 3.24345 1
    endloop
  endfacet
  facet normal -0.844364 0.53577 0
    outer loop
      vertex -21.3815 4.40877 0
      vertex -21.0451 4.93893 1
      vertex -21.0451 4.93893 0
    endloop
  endfacet
  facet normal -0.844364 0.53577 0
    outer loop
      vertex -21.0451 4.93893 1
      vertex -21.3815 4.40877 0
      vertex -21.3815 4.40877 1
    endloop
  endfacet
  facet normal -0.368135 0.929773 0
    outer loop
      vertex -18.5451 6.75528 0
      vertex -19.1289 6.52413 1
      vertex -18.5451 6.75528 1
    endloop
  endfacet
  facet normal -0.368135 0.929773 0
    outer loop
      vertex -19.1289 6.52413 1
      vertex -18.5451 6.75528 0
      vertex -19.1289 6.52413 0
    endloop
  endfacet
  facet normal -0.248691 0.968583 0
    outer loop
      vertex -17.9369 6.91144 0
      vertex -18.5451 6.75528 1
      vertex -17.9369 6.91144 1
    endloop
  endfacet
  facet normal -0.248691 0.968583 0
    outer loop
      vertex -18.5451 6.75528 1
      vertex -17.9369 6.91144 0
      vertex -18.5451 6.75528 0
    endloop
  endfacet
  facet normal 0.248691 0.968583 -0
    outer loop
      vertex 18.5451 6.75528 0
      vertex 17.9369 6.91144 1
      vertex 18.5451 6.75528 1
    endloop
  endfacet
  facet normal 0.248691 0.968583 0
    outer loop
      vertex 17.9369 6.91144 1
      vertex 18.5451 6.75528 0
      vertex 17.9369 6.91144 0
    endloop
  endfacet
  facet normal 0.982275 0.187447 0
    outer loop
      vertex 21.9606 2.62667 1
      vertex 21.8429 3.24345 0
      vertex 21.8429 3.24345 1
    endloop
  endfacet
  facet normal 0.982275 0.187447 0
    outer loop
      vertex 21.8429 3.24345 0
      vertex 21.9606 2.62667 1
      vertex 21.9606 2.62667 0
    endloop
  endfacet
  facet normal 0.904797 0.425843 0
    outer loop
      vertex 21.6489 3.84062 1
      vertex 21.3815 4.40877 0
      vertex 21.3815 4.40877 1
    endloop
  endfacet
  facet normal 0.904797 0.425843 0
    outer loop
      vertex 21.3815 4.40877 0
      vertex 21.6489 3.84062 1
      vertex 21.6489 3.84062 0
    endloop
  endfacet
  facet normal 0.770468 0.637478 0
    outer loop
      vertex 21.0451 4.93893 1
      vertex 20.6448 5.42274 0
      vertex 20.6448 5.42274 1
    endloop
  endfacet
  facet normal 0.770468 0.637478 0
    outer loop
      vertex 20.6448 5.42274 0
      vertex 21.0451 4.93893 1
      vertex 21.0451 4.93893 0
    endloop
  endfacet
  facet normal 0.844364 0.53577 0
    outer loop
      vertex 21.3815 4.40877 1
      vertex 21.0451 4.93893 0
      vertex 21.0451 4.93893 1
    endloop
  endfacet
  facet normal 0.844364 0.53577 0
    outer loop
      vertex 21.0451 4.93893 0
      vertex 21.3815 4.40877 1
      vertex 21.3815 4.40877 0
    endloop
  endfacet
  facet normal 0.684565 0.728952 -0
    outer loop
      vertex 20.6448 5.42274 0
      vertex 20.1871 5.85257 1
      vertex 20.6448 5.42274 1
    endloop
  endfacet
  facet normal 0.684565 0.728952 0
    outer loop
      vertex 20.1871 5.85257 1
      vertex 20.6448 5.42274 0
      vertex 20.1871 5.85257 0
    endloop
  endfacet
  facet normal 0 0 -1
    outer loop
      vertex 18.0218 -1.1964 0
      vertex 22 -2 0
      vertex 21.9606 -2.62667 0
    endloop
  endfacet
  facet normal 0 0 -1
    outer loop
      vertex 22 -2 0
      vertex 18.25 0 0
      vertex 22 2 0
    endloop
  endfacet
  facet normal 0 0 -1
    outer loop
      vertex 17.848 -1.5657 0
      vertex 21.9606 -2.62667 0
      vertex 21.8429 -3.24345 0
    endloop
  endfacet
  facet normal 0 0 -1
    outer loop
      vertex 18.2244 0.407332 0
      vertex 22 2 0
      vertex 18.25 0 0
    endloop
  endfacet
  facet normal 0 0 -1
    outer loop
      vertex 17.848 -1.5657 0
      vertex 21.8429 -3.24345 0
      vertex 21.6489 -3.84062 0
    endloop
  endfacet
  facet normal 0 0 -1
    outer loop
      vertex 18.1479 0.808242 0
      vertex 22 2 0
      vertex 18.2244 0.407332 0
    endloop
  endfacet
  facet normal 0 0 -1
    outer loop
      vertex 17.6293 -1.9103 0
      vertex 21.6489 -3.84062 0
      vertex 21.3815 -4.40877 0
    endloop
  endfacet
  facet normal 0 0 -1
    outer loop
      vertex 18.0218 1.1964 0
      vertex 22 2 0
      vertex 18.1479 0.808242 0
    endloop
  endfacet
  facet normal 0 0 -1
    outer loop
      vertex 17.6293 -1.9103 0
      vertex 21.3815 -4.40877 0
      vertex 21.0451 -4.93893 0
    endloop
  endfacet
  facet normal -0 0 -1
    outer loop
      vertex 22 2 0
      vertex 18.0218 1.1964 0
      vertex 21.9606 2.62667 0
    endloop
  endfacet
  facet normal 0 0 -1
    outer loop
      vertex 17.3691 -2.22478 0
      vertex 21.0451 -4.93893 0
      vertex 20.6448 -5.42274 0
    endloop
  endfacet
  facet normal 0 0 -1
    outer loop
      vertex 17.848 1.5657 0
      vertex 21.9606 2.62667 0
      vertex 18.0218 1.1964 0
    endloop
  endfacet
  facet normal 0 0 -1
    outer loop
      vertex 17.3691 -2.22478 0
      vertex 20.6448 -5.42274 0
      vertex 20.1871 -5.85257 0
    endloop
  endfacet
  facet normal -0 0 -1
    outer loop
      vertex 21.9606 2.62667 0
      vertex 17.848 1.5657 0
      vertex 21.8429 3.24345 0
    endloop
  endfacet
  facet normal 0 0 -1
    outer loop
      vertex 17.0716 -2.50417 0
      vertex 20.1871 -5.85257 0
      vertex 19.6791 -6.22164 0
    endloop
  endfacet
  facet normal -0 0 -1
    outer loop
      vertex 21.8429 3.24345 0
      vertex 17.848 1.5657 0
      vertex 21.6489 3.84062 0
    endloop
  endfacet
  facet normal 0 0 -1
    outer loop
      vertex 17.0716 -2.50417 0
      vertex 19.6791 -6.22164 0
      vertex 19.1289 -6.52413 0
    endloop
  endfacet
  facet normal 0 0 -1
    outer loop
      vertex 17.6293 1.9103 0
      vertex 21.6489 3.84062 0
      vertex 17.848 1.5657 0
    endloop
  endfacet
  facet normal 0 0 -1
    outer loop
      vertex 16.7414 -2.74407 0
      vertex 19.1289 -6.52413 0
      vertex 18.5451 -6.75528 0
    endloop
  endfacet
  facet normal -0 0 -1
    outer loop
      vertex 21.6489 3.84062 0
      vertex 17.6293 1.9103 0
      vertex 21.3815 4.40877 0
    endloop
  endfacet
  facet normal -0 0 -1
    outer loop
      vertex 21.3815 4.40877 0
      vertex 17.6293 1.9103 0
      vertex 21.0451 4.93893 0
    endloop
  endfacet
  facet normal 0 0 -1
    outer loop
      vertex 22 -2 0
      vertex 18.2244 -0.407332 0
      vertex 18.25 0 0
    endloop
  endfacet
  facet normal 0 0 -1
    outer loop
      vertex 22 -2 0
      vertex 18.1479 -0.808242 0
      vertex 18.2244 -0.407332 0
    endloop
  endfacet
  facet normal 0 0 -1
    outer loop
      vertex 22 -2 0
      vertex 18.0218 -1.1964 0
      vertex 18.1479 -0.808242 0
    endloop
  endfacet
  facet normal 0 0 -1
    outer loop
      vertex 16.7414 -2.74407 0
      vertex 18.5451 -6.75528 0
      vertex 17.9369 -6.91144 0
    endloop
  endfacet
  facet normal 0 0 -1
    outer loop
      vertex 21.9606 -2.62667 0
      vertex 17.848 -1.5657 0
      vertex 18.0218 -1.1964 0
    endloop
  endfacet
  facet normal 0 0 -1
    outer loop
      vertex 21.6489 -3.84062 0
      vertex 17.6293 -1.9103 0
      vertex 17.848 -1.5657 0
    endloop
  endfacet
  facet normal 0 0 -1
    outer loop
      vertex 21.0451 -4.93893 0
      vertex 17.3691 -2.22478 0
      vertex 17.6293 -1.9103 0
    endloop
  endfacet
  facet normal 0 0 -1
    outer loop
      vertex 16.3838 -2.94069 0
      vertex 17.9369 -6.91144 0
      vertex 17.314 -6.99013 0
    endloop
  endfacet
  facet normal 0 0 -1
    outer loop
      vertex 20.1871 -5.85257 0
      vertex 17.0716 -2.50417 0
      vertex 17.3691 -2.22478 0
    endloop
  endfacet
  facet normal 0 0 -1
    outer loop
      vertex 19.1289 -6.52413 0
      vertex 16.7414 -2.74407 0
      vertex 17.0716 -2.50417 0
    endloop
  endfacet
  facet normal 0 0 -1
    outer loop
      vertex 17.9369 -6.91144 0
      vertex 16.3838 -2.94069 0
      vertex 16.7414 -2.74407 0
    endloop
  endfacet
  facet normal 0 0 -1
    outer loop
      vertex 17.314 -6.99013 0
      vertex 16.0043 -3.09093 0
      vertex 16.3838 -2.94069 0
    endloop
  endfacet
  facet normal 0 0 -1
    outer loop
      vertex 17.314 -6.99013 0
      vertex 15.609 -3.19243 0
      vertex 16.0043 -3.09093 0
    endloop
  endfacet
  facet normal 0 0 -1
    outer loop
      vertex 17.314 -6.99013 0
      vertex 15.2041 -3.24359 0
      vertex 15.609 -3.19243 0
    endloop
  endfacet
  facet normal 0 0 -1
    outer loop
      vertex 17.314 -6.99013 0
      vertex 14.7959 -3.24359 0
      vertex 15.2041 -3.24359 0
    endloop
  endfacet
  facet normal 0 0 -1
    outer loop
      vertex 17.314 -6.99013 0
      vertex 14.391 -3.19243 0
      vertex 14.7959 -3.24359 0
    endloop
  endfacet
  facet normal 0 0 -1
    outer loop
      vertex 17.314 -6.99013 0
      vertex 13.9957 -3.09093 0
      vertex 14.391 -3.19243 0
    endloop
  endfacet
  facet normal 0 0 -1
    outer loop
      vertex 17.314 -6.99013 0
      vertex 13.6162 -2.94069 0
      vertex 13.9957 -3.09093 0
    endloop
  endfacet
  facet normal 0 0 -1
    outer loop
      vertex 17.314 -6.99013 0
      vertex 13.2586 -2.74407 0
      vertex 13.6162 -2.94069 0
    endloop
  endfacet
  facet normal 0 0 -1
    outer loop
      vertex 7.83729 -1.76812 0
      vertex 13.2586 -2.74407 0
      vertex 17.314 -6.99013 0
    endloop
  endfacet
  facet normal 0 -0 -1
    outer loop
      vertex 8.05623 -1.7119 0
      vertex 13.2586 -2.74407 0
      vertex 7.83729 -1.76812 0
    endloop
  endfacet
  facet normal 0 0 -1
    outer loop
      vertex 9.28581 -0.225599 0
      vertex 11.75 0 0
      vertex 11.7756 -0.407332 0
    endloop
  endfacet
  facet normal 0 0 -1
    outer loop
      vertex 9.24345 -0.447641 0
      vertex 11.7756 -0.407332 0
      vertex 11.8521 -0.808242 0
    endloop
  endfacet
  facet normal 0 0 -1
    outer loop
      vertex 9.07735 -0.867156 0
      vertex 11.8521 -0.808242 0
      vertex 11.9782 -1.1964 0
    endloop
  endfacet
  facet normal 0 0 -1
    outer loop
      vertex 8.95623 -1.05801 0
      vertex 11.9782 -1.1964 0
      vertex 12.152 -1.5657 0
    endloop
  endfacet
  facet normal 0 0 -1
    outer loop
      vertex 8.81214 -1.23218 0
      vertex 12.152 -1.5657 0
      vertex 12.3707 -1.9103 0
    endloop
  endfacet
  facet normal 0 0 -1
    outer loop
      vertex 8.46449 -1.51979 0
      vertex 12.3707 -1.9103 0
      vertex 12.6309 -2.22478 0
    endloop
  endfacet
  facet normal 0 0 -1
    outer loop
      vertex 13.2586 -2.74407 0
      vertex 8.05623 -1.7119 0
      vertex 12.9284 -2.50417 0
    endloop
  endfacet
  facet normal -0 0 -1
    outer loop
      vertex 11.75 0 0
      vertex 9.28581 -0.225599 0
      vertex 9.3 0 0
    endloop
  endfacet
  facet normal -0 0 -1
    outer loop
      vertex 11.7756 -0.407332 0
      vertex 9.24345 -0.447641 0
      vertex 9.28581 -0.225599 0
    endloop
  endfacet
  facet normal 0 0 -1
    outer loop
      vertex 11.8521 -0.808242 0
      vertex 9.1736 -0.662623 0
      vertex 9.24345 -0.447641 0
    endloop
  endfacet
  facet normal -0 0 -1
    outer loop
      vertex 11.8521 -0.808242 0
      vertex 9.07735 -0.867156 0
      vertex 9.1736 -0.662623 0
    endloop
  endfacet
  facet normal 0 0 -1
    outer loop
      vertex 11.9782 -1.1964 0
      vertex 8.95623 -1.05801 0
      vertex 9.07735 -0.867156 0
    endloop
  endfacet
  facet normal 0 0 -1
    outer loop
      vertex 12.152 -1.5657 0
      vertex 8.81214 -1.23218 0
      vertex 8.95623 -1.05801 0
    endloop
  endfacet
  facet normal 0 0 -1
    outer loop
      vertex 12.3707 -1.9103 0
      vertex 8.64736 -1.38692 0
      vertex 8.81214 -1.23218 0
    endloop
  endfacet
  facet normal 0 0 -1
    outer loop
      vertex 12.3707 -1.9103 0
      vertex 8.46449 -1.51979 0
      vertex 8.64736 -1.38692 0
    endloop
  endfacet
  facet normal 0 0 -1
    outer loop
      vertex 12.6309 -2.22478 0
      vertex 8.2664 -1.62869 0
      vertex 8.46449 -1.51979 0
    endloop
  endfacet
  facet normal 0 0 -1
    outer loop
      vertex 12.9284 -2.50417 0
      vertex 8.2664 -1.62869 0
      vertex 12.6309 -2.22478 0
    endloop
  endfacet
  facet normal 0 -0 -1
    outer loop
      vertex 8.2664 -1.62869 0
      vertex 12.9284 -2.50417 0
      vertex 8.05623 -1.7119 0
    endloop
  endfacet
  facet normal 0 0 -1
    outer loop
      vertex 17.314 -6.99013 0
      vertex 7.61302 -1.79645 0
      vertex 7.83729 -1.76812 0
    endloop
  endfacet
  facet normal 0 0 -1
    outer loop
      vertex 17.314 -6.99013 0
      vertex 7.38698 -1.79645 0
      vertex 7.61302 -1.79645 0
    endloop
  endfacet
  facet normal 0 0 -1
    outer loop
      vertex 1.38378 -2.94069 0
      vertex 7.38698 -1.79645 0
      vertex 17.314 -6.99013 0
    endloop
  endfacet
  facet normal -0 0 -1
    outer loop
      vertex 7.38698 -1.79645 0
      vertex 1.38378 -2.94069 0
      vertex 7.16271 -1.76812 0
    endloop
  endfacet
  facet normal 0 -0 -1
    outer loop
      vertex 1.74144 -2.74407 0
      vertex 7.16271 -1.76812 0
      vertex 1.38378 -2.94069 0
    endloop
  endfacet
  facet normal 0 0 -1
    outer loop
      vertex 5.71419 -0.225599 0
      vertex 3.25 0 0
      vertex 5.7 0 0
    endloop
  endfacet
  facet normal 0 0 -1
    outer loop
      vertex 3.22437 -0.407332 0
      vertex 5.71419 -0.225599 0
      vertex 5.75655 -0.447641 0
    endloop
  endfacet
  facet normal 0 0 -1
    outer loop
      vertex 3.14789 -0.808242 0
      vertex 5.75655 -0.447641 0
      vertex 5.8264 -0.662623 0
    endloop
  endfacet
  facet normal 0 0 -1
    outer loop
      vertex 3.14789 -0.808242 0
      vertex 5.8264 -0.662623 0
      vertex 5.92265 -0.867156 0
    endloop
  endfacet
  facet normal 0 0 -1
    outer loop
      vertex 3.02177 -1.1964 0
      vertex 5.92265 -0.867156 0
      vertex 6.04377 -1.05801 0
    endloop
  endfacet
  facet normal 0 0 -1
    outer loop
      vertex 2.848 -1.5657 0
      vertex 6.04377 -1.05801 0
      vertex 6.18786 -1.23218 0
    endloop
  endfacet
  facet normal 0 0 -1
    outer loop
      vertex 2.6293 -1.9103 0
      vertex 6.18786 -1.23218 0
      vertex 6.35264 -1.38692 0
    endloop
  endfacet
  facet normal 0 0 -1
    outer loop
      vertex 2.6293 -1.9103 0
      vertex 6.35264 -1.38692 0
      vertex 6.53551 -1.51979 0
    endloop
  endfacet
  facet normal 0 0 -1
    outer loop
      vertex 2.36915 -2.22478 0
      vertex 6.53551 -1.51979 0
      vertex 6.7336 -1.62869 0
    endloop
  endfacet
  facet normal -0 0 -1
    outer loop
      vertex 7.16271 -1.76812 0
      vertex 1.74144 -2.74407 0
      vertex 6.94377 -1.7119 0
    endloop
  endfacet
  facet normal -0 0 -1
    outer loop
      vertex 5.71419 -0.225599 0
      vertex 3.22437 -0.407332 0
      vertex 3.25 0 0
    endloop
  endfacet
  facet normal -0 0 -1
    outer loop
      vertex 5.75655 -0.447641 0
      vertex 3.14789 -0.808242 0
      vertex 3.22437 -0.407332 0
    endloop
  endfacet
  facet normal -0 0 -1
    outer loop
      vertex 5.92265 -0.867156 0
      vertex 3.02177 -1.1964 0
      vertex 3.14789 -0.808242 0
    endloop
  endfacet
  facet normal 0 0 -1
    outer loop
      vertex 6.04377 -1.05801 0
      vertex 2.848 -1.5657 0
      vertex 3.02177 -1.1964 0
    endloop
  endfacet
  facet normal 0 0 -1
    outer loop
      vertex 6.18786 -1.23218 0
      vertex 2.6293 -1.9103 0
      vertex 2.848 -1.5657 0
    endloop
  endfacet
  facet normal 0 0 -1
    outer loop
      vertex 6.53551 -1.51979 0
      vertex 2.36915 -2.22478 0
      vertex 2.6293 -1.9103 0
    endloop
  endfacet
  facet normal 0 0 -1
    outer loop
      vertex 6.7336 -1.62869 0
      vertex 2.07163 -2.50417 0
      vertex 2.36915 -2.22478 0
    endloop
  endfacet
  facet normal -0 0 -1
    outer loop
      vertex 6.94377 -1.7119 0
      vertex 2.07163 -2.50417 0
      vertex 6.7336 -1.62869 0
    endloop
  endfacet
  facet normal 0 -0 -1
    outer loop
      vertex 2.07163 -2.50417 0
      vertex 6.94377 -1.7119 0
      vertex 1.74144 -2.74407 0
    endloop
  endfacet
  facet normal 0 0 -1
    outer loop
      vertex 17.314 -6.99013 0
      vertex 1.0043 -3.09093 0
      vertex 1.38378 -2.94069 0
    endloop
  endfacet
  facet normal 0 0 -1
    outer loop
      vertex 17.314 -6.99013 0
      vertex 0.608989 -3.19243 0
      vertex 1.0043 -3.09093 0
    endloop
  endfacet
  facet normal 0 0 -1
    outer loop
      vertex 17.314 -6.99013 0
      vertex 0.204069 -3.24359 0
      vertex 0.608989 -3.19243 0
    endloop
  endfacet
  facet normal 0 0 -1
    outer loop
      vertex 17.314 -6.99013 0
      vertex -0.204069 -3.24359 0
      vertex 0.204069 -3.24359 0
    endloop
  endfacet
  facet normal 0 0 -1
    outer loop
      vertex -17.314 -6.99013 0
      vertex -0.204069 -3.24359 0
      vertex 17.314 -6.99013 0
    endloop
  endfacet
  facet normal 0 0 -1
    outer loop
      vertex -5.71419 -0.225599 0
      vertex -3.25 0 0
      vertex -3.22437 -0.407332 0
    endloop
  endfacet
  facet normal 0 0 -1
    outer loop
      vertex -5.75655 -0.447641 0
      vertex -3.22437 -0.407332 0
      vertex -3.14789 -0.808242 0
    endloop
  endfacet
  facet normal 0 0 -1
    outer loop
      vertex -5.92265 -0.867156 0
      vertex -3.14789 -0.808242 0
      vertex -3.02177 -1.1964 0
    endloop
  endfacet
  facet normal 0 0 -1
    outer loop
      vertex -6.04377 -1.05801 0
      vertex -3.02177 -1.1964 0
      vertex -2.848 -1.5657 0
    endloop
  endfacet
  facet normal 0 0 -1
    outer loop
      vertex -6.18786 -1.23218 0
      vertex -2.848 -1.5657 0
      vertex -2.6293 -1.9103 0
    endloop
  endfacet
  facet normal 0 0 -1
    outer loop
      vertex -6.53551 -1.51979 0
      vertex -2.6293 -1.9103 0
      vertex -2.36915 -2.22478 0
    endloop
  endfacet
  facet normal 0 0 -1
    outer loop
      vertex -6.7336 -1.62869 0
      vertex -2.36915 -2.22478 0
      vertex -2.07163 -2.50417 0
    endloop
  endfacet
  facet normal 0 0 -1
    outer loop
      vertex -6.94377 -1.7119 0
      vertex -2.07163 -2.50417 0
      vertex -1.74144 -2.74407 0
    endloop
  endfacet
  facet normal -0 0 -1
    outer loop
      vertex -3.25 0 0
      vertex -5.71419 -0.225599 0
      vertex -5.7 0 0
    endloop
  endfacet
  facet normal -0 0 -1
    outer loop
      vertex -3.22437 -0.407332 0
      vertex -5.75655 -0.447641 0
      vertex -5.71419 -0.225599 0
    endloop
  endfacet
  facet normal 0 0 -1
    outer loop
      vertex -3.14789 -0.808242 0
      vertex -5.8264 -0.662623 0
      vertex -5.75655 -0.447641 0
    endloop
  endfacet
  facet normal 0 0 -1
    outer loop
      vertex -7.16271 -1.76812 0
      vertex -1.74144 -2.74407 0
      vertex -1.38378 -2.94069 0
    endloop
  endfacet
  facet normal -0 0 -1
    outer loop
      vertex -3.14789 -0.808242 0
      vertex -5.92265 -0.867156 0
      vertex -5.8264 -0.662623 0
    endloop
  endfacet
  facet normal 0 0 -1
    outer loop
      vertex -3.02177 -1.1964 0
      vertex -6.04377 -1.05801 0
      vertex -5.92265 -0.867156 0
    endloop
  endfacet
  facet normal 0 0 -1
    outer loop
      vertex -2.848 -1.5657 0
      vertex -6.18786 -1.23218 0
      vertex -6.04377 -1.05801 0
    endloop
  endfacet
  facet normal 0 0 -1
    outer loop
      vertex -17.314 -6.99013 0
      vertex -1.38378 -2.94069 0
      vertex -1.0043 -3.09093 0
    endloop
  endfacet
  facet normal 0 0 -1
    outer loop
      vertex -2.6293 -1.9103 0
      vertex -6.35264 -1.38692 0
      vertex -6.18786 -1.23218 0
    endloop
  endfacet
  facet normal 0 0 -1
    outer loop
      vertex -2.6293 -1.9103 0
      vertex -6.53551 -1.51979 0
      vertex -6.35264 -1.38692 0
    endloop
  endfacet
  facet normal 0 0 -1
    outer loop
      vertex -2.36915 -2.22478 0
      vertex -6.7336 -1.62869 0
      vertex -6.53551 -1.51979 0
    endloop
  endfacet
  facet normal 0 0 -1
    outer loop
      vertex -17.314 -6.99013 0
      vertex -1.0043 -3.09093 0
      vertex -0.608989 -3.19243 0
    endloop
  endfacet
  facet normal 0 0 -1
    outer loop
      vertex -2.07163 -2.50417 0
      vertex -6.94377 -1.7119 0
      vertex -6.7336 -1.62869 0
    endloop
  endfacet
  facet normal 0 0 -1
    outer loop
      vertex -1.74144 -2.74407 0
      vertex -7.16271 -1.76812 0
      vertex -6.94377 -1.7119 0
    endloop
  endfacet
  facet normal 0 0 -1
    outer loop
      vertex -1.38378 -2.94069 0
      vertex -7.38698 -1.79645 0
      vertex -7.16271 -1.76812 0
    endloop
  endfacet
  facet normal -0 0 -1
    outer loop
      vertex -0.204069 -3.24359 0
      vertex -17.314 -6.99013 0
      vertex -0.608989 -3.19243 0
    endloop
  endfacet
  facet normal -0 0 -1
    outer loop
      vertex -1.38378 -2.94069 0
      vertex -17.314 -6.99013 0
      vertex -7.38698 -1.79645 0
    endloop
  endfacet
  facet normal -0 0 -1
    outer loop
      vertex -7.38698 -1.79645 0
      vertex -17.314 -6.99013 0
      vertex -7.61302 -1.79645 0
    endloop
  endfacet
  facet normal 0 0 -1
    outer loop
      vertex -9.28581 -0.225599 0
      vertex -11.75 0 0
      vertex -9.3 0 0
    endloop
  endfacet
  facet normal 0 0 -1
    outer loop
      vertex -11.7756 -0.407332 0
      vertex -9.28581 -0.225599 0
      vertex -9.24345 -0.447641 0
    endloop
  endfacet
  facet normal 0 0 -1
    outer loop
      vertex -11.8521 -0.808242 0
      vertex -9.24345 -0.447641 0
      vertex -9.1736 -0.662623 0
    endloop
  endfacet
  facet normal 0 0 -1
    outer loop
      vertex -11.8521 -0.808242 0
      vertex -9.1736 -0.662623 0
      vertex -9.07735 -0.867156 0
    endloop
  endfacet
  facet normal 0 0 -1
    outer loop
      vertex -11.9782 -1.1964 0
      vertex -9.07735 -0.867156 0
      vertex -8.95623 -1.05801 0
    endloop
  endfacet
  facet normal 0 0 -1
    outer loop
      vertex -12.152 -1.5657 0
      vertex -8.95623 -1.05801 0
      vertex -8.81214 -1.23218 0
    endloop
  endfacet
  facet normal 0 0 -1
    outer loop
      vertex -12.3707 -1.9103 0
      vertex -8.81214 -1.23218 0
      vertex -8.64736 -1.38692 0
    endloop
  endfacet
  facet normal 0 0 -1
    outer loop
      vertex -12.3707 -1.9103 0
      vertex -8.64736 -1.38692 0
      vertex -8.46449 -1.51979 0
    endloop
  endfacet
  facet normal 0 0 -1
    outer loop
      vertex -12.6309 -2.22478 0
      vertex -8.46449 -1.51979 0
      vertex -8.2664 -1.62869 0
    endloop
  endfacet
  facet normal -0 0 -1
    outer loop
      vertex -9.28581 -0.225599 0
      vertex -11.7756 -0.407332 0
      vertex -11.75 0 0
    endloop
  endfacet
  facet normal 0 0 -1
    outer loop
      vertex -12.9284 -2.50417 0
      vertex -8.2664 -1.62869 0
      vertex -8.05623 -1.7119 0
    endloop
  endfacet
  facet normal -0 0 -1
    outer loop
      vertex -9.24345 -0.447641 0
      vertex -11.8521 -0.808242 0
      vertex -11.7756 -0.407332 0
    endloop
  endfacet
  facet normal 0 0 -1
    outer loop
      vertex -13.2586 -2.74407 0
      vertex -8.05623 -1.7119 0
      vertex -7.83729 -1.76812 0
    endloop
  endfacet
  facet normal -0 0 -1
    outer loop
      vertex -9.07735 -0.867156 0
      vertex -11.9782 -1.1964 0
      vertex -11.8521 -0.808242 0
    endloop
  endfacet
  facet normal -0 0 -1
    outer loop
      vertex -7.61302 -1.79645 0
      vertex -17.314 -6.99013 0
      vertex -7.83729 -1.76812 0
    endloop
  endfacet
  facet normal 0 0 -1
    outer loop
      vertex -8.95623 -1.05801 0
      vertex -12.152 -1.5657 0
      vertex -11.9782 -1.1964 0
    endloop
  endfacet
  facet normal 0 0 -1
    outer loop
      vertex -8.81214 -1.23218 0
      vertex -12.3707 -1.9103 0
      vertex -12.152 -1.5657 0
    endloop
  endfacet
  facet normal 0 0 -1
    outer loop
      vertex -8.46449 -1.51979 0
      vertex -12.6309 -2.22478 0
      vertex -12.3707 -1.9103 0
    endloop
  endfacet
  facet normal 0 0 -1
    outer loop
      vertex -8.2664 -1.62869 0
      vertex -12.9284 -2.50417 0
      vertex -12.6309 -2.22478 0
    endloop
  endfacet
  facet normal 0 -0 -1
    outer loop
      vertex -13.2586 -2.74407 0
      vertex -7.83729 -1.76812 0
      vertex -17.314 -6.99013 0
    endloop
  endfacet
  facet normal 0 0 -1
    outer loop
      vertex -8.05623 -1.7119 0
      vertex -13.2586 -2.74407 0
      vertex -12.9284 -2.50417 0
    endloop
  endfacet
  facet normal 0 0 -1
    outer loop
      vertex -13.2586 -2.74407 0
      vertex -17.314 -6.99013 0
      vertex -13.6162 -2.94069 0
    endloop
  endfacet
  facet normal 0 0 -1
    outer loop
      vertex -13.6162 -2.94069 0
      vertex -17.314 -6.99013 0
      vertex -13.9957 -3.09093 0
    endloop
  endfacet
  facet normal 0 0 -1
    outer loop
      vertex -13.9957 -3.09093 0
      vertex -17.314 -6.99013 0
      vertex -14.391 -3.19243 0
    endloop
  endfacet
  facet normal 0 0 -1
    outer loop
      vertex -14.391 -3.19243 0
      vertex -17.314 -6.99013 0
      vertex -14.7959 -3.24359 0
    endloop
  endfacet
  facet normal -0 0 -1
    outer loop
      vertex -14.7959 -3.24359 0
      vertex -17.314 -6.99013 0
      vertex -15.2041 -3.24359 0
    endloop
  endfacet
  facet normal 0 0 -1
    outer loop
      vertex -17.314 -6.99013 0
      vertex -15.609 -3.19243 0
      vertex -15.2041 -3.24359 0
    endloop
  endfacet
  facet normal 0 0 -1
    outer loop
      vertex -17.314 -6.99013 0
      vertex -16.0043 -3.09093 0
      vertex -15.609 -3.19243 0
    endloop
  endfacet
  facet normal 0 0 -1
    outer loop
      vertex -17.314 -6.99013 0
      vertex -16.3838 -2.94069 0
      vertex -16.0043 -3.09093 0
    endloop
  endfacet
  facet normal 0 0 -1
    outer loop
      vertex -17.9369 -6.91144 0
      vertex -16.3838 -2.94069 0
      vertex -17.314 -6.99013 0
    endloop
  endfacet
  facet normal -0 0 -1
    outer loop
      vertex -16.3838 -2.94069 0
      vertex -17.9369 -6.91144 0
      vertex -16.7414 -2.74407 0
    endloop
  endfacet
  facet normal 0 0 -1
    outer loop
      vertex -18.5451 -6.75528 0
      vertex -16.7414 -2.74407 0
      vertex -17.9369 -6.91144 0
    endloop
  endfacet
  facet normal 0 0 -1
    outer loop
      vertex -19.1289 -6.52413 0
      vertex -16.7414 -2.74407 0
      vertex -18.5451 -6.75528 0
    endloop
  endfacet
  facet normal -0 0 -1
    outer loop
      vertex -16.7414 -2.74407 0
      vertex -19.1289 -6.52413 0
      vertex -17.0716 -2.50417 0
    endloop
  endfacet
  facet normal 0 0 -1
    outer loop
      vertex -19.6791 -6.22164 0
      vertex -17.0716 -2.50417 0
      vertex -19.1289 -6.52413 0
    endloop
  endfacet
  facet normal 0 0 -1
    outer loop
      vertex -20.1871 -5.85257 0
      vertex -17.0716 -2.50417 0
      vertex -19.6791 -6.22164 0
    endloop
  endfacet
  facet normal -0 0 -1
    outer loop
      vertex -17.0716 -2.50417 0
      vertex -20.1871 -5.85257 0
      vertex -17.3691 -2.22478 0
    endloop
  endfacet
  facet normal 0 0 -1
    outer loop
      vertex -20.6448 -5.42274 0
      vertex -17.3691 -2.22478 0
      vertex -20.1871 -5.85257 0
    endloop
  endfacet
  facet normal 0 0 -1
    outer loop
      vertex -21.0451 -4.93893 0
      vertex -17.3691 -2.22478 0
      vertex -20.6448 -5.42274 0
    endloop
  endfacet
  facet normal -0 0 -1
    outer loop
      vertex -17.3691 -2.22478 0
      vertex -21.0451 -4.93893 0
      vertex -17.6293 -1.9103 0
    endloop
  endfacet
  facet normal 0 0 -1
    outer loop
      vertex 17.3691 2.22478 0
      vertex 21.0451 4.93893 0
      vertex 17.6293 1.9103 0
    endloop
  endfacet
  facet normal -0 0 -1
    outer loop
      vertex 21.0451 4.93893 0
      vertex 17.3691 2.22478 0
      vertex 20.6448 5.42274 0
    endloop
  endfacet
  facet normal -0 0 -1
    outer loop
      vertex 20.6448 5.42274 0
      vertex 17.3691 2.22478 0
      vertex 20.1871 5.85257 0
    endloop
  endfacet
  facet normal 0 0 -1
    outer loop
      vertex 17.0716 2.50417 0
      vertex 20.1871 5.85257 0
      vertex 17.3691 2.22478 0
    endloop
  endfacet
  facet normal -0 0 -1
    outer loop
      vertex 20.1871 5.85257 0
      vertex 17.0716 2.50417 0
      vertex 19.6791 6.22164 0
    endloop
  endfacet
  facet normal -0 0 -1
    outer loop
      vertex 19.6791 6.22164 0
      vertex 17.0716 2.50417 0
      vertex 19.1289 6.52413 0
    endloop
  endfacet
  facet normal 0 0 -1
    outer loop
      vertex 16.7414 2.74407 0
      vertex 19.1289 6.52413 0
      vertex 17.0716 2.50417 0
    endloop
  endfacet
  facet normal -0 0 -1
    outer loop
      vertex 19.1289 6.52413 0
      vertex 16.7414 2.74407 0
      vertex 18.5451 6.75528 0
    endloop
  endfacet
  facet normal -0 0 -1
    outer loop
      vertex 18.5451 6.75528 0
      vertex 16.7414 2.74407 0
      vertex 17.9369 6.91144 0
    endloop
  endfacet
  facet normal 0 0 -1
    outer loop
      vertex 16.3838 2.94069 0
      vertex 17.9369 6.91144 0
      vertex 16.7414 2.74407 0
    endloop
  endfacet
  facet normal -0 0 -1
    outer loop
      vertex 17.9369 6.91144 0
      vertex 16.3838 2.94069 0
      vertex 17.314 6.99013 0
    endloop
  endfacet
  facet normal 0 0 -1
    outer loop
      vertex 16.0043 3.09093 0
      vertex 17.314 6.99013 0
      vertex 16.3838 2.94069 0
    endloop
  endfacet
  facet normal 0 0 -1
    outer loop
      vertex 15.609 3.19243 0
      vertex 17.314 6.99013 0
      vertex 16.0043 3.09093 0
    endloop
  endfacet
  facet normal 0 0 -1
    outer loop
      vertex 15.2041 3.24359 0
      vertex 17.314 6.99013 0
      vertex 15.609 3.19243 0
    endloop
  endfacet
  facet normal 0 0 -1
    outer loop
      vertex 14.7959 3.24359 0
      vertex 17.314 6.99013 0
      vertex 15.2041 3.24359 0
    endloop
  endfacet
  facet normal 0 0 -1
    outer loop
      vertex 14.391 3.19243 0
      vertex 17.314 6.99013 0
      vertex 14.7959 3.24359 0
    endloop
  endfacet
  facet normal 0 0 -1
    outer loop
      vertex 13.9957 3.09093 0
      vertex 17.314 6.99013 0
      vertex 14.391 3.19243 0
    endloop
  endfacet
  facet normal 0 0 -1
    outer loop
      vertex 13.6162 2.94069 0
      vertex 17.314 6.99013 0
      vertex 13.9957 3.09093 0
    endloop
  endfacet
  facet normal 0 0 -1
    outer loop
      vertex 1.40693 6.99013 0
      vertex 13.6162 2.94069 0
      vertex 13.2586 2.74407 0
    endloop
  endfacet
  facet normal 0 0 -1
    outer loop
      vertex 8.05623 1.7119 0
      vertex 13.2586 2.74407 0
      vertex 12.9284 2.50417 0
    endloop
  endfacet
  facet normal 0 0 -1
    outer loop
      vertex 8.2664 1.62869 0
      vertex 12.9284 2.50417 0
      vertex 12.6309 2.22478 0
    endloop
  endfacet
  facet normal 0 0 -1
    outer loop
      vertex 9.28581 0.225599 0
      vertex 11.75 0 0
      vertex 9.3 0 0
    endloop
  endfacet
  facet normal 0 0 -1
    outer loop
      vertex 11.75 0 0
      vertex 9.28581 0.225599 0
      vertex 11.7756 0.407332 0
    endloop
  endfacet
  facet normal 0 0 -1
    outer loop
      vertex 9.24345 0.447641 0
      vertex 11.7756 0.407332 0
      vertex 9.28581 0.225599 0
    endloop
  endfacet
  facet normal 0 0 -1
    outer loop
      vertex 11.7756 0.407332 0
      vertex 9.24345 0.447641 0
      vertex 11.8521 0.808242 0
    endloop
  endfacet
  facet normal 0 0 -1
    outer loop
      vertex 9.1736 0.662623 0
      vertex 11.8521 0.808242 0
      vertex 9.24345 0.447641 0
    endloop
  endfacet
  facet normal 0 0 -1
    outer loop
      vertex 9.07735 0.867156 0
      vertex 11.8521 0.808242 0
      vertex 9.1736 0.662623 0
    endloop
  endfacet
  facet normal 0 0 -1
    outer loop
      vertex 11.8521 0.808242 0
      vertex 9.07735 0.867156 0
      vertex 11.9782 1.1964 0
    endloop
  endfacet
  facet normal 0 0 -1
    outer loop
      vertex 8.95623 1.05801 0
      vertex 11.9782 1.1964 0
      vertex 9.07735 0.867156 0
    endloop
  endfacet
  facet normal -0 0 -1
    outer loop
      vertex 11.9782 1.1964 0
      vertex 8.95623 1.05801 0
      vertex 12.152 1.5657 0
    endloop
  endfacet
  facet normal 0 0 -1
    outer loop
      vertex 8.81214 1.23218 0
      vertex 12.152 1.5657 0
      vertex 8.95623 1.05801 0
    endloop
  endfacet
  facet normal -0 0 -1
    outer loop
      vertex 12.152 1.5657 0
      vertex 8.81214 1.23218 0
      vertex 12.3707 1.9103 0
    endloop
  endfacet
  facet normal 0 0 -1
    outer loop
      vertex 8.64736 1.38692 0
      vertex 12.3707 1.9103 0
      vertex 8.81214 1.23218 0
    endloop
  endfacet
  facet normal 0 0 -1
    outer loop
      vertex 8.46449 1.51979 0
      vertex 12.3707 1.9103 0
      vertex 8.64736 1.38692 0
    endloop
  endfacet
  facet normal -0 0 -1
    outer loop
      vertex 12.3707 1.9103 0
      vertex 8.46449 1.51979 0
      vertex 12.6309 2.22478 0
    endloop
  endfacet
  facet normal 0 0 -1
    outer loop
      vertex 8.2664 1.62869 0
      vertex 12.6309 2.22478 0
      vertex 8.46449 1.51979 0
    endloop
  endfacet
  facet normal 0 0 -1
    outer loop
      vertex 12.9284 2.50417 0
      vertex 8.2664 1.62869 0
      vertex 8.05623 1.7119 0
    endloop
  endfacet
  facet normal 0 0 -1
    outer loop
      vertex 13.2586 2.74407 0
      vertex 8.05623 1.7119 0
      vertex 7.83729 1.76812 0
    endloop
  endfacet
  facet normal -0 0 -1
    outer loop
      vertex 13.2586 2.74407 0
      vertex 7.83729 1.76812 0
      vertex 1.40693 6.99013 0
    endloop
  endfacet
  facet normal 0 0 -1
    outer loop
      vertex 1.40693 6.99013 0
      vertex 7.83729 1.76812 0
      vertex 7.61302 1.79645 0
    endloop
  endfacet
  facet normal 0 0 -1
    outer loop
      vertex 1.40693 6.99013 0
      vertex 7.61302 1.79645 0
      vertex 7.38698 1.79645 0
    endloop
  endfacet
  facet normal 0 0 -1
    outer loop
      vertex 1.40693 6.99013 0
      vertex 7.38698 1.79645 0
      vertex 7.16271 1.76812 0
    endloop
  endfacet
  facet normal 0 0 -1
    outer loop
      vertex 1.40693 6.99013 0
      vertex 7.16271 1.76812 0
      vertex 6.94377 1.7119 0
    endloop
  endfacet
  facet normal 0 0 -1
    outer loop
      vertex 1.40693 6.99013 0
      vertex 6.94377 1.7119 0
      vertex 6.7336 1.62869 0
    endloop
  endfacet
  facet normal 0 0 -1
    outer loop
      vertex 3.25 0 0
      vertex 5.71419 0.225599 0
      vertex 5.7 0 0
    endloop
  endfacet
  facet normal 0 0 -1
    outer loop
      vertex 3.22437 0.407332 0
      vertex 5.71419 0.225599 0
      vertex 3.25 0 0
    endloop
  endfacet
  facet normal 0 0 -1
    outer loop
      vertex 5.71419 0.225599 0
      vertex 3.22437 0.407332 0
      vertex 5.75655 0.447641 0
    endloop
  endfacet
  facet normal 0 0 -1
    outer loop
      vertex 3.14789 0.808242 0
      vertex 5.75655 0.447641 0
      vertex 3.22437 0.407332 0
    endloop
  endfacet
  facet normal 0 0 -1
    outer loop
      vertex 5.75655 0.447641 0
      vertex 3.14789 0.808242 0
      vertex 5.8264 0.662623 0
    endloop
  endfacet
  facet normal 0 0 -1
    outer loop
      vertex 5.8264 0.662623 0
      vertex 3.14789 0.808242 0
      vertex 5.92265 0.867156 0
    endloop
  endfacet
  facet normal 0 0 -1
    outer loop
      vertex 3.02177 1.1964 0
      vertex 5.92265 0.867156 0
      vertex 3.14789 0.808242 0
    endloop
  endfacet
  facet normal 0 0 -1
    outer loop
      vertex 5.92265 0.867156 0
      vertex 3.02177 1.1964 0
      vertex 6.04377 1.05801 0
    endloop
  endfacet
  facet normal 0 0 -1
    outer loop
      vertex 2.848 1.5657 0
      vertex 6.04377 1.05801 0
      vertex 3.02177 1.1964 0
    endloop
  endfacet
  facet normal 0 0 -1
    outer loop
      vertex 6.04377 1.05801 0
      vertex 2.848 1.5657 0
      vertex 6.18786 1.23218 0
    endloop
  endfacet
  facet normal 0 0 -1
    outer loop
      vertex 2.6293 1.9103 0
      vertex 6.18786 1.23218 0
      vertex 2.848 1.5657 0
    endloop
  endfacet
  facet normal 0 0 -1
    outer loop
      vertex 6.18786 1.23218 0
      vertex 2.6293 1.9103 0
      vertex 6.35264 1.38692 0
    endloop
  endfacet
  facet normal 0 0 -1
    outer loop
      vertex 6.35264 1.38692 0
      vertex 2.6293 1.9103 0
      vertex 6.53551 1.51979 0
    endloop
  endfacet
  facet normal 0 0 -1
    outer loop
      vertex 2.36915 2.22478 0
      vertex 6.53551 1.51979 0
      vertex 2.6293 1.9103 0
    endloop
  endfacet
  facet normal 0 0 -1
    outer loop
      vertex 6.53551 1.51979 0
      vertex 2.36915 2.22478 0
      vertex 6.7336 1.62869 0
    endloop
  endfacet
  facet normal 0 0 -1
    outer loop
      vertex 6.7336 1.62869 0
      vertex 2.36915 2.22478 0
      vertex 1.40693 6.99013 0
    endloop
  endfacet
  facet normal 0 0 -1
    outer loop
      vertex 1.40693 6.99013 0
      vertex 2.36915 2.22478 0
      vertex 2.07163 2.50417 0
    endloop
  endfacet
  facet normal 0 0 -1
    outer loop
      vertex 1.40693 6.99013 0
      vertex 2.07163 2.50417 0
      vertex 1.74144 2.74407 0
    endloop
  endfacet
  facet normal 0 0 -1
    outer loop
      vertex 13.6162 2.94069 0
      vertex 1.40693 6.99013 0
      vertex 17.314 6.99013 0
    endloop
  endfacet
  facet normal 0 -0 -1
    outer loop
      vertex 1.40693 6.99013 0
      vertex 1.74144 2.74407 0
      vertex 1.38378 2.94069 0
    endloop
  endfacet
  facet normal 0 0 -1
    outer loop
      vertex 5.36497 11.9873 0
      vertex 1.59746 12.2835 0
      vertex 1.60876 12.6751 0
    endloop
  endfacet
  facet normal 0 0 -1
    outer loop
      vertex 2.28368 7.28276 0
      vertex 1.56354 11.9188 0
      vertex 1.59746 12.2835 0
    endloop
  endfacet
  facet normal 0 0 -1
    outer loop
      vertex 2.28368 7.28276 0
      vertex 1.507 11.5809 0
      vertex 1.56354 11.9188 0
    endloop
  endfacet
  facet normal 0 0 -1
    outer loop
      vertex 2.28368 7.28276 0
      vertex 1.42786 11.2698 0
      vertex 1.507 11.5809 0
    endloop
  endfacet
  facet normal 0 0 -1
    outer loop
      vertex 0.50885 9.9855 0
      vertex 1.66893 7.05453 0
      vertex 1.40693 6.99013 0
    endloop
  endfacet
  facet normal 0 0 -1
    outer loop
      vertex 1.0043 3.09093 0
      vertex 1.40693 6.99013 0
      vertex 1.38378 2.94069 0
    endloop
  endfacet
  facet normal 0 0 -1
    outer loop
      vertex 2.28368 7.28276 0
      vertex 1.3261 10.9855 0
      vertex 1.42786 11.2698 0
    endloop
  endfacet
  facet normal 0 0 -1
    outer loop
      vertex 2.28368 7.28276 0
      vertex 1.20172 10.7281 0
      vertex 1.3261 10.9855 0
    endloop
  endfacet
  facet normal 0 0 -1
    outer loop
      vertex 2.28368 7.28276 0
      vertex 1.05472 10.4975 0
      vertex 1.20172 10.7281 0
    endloop
  endfacet
  facet normal 0 0 -1
    outer loop
      vertex 0.608989 3.19243 0
      vertex 1.40693 6.99013 0
      vertex 1.0043 3.09093 0
    endloop
  endfacet
  facet normal 0 0 -1
    outer loop
      vertex 2.28368 7.28276 0
      vertex 0.888535 10.2958 0
      vertex 1.05472 10.4975 0
    endloop
  endfacet
  facet normal 0 0 -1
    outer loop
      vertex 2.28368 7.28276 0
      vertex 0.706589 10.1251 0
      vertex 0.888535 10.2958 0
    endloop
  endfacet
  facet normal 0 0 -1
    outer loop
      vertex 0.204069 3.24359 0
      vertex 1.40693 6.99013 0
      vertex 0.608989 3.19243 0
    endloop
  endfacet
  facet normal 0 0 -1
    outer loop
      vertex 2.28368 7.28276 0
      vertex 0.50885 9.9855 0
      vertex 0.706589 10.1251 0
    endloop
  endfacet
  facet normal 0 0 -1
    outer loop
      vertex 1.40693 6.99013 0
      vertex 0.295349 9.87691 0
      vertex 0.50885 9.9855 0
    endloop
  endfacet
  facet normal 0 0 -1
    outer loop
      vertex -0.204069 3.24359 0
      vertex 1.40693 6.99013 0
      vertex 0.204069 3.24359 0
    endloop
  endfacet
  facet normal 0 0 -1
    outer loop
      vertex 1.40693 6.99013 0
      vertex 0.0660706 9.79933 0
      vertex 0.295349 9.87691 0
    endloop
  endfacet
  facet normal 0 -0 -1
    outer loop
      vertex -0.439804 9.73727 0
      vertex 1.40693 6.99013 0
      vertex -2.32073 6.99013 0
    endloop
  endfacet
  facet normal -0 0 -1
    outer loop
      vertex 1.40693 6.99013 0
      vertex -0.204069 3.24359 0
      vertex -2.32073 6.99013 0
    endloop
  endfacet
  facet normal 0 0 -1
    outer loop
      vertex 1.40693 6.99013 0
      vertex -0.17897 9.75279 0
      vertex 0.0660706 9.79933 0
    endloop
  endfacet
  facet normal 0 0 -1
    outer loop
      vertex -2.32073 6.99013 0
      vertex -0.204069 3.24359 0
      vertex -0.608989 3.19243 0
    endloop
  endfacet
  facet normal 0 0 -1
    outer loop
      vertex 1.40693 6.99013 0
      vertex -0.439804 9.73727 0
      vertex -0.17897 9.75279 0
    endloop
  endfacet
  facet normal -0 0 -1
    outer loop
      vertex -0.439804 9.73727 0
      vertex -2.32073 6.99013 0
      vertex -0.666977 9.75253 0
    endloop
  endfacet
  facet normal 0 0 -1
    outer loop
      vertex -2.32073 6.99013 0
      vertex -0.608989 3.19243 0
      vertex -1.0043 3.09093 0
    endloop
  endfacet
  facet normal -0 0 -1
    outer loop
      vertex -0.666977 9.75253 0
      vertex -2.32073 6.99013 0
      vertex -0.884689 9.79828 0
    endloop
  endfacet
  facet normal -0 0 -1
    outer loop
      vertex -0.884689 9.79828 0
      vertex -2.32073 6.99013 0
      vertex -1.09296 9.87453 0
    endloop
  endfacet
  facet normal 0 0 -1
    outer loop
      vertex -2.32073 6.99013 0
      vertex -1.0043 3.09093 0
      vertex -1.38378 2.94069 0
    endloop
  endfacet
  facet normal -0 0 -1
    outer loop
      vertex -1.09296 9.87453 0
      vertex -2.32073 6.99013 0
      vertex -1.29175 9.98128 0
    endloop
  endfacet
  facet normal 0 0 -1
    outer loop
      vertex -2.4456 7.01904 0
      vertex -1.29175 9.98128 0
      vertex -2.32073 6.99013 0
    endloop
  endfacet
  facet normal 0 0 -1
    outer loop
      vertex -2.32073 6.99013 0
      vertex -1.38378 2.94069 0
      vertex -1.74144 2.74407 0
    endloop
  endfacet
  facet normal 0 0 -1
    outer loop
      vertex -3.02354 7.21967 0
      vertex -1.29175 9.98128 0
      vertex -2.4456 7.01904 0
    endloop
  endfacet
  facet normal -0 0 -1
    outer loop
      vertex -1.29175 9.98128 0
      vertex -3.02354 7.21967 0
      vertex -1.48108 10.1185 0
    endloop
  endfacet
  facet normal 0 0 -1
    outer loop
      vertex -2.32073 6.99013 0
      vertex -1.74144 2.74407 0
      vertex -2.07163 2.50417 0
    endloop
  endfacet
  facet normal 0 0 -1
    outer loop
      vertex -3.56049 7.47758 0
      vertex -1.48108 10.1185 0
      vertex -3.02354 7.21967 0
    endloop
  endfacet
  facet normal -0 0 -1
    outer loop
      vertex -1.48108 10.1185 0
      vertex -3.56049 7.47758 0
      vertex -1.66095 10.2863 0
    endloop
  endfacet
  facet normal 0 0 -1
    outer loop
      vertex -4.05641 7.79285 0
      vertex -1.66095 10.2863 0
      vertex -3.56049 7.47758 0
    endloop
  endfacet
  facet normal 0 0 -1
    outer loop
      vertex -2.36915 2.22478 0
      vertex -2.32073 6.99013 0
      vertex -2.07163 2.50417 0
    endloop
  endfacet
  facet normal 0 0 -1
    outer loop
      vertex -6.53551 1.51979 0
      vertex -2.36915 2.22478 0
      vertex -2.6293 1.9103 0
    endloop
  endfacet
  facet normal 0 0 -1
    outer loop
      vertex -6.18786 1.23218 0
      vertex -2.6293 1.9103 0
      vertex -2.848 1.5657 0
    endloop
  endfacet
  facet normal 0 0 -1
    outer loop
      vertex -6.04377 1.05801 0
      vertex -2.848 1.5657 0
      vertex -3.02177 1.1964 0
    endloop
  endfacet
  facet normal 0 0 -1
    outer loop
      vertex -5.92265 0.867156 0
      vertex -3.02177 1.1964 0
      vertex -3.14789 0.808242 0
    endloop
  endfacet
  facet normal 0 0 -1
    outer loop
      vertex -5.75655 0.447641 0
      vertex -3.14789 0.808242 0
      vertex -3.22437 0.407332 0
    endloop
  endfacet
  facet normal 0 0 -1
    outer loop
      vertex -5.71419 0.225599 0
      vertex -3.25 0 0
      vertex -5.7 0 0
    endloop
  endfacet
  facet normal 0 0 -1
    outer loop
      vertex -3.25 0 0
      vertex -5.71419 0.225599 0
      vertex -3.22437 0.407332 0
    endloop
  endfacet
  facet normal 0 0 -1
    outer loop
      vertex -5.75655 0.447641 0
      vertex -3.22437 0.407332 0
      vertex -5.71419 0.225599 0
    endloop
  endfacet
  facet normal 0 0 -1
    outer loop
      vertex -3.14789 0.808242 0
      vertex -5.75655 0.447641 0
      vertex -5.8264 0.662623 0
    endloop
  endfacet
  facet normal -0 0 -1
    outer loop
      vertex -3.14789 0.808242 0
      vertex -5.8264 0.662623 0
      vertex -5.92265 0.867156 0
    endloop
  endfacet
  facet normal 0 0 -1
    outer loop
      vertex -3.02177 1.1964 0
      vertex -5.92265 0.867156 0
      vertex -6.04377 1.05801 0
    endloop
  endfacet
  facet normal 0 0 -1
    outer loop
      vertex -2.848 1.5657 0
      vertex -6.04377 1.05801 0
      vertex -6.18786 1.23218 0
    endloop
  endfacet
  facet normal 0 0 -1
    outer loop
      vertex -2.6293 1.9103 0
      vertex -6.18786 1.23218 0
      vertex -6.35264 1.38692 0
    endloop
  endfacet
  facet normal 0 0 -1
    outer loop
      vertex -2.6293 1.9103 0
      vertex -6.35264 1.38692 0
      vertex -6.53551 1.51979 0
    endloop
  endfacet
  facet normal -0 0 -1
    outer loop
      vertex -2.36915 2.22478 0
      vertex -6.53551 1.51979 0
      vertex -2.32073 6.99013 0
    endloop
  endfacet
  facet normal 0 0 -1
    outer loop
      vertex -6.7336 1.62869 0
      vertex -2.32073 6.99013 0
      vertex -6.53551 1.51979 0
    endloop
  endfacet
  facet normal 0 0 -1
    outer loop
      vertex -6.94377 1.7119 0
      vertex -2.32073 6.99013 0
      vertex -6.7336 1.62869 0
    endloop
  endfacet
  facet normal 0 0 -1
    outer loop
      vertex -7.16271 1.76812 0
      vertex -2.32073 6.99013 0
      vertex -6.94377 1.7119 0
    endloop
  endfacet
  facet normal 0 0 -1
    outer loop
      vertex -7.38698 1.79645 0
      vertex -2.32073 6.99013 0
      vertex -7.16271 1.76812 0
    endloop
  endfacet
  facet normal 0 0 -1
    outer loop
      vertex -7.61302 1.79645 0
      vertex -2.32073 6.99013 0
      vertex -7.38698 1.79645 0
    endloop
  endfacet
  facet normal 0 0 -1
    outer loop
      vertex -7.83729 1.76812 0
      vertex -2.32073 6.99013 0
      vertex -7.61302 1.79645 0
    endloop
  endfacet
  facet normal 0 0 -1
    outer loop
      vertex -13.2586 2.74407 0
      vertex -7.83729 1.76812 0
      vertex -8.05623 1.7119 0
    endloop
  endfacet
  facet normal 0 0 -1
    outer loop
      vertex -12.9284 2.50417 0
      vertex -8.05623 1.7119 0
      vertex -8.2664 1.62869 0
    endloop
  endfacet
  facet normal 0 0 -1
    outer loop
      vertex -12.6309 2.22478 0
      vertex -8.2664 1.62869 0
      vertex -8.46449 1.51979 0
    endloop
  endfacet
  facet normal 0 0 -1
    outer loop
      vertex -12.3707 1.9103 0
      vertex -8.46449 1.51979 0
      vertex -8.64736 1.38692 0
    endloop
  endfacet
  facet normal 0 0 -1
    outer loop
      vertex -11.75 0 0
      vertex -9.28581 0.225599 0
      vertex -9.3 0 0
    endloop
  endfacet
  facet normal 0 0 -1
    outer loop
      vertex -11.7756 0.407332 0
      vertex -9.28581 0.225599 0
      vertex -11.75 0 0
    endloop
  endfacet
  facet normal 0 0 -1
    outer loop
      vertex -9.28581 0.225599 0
      vertex -11.7756 0.407332 0
      vertex -9.24345 0.447641 0
    endloop
  endfacet
  facet normal 0 0 -1
    outer loop
      vertex -11.8521 0.808242 0
      vertex -9.24345 0.447641 0
      vertex -11.7756 0.407332 0
    endloop
  endfacet
  facet normal 0 0 -1
    outer loop
      vertex -9.24345 0.447641 0
      vertex -11.8521 0.808242 0
      vertex -9.1736 0.662623 0
    endloop
  endfacet
  facet normal 0 0 -1
    outer loop
      vertex -9.1736 0.662623 0
      vertex -11.8521 0.808242 0
      vertex -9.07735 0.867156 0
    endloop
  endfacet
  facet normal 0 0 -1
    outer loop
      vertex -11.9782 1.1964 0
      vertex -9.07735 0.867156 0
      vertex -11.8521 0.808242 0
    endloop
  endfacet
  facet normal 0 0 -1
    outer loop
      vertex -9.07735 0.867156 0
      vertex -11.9782 1.1964 0
      vertex -8.95623 1.05801 0
    endloop
  endfacet
  facet normal 0 0 -1
    outer loop
      vertex -12.152 1.5657 0
      vertex -8.95623 1.05801 0
      vertex -11.9782 1.1964 0
    endloop
  endfacet
  facet normal 0 0 -1
    outer loop
      vertex -8.95623 1.05801 0
      vertex -12.152 1.5657 0
      vertex -8.81214 1.23218 0
    endloop
  endfacet
  facet normal 0 0 -1
    outer loop
      vertex -12.3707 1.9103 0
      vertex -8.81214 1.23218 0
      vertex -12.152 1.5657 0
    endloop
  endfacet
  facet normal 0 0 -1
    outer loop
      vertex -8.81214 1.23218 0
      vertex -12.3707 1.9103 0
      vertex -8.64736 1.38692 0
    endloop
  endfacet
  facet normal 0 0 -1
    outer loop
      vertex -8.46449 1.51979 0
      vertex -12.3707 1.9103 0
      vertex -12.6309 2.22478 0
    endloop
  endfacet
  facet normal 0 0 -1
    outer loop
      vertex -8.2664 1.62869 0
      vertex -12.6309 2.22478 0
      vertex -12.9284 2.50417 0
    endloop
  endfacet
  facet normal 0 0 -1
    outer loop
      vertex -8.05623 1.7119 0
      vertex -12.9284 2.50417 0
      vertex -13.2586 2.74407 0
    endloop
  endfacet
  facet normal 0 0 -1
    outer loop
      vertex -7.83729 1.76812 0
      vertex -13.2586 2.74407 0
      vertex -2.32073 6.99013 0
    endloop
  endfacet
  facet normal 0 0 -1
    outer loop
      vertex -13.6162 2.94069 0
      vertex -2.32073 6.99013 0
      vertex -13.2586 2.74407 0
    endloop
  endfacet
  facet normal 0 0 -1
    outer loop
      vertex -17.314 6.99013 0
      vertex -13.6162 2.94069 0
      vertex -13.9957 3.09093 0
    endloop
  endfacet
  facet normal 0 0 -1
    outer loop
      vertex -17.314 6.99013 0
      vertex -13.9957 3.09093 0
      vertex -14.391 3.19243 0
    endloop
  endfacet
  facet normal 0 0 -1
    outer loop
      vertex -17.314 6.99013 0
      vertex -14.391 3.19243 0
      vertex -14.7959 3.24359 0
    endloop
  endfacet
  facet normal 0 0 -1
    outer loop
      vertex -17.314 6.99013 0
      vertex -14.7959 3.24359 0
      vertex -15.2041 3.24359 0
    endloop
  endfacet
  facet normal 0 0 -1
    outer loop
      vertex -17.314 6.99013 0
      vertex -15.2041 3.24359 0
      vertex -15.609 3.19243 0
    endloop
  endfacet
  facet normal 0 0 -1
    outer loop
      vertex -17.314 6.99013 0
      vertex -15.609 3.19243 0
      vertex -16.0043 3.09093 0
    endloop
  endfacet
  facet normal 0 0 -1
    outer loop
      vertex -13.6162 2.94069 0
      vertex -17.314 6.99013 0
      vertex -2.32073 6.99013 0
    endloop
  endfacet
  facet normal 0 0 -1
    outer loop
      vertex -16.3838 2.94069 0
      vertex -17.314 6.99013 0
      vertex -16.0043 3.09093 0
    endloop
  endfacet
  facet normal 0 0 -1
    outer loop
      vertex -17.9369 6.91144 0
      vertex -16.3838 2.94069 0
      vertex -16.7414 2.74407 0
    endloop
  endfacet
  facet normal 0 0 -1
    outer loop
      vertex -19.1289 6.52413 0
      vertex -16.7414 2.74407 0
      vertex -17.0716 2.50417 0
    endloop
  endfacet
  facet normal 0 0 -1
    outer loop
      vertex -20.1871 5.85257 0
      vertex -17.0716 2.50417 0
      vertex -17.3691 2.22478 0
    endloop
  endfacet
  facet normal 0 0 -1
    outer loop
      vertex -21.0451 4.93893 0
      vertex -17.3691 2.22478 0
      vertex -17.6293 1.9103 0
    endloop
  endfacet
  facet normal 0 0 -1
    outer loop
      vertex -21.6489 3.84062 0
      vertex -17.6293 1.9103 0
      vertex -17.848 1.5657 0
    endloop
  endfacet
  facet normal 0 0 -1
    outer loop
      vertex -16.3838 2.94069 0
      vertex -17.9369 6.91144 0
      vertex -17.314 6.99013 0
    endloop
  endfacet
  facet normal 0 0 -1
    outer loop
      vertex -21.9606 2.62667 0
      vertex -17.848 1.5657 0
      vertex -18.0218 1.1964 0
    endloop
  endfacet
  facet normal 0 0 -1
    outer loop
      vertex -22 2 0
      vertex -18.0218 1.1964 0
      vertex -18.1479 0.808242 0
    endloop
  endfacet
  facet normal 0 0 -1
    outer loop
      vertex -22 2 0
      vertex -18.1479 0.808242 0
      vertex -18.2244 0.407332 0
    endloop
  endfacet
  facet normal 0 0 -1
    outer loop
      vertex -22 2 0
      vertex -18.2244 0.407332 0
      vertex -18.25 0 0
    endloop
  endfacet
  facet normal 0 0 -1
    outer loop
      vertex -16.7414 2.74407 0
      vertex -18.5451 6.75528 0
      vertex -17.9369 6.91144 0
    endloop
  endfacet
  facet normal 0 0 -1
    outer loop
      vertex -21.3815 -4.40877 0
      vertex -17.6293 -1.9103 0
      vertex -21.0451 -4.93893 0
    endloop
  endfacet
  facet normal 0 0 -1
    outer loop
      vertex -21.6489 -3.84062 0
      vertex -17.6293 -1.9103 0
      vertex -21.3815 -4.40877 0
    endloop
  endfacet
  facet normal 0 0 -1
    outer loop
      vertex -22 2 0
      vertex -18.25 0 0
      vertex -22 -2 0
    endloop
  endfacet
  facet normal -0 0 -1
    outer loop
      vertex -17.6293 -1.9103 0
      vertex -21.6489 -3.84062 0
      vertex -17.848 -1.5657 0
    endloop
  endfacet
  facet normal 0 0 -1
    outer loop
      vertex -18.0218 1.1964 0
      vertex -22 2 0
      vertex -21.9606 2.62667 0
    endloop
  endfacet
  facet normal 0 0 -1
    outer loop
      vertex -21.8429 -3.24345 0
      vertex -17.848 -1.5657 0
      vertex -21.6489 -3.84062 0
    endloop
  endfacet
  facet normal 0 0 -1
    outer loop
      vertex -16.7414 2.74407 0
      vertex -19.1289 6.52413 0
      vertex -18.5451 6.75528 0
    endloop
  endfacet
  facet normal 0 0 -1
    outer loop
      vertex -21.9606 -2.62667 0
      vertex -17.848 -1.5657 0
      vertex -21.8429 -3.24345 0
    endloop
  endfacet
  facet normal 0 0 -1
    outer loop
      vertex -17.0716 2.50417 0
      vertex -19.6791 6.22164 0
      vertex -19.1289 6.52413 0
    endloop
  endfacet
  facet normal -0 0 -1
    outer loop
      vertex -17.848 -1.5657 0
      vertex -21.9606 -2.62667 0
      vertex -18.0218 -1.1964 0
    endloop
  endfacet
  facet normal 0 0 -1
    outer loop
      vertex -17.0716 2.50417 0
      vertex -20.1871 5.85257 0
      vertex -19.6791 6.22164 0
    endloop
  endfacet
  facet normal 0 0 -1
    outer loop
      vertex -22 -2 0
      vertex -18.0218 -1.1964 0
      vertex -21.9606 -2.62667 0
    endloop
  endfacet
  facet normal 0 0 -1
    outer loop
      vertex -17.3691 2.22478 0
      vertex -20.6448 5.42274 0
      vertex -20.1871 5.85257 0
    endloop
  endfacet
  facet normal -0 0 -1
    outer loop
      vertex -18.0218 -1.1964 0
      vertex -22 -2 0
      vertex -18.1479 -0.808242 0
    endloop
  endfacet
  facet normal 0 0 -1
    outer loop
      vertex -17.3691 2.22478 0
      vertex -21.0451 4.93893 0
      vertex -20.6448 5.42274 0
    endloop
  endfacet
  facet normal -0 0 -1
    outer loop
      vertex -18.1479 -0.808242 0
      vertex -22 -2 0
      vertex -18.2244 -0.407332 0
    endloop
  endfacet
  facet normal 0 0 -1
    outer loop
      vertex -17.6293 1.9103 0
      vertex -21.3815 4.40877 0
      vertex -21.0451 4.93893 0
    endloop
  endfacet
  facet normal -0 0 -1
    outer loop
      vertex -18.2244 -0.407332 0
      vertex -22 -2 0
      vertex -18.25 0 0
    endloop
  endfacet
  facet normal 0 0 -1
    outer loop
      vertex -17.6293 1.9103 0
      vertex -21.6489 3.84062 0
      vertex -21.3815 4.40877 0
    endloop
  endfacet
  facet normal 0 0 -1
    outer loop
      vertex -17.848 1.5657 0
      vertex -21.8429 3.24345 0
      vertex -21.6489 3.84062 0
    endloop
  endfacet
  facet normal 0 0 -1
    outer loop
      vertex -17.848 1.5657 0
      vertex -21.9606 2.62667 0
      vertex -21.8429 3.24345 0
    endloop
  endfacet
  facet normal 0 0 -1
    outer loop
      vertex 1.60876 12.6751 0
      vertex 5.39679 12.7651 0
      vertex 5.36497 11.9873 0
    endloop
  endfacet
  facet normal 0 0 -1
    outer loop
      vertex 1.59746 12.2835 0
      vertex 5.36497 11.9873 0
      vertex 5.26952 11.259 0
    endloop
  endfacet
  facet normal 0 0 -1
    outer loop
      vertex 1.59746 12.2835 0
      vertex 5.26952 11.259 0
      vertex 5.11043 10.58 0
    endloop
  endfacet
  facet normal 0 0 -1
    outer loop
      vertex 1.59746 12.2835 0
      vertex 5.11043 10.58 0
      vertex 4.8877 9.95055 0
    endloop
  endfacet
  facet normal 0 0 -1
    outer loop
      vertex 1.59746 12.2835 0
      vertex 4.8877 9.95055 0
      vertex 4.60132 9.37048 0
    endloop
  endfacet
  facet normal 0 0 -1
    outer loop
      vertex 1.59746 12.2835 0
      vertex 4.60132 9.37048 0
      vertex 4.2513 8.83984 0
    endloop
  endfacet
  facet normal 0 0 -1
    outer loop
      vertex 1.59746 12.2835 0
      vertex 4.2513 8.83984 0
      vertex 3.83766 8.35864 0
    endloop
  endfacet
  facet normal 0 0 -1
    outer loop
      vertex 1.59746 12.2835 0
      vertex 3.83766 8.35864 0
      vertex 3.36804 7.9348 0
    endloop
  endfacet
  facet normal 0 0 -1
    outer loop
      vertex 1.59746 12.2835 0
      vertex 3.36804 7.9348 0
      vertex 2.85005 7.57617 0
    endloop
  endfacet
  facet normal 0 0 -1
    outer loop
      vertex 1.59746 12.2835 0
      vertex 2.85005 7.57617 0
      vertex 2.28368 7.28276 0
    endloop
  endfacet
  facet normal 0 0 -1
    outer loop
      vertex 0.50885 9.9855 0
      vertex 2.28368 7.28276 0
      vertex 1.66893 7.05453 0
    endloop
  endfacet
  facet normal -0 0 -1
    outer loop
      vertex 5.39679 12.7651 0
      vertex 1.60876 12.6751 0
      vertex 1.60876 21.4234 0
    endloop
  endfacet
  facet normal 0 0 -1
    outer loop
      vertex 5.39679 12.7651 0
      vertex 1.60876 21.4234 0
      vertex 5.39679 24.3997 0
    endloop
  endfacet
  facet normal 0 0 -1
    outer loop
      vertex -2.26932 24.3997 0
      vertex 1.60876 21.4234 0
      vertex -2.26932 21.4234 0
    endloop
  endfacet
  facet normal 0 0 -1
    outer loop
      vertex 1.60876 21.4234 0
      vertex -2.26932 24.3997 0
      vertex 5.39679 24.3997 0
    endloop
  endfacet
  facet normal -0 0 -1
    outer loop
      vertex -1.66095 10.2863 0
      vertex -4.05641 7.79285 0
      vertex -1.83136 10.4845 0
    endloop
  endfacet
  facet normal 0 0 -1
    outer loop
      vertex -4.51131 8.16541 0
      vertex -1.83136 10.4845 0
      vertex -4.05641 7.79285 0
    endloop
  endfacet
  facet normal -0 0 -1
    outer loop
      vertex -1.83136 10.4845 0
      vertex -4.51131 8.16541 0
      vertex -1.99042 10.7139 0
    endloop
  endfacet
  facet normal 0 0 -1
    outer loop
      vertex -4.92256 8.59166 0
      vertex -1.99042 10.7139 0
      vertex -4.51131 8.16541 0
    endloop
  endfacet
  facet normal -0 0 -1
    outer loop
      vertex -1.99042 10.7139 0
      vertex -4.92256 8.59166 0
      vertex -2.13634 10.9748 0
    endloop
  endfacet
  facet normal 0 0 -1
    outer loop
      vertex -5.28754 9.06789 0
      vertex -2.13634 10.9748 0
      vertex -4.92256 8.59166 0
    endloop
  endfacet
  facet normal 0 0 -1
    outer loop
      vertex -5.60622 9.59406 0
      vertex -2.13634 10.9748 0
      vertex -5.28754 9.06789 0
    endloop
  endfacet
  facet normal -0 0 -1
    outer loop
      vertex -2.13634 10.9748 0
      vertex -5.60622 9.59406 0
      vertex -2.26912 11.2672 0
    endloop
  endfacet
  facet normal 0 0 -1
    outer loop
      vertex -5.87863 10.1702 0
      vertex -2.26912 11.2672 0
      vertex -5.60622 9.59406 0
    endloop
  endfacet
  facet normal -0 0 -1
    outer loop
      vertex -2.26912 11.2672 0
      vertex -5.87863 10.1702 0
      vertex -2.38876 11.5912 0
    endloop
  endfacet
  facet normal 0 0 -1
    outer loop
      vertex -6.10475 10.7963 0
      vertex -2.38876 11.5912 0
      vertex -5.87863 10.1702 0
    endloop
  endfacet
  facet normal -0 0 -1
    outer loop
      vertex -2.38876 11.5912 0
      vertex -6.10475 10.7963 0
      vertex -2.49527 11.9467 0
    endloop
  endfacet
  facet normal 0 0 -1
    outer loop
      vertex -6.28459 11.4723 0
      vertex -2.49527 11.9467 0
      vertex -6.10475 10.7963 0
    endloop
  endfacet
  facet normal -0 0 -1
    outer loop
      vertex -2.49527 11.9467 0
      vertex -6.28459 11.4723 0
      vertex -2.58864 12.3338 0
    endloop
  endfacet
  facet normal -0 0 -1
    outer loop
      vertex -2.58864 12.3338 0
      vertex -6.28459 11.4723 0
      vertex -2.66888 12.7524 0
    endloop
  endfacet
  facet normal 0 0 -1
    outer loop
      vertex -2.66888 12.7524 0
      vertex -6.28459 11.4723 0
      vertex -6.41815 12.1983 0
    endloop
  endfacet
  facet normal -0.951072 -0.30897 0
    outer loop
      vertex -21.6489 -3.84062 0
      vertex -21.8429 -3.24345 1
      vertex -21.8429 -3.24345 0
    endloop
  endfacet
  facet normal -0.951072 -0.30897 0
    outer loop
      vertex -21.8429 -3.24345 1
      vertex -21.6489 -3.84062 0
      vertex -21.6489 -3.84062 1
    endloop
  endfacet
  facet normal -0.770468 -0.637478 0
    outer loop
      vertex -20.6448 -5.42274 0
      vertex -21.0451 -4.93893 1
      vertex -21.0451 -4.93893 0
    endloop
  endfacet
  facet normal -0.770468 -0.637478 0
    outer loop
      vertex -21.0451 -4.93893 1
      vertex -20.6448 -5.42274 0
      vertex -20.6448 -5.42274 1
    endloop
  endfacet
  facet normal -0.904797 -0.425843 0
    outer loop
      vertex -21.3815 -4.40877 0
      vertex -21.6489 -3.84062 1
      vertex -21.6489 -3.84062 0
    endloop
  endfacet
  facet normal -0.904797 -0.425843 0
    outer loop
      vertex -21.6489 -3.84062 1
      vertex -21.3815 -4.40877 0
      vertex -21.3815 -4.40877 1
    endloop
  endfacet
  facet normal -0.368135 -0.929773 0
    outer loop
      vertex -19.1289 -6.52413 0
      vertex -18.5451 -6.75528 1
      vertex -19.1289 -6.52413 1
    endloop
  endfacet
  facet normal -0.368135 -0.929773 -0
    outer loop
      vertex -18.5451 -6.75528 1
      vertex -19.1289 -6.52413 0
      vertex -18.5451 -6.75528 0
    endloop
  endfacet
  facet normal 0.587771 -0.809027 0
    outer loop
      vertex 19.6791 -6.22164 0
      vertex 20.1871 -5.85257 1
      vertex 19.6791 -6.22164 1
    endloop
  endfacet
  facet normal 0.587771 -0.809027 0
    outer loop
      vertex 20.1871 -5.85257 1
      vertex 19.6791 -6.22164 0
      vertex 20.1871 -5.85257 0
    endloop
  endfacet
  facet normal 0.982275 -0.187447 0
    outer loop
      vertex 21.8429 -3.24345 1
      vertex 21.9606 -2.62667 0
      vertex 21.9606 -2.62667 1
    endloop
  endfacet
  facet normal 0.982275 -0.187447 0
    outer loop
      vertex 21.9606 -2.62667 0
      vertex 21.8429 -3.24345 1
      vertex 21.8429 -3.24345 0
    endloop
  endfacet
  facet normal -0.982275 0.187447 0
    outer loop
      vertex -21.9606 2.62667 0
      vertex -21.8429 3.24345 1
      vertex -21.8429 3.24345 0
    endloop
  endfacet
  facet normal -0.982275 0.187447 0
    outer loop
      vertex -21.8429 3.24345 1
      vertex -21.9606 2.62667 0
      vertex -21.9606 2.62667 1
    endloop
  endfacet
  facet normal -0.904797 0.425843 0
    outer loop
      vertex -21.6489 3.84062 0
      vertex -21.3815 4.40877 1
      vertex -21.3815 4.40877 0
    endloop
  endfacet
  facet normal -0.904797 0.425843 0
    outer loop
      vertex -21.3815 4.40877 1
      vertex -21.6489 3.84062 0
      vertex -21.6489 3.84062 1
    endloop
  endfacet
  facet normal -0.684565 0.728952 0
    outer loop
      vertex -20.1871 5.85257 0
      vertex -20.6448 5.42274 1
      vertex -20.1871 5.85257 1
    endloop
  endfacet
  facet normal -0.684565 0.728952 0
    outer loop
      vertex -20.6448 5.42274 1
      vertex -20.1871 5.85257 0
      vertex -20.6448 5.42274 0
    endloop
  endfacet
  facet normal -0.587771 0.809027 0
    outer loop
      vertex -19.6791 6.22164 0
      vertex -20.1871 5.85257 1
      vertex -19.6791 6.22164 1
    endloop
  endfacet
  facet normal -0.587771 0.809027 0
    outer loop
      vertex -20.1871 5.85257 1
      vertex -19.6791 6.22164 0
      vertex -20.1871 5.85257 0
    endloop
  endfacet
  facet normal 0.951072 0.30897 0
    outer loop
      vertex 21.8429 3.24345 1
      vertex 21.6489 3.84062 0
      vertex 21.6489 3.84062 1
    endloop
  endfacet
  facet normal 0.951072 0.30897 0
    outer loop
      vertex 21.6489 3.84062 0
      vertex 21.8429 3.24345 1
      vertex 21.8429 3.24345 0
    endloop
  endfacet
  facet normal 0.368135 0.929773 -0
    outer loop
      vertex 19.1289 6.52413 0
      vertex 18.5451 6.75528 1
      vertex 19.1289 6.52413 1
    endloop
  endfacet
  facet normal 0.368135 0.929773 0
    outer loop
      vertex 18.5451 6.75528 1
      vertex 19.1289 6.52413 0
      vertex 18.5451 6.75528 0
    endloop
  endfacet
  facet normal 0.481772 0.876297 -0
    outer loop
      vertex 19.6791 6.22164 0
      vertex 19.1289 6.52413 1
      vertex 19.6791 6.22164 1
    endloop
  endfacet
  facet normal 0.481772 0.876297 0
    outer loop
      vertex 19.1289 6.52413 1
      vertex 19.6791 6.22164 0
      vertex 19.1289 6.52413 0
    endloop
  endfacet
  facet normal -0.982275 -0.187447 0
    outer loop
      vertex -21.8429 -3.24345 0
      vertex -21.9606 -2.62667 1
      vertex -21.9606 -2.62667 0
    endloop
  endfacet
  facet normal -0.982275 -0.187447 0
    outer loop
      vertex -21.9606 -2.62667 1
      vertex -21.8429 -3.24345 0
      vertex -21.8429 -3.24345 1
    endloop
  endfacet
  facet normal -0.844364 -0.53577 0
    outer loop
      vertex -21.0451 -4.93893 0
      vertex -21.3815 -4.40877 1
      vertex -21.3815 -4.40877 0
    endloop
  endfacet
  facet normal -0.844364 -0.53577 0
    outer loop
      vertex -21.3815 -4.40877 1
      vertex -21.0451 -4.93893 0
      vertex -21.0451 -4.93893 1
    endloop
  endfacet
  facet normal -0.481772 -0.876297 0
    outer loop
      vertex -19.6791 -6.22164 0
      vertex -19.1289 -6.52413 1
      vertex -19.6791 -6.22164 1
    endloop
  endfacet
  facet normal -0.481772 -0.876297 -0
    outer loop
      vertex -19.1289 -6.52413 1
      vertex -19.6791 -6.22164 0
      vertex -19.1289 -6.52413 0
    endloop
  endfacet
  facet normal -0.587771 -0.809027 0
    outer loop
      vertex -20.1871 -5.85257 0
      vertex -19.6791 -6.22164 1
      vertex -20.1871 -5.85257 1
    endloop
  endfacet
  facet normal -0.587771 -0.809027 -0
    outer loop
      vertex -19.6791 -6.22164 1
      vertex -20.1871 -5.85257 0
      vertex -19.6791 -6.22164 0
    endloop
  endfacet
  facet normal -0.684565 -0.728952 0
    outer loop
      vertex -20.6448 -5.42274 0
      vertex -20.1871 -5.85257 1
      vertex -20.6448 -5.42274 1
    endloop
  endfacet
  facet normal -0.684565 -0.728952 -0
    outer loop
      vertex -20.1871 -5.85257 1
      vertex -20.6448 -5.42274 0
      vertex -20.1871 -5.85257 0
    endloop
  endfacet
  facet normal 0.684565 -0.728952 0
    outer loop
      vertex 20.1871 -5.85257 0
      vertex 20.6448 -5.42274 1
      vertex 20.1871 -5.85257 1
    endloop
  endfacet
  facet normal 0.684565 -0.728952 0
    outer loop
      vertex 20.6448 -5.42274 1
      vertex 20.1871 -5.85257 0
      vertex 20.6448 -5.42274 0
    endloop
  endfacet
  facet normal 0.125332 -0.992115 0
    outer loop
      vertex 17.314 -6.99013 0
      vertex 17.9369 -6.91144 1
      vertex 17.314 -6.99013 1
    endloop
  endfacet
  facet normal 0.125332 -0.992115 0
    outer loop
      vertex 17.9369 -6.91144 1
      vertex 17.314 -6.99013 0
      vertex 17.9369 -6.91144 0
    endloop
  endfacet
  facet normal 0.951072 -0.30897 0
    outer loop
      vertex 21.6489 -3.84062 1
      vertex 21.8429 -3.24345 0
      vertex 21.8429 -3.24345 1
    endloop
  endfacet
  facet normal 0.951072 -0.30897 0
    outer loop
      vertex 21.8429 -3.24345 0
      vertex 21.6489 -3.84062 1
      vertex 21.6489 -3.84062 0
    endloop
  endfacet
  facet normal 0.844364 -0.53577 0
    outer loop
      vertex 21.0451 -4.93893 1
      vertex 21.3815 -4.40877 0
      vertex 21.3815 -4.40877 1
    endloop
  endfacet
  facet normal 0.844364 -0.53577 0
    outer loop
      vertex 21.3815 -4.40877 0
      vertex 21.0451 -4.93893 1
      vertex 21.0451 -4.93893 0
    endloop
  endfacet
  facet normal 0.248691 -0.968583 0
    outer loop
      vertex 17.9369 -6.91144 0
      vertex 18.5451 -6.75528 1
      vertex 17.9369 -6.91144 1
    endloop
  endfacet
  facet normal 0.248691 -0.968583 0
    outer loop
      vertex 18.5451 -6.75528 1
      vertex 17.9369 -6.91144 0
      vertex 18.5451 -6.75528 0
    endloop
  endfacet
  facet normal 0.368135 -0.929773 0
    outer loop
      vertex 18.5451 -6.75528 0
      vertex 19.1289 -6.52413 1
      vertex 18.5451 -6.75528 1
    endloop
  endfacet
  facet normal 0.368135 -0.929773 0
    outer loop
      vertex 19.1289 -6.52413 1
      vertex 18.5451 -6.75528 0
      vertex 19.1289 -6.52413 0
    endloop
  endfacet
  facet normal 0.481772 -0.876297 0
    outer loop
      vertex 19.1289 -6.52413 0
      vertex 19.6791 -6.22164 1
      vertex 19.1289 -6.52413 1
    endloop
  endfacet
  facet normal 0.481772 -0.876297 0
    outer loop
      vertex 19.6791 -6.22164 1
      vertex 19.1289 -6.52413 0
      vertex 19.6791 -6.22164 0
    endloop
  endfacet
  facet normal 0.238696 -0.971094 0
    outer loop
      vertex 1.40693 6.99013 0
      vertex 1.66893 7.05453 1
      vertex 1.40693 6.99013 1
    endloop
  endfacet
  facet normal 0.238696 -0.971094 0
    outer loop
      vertex 1.66893 7.05453 1
      vertex 1.40693 6.99013 0
      vertex 1.66893 7.05453 0
    endloop
  endfacet
  facet normal 0.348045 -0.937478 0
    outer loop
      vertex 1.66893 7.05453 0
      vertex 2.28368 7.28276 1
      vertex 1.66893 7.05453 1
    endloop
  endfacet
  facet normal 0.348045 -0.937478 0
    outer loop
      vertex 2.28368 7.28276 1
      vertex 1.66893 7.05453 0
      vertex 2.28368 7.28276 0
    endloop
  endfacet
  facet normal 0.459992 -0.887923 0
    outer loop
      vertex 2.28368 7.28276 0
      vertex 2.85005 7.57617 1
      vertex 2.28368 7.28276 1
    endloop
  endfacet
  facet normal 0.459992 -0.887923 0
    outer loop
      vertex 2.85005 7.57617 1
      vertex 2.28368 7.28276 0
      vertex 2.85005 7.57617 0
    endloop
  endfacet
  facet normal 0.569233 -0.822176 0
    outer loop
      vertex 2.85005 7.57617 0
      vertex 3.36804 7.9348 1
      vertex 2.85005 7.57617 1
    endloop
  endfacet
  facet normal 0.569233 -0.822176 0
    outer loop
      vertex 3.36804 7.9348 1
      vertex 2.85005 7.57617 0
      vertex 3.36804 7.9348 0
    endloop
  endfacet
  facet normal 0.669996 -0.742364 0
    outer loop
      vertex 3.36804 7.9348 0
      vertex 3.83766 8.35864 1
      vertex 3.36804 7.9348 1
    endloop
  endfacet
  facet normal 0.669996 -0.742364 0
    outer loop
      vertex 3.83766 8.35864 1
      vertex 3.36804 7.9348 0
      vertex 3.83766 8.35864 0
    endloop
  endfacet
  facet normal 0.758335 -0.651865 0
    outer loop
      vertex 3.83766 8.35864 1
      vertex 4.2513 8.83984 0
      vertex 4.2513 8.83984 1
    endloop
  endfacet
  facet normal 0.758335 -0.651865 0
    outer loop
      vertex 4.2513 8.83984 0
      vertex 3.83766 8.35864 1
      vertex 3.83766 8.35864 0
    endloop
  endfacet
  facet normal 0.834756 -0.55062 0
    outer loop
      vertex 4.2513 8.83984 1
      vertex 4.60132 9.37048 0
      vertex 4.60132 9.37048 1
    endloop
  endfacet
  facet normal 0.834756 -0.55062 0
    outer loop
      vertex 4.60132 9.37048 0
      vertex 4.2513 8.83984 1
      vertex 4.2513 8.83984 0
    endloop
  endfacet
  facet normal 0.896676 -0.442688 0
    outer loop
      vertex 4.60132 9.37048 1
      vertex 4.8877 9.95055 0
      vertex 4.8877 9.95055 1
    endloop
  endfacet
  facet normal 0.896676 -0.442688 0
    outer loop
      vertex 4.8877 9.95055 0
      vertex 4.60132 9.37048 1
      vertex 4.60132 9.37048 0
    endloop
  endfacet
  facet normal 0.942722 -0.333581 0
    outer loop
      vertex 4.8877 9.95055 1
      vertex 5.11043 10.58 0
      vertex 5.11043 10.58 1
    endloop
  endfacet
  facet normal 0.942722 -0.333581 0
    outer loop
      vertex 5.11043 10.58 0
      vertex 4.8877 9.95055 1
      vertex 4.8877 9.95055 0
    endloop
  endfacet
  facet normal 0.973632 -0.228123 0
    outer loop
      vertex 5.11043 10.58 1
      vertex 5.26952 11.259 0
      vertex 5.26952 11.259 1
    endloop
  endfacet
  facet normal 0.973632 -0.228123 0
    outer loop
      vertex 5.26952 11.259 0
      vertex 5.11043 10.58 1
      vertex 5.11043 10.58 0
    endloop
  endfacet
  facet normal 0.991521 -0.129947 0
    outer loop
      vertex 5.26952 11.259 1
      vertex 5.36497 11.9873 0
      vertex 5.36497 11.9873 1
    endloop
  endfacet
  facet normal 0.991521 -0.129947 0
    outer loop
      vertex 5.36497 11.9873 0
      vertex 5.26952 11.259 1
      vertex 5.26952 11.259 0
    endloop
  endfacet
  facet normal 0.999164 -0.0408761 0
    outer loop
      vertex 5.36497 11.9873 1
      vertex 5.39679 12.7651 0
      vertex 5.39679 12.7651 1
    endloop
  endfacet
  facet normal 0.999164 -0.0408761 0
    outer loop
      vertex 5.39679 12.7651 0
      vertex 5.36497 11.9873 1
      vertex 5.36497 11.9873 0
    endloop
  endfacet
  facet normal 1 -0 0
    outer loop
      vertex 5.39679 12.7651 1
      vertex 5.39679 24.3997 0
      vertex 5.39679 24.3997 1
    endloop
  endfacet
  facet normal 1 0 0
    outer loop
      vertex 5.39679 24.3997 0
      vertex 5.39679 12.7651 1
      vertex 5.39679 12.7651 0
    endloop
  endfacet
  facet normal 0 1 -0
    outer loop
      vertex 5.39679 24.3997 0
      vertex -2.26932 24.3997 1
      vertex 5.39679 24.3997 1
    endloop
  endfacet
  facet normal 0 1 0
    outer loop
      vertex -2.26932 24.3997 1
      vertex 5.39679 24.3997 0
      vertex -2.26932 24.3997 0
    endloop
  endfacet
  facet normal -1 0 0
    outer loop
      vertex -2.26932 21.4234 0
      vertex -2.26932 24.3997 1
      vertex -2.26932 24.3997 0
    endloop
  endfacet
  facet normal -1 -0 0
    outer loop
      vertex -2.26932 24.3997 1
      vertex -2.26932 21.4234 0
      vertex -2.26932 21.4234 1
    endloop
  endfacet
  facet normal 0 -1 0
    outer loop
      vertex -2.26932 21.4234 0
      vertex 1.60876 21.4234 1
      vertex -2.26932 21.4234 1
    endloop
  endfacet
  facet normal 0 -1 -0
    outer loop
      vertex 1.60876 21.4234 1
      vertex -2.26932 21.4234 0
      vertex 1.60876 21.4234 0
    endloop
  endfacet
  facet normal -1 0 0
    outer loop
      vertex 1.60876 12.6751 0
      vertex 1.60876 21.4234 1
      vertex 1.60876 21.4234 0
    endloop
  endfacet
  facet normal -1 -0 0
    outer loop
      vertex 1.60876 21.4234 1
      vertex 1.60876 12.6751 0
      vertex 1.60876 12.6751 1
    endloop
  endfacet
  facet normal -0.999584 0.028844 0
    outer loop
      vertex 1.59746 12.2835 0
      vertex 1.60876 12.6751 1
      vertex 1.60876 12.6751 0
    endloop
  endfacet
  facet normal -0.999584 0.028844 0
    outer loop
      vertex 1.60876 12.6751 1
      vertex 1.59746 12.2835 0
      vertex 1.59746 12.2835 1
    endloop
  endfacet
  facet normal -0.995703 0.0926083 0
    outer loop
      vertex 1.56354 11.9188 0
      vertex 1.59746 12.2835 1
      vertex 1.59746 12.2835 0
    endloop
  endfacet
  facet normal -0.995703 0.0926083 0
    outer loop
      vertex 1.59746 12.2835 1
      vertex 1.56354 11.9188 0
      vertex 1.56354 11.9188 1
    endloop
  endfacet
  facet normal -0.986288 0.165033 0
    outer loop
      vertex 1.507 11.5809 0
      vertex 1.56354 11.9188 1
      vertex 1.56354 11.9188 0
    endloop
  endfacet
  facet normal -0.986288 0.165033 0
    outer loop
      vertex 1.56354 11.9188 1
      vertex 1.507 11.5809 0
      vertex 1.507 11.5809 1
    endloop
  endfacet
  facet normal -0.969134 0.246536 0
    outer loop
      vertex 1.42786 11.2698 0
      vertex 1.507 11.5809 1
      vertex 1.507 11.5809 0
    endloop
  endfacet
  facet normal -0.969134 0.246536 0
    outer loop
      vertex 1.507 11.5809 1
      vertex 1.42786 11.2698 0
      vertex 1.42786 11.2698 1
    endloop
  endfacet
  facet normal -0.941506 0.336995 0
    outer loop
      vertex 1.3261 10.9855 0
      vertex 1.42786 11.2698 1
      vertex 1.42786 11.2698 0
    endloop
  endfacet
  facet normal -0.941506 0.336995 0
    outer loop
      vertex 1.42786 11.2698 1
      vertex 1.3261 10.9855 0
      vertex 1.3261 10.9855 1
    endloop
  endfacet
  facet normal -0.90039 0.435084 0
    outer loop
      vertex 1.20172 10.7281 0
      vertex 1.3261 10.9855 1
      vertex 1.3261 10.9855 0
    endloop
  endfacet
  facet normal -0.90039 0.435084 0
    outer loop
      vertex 1.3261 10.9855 1
      vertex 1.20172 10.7281 0
      vertex 1.20172 10.7281 1
    endloop
  endfacet
  facet normal -0.84324 0.537538 0
    outer loop
      vertex 1.05472 10.4975 0
      vertex 1.20172 10.7281 1
      vertex 1.20172 10.7281 0
    endloop
  endfacet
  facet normal -0.84324 0.537538 0
    outer loop
      vertex 1.20172 10.7281 1
      vertex 1.05472 10.4975 0
      vertex 1.05472 10.4975 1
    endloop
  endfacet
  facet normal -0.771782 0.635888 0
    outer loop
      vertex 0.888535 10.2958 0
      vertex 1.05472 10.4975 1
      vertex 1.05472 10.4975 0
    endloop
  endfacet
  facet normal -0.771782 0.635888 0
    outer loop
      vertex 1.05472 10.4975 1
      vertex 0.888535 10.2958 0
      vertex 0.888535 10.2958 1
    endloop
  endfacet
  facet normal -0.684209 0.729286 0
    outer loop
      vertex 0.888535 10.2958 0
      vertex 0.706589 10.1251 1
      vertex 0.888535 10.2958 1
    endloop
  endfacet
  facet normal -0.684209 0.729286 0
    outer loop
      vertex 0.706589 10.1251 1
      vertex 0.888535 10.2958 0
      vertex 0.706589 10.1251 0
    endloop
  endfacet
  facet normal -0.576737 0.81693 0
    outer loop
      vertex 0.706589 10.1251 0
      vertex 0.50885 9.9855 1
      vertex 0.706589 10.1251 1
    endloop
  endfacet
  facet normal -0.576737 0.81693 0
    outer loop
      vertex 0.50885 9.9855 1
      vertex 0.706589 10.1251 0
      vertex 0.50885 9.9855 0
    endloop
  endfacet
  facet normal -0.453347 0.891334 0
    outer loop
      vertex 0.50885 9.9855 0
      vertex 0.295349 9.87691 1
      vertex 0.50885 9.9855 1
    endloop
  endfacet
  facet normal -0.453347 0.891334 0
    outer loop
      vertex 0.295349 9.87691 1
      vertex 0.50885 9.9855 0
      vertex 0.295349 9.87691 0
    endloop
  endfacet
  facet normal -0.320515 0.947243 0
    outer loop
      vertex 0.295349 9.87691 0
      vertex 0.0660706 9.79933 1
      vertex 0.295349 9.87691 1
    endloop
  endfacet
  facet normal -0.320515 0.947243 0
    outer loop
      vertex 0.0660706 9.79933 1
      vertex 0.295349 9.87691 0
      vertex 0.0660706 9.79933 0
    endloop
  endfacet
  facet normal -0.186592 0.982437 0
    outer loop
      vertex 0.0660706 9.79933 0
      vertex -0.17897 9.75279 1
      vertex 0.0660706 9.79933 1
    endloop
  endfacet
  facet normal -0.186592 0.982437 0
    outer loop
      vertex -0.17897 9.75279 1
      vertex 0.0660706 9.79933 0
      vertex -0.17897 9.75279 0
    endloop
  endfacet
  facet normal -0.0593964 0.998234 0
    outer loop
      vertex -0.17897 9.75279 0
      vertex -0.439804 9.73727 1
      vertex -0.17897 9.75279 1
    endloop
  endfacet
  facet normal -0.0593964 0.998234 0
    outer loop
      vertex -0.439804 9.73727 1
      vertex -0.17897 9.75279 0
      vertex -0.439804 9.73727 0
    endloop
  endfacet
  facet normal 0.0670224 0.997751 -0
    outer loop
      vertex -0.439804 9.73727 0
      vertex -0.666977 9.75253 1
      vertex -0.439804 9.73727 1
    endloop
  endfacet
  facet normal 0.0670224 0.997751 0
    outer loop
      vertex -0.666977 9.75253 1
      vertex -0.439804 9.73727 0
      vertex -0.666977 9.75253 0
    endloop
  endfacet
  facet normal 0.205648 0.978626 -0
    outer loop
      vertex -0.666977 9.75253 0
      vertex -0.884689 9.79828 1
      vertex -0.666977 9.75253 1
    endloop
  endfacet
  facet normal 0.205648 0.978626 0
    outer loop
      vertex -0.884689 9.79828 1
      vertex -0.666977 9.75253 0
      vertex -0.884689 9.79828 0
    endloop
  endfacet
  facet normal 0.343793 0.939045 -0
    outer loop
      vertex -0.884689 9.79828 0
      vertex -1.09296 9.87453 1
      vertex -0.884689 9.79828 1
    endloop
  endfacet
  facet normal 0.343793 0.939045 0
    outer loop
      vertex -1.09296 9.87453 1
      vertex -0.884689 9.79828 0
      vertex -1.09296 9.87453 0
    endloop
  endfacet
  facet normal 0.473101 0.881008 -0
    outer loop
      vertex -1.09296 9.87453 0
      vertex -1.29175 9.98128 1
      vertex -1.09296 9.87453 1
    endloop
  endfacet
  facet normal 0.473101 0.881008 0
    outer loop
      vertex -1.29175 9.98128 1
      vertex -1.09296 9.87453 0
      vertex -1.29175 9.98128 0
    endloop
  endfacet
  facet normal 0.586844 0.8097 -0
    outer loop
      vertex -1.29175 9.98128 0
      vertex -1.48108 10.1185 1
      vertex -1.29175 9.98128 1
    endloop
  endfacet
  facet normal 0.586844 0.8097 0
    outer loop
      vertex -1.48108 10.1185 1
      vertex -1.29175 9.98128 0
      vertex -1.48108 10.1185 0
    endloop
  endfacet
  facet normal 0.682147 0.731215 -0
    outer loop
      vertex -1.48108 10.1185 0
      vertex -1.66095 10.2863 1
      vertex -1.48108 10.1185 1
    endloop
  endfacet
  facet normal 0.682147 0.731215 0
    outer loop
      vertex -1.66095 10.2863 1
      vertex -1.48108 10.1185 0
      vertex -1.66095 10.2863 0
    endloop
  endfacet
  facet normal 0.758265 0.651947 0
    outer loop
      vertex -1.66095 10.2863 1
      vertex -1.83136 10.4845 0
      vertex -1.83136 10.4845 1
    endloop
  endfacet
  facet normal 0.758265 0.651947 0
    outer loop
      vertex -1.83136 10.4845 0
      vertex -1.66095 10.2863 1
      vertex -1.66095 10.2863 0
    endloop
  endfacet
  facet normal 0.821782 0.569802 0
    outer loop
      vertex -1.83136 10.4845 1
      vertex -1.99042 10.7139 0
      vertex -1.99042 10.7139 1
    endloop
  endfacet
  facet normal 0.821782 0.569802 0
    outer loop
      vertex -1.99042 10.7139 0
      vertex -1.83136 10.4845 1
      vertex -1.83136 10.4845 0
    endloop
  endfacet
  facet normal 0.872768 0.488135 0
    outer loop
      vertex -1.99042 10.7139 1
      vertex -2.13634 10.9748 0
      vertex -2.13634 10.9748 1
    endloop
  endfacet
  facet normal 0.872768 0.488135 0
    outer loop
      vertex -2.13634 10.9748 0
      vertex -1.99042 10.7139 1
      vertex -1.99042 10.7139 0
    endloop
  endfacet
  facet normal 0.910518 0.41347 0
    outer loop
      vertex -2.13634 10.9748 1
      vertex -2.26912 11.2672 0
      vertex -2.26912 11.2672 1
    endloop
  endfacet
  facet normal 0.910518 0.41347 0
    outer loop
      vertex -2.26912 11.2672 0
      vertex -2.13634 10.9748 1
      vertex -2.13634 10.9748 0
    endloop
  endfacet
  facet normal 0.938088 0.346398 0
    outer loop
      vertex -2.26912 11.2672 1
      vertex -2.38876 11.5912 0
      vertex -2.38876 11.5912 1
    endloop
  endfacet
  facet normal 0.938088 0.346398 0
    outer loop
      vertex -2.38876 11.5912 0
      vertex -2.26912 11.2672 1
      vertex -2.26912 11.2672 0
    endloop
  endfacet
  facet normal 0.95793 0.287002 0
    outer loop
      vertex -2.38876 11.5912 1
      vertex -2.49527 11.9467 0
      vertex -2.49527 11.9467 1
    endloop
  endfacet
  facet normal 0.95793 0.287002 0
    outer loop
      vertex -2.49527 11.9467 0
      vertex -2.38876 11.5912 1
      vertex -2.38876 11.5912 0
    endloop
  endfacet
  facet normal 0.972121 0.234479 0
    outer loop
      vertex -2.49527 11.9467 1
      vertex -2.58864 12.3338 0
      vertex -2.58864 12.3338 1
    endloop
  endfacet
  facet normal 0.972121 0.234479 0
    outer loop
      vertex -2.58864 12.3338 0
      vertex -2.49527 11.9467 1
      vertex -2.49527 11.9467 0
    endloop
  endfacet
  facet normal 0.982119 0.188259 0
    outer loop
      vertex -2.58864 12.3338 1
      vertex -2.66888 12.7524 0
      vertex -2.66888 12.7524 1
    endloop
  endfacet
  facet normal 0.982119 0.188259 0
    outer loop
      vertex -2.66888 12.7524 0
      vertex -2.58864 12.3338 1
      vertex -2.58864 12.3338 0
    endloop
  endfacet
  facet normal -0.146201 0.989255 0
    outer loop
      vertex -2.66888 12.7524 0
      vertex -6.41815 12.1983 1
      vertex -2.66888 12.7524 1
    endloop
  endfacet
  facet normal -0.146201 0.989255 0
    outer loop
      vertex -6.41815 12.1983 1
      vertex -2.66888 12.7524 0
      vertex -6.41815 12.1983 0
    endloop
  endfacet
  facet normal -0.983496 -0.180931 0
    outer loop
      vertex -6.28459 11.4723 0
      vertex -6.41815 12.1983 1
      vertex -6.41815 12.1983 0
    endloop
  endfacet
  facet normal -0.983496 -0.180931 0
    outer loop
      vertex -6.41815 12.1983 1
      vertex -6.28459 11.4723 0
      vertex -6.28459 11.4723 1
    endloop
  endfacet
  facet normal -0.966387 -0.257093 0
    outer loop
      vertex -6.10475 10.7963 0
      vertex -6.28459 11.4723 1
      vertex -6.28459 11.4723 0
    endloop
  endfacet
  facet normal -0.966387 -0.257093 0
    outer loop
      vertex -6.28459 11.4723 1
      vertex -6.10475 10.7963 0
      vertex -6.10475 10.7963 1
    endloop
  endfacet
  facet normal -0.94054 -0.339682 0
    outer loop
      vertex -5.87863 10.1702 0
      vertex -6.10475 10.7963 1
      vertex -6.10475 10.7963 0
    endloop
  endfacet
  facet normal -0.94054 -0.339682 0
    outer loop
      vertex -6.10475 10.7963 1
      vertex -5.87863 10.1702 0
      vertex -5.87863 10.1702 1
    endloop
  endfacet
  facet normal -0.90404 -0.427447 0
    outer loop
      vertex -5.60622 9.59406 0
      vertex -5.87863 10.1702 1
      vertex -5.87863 10.1702 0
    endloop
  endfacet
  facet normal -0.90404 -0.427447 0
    outer loop
      vertex -5.87863 10.1702 1
      vertex -5.60622 9.59406 0
      vertex -5.60622 9.59406 1
    endloop
  endfacet
  facet normal -0.85535 -0.518051 0
    outer loop
      vertex -5.28754 9.06789 0
      vertex -5.60622 9.59406 1
      vertex -5.60622 9.59406 0
    endloop
  endfacet
  facet normal -0.85535 -0.518051 0
    outer loop
      vertex -5.60622 9.59406 1
      vertex -5.28754 9.06789 0
      vertex -5.28754 9.06789 1
    endloop
  endfacet
  facet normal -0.793711 -0.608295 0
    outer loop
      vertex -4.92256 8.59166 0
      vertex -5.28754 9.06789 1
      vertex -5.28754 9.06789 0
    endloop
  endfacet
  facet normal -0.793711 -0.608295 0
    outer loop
      vertex -5.28754 9.06789 1
      vertex -4.92256 8.59166 0
      vertex -4.92256 8.59166 1
    endloop
  endfacet
  facet normal -0.719656 -0.694331 0
    outer loop
      vertex -4.51131 8.16541 0
      vertex -4.92256 8.59166 1
      vertex -4.92256 8.59166 0
    endloop
  endfacet
  facet normal -0.719656 -0.694331 0
    outer loop
      vertex -4.92256 8.59166 1
      vertex -4.51131 8.16541 0
      vertex -4.51131 8.16541 1
    endloop
  endfacet
  facet normal -0.633614 -0.77365 0
    outer loop
      vertex -4.51131 8.16541 0
      vertex -4.05641 7.79285 1
      vertex -4.51131 8.16541 1
    endloop
  endfacet
  facet normal -0.633614 -0.77365 -0
    outer loop
      vertex -4.05641 7.79285 1
      vertex -4.51131 8.16541 0
      vertex -4.05641 7.79285 0
    endloop
  endfacet
  facet normal -0.536493 -0.843905 0
    outer loop
      vertex -4.05641 7.79285 0
      vertex -3.56049 7.47758 1
      vertex -4.05641 7.79285 1
    endloop
  endfacet
  facet normal -0.536493 -0.843905 -0
    outer loop
      vertex -3.56049 7.47758 1
      vertex -4.05641 7.79285 0
      vertex -3.56049 7.47758 0
    endloop
  endfacet
  facet normal -0.432968 -0.901409 0
    outer loop
      vertex -3.56049 7.47758 0
      vertex -3.02354 7.21967 1
      vertex -3.56049 7.47758 1
    endloop
  endfacet
  facet normal -0.432968 -0.901409 -0
    outer loop
      vertex -3.02354 7.21967 1
      vertex -3.56049 7.47758 0
      vertex -3.02354 7.21967 0
    endloop
  endfacet
  facet normal -0.327948 -0.944696 0
    outer loop
      vertex -3.02354 7.21967 0
      vertex -2.4456 7.01904 1
      vertex -3.02354 7.21967 1
    endloop
  endfacet
  facet normal -0.327948 -0.944696 -0
    outer loop
      vertex -2.4456 7.01904 1
      vertex -3.02354 7.21967 0
      vertex -2.4456 7.01904 0
    endloop
  endfacet
  facet normal -0.225555 -0.974231 0
    outer loop
      vertex -2.4456 7.01904 0
      vertex -2.32073 6.99013 1
      vertex -2.4456 7.01904 1
    endloop
  endfacet
  facet normal -0.225555 -0.974231 -0
    outer loop
      vertex -2.32073 6.99013 1
      vertex -2.4456 7.01904 0
      vertex -2.32073 6.99013 0
    endloop
  endfacet
  facet normal -0.998031 -0.0627242 0
    outer loop
      vertex -11.75 0 0
      vertex -11.7756 0.407332 1
      vertex -11.7756 0.407332 0
    endloop
  endfacet
  facet normal -0.998031 -0.0627242 0
    outer loop
      vertex -11.7756 0.407332 1
      vertex -11.75 0 0
      vertex -11.75 0 1
    endloop
  endfacet
  facet normal 0.998031 -0.0627242 0
    outer loop
      vertex -18.25 0 1
      vertex -18.2244 0.407332 0
      vertex -18.2244 0.407332 1
    endloop
  endfacet
  facet normal 0.998031 -0.0627242 0
    outer loop
      vertex -18.2244 0.407332 0
      vertex -18.25 0 1
      vertex -18.25 0 0
    endloop
  endfacet
  facet normal 0 -1 0
    outer loop
      vertex -15.2041 3.24359 0
      vertex -14.7959 3.24359 1
      vertex -15.2041 3.24359 1
    endloop
  endfacet
  facet normal 0 -1 -0
    outer loop
      vertex -14.7959 3.24359 1
      vertex -15.2041 3.24359 0
      vertex -14.7959 3.24359 0
    endloop
  endfacet
  facet normal -0.684572 -0.728946 0
    outer loop
      vertex -12.9284 2.50417 0
      vertex -12.6309 2.22478 1
      vertex -12.9284 2.50417 1
    endloop
  endfacet
  facet normal -0.684572 -0.728946 -0
    outer loop
      vertex -12.6309 2.22478 1
      vertex -12.9284 2.50417 0
      vertex -12.6309 2.22478 0
    endloop
  endfacet
  facet normal 0.684572 -0.728946 0
    outer loop
      vertex -17.3691 2.22478 0
      vertex -17.0716 2.50417 1
      vertex -17.3691 2.22478 1
    endloop
  endfacet
  facet normal 0.684572 -0.728946 0
    outer loop
      vertex -17.0716 2.50417 1
      vertex -17.3691 2.22478 0
      vertex -17.0716 2.50417 0
    endloop
  endfacet
  facet normal 0.368093 -0.929789 0
    outer loop
      vertex -16.3838 2.94069 0
      vertex -16.0043 3.09093 1
      vertex -16.3838 2.94069 1
    endloop
  endfacet
  facet normal 0.368093 -0.929789 0
    outer loop
      vertex -16.0043 3.09093 1
      vertex -16.3838 2.94069 0
      vertex -16.0043 3.09093 0
    endloop
  endfacet
  facet normal -0.844317 0.535845 0
    outer loop
      vertex -12.3707 -1.9103 0
      vertex -12.152 -1.5657 1
      vertex -12.152 -1.5657 0
    endloop
  endfacet
  facet normal -0.844317 0.535845 0
    outer loop
      vertex -12.152 -1.5657 1
      vertex -12.3707 -1.9103 0
      vertex -12.3707 -1.9103 1
    endloop
  endfacet
  facet normal -0.904808 -0.425821 0
    outer loop
      vertex -11.9782 1.1964 0
      vertex -12.152 1.5657 1
      vertex -12.152 1.5657 0
    endloop
  endfacet
  facet normal -0.904808 -0.425821 0
    outer loop
      vertex -12.152 1.5657 1
      vertex -11.9782 1.1964 0
      vertex -11.9782 1.1964 1
    endloop
  endfacet
  facet normal -0.844317 -0.535845 0
    outer loop
      vertex -12.152 1.5657 0
      vertex -12.3707 1.9103 1
      vertex -12.3707 1.9103 0
    endloop
  endfacet
  facet normal -0.844317 -0.535845 0
    outer loop
      vertex -12.3707 1.9103 1
      vertex -12.152 1.5657 0
      vertex -12.152 1.5657 1
    endloop
  endfacet
  facet normal -0.368093 -0.929789 0
    outer loop
      vertex -13.9957 3.09093 0
      vertex -13.6162 2.94069 1
      vertex -13.9957 3.09093 1
    endloop
  endfacet
  facet normal -0.368093 -0.929789 -0
    outer loop
      vertex -13.6162 2.94069 1
      vertex -13.9957 3.09093 0
      vertex -13.6162 2.94069 0
    endloop
  endfacet
  facet normal -0.2487 -0.968581 0
    outer loop
      vertex -14.391 3.19243 0
      vertex -13.9957 3.09093 1
      vertex -14.391 3.19243 1
    endloop
  endfacet
  facet normal -0.2487 -0.968581 -0
    outer loop
      vertex -13.9957 3.09093 1
      vertex -14.391 3.19243 0
      vertex -13.9957 3.09093 0
    endloop
  endfacet
  facet normal -0.587778 -0.809022 0
    outer loop
      vertex -13.2586 2.74407 0
      vertex -12.9284 2.50417 1
      vertex -13.2586 2.74407 1
    endloop
  endfacet
  facet normal -0.587778 -0.809022 -0
    outer loop
      vertex -12.9284 2.50417 1
      vertex -13.2586 2.74407 0
      vertex -12.9284 2.50417 0
    endloop
  endfacet
  facet normal 0.844317 -0.535845 0
    outer loop
      vertex -17.848 1.5657 1
      vertex -17.6293 1.9103 0
      vertex -17.6293 1.9103 1
    endloop
  endfacet
  facet normal 0.844317 -0.535845 0
    outer loop
      vertex -17.6293 1.9103 0
      vertex -17.848 1.5657 1
      vertex -17.848 1.5657 0
    endloop
  endfacet
  facet normal 0.770466 -0.637481 0
    outer loop
      vertex -17.6293 1.9103 1
      vertex -17.3691 2.22478 0
      vertex -17.3691 2.22478 1
    endloop
  endfacet
  facet normal 0.770466 -0.637481 0
    outer loop
      vertex -17.3691 2.22478 0
      vertex -17.6293 1.9103 1
      vertex -17.6293 1.9103 0
    endloop
  endfacet
  facet normal 0.951071 -0.308972 0
    outer loop
      vertex -18.1479 0.808242 1
      vertex -18.0218 1.1964 0
      vertex -18.0218 1.1964 1
    endloop
  endfacet
  facet normal 0.951071 -0.308972 0
    outer loop
      vertex -18.0218 1.1964 0
      vertex -18.1479 0.808242 1
      vertex -18.1479 0.808242 0
    endloop
  endfacet
  facet normal 0.481806 -0.876278 0
    outer loop
      vertex -16.7414 2.74407 0
      vertex -16.3838 2.94069 1
      vertex -16.7414 2.74407 1
    endloop
  endfacet
  facet normal 0.481806 -0.876278 0
    outer loop
      vertex -16.3838 2.94069 1
      vertex -16.7414 2.74407 0
      vertex -16.3838 2.94069 0
    endloop
  endfacet
  facet normal 0.125356 -0.992112 0
    outer loop
      vertex -15.609 3.19243 0
      vertex -15.2041 3.24359 1
      vertex -15.609 3.19243 1
    endloop
  endfacet
  facet normal 0.125356 -0.992112 0
    outer loop
      vertex -15.2041 3.24359 1
      vertex -15.609 3.19243 0
      vertex -15.2041 3.24359 0
    endloop
  endfacet
  facet normal -0.998031 0.0627242 0
    outer loop
      vertex -11.7756 -0.407332 0
      vertex -11.75 0 1
      vertex -11.75 0 0
    endloop
  endfacet
  facet normal -0.998031 0.0627242 0
    outer loop
      vertex -11.75 0 1
      vertex -11.7756 -0.407332 0
      vertex -11.7756 -0.407332 1
    endloop
  endfacet
  facet normal 0.2487 0.968581 -0
    outer loop
      vertex -15.609 -3.19243 0
      vertex -16.0043 -3.09093 1
      vertex -15.609 -3.19243 1
    endloop
  endfacet
  facet normal 0.2487 0.968581 0
    outer loop
      vertex -16.0043 -3.09093 1
      vertex -15.609 -3.19243 0
      vertex -16.0043 -3.09093 0
    endloop
  endfacet
  facet normal -0.125356 0.992112 0
    outer loop
      vertex -14.391 -3.19243 0
      vertex -14.7959 -3.24359 1
      vertex -14.391 -3.19243 1
    endloop
  endfacet
  facet normal -0.125356 0.992112 0
    outer loop
      vertex -14.7959 -3.24359 1
      vertex -14.391 -3.19243 0
      vertex -14.7959 -3.24359 0
    endloop
  endfacet
  facet normal -0.951071 -0.308972 0
    outer loop
      vertex -11.8521 0.808242 0
      vertex -11.9782 1.1964 1
      vertex -11.9782 1.1964 0
    endloop
  endfacet
  facet normal -0.951071 -0.308972 0
    outer loop
      vertex -11.9782 1.1964 1
      vertex -11.8521 0.808242 0
      vertex -11.8521 0.808242 1
    endloop
  endfacet
  facet normal -0.982277 -0.187434 0
    outer loop
      vertex -11.7756 0.407332 0
      vertex -11.8521 0.808242 1
      vertex -11.8521 0.808242 0
    endloop
  endfacet
  facet normal -0.982277 -0.187434 0
    outer loop
      vertex -11.8521 0.808242 1
      vertex -11.7756 0.407332 0
      vertex -11.7756 0.407332 1
    endloop
  endfacet
  facet normal -0.770466 -0.637481 0
    outer loop
      vertex -12.3707 1.9103 0
      vertex -12.6309 2.22478 1
      vertex -12.6309 2.22478 0
    endloop
  endfacet
  facet normal -0.770466 -0.637481 0
    outer loop
      vertex -12.6309 2.22478 1
      vertex -12.3707 1.9103 0
      vertex -12.3707 1.9103 1
    endloop
  endfacet
  facet normal -0.125356 -0.992112 0
    outer loop
      vertex -14.7959 3.24359 0
      vertex -14.391 3.19243 1
      vertex -14.7959 3.24359 1
    endloop
  endfacet
  facet normal -0.125356 -0.992112 -0
    outer loop
      vertex -14.391 3.19243 1
      vertex -14.7959 3.24359 0
      vertex -14.391 3.19243 0
    endloop
  endfacet
  facet normal -0.481806 -0.876278 0
    outer loop
      vertex -13.6162 2.94069 0
      vertex -13.2586 2.74407 1
      vertex -13.6162 2.94069 1
    endloop
  endfacet
  facet normal -0.481806 -0.876278 -0
    outer loop
      vertex -13.2586 2.74407 1
      vertex -13.6162 2.94069 0
      vertex -13.2586 2.74407 0
    endloop
  endfacet
  facet normal 0.904808 -0.425821 0
    outer loop
      vertex -18.0218 1.1964 1
      vertex -17.848 1.5657 0
      vertex -17.848 1.5657 1
    endloop
  endfacet
  facet normal 0.904808 -0.425821 0
    outer loop
      vertex -17.848 1.5657 0
      vertex -18.0218 1.1964 1
      vertex -18.0218 1.1964 0
    endloop
  endfacet
  facet normal -0.587778 0.809022 0
    outer loop
      vertex -12.9284 -2.50417 0
      vertex -13.2586 -2.74407 1
      vertex -12.9284 -2.50417 1
    endloop
  endfacet
  facet normal -0.587778 0.809022 0
    outer loop
      vertex -13.2586 -2.74407 1
      vertex -12.9284 -2.50417 0
      vertex -13.2586 -2.74407 0
    endloop
  endfacet
  facet normal -0.951071 0.308972 0
    outer loop
      vertex -11.9782 -1.1964 0
      vertex -11.8521 -0.808242 1
      vertex -11.8521 -0.808242 0
    endloop
  endfacet
  facet normal -0.951071 0.308972 0
    outer loop
      vertex -11.8521 -0.808242 1
      vertex -11.9782 -1.1964 0
      vertex -11.9782 -1.1964 1
    endloop
  endfacet
  facet normal -0.904808 0.425821 0
    outer loop
      vertex -12.152 -1.5657 0
      vertex -11.9782 -1.1964 1
      vertex -11.9782 -1.1964 0
    endloop
  endfacet
  facet normal -0.904808 0.425821 0
    outer loop
      vertex -11.9782 -1.1964 1
      vertex -12.152 -1.5657 0
      vertex -12.152 -1.5657 1
    endloop
  endfacet
  facet normal -0.982277 0.187434 0
    outer loop
      vertex -11.8521 -0.808242 0
      vertex -11.7756 -0.407332 1
      vertex -11.7756 -0.407332 0
    endloop
  endfacet
  facet normal -0.982277 0.187434 0
    outer loop
      vertex -11.7756 -0.407332 1
      vertex -11.8521 -0.808242 0
      vertex -11.8521 -0.808242 1
    endloop
  endfacet
  facet normal 0.125356 0.992112 -0
    outer loop
      vertex -15.2041 -3.24359 0
      vertex -15.609 -3.19243 1
      vertex -15.2041 -3.24359 1
    endloop
  endfacet
  facet normal 0.125356 0.992112 0
    outer loop
      vertex -15.609 -3.19243 1
      vertex -15.2041 -3.24359 0
      vertex -15.609 -3.19243 0
    endloop
  endfacet
  facet normal 0.951071 0.308972 0
    outer loop
      vertex -18.0218 -1.1964 1
      vertex -18.1479 -0.808242 0
      vertex -18.1479 -0.808242 1
    endloop
  endfacet
  facet normal 0.951071 0.308972 0
    outer loop
      vertex -18.1479 -0.808242 0
      vertex -18.0218 -1.1964 1
      vertex -18.0218 -1.1964 0
    endloop
  endfacet
  facet normal -0.481806 0.876278 0
    outer loop
      vertex -13.2586 -2.74407 0
      vertex -13.6162 -2.94069 1
      vertex -13.2586 -2.74407 1
    endloop
  endfacet
  facet normal -0.481806 0.876278 0
    outer loop
      vertex -13.6162 -2.94069 1
      vertex -13.2586 -2.74407 0
      vertex -13.6162 -2.94069 0
    endloop
  endfacet
  facet normal 0.982277 -0.187434 0
    outer loop
      vertex -18.2244 0.407332 1
      vertex -18.1479 0.808242 0
      vertex -18.1479 0.808242 1
    endloop
  endfacet
  facet normal 0.982277 -0.187434 0
    outer loop
      vertex -18.1479 0.808242 0
      vertex -18.2244 0.407332 1
      vertex -18.2244 0.407332 0
    endloop
  endfacet
  facet normal 0.587778 -0.809022 0
    outer loop
      vertex -17.0716 2.50417 0
      vertex -16.7414 2.74407 1
      vertex -17.0716 2.50417 1
    endloop
  endfacet
  facet normal 0.587778 -0.809022 0
    outer loop
      vertex -16.7414 2.74407 1
      vertex -17.0716 2.50417 0
      vertex -16.7414 2.74407 0
    endloop
  endfacet
  facet normal 0.2487 -0.968581 0
    outer loop
      vertex -16.0043 3.09093 0
      vertex -15.609 3.19243 1
      vertex -16.0043 3.09093 1
    endloop
  endfacet
  facet normal 0.2487 -0.968581 0
    outer loop
      vertex -15.609 3.19243 1
      vertex -16.0043 3.09093 0
      vertex -15.609 3.19243 0
    endloop
  endfacet
  facet normal 0.770466 0.637481 0
    outer loop
      vertex -17.3691 -2.22478 1
      vertex -17.6293 -1.9103 0
      vertex -17.6293 -1.9103 1
    endloop
  endfacet
  facet normal 0.770466 0.637481 0
    outer loop
      vertex -17.6293 -1.9103 0
      vertex -17.3691 -2.22478 1
      vertex -17.3691 -2.22478 0
    endloop
  endfacet
  facet normal 0.998031 0.0627242 0
    outer loop
      vertex -18.2244 -0.407332 1
      vertex -18.25 0 0
      vertex -18.25 0 1
    endloop
  endfacet
  facet normal 0.998031 0.0627242 0
    outer loop
      vertex -18.25 0 0
      vertex -18.2244 -0.407332 1
      vertex -18.2244 -0.407332 0
    endloop
  endfacet
  facet normal -0.684572 0.728946 0
    outer loop
      vertex -12.6309 -2.22478 0
      vertex -12.9284 -2.50417 1
      vertex -12.6309 -2.22478 1
    endloop
  endfacet
  facet normal -0.684572 0.728946 0
    outer loop
      vertex -12.9284 -2.50417 1
      vertex -12.6309 -2.22478 0
      vertex -12.9284 -2.50417 0
    endloop
  endfacet
  facet normal 0 1 -0
    outer loop
      vertex -14.7959 -3.24359 0
      vertex -15.2041 -3.24359 1
      vertex -14.7959 -3.24359 1
    endloop
  endfacet
  facet normal 0 1 0
    outer loop
      vertex -15.2041 -3.24359 1
      vertex -14.7959 -3.24359 0
      vertex -15.2041 -3.24359 0
    endloop
  endfacet
  facet normal 0.684572 0.728946 -0
    outer loop
      vertex -17.0716 -2.50417 0
      vertex -17.3691 -2.22478 1
      vertex -17.0716 -2.50417 1
    endloop
  endfacet
  facet normal 0.684572 0.728946 0
    outer loop
      vertex -17.3691 -2.22478 1
      vertex -17.0716 -2.50417 0
      vertex -17.3691 -2.22478 0
    endloop
  endfacet
  facet normal 0.844317 0.535845 0
    outer loop
      vertex -17.6293 -1.9103 1
      vertex -17.848 -1.5657 0
      vertex -17.848 -1.5657 1
    endloop
  endfacet
  facet normal 0.844317 0.535845 0
    outer loop
      vertex -17.848 -1.5657 0
      vertex -17.6293 -1.9103 1
      vertex -17.6293 -1.9103 0
    endloop
  endfacet
  facet normal 0.904808 0.425821 0
    outer loop
      vertex -17.848 -1.5657 1
      vertex -18.0218 -1.1964 0
      vertex -18.0218 -1.1964 1
    endloop
  endfacet
  facet normal 0.904808 0.425821 0
    outer loop
      vertex -18.0218 -1.1964 0
      vertex -17.848 -1.5657 1
      vertex -17.848 -1.5657 0
    endloop
  endfacet
  facet normal 0.982277 0.187434 0
    outer loop
      vertex -18.1479 -0.808242 1
      vertex -18.2244 -0.407332 0
      vertex -18.2244 -0.407332 1
    endloop
  endfacet
  facet normal 0.982277 0.187434 0
    outer loop
      vertex -18.2244 -0.407332 0
      vertex -18.1479 -0.808242 1
      vertex -18.1479 -0.808242 0
    endloop
  endfacet
  facet normal -0.770466 0.637481 0
    outer loop
      vertex -12.6309 -2.22478 0
      vertex -12.3707 -1.9103 1
      vertex -12.3707 -1.9103 0
    endloop
  endfacet
  facet normal -0.770466 0.637481 0
    outer loop
      vertex -12.3707 -1.9103 1
      vertex -12.6309 -2.22478 0
      vertex -12.6309 -2.22478 1
    endloop
  endfacet
  facet normal -0.2487 0.968581 0
    outer loop
      vertex -13.9957 -3.09093 0
      vertex -14.391 -3.19243 1
      vertex -13.9957 -3.09093 1
    endloop
  endfacet
  facet normal -0.2487 0.968581 0
    outer loop
      vertex -14.391 -3.19243 1
      vertex -13.9957 -3.09093 0
      vertex -14.391 -3.19243 0
    endloop
  endfacet
  facet normal 0.587778 0.809022 -0
    outer loop
      vertex -16.7414 -2.74407 0
      vertex -17.0716 -2.50417 1
      vertex -16.7414 -2.74407 1
    endloop
  endfacet
  facet normal 0.587778 0.809022 0
    outer loop
      vertex -17.0716 -2.50417 1
      vertex -16.7414 -2.74407 0
      vertex -17.0716 -2.50417 0
    endloop
  endfacet
  facet normal -0.368093 0.929789 0
    outer loop
      vertex -13.6162 -2.94069 0
      vertex -13.9957 -3.09093 1
      vertex -13.6162 -2.94069 1
    endloop
  endfacet
  facet normal -0.368093 0.929789 0
    outer loop
      vertex -13.9957 -3.09093 1
      vertex -13.6162 -2.94069 0
      vertex -13.9957 -3.09093 0
    endloop
  endfacet
  facet normal 0.368093 0.929789 -0
    outer loop
      vertex -16.0043 -3.09093 0
      vertex -16.3838 -2.94069 1
      vertex -16.0043 -3.09093 1
    endloop
  endfacet
  facet normal 0.368093 0.929789 0
    outer loop
      vertex -16.3838 -2.94069 1
      vertex -16.0043 -3.09093 0
      vertex -16.3838 -2.94069 0
    endloop
  endfacet
  facet normal 0.481806 0.876278 -0
    outer loop
      vertex -16.3838 -2.94069 0
      vertex -16.7414 -2.74407 1
      vertex -16.3838 -2.94069 1
    endloop
  endfacet
  facet normal 0.481806 0.876278 0
    outer loop
      vertex -16.7414 -2.74407 1
      vertex -16.3838 -2.94069 0
      vertex -16.7414 -2.74407 0
    endloop
  endfacet
  facet normal -0.904836 -0.42576 0
    outer loop
      vertex 3.02177 1.1964 0
      vertex 2.848 1.5657 1
      vertex 2.848 1.5657 0
    endloop
  endfacet
  facet normal -0.904836 -0.42576 0
    outer loop
      vertex 2.848 1.5657 1
      vertex 3.02177 1.1964 0
      vertex 3.02177 1.1964 1
    endloop
  endfacet
  facet normal -0.844317 -0.535845 0
    outer loop
      vertex 2.848 1.5657 0
      vertex 2.6293 1.9103 1
      vertex 2.6293 1.9103 0
    endloop
  endfacet
  facet normal -0.844317 -0.535845 0
    outer loop
      vertex 2.6293 1.9103 1
      vertex 2.848 1.5657 0
      vertex 2.848 1.5657 1
    endloop
  endfacet
  facet normal -0.248693 -0.968582 0
    outer loop
      vertex 0.608989 3.19243 0
      vertex 1.0043 3.09093 1
      vertex 0.608989 3.19243 1
    endloop
  endfacet
  facet normal -0.248693 -0.968582 -0
    outer loop
      vertex 1.0043 3.09093 1
      vertex 0.608989 3.19243 0
      vertex 1.0043 3.09093 0
    endloop
  endfacet
  facet normal -0.36811 -0.929782 0
    outer loop
      vertex 1.0043 3.09093 0
      vertex 1.38378 2.94069 1
      vertex 1.0043 3.09093 1
    endloop
  endfacet
  facet normal -0.36811 -0.929782 -0
    outer loop
      vertex 1.38378 2.94069 1
      vertex 1.0043 3.09093 0
      vertex 1.38378 2.94069 0
    endloop
  endfacet
  facet normal 0.36811 -0.929782 0
    outer loop
      vertex -1.38378 2.94069 0
      vertex -1.0043 3.09093 1
      vertex -1.38378 2.94069 1
    endloop
  endfacet
  facet normal 0.36811 -0.929782 0
    outer loop
      vertex -1.0043 3.09093 1
      vertex -1.38378 2.94069 0
      vertex -1.0043 3.09093 0
    endloop
  endfacet
  facet normal 0.904836 -0.42576 0
    outer loop
      vertex -3.02177 1.1964 1
      vertex -2.848 1.5657 0
      vertex -2.848 1.5657 1
    endloop
  endfacet
  facet normal 0.904836 -0.42576 0
    outer loop
      vertex -2.848 1.5657 0
      vertex -3.02177 1.1964 1
      vertex -3.02177 1.1964 0
    endloop
  endfacet
  facet normal -0.982286 0.187387 0
    outer loop
      vertex 3.14789 -0.808242 0
      vertex 3.22437 -0.407332 1
      vertex 3.22437 -0.407332 0
    endloop
  endfacet
  facet normal -0.982286 0.187387 0
    outer loop
      vertex 3.22437 -0.407332 1
      vertex 3.14789 -0.808242 0
      vertex 3.14789 -0.808242 1
    endloop
  endfacet
  facet normal -0.125349 -0.992113 0
    outer loop
      vertex 0.204069 3.24359 0
      vertex 0.608989 3.19243 1
      vertex 0.204069 3.24359 1
    endloop
  endfacet
  facet normal -0.125349 -0.992113 -0
    outer loop
      vertex 0.608989 3.19243 1
      vertex 0.204069 3.24359 0
      vertex 0.608989 3.19243 0
    endloop
  endfacet
  facet normal -0.58779 -0.809014 0
    outer loop
      vertex 1.74144 2.74407 0
      vertex 2.07163 2.50417 1
      vertex 1.74144 2.74407 1
    endloop
  endfacet
  facet normal -0.58779 -0.809014 -0
    outer loop
      vertex 2.07163 2.50417 1
      vertex 1.74144 2.74407 0
      vertex 2.07163 2.50417 0
    endloop
  endfacet
  facet normal 0.982286 -0.187387 0
    outer loop
      vertex -3.22437 0.407332 1
      vertex -3.14789 0.808242 0
      vertex -3.14789 0.808242 1
    endloop
  endfacet
  facet normal 0.982286 -0.187387 0
    outer loop
      vertex -3.14789 0.808242 0
      vertex -3.22437 0.407332 1
      vertex -3.22437 0.407332 0
    endloop
  endfacet
  facet normal 0.770526 -0.637409 0
    outer loop
      vertex -2.6293 1.9103 1
      vertex -2.36915 2.22478 0
      vertex -2.36915 2.22478 1
    endloop
  endfacet
  facet normal 0.770526 -0.637409 0
    outer loop
      vertex -2.36915 2.22478 0
      vertex -2.6293 1.9103 1
      vertex -2.6293 1.9103 0
    endloop
  endfacet
  facet normal 0.481744 -0.876312 0
    outer loop
      vertex -1.74144 2.74407 0
      vertex -1.38378 2.94069 1
      vertex -1.74144 2.74407 1
    endloop
  endfacet
  facet normal 0.481744 -0.876312 0
    outer loop
      vertex -1.38378 2.94069 1
      vertex -1.74144 2.74407 0
      vertex -1.38378 2.94069 0
    endloop
  endfacet
  facet normal 0.125349 -0.992113 0
    outer loop
      vertex -0.608989 3.19243 0
      vertex -0.204069 3.24359 1
      vertex -0.608989 3.19243 1
    endloop
  endfacet
  facet normal 0.125349 -0.992113 0
    outer loop
      vertex -0.204069 3.24359 1
      vertex -0.608989 3.19243 0
      vertex -0.204069 3.24359 0
    endloop
  endfacet
  facet normal -0.998026 -0.0627975 0
    outer loop
      vertex 3.25 0 0
      vertex 3.22437 0.407332 1
      vertex 3.22437 0.407332 0
    endloop
  endfacet
  facet normal -0.998026 -0.0627975 0
    outer loop
      vertex 3.22437 0.407332 1
      vertex 3.25 0 0
      vertex 3.25 0 1
    endloop
  endfacet
  facet normal -0.951057 0.309017 0
    outer loop
      vertex 3.02177 -1.1964 0
      vertex 3.14789 -0.808242 1
      vertex 3.14789 -0.808242 0
    endloop
  endfacet
  facet normal -0.951057 0.309017 0
    outer loop
      vertex 3.14789 -0.808242 1
      vertex 3.02177 -1.1964 0
      vertex 3.02177 -1.1964 1
    endloop
  endfacet
  facet normal -0.58779 0.809014 0
    outer loop
      vertex 2.07163 -2.50417 0
      vertex 1.74144 -2.74407 1
      vertex 2.07163 -2.50417 1
    endloop
  endfacet
  facet normal -0.58779 0.809014 0
    outer loop
      vertex 1.74144 -2.74407 1
      vertex 2.07163 -2.50417 0
      vertex 1.74144 -2.74407 0
    endloop
  endfacet
  facet normal -0.982286 -0.187387 0
    outer loop
      vertex 3.22437 0.407332 0
      vertex 3.14789 0.808242 1
      vertex 3.14789 0.808242 0
    endloop
  endfacet
  facet normal -0.982286 -0.187387 0
    outer loop
      vertex 3.14789 0.808242 1
      vertex 3.22437 0.407332 0
      vertex 3.22437 0.407332 1
    endloop
  endfacet
  facet normal -0.951057 -0.309017 0
    outer loop
      vertex 3.14789 0.808242 0
      vertex 3.02177 1.1964 1
      vertex 3.02177 1.1964 0
    endloop
  endfacet
  facet normal -0.951057 -0.309017 0
    outer loop
      vertex 3.02177 1.1964 1
      vertex 3.14789 0.808242 0
      vertex 3.14789 0.808242 1
    endloop
  endfacet
  facet normal -0.684547 -0.728968 0
    outer loop
      vertex 2.07163 2.50417 0
      vertex 2.36915 2.22478 1
      vertex 2.07163 2.50417 1
    endloop
  endfacet
  facet normal -0.684547 -0.728968 -0
    outer loop
      vertex 2.36915 2.22478 1
      vertex 2.07163 2.50417 0
      vertex 2.36915 2.22478 0
    endloop
  endfacet
  facet normal -0.770526 -0.637409 0
    outer loop
      vertex 2.6293 1.9103 0
      vertex 2.36915 2.22478 1
      vertex 2.36915 2.22478 0
    endloop
  endfacet
  facet normal -0.770526 -0.637409 0
    outer loop
      vertex 2.36915 2.22478 1
      vertex 2.6293 1.9103 0
      vertex 2.6293 1.9103 1
    endloop
  endfacet
  facet normal 0 -1 0
    outer loop
      vertex -0.204069 3.24359 0
      vertex 0.204069 3.24359 1
      vertex -0.204069 3.24359 1
    endloop
  endfacet
  facet normal 0 -1 -0
    outer loop
      vertex 0.204069 3.24359 1
      vertex -0.204069 3.24359 0
      vertex 0.204069 3.24359 0
    endloop
  endfacet
  facet normal -0.481744 -0.876312 0
    outer loop
      vertex 1.38378 2.94069 0
      vertex 1.74144 2.74407 1
      vertex 1.38378 2.94069 1
    endloop
  endfacet
  facet normal -0.481744 -0.876312 -0
    outer loop
      vertex 1.74144 2.74407 1
      vertex 1.38378 2.94069 0
      vertex 1.74144 2.74407 0
    endloop
  endfacet
  facet normal 0.998026 -0.0627975 0
    outer loop
      vertex -3.25 0 1
      vertex -3.22437 0.407332 0
      vertex -3.22437 0.407332 1
    endloop
  endfacet
  facet normal 0.998026 -0.0627975 0
    outer loop
      vertex -3.22437 0.407332 0
      vertex -3.25 0 1
      vertex -3.25 0 0
    endloop
  endfacet
  facet normal 0.951057 -0.309017 0
    outer loop
      vertex -3.14789 0.808242 1
      vertex -3.02177 1.1964 0
      vertex -3.02177 1.1964 1
    endloop
  endfacet
  facet normal 0.951057 -0.309017 0
    outer loop
      vertex -3.02177 1.1964 0
      vertex -3.14789 0.808242 1
      vertex -3.14789 0.808242 0
    endloop
  endfacet
  facet normal 0.844317 -0.535845 0
    outer loop
      vertex -2.848 1.5657 1
      vertex -2.6293 1.9103 0
      vertex -2.6293 1.9103 1
    endloop
  endfacet
  facet normal 0.844317 -0.535845 0
    outer loop
      vertex -2.6293 1.9103 0
      vertex -2.848 1.5657 1
      vertex -2.848 1.5657 0
    endloop
  endfacet
  facet normal 0.248693 -0.968582 0
    outer loop
      vertex -1.0043 3.09093 0
      vertex -0.608989 3.19243 1
      vertex -1.0043 3.09093 1
    endloop
  endfacet
  facet normal 0.248693 -0.968582 0
    outer loop
      vertex -0.608989 3.19243 1
      vertex -1.0043 3.09093 0
      vertex -0.608989 3.19243 0
    endloop
  endfacet
  facet normal 0.58779 -0.809014 0
    outer loop
      vertex -2.07163 2.50417 0
      vertex -1.74144 2.74407 1
      vertex -2.07163 2.50417 1
    endloop
  endfacet
  facet normal 0.58779 -0.809014 0
    outer loop
      vertex -1.74144 2.74407 1
      vertex -2.07163 2.50417 0
      vertex -1.74144 2.74407 0
    endloop
  endfacet
  facet normal 0.684547 -0.728968 0
    outer loop
      vertex -2.36915 2.22478 0
      vertex -2.07163 2.50417 1
      vertex -2.36915 2.22478 1
    endloop
  endfacet
  facet normal 0.684547 -0.728968 0
    outer loop
      vertex -2.07163 2.50417 1
      vertex -2.36915 2.22478 0
      vertex -2.07163 2.50417 0
    endloop
  endfacet
  facet normal -0.998026 0.0627975 0
    outer loop
      vertex 3.22437 -0.407332 0
      vertex 3.25 0 1
      vertex 3.25 0 0
    endloop
  endfacet
  facet normal -0.998026 0.0627975 0
    outer loop
      vertex 3.25 0 1
      vertex 3.22437 -0.407332 0
      vertex 3.22437 -0.407332 1
    endloop
  endfacet
  facet normal -0.844317 0.535845 0
    outer loop
      vertex 2.6293 -1.9103 0
      vertex 2.848 -1.5657 1
      vertex 2.848 -1.5657 0
    endloop
  endfacet
  facet normal -0.844317 0.535845 0
    outer loop
      vertex 2.848 -1.5657 1
      vertex 2.6293 -1.9103 0
      vertex 2.6293 -1.9103 1
    endloop
  endfacet
  facet normal 0.904836 0.42576 0
    outer loop
      vertex -2.848 -1.5657 1
      vertex -3.02177 -1.1964 0
      vertex -3.02177 -1.1964 1
    endloop
  endfacet
  facet normal 0.904836 0.42576 0
    outer loop
      vertex -3.02177 -1.1964 0
      vertex -2.848 -1.5657 1
      vertex -2.848 -1.5657 0
    endloop
  endfacet
  facet normal -0.125349 0.992113 0
    outer loop
      vertex 0.608989 -3.19243 0
      vertex 0.204069 -3.24359 1
      vertex 0.608989 -3.19243 1
    endloop
  endfacet
  facet normal -0.125349 0.992113 0
    outer loop
      vertex 0.204069 -3.24359 1
      vertex 0.608989 -3.19243 0
      vertex 0.204069 -3.24359 0
    endloop
  endfacet
  facet normal -0.684547 0.728968 0
    outer loop
      vertex 2.36915 -2.22478 0
      vertex 2.07163 -2.50417 1
      vertex 2.36915 -2.22478 1
    endloop
  endfacet
  facet normal -0.684547 0.728968 0
    outer loop
      vertex 2.07163 -2.50417 1
      vertex 2.36915 -2.22478 0
      vertex 2.07163 -2.50417 0
    endloop
  endfacet
  facet normal -0.904836 0.42576 0
    outer loop
      vertex 2.848 -1.5657 0
      vertex 3.02177 -1.1964 1
      vertex 3.02177 -1.1964 0
    endloop
  endfacet
  facet normal -0.904836 0.42576 0
    outer loop
      vertex 3.02177 -1.1964 1
      vertex 2.848 -1.5657 0
      vertex 2.848 -1.5657 1
    endloop
  endfacet
  facet normal 0.248693 0.968582 -0
    outer loop
      vertex -0.608989 -3.19243 0
      vertex -1.0043 -3.09093 1
      vertex -0.608989 -3.19243 1
    endloop
  endfacet
  facet normal 0.248693 0.968582 0
    outer loop
      vertex -1.0043 -3.09093 1
      vertex -0.608989 -3.19243 0
      vertex -1.0043 -3.09093 0
    endloop
  endfacet
  facet normal 0.125349 0.992113 -0
    outer loop
      vertex -0.204069 -3.24359 0
      vertex -0.608989 -3.19243 1
      vertex -0.204069 -3.24359 1
    endloop
  endfacet
  facet normal 0.125349 0.992113 0
    outer loop
      vertex -0.608989 -3.19243 1
      vertex -0.204069 -3.24359 0
      vertex -0.608989 -3.19243 0
    endloop
  endfacet
  facet normal 0.998026 0.0627975 0
    outer loop
      vertex -3.22437 -0.407332 1
      vertex -3.25 0 0
      vertex -3.25 0 1
    endloop
  endfacet
  facet normal 0.998026 0.0627975 0
    outer loop
      vertex -3.25 0 0
      vertex -3.22437 -0.407332 1
      vertex -3.22437 -0.407332 0
    endloop
  endfacet
  facet normal 0.951057 0.309017 0
    outer loop
      vertex -3.02177 -1.1964 1
      vertex -3.14789 -0.808242 0
      vertex -3.14789 -0.808242 1
    endloop
  endfacet
  facet normal 0.951057 0.309017 0
    outer loop
      vertex -3.14789 -0.808242 0
      vertex -3.02177 -1.1964 1
      vertex -3.02177 -1.1964 0
    endloop
  endfacet
  facet normal -0.248693 0.968582 0
    outer loop
      vertex 1.0043 -3.09093 0
      vertex 0.608989 -3.19243 1
      vertex 1.0043 -3.09093 1
    endloop
  endfacet
  facet normal -0.248693 0.968582 0
    outer loop
      vertex 0.608989 -3.19243 1
      vertex 1.0043 -3.09093 0
      vertex 0.608989 -3.19243 0
    endloop
  endfacet
  facet normal -0.481744 0.876312 0
    outer loop
      vertex 1.74144 -2.74407 0
      vertex 1.38378 -2.94069 1
      vertex 1.74144 -2.74407 1
    endloop
  endfacet
  facet normal -0.481744 0.876312 0
    outer loop
      vertex 1.38378 -2.94069 1
      vertex 1.74144 -2.74407 0
      vertex 1.38378 -2.94069 0
    endloop
  endfacet
  facet normal 0.58779 0.809014 -0
    outer loop
      vertex -1.74144 -2.74407 0
      vertex -2.07163 -2.50417 1
      vertex -1.74144 -2.74407 1
    endloop
  endfacet
  facet normal 0.58779 0.809014 0
    outer loop
      vertex -2.07163 -2.50417 1
      vertex -1.74144 -2.74407 0
      vertex -2.07163 -2.50417 0
    endloop
  endfacet
  facet normal 0.36811 0.929782 -0
    outer loop
      vertex -1.0043 -3.09093 0
      vertex -1.38378 -2.94069 1
      vertex -1.0043 -3.09093 1
    endloop
  endfacet
  facet normal 0.36811 0.929782 0
    outer loop
      vertex -1.38378 -2.94069 1
      vertex -1.0043 -3.09093 0
      vertex -1.38378 -2.94069 0
    endloop
  endfacet
  facet normal 0 1 -0
    outer loop
      vertex 0.204069 -3.24359 0
      vertex -0.204069 -3.24359 1
      vertex 0.204069 -3.24359 1
    endloop
  endfacet
  facet normal 0 1 0
    outer loop
      vertex -0.204069 -3.24359 1
      vertex 0.204069 -3.24359 0
      vertex -0.204069 -3.24359 0
    endloop
  endfacet
  facet normal 0.770526 0.637409 0
    outer loop
      vertex -2.36915 -2.22478 1
      vertex -2.6293 -1.9103 0
      vertex -2.6293 -1.9103 1
    endloop
  endfacet
  facet normal 0.770526 0.637409 0
    outer loop
      vertex -2.6293 -1.9103 0
      vertex -2.36915 -2.22478 1
      vertex -2.36915 -2.22478 0
    endloop
  endfacet
  facet normal 0.844317 0.535845 0
    outer loop
      vertex -2.6293 -1.9103 1
      vertex -2.848 -1.5657 0
      vertex -2.848 -1.5657 1
    endloop
  endfacet
  facet normal 0.844317 0.535845 0
    outer loop
      vertex -2.848 -1.5657 0
      vertex -2.6293 -1.9103 1
      vertex -2.6293 -1.9103 0
    endloop
  endfacet
  facet normal 0.684547 0.728968 -0
    outer loop
      vertex -2.07163 -2.50417 0
      vertex -2.36915 -2.22478 1
      vertex -2.07163 -2.50417 1
    endloop
  endfacet
  facet normal 0.684547 0.728968 0
    outer loop
      vertex -2.36915 -2.22478 1
      vertex -2.07163 -2.50417 0
      vertex -2.36915 -2.22478 0
    endloop
  endfacet
  facet normal 0.982286 0.187387 0
    outer loop
      vertex -3.14789 -0.808242 1
      vertex -3.22437 -0.407332 0
      vertex -3.22437 -0.407332 1
    endloop
  endfacet
  facet normal 0.982286 0.187387 0
    outer loop
      vertex -3.22437 -0.407332 0
      vertex -3.14789 -0.808242 1
      vertex -3.14789 -0.808242 0
    endloop
  endfacet
  facet normal -0.770526 0.637409 0
    outer loop
      vertex 2.36915 -2.22478 0
      vertex 2.6293 -1.9103 1
      vertex 2.6293 -1.9103 0
    endloop
  endfacet
  facet normal -0.770526 0.637409 0
    outer loop
      vertex 2.6293 -1.9103 1
      vertex 2.36915 -2.22478 0
      vertex 2.36915 -2.22478 1
    endloop
  endfacet
  facet normal 0.481744 0.876312 -0
    outer loop
      vertex -1.38378 -2.94069 0
      vertex -1.74144 -2.74407 1
      vertex -1.38378 -2.94069 1
    endloop
  endfacet
  facet normal 0.481744 0.876312 0
    outer loop
      vertex -1.74144 -2.74407 1
      vertex -1.38378 -2.94069 0
      vertex -1.74144 -2.74407 0
    endloop
  endfacet
  facet normal -0.36811 0.929782 0
    outer loop
      vertex 1.38378 -2.94069 0
      vertex 1.0043 -3.09093 1
      vertex 1.38378 -2.94069 1
    endloop
  endfacet
  facet normal -0.36811 0.929782 0
    outer loop
      vertex 1.0043 -3.09093 1
      vertex 1.38378 -2.94069 0
      vertex 1.0043 -3.09093 0
    endloop
  endfacet
  facet normal -0.587778 -0.809022 0
    outer loop
      vertex 16.7414 2.74407 0
      vertex 17.0716 2.50417 1
      vertex 16.7414 2.74407 1
    endloop
  endfacet
  facet normal -0.587778 -0.809022 -0
    outer loop
      vertex 17.0716 2.50417 1
      vertex 16.7414 2.74407 0
      vertex 17.0716 2.50417 0
    endloop
  endfacet
  facet normal -0.982277 0.187434 0
    outer loop
      vertex 18.1479 -0.808242 0
      vertex 18.2244 -0.407332 1
      vertex 18.2244 -0.407332 0
    endloop
  endfacet
  facet normal -0.982277 0.187434 0
    outer loop
      vertex 18.2244 -0.407332 1
      vertex 18.1479 -0.808242 0
      vertex 18.1479 -0.808242 1
    endloop
  endfacet
  facet normal 0.2487 0.968581 -0
    outer loop
      vertex 14.391 -3.19243 0
      vertex 13.9957 -3.09093 1
      vertex 14.391 -3.19243 1
    endloop
  endfacet
  facet normal 0.2487 0.968581 0
    outer loop
      vertex 13.9957 -3.09093 1
      vertex 14.391 -3.19243 0
      vertex 13.9957 -3.09093 0
    endloop
  endfacet
  facet normal 0.481806 -0.876278 0
    outer loop
      vertex 13.2586 2.74407 0
      vertex 13.6162 2.94069 1
      vertex 13.2586 2.74407 1
    endloop
  endfacet
  facet normal 0.481806 -0.876278 0
    outer loop
      vertex 13.6162 2.94069 1
      vertex 13.2586 2.74407 0
      vertex 13.6162 2.94069 0
    endloop
  endfacet
  facet normal 0.951071 -0.308972 0
    outer loop
      vertex 11.8521 0.808242 1
      vertex 11.9782 1.1964 0
      vertex 11.9782 1.1964 1
    endloop
  endfacet
  facet normal 0.951071 -0.308972 0
    outer loop
      vertex 11.9782 1.1964 0
      vertex 11.8521 0.808242 1
      vertex 11.8521 0.808242 0
    endloop
  endfacet
  facet normal 0.368093 0.929789 -0
    outer loop
      vertex 13.9957 -3.09093 0
      vertex 13.6162 -2.94069 1
      vertex 13.9957 -3.09093 1
    endloop
  endfacet
  facet normal 0.368093 0.929789 0
    outer loop
      vertex 13.6162 -2.94069 1
      vertex 13.9957 -3.09093 0
      vertex 13.6162 -2.94069 0
    endloop
  endfacet
  facet normal -0.904808 -0.425821 0
    outer loop
      vertex 18.0218 1.1964 0
      vertex 17.848 1.5657 1
      vertex 17.848 1.5657 0
    endloop
  endfacet
  facet normal -0.904808 -0.425821 0
    outer loop
      vertex 17.848 1.5657 1
      vertex 18.0218 1.1964 0
      vertex 18.0218 1.1964 1
    endloop
  endfacet
  facet normal -0.844317 -0.535845 0
    outer loop
      vertex 17.848 1.5657 0
      vertex 17.6293 1.9103 1
      vertex 17.6293 1.9103 0
    endloop
  endfacet
  facet normal -0.844317 -0.535845 0
    outer loop
      vertex 17.6293 1.9103 1
      vertex 17.848 1.5657 0
      vertex 17.848 1.5657 1
    endloop
  endfacet
  facet normal -0.368093 -0.929789 0
    outer loop
      vertex 16.0043 3.09093 0
      vertex 16.3838 2.94069 1
      vertex 16.0043 3.09093 1
    endloop
  endfacet
  facet normal -0.368093 -0.929789 -0
    outer loop
      vertex 16.3838 2.94069 1
      vertex 16.0043 3.09093 0
      vertex 16.3838 2.94069 0
    endloop
  endfacet
  facet normal -0.2487 -0.968581 0
    outer loop
      vertex 15.609 3.19243 0
      vertex 16.0043 3.09093 1
      vertex 15.609 3.19243 1
    endloop
  endfacet
  facet normal -0.2487 -0.968581 -0
    outer loop
      vertex 16.0043 3.09093 1
      vertex 15.609 3.19243 0
      vertex 16.0043 3.09093 0
    endloop
  endfacet
  facet normal 0.998031 0.0627242 0
    outer loop
      vertex 11.7756 -0.407332 1
      vertex 11.75 0 0
      vertex 11.75 0 1
    endloop
  endfacet
  facet normal 0.998031 0.0627242 0
    outer loop
      vertex 11.75 0 0
      vertex 11.7756 -0.407332 1
      vertex 11.7756 -0.407332 0
    endloop
  endfacet
  facet normal 0.844317 -0.535845 0
    outer loop
      vertex 12.152 1.5657 1
      vertex 12.3707 1.9103 0
      vertex 12.3707 1.9103 1
    endloop
  endfacet
  facet normal 0.844317 -0.535845 0
    outer loop
      vertex 12.3707 1.9103 0
      vertex 12.152 1.5657 1
      vertex 12.152 1.5657 0
    endloop
  endfacet
  facet normal 0.587778 -0.809022 0
    outer loop
      vertex 12.9284 2.50417 0
      vertex 13.2586 2.74407 1
      vertex 12.9284 2.50417 1
    endloop
  endfacet
  facet normal 0.587778 -0.809022 0
    outer loop
      vertex 13.2586 2.74407 1
      vertex 12.9284 2.50417 0
      vertex 13.2586 2.74407 0
    endloop
  endfacet
  facet normal 0.2487 -0.968581 0
    outer loop
      vertex 13.9957 3.09093 0
      vertex 14.391 3.19243 1
      vertex 13.9957 3.09093 1
    endloop
  endfacet
  facet normal 0.2487 -0.968581 0
    outer loop
      vertex 14.391 3.19243 1
      vertex 13.9957 3.09093 0
      vertex 14.391 3.19243 0
    endloop
  endfacet
  facet normal -0.998031 -0.0627242 0
    outer loop
      vertex 18.25 0 0
      vertex 18.2244 0.407332 1
      vertex 18.2244 0.407332 0
    endloop
  endfacet
  facet normal -0.998031 -0.0627242 0
    outer loop
      vertex 18.2244 0.407332 1
      vertex 18.25 0 0
      vertex 18.25 0 1
    endloop
  endfacet
  facet normal -0.844317 0.535845 0
    outer loop
      vertex 17.6293 -1.9103 0
      vertex 17.848 -1.5657 1
      vertex 17.848 -1.5657 0
    endloop
  endfacet
  facet normal -0.844317 0.535845 0
    outer loop
      vertex 17.848 -1.5657 1
      vertex 17.6293 -1.9103 0
      vertex 17.6293 -1.9103 1
    endloop
  endfacet
  facet normal -0.951071 0.308972 0
    outer loop
      vertex 18.0218 -1.1964 0
      vertex 18.1479 -0.808242 1
      vertex 18.1479 -0.808242 0
    endloop
  endfacet
  facet normal -0.951071 0.308972 0
    outer loop
      vertex 18.1479 -0.808242 1
      vertex 18.0218 -1.1964 0
      vertex 18.0218 -1.1964 1
    endloop
  endfacet
  facet normal -0.587778 0.809022 0
    outer loop
      vertex 17.0716 -2.50417 0
      vertex 16.7414 -2.74407 1
      vertex 17.0716 -2.50417 1
    endloop
  endfacet
  facet normal -0.587778 0.809022 0
    outer loop
      vertex 16.7414 -2.74407 1
      vertex 17.0716 -2.50417 0
      vertex 16.7414 -2.74407 0
    endloop
  endfacet
  facet normal 0.125356 0.992112 -0
    outer loop
      vertex 14.7959 -3.24359 0
      vertex 14.391 -3.19243 1
      vertex 14.7959 -3.24359 1
    endloop
  endfacet
  facet normal 0.125356 0.992112 0
    outer loop
      vertex 14.391 -3.19243 1
      vertex 14.7959 -3.24359 0
      vertex 14.391 -3.19243 0
    endloop
  endfacet
  facet normal 0.587778 0.809022 -0
    outer loop
      vertex 13.2586 -2.74407 0
      vertex 12.9284 -2.50417 1
      vertex 13.2586 -2.74407 1
    endloop
  endfacet
  facet normal 0.587778 0.809022 0
    outer loop
      vertex 12.9284 -2.50417 1
      vertex 13.2586 -2.74407 0
      vertex 12.9284 -2.50417 0
    endloop
  endfacet
  facet normal 0.844317 0.535845 0
    outer loop
      vertex 12.3707 -1.9103 1
      vertex 12.152 -1.5657 0
      vertex 12.152 -1.5657 1
    endloop
  endfacet
  facet normal 0.844317 0.535845 0
    outer loop
      vertex 12.152 -1.5657 0
      vertex 12.3707 -1.9103 1
      vertex 12.3707 -1.9103 0
    endloop
  endfacet
  facet normal 0.951071 0.308972 0
    outer loop
      vertex 11.9782 -1.1964 1
      vertex 11.8521 -0.808242 0
      vertex 11.8521 -0.808242 1
    endloop
  endfacet
  facet normal 0.951071 0.308972 0
    outer loop
      vertex 11.8521 -0.808242 0
      vertex 11.9782 -1.1964 1
      vertex 11.9782 -1.1964 0
    endloop
  endfacet
  facet normal -0.951071 -0.308972 0
    outer loop
      vertex 18.1479 0.808242 0
      vertex 18.0218 1.1964 1
      vertex 18.0218 1.1964 0
    endloop
  endfacet
  facet normal -0.951071 -0.308972 0
    outer loop
      vertex 18.0218 1.1964 1
      vertex 18.1479 0.808242 0
      vertex 18.1479 0.808242 1
    endloop
  endfacet
  facet normal -0.770466 -0.637481 0
    outer loop
      vertex 17.6293 1.9103 0
      vertex 17.3691 2.22478 1
      vertex 17.3691 2.22478 0
    endloop
  endfacet
  facet normal -0.770466 -0.637481 0
    outer loop
      vertex 17.3691 2.22478 1
      vertex 17.6293 1.9103 0
      vertex 17.6293 1.9103 1
    endloop
  endfacet
  facet normal -0.684572 -0.728946 0
    outer loop
      vertex 17.0716 2.50417 0
      vertex 17.3691 2.22478 1
      vertex 17.0716 2.50417 1
    endloop
  endfacet
  facet normal -0.684572 -0.728946 -0
    outer loop
      vertex 17.3691 2.22478 1
      vertex 17.0716 2.50417 0
      vertex 17.3691 2.22478 0
    endloop
  endfacet
  facet normal 0 -1 0
    outer loop
      vertex 14.7959 3.24359 0
      vertex 15.2041 3.24359 1
      vertex 14.7959 3.24359 1
    endloop
  endfacet
  facet normal 0 -1 -0
    outer loop
      vertex 15.2041 3.24359 1
      vertex 14.7959 3.24359 0
      vertex 15.2041 3.24359 0
    endloop
  endfacet
  facet normal -0.481806 -0.876278 0
    outer loop
      vertex 16.3838 2.94069 0
      vertex 16.7414 2.74407 1
      vertex 16.3838 2.94069 1
    endloop
  endfacet
  facet normal -0.481806 -0.876278 -0
    outer loop
      vertex 16.7414 2.74407 1
      vertex 16.3838 2.94069 0
      vertex 16.7414 2.74407 0
    endloop
  endfacet
  facet normal 0.982277 -0.187434 0
    outer loop
      vertex 11.7756 0.407332 1
      vertex 11.8521 0.808242 0
      vertex 11.8521 0.808242 1
    endloop
  endfacet
  facet normal 0.982277 -0.187434 0
    outer loop
      vertex 11.8521 0.808242 0
      vertex 11.7756 0.407332 1
      vertex 11.7756 0.407332 0
    endloop
  endfacet
  facet normal 0.998031 -0.0627242 0
    outer loop
      vertex 11.75 0 1
      vertex 11.7756 0.407332 0
      vertex 11.7756 0.407332 1
    endloop
  endfacet
  facet normal 0.998031 -0.0627242 0
    outer loop
      vertex 11.7756 0.407332 0
      vertex 11.75 0 1
      vertex 11.75 0 0
    endloop
  endfacet
  facet normal 0.904808 -0.425821 0
    outer loop
      vertex 11.9782 1.1964 1
      vertex 12.152 1.5657 0
      vertex 12.152 1.5657 1
    endloop
  endfacet
  facet normal 0.904808 -0.425821 0
    outer loop
      vertex 12.152 1.5657 0
      vertex 11.9782 1.1964 1
      vertex 11.9782 1.1964 0
    endloop
  endfacet
  facet normal 0.368093 -0.929789 0
    outer loop
      vertex 13.6162 2.94069 0
      vertex 13.9957 3.09093 1
      vertex 13.6162 2.94069 1
    endloop
  endfacet
  facet normal 0.368093 -0.929789 0
    outer loop
      vertex 13.9957 3.09093 1
      vertex 13.6162 2.94069 0
      vertex 13.9957 3.09093 0
    endloop
  endfacet
  facet normal 0.125356 -0.992112 0
    outer loop
      vertex 14.391 3.19243 0
      vertex 14.7959 3.24359 1
      vertex 14.391 3.19243 1
    endloop
  endfacet
  facet normal 0.125356 -0.992112 0
    outer loop
      vertex 14.7959 3.24359 1
      vertex 14.391 3.19243 0
      vertex 14.7959 3.24359 0
    endloop
  endfacet
  facet normal 0.684572 -0.728946 0
    outer loop
      vertex 12.6309 2.22478 0
      vertex 12.9284 2.50417 1
      vertex 12.6309 2.22478 1
    endloop
  endfacet
  facet normal 0.684572 -0.728946 0
    outer loop
      vertex 12.9284 2.50417 1
      vertex 12.6309 2.22478 0
      vertex 12.9284 2.50417 0
    endloop
  endfacet
  facet normal 0.770466 -0.637481 0
    outer loop
      vertex 12.3707 1.9103 1
      vertex 12.6309 2.22478 0
      vertex 12.6309 2.22478 1
    endloop
  endfacet
  facet normal 0.770466 -0.637481 0
    outer loop
      vertex 12.6309 2.22478 0
      vertex 12.3707 1.9103 1
      vertex 12.3707 1.9103 0
    endloop
  endfacet
  facet normal -0.998031 0.0627242 0
    outer loop
      vertex 18.2244 -0.407332 0
      vertex 18.25 0 1
      vertex 18.25 0 0
    endloop
  endfacet
  facet normal -0.998031 0.0627242 0
    outer loop
      vertex 18.25 0 1
      vertex 18.2244 -0.407332 0
      vertex 18.2244 -0.407332 1
    endloop
  endfacet
  facet normal -0.125356 0.992112 0
    outer loop
      vertex 15.609 -3.19243 0
      vertex 15.2041 -3.24359 1
      vertex 15.609 -3.19243 1
    endloop
  endfacet
  facet normal -0.125356 0.992112 0
    outer loop
      vertex 15.2041 -3.24359 1
      vertex 15.609 -3.19243 0
      vertex 15.2041 -3.24359 0
    endloop
  endfacet
  facet normal -0.2487 0.968581 0
    outer loop
      vertex 16.0043 -3.09093 0
      vertex 15.609 -3.19243 1
      vertex 16.0043 -3.09093 1
    endloop
  endfacet
  facet normal -0.2487 0.968581 0
    outer loop
      vertex 15.609 -3.19243 1
      vertex 16.0043 -3.09093 0
      vertex 15.609 -3.19243 0
    endloop
  endfacet
  facet normal -0.368093 0.929789 0
    outer loop
      vertex 16.3838 -2.94069 0
      vertex 16.0043 -3.09093 1
      vertex 16.3838 -2.94069 1
    endloop
  endfacet
  facet normal -0.368093 0.929789 0
    outer loop
      vertex 16.0043 -3.09093 1
      vertex 16.3838 -2.94069 0
      vertex 16.0043 -3.09093 0
    endloop
  endfacet
  facet normal -0.684572 0.728946 0
    outer loop
      vertex 17.3691 -2.22478 0
      vertex 17.0716 -2.50417 1
      vertex 17.3691 -2.22478 1
    endloop
  endfacet
  facet normal -0.684572 0.728946 0
    outer loop
      vertex 17.0716 -2.50417 1
      vertex 17.3691 -2.22478 0
      vertex 17.0716 -2.50417 0
    endloop
  endfacet
  facet normal 0 1 -0
    outer loop
      vertex 15.2041 -3.24359 0
      vertex 14.7959 -3.24359 1
      vertex 15.2041 -3.24359 1
    endloop
  endfacet
  facet normal 0 1 0
    outer loop
      vertex 14.7959 -3.24359 1
      vertex 15.2041 -3.24359 0
      vertex 14.7959 -3.24359 0
    endloop
  endfacet
  facet normal 0.481806 0.876278 -0
    outer loop
      vertex 13.6162 -2.94069 0
      vertex 13.2586 -2.74407 1
      vertex 13.6162 -2.94069 1
    endloop
  endfacet
  facet normal 0.481806 0.876278 0
    outer loop
      vertex 13.2586 -2.74407 1
      vertex 13.6162 -2.94069 0
      vertex 13.2586 -2.74407 0
    endloop
  endfacet
  facet normal 0.904808 0.425821 0
    outer loop
      vertex 12.152 -1.5657 1
      vertex 11.9782 -1.1964 0
      vertex 11.9782 -1.1964 1
    endloop
  endfacet
  facet normal 0.904808 0.425821 0
    outer loop
      vertex 11.9782 -1.1964 0
      vertex 12.152 -1.5657 1
      vertex 12.152 -1.5657 0
    endloop
  endfacet
  facet normal 0.982277 0.187434 0
    outer loop
      vertex 11.8521 -0.808242 1
      vertex 11.7756 -0.407332 0
      vertex 11.7756 -0.407332 1
    endloop
  endfacet
  facet normal 0.982277 0.187434 0
    outer loop
      vertex 11.7756 -0.407332 0
      vertex 11.8521 -0.808242 1
      vertex 11.8521 -0.808242 0
    endloop
  endfacet
  facet normal 0.770466 0.637481 0
    outer loop
      vertex 12.6309 -2.22478 1
      vertex 12.3707 -1.9103 0
      vertex 12.3707 -1.9103 1
    endloop
  endfacet
  facet normal 0.770466 0.637481 0
    outer loop
      vertex 12.3707 -1.9103 0
      vertex 12.6309 -2.22478 1
      vertex 12.6309 -2.22478 0
    endloop
  endfacet
  facet normal 0.684572 0.728946 -0
    outer loop
      vertex 12.9284 -2.50417 0
      vertex 12.6309 -2.22478 1
      vertex 12.9284 -2.50417 1
    endloop
  endfacet
  facet normal 0.684572 0.728946 0
    outer loop
      vertex 12.6309 -2.22478 1
      vertex 12.9284 -2.50417 0
      vertex 12.6309 -2.22478 0
    endloop
  endfacet
  facet normal -0.982277 -0.187434 0
    outer loop
      vertex 18.2244 0.407332 0
      vertex 18.1479 0.808242 1
      vertex 18.1479 0.808242 0
    endloop
  endfacet
  facet normal -0.982277 -0.187434 0
    outer loop
      vertex 18.1479 0.808242 1
      vertex 18.2244 0.407332 0
      vertex 18.2244 0.407332 1
    endloop
  endfacet
  facet normal -0.125356 -0.992112 0
    outer loop
      vertex 15.2041 3.24359 0
      vertex 15.609 3.19243 1
      vertex 15.2041 3.24359 1
    endloop
  endfacet
  facet normal -0.125356 -0.992112 -0
    outer loop
      vertex 15.609 3.19243 1
      vertex 15.2041 3.24359 0
      vertex 15.609 3.19243 0
    endloop
  endfacet
  facet normal -0.904808 0.425821 0
    outer loop
      vertex 17.848 -1.5657 0
      vertex 18.0218 -1.1964 1
      vertex 18.0218 -1.1964 0
    endloop
  endfacet
  facet normal -0.904808 0.425821 0
    outer loop
      vertex 18.0218 -1.1964 1
      vertex 17.848 -1.5657 0
      vertex 17.848 -1.5657 1
    endloop
  endfacet
  facet normal -0.481806 0.876278 0
    outer loop
      vertex 16.7414 -2.74407 0
      vertex 16.3838 -2.94069 1
      vertex 16.7414 -2.74407 1
    endloop
  endfacet
  facet normal -0.481806 0.876278 0
    outer loop
      vertex 16.3838 -2.94069 1
      vertex 16.7414 -2.74407 0
      vertex 16.3838 -2.94069 0
    endloop
  endfacet
  facet normal -0.770466 0.637481 0
    outer loop
      vertex 17.3691 -2.22478 0
      vertex 17.6293 -1.9103 1
      vertex 17.6293 -1.9103 0
    endloop
  endfacet
  facet normal -0.770466 0.637481 0
    outer loop
      vertex 17.6293 -1.9103 1
      vertex 17.3691 -2.22478 0
      vertex 17.3691 -2.22478 1
    endloop
  endfacet
  facet normal -0.998028 -0.0627752 0
    outer loop
      vertex -5.7 0 0
      vertex -5.71419 0.225599 1
      vertex -5.71419 0.225599 0
    endloop
  endfacet
  facet normal -0.998028 -0.0627752 0
    outer loop
      vertex -5.71419 0.225599 1
      vertex -5.7 0 0
      vertex -5.7 0 1
    endloop
  endfacet
  facet normal 0.998028 -0.0627752 0
    outer loop
      vertex -9.3 0 1
      vertex -9.28581 0.225599 0
      vertex -9.28581 0.225599 1
    endloop
  endfacet
  facet normal 0.998028 -0.0627752 0
    outer loop
      vertex -9.28581 0.225599 0
      vertex -9.3 0 1
      vertex -9.3 0 0
    endloop
  endfacet
  facet normal 0 -1 0
    outer loop
      vertex -7.61302 1.79645 0
      vertex -7.38698 1.79645 1
      vertex -7.61302 1.79645 1
    endloop
  endfacet
  facet normal 0 -1 -0
    outer loop
      vertex -7.38698 1.79645 1
      vertex -7.61302 1.79645 0
      vertex -7.38698 1.79645 0
    endloop
  endfacet
  facet normal 0 1 -0
    outer loop
      vertex -7.38698 -1.79645 0
      vertex -7.61302 -1.79645 1
      vertex -7.38698 -1.79645 1
    endloop
  endfacet
  facet normal 0 1 0
    outer loop
      vertex -7.61302 -1.79645 1
      vertex -7.38698 -1.79645 0
      vertex -7.61302 -1.79645 0
    endloop
  endfacet
  facet normal -0.68455 -0.728966 0
    outer loop
      vertex -6.35264 1.38692 0
      vertex -6.18786 1.23218 1
      vertex -6.35264 1.38692 1
    endloop
  endfacet
  facet normal -0.68455 -0.728966 -0
    outer loop
      vertex -6.18786 1.23218 1
      vertex -6.35264 1.38692 0
      vertex -6.18786 1.23218 0
    endloop
  endfacet
  facet normal 0.68455 -0.728966 0
    outer loop
      vertex -8.81214 1.23218 0
      vertex -8.64736 1.38692 1
      vertex -8.81214 1.23218 1
    endloop
  endfacet
  facet normal 0.68455 -0.728966 0
    outer loop
      vertex -8.64736 1.38692 1
      vertex -8.81214 1.23218 0
      vertex -8.64736 1.38692 0
    endloop
  endfacet
  facet normal 0.368116 -0.92978 0
    outer loop
      vertex -8.2664 1.62869 0
      vertex -8.05623 1.7119 1
      vertex -8.2664 1.62869 1
    endloop
  endfacet
  facet normal 0.368116 -0.92978 0
    outer loop
      vertex -8.05623 1.7119 1
      vertex -8.2664 1.62869 0
      vertex -8.05623 1.7119 0
    endloop
  endfacet
  facet normal -0.90482 -0.425794 0
    outer loop
      vertex -5.8264 0.662623 0
      vertex -5.92265 0.867156 1
      vertex -5.92265 0.867156 0
    endloop
  endfacet
  facet normal -0.90482 -0.425794 0
    outer loop
      vertex -5.92265 0.867156 1
      vertex -5.8264 0.662623 0
      vertex -5.8264 0.662623 1
    endloop
  endfacet
  facet normal -0.982285 -0.187395 0
    outer loop
      vertex -5.71419 0.225599 0
      vertex -5.75655 0.447641 1
      vertex -5.75655 0.447641 0
    endloop
  endfacet
  facet normal -0.982285 -0.187395 0
    outer loop
      vertex -5.75655 0.447641 1
      vertex -5.71419 0.225599 0
      vertex -5.71419 0.225599 1
    endloop
  endfacet
  facet normal -0.368116 -0.92978 0
    outer loop
      vertex -6.94377 1.7119 0
      vertex -6.7336 1.62869 1
      vertex -6.94377 1.7119 1
    endloop
  endfacet
  facet normal -0.368116 -0.92978 -0
    outer loop
      vertex -6.7336 1.62869 1
      vertex -6.94377 1.7119 0
      vertex -6.7336 1.62869 0
    endloop
  endfacet
  facet normal -0.248714 -0.968577 0
    outer loop
      vertex -7.16271 1.76812 0
      vertex -6.94377 1.7119 1
      vertex -7.16271 1.76812 1
    endloop
  endfacet
  facet normal -0.248714 -0.968577 -0
    outer loop
      vertex -6.94377 1.7119 1
      vertex -7.16271 1.76812 0
      vertex -6.94377 1.7119 0
    endloop
  endfacet
  facet normal -0.587806 -0.809002 0
    outer loop
      vertex -6.53551 1.51979 0
      vertex -6.35264 1.38692 1
      vertex -6.53551 1.51979 1
    endloop
  endfacet
  facet normal -0.587806 -0.809002 -0
    outer loop
      vertex -6.35264 1.38692 1
      vertex -6.53551 1.51979 0
      vertex -6.35264 1.38692 0
    endloop
  endfacet
  facet normal 0.90482 -0.425794 0
    outer loop
      vertex -9.1736 0.662623 1
      vertex -9.07735 0.867156 0
      vertex -9.07735 0.867156 1
    endloop
  endfacet
  facet normal 0.90482 -0.425794 0
    outer loop
      vertex -9.07735 0.867156 0
      vertex -9.1736 0.662623 1
      vertex -9.1736 0.662623 0
    endloop
  endfacet
  facet normal 0.844327 -0.535828 0
    outer loop
      vertex -9.07735 0.867156 1
      vertex -8.95623 1.05801 0
      vertex -8.95623 1.05801 1
    endloop
  endfacet
  facet normal 0.844327 -0.535828 0
    outer loop
      vertex -8.95623 1.05801 0
      vertex -9.07735 0.867156 1
      vertex -9.07735 0.867156 0
    endloop
  endfacet
  facet normal 0.951059 -0.309009 0
    outer loop
      vertex -9.24345 0.447641 1
      vertex -9.1736 0.662623 0
      vertex -9.1736 0.662623 1
    endloop
  endfacet
  facet normal 0.951059 -0.309009 0
    outer loop
      vertex -9.1736 0.662623 0
      vertex -9.24345 0.447641 1
      vertex -9.24345 0.447641 0
    endloop
  endfacet
  facet normal 0.587806 -0.809002 0
    outer loop
      vertex -8.64736 1.38692 0
      vertex -8.46449 1.51979 1
      vertex -8.64736 1.38692 1
    endloop
  endfacet
  facet normal 0.587806 -0.809002 0
    outer loop
      vertex -8.46449 1.51979 1
      vertex -8.64736 1.38692 0
      vertex -8.46449 1.51979 0
    endloop
  endfacet
  facet normal 0.248714 -0.968577 0
    outer loop
      vertex -8.05623 1.7119 0
      vertex -7.83729 1.76812 1
      vertex -8.05623 1.7119 1
    endloop
  endfacet
  facet normal 0.248714 -0.968577 0
    outer loop
      vertex -7.83729 1.76812 1
      vertex -8.05623 1.7119 0
      vertex -7.83729 1.76812 0
    endloop
  endfacet
  facet normal -0.951059 0.309009 0
    outer loop
      vertex -5.8264 -0.662623 0
      vertex -5.75655 -0.447641 1
      vertex -5.75655 -0.447641 0
    endloop
  endfacet
  facet normal -0.951059 0.309009 0
    outer loop
      vertex -5.75655 -0.447641 1
      vertex -5.8264 -0.662623 0
      vertex -5.8264 -0.662623 1
    endloop
  endfacet
  facet normal -0.125325 0.992116 0
    outer loop
      vertex -7.16271 -1.76812 0
      vertex -7.38698 -1.79645 1
      vertex -7.16271 -1.76812 1
    endloop
  endfacet
  facet normal -0.125325 0.992116 0
    outer loop
      vertex -7.38698 -1.79645 1
      vertex -7.16271 -1.76812 0
      vertex -7.38698 -1.79645 0
    endloop
  endfacet
  facet normal -0.951059 -0.309009 0
    outer loop
      vertex -5.75655 0.447641 0
      vertex -5.8264 0.662623 1
      vertex -5.8264 0.662623 0
    endloop
  endfacet
  facet normal -0.951059 -0.309009 0
    outer loop
      vertex -5.8264 0.662623 1
      vertex -5.75655 0.447641 0
      vertex -5.75655 0.447641 1
    endloop
  endfacet
  facet normal -0.770504 -0.637435 0
    outer loop
      vertex -6.04377 1.05801 0
      vertex -6.18786 1.23218 1
      vertex -6.18786 1.23218 0
    endloop
  endfacet
  facet normal -0.770504 -0.637435 0
    outer loop
      vertex -6.18786 1.23218 1
      vertex -6.04377 1.05801 0
      vertex -6.04377 1.05801 1
    endloop
  endfacet
  facet normal -0.844327 -0.535828 0
    outer loop
      vertex -5.92265 0.867156 0
      vertex -6.04377 1.05801 1
      vertex -6.04377 1.05801 0
    endloop
  endfacet
  facet normal -0.844327 -0.535828 0
    outer loop
      vertex -6.04377 1.05801 1
      vertex -5.92265 0.867156 0
      vertex -5.92265 0.867156 1
    endloop
  endfacet
  facet normal -0.125325 -0.992116 0
    outer loop
      vertex -7.38698 1.79645 0
      vertex -7.16271 1.76812 1
      vertex -7.38698 1.79645 1
    endloop
  endfacet
  facet normal -0.125325 -0.992116 -0
    outer loop
      vertex -7.16271 1.76812 1
      vertex -7.38698 1.79645 0
      vertex -7.16271 1.76812 0
    endloop
  endfacet
  facet normal 0.982285 -0.187395 0
    outer loop
      vertex -9.28581 0.225599 1
      vertex -9.24345 0.447641 0
      vertex -9.24345 0.447641 1
    endloop
  endfacet
  facet normal 0.982285 -0.187395 0
    outer loop
      vertex -9.24345 0.447641 0
      vertex -9.28581 0.225599 1
      vertex -9.28581 0.225599 0
    endloop
  endfacet
  facet normal 0.481751 -0.876308 0
    outer loop
      vertex -8.46449 1.51979 0
      vertex -8.2664 1.62869 1
      vertex -8.46449 1.51979 1
    endloop
  endfacet
  facet normal 0.481751 -0.876308 0
    outer loop
      vertex -8.2664 1.62869 1
      vertex -8.46449 1.51979 0
      vertex -8.2664 1.62869 0
    endloop
  endfacet
  facet normal 0.125325 -0.992116 0
    outer loop
      vertex -7.83729 1.76812 0
      vertex -7.61302 1.79645 1
      vertex -7.83729 1.76812 1
    endloop
  endfacet
  facet normal 0.125325 -0.992116 0
    outer loop
      vertex -7.61302 1.79645 1
      vertex -7.83729 1.76812 0
      vertex -7.61302 1.79645 0
    endloop
  endfacet
  facet normal -0.68455 0.728966 0
    outer loop
      vertex -6.18786 -1.23218 0
      vertex -6.35264 -1.38692 1
      vertex -6.18786 -1.23218 1
    endloop
  endfacet
  facet normal -0.68455 0.728966 0
    outer loop
      vertex -6.35264 -1.38692 1
      vertex -6.18786 -1.23218 0
      vertex -6.35264 -1.38692 0
    endloop
  endfacet
  facet normal -0.982285 0.187395 0
    outer loop
      vertex -5.75655 -0.447641 0
      vertex -5.71419 -0.225599 1
      vertex -5.71419 -0.225599 0
    endloop
  endfacet
  facet normal -0.982285 0.187395 0
    outer loop
      vertex -5.71419 -0.225599 1
      vertex -5.75655 -0.447641 0
      vertex -5.75655 -0.447641 1
    endloop
  endfacet
  facet normal -0.368116 0.92978 0
    outer loop
      vertex -6.7336 -1.62869 0
      vertex -6.94377 -1.7119 1
      vertex -6.7336 -1.62869 1
    endloop
  endfacet
  facet normal -0.368116 0.92978 0
    outer loop
      vertex -6.94377 -1.7119 1
      vertex -6.7336 -1.62869 0
      vertex -6.94377 -1.7119 0
    endloop
  endfacet
  facet normal -0.481751 -0.876308 0
    outer loop
      vertex -6.7336 1.62869 0
      vertex -6.53551 1.51979 1
      vertex -6.7336 1.62869 1
    endloop
  endfacet
  facet normal -0.481751 -0.876308 -0
    outer loop
      vertex -6.53551 1.51979 1
      vertex -6.7336 1.62869 0
      vertex -6.53551 1.51979 0
    endloop
  endfacet
  facet normal 0.770504 -0.637435 0
    outer loop
      vertex -8.95623 1.05801 1
      vertex -8.81214 1.23218 0
      vertex -8.81214 1.23218 1
    endloop
  endfacet
  facet normal 0.770504 -0.637435 0
    outer loop
      vertex -8.81214 1.23218 0
      vertex -8.95623 1.05801 1
      vertex -8.95623 1.05801 0
    endloop
  endfacet
  facet normal -0.481751 0.876308 0
    outer loop
      vertex -6.53551 -1.51979 0
      vertex -6.7336 -1.62869 1
      vertex -6.53551 -1.51979 1
    endloop
  endfacet
  facet normal -0.481751 0.876308 0
    outer loop
      vertex -6.7336 -1.62869 1
      vertex -6.53551 -1.51979 0
      vertex -6.7336 -1.62869 0
    endloop
  endfacet
  facet normal -0.90482 0.425794 0
    outer loop
      vertex -5.92265 -0.867156 0
      vertex -5.8264 -0.662623 1
      vertex -5.8264 -0.662623 0
    endloop
  endfacet
  facet normal -0.90482 0.425794 0
    outer loop
      vertex -5.8264 -0.662623 1
      vertex -5.92265 -0.867156 0
      vertex -5.92265 -0.867156 1
    endloop
  endfacet
  facet normal -0.770504 0.637435 0
    outer loop
      vertex -6.18786 -1.23218 0
      vertex -6.04377 -1.05801 1
      vertex -6.04377 -1.05801 0
    endloop
  endfacet
  facet normal -0.770504 0.637435 0
    outer loop
      vertex -6.04377 -1.05801 1
      vertex -6.18786 -1.23218 0
      vertex -6.18786 -1.23218 1
    endloop
  endfacet
  facet normal -0.998028 0.0627752 0
    outer loop
      vertex -5.71419 -0.225599 0
      vertex -5.7 0 1
      vertex -5.7 0 0
    endloop
  endfacet
  facet normal -0.998028 0.0627752 0
    outer loop
      vertex -5.7 0 1
      vertex -5.71419 -0.225599 0
      vertex -5.71419 -0.225599 1
    endloop
  endfacet
  facet normal 0.368116 0.92978 -0
    outer loop
      vertex -8.05623 -1.7119 0
      vertex -8.2664 -1.62869 1
      vertex -8.05623 -1.7119 1
    endloop
  endfacet
  facet normal 0.368116 0.92978 0
    outer loop
      vertex -8.2664 -1.62869 1
      vertex -8.05623 -1.7119 0
      vertex -8.2664 -1.62869 0
    endloop
  endfacet
  facet normal 0.248714 0.968577 -0
    outer loop
      vertex -7.83729 -1.76812 0
      vertex -8.05623 -1.7119 1
      vertex -7.83729 -1.76812 1
    endloop
  endfacet
  facet normal 0.248714 0.968577 0
    outer loop
      vertex -8.05623 -1.7119 1
      vertex -7.83729 -1.76812 0
      vertex -8.05623 -1.7119 0
    endloop
  endfacet
  facet normal 0.770504 0.637435 0
    outer loop
      vertex -8.81214 -1.23218 1
      vertex -8.95623 -1.05801 0
      vertex -8.95623 -1.05801 1
    endloop
  endfacet
  facet normal 0.770504 0.637435 0
    outer loop
      vertex -8.95623 -1.05801 0
      vertex -8.81214 -1.23218 1
      vertex -8.81214 -1.23218 0
    endloop
  endfacet
  facet normal 0.951059 0.309009 0
    outer loop
      vertex -9.1736 -0.662623 1
      vertex -9.24345 -0.447641 0
      vertex -9.24345 -0.447641 1
    endloop
  endfacet
  facet normal 0.951059 0.309009 0
    outer loop
      vertex -9.24345 -0.447641 0
      vertex -9.1736 -0.662623 1
      vertex -9.1736 -0.662623 0
    endloop
  endfacet
  facet normal 0.998028 0.0627752 0
    outer loop
      vertex -9.28581 -0.225599 1
      vertex -9.3 0 0
      vertex -9.3 0 1
    endloop
  endfacet
  facet normal 0.998028 0.0627752 0
    outer loop
      vertex -9.3 0 0
      vertex -9.28581 -0.225599 1
      vertex -9.28581 -0.225599 0
    endloop
  endfacet
  facet normal -0.248714 0.968577 0
    outer loop
      vertex -6.94377 -1.7119 0
      vertex -7.16271 -1.76812 1
      vertex -6.94377 -1.7119 1
    endloop
  endfacet
  facet normal -0.248714 0.968577 0
    outer loop
      vertex -7.16271 -1.76812 1
      vertex -6.94377 -1.7119 0
      vertex -7.16271 -1.76812 0
    endloop
  endfacet
  facet normal -0.587806 0.809002 0
    outer loop
      vertex -6.35264 -1.38692 0
      vertex -6.53551 -1.51979 1
      vertex -6.35264 -1.38692 1
    endloop
  endfacet
  facet normal -0.587806 0.809002 0
    outer loop
      vertex -6.53551 -1.51979 1
      vertex -6.35264 -1.38692 0
      vertex -6.53551 -1.51979 0
    endloop
  endfacet
  facet normal -0.844327 0.535828 0
    outer loop
      vertex -6.04377 -1.05801 0
      vertex -5.92265 -0.867156 1
      vertex -5.92265 -0.867156 0
    endloop
  endfacet
  facet normal -0.844327 0.535828 0
    outer loop
      vertex -5.92265 -0.867156 1
      vertex -6.04377 -1.05801 0
      vertex -6.04377 -1.05801 1
    endloop
  endfacet
  facet normal 0.125325 0.992116 -0
    outer loop
      vertex -7.61302 -1.79645 0
      vertex -7.83729 -1.76812 1
      vertex -7.61302 -1.79645 1
    endloop
  endfacet
  facet normal 0.125325 0.992116 0
    outer loop
      vertex -7.83729 -1.76812 1
      vertex -7.61302 -1.79645 0
      vertex -7.83729 -1.76812 0
    endloop
  endfacet
  facet normal 0.587806 0.809002 -0
    outer loop
      vertex -8.46449 -1.51979 0
      vertex -8.64736 -1.38692 1
      vertex -8.46449 -1.51979 1
    endloop
  endfacet
  facet normal 0.587806 0.809002 0
    outer loop
      vertex -8.64736 -1.38692 1
      vertex -8.46449 -1.51979 0
      vertex -8.64736 -1.38692 0
    endloop
  endfacet
  facet normal 0.68455 0.728966 -0
    outer loop
      vertex -8.64736 -1.38692 0
      vertex -8.81214 -1.23218 1
      vertex -8.64736 -1.38692 1
    endloop
  endfacet
  facet normal 0.68455 0.728966 0
    outer loop
      vertex -8.81214 -1.23218 1
      vertex -8.64736 -1.38692 0
      vertex -8.81214 -1.23218 0
    endloop
  endfacet
  facet normal 0.90482 0.425794 0
    outer loop
      vertex -9.07735 -0.867156 1
      vertex -9.1736 -0.662623 0
      vertex -9.1736 -0.662623 1
    endloop
  endfacet
  facet normal 0.90482 0.425794 0
    outer loop
      vertex -9.1736 -0.662623 0
      vertex -9.07735 -0.867156 1
      vertex -9.07735 -0.867156 0
    endloop
  endfacet
  facet normal 0.982285 0.187395 0
    outer loop
      vertex -9.24345 -0.447641 1
      vertex -9.28581 -0.225599 0
      vertex -9.28581 -0.225599 1
    endloop
  endfacet
  facet normal 0.982285 0.187395 0
    outer loop
      vertex -9.28581 -0.225599 0
      vertex -9.24345 -0.447641 1
      vertex -9.24345 -0.447641 0
    endloop
  endfacet
  facet normal 0.481751 0.876308 -0
    outer loop
      vertex -8.2664 -1.62869 0
      vertex -8.46449 -1.51979 1
      vertex -8.2664 -1.62869 1
    endloop
  endfacet
  facet normal 0.481751 0.876308 0
    outer loop
      vertex -8.46449 -1.51979 1
      vertex -8.2664 -1.62869 0
      vertex -8.46449 -1.51979 0
    endloop
  endfacet
  facet normal 0.844327 0.535828 0
    outer loop
      vertex -8.95623 -1.05801 1
      vertex -9.07735 -0.867156 0
      vertex -9.07735 -0.867156 1
    endloop
  endfacet
  facet normal 0.844327 0.535828 0
    outer loop
      vertex -9.07735 -0.867156 0
      vertex -8.95623 -1.05801 1
      vertex -8.95623 -1.05801 0
    endloop
  endfacet
  facet normal -0.998028 -0.0627752 0
    outer loop
      vertex 9.3 0 0
      vertex 9.28581 0.225599 1
      vertex 9.28581 0.225599 0
    endloop
  endfacet
  facet normal -0.998028 -0.0627752 0
    outer loop
      vertex 9.28581 0.225599 1
      vertex 9.3 0 0
      vertex 9.3 0 1
    endloop
  endfacet
  facet normal 0.998028 -0.0627752 0
    outer loop
      vertex 5.7 0 1
      vertex 5.71419 0.225599 0
      vertex 5.71419 0.225599 1
    endloop
  endfacet
  facet normal 0.998028 -0.0627752 0
    outer loop
      vertex 5.71419 0.225599 0
      vertex 5.7 0 1
      vertex 5.7 0 0
    endloop
  endfacet
  facet normal 0 -1 0
    outer loop
      vertex 7.38698 1.79645 0
      vertex 7.61302 1.79645 1
      vertex 7.38698 1.79645 1
    endloop
  endfacet
  facet normal 0 -1 -0
    outer loop
      vertex 7.61302 1.79645 1
      vertex 7.38698 1.79645 0
      vertex 7.61302 1.79645 0
    endloop
  endfacet
  facet normal -0.68455 -0.728966 0
    outer loop
      vertex 8.64736 1.38692 0
      vertex 8.81214 1.23218 1
      vertex 8.64736 1.38692 1
    endloop
  endfacet
  facet normal -0.68455 -0.728966 -0
    outer loop
      vertex 8.81214 1.23218 1
      vertex 8.64736 1.38692 0
      vertex 8.81214 1.23218 0
    endloop
  endfacet
  facet normal 0.68455 -0.728966 0
    outer loop
      vertex 6.18786 1.23218 0
      vertex 6.35264 1.38692 1
      vertex 6.18786 1.23218 1
    endloop
  endfacet
  facet normal 0.68455 -0.728966 0
    outer loop
      vertex 6.35264 1.38692 1
      vertex 6.18786 1.23218 0
      vertex 6.35264 1.38692 0
    endloop
  endfacet
  facet normal 0.368116 -0.92978 0
    outer loop
      vertex 6.7336 1.62869 0
      vertex 6.94377 1.7119 1
      vertex 6.7336 1.62869 1
    endloop
  endfacet
  facet normal 0.368116 -0.92978 0
    outer loop
      vertex 6.94377 1.7119 1
      vertex 6.7336 1.62869 0
      vertex 6.94377 1.7119 0
    endloop
  endfacet
  facet normal -0.90482 -0.425794 0
    outer loop
      vertex 9.1736 0.662623 0
      vertex 9.07735 0.867156 1
      vertex 9.07735 0.867156 0
    endloop
  endfacet
  facet normal -0.90482 -0.425794 0
    outer loop
      vertex 9.07735 0.867156 1
      vertex 9.1736 0.662623 0
      vertex 9.1736 0.662623 1
    endloop
  endfacet
  facet normal -0.982285 -0.187395 0
    outer loop
      vertex 9.28581 0.225599 0
      vertex 9.24345 0.447641 1
      vertex 9.24345 0.447641 0
    endloop
  endfacet
  facet normal -0.982285 -0.187395 0
    outer loop
      vertex 9.24345 0.447641 1
      vertex 9.28581 0.225599 0
      vertex 9.28581 0.225599 1
    endloop
  endfacet
  facet normal -0.368116 -0.92978 0
    outer loop
      vertex 8.05623 1.7119 0
      vertex 8.2664 1.62869 1
      vertex 8.05623 1.7119 1
    endloop
  endfacet
  facet normal -0.368116 -0.92978 -0
    outer loop
      vertex 8.2664 1.62869 1
      vertex 8.05623 1.7119 0
      vertex 8.2664 1.62869 0
    endloop
  endfacet
  facet normal -0.248714 -0.968577 0
    outer loop
      vertex 7.83729 1.76812 0
      vertex 8.05623 1.7119 1
      vertex 7.83729 1.76812 1
    endloop
  endfacet
  facet normal -0.248714 -0.968577 -0
    outer loop
      vertex 8.05623 1.7119 1
      vertex 7.83729 1.76812 0
      vertex 8.05623 1.7119 0
    endloop
  endfacet
  facet normal -0.587806 -0.809002 0
    outer loop
      vertex 8.46449 1.51979 0
      vertex 8.64736 1.38692 1
      vertex 8.46449 1.51979 1
    endloop
  endfacet
  facet normal -0.587806 -0.809002 -0
    outer loop
      vertex 8.64736 1.38692 1
      vertex 8.46449 1.51979 0
      vertex 8.64736 1.38692 0
    endloop
  endfacet
  facet normal 0.90482 -0.425794 0
    outer loop
      vertex 5.8264 0.662623 1
      vertex 5.92265 0.867156 0
      vertex 5.92265 0.867156 1
    endloop
  endfacet
  facet normal 0.90482 -0.425794 0
    outer loop
      vertex 5.92265 0.867156 0
      vertex 5.8264 0.662623 1
      vertex 5.8264 0.662623 0
    endloop
  endfacet
  facet normal 0.844327 -0.535828 0
    outer loop
      vertex 5.92265 0.867156 1
      vertex 6.04377 1.05801 0
      vertex 6.04377 1.05801 1
    endloop
  endfacet
  facet normal 0.844327 -0.535828 0
    outer loop
      vertex 6.04377 1.05801 0
      vertex 5.92265 0.867156 1
      vertex 5.92265 0.867156 0
    endloop
  endfacet
  facet normal 0.951059 -0.309009 0
    outer loop
      vertex 5.75655 0.447641 1
      vertex 5.8264 0.662623 0
      vertex 5.8264 0.662623 1
    endloop
  endfacet
  facet normal 0.951059 -0.309009 0
    outer loop
      vertex 5.8264 0.662623 0
      vertex 5.75655 0.447641 1
      vertex 5.75655 0.447641 0
    endloop
  endfacet
  facet normal 0.587806 -0.809002 0
    outer loop
      vertex 6.35264 1.38692 0
      vertex 6.53551 1.51979 1
      vertex 6.35264 1.38692 1
    endloop
  endfacet
  facet normal 0.587806 -0.809002 0
    outer loop
      vertex 6.53551 1.51979 1
      vertex 6.35264 1.38692 0
      vertex 6.53551 1.51979 0
    endloop
  endfacet
  facet normal 0.125325 -0.992116 0
    outer loop
      vertex 7.16271 1.76812 0
      vertex 7.38698 1.79645 1
      vertex 7.16271 1.76812 1
    endloop
  endfacet
  facet normal 0.125325 -0.992116 0
    outer loop
      vertex 7.38698 1.79645 1
      vertex 7.16271 1.76812 0
      vertex 7.38698 1.79645 0
    endloop
  endfacet
  facet normal -0.998028 0.0627752 0
    outer loop
      vertex 9.28581 -0.225599 0
      vertex 9.3 0 1
      vertex 9.3 0 0
    endloop
  endfacet
  facet normal -0.998028 0.0627752 0
    outer loop
      vertex 9.3 0 1
      vertex 9.28581 -0.225599 0
      vertex 9.28581 -0.225599 1
    endloop
  endfacet
  facet normal 0.125325 0.992116 -0
    outer loop
      vertex 7.38698 -1.79645 0
      vertex 7.16271 -1.76812 1
      vertex 7.38698 -1.79645 1
    endloop
  endfacet
  facet normal 0.125325 0.992116 0
    outer loop
      vertex 7.16271 -1.76812 1
      vertex 7.38698 -1.79645 0
      vertex 7.16271 -1.76812 0
    endloop
  endfacet
  facet normal -0.125325 0.992116 0
    outer loop
      vertex 7.83729 -1.76812 0
      vertex 7.61302 -1.79645 1
      vertex 7.83729 -1.76812 1
    endloop
  endfacet
  facet normal -0.125325 0.992116 0
    outer loop
      vertex 7.61302 -1.79645 1
      vertex 7.83729 -1.76812 0
      vertex 7.61302 -1.79645 0
    endloop
  endfacet
  facet normal -0.951059 -0.309009 0
    outer loop
      vertex 9.24345 0.447641 0
      vertex 9.1736 0.662623 1
      vertex 9.1736 0.662623 0
    endloop
  endfacet
  facet normal -0.951059 -0.309009 0
    outer loop
      vertex 9.1736 0.662623 1
      vertex 9.24345 0.447641 0
      vertex 9.24345 0.447641 1
    endloop
  endfacet
  facet normal -0.770504 -0.637435 0
    outer loop
      vertex 8.95623 1.05801 0
      vertex 8.81214 1.23218 1
      vertex 8.81214 1.23218 0
    endloop
  endfacet
  facet normal -0.770504 -0.637435 0
    outer loop
      vertex 8.81214 1.23218 1
      vertex 8.95623 1.05801 0
      vertex 8.95623 1.05801 1
    endloop
  endfacet
  facet normal -0.844327 -0.535828 0
    outer loop
      vertex 9.07735 0.867156 0
      vertex 8.95623 1.05801 1
      vertex 8.95623 1.05801 0
    endloop
  endfacet
  facet normal -0.844327 -0.535828 0
    outer loop
      vertex 8.95623 1.05801 1
      vertex 9.07735 0.867156 0
      vertex 9.07735 0.867156 1
    endloop
  endfacet
  facet normal -0.125325 -0.992116 0
    outer loop
      vertex 7.61302 1.79645 0
      vertex 7.83729 1.76812 1
      vertex 7.61302 1.79645 1
    endloop
  endfacet
  facet normal -0.125325 -0.992116 -0
    outer loop
      vertex 7.83729 1.76812 1
      vertex 7.61302 1.79645 0
      vertex 7.83729 1.76812 0
    endloop
  endfacet
  facet normal -0.481751 -0.876308 0
    outer loop
      vertex 8.2664 1.62869 0
      vertex 8.46449 1.51979 1
      vertex 8.2664 1.62869 1
    endloop
  endfacet
  facet normal -0.481751 -0.876308 -0
    outer loop
      vertex 8.46449 1.51979 1
      vertex 8.2664 1.62869 0
      vertex 8.46449 1.51979 0
    endloop
  endfacet
  facet normal 0.770504 -0.637435 0
    outer loop
      vertex 6.04377 1.05801 1
      vertex 6.18786 1.23218 0
      vertex 6.18786 1.23218 1
    endloop
  endfacet
  facet normal 0.770504 -0.637435 0
    outer loop
      vertex 6.18786 1.23218 0
      vertex 6.04377 1.05801 1
      vertex 6.04377 1.05801 0
    endloop
  endfacet
  facet normal 0.982285 -0.187395 0
    outer loop
      vertex 5.71419 0.225599 1
      vertex 5.75655 0.447641 0
      vertex 5.75655 0.447641 1
    endloop
  endfacet
  facet normal 0.982285 -0.187395 0
    outer loop
      vertex 5.75655 0.447641 0
      vertex 5.71419 0.225599 1
      vertex 5.71419 0.225599 0
    endloop
  endfacet
  facet normal 0.481751 -0.876308 0
    outer loop
      vertex 6.53551 1.51979 0
      vertex 6.7336 1.62869 1
      vertex 6.53551 1.51979 1
    endloop
  endfacet
  facet normal 0.481751 -0.876308 0
    outer loop
      vertex 6.7336 1.62869 1
      vertex 6.53551 1.51979 0
      vertex 6.7336 1.62869 0
    endloop
  endfacet
  facet normal 0.248714 -0.968577 0
    outer loop
      vertex 6.94377 1.7119 0
      vertex 7.16271 1.76812 1
      vertex 6.94377 1.7119 1
    endloop
  endfacet
  facet normal 0.248714 -0.968577 0
    outer loop
      vertex 7.16271 1.76812 1
      vertex 6.94377 1.7119 0
      vertex 7.16271 1.76812 0
    endloop
  endfacet
  facet normal -0.982285 0.187395 0
    outer loop
      vertex 9.24345 -0.447641 0
      vertex 9.28581 -0.225599 1
      vertex 9.28581 -0.225599 0
    endloop
  endfacet
  facet normal -0.982285 0.187395 0
    outer loop
      vertex 9.28581 -0.225599 1
      vertex 9.24345 -0.447641 0
      vertex 9.24345 -0.447641 1
    endloop
  endfacet
  facet normal 0.951059 0.309009 0
    outer loop
      vertex 5.8264 -0.662623 1
      vertex 5.75655 -0.447641 0
      vertex 5.75655 -0.447641 1
    endloop
  endfacet
  facet normal 0.951059 0.309009 0
    outer loop
      vertex 5.75655 -0.447641 0
      vertex 5.8264 -0.662623 1
      vertex 5.8264 -0.662623 0
    endloop
  endfacet
  facet normal -0.368116 0.92978 0
    outer loop
      vertex 8.2664 -1.62869 0
      vertex 8.05623 -1.7119 1
      vertex 8.2664 -1.62869 1
    endloop
  endfacet
  facet normal -0.368116 0.92978 0
    outer loop
      vertex 8.05623 -1.7119 1
      vertex 8.2664 -1.62869 0
      vertex 8.05623 -1.7119 0
    endloop
  endfacet
  facet normal -0.248714 0.968577 0
    outer loop
      vertex 8.05623 -1.7119 0
      vertex 7.83729 -1.76812 1
      vertex 8.05623 -1.7119 1
    endloop
  endfacet
  facet normal -0.248714 0.968577 0
    outer loop
      vertex 7.83729 -1.76812 1
      vertex 8.05623 -1.7119 0
      vertex 7.83729 -1.76812 0
    endloop
  endfacet
  facet normal -0.481751 0.876308 0
    outer loop
      vertex 8.46449 -1.51979 0
      vertex 8.2664 -1.62869 1
      vertex 8.46449 -1.51979 1
    endloop
  endfacet
  facet normal -0.481751 0.876308 0
    outer loop
      vertex 8.2664 -1.62869 1
      vertex 8.46449 -1.51979 0
      vertex 8.2664 -1.62869 0
    endloop
  endfacet
  facet normal -0.68455 0.728966 0
    outer loop
      vertex 8.81214 -1.23218 0
      vertex 8.64736 -1.38692 1
      vertex 8.81214 -1.23218 1
    endloop
  endfacet
  facet normal -0.68455 0.728966 0
    outer loop
      vertex 8.64736 -1.38692 1
      vertex 8.81214 -1.23218 0
      vertex 8.64736 -1.38692 0
    endloop
  endfacet
  facet normal -0.90482 0.425794 0
    outer loop
      vertex 9.07735 -0.867156 0
      vertex 9.1736 -0.662623 1
      vertex 9.1736 -0.662623 0
    endloop
  endfacet
  facet normal -0.90482 0.425794 0
    outer loop
      vertex 9.1736 -0.662623 1
      vertex 9.07735 -0.867156 0
      vertex 9.07735 -0.867156 1
    endloop
  endfacet
  facet normal -0.770504 0.637435 0
    outer loop
      vertex 8.81214 -1.23218 0
      vertex 8.95623 -1.05801 1
      vertex 8.95623 -1.05801 0
    endloop
  endfacet
  facet normal -0.770504 0.637435 0
    outer loop
      vertex 8.95623 -1.05801 1
      vertex 8.81214 -1.23218 0
      vertex 8.81214 -1.23218 1
    endloop
  endfacet
  facet normal 0.368116 0.92978 -0
    outer loop
      vertex 6.94377 -1.7119 0
      vertex 6.7336 -1.62869 1
      vertex 6.94377 -1.7119 1
    endloop
  endfacet
  facet normal 0.368116 0.92978 0
    outer loop
      vertex 6.7336 -1.62869 1
      vertex 6.94377 -1.7119 0
      vertex 6.7336 -1.62869 0
    endloop
  endfacet
  facet normal 0.770504 0.637435 0
    outer loop
      vertex 6.18786 -1.23218 1
      vertex 6.04377 -1.05801 0
      vertex 6.04377 -1.05801 1
    endloop
  endfacet
  facet normal 0.770504 0.637435 0
    outer loop
      vertex 6.04377 -1.05801 0
      vertex 6.18786 -1.23218 1
      vertex 6.18786 -1.23218 0
    endloop
  endfacet
  facet normal 0.998028 0.0627752 0
    outer loop
      vertex 5.71419 -0.225599 1
      vertex 5.7 0 0
      vertex 5.7 0 1
    endloop
  endfacet
  facet normal 0.998028 0.0627752 0
    outer loop
      vertex 5.7 0 0
      vertex 5.71419 -0.225599 1
      vertex 5.71419 -0.225599 0
    endloop
  endfacet
  facet normal -0.587806 0.809002 0
    outer loop
      vertex 8.64736 -1.38692 0
      vertex 8.46449 -1.51979 1
      vertex 8.64736 -1.38692 1
    endloop
  endfacet
  facet normal -0.587806 0.809002 0
    outer loop
      vertex 8.46449 -1.51979 1
      vertex 8.64736 -1.38692 0
      vertex 8.46449 -1.51979 0
    endloop
  endfacet
  facet normal -0.951059 0.309009 0
    outer loop
      vertex 9.1736 -0.662623 0
      vertex 9.24345 -0.447641 1
      vertex 9.24345 -0.447641 0
    endloop
  endfacet
  facet normal -0.951059 0.309009 0
    outer loop
      vertex 9.24345 -0.447641 1
      vertex 9.1736 -0.662623 0
      vertex 9.1736 -0.662623 1
    endloop
  endfacet
  facet normal -0.844327 0.535828 0
    outer loop
      vertex 8.95623 -1.05801 0
      vertex 9.07735 -0.867156 1
      vertex 9.07735 -0.867156 0
    endloop
  endfacet
  facet normal -0.844327 0.535828 0
    outer loop
      vertex 9.07735 -0.867156 1
      vertex 8.95623 -1.05801 0
      vertex 8.95623 -1.05801 1
    endloop
  endfacet
  facet normal 0 1 -0
    outer loop
      vertex 7.61302 -1.79645 0
      vertex 7.38698 -1.79645 1
      vertex 7.61302 -1.79645 1
    endloop
  endfacet
  facet normal 0 1 0
    outer loop
      vertex 7.38698 -1.79645 1
      vertex 7.61302 -1.79645 0
      vertex 7.38698 -1.79645 0
    endloop
  endfacet
  facet normal 0.248714 0.968577 -0
    outer loop
      vertex 7.16271 -1.76812 0
      vertex 6.94377 -1.7119 1
      vertex 7.16271 -1.76812 1
    endloop
  endfacet
  facet normal 0.248714 0.968577 0
    outer loop
      vertex 6.94377 -1.7119 1
      vertex 7.16271 -1.76812 0
      vertex 6.94377 -1.7119 0
    endloop
  endfacet
  facet normal 0.587806 0.809002 -0
    outer loop
      vertex 6.53551 -1.51979 0
      vertex 6.35264 -1.38692 1
      vertex 6.53551 -1.51979 1
    endloop
  endfacet
  facet normal 0.587806 0.809002 0
    outer loop
      vertex 6.35264 -1.38692 1
      vertex 6.53551 -1.51979 0
      vertex 6.35264 -1.38692 0
    endloop
  endfacet
  facet normal 0.68455 0.728966 -0
    outer loop
      vertex 6.35264 -1.38692 0
      vertex 6.18786 -1.23218 1
      vertex 6.35264 -1.38692 1
    endloop
  endfacet
  facet normal 0.68455 0.728966 0
    outer loop
      vertex 6.18786 -1.23218 1
      vertex 6.35264 -1.38692 0
      vertex 6.18786 -1.23218 0
    endloop
  endfacet
  facet normal 0.982285 0.187395 0
    outer loop
      vertex 5.75655 -0.447641 1
      vertex 5.71419 -0.225599 0
      vertex 5.71419 -0.225599 1
    endloop
  endfacet
  facet normal 0.982285 0.187395 0
    outer loop
      vertex 5.71419 -0.225599 0
      vertex 5.75655 -0.447641 1
      vertex 5.75655 -0.447641 0
    endloop
  endfacet
  facet normal 0.481751 0.876308 -0
    outer loop
      vertex 6.7336 -1.62869 0
      vertex 6.53551 -1.51979 1
      vertex 6.7336 -1.62869 1
    endloop
  endfacet
  facet normal 0.481751 0.876308 0
    outer loop
      vertex 6.53551 -1.51979 1
      vertex 6.7336 -1.62869 0
      vertex 6.53551 -1.51979 0
    endloop
  endfacet
  facet normal 0.844327 0.535828 0
    outer loop
      vertex 6.04377 -1.05801 1
      vertex 5.92265 -0.867156 0
      vertex 5.92265 -0.867156 1
    endloop
  endfacet
  facet normal 0.844327 0.535828 0
    outer loop
      vertex 5.92265 -0.867156 0
      vertex 6.04377 -1.05801 1
      vertex 6.04377 -1.05801 0
    endloop
  endfacet
  facet normal 0.90482 0.425794 0
    outer loop
      vertex 5.92265 -0.867156 1
      vertex 5.8264 -0.662623 0
      vertex 5.8264 -0.662623 1
    endloop
  endfacet
  facet normal 0.90482 0.425794 0
    outer loop
      vertex 5.8264 -0.662623 0
      vertex 5.92265 -0.867156 1
      vertex 5.92265 -0.867156 0
    endloop
  endfacet
endsolid OpenSCAD_Model
