solid OpenSCAD_Model
  facet normal -1 0 0
    outer loop
      vertex -37 -2 0
      vertex -37 2 1
      vertex -37 2 0
    endloop
  endfacet
  facet normal -1 -0 0
    outer loop
      vertex -37 2 1
      vertex -37 -2 0
      vertex -37 -2 1
    endloop
  endfacet
  facet normal -0.998029 -0.0627481 0
    outer loop
      vertex -36.9606 -2.62667 0
      vertex -37 -2 1
      vertex -37 -2 0
    endloop
  endfacet
  facet normal -0.998029 -0.0627481 0
    outer loop
      vertex -37 -2 1
      vertex -36.9606 -2.62667 0
      vertex -36.9606 -2.62667 1
    endloop
  endfacet
  facet normal -0.998029 0.0627481 0
    outer loop
      vertex -37 2 0
      vertex -36.9606 2.62667 1
      vertex -36.9606 2.62667 0
    endloop
  endfacet
  facet normal -0.998029 0.0627481 0
    outer loop
      vertex -36.9606 2.62667 1
      vertex -37 2 0
      vertex -37 2 1
    endloop
  endfacet
  facet normal 0 0 1
    outer loop
      vertex -9.28581 0.225599 1
      vertex -11.7756 0.407332 1
      vertex -11.75 0 1
    endloop
  endfacet
  facet normal 0 0 1
    outer loop
      vertex -10.419 17.8813 1
      vertex -11.8521 0.808242 1
      vertex -11.7756 0.407332 1
    endloop
  endfacet
  facet normal 0 0 1
    outer loop
      vertex -10.419 17.8813 1
      vertex -11.9782 1.1964 1
      vertex -11.8521 0.808242 1
    endloop
  endfacet
  facet normal 0 0 1
    outer loop
      vertex -10.419 17.8813 1
      vertex -12.152 1.5657 1
      vertex -11.9782 1.1964 1
    endloop
  endfacet
  facet normal 0 0 1
    outer loop
      vertex -10.419 17.8813 1
      vertex -12.3707 1.9103 1
      vertex -12.152 1.5657 1
    endloop
  endfacet
  facet normal 0 0 1
    outer loop
      vertex -10.419 17.8813 1
      vertex -12.6309 2.22478 1
      vertex -12.3707 1.9103 1
    endloop
  endfacet
  facet normal 0 0 1
    outer loop
      vertex -10.419 17.8813 1
      vertex -15.2689 6.99013 1
      vertex -12.6309 2.22478 1
    endloop
  endfacet
  facet normal 0 0 1
    outer loop
      vertex -12.6309 2.22478 1
      vertex -15.2689 6.99013 1
      vertex -12.9284 2.50417 1
    endloop
  endfacet
  facet normal 0 0 1
    outer loop
      vertex -12.9284 2.50417 1
      vertex -15.2689 6.99013 1
      vertex -13.2586 2.74407 1
    endloop
  endfacet
  facet normal 0 0 1
    outer loop
      vertex -13.2586 2.74407 1
      vertex -15.2689 6.99013 1
      vertex -13.6162 2.94069 1
    endloop
  endfacet
  facet normal 0 0 1
    outer loop
      vertex -13.6162 2.94069 1
      vertex -15.2689 6.99013 1
      vertex -13.9957 3.09093 1
    endloop
  endfacet
  facet normal 0 0 1
    outer loop
      vertex -13.9957 3.09093 1
      vertex -15.2689 6.99013 1
      vertex -14.391 3.19243 1
    endloop
  endfacet
  facet normal 0 0 1
    outer loop
      vertex -14.391 3.19243 1
      vertex -15.2689 6.99013 1
      vertex -14.7959 3.24359 1
    endloop
  endfacet
  facet normal 0 0 1
    outer loop
      vertex -14.7959 3.24359 1
      vertex -15.2689 6.99013 1
      vertex -15.2041 3.24359 1
    endloop
  endfacet
  facet normal 0 0 1
    outer loop
      vertex -10.419 17.8813 1
      vertex -15.9352 7.4904 1
      vertex -15.2689 6.99013 1
    endloop
  endfacet
  facet normal 0 0 1
    outer loop
      vertex -10.419 17.8813 1
      vertex -17.3188 8.79677 1
      vertex -15.9352 7.4904 1
    endloop
  endfacet
  facet normal 0 0 1
    outer loop
      vertex -10.419 17.8813 1
      vertex -18.5352 10.2451 1
      vertex -17.3188 8.79677 1
    endloop
  endfacet
  facet normal 0 0 1
    outer loop
      vertex -10.419 17.8813 1
      vertex -19.5843 11.8354 1
      vertex -18.5352 10.2451 1
    endloop
  endfacet
  facet normal 0 0 1
    outer loop
      vertex -10.419 17.8813 1
      vertex -20.4662 13.5677 1
      vertex -19.5843 11.8354 1
    endloop
  endfacet
  facet normal 0 0 1
    outer loop
      vertex -10.419 17.8813 1
      vertex -21.1808 15.4419 1
      vertex -20.4662 13.5677 1
    endloop
  endfacet
  facet normal 0 -0 1
    outer loop
      vertex -21.1808 15.4419 1
      vertex -10.7124 18.8882 1
      vertex -21.7283 17.4581 1
    endloop
  endfacet
  facet normal 0 0 1
    outer loop
      vertex -15.2689 6.99013 1
      vertex -15.609 3.19243 1
      vertex -15.2041 3.24359 1
    endloop
  endfacet
  facet normal 0 0 1
    outer loop
      vertex -15.2689 6.99013 1
      vertex -16.0043 3.09093 1
      vertex -15.609 3.19243 1
    endloop
  endfacet
  facet normal 0 0 1
    outer loop
      vertex -15.2689 6.99013 1
      vertex -16.3838 2.94069 1
      vertex -16.0043 3.09093 1
    endloop
  endfacet
  facet normal 0 0 1
    outer loop
      vertex -15.2689 6.99013 1
      vertex -16.7414 2.74407 1
      vertex -16.3838 2.94069 1
    endloop
  endfacet
  facet normal 0 0 1
    outer loop
      vertex -15.2689 6.99013 1
      vertex -17.0716 2.50417 1
      vertex -16.7414 2.74407 1
    endloop
  endfacet
  facet normal 0 0 1
    outer loop
      vertex -21.9438 1.7119 1
      vertex -17.0716 2.50417 1
      vertex -15.2689 6.99013 1
    endloop
  endfacet
  facet normal 0 -0 1
    outer loop
      vertex -21.7336 1.62869 1
      vertex -17.0716 2.50417 1
      vertex -21.9438 1.7119 1
    endloop
  endfacet
  facet normal 0 -0 1
    outer loop
      vertex -21.5355 1.51979 1
      vertex -17.3691 2.22478 1
      vertex -21.7336 1.62869 1
    endloop
  endfacet
  facet normal -0 0 1
    outer loop
      vertex -20.7142 0.225599 1
      vertex -18.25 0 1
      vertex -18.2244 0.407332 1
    endloop
  endfacet
  facet normal -0 0 1
    outer loop
      vertex -20.7565 0.447641 1
      vertex -18.2244 0.407332 1
      vertex -18.1479 0.808242 1
    endloop
  endfacet
  facet normal -0 0 1
    outer loop
      vertex -20.9226 0.867156 1
      vertex -18.1479 0.808242 1
      vertex -18.0218 1.1964 1
    endloop
  endfacet
  facet normal 0 0 1
    outer loop
      vertex -21.0438 1.05801 1
      vertex -18.0218 1.1964 1
      vertex -17.848 1.5657 1
    endloop
  endfacet
  facet normal 0 0 1
    outer loop
      vertex -17.3691 2.22478 1
      vertex -21.5355 1.51979 1
      vertex -17.6293 1.9103 1
    endloop
  endfacet
  facet normal 0 0 1
    outer loop
      vertex -18.25 0 1
      vertex -20.7142 0.225599 1
      vertex -20.7 0 1
    endloop
  endfacet
  facet normal 0 0 1
    outer loop
      vertex -18.2244 0.407332 1
      vertex -20.7565 0.447641 1
      vertex -20.7142 0.225599 1
    endloop
  endfacet
  facet normal 0 0 1
    outer loop
      vertex -18.1479 0.808242 1
      vertex -20.8264 0.662623 1
      vertex -20.7565 0.447641 1
    endloop
  endfacet
  facet normal 0 0 1
    outer loop
      vertex -18.1479 0.808242 1
      vertex -20.9226 0.867156 1
      vertex -20.8264 0.662623 1
    endloop
  endfacet
  facet normal 0 0 1
    outer loop
      vertex -18.0218 1.1964 1
      vertex -21.0438 1.05801 1
      vertex -20.9226 0.867156 1
    endloop
  endfacet
  facet normal 0 0 1
    outer loop
      vertex -17.848 1.5657 1
      vertex -21.1879 1.23218 1
      vertex -21.0438 1.05801 1
    endloop
  endfacet
  facet normal 0 0 1
    outer loop
      vertex -17.6293 1.9103 1
      vertex -21.1879 1.23218 1
      vertex -17.848 1.5657 1
    endloop
  endfacet
  facet normal 0 -0 1
    outer loop
      vertex -21.1879 1.23218 1
      vertex -17.6293 1.9103 1
      vertex -21.3526 1.38692 1
    endloop
  endfacet
  facet normal 0 -0 1
    outer loop
      vertex -21.3526 1.38692 1
      vertex -17.6293 1.9103 1
      vertex -21.5355 1.51979 1
    endloop
  endfacet
  facet normal 0 0 1
    outer loop
      vertex -17.0716 2.50417 1
      vertex -21.7336 1.62869 1
      vertex -17.3691 2.22478 1
    endloop
  endfacet
  facet normal 0 0 1
    outer loop
      vertex -15.2689 6.99013 1
      vertex -22.1627 1.76812 1
      vertex -21.9438 1.7119 1
    endloop
  endfacet
  facet normal 0 0 1
    outer loop
      vertex -15.2689 6.99013 1
      vertex -22.387 1.79645 1
      vertex -22.1627 1.76812 1
    endloop
  endfacet
  facet normal 0 0 1
    outer loop
      vertex -15.2689 6.99013 1
      vertex -22.613 1.79645 1
      vertex -22.387 1.79645 1
    endloop
  endfacet
  facet normal -0 0 1
    outer loop
      vertex -32.314 6.99013 1
      vertex -22.613 1.79645 1
      vertex -15.2689 6.99013 1
    endloop
  endfacet
  facet normal 0 0 1
    outer loop
      vertex -22.613 1.79645 1
      vertex -32.314 6.99013 1
      vertex -22.8373 1.76812 1
    endloop
  endfacet
  facet normal -0 -0 1
    outer loop
      vertex -28.2586 2.74407 1
      vertex -22.8373 1.76812 1
      vertex -32.314 6.99013 1
    endloop
  endfacet
  facet normal -0 -0 1
    outer loop
      vertex -27.9284 2.50417 1
      vertex -23.0562 1.7119 1
      vertex -28.2586 2.74407 1
    endloop
  endfacet
  facet normal 0 0 1
    outer loop
      vertex -24.2858 0.225599 1
      vertex -26.75 0 1
      vertex -24.3 0 1
    endloop
  endfacet
  facet normal -0 0 1
    outer loop
      vertex -26.7756 0.407332 1
      vertex -24.2858 0.225599 1
      vertex -24.2435 0.447641 1
    endloop
  endfacet
  facet normal 0 0 1
    outer loop
      vertex -26.8521 0.808242 1
      vertex -24.2435 0.447641 1
      vertex -24.1736 0.662623 1
    endloop
  endfacet
  facet normal -0 0 1
    outer loop
      vertex -26.8521 0.808242 1
      vertex -24.1736 0.662623 1
      vertex -24.0774 0.867156 1
    endloop
  endfacet
  facet normal 0 0 1
    outer loop
      vertex -26.9782 1.1964 1
      vertex -24.0774 0.867156 1
      vertex -23.9562 1.05801 1
    endloop
  endfacet
  facet normal 0 0 1
    outer loop
      vertex -27.152 1.5657 1
      vertex -23.9562 1.05801 1
      vertex -23.8121 1.23218 1
    endloop
  endfacet
  facet normal 0 0 1
    outer loop
      vertex -27.3707 1.9103 1
      vertex -23.8121 1.23218 1
      vertex -23.6474 1.38692 1
    endloop
  endfacet
  facet normal 0 0 1
    outer loop
      vertex -27.3707 1.9103 1
      vertex -23.6474 1.38692 1
      vertex -23.4645 1.51979 1
    endloop
  endfacet
  facet normal 0 0 1
    outer loop
      vertex -23.0562 1.7119 1
      vertex -27.9284 2.50417 1
      vertex -23.2664 1.62869 1
    endloop
  endfacet
  facet normal 0 0 1
    outer loop
      vertex -24.2858 0.225599 1
      vertex -26.7756 0.407332 1
      vertex -26.75 0 1
    endloop
  endfacet
  facet normal 0 0 1
    outer loop
      vertex -24.2435 0.447641 1
      vertex -26.8521 0.808242 1
      vertex -26.7756 0.407332 1
    endloop
  endfacet
  facet normal 0 0 1
    outer loop
      vertex -24.0774 0.867156 1
      vertex -26.9782 1.1964 1
      vertex -26.8521 0.808242 1
    endloop
  endfacet
  facet normal 0 0 1
    outer loop
      vertex -23.9562 1.05801 1
      vertex -27.152 1.5657 1
      vertex -26.9782 1.1964 1
    endloop
  endfacet
  facet normal 0 0 1
    outer loop
      vertex -23.8121 1.23218 1
      vertex -27.3707 1.9103 1
      vertex -27.152 1.5657 1
    endloop
  endfacet
  facet normal 0 0 1
    outer loop
      vertex -23.4645 1.51979 1
      vertex -27.6309 2.22478 1
      vertex -27.3707 1.9103 1
    endloop
  endfacet
  facet normal 0 0 1
    outer loop
      vertex -23.2664 1.62869 1
      vertex -27.6309 2.22478 1
      vertex -23.4645 1.51979 1
    endloop
  endfacet
  facet normal -0 -0 1
    outer loop
      vertex -27.6309 2.22478 1
      vertex -23.2664 1.62869 1
      vertex -27.9284 2.50417 1
    endloop
  endfacet
  facet normal 0 0 1
    outer loop
      vertex -22.8373 1.76812 1
      vertex -28.2586 2.74407 1
      vertex -23.0562 1.7119 1
    endloop
  endfacet
  facet normal 0 0 1
    outer loop
      vertex -28.2586 2.74407 1
      vertex -32.314 6.99013 1
      vertex -28.6162 2.94069 1
    endloop
  endfacet
  facet normal 0 0 1
    outer loop
      vertex -28.6162 2.94069 1
      vertex -32.314 6.99013 1
      vertex -28.9957 3.09093 1
    endloop
  endfacet
  facet normal 0 0 1
    outer loop
      vertex -28.9957 3.09093 1
      vertex -32.314 6.99013 1
      vertex -29.391 3.19243 1
    endloop
  endfacet
  facet normal 0 0 1
    outer loop
      vertex -29.391 3.19243 1
      vertex -32.314 6.99013 1
      vertex -29.7959 3.24359 1
    endloop
  endfacet
  facet normal 0 0 1
    outer loop
      vertex -29.7959 3.24359 1
      vertex -32.314 6.99013 1
      vertex -30.2041 3.24359 1
    endloop
  endfacet
  facet normal 0 0 1
    outer loop
      vertex -30.2041 3.24359 1
      vertex -32.314 6.99013 1
      vertex -30.609 3.19243 1
    endloop
  endfacet
  facet normal 0 0 1
    outer loop
      vertex -32.314 6.99013 1
      vertex -31.0043 3.09093 1
      vertex -30.609 3.19243 1
    endloop
  endfacet
  facet normal 0 0 1
    outer loop
      vertex -32.314 6.99013 1
      vertex -31.3838 2.94069 1
      vertex -31.0043 3.09093 1
    endloop
  endfacet
  facet normal -0 0 1
    outer loop
      vertex -32.9369 6.91144 1
      vertex -31.3838 2.94069 1
      vertex -32.314 6.99013 1
    endloop
  endfacet
  facet normal 0 0 1
    outer loop
      vertex -31.3838 2.94069 1
      vertex -32.9369 6.91144 1
      vertex -31.7414 2.74407 1
    endloop
  endfacet
  facet normal -0 0 1
    outer loop
      vertex -33.5451 6.75528 1
      vertex -31.7414 2.74407 1
      vertex -32.9369 6.91144 1
    endloop
  endfacet
  facet normal -0 0 1
    outer loop
      vertex -34.1289 6.52413 1
      vertex -31.7414 2.74407 1
      vertex -33.5451 6.75528 1
    endloop
  endfacet
  facet normal 0 0 1
    outer loop
      vertex -31.7414 2.74407 1
      vertex -34.1289 6.52413 1
      vertex -32.0716 2.50417 1
    endloop
  endfacet
  facet normal -0 0 1
    outer loop
      vertex -34.6791 6.22164 1
      vertex -32.0716 2.50417 1
      vertex -34.1289 6.52413 1
    endloop
  endfacet
  facet normal -0 0 1
    outer loop
      vertex -35.1871 5.85257 1
      vertex -32.0716 2.50417 1
      vertex -34.6791 6.22164 1
    endloop
  endfacet
  facet normal 0 0 1
    outer loop
      vertex -32.0716 2.50417 1
      vertex -35.1871 5.85257 1
      vertex -32.3691 2.22478 1
    endloop
  endfacet
  facet normal -0 0 1
    outer loop
      vertex -35.6448 5.42274 1
      vertex -32.3691 2.22478 1
      vertex -35.1871 5.85257 1
    endloop
  endfacet
  facet normal -0 0 1
    outer loop
      vertex -36.0451 4.93893 1
      vertex -32.3691 2.22478 1
      vertex -35.6448 5.42274 1
    endloop
  endfacet
  facet normal 0 0 1
    outer loop
      vertex -32.3691 2.22478 1
      vertex -36.0451 4.93893 1
      vertex -32.6293 1.9103 1
    endloop
  endfacet
  facet normal 0 0 1
    outer loop
      vertex 9.34869 41.0755 1
      vertex 19.9249 44.1733 1
      vertex 19.3055 45.9967 1
    endloop
  endfacet
  facet normal 0 0 1
    outer loop
      vertex 8.74835 42.952 1
      vertex 19.3055 45.9967 1
      vertex 18.5458 47.6662 1
    endloop
  endfacet
  facet normal 0 0 1
    outer loop
      vertex 8.74835 42.952 1
      vertex 18.5458 47.6662 1
      vertex 17.6457 49.1819 1
    endloop
  endfacet
  facet normal 0 0 1
    outer loop
      vertex 7.91927 44.5399 1
      vertex 17.6457 49.1819 1
      vertex 16.6052 50.5438 1
    endloop
  endfacet
  facet normal 0 0 1
    outer loop
      vertex 7.91927 44.5399 1
      vertex 16.6052 50.5438 1
      vertex 15.4243 51.7519 1
    endloop
  endfacet
  facet normal 0 0 1
    outer loop
      vertex 7.91927 44.5399 1
      vertex 15.4243 51.7519 1
      vertex 14.1031 52.8061 1
    endloop
  endfacet
  facet normal 0 0 1
    outer loop
      vertex 6.86143 45.839 1
      vertex 14.1031 52.8061 1
      vertex 12.6343 53.7137 1
    endloop
  endfacet
  facet normal 0 0 1
    outer loop
      vertex 6.86143 45.839 1
      vertex 12.6343 53.7137 1
      vertex 11.0109 54.4817 1
    endloop
  endfacet
  facet normal 0 0 1
    outer loop
      vertex 17.6457 49.1819 1
      vertex 7.91927 44.5399 1
      vertex 8.74835 42.952 1
    endloop
  endfacet
  facet normal 0 0 1
    outer loop
      vertex 5.57487 46.8495 1
      vertex 11.0109 54.4817 1
      vertex 9.23291 55.1101 1
    endloop
  endfacet
  facet normal 0 0 1
    outer loop
      vertex 19.9249 44.1733 1
      vertex 9.34869 41.0755 1
      vertex 20.4038 42.1961 1
    endloop
  endfacet
  facet normal 0 0 1
    outer loop
      vertex 19.3055 45.9967 1
      vertex 8.74835 42.952 1
      vertex 9.34869 41.0755 1
    endloop
  endfacet
  facet normal 0 0 1
    outer loop
      vertex 5.57487 46.8495 1
      vertex 9.23291 55.1101 1
      vertex 7.30028 55.5988 1
    endloop
  endfacet
  facet normal 0 0 1
    outer loop
      vertex 14.1031 52.8061 1
      vertex 6.86143 45.839 1
      vertex 7.91927 44.5399 1
    endloop
  endfacet
  facet normal 0 0 1
    outer loop
      vertex 11.0109 54.4817 1
      vertex 5.57487 46.8495 1
      vertex 6.86143 45.839 1
    endloop
  endfacet
  facet normal 0 0 1
    outer loop
      vertex 4.05956 47.5712 1
      vertex 7.30028 55.5988 1
      vertex 5.21304 55.9479 1
    endloop
  endfacet
  facet normal 0 0 1
    outer loop
      vertex 7.30028 55.5988 1
      vertex 4.05956 47.5712 1
      vertex 5.57487 46.8495 1
    endloop
  endfacet
  facet normal 0 0 1
    outer loop
      vertex 2.31549 48.0043 1
      vertex 5.21304 55.9479 1
      vertex 2.97118 56.1574 1
    endloop
  endfacet
  facet normal 0 0 1
    outer loop
      vertex 5.21304 55.9479 1
      vertex 2.31549 48.0043 1
      vertex 4.05956 47.5712 1
    endloop
  endfacet
  facet normal 0 0 1
    outer loop
      vertex 0.574677 56.2272 1
      vertex 2.31549 48.0043 1
      vertex 2.97118 56.1574 1
    endloop
  endfacet
  facet normal 0 0 1
    outer loop
      vertex 0.574677 56.2272 1
      vertex 0.342682 48.1486 1
      vertex 2.31549 48.0043 1
    endloop
  endfacet
  facet normal 0 0 1
    outer loop
      vertex 0.574677 56.2272 1
      vertex -0.788483 48.1174 1
      vertex 0.342682 48.1486 1
    endloop
  endfacet
  facet normal -0 0 1
    outer loop
      vertex -1.89479 56.1467 1
      vertex -0.788483 48.1174 1
      vertex 0.574677 56.2272 1
    endloop
  endfacet
  facet normal 0 0 1
    outer loop
      vertex -0.788483 48.1174 1
      vertex -1.89479 56.1467 1
      vertex -1.84079 48.024 1
    endloop
  endfacet
  facet normal -0 0 1
    outer loop
      vertex -4.22308 55.9053 1
      vertex -1.84079 48.024 1
      vertex -1.89479 56.1467 1
    endloop
  endfacet
  facet normal 0 0 1
    outer loop
      vertex -1.84079 48.024 1
      vertex -4.22308 55.9053 1
      vertex -2.81424 47.8681 1
    endloop
  endfacet
  facet normal 0 0 1
    outer loop
      vertex -2.81424 47.8681 1
      vertex -4.22308 55.9053 1
      vertex -3.70882 47.65 1
    endloop
  endfacet
  facet normal -0 0 1
    outer loop
      vertex -6.41017 55.503 1
      vertex -3.70882 47.65 1
      vertex -4.22308 55.9053 1
    endloop
  endfacet
  facet normal 0 0 1
    outer loop
      vertex -3.70882 47.65 1
      vertex -6.41017 55.503 1
      vertex -4.52452 47.3695 1
    endloop
  endfacet
  facet normal -0 0 1
    outer loop
      vertex -8.45605 54.9398 1
      vertex -4.52452 47.3695 1
      vertex -6.41017 55.503 1
    endloop
  endfacet
  facet normal 0 0 1
    outer loop
      vertex -4.52452 47.3695 1
      vertex -8.45605 54.9398 1
      vertex -5.26135 47.0267 1
    endloop
  endfacet
  facet normal 0 0 1
    outer loop
      vertex -5.26135 47.0267 1
      vertex -8.45605 54.9398 1
      vertex -5.91931 46.6216 1
    endloop
  endfacet
  facet normal -0 0 1
    outer loop
      vertex -10.3607 54.2156 1
      vertex -5.91931 46.6216 1
      vertex -8.45605 54.9398 1
    endloop
  endfacet
  facet normal 0 0 1
    outer loop
      vertex -5.91931 46.6216 1
      vertex -10.3607 54.2156 1
      vertex -6.49352 46.1582 1
    endloop
  endfacet
  facet normal -0 0 1
    outer loop
      vertex -12.1243 53.3306 1
      vertex -6.49352 46.1582 1
      vertex -10.3607 54.2156 1
    endloop
  endfacet
  facet normal 0 0 1
    outer loop
      vertex -6.49352 46.1582 1
      vertex -12.1243 53.3306 1
      vertex -6.97937 45.6404 1
    endloop
  endfacet
  facet normal -0 0 1
    outer loop
      vertex -13.7466 52.2845 1
      vertex -6.97937 45.6404 1
      vertex -12.1243 53.3306 1
    endloop
  endfacet
  facet normal 0 0 1
    outer loop
      vertex -6.97937 45.6404 1
      vertex -13.7466 52.2845 1
      vertex -7.37689 45.0682 1
    endloop
  endfacet
  facet normal -0 0 1
    outer loop
      vertex -15.1873 51.1005 1
      vertex -7.37689 45.0682 1
      vertex -13.7466 52.2845 1
    endloop
  endfacet
  facet normal 0 0 1
    outer loop
      vertex -7.37689 45.0682 1
      vertex -15.1873 51.1005 1
      vertex -7.68608 44.4415 1
    endloop
  endfacet
  facet normal 0 0 1
    outer loop
      vertex -8.0836 42.2349 1
      vertex -9.45616 28.3001 1
      vertex -8.37892 27.8643 1
    endloop
  endfacet
  facet normal -0 0 1
    outer loop
      vertex -16.4063 49.8012 1
      vertex -7.68608 44.4415 1
      vertex -15.1873 51.1005 1
    endloop
  endfacet
  facet normal 0 0 1
    outer loop
      vertex -8.0836 42.2349 1
      vertex -10.4055 28.7328 1
      vertex -9.45616 28.3001 1
    endloop
  endfacet
  facet normal 0 0 1
    outer loop
      vertex -8.0836 42.2349 1
      vertex -11.2988 29.1805 1
      vertex -10.4055 28.7328 1
    endloop
  endfacet
  facet normal -0 0 1
    outer loop
      vertex -17.4038 48.3868 1
      vertex -7.68608 44.4415 1
      vertex -16.4063 49.8012 1
    endloop
  endfacet
  facet normal 0 0 1
    outer loop
      vertex -8.0836 42.2349 1
      vertex -12.1361 29.6432 1
      vertex -11.2988 29.1805 1
    endloop
  endfacet
  facet normal 0 0 1
    outer loop
      vertex -8.0836 42.2349 1
      vertex -12.9174 30.1208 1
      vertex -12.1361 29.6432 1
    endloop
  endfacet
  facet normal 0 0 1
    outer loop
      vertex -8.0836 42.2349 1
      vertex -13.6427 30.6134 1
      vertex -12.9174 30.1208 1
    endloop
  endfacet
  facet normal 0 0 1
    outer loop
      vertex -7.68608 44.4415 1
      vertex -17.4038 48.3868 1
      vertex -7.90692 43.7604 1
    endloop
  endfacet
  facet normal 0 0 1
    outer loop
      vertex -8.0836 42.2349 1
      vertex -14.312 31.1211 1
      vertex -13.6427 30.6134 1
    endloop
  endfacet
  facet normal 0 0 1
    outer loop
      vertex -8.0836 42.2349 1
      vertex -14.9253 31.6437 1
      vertex -14.312 31.1211 1
    endloop
  endfacet
  facet normal -0 0 1
    outer loop
      vertex -18.1795 46.8573 1
      vertex -7.90692 43.7604 1
      vertex -17.4038 48.3868 1
    endloop
  endfacet
  facet normal 0 0 1
    outer loop
      vertex -8.0836 42.2349 1
      vertex -15.4913 32.1868 1
      vertex -14.9253 31.6437 1
    endloop
  endfacet
  facet normal 0 0 1
    outer loop
      vertex -8.0836 42.2349 1
      vertex -16.0186 32.756 1
      vertex -15.4913 32.1868 1
    endloop
  endfacet
  facet normal 0 0 1
    outer loop
      vertex -7.90692 43.7604 1
      vertex -18.1795 46.8573 1
      vertex -8.03943 43.0249 1
    endloop
  endfacet
  facet normal 0 0 1
    outer loop
      vertex -8.0836 42.2349 1
      vertex -16.5073 33.3511 1
      vertex -16.0186 32.756 1
    endloop
  endfacet
  facet normal 0 0 1
    outer loop
      vertex -8.0836 42.2349 1
      vertex -16.9574 33.9724 1
      vertex -16.5073 33.3511 1
    endloop
  endfacet
  facet normal 0 0 1
    outer loop
      vertex -8.0836 42.2349 1
      vertex -17.3688 34.6196 1
      vertex -16.9574 33.9724 1
    endloop
  endfacet
  facet normal -0 0 1
    outer loop
      vertex -18.7336 45.2126 1
      vertex -8.03943 43.0249 1
      vertex -18.1795 46.8573 1
    endloop
  endfacet
  facet normal 0 0 1
    outer loop
      vertex -8.0836 42.2349 1
      vertex -17.7416 35.2929 1
      vertex -17.3688 34.6196 1
    endloop
  endfacet
  facet normal 0 0 1
    outer loop
      vertex -8.0836 42.2349 1
      vertex -18.0757 35.9922 1
      vertex -17.7416 35.2929 1
    endloop
  endfacet
  facet normal -0 0 1
    outer loop
      vertex -19.0661 43.4527 1
      vertex -8.03943 43.0249 1
      vertex -18.7336 45.2126 1
    endloop
  endfacet
  facet normal 0 0 1
    outer loop
      vertex -8.0836 42.2349 1
      vertex -18.3679 36.7168 1
      vertex -18.0757 35.9922 1
    endloop
  endfacet
  facet normal 0 0 1
    outer loop
      vertex -8.0836 42.2349 1
      vertex -18.6151 37.4658 1
      vertex -18.3679 36.7168 1
    endloop
  endfacet
  facet normal 0 0 1
    outer loop
      vertex -8.03943 43.0249 1
      vertex -19.0661 43.4527 1
      vertex -8.0836 42.2349 1
    endloop
  endfacet
  facet normal 0 0 1
    outer loop
      vertex -8.0836 42.2349 1
      vertex -18.8174 38.2393 1
      vertex -18.6151 37.4658 1
    endloop
  endfacet
  facet normal 0 0 1
    outer loop
      vertex -8.0836 42.2349 1
      vertex -18.9747 39.0372 1
      vertex -18.8174 38.2393 1
    endloop
  endfacet
  facet normal 0 0 1
    outer loop
      vertex -8.0836 42.2349 1
      vertex -19.0661 43.4527 1
      vertex -19.1769 41.5777 1
    endloop
  endfacet
  facet normal 0 0 1
    outer loop
      vertex -8.0836 42.2349 1
      vertex -19.0871 39.8596 1
      vertex -18.9747 39.0372 1
    endloop
  endfacet
  facet normal 0 0 1
    outer loop
      vertex -8.0836 42.2349 1
      vertex -19.1545 40.7064 1
      vertex -19.0871 39.8596 1
    endloop
  endfacet
  facet normal 0 0 1
    outer loop
      vertex -8.0836 42.2349 1
      vertex -19.1769 41.5777 1
      vertex -19.1545 40.7064 1
    endloop
  endfacet
  facet normal 0 0 1
    outer loop
      vertex -3.25 0 1
      vertex -5.71419 0.225599 1
      vertex -5.7 0 1
    endloop
  endfacet
  facet normal 0 0 1
    outer loop
      vertex -2.36915 2.22478 1
      vertex -5.75655 0.447641 1
      vertex -5.71419 0.225599 1
    endloop
  endfacet
  facet normal 0 0 1
    outer loop
      vertex -2.36915 2.22478 1
      vertex -5.8264 0.662623 1
      vertex -5.75655 0.447641 1
    endloop
  endfacet
  facet normal 0 0 1
    outer loop
      vertex -2.36915 2.22478 1
      vertex -5.92265 0.867156 1
      vertex -5.8264 0.662623 1
    endloop
  endfacet
  facet normal 0 0 1
    outer loop
      vertex -2.36915 2.22478 1
      vertex -6.04377 1.05801 1
      vertex -5.92265 0.867156 1
    endloop
  endfacet
  facet normal 0 0 1
    outer loop
      vertex -7.61302 1.79645 1
      vertex -5.21878 12.1165 1
      vertex -6.15285 12.5894 1
    endloop
  endfacet
  facet normal 0 0 1
    outer loop
      vertex -2.36915 2.22478 1
      vertex -6.18786 1.23218 1
      vertex -6.04377 1.05801 1
    endloop
  endfacet
  facet normal 0 0 1
    outer loop
      vertex -2.36915 2.22478 1
      vertex -6.35264 1.38692 1
      vertex -6.18786 1.23218 1
    endloop
  endfacet
  facet normal 0 0 1
    outer loop
      vertex -2.36915 2.22478 1
      vertex -6.53551 1.51979 1
      vertex -6.35264 1.38692 1
    endloop
  endfacet
  facet normal 0 0 1
    outer loop
      vertex -2.36915 2.22478 1
      vertex -6.7336 1.62869 1
      vertex -6.53551 1.51979 1
    endloop
  endfacet
  facet normal 0 0 1
    outer loop
      vertex -2.07163 2.50417 1
      vertex -6.7336 1.62869 1
      vertex -2.36915 2.22478 1
    endloop
  endfacet
  facet normal 0 0 1
    outer loop
      vertex -8.05623 1.7119 1
      vertex -6.15285 12.5894 1
      vertex -7.00174 13.1483 1
    endloop
  endfacet
  facet normal 0 0 1
    outer loop
      vertex -5.21878 12.1165 1
      vertex -7.16271 1.76812 1
      vertex -6.94377 1.7119 1
    endloop
  endfacet
  facet normal 0 0 1
    outer loop
      vertex -5.21878 12.1165 1
      vertex -7.38698 1.79645 1
      vertex -7.16271 1.76812 1
    endloop
  endfacet
  facet normal 0 0 1
    outer loop
      vertex -5.21878 12.1165 1
      vertex -7.61302 1.79645 1
      vertex -7.38698 1.79645 1
    endloop
  endfacet
  facet normal 0 0 1
    outer loop
      vertex -8.46449 1.51979 1
      vertex -7.00174 13.1483 1
      vertex -7.76845 13.7814 1
    endloop
  endfacet
  facet normal 0 0 1
    outer loop
      vertex -6.15285 12.5894 1
      vertex -7.83729 1.76812 1
      vertex -7.61302 1.79645 1
    endloop
  endfacet
  facet normal 0 0 1
    outer loop
      vertex -6.15285 12.5894 1
      vertex -8.05623 1.7119 1
      vertex -7.83729 1.76812 1
    endloop
  endfacet
  facet normal 0 0 1
    outer loop
      vertex -7.00174 13.1483 1
      vertex -8.2664 1.62869 1
      vertex -8.05623 1.7119 1
    endloop
  endfacet
  facet normal 0 0 1
    outer loop
      vertex -11.7756 0.407332 1
      vertex -7.76845 13.7814 1
      vertex -8.4563 14.4768 1
    endloop
  endfacet
  facet normal 0 0 1
    outer loop
      vertex -7.00174 13.1483 1
      vertex -8.46449 1.51979 1
      vertex -8.2664 1.62869 1
    endloop
  endfacet
  facet normal 0 0 1
    outer loop
      vertex -11.7756 0.407332 1
      vertex -8.46449 1.51979 1
      vertex -7.76845 13.7814 1
    endloop
  endfacet
  facet normal 0 0 1
    outer loop
      vertex -8.46449 1.51979 1
      vertex -11.7756 0.407332 1
      vertex -8.64736 1.38692 1
    endloop
  endfacet
  facet normal 0 0 1
    outer loop
      vertex -11.7756 0.407332 1
      vertex -8.81214 1.23218 1
      vertex -8.64736 1.38692 1
    endloop
  endfacet
  facet normal 0 0 1
    outer loop
      vertex -11.7756 0.407332 1
      vertex -8.4563 14.4768 1
      vertex -9.06526 15.2345 1
    endloop
  endfacet
  facet normal 0 0 1
    outer loop
      vertex -11.7756 0.407332 1
      vertex -8.95623 1.05801 1
      vertex -8.81214 1.23218 1
    endloop
  endfacet
  facet normal 0 0 1
    outer loop
      vertex -11.7756 0.407332 1
      vertex -9.07735 0.867156 1
      vertex -8.95623 1.05801 1
    endloop
  endfacet
  facet normal 0 0 1
    outer loop
      vertex -11.7756 0.407332 1
      vertex -9.1736 0.662623 1
      vertex -9.07735 0.867156 1
    endloop
  endfacet
  facet normal 0 0 1
    outer loop
      vertex -11.7756 0.407332 1
      vertex -9.24345 0.447641 1
      vertex -9.1736 0.662623 1
    endloop
  endfacet
  facet normal -0 0 1
    outer loop
      vertex -11.7756 0.407332 1
      vertex -9.28581 0.225599 1
      vertex -9.24345 0.447641 1
    endloop
  endfacet
  facet normal 0 0 1
    outer loop
      vertex -11.7756 0.407332 1
      vertex -9.06526 15.2345 1
      vertex -9.59537 16.0544 1
    endloop
  endfacet
  facet normal 0 0 1
    outer loop
      vertex 5.71419 0.225599 1
      vertex 3.22437 0.407332 1
      vertex 3.25 0 1
    endloop
  endfacet
  facet normal 0 0 1
    outer loop
      vertex 6.35264 1.38692 1
      vertex 3.14789 0.808242 1
      vertex 3.22437 0.407332 1
    endloop
  endfacet
  facet normal 0 0 1
    outer loop
      vertex 6.35264 1.38692 1
      vertex 3.02177 1.1964 1
      vertex 3.14789 0.808242 1
    endloop
  endfacet
  facet normal 0 0 1
    outer loop
      vertex 6.35264 1.38692 1
      vertex 2.848 1.5657 1
      vertex 3.02177 1.1964 1
    endloop
  endfacet
  facet normal 0 0 1
    outer loop
      vertex 6.35264 1.38692 1
      vertex 2.6293 1.9103 1
      vertex 2.848 1.5657 1
    endloop
  endfacet
  facet normal 0 0 1
    outer loop
      vertex 6.53551 1.51979 1
      vertex 2.6293 1.9103 1
      vertex 6.35264 1.38692 1
    endloop
  endfacet
  facet normal 0 0 1
    outer loop
      vertex 1.38378 2.94069 1
      vertex 3.42848 11.1741 1
      vertex 2.13284 11.0747 1
    endloop
  endfacet
  facet normal -0 -0 1
    outer loop
      vertex 2.6293 1.9103 1
      vertex 6.53551 1.51979 1
      vertex 2.36915 2.22478 1
    endloop
  endfacet
  facet normal 0 0 1
    outer loop
      vertex 3.42848 11.1741 1
      vertex 1.74144 2.74407 1
      vertex 2.07163 2.50417 1
    endloop
  endfacet
  facet normal 0 0 1
    outer loop
      vertex 3.42848 11.1741 1
      vertex 1.38378 2.94069 1
      vertex 1.74144 2.74407 1
    endloop
  endfacet
  facet normal 0 0 1
    outer loop
      vertex 2.13284 11.0747 1
      vertex 1.0043 3.09093 1
      vertex 1.38378 2.94069 1
    endloop
  endfacet
  facet normal 0 0 1
    outer loop
      vertex 0.608989 3.19243 1
      vertex 2.13284 11.0747 1
      vertex 0.729156 11.0416 1
    endloop
  endfacet
  facet normal 0 0 1
    outer loop
      vertex 2.13284 11.0747 1
      vertex 0.608989 3.19243 1
      vertex 1.0043 3.09093 1
    endloop
  endfacet
  facet normal 0 0 1
    outer loop
      vertex 0.729156 11.0416 1
      vertex 0.204069 3.24359 1
      vertex 0.608989 3.19243 1
    endloop
  endfacet
  facet normal 0 0 1
    outer loop
      vertex 0.729156 11.0416 1
      vertex -0.204069 3.24359 1
      vertex 0.204069 3.24359 1
    endloop
  endfacet
  facet normal 0 0 1
    outer loop
      vertex -0.630768 11.0846 1
      vertex -0.204069 3.24359 1
      vertex 0.729156 11.0416 1
    endloop
  endfacet
  facet normal 0 0 1
    outer loop
      vertex -0.204069 3.24359 1
      vertex -0.630768 11.0846 1
      vertex -0.608989 3.19243 1
    endloop
  endfacet
  facet normal 0 0 1
    outer loop
      vertex -1.90553 11.2136 1
      vertex -0.608989 3.19243 1
      vertex -0.630768 11.0846 1
    endloop
  endfacet
  facet normal 0 0 1
    outer loop
      vertex -0.608989 3.19243 1
      vertex -1.90553 11.2136 1
      vertex -1.0043 3.09093 1
    endloop
  endfacet
  facet normal 0 0 1
    outer loop
      vertex -1.0043 3.09093 1
      vertex -1.90553 11.2136 1
      vertex -1.38378 2.94069 1
    endloop
  endfacet
  facet normal 0 0 1
    outer loop
      vertex -3.09512 11.4286 1
      vertex -1.38378 2.94069 1
      vertex -1.90553 11.2136 1
    endloop
  endfacet
  facet normal 0 0 1
    outer loop
      vertex -1.38378 2.94069 1
      vertex -3.09512 11.4286 1
      vertex -1.74144 2.74407 1
    endloop
  endfacet
  facet normal 0 0 1
    outer loop
      vertex -1.74144 2.74407 1
      vertex -3.09512 11.4286 1
      vertex -2.07163 2.50417 1
    endloop
  endfacet
  facet normal 0 0 1
    outer loop
      vertex -4.19954 11.7295 1
      vertex -2.07163 2.50417 1
      vertex -3.09512 11.4286 1
    endloop
  endfacet
  facet normal 0 0 1
    outer loop
      vertex -6.94377 1.7119 1
      vertex -2.07163 2.50417 1
      vertex -4.19954 11.7295 1
    endloop
  endfacet
  facet normal 0 0 1
    outer loop
      vertex -6.94377 1.7119 1
      vertex -4.19954 11.7295 1
      vertex -5.21878 12.1165 1
    endloop
  endfacet
  facet normal 0 -0 1
    outer loop
      vertex -6.7336 1.62869 1
      vertex -2.07163 2.50417 1
      vertex -6.94377 1.7119 1
    endloop
  endfacet
  facet normal 0 0 1
    outer loop
      vertex -2.36915 2.22478 1
      vertex -5.71419 0.225599 1
      vertex -2.6293 1.9103 1
    endloop
  endfacet
  facet normal 0 0 1
    outer loop
      vertex -5.71419 0.225599 1
      vertex -3.02177 1.1964 1
      vertex -2.848 1.5657 1
    endloop
  endfacet
  facet normal 0 0 1
    outer loop
      vertex -5.71419 0.225599 1
      vertex -3.14789 0.808242 1
      vertex -3.02177 1.1964 1
    endloop
  endfacet
  facet normal 0 0 1
    outer loop
      vertex -5.71419 0.225599 1
      vertex -3.22437 0.407332 1
      vertex -3.14789 0.808242 1
    endloop
  endfacet
  facet normal 0 0 1
    outer loop
      vertex 11.75 0 1
      vertex 9.28581 0.225599 1
      vertex 9.3 0 1
    endloop
  endfacet
  facet normal 0 0 1
    outer loop
      vertex 12.6309 2.22478 1
      vertex 9.24345 0.447641 1
      vertex 9.28581 0.225599 1
    endloop
  endfacet
  facet normal 0 0 1
    outer loop
      vertex 12.6309 2.22478 1
      vertex 9.1736 0.662623 1
      vertex 9.24345 0.447641 1
    endloop
  endfacet
  facet normal 0 0 1
    outer loop
      vertex 12.6309 2.22478 1
      vertex 9.07735 0.867156 1
      vertex 9.1736 0.662623 1
    endloop
  endfacet
  facet normal 0 0 1
    outer loop
      vertex 12.6309 2.22478 1
      vertex 8.95623 1.05801 1
      vertex 9.07735 0.867156 1
    endloop
  endfacet
  facet normal 0 0 1
    outer loop
      vertex 13.2586 2.74407 1
      vertex 7.53035 12.2343 1
      vertex 12.9284 2.50417 1
    endloop
  endfacet
  facet normal 0 0 1
    outer loop
      vertex 12.6309 2.22478 1
      vertex 8.81214 1.23218 1
      vertex 8.95623 1.05801 1
    endloop
  endfacet
  facet normal 0 0 1
    outer loop
      vertex 12.6309 2.22478 1
      vertex 8.64736 1.38692 1
      vertex 8.81214 1.23218 1
    endloop
  endfacet
  facet normal 0 -0 1
    outer loop
      vertex 8.05623 1.7119 1
      vertex 12.9284 2.50417 1
      vertex 7.53035 12.2343 1
    endloop
  endfacet
  facet normal 0 0 1
    outer loop
      vertex 12.6309 2.22478 1
      vertex 8.46449 1.51979 1
      vertex 8.64736 1.38692 1
    endloop
  endfacet
  facet normal 0 0 1
    outer loop
      vertex 12.6309 2.22478 1
      vertex 8.2664 1.62869 1
      vertex 8.46449 1.51979 1
    endloop
  endfacet
  facet normal 0 -0 1
    outer loop
      vertex 8.2664 1.62869 1
      vertex 12.9284 2.50417 1
      vertex 8.05623 1.7119 1
    endloop
  endfacet
  facet normal 0 0 1
    outer loop
      vertex 12.9284 2.50417 1
      vertex 8.2664 1.62869 1
      vertex 12.6309 2.22478 1
    endloop
  endfacet
  facet normal 0 0 1
    outer loop
      vertex 8.05623 1.7119 1
      vertex 7.53035 12.2343 1
      vertex 7.83729 1.76812 1
    endloop
  endfacet
  facet normal -0 0 1
    outer loop
      vertex 6.66698 11.8699 1
      vertex 7.83729 1.76812 1
      vertex 7.53035 12.2343 1
    endloop
  endfacet
  facet normal 0 0 1
    outer loop
      vertex 7.83729 1.76812 1
      vertex 6.66698 11.8699 1
      vertex 7.61302 1.79645 1
    endloop
  endfacet
  facet normal -0 0 1
    outer loop
      vertex 5.69554 11.5717 1
      vertex 7.61302 1.79645 1
      vertex 6.66698 11.8699 1
    endloop
  endfacet
  facet normal 0 0 1
    outer loop
      vertex 7.61302 1.79645 1
      vertex 5.69554 11.5717 1
      vertex 7.38698 1.79645 1
    endloop
  endfacet
  facet normal 0 0 1
    outer loop
      vertex 7.38698 1.79645 1
      vertex 5.69554 11.5717 1
      vertex 7.16271 1.76812 1
    endloop
  endfacet
  facet normal -0 0 1
    outer loop
      vertex 4.61604 11.3398 1
      vertex 7.16271 1.76812 1
      vertex 5.69554 11.5717 1
    endloop
  endfacet
  facet normal 0 0 1
    outer loop
      vertex 7.16271 1.76812 1
      vertex 4.61604 11.3398 1
      vertex 6.94377 1.7119 1
    endloop
  endfacet
  facet normal -0 0 1
    outer loop
      vertex 2.07163 2.50417 1
      vertex 6.94377 1.7119 1
      vertex 4.61604 11.3398 1
    endloop
  endfacet
  facet normal 0 0 1
    outer loop
      vertex 2.07163 2.50417 1
      vertex 4.61604 11.3398 1
      vertex 3.42848 11.1741 1
    endloop
  endfacet
  facet normal 0 0 1
    outer loop
      vertex 6.94377 1.7119 1
      vertex 2.07163 2.50417 1
      vertex 6.7336 1.62869 1
    endloop
  endfacet
  facet normal -0 -0 1
    outer loop
      vertex 2.36915 2.22478 1
      vertex 6.7336 1.62869 1
      vertex 2.07163 2.50417 1
    endloop
  endfacet
  facet normal 0 0 1
    outer loop
      vertex 6.7336 1.62869 1
      vertex 2.36915 2.22478 1
      vertex 6.53551 1.51979 1
    endloop
  endfacet
  facet normal 0 0 1
    outer loop
      vertex 3.22437 0.407332 1
      vertex 6.18786 1.23218 1
      vertex 6.35264 1.38692 1
    endloop
  endfacet
  facet normal 0 0 1
    outer loop
      vertex 3.22437 0.407332 1
      vertex 6.04377 1.05801 1
      vertex 6.18786 1.23218 1
    endloop
  endfacet
  facet normal 0 0 1
    outer loop
      vertex 3.22437 0.407332 1
      vertex 5.8264 0.662623 1
      vertex 5.92265 0.867156 1
    endloop
  endfacet
  facet normal 0 0 1
    outer loop
      vertex 3.22437 0.407332 1
      vertex 5.92265 0.867156 1
      vertex 6.04377 1.05801 1
    endloop
  endfacet
  facet normal -0 0 1
    outer loop
      vertex 10.6959 18.4416 1
      vertex 21.834 18.3861 1
      vertex 21.7969 19.4952 1
    endloop
  endfacet
  facet normal 0 0 1
    outer loop
      vertex 10.6959 18.4416 1
      vertex 21.7969 19.4952 1
      vertex 21.6856 20.5696 1
    endloop
  endfacet
  facet normal 0 0 1
    outer loop
      vertex 10.5633 19.122 1
      vertex 21.6856 20.5696 1
      vertex 21.5002 21.6093 1
    endloop
  endfacet
  facet normal 0 0 1
    outer loop
      vertex 21.834 18.3861 1
      vertex 10.6959 18.4416 1
      vertex 10.7401 17.7289 1
    endloop
  endfacet
  facet normal 0 0 1
    outer loop
      vertex 10.5633 19.122 1
      vertex 21.5002 21.6093 1
      vertex 21.2406 22.6143 1
    endloop
  endfacet
  facet normal 0 0 1
    outer loop
      vertex 10.5633 19.122 1
      vertex 21.2406 22.6143 1
      vertex 20.9068 23.5846 1
    endloop
  endfacet
  facet normal 0 0 1
    outer loop
      vertex 21.834 18.3861 1
      vertex 10.7401 17.7289 1
      vertex 21.7184 16.3307 1
    endloop
  endfacet
  facet normal 0 0 1
    outer loop
      vertex 10.3424 19.7701 1
      vertex 20.9068 23.5846 1
      vertex 20.4989 24.5201 1
    endloop
  endfacet
  facet normal 0 0 1
    outer loop
      vertex 10.3424 19.7701 1
      vertex 20.4989 24.5201 1
      vertex 20.0168 25.421 1
    endloop
  endfacet
  facet normal -0 0 1
    outer loop
      vertex 10.69 16.7831 1
      vertex 21.7184 16.3307 1
      vertex 10.7401 17.7289 1
    endloop
  endfacet
  facet normal 0 0 1
    outer loop
      vertex 10.0332 20.3857 1
      vertex 20.0168 25.421 1
      vertex 19.4552 26.2859 1
    endloop
  endfacet
  facet normal -0 0 1
    outer loop
      vertex 10.5397 15.9114 1
      vertex 21.3717 14.4055 1
      vertex 10.69 16.7831 1
    endloop
  endfacet
  facet normal 0 0 1
    outer loop
      vertex 10.0332 20.3857 1
      vertex 19.4552 26.2859 1
      vertex 18.8084 27.1138 1
    endloop
  endfacet
  facet normal 0 0 1
    outer loop
      vertex 10.0332 20.3857 1
      vertex 18.8084 27.1138 1
      vertex 18.0763 27.9046 1
    endloop
  endfacet
  facet normal 0 0 1
    outer loop
      vertex 21.3717 14.4055 1
      vertex 10.5397 15.9114 1
      vertex 20.7938 12.6105 1
    endloop
  endfacet
  facet normal 0 0 1
    outer loop
      vertex 9.63554 20.9691 1
      vertex 18.0763 27.9046 1
      vertex 17.2591 28.6583 1
    endloop
  endfacet
  facet normal 0 0 1
    outer loop
      vertex 20.7938 12.6105 1
      vertex 10.5397 15.9114 1
      vertex 19.9848 10.9456 1
    endloop
  endfacet
  facet normal 0 0 1
    outer loop
      vertex 9.63554 20.9691 1
      vertex 17.2591 28.6583 1
      vertex 16.3567 29.3749 1
    endloop
  endfacet
  facet normal -0 0 1
    outer loop
      vertex 10.2892 15.1139 1
      vertex 19.9848 10.9456 1
      vertex 10.5397 15.9114 1
    endloop
  endfacet
  facet normal -0 0 1
    outer loop
      vertex 9.93861 14.3905 1
      vertex 18.9447 9.41089 1
      vertex 10.2892 15.1139 1
    endloop
  endfacet
  facet normal 0 0 1
    outer loop
      vertex 18.9447 9.41089 1
      vertex 9.93861 14.3905 1
      vertex 17.6734 8.00629 1
    endloop
  endfacet
  facet normal 0 0 1
    outer loop
      vertex 9.14955 21.52 1
      vertex 16.3567 29.3749 1
      vertex 15.3691 30.0545 1
    endloop
  endfacet
  facet normal 0 0 1
    outer loop
      vertex 19.9848 10.9456 1
      vertex 10.2892 15.1139 1
      vertex 18.9447 9.41089 1
    endloop
  endfacet
  facet normal 0 0 1
    outer loop
      vertex 17.6734 8.00629 1
      vertex 9.93861 14.3905 1
      vertex 16.4755 6.99013 1
    endloop
  endfacet
  facet normal 0 0 1
    outer loop
      vertex 16.4755 6.99013 1
      vertex 16.0043 3.09093 1
      vertex 16.3838 2.94069 1
    endloop
  endfacet
  facet normal 0 0 1
    outer loop
      vertex 8.5752 22.0386 1
      vertex 15.3691 30.0545 1
      vertex 14.2963 30.6969 1
    endloop
  endfacet
  facet normal 0 0 1
    outer loop
      vertex 16.4755 6.99013 1
      vertex 15.609 3.19243 1
      vertex 16.0043 3.09093 1
    endloop
  endfacet
  facet normal -0 0 1
    outer loop
      vertex 9.48781 13.7412 1
      vertex 16.4755 6.99013 1
      vertex 9.93861 14.3905 1
    endloop
  endfacet
  facet normal 0 0 1
    outer loop
      vertex 16.4755 6.99013 1
      vertex 15.2041 3.24359 1
      vertex 15.609 3.19243 1
    endloop
  endfacet
  facet normal 0 0 1
    outer loop
      vertex 8.5752 22.0386 1
      vertex 14.2963 30.6969 1
      vertex 13.1122 31.3125 1
    endloop
  endfacet
  facet normal -0 0 1
    outer loop
      vertex 8.93681 13.166 1
      vertex 16.4755 6.99013 1
      vertex 9.48781 13.7412 1
    endloop
  endfacet
  facet normal 0 0 1
    outer loop
      vertex 16.4755 6.99013 1
      vertex 14.7959 3.24359 1
      vertex 15.2041 3.24359 1
    endloop
  endfacet
  facet normal 0 0 1
    outer loop
      vertex 16.4755 6.99013 1
      vertex 14.391 3.19243 1
      vertex 14.7959 3.24359 1
    endloop
  endfacet
  facet normal 0 0 1
    outer loop
      vertex 16.4755 6.99013 1
      vertex 13.9957 3.09093 1
      vertex 14.391 3.19243 1
    endloop
  endfacet
  facet normal 0 0 1
    outer loop
      vertex 16.4755 6.99013 1
      vertex 13.6162 2.94069 1
      vertex 13.9957 3.09093 1
    endloop
  endfacet
  facet normal -0 0 1
    outer loop
      vertex 8.28564 12.665 1
      vertex 16.4755 6.99013 1
      vertex 8.93681 13.166 1
    endloop
  endfacet
  facet normal 0 0 1
    outer loop
      vertex 7.9166 22.5257 1
      vertex 13.1122 31.3125 1
      vertex 11.7909 31.9117 1
    endloop
  endfacet
  facet normal 0 0 1
    outer loop
      vertex 16.4755 6.99013 1
      vertex 8.28564 12.665 1
      vertex 13.6162 2.94069 1
    endloop
  endfacet
  facet normal 0 0 1
    outer loop
      vertex 13.6162 2.94069 1
      vertex 8.28564 12.665 1
      vertex 13.2586 2.74407 1
    endloop
  endfacet
  facet normal -0 0 1
    outer loop
      vertex 7.53035 12.2343 1
      vertex 13.2586 2.74407 1
      vertex 8.28564 12.665 1
    endloop
  endfacet
  facet normal 0 0 1
    outer loop
      vertex 21.7184 16.3307 1
      vertex 10.69 16.7831 1
      vertex 21.3717 14.4055 1
    endloop
  endfacet
  facet normal 0 0 1
    outer loop
      vertex 21.6856 20.5696 1
      vertex 10.5633 19.122 1
      vertex 10.6959 18.4416 1
    endloop
  endfacet
  facet normal 0 0 1
    outer loop
      vertex 20.9068 23.5846 1
      vertex 10.3424 19.7701 1
      vertex 10.5633 19.122 1
    endloop
  endfacet
  facet normal 0 0 1
    outer loop
      vertex 7.17751 22.982 1
      vertex 11.7909 31.9117 1
      vertex 10.3324 32.4942 1
    endloop
  endfacet
  facet normal 0 0 1
    outer loop
      vertex 20.0168 25.421 1
      vertex 10.0332 20.3857 1
      vertex 10.3424 19.7701 1
    endloop
  endfacet
  facet normal 0 0 1
    outer loop
      vertex 18.0763 27.9046 1
      vertex 9.63554 20.9691 1
      vertex 10.0332 20.3857 1
    endloop
  endfacet
  facet normal 0 0 1
    outer loop
      vertex 16.3567 29.3749 1
      vertex 9.14955 21.52 1
      vertex 9.63554 20.9691 1
    endloop
  endfacet
  facet normal 0 0 1
    outer loop
      vertex 6.35796 23.4076 1
      vertex 10.3324 32.4942 1
      vertex 8.73653 33.0602 1
    endloop
  endfacet
  facet normal 0 0 1
    outer loop
      vertex 15.3691 30.0545 1
      vertex 8.5752 22.0386 1
      vertex 9.14955 21.52 1
    endloop
  endfacet
  facet normal 0 0 1
    outer loop
      vertex 13.1122 31.3125 1
      vertex 7.9166 22.5257 1
      vertex 8.5752 22.0386 1
    endloop
  endfacet
  facet normal 0 0 1
    outer loop
      vertex 11.7909 31.9117 1
      vertex 7.17751 22.982 1
      vertex 7.9166 22.5257 1
    endloop
  endfacet
  facet normal 0 0 1
    outer loop
      vertex 4.47742 24.1665 1
      vertex 8.73653 33.0602 1
      vertex 7.00343 33.6097 1
    endloop
  endfacet
  facet normal 0 0 1
    outer loop
      vertex 10.3324 32.4942 1
      vertex 6.35796 23.4076 1
      vertex 7.17751 22.982 1
    endloop
  endfacet
  facet normal 0 0 1
    outer loop
      vertex 8.73653 33.0602 1
      vertex 5.45793 23.8024 1
      vertex 6.35796 23.4076 1
    endloop
  endfacet
  facet normal 0 0 1
    outer loop
      vertex 3.41644 24.4999 1
      vertex 7.00343 33.6097 1
      vertex 5.13306 34.1426 1
    endloop
  endfacet
  facet normal 0 0 1
    outer loop
      vertex 8.73653 33.0602 1
      vertex 4.47742 24.1665 1
      vertex 5.45793 23.8024 1
    endloop
  endfacet
  facet normal 0 0 1
    outer loop
      vertex 7.00343 33.6097 1
      vertex 3.41644 24.4999 1
      vertex 4.47742 24.1665 1
    endloop
  endfacet
  facet normal 0 0 1
    outer loop
      vertex 2.27499 24.8026 1
      vertex 5.13306 34.1426 1
      vertex 3.12543 34.659 1
    endloop
  endfacet
  facet normal 0 0 1
    outer loop
      vertex 5.13306 34.1426 1
      vertex 2.27499 24.8026 1
      vertex 3.41644 24.4999 1
    endloop
  endfacet
  facet normal 0 0 1
    outer loop
      vertex 0.000473022 25.3661 1
      vertex 3.12543 34.659 1
      vertex 1.62233 35.0562 1
    endloop
  endfacet
  facet normal 0 0 1
    outer loop
      vertex -2.07449 25.9084 1
      vertex 1.62233 35.0562 1
      vertex 0.271469 35.4304 1
    endloop
  endfacet
  facet normal 0 0 1
    outer loop
      vertex 3.12543 34.659 1
      vertex 0.000473022 25.3661 1
      vertex 2.27499 24.8026 1
    endloop
  endfacet
  facet normal 0 0 1
    outer loop
      vertex -2.07449 25.9084 1
      vertex 0.271469 35.4304 1
      vertex -0.927109 35.7818 1
    endloop
  endfacet
  facet normal 0 0 1
    outer loop
      vertex -3.94992 26.4294 1
      vertex -0.927109 35.7818 1
      vertex -1.97348 36.1103 1
    endloop
  endfacet
  facet normal 0 0 1
    outer loop
      vertex 1.62233 35.0562 1
      vertex -2.07449 25.9084 1
      vertex 0.000473022 25.3661 1
    endloop
  endfacet
  facet normal 0 0 1
    outer loop
      vertex -5.62579 26.929 1
      vertex -1.97348 36.1103 1
      vertex -2.86758 36.4159 1
    endloop
  endfacet
  facet normal 0 0 1
    outer loop
      vertex -7.10214 27.4073 1
      vertex -2.86758 36.4159 1
      vertex -3.60944 36.6986 1
    endloop
  endfacet
  facet normal 0 0 1
    outer loop
      vertex -0.927109 35.7818 1
      vertex -3.94992 26.4294 1
      vertex -2.07449 25.9084 1
    endloop
  endfacet
  facet normal 0 0 1
    outer loop
      vertex -7.10214 27.4073 1
      vertex -3.60944 36.6986 1
      vertex -4.19905 36.9584 1
    endloop
  endfacet
  facet normal 0 0 1
    outer loop
      vertex -8.37892 27.8643 1
      vertex -4.19905 36.9584 1
      vertex -4.69716 37.2148 1
    endloop
  endfacet
  facet normal 0 0 1
    outer loop
      vertex -8.37892 27.8643 1
      vertex -4.69716 37.2148 1
      vertex -5.16452 37.487 1
    endloop
  endfacet
  facet normal 0 0 1
    outer loop
      vertex -8.37892 27.8643 1
      vertex -5.16452 37.487 1
      vertex -5.60112 37.7749 1
    endloop
  endfacet
  facet normal 0 0 1
    outer loop
      vertex -1.97348 36.1103 1
      vertex -5.62579 26.929 1
      vertex -3.94992 26.4294 1
    endloop
  endfacet
  facet normal 0 0 1
    outer loop
      vertex -8.37892 27.8643 1
      vertex -5.60112 37.7749 1
      vertex -6.00696 38.0786 1
    endloop
  endfacet
  facet normal 0 0 1
    outer loop
      vertex -8.37892 27.8643 1
      vertex -6.00696 38.0786 1
      vertex -6.38203 38.3981 1
    endloop
  endfacet
  facet normal 0 0 1
    outer loop
      vertex -8.37892 27.8643 1
      vertex -6.38203 38.3981 1
      vertex -6.72636 38.7334 1
    endloop
  endfacet
  facet normal 0 0 1
    outer loop
      vertex -8.37892 27.8643 1
      vertex -6.72636 38.7334 1
      vertex -7.03993 39.0845 1
    endloop
  endfacet
  facet normal 0 0 1
    outer loop
      vertex -2.86758 36.4159 1
      vertex -7.10214 27.4073 1
      vertex -5.62579 26.929 1
    endloop
  endfacet
  facet normal 0 0 1
    outer loop
      vertex -8.37892 27.8643 1
      vertex -7.03993 39.0845 1
      vertex -7.31683 39.4564 1
    endloop
  endfacet
  facet normal 0 0 1
    outer loop
      vertex -8.37892 27.8643 1
      vertex -7.31683 39.4564 1
      vertex -7.55112 39.8544 1
    endloop
  endfacet
  facet normal 0 0 1
    outer loop
      vertex -8.37892 27.8643 1
      vertex -7.55112 39.8544 1
      vertex -7.74281 40.2784 1
    endloop
  endfacet
  facet normal 0 0 1
    outer loop
      vertex -8.37892 27.8643 1
      vertex -7.74281 40.2784 1
      vertex -7.89191 40.7285 1
    endloop
  endfacet
  facet normal 0 0 1
    outer loop
      vertex -8.37892 27.8643 1
      vertex -7.89191 40.7285 1
      vertex -7.99841 41.2046 1
    endloop
  endfacet
  facet normal 0 0 1
    outer loop
      vertex -8.37892 27.8643 1
      vertex -7.99841 41.2046 1
      vertex -8.0623 41.7067 1
    endloop
  endfacet
  facet normal 0 0 1
    outer loop
      vertex -4.19905 36.9584 1
      vertex -8.37892 27.8643 1
      vertex -7.10214 27.4073 1
    endloop
  endfacet
  facet normal 0 0 1
    outer loop
      vertex -8.37892 27.8643 1
      vertex -8.0623 41.7067 1
      vertex -8.0836 42.2349 1
    endloop
  endfacet
  facet normal 0 0 1
    outer loop
      vertex 33.0218 1.1964 1
      vertex 37 2 1
      vertex 36.9606 2.62667 1
    endloop
  endfacet
  facet normal 0 0 1
    outer loop
      vertex 37 2 1
      vertex 33.25 0 1
      vertex 37 -2 1
    endloop
  endfacet
  facet normal 0 0 1
    outer loop
      vertex 32.848 1.5657 1
      vertex 36.9606 2.62667 1
      vertex 36.8429 3.24345 1
    endloop
  endfacet
  facet normal -0 0 1
    outer loop
      vertex 33.2244 -0.407332 1
      vertex 37 -2 1
      vertex 33.25 0 1
    endloop
  endfacet
  facet normal 0 0 1
    outer loop
      vertex 32.848 1.5657 1
      vertex 36.8429 3.24345 1
      vertex 36.6489 3.84062 1
    endloop
  endfacet
  facet normal -0 0 1
    outer loop
      vertex 33.1479 -0.808242 1
      vertex 37 -2 1
      vertex 33.2244 -0.407332 1
    endloop
  endfacet
  facet normal 0 0 1
    outer loop
      vertex 32.6293 1.9103 1
      vertex 36.6489 3.84062 1
      vertex 36.3815 4.40877 1
    endloop
  endfacet
  facet normal -0 0 1
    outer loop
      vertex 33.0218 -1.1964 1
      vertex 37 -2 1
      vertex 33.1479 -0.808242 1
    endloop
  endfacet
  facet normal 0 0 1
    outer loop
      vertex 32.6293 1.9103 1
      vertex 36.3815 4.40877 1
      vertex 36.0451 4.93893 1
    endloop
  endfacet
  facet normal 0 0 1
    outer loop
      vertex 37 -2 1
      vertex 33.0218 -1.1964 1
      vertex 36.9606 -2.62667 1
    endloop
  endfacet
  facet normal 0 0 1
    outer loop
      vertex 32.3691 2.22478 1
      vertex 36.0451 4.93893 1
      vertex 35.6448 5.42274 1
    endloop
  endfacet
  facet normal -0 0 1
    outer loop
      vertex 32.848 -1.5657 1
      vertex 36.9606 -2.62667 1
      vertex 33.0218 -1.1964 1
    endloop
  endfacet
  facet normal 0 0 1
    outer loop
      vertex 32.3691 2.22478 1
      vertex 35.6448 5.42274 1
      vertex 35.1871 5.85257 1
    endloop
  endfacet
  facet normal 0 0 1
    outer loop
      vertex 36.9606 -2.62667 1
      vertex 32.848 -1.5657 1
      vertex 36.8429 -3.24345 1
    endloop
  endfacet
  facet normal 0 0 1
    outer loop
      vertex 32.0716 2.50417 1
      vertex 35.1871 5.85257 1
      vertex 34.6791 6.22164 1
    endloop
  endfacet
  facet normal 0 0 1
    outer loop
      vertex 36.8429 -3.24345 1
      vertex 32.848 -1.5657 1
      vertex 36.6489 -3.84062 1
    endloop
  endfacet
  facet normal 0 0 1
    outer loop
      vertex 32.0716 2.50417 1
      vertex 34.6791 6.22164 1
      vertex 34.1289 6.52413 1
    endloop
  endfacet
  facet normal -0 0 1
    outer loop
      vertex 32.6293 -1.9103 1
      vertex 36.6489 -3.84062 1
      vertex 32.848 -1.5657 1
    endloop
  endfacet
  facet normal 0 0 1
    outer loop
      vertex 31.7414 2.74407 1
      vertex 34.1289 6.52413 1
      vertex 33.5451 6.75528 1
    endloop
  endfacet
  facet normal 0 0 1
    outer loop
      vertex 36.6489 -3.84062 1
      vertex 32.6293 -1.9103 1
      vertex 36.3815 -4.40877 1
    endloop
  endfacet
  facet normal 0 0 1
    outer loop
      vertex 36.3815 -4.40877 1
      vertex 32.6293 -1.9103 1
      vertex 36.0451 -4.93893 1
    endloop
  endfacet
  facet normal 0 0 1
    outer loop
      vertex 37 2 1
      vertex 33.2244 0.407332 1
      vertex 33.25 0 1
    endloop
  endfacet
  facet normal 0 0 1
    outer loop
      vertex 37 2 1
      vertex 33.1479 0.808242 1
      vertex 33.2244 0.407332 1
    endloop
  endfacet
  facet normal 0 0 1
    outer loop
      vertex 37 2 1
      vertex 33.0218 1.1964 1
      vertex 33.1479 0.808242 1
    endloop
  endfacet
  facet normal 0 0 1
    outer loop
      vertex 31.7414 2.74407 1
      vertex 33.5451 6.75528 1
      vertex 32.9369 6.91144 1
    endloop
  endfacet
  facet normal 0 0 1
    outer loop
      vertex 36.9606 2.62667 1
      vertex 32.848 1.5657 1
      vertex 33.0218 1.1964 1
    endloop
  endfacet
  facet normal 0 0 1
    outer loop
      vertex 36.6489 3.84062 1
      vertex 32.6293 1.9103 1
      vertex 32.848 1.5657 1
    endloop
  endfacet
  facet normal 0 0 1
    outer loop
      vertex 36.0451 4.93893 1
      vertex 32.3691 2.22478 1
      vertex 32.6293 1.9103 1
    endloop
  endfacet
  facet normal 0 0 1
    outer loop
      vertex 31.3838 2.94069 1
      vertex 32.9369 6.91144 1
      vertex 32.314 6.99013 1
    endloop
  endfacet
  facet normal 0 0 1
    outer loop
      vertex 35.1871 5.85257 1
      vertex 32.0716 2.50417 1
      vertex 32.3691 2.22478 1
    endloop
  endfacet
  facet normal 0 0 1
    outer loop
      vertex 34.1289 6.52413 1
      vertex 31.7414 2.74407 1
      vertex 32.0716 2.50417 1
    endloop
  endfacet
  facet normal 0 0 1
    outer loop
      vertex 32.9369 6.91144 1
      vertex 31.3838 2.94069 1
      vertex 31.7414 2.74407 1
    endloop
  endfacet
  facet normal 0 0 1
    outer loop
      vertex 32.314 6.99013 1
      vertex 31.0043 3.09093 1
      vertex 31.3838 2.94069 1
    endloop
  endfacet
  facet normal 0 0 1
    outer loop
      vertex 32.314 6.99013 1
      vertex 30.609 3.19243 1
      vertex 31.0043 3.09093 1
    endloop
  endfacet
  facet normal 0 0 1
    outer loop
      vertex 32.314 6.99013 1
      vertex 30.2041 3.24359 1
      vertex 30.609 3.19243 1
    endloop
  endfacet
  facet normal 0 0 1
    outer loop
      vertex 32.314 6.99013 1
      vertex 29.7959 3.24359 1
      vertex 30.2041 3.24359 1
    endloop
  endfacet
  facet normal 0 0 1
    outer loop
      vertex 32.314 6.99013 1
      vertex 29.391 3.19243 1
      vertex 29.7959 3.24359 1
    endloop
  endfacet
  facet normal 0 0 1
    outer loop
      vertex 32.314 6.99013 1
      vertex 28.9957 3.09093 1
      vertex 29.391 3.19243 1
    endloop
  endfacet
  facet normal 0 0 1
    outer loop
      vertex 32.314 6.99013 1
      vertex 28.6162 2.94069 1
      vertex 28.9957 3.09093 1
    endloop
  endfacet
  facet normal -0 0 1
    outer loop
      vertex 16.4755 6.99013 1
      vertex 28.6162 2.94069 1
      vertex 32.314 6.99013 1
    endloop
  endfacet
  facet normal 0 0 1
    outer loop
      vertex 28.6162 2.94069 1
      vertex 16.4755 6.99013 1
      vertex 28.2586 2.74407 1
    endloop
  endfacet
  facet normal 0 -0 1
    outer loop
      vertex 22.8373 1.76812 1
      vertex 28.2586 2.74407 1
      vertex 16.4755 6.99013 1
    endloop
  endfacet
  facet normal -0 0 1
    outer loop
      vertex 24.2858 0.225599 1
      vertex 26.75 0 1
      vertex 26.7756 0.407332 1
    endloop
  endfacet
  facet normal -0 0 1
    outer loop
      vertex 24.2435 0.447641 1
      vertex 26.7756 0.407332 1
      vertex 26.8521 0.808242 1
    endloop
  endfacet
  facet normal -0 0 1
    outer loop
      vertex 24.0774 0.867156 1
      vertex 26.8521 0.808242 1
      vertex 26.9782 1.1964 1
    endloop
  endfacet
  facet normal 0 0 1
    outer loop
      vertex 23.9562 1.05801 1
      vertex 26.9782 1.1964 1
      vertex 27.152 1.5657 1
    endloop
  endfacet
  facet normal 0 0 1
    outer loop
      vertex 23.8121 1.23218 1
      vertex 27.152 1.5657 1
      vertex 27.3707 1.9103 1
    endloop
  endfacet
  facet normal 0 0 1
    outer loop
      vertex 23.4645 1.51979 1
      vertex 27.3707 1.9103 1
      vertex 27.6309 2.22478 1
    endloop
  endfacet
  facet normal 0 0 1
    outer loop
      vertex 28.2586 2.74407 1
      vertex 23.0562 1.7119 1
      vertex 27.9284 2.50417 1
    endloop
  endfacet
  facet normal 0 0 1
    outer loop
      vertex 26.75 0 1
      vertex 24.2858 0.225599 1
      vertex 24.3 0 1
    endloop
  endfacet
  facet normal 0 0 1
    outer loop
      vertex 26.7756 0.407332 1
      vertex 24.2435 0.447641 1
      vertex 24.2858 0.225599 1
    endloop
  endfacet
  facet normal 0 0 1
    outer loop
      vertex 26.8521 0.808242 1
      vertex 24.1736 0.662623 1
      vertex 24.2435 0.447641 1
    endloop
  endfacet
  facet normal 0 0 1
    outer loop
      vertex 26.8521 0.808242 1
      vertex 24.0774 0.867156 1
      vertex 24.1736 0.662623 1
    endloop
  endfacet
  facet normal 0 0 1
    outer loop
      vertex 26.9782 1.1964 1
      vertex 23.9562 1.05801 1
      vertex 24.0774 0.867156 1
    endloop
  endfacet
  facet normal 0 0 1
    outer loop
      vertex 27.152 1.5657 1
      vertex 23.8121 1.23218 1
      vertex 23.9562 1.05801 1
    endloop
  endfacet
  facet normal 0 0 1
    outer loop
      vertex 27.3707 1.9103 1
      vertex 23.6474 1.38692 1
      vertex 23.8121 1.23218 1
    endloop
  endfacet
  facet normal 0 0 1
    outer loop
      vertex 27.3707 1.9103 1
      vertex 23.4645 1.51979 1
      vertex 23.6474 1.38692 1
    endloop
  endfacet
  facet normal 0 0 1
    outer loop
      vertex 27.6309 2.22478 1
      vertex 23.2664 1.62869 1
      vertex 23.4645 1.51979 1
    endloop
  endfacet
  facet normal 0 0 1
    outer loop
      vertex 27.9284 2.50417 1
      vertex 23.2664 1.62869 1
      vertex 27.6309 2.22478 1
    endloop
  endfacet
  facet normal 0 -0 1
    outer loop
      vertex 23.2664 1.62869 1
      vertex 27.9284 2.50417 1
      vertex 23.0562 1.7119 1
    endloop
  endfacet
  facet normal 0 -0 1
    outer loop
      vertex 23.0562 1.7119 1
      vertex 28.2586 2.74407 1
      vertex 22.8373 1.76812 1
    endloop
  endfacet
  facet normal 0 0 1
    outer loop
      vertex 22.8373 1.76812 1
      vertex 16.4755 6.99013 1
      vertex 22.613 1.79645 1
    endloop
  endfacet
  facet normal 0 0 1
    outer loop
      vertex 22.613 1.79645 1
      vertex 16.4755 6.99013 1
      vertex 22.387 1.79645 1
    endloop
  endfacet
  facet normal 0 0 1
    outer loop
      vertex 22.387 1.79645 1
      vertex 16.4755 6.99013 1
      vertex 22.1627 1.76812 1
    endloop
  endfacet
  facet normal 0 0 1
    outer loop
      vertex 22.1627 1.76812 1
      vertex 16.4755 6.99013 1
      vertex 21.9438 1.7119 1
    endloop
  endfacet
  facet normal 0 0 1
    outer loop
      vertex 20.7142 0.225599 1
      vertex 18.25 0 1
      vertex 20.7 0 1
    endloop
  endfacet
  facet normal -0 0 1
    outer loop
      vertex 18.2244 0.407332 1
      vertex 20.7142 0.225599 1
      vertex 20.7565 0.447641 1
    endloop
  endfacet
  facet normal 0 0 1
    outer loop
      vertex 18.1479 0.808242 1
      vertex 20.7565 0.447641 1
      vertex 20.8264 0.662623 1
    endloop
  endfacet
  facet normal -0 0 1
    outer loop
      vertex 18.1479 0.808242 1
      vertex 20.8264 0.662623 1
      vertex 20.9226 0.867156 1
    endloop
  endfacet
  facet normal 0 0 1
    outer loop
      vertex 18.0218 1.1964 1
      vertex 20.9226 0.867156 1
      vertex 21.0438 1.05801 1
    endloop
  endfacet
  facet normal 0 0 1
    outer loop
      vertex 17.848 1.5657 1
      vertex 21.0438 1.05801 1
      vertex 21.1879 1.23218 1
    endloop
  endfacet
  facet normal 0 0 1
    outer loop
      vertex 17.6293 1.9103 1
      vertex 21.1879 1.23218 1
      vertex 21.3526 1.38692 1
    endloop
  endfacet
  facet normal 0 0 1
    outer loop
      vertex 17.6293 1.9103 1
      vertex 21.3526 1.38692 1
      vertex 21.5355 1.51979 1
    endloop
  endfacet
  facet normal 0 0 1
    outer loop
      vertex 17.3691 2.22478 1
      vertex 21.5355 1.51979 1
      vertex 21.7336 1.62869 1
    endloop
  endfacet
  facet normal 0 0 1
    outer loop
      vertex 21.9438 1.7119 1
      vertex 16.4755 6.99013 1
      vertex 21.7336 1.62869 1
    endloop
  endfacet
  facet normal 0 0 1
    outer loop
      vertex 20.7142 0.225599 1
      vertex 18.2244 0.407332 1
      vertex 18.25 0 1
    endloop
  endfacet
  facet normal 0 0 1
    outer loop
      vertex 20.7565 0.447641 1
      vertex 18.1479 0.808242 1
      vertex 18.2244 0.407332 1
    endloop
  endfacet
  facet normal 0 0 1
    outer loop
      vertex 20.9226 0.867156 1
      vertex 18.0218 1.1964 1
      vertex 18.1479 0.808242 1
    endloop
  endfacet
  facet normal 0 0 1
    outer loop
      vertex 21.0438 1.05801 1
      vertex 17.848 1.5657 1
      vertex 18.0218 1.1964 1
    endloop
  endfacet
  facet normal 0 0 1
    outer loop
      vertex 21.1879 1.23218 1
      vertex 17.6293 1.9103 1
      vertex 17.848 1.5657 1
    endloop
  endfacet
  facet normal -0 -0 1
    outer loop
      vertex 17.3691 2.22478 1
      vertex 21.7336 1.62869 1
      vertex 16.4755 6.99013 1
    endloop
  endfacet
  facet normal 0 0 1
    outer loop
      vertex 21.5355 1.51979 1
      vertex 17.3691 2.22478 1
      vertex 17.6293 1.9103 1
    endloop
  endfacet
  facet normal 0 0 1
    outer loop
      vertex 17.3691 2.22478 1
      vertex 16.4755 6.99013 1
      vertex 17.0716 2.50417 1
    endloop
  endfacet
  facet normal 0 0 1
    outer loop
      vertex 17.0716 2.50417 1
      vertex 16.4755 6.99013 1
      vertex 16.7414 2.74407 1
    endloop
  endfacet
  facet normal 0 0 1
    outer loop
      vertex 16.7414 2.74407 1
      vertex 16.4755 6.99013 1
      vertex 16.3838 2.94069 1
    endloop
  endfacet
  facet normal -0 0 1
    outer loop
      vertex 32.3691 -2.22478 1
      vertex 36.0451 -4.93893 1
      vertex 32.6293 -1.9103 1
    endloop
  endfacet
  facet normal 0 0 1
    outer loop
      vertex 36.0451 -4.93893 1
      vertex 32.3691 -2.22478 1
      vertex 35.6448 -5.42274 1
    endloop
  endfacet
  facet normal 0 0 1
    outer loop
      vertex 35.6448 -5.42274 1
      vertex 32.3691 -2.22478 1
      vertex 35.1871 -5.85257 1
    endloop
  endfacet
  facet normal -0 0 1
    outer loop
      vertex 32.0716 -2.50417 1
      vertex 35.1871 -5.85257 1
      vertex 32.3691 -2.22478 1
    endloop
  endfacet
  facet normal 0 0 1
    outer loop
      vertex 35.1871 -5.85257 1
      vertex 32.0716 -2.50417 1
      vertex 34.6791 -6.22164 1
    endloop
  endfacet
  facet normal 0 0 1
    outer loop
      vertex 34.6791 -6.22164 1
      vertex 32.0716 -2.50417 1
      vertex 34.1289 -6.52413 1
    endloop
  endfacet
  facet normal -0 0 1
    outer loop
      vertex 31.7414 -2.74407 1
      vertex 34.1289 -6.52413 1
      vertex 32.0716 -2.50417 1
    endloop
  endfacet
  facet normal 0 0 1
    outer loop
      vertex 34.1289 -6.52413 1
      vertex 31.7414 -2.74407 1
      vertex 33.5451 -6.75528 1
    endloop
  endfacet
  facet normal 0 0 1
    outer loop
      vertex 33.5451 -6.75528 1
      vertex 31.7414 -2.74407 1
      vertex 32.9369 -6.91144 1
    endloop
  endfacet
  facet normal -0 0 1
    outer loop
      vertex 31.3838 -2.94069 1
      vertex 32.9369 -6.91144 1
      vertex 31.7414 -2.74407 1
    endloop
  endfacet
  facet normal 0 0 1
    outer loop
      vertex 32.9369 -6.91144 1
      vertex 31.3838 -2.94069 1
      vertex 32.314 -6.99013 1
    endloop
  endfacet
  facet normal -0 0 1
    outer loop
      vertex 31.0043 -3.09093 1
      vertex 32.314 -6.99013 1
      vertex 31.3838 -2.94069 1
    endloop
  endfacet
  facet normal -0 0 1
    outer loop
      vertex 30.609 -3.19243 1
      vertex 32.314 -6.99013 1
      vertex 31.0043 -3.09093 1
    endloop
  endfacet
  facet normal -0 0 1
    outer loop
      vertex 30.2041 -3.24359 1
      vertex 32.314 -6.99013 1
      vertex 30.609 -3.19243 1
    endloop
  endfacet
  facet normal -0 0 1
    outer loop
      vertex 29.7959 -3.24359 1
      vertex 32.314 -6.99013 1
      vertex 30.2041 -3.24359 1
    endloop
  endfacet
  facet normal 0 0 1
    outer loop
      vertex 29.391 -3.19243 1
      vertex 32.314 -6.99013 1
      vertex 29.7959 -3.24359 1
    endloop
  endfacet
  facet normal 0 0 1
    outer loop
      vertex 28.9957 -3.09093 1
      vertex 32.314 -6.99013 1
      vertex 29.391 -3.19243 1
    endloop
  endfacet
  facet normal 0 0 1
    outer loop
      vertex 28.6162 -2.94069 1
      vertex 32.314 -6.99013 1
      vertex 28.9957 -3.09093 1
    endloop
  endfacet
  facet normal 0 0 1
    outer loop
      vertex 28.2586 -2.74407 1
      vertex 32.314 -6.99013 1
      vertex 28.6162 -2.94069 1
    endloop
  endfacet
  facet normal 0 0 1
    outer loop
      vertex 23.0562 -1.7119 1
      vertex 28.2586 -2.74407 1
      vertex 27.9284 -2.50417 1
    endloop
  endfacet
  facet normal 0 0 1
    outer loop
      vertex 23.2664 -1.62869 1
      vertex 27.9284 -2.50417 1
      vertex 27.6309 -2.22478 1
    endloop
  endfacet
  facet normal 0 0 1
    outer loop
      vertex 24.2858 -0.225599 1
      vertex 26.75 0 1
      vertex 24.3 0 1
    endloop
  endfacet
  facet normal 0 0 1
    outer loop
      vertex 26.75 0 1
      vertex 24.2858 -0.225599 1
      vertex 26.7756 -0.407332 1
    endloop
  endfacet
  facet normal 0 0 1
    outer loop
      vertex 24.2435 -0.447641 1
      vertex 26.7756 -0.407332 1
      vertex 24.2858 -0.225599 1
    endloop
  endfacet
  facet normal 0 0 1
    outer loop
      vertex 26.7756 -0.407332 1
      vertex 24.2435 -0.447641 1
      vertex 26.8521 -0.808242 1
    endloop
  endfacet
  facet normal -0 0 1
    outer loop
      vertex 24.1736 -0.662623 1
      vertex 26.8521 -0.808242 1
      vertex 24.2435 -0.447641 1
    endloop
  endfacet
  facet normal 0 0 1
    outer loop
      vertex 24.0774 -0.867156 1
      vertex 26.8521 -0.808242 1
      vertex 24.1736 -0.662623 1
    endloop
  endfacet
  facet normal 0 0 1
    outer loop
      vertex 26.8521 -0.808242 1
      vertex 24.0774 -0.867156 1
      vertex 26.9782 -1.1964 1
    endloop
  endfacet
  facet normal -0 0 1
    outer loop
      vertex 23.9562 -1.05801 1
      vertex 26.9782 -1.1964 1
      vertex 24.0774 -0.867156 1
    endloop
  endfacet
  facet normal 0 0 1
    outer loop
      vertex 26.9782 -1.1964 1
      vertex 23.9562 -1.05801 1
      vertex 27.152 -1.5657 1
    endloop
  endfacet
  facet normal -0 0 1
    outer loop
      vertex 23.8121 -1.23218 1
      vertex 27.152 -1.5657 1
      vertex 23.9562 -1.05801 1
    endloop
  endfacet
  facet normal 0 0 1
    outer loop
      vertex 27.152 -1.5657 1
      vertex 23.8121 -1.23218 1
      vertex 27.3707 -1.9103 1
    endloop
  endfacet
  facet normal -0 0 1
    outer loop
      vertex 23.6474 -1.38692 1
      vertex 27.3707 -1.9103 1
      vertex 23.8121 -1.23218 1
    endloop
  endfacet
  facet normal -0 0 1
    outer loop
      vertex 23.4645 -1.51979 1
      vertex 27.3707 -1.9103 1
      vertex 23.6474 -1.38692 1
    endloop
  endfacet
  facet normal 0 0 1
    outer loop
      vertex 27.3707 -1.9103 1
      vertex 23.4645 -1.51979 1
      vertex 27.6309 -2.22478 1
    endloop
  endfacet
  facet normal -0 0 1
    outer loop
      vertex 23.2664 -1.62869 1
      vertex 27.6309 -2.22478 1
      vertex 23.4645 -1.51979 1
    endloop
  endfacet
  facet normal 0 0 1
    outer loop
      vertex 27.9284 -2.50417 1
      vertex 23.2664 -1.62869 1
      vertex 23.0562 -1.7119 1
    endloop
  endfacet
  facet normal 0 0 1
    outer loop
      vertex 28.2586 -2.74407 1
      vertex 23.0562 -1.7119 1
      vertex 22.8373 -1.76812 1
    endloop
  endfacet
  facet normal 0 0 1
    outer loop
      vertex 28.2586 -2.74407 1
      vertex 22.8373 -1.76812 1
      vertex 32.314 -6.99013 1
    endloop
  endfacet
  facet normal -0 0 1
    outer loop
      vertex 22.613 -1.79645 1
      vertex 32.314 -6.99013 1
      vertex 22.8373 -1.76812 1
    endloop
  endfacet
  facet normal -0 0 1
    outer loop
      vertex 22.387 -1.79645 1
      vertex 32.314 -6.99013 1
      vertex 22.613 -1.79645 1
    endloop
  endfacet
  facet normal 0 0 1
    outer loop
      vertex 16.3838 -2.94069 1
      vertex 22.387 -1.79645 1
      vertex 22.1627 -1.76812 1
    endloop
  endfacet
  facet normal 0 0 1
    outer loop
      vertex 16.7414 -2.74407 1
      vertex 22.1627 -1.76812 1
      vertex 21.9438 -1.7119 1
    endloop
  endfacet
  facet normal 0 0 1
    outer loop
      vertex 17.0716 -2.50417 1
      vertex 21.9438 -1.7119 1
      vertex 21.7336 -1.62869 1
    endloop
  endfacet
  facet normal -0 0 1
    outer loop
      vertex 18.25 0 1
      vertex 20.7142 -0.225599 1
      vertex 20.7 0 1
    endloop
  endfacet
  facet normal 0 0 1
    outer loop
      vertex 18.2244 -0.407332 1
      vertex 20.7142 -0.225599 1
      vertex 18.25 0 1
    endloop
  endfacet
  facet normal 0 0 1
    outer loop
      vertex 20.7142 -0.225599 1
      vertex 18.2244 -0.407332 1
      vertex 20.7565 -0.447641 1
    endloop
  endfacet
  facet normal 0 0 1
    outer loop
      vertex 18.1479 -0.808242 1
      vertex 20.7565 -0.447641 1
      vertex 18.2244 -0.407332 1
    endloop
  endfacet
  facet normal 0 0 1
    outer loop
      vertex 20.7565 -0.447641 1
      vertex 18.1479 -0.808242 1
      vertex 20.8264 -0.662623 1
    endloop
  endfacet
  facet normal 0 0 1
    outer loop
      vertex 20.8264 -0.662623 1
      vertex 18.1479 -0.808242 1
      vertex 20.9226 -0.867156 1
    endloop
  endfacet
  facet normal 0 0 1
    outer loop
      vertex 18.0218 -1.1964 1
      vertex 20.9226 -0.867156 1
      vertex 18.1479 -0.808242 1
    endloop
  endfacet
  facet normal 0 0 1
    outer loop
      vertex 20.9226 -0.867156 1
      vertex 18.0218 -1.1964 1
      vertex 21.0438 -1.05801 1
    endloop
  endfacet
  facet normal 0 0 1
    outer loop
      vertex 17.848 -1.5657 1
      vertex 21.0438 -1.05801 1
      vertex 18.0218 -1.1964 1
    endloop
  endfacet
  facet normal 0 0 1
    outer loop
      vertex 21.0438 -1.05801 1
      vertex 17.848 -1.5657 1
      vertex 21.1879 -1.23218 1
    endloop
  endfacet
  facet normal 0 0 1
    outer loop
      vertex 17.6293 -1.9103 1
      vertex 21.1879 -1.23218 1
      vertex 17.848 -1.5657 1
    endloop
  endfacet
  facet normal 0 0 1
    outer loop
      vertex 21.1879 -1.23218 1
      vertex 17.6293 -1.9103 1
      vertex 21.3526 -1.38692 1
    endloop
  endfacet
  facet normal 0 0 1
    outer loop
      vertex 21.3526 -1.38692 1
      vertex 17.6293 -1.9103 1
      vertex 21.5355 -1.51979 1
    endloop
  endfacet
  facet normal 0 0 1
    outer loop
      vertex 17.3691 -2.22478 1
      vertex 21.5355 -1.51979 1
      vertex 17.6293 -1.9103 1
    endloop
  endfacet
  facet normal 0 0 1
    outer loop
      vertex 21.5355 -1.51979 1
      vertex 17.3691 -2.22478 1
      vertex 21.7336 -1.62869 1
    endloop
  endfacet
  facet normal 0 0 1
    outer loop
      vertex 17.0716 -2.50417 1
      vertex 21.7336 -1.62869 1
      vertex 17.3691 -2.22478 1
    endloop
  endfacet
  facet normal 0 0 1
    outer loop
      vertex 21.9438 -1.7119 1
      vertex 17.0716 -2.50417 1
      vertex 16.7414 -2.74407 1
    endloop
  endfacet
  facet normal 0 0 1
    outer loop
      vertex 22.1627 -1.76812 1
      vertex 16.7414 -2.74407 1
      vertex 16.3838 -2.94069 1
    endloop
  endfacet
  facet normal 0 0 1
    outer loop
      vertex 22.387 -1.79645 1
      vertex 16.3838 -2.94069 1
      vertex 32.314 -6.99013 1
    endloop
  endfacet
  facet normal -0 0 1
    outer loop
      vertex 16.0043 -3.09093 1
      vertex 32.314 -6.99013 1
      vertex 16.3838 -2.94069 1
    endloop
  endfacet
  facet normal -0 0 1
    outer loop
      vertex 15.609 -3.19243 1
      vertex 32.314 -6.99013 1
      vertex 16.0043 -3.09093 1
    endloop
  endfacet
  facet normal -0 0 1
    outer loop
      vertex 15.2041 -3.24359 1
      vertex 32.314 -6.99013 1
      vertex 15.609 -3.19243 1
    endloop
  endfacet
  facet normal -0 0 1
    outer loop
      vertex 14.7959 -3.24359 1
      vertex 32.314 -6.99013 1
      vertex 15.2041 -3.24359 1
    endloop
  endfacet
  facet normal 0 0 1
    outer loop
      vertex 0.204069 -3.24359 1
      vertex 14.7959 -3.24359 1
      vertex 14.391 -3.19243 1
    endloop
  endfacet
  facet normal 0 0 1
    outer loop
      vertex 9.28581 0.225599 1
      vertex 12.3707 1.9103 1
      vertex 12.6309 2.22478 1
    endloop
  endfacet
  facet normal 0 0 1
    outer loop
      vertex 9.28581 0.225599 1
      vertex 12.152 1.5657 1
      vertex 12.3707 1.9103 1
    endloop
  endfacet
  facet normal 0 0 1
    outer loop
      vertex 9.28581 0.225599 1
      vertex 11.9782 1.1964 1
      vertex 12.152 1.5657 1
    endloop
  endfacet
  facet normal 0 0 1
    outer loop
      vertex 9.28581 0.225599 1
      vertex 11.8521 0.808242 1
      vertex 11.9782 1.1964 1
    endloop
  endfacet
  facet normal 0 0 1
    outer loop
      vertex 9.28581 0.225599 1
      vertex 11.7756 0.407332 1
      vertex 11.8521 0.808242 1
    endloop
  endfacet
  facet normal -0 0 1
    outer loop
      vertex 9.28581 0.225599 1
      vertex 11.75 0 1
      vertex 11.7756 0.407332 1
    endloop
  endfacet
  facet normal 0 0 1
    outer loop
      vertex 9.28581 -0.225599 1
      vertex 11.75 0 1
      vertex 9.3 0 1
    endloop
  endfacet
  facet normal 0 0 1
    outer loop
      vertex 11.75 0 1
      vertex 9.28581 -0.225599 1
      vertex 11.7756 -0.407332 1
    endloop
  endfacet
  facet normal 0 0 1
    outer loop
      vertex 9.24345 -0.447641 1
      vertex 11.7756 -0.407332 1
      vertex 9.28581 -0.225599 1
    endloop
  endfacet
  facet normal 0 0 1
    outer loop
      vertex 11.7756 -0.407332 1
      vertex 9.24345 -0.447641 1
      vertex 11.8521 -0.808242 1
    endloop
  endfacet
  facet normal -0 0 1
    outer loop
      vertex 9.1736 -0.662623 1
      vertex 11.8521 -0.808242 1
      vertex 9.24345 -0.447641 1
    endloop
  endfacet
  facet normal 0 0 1
    outer loop
      vertex 9.07735 -0.867156 1
      vertex 11.8521 -0.808242 1
      vertex 9.1736 -0.662623 1
    endloop
  endfacet
  facet normal 0 0 1
    outer loop
      vertex 11.8521 -0.808242 1
      vertex 9.07735 -0.867156 1
      vertex 11.9782 -1.1964 1
    endloop
  endfacet
  facet normal -0 0 1
    outer loop
      vertex 8.95623 -1.05801 1
      vertex 11.9782 -1.1964 1
      vertex 9.07735 -0.867156 1
    endloop
  endfacet
  facet normal 0 0 1
    outer loop
      vertex 11.9782 -1.1964 1
      vertex 8.95623 -1.05801 1
      vertex 12.152 -1.5657 1
    endloop
  endfacet
  facet normal -0 0 1
    outer loop
      vertex 8.81214 -1.23218 1
      vertex 12.152 -1.5657 1
      vertex 8.95623 -1.05801 1
    endloop
  endfacet
  facet normal 0 0 1
    outer loop
      vertex 12.152 -1.5657 1
      vertex 8.81214 -1.23218 1
      vertex 12.3707 -1.9103 1
    endloop
  endfacet
  facet normal -0 0 1
    outer loop
      vertex 8.64736 -1.38692 1
      vertex 12.3707 -1.9103 1
      vertex 8.81214 -1.23218 1
    endloop
  endfacet
  facet normal -0 0 1
    outer loop
      vertex 8.46449 -1.51979 1
      vertex 12.3707 -1.9103 1
      vertex 8.64736 -1.38692 1
    endloop
  endfacet
  facet normal 0 0 1
    outer loop
      vertex 12.3707 -1.9103 1
      vertex 8.46449 -1.51979 1
      vertex 12.6309 -2.22478 1
    endloop
  endfacet
  facet normal -0 0 1
    outer loop
      vertex 8.2664 -1.62869 1
      vertex 12.6309 -2.22478 1
      vertex 8.46449 -1.51979 1
    endloop
  endfacet
  facet normal 0 0 1
    outer loop
      vertex 12.6309 -2.22478 1
      vertex 8.2664 -1.62869 1
      vertex 12.9284 -2.50417 1
    endloop
  endfacet
  facet normal -0 0 1
    outer loop
      vertex 8.05623 -1.7119 1
      vertex 12.9284 -2.50417 1
      vertex 8.2664 -1.62869 1
    endloop
  endfacet
  facet normal 0 0 1
    outer loop
      vertex 12.9284 -2.50417 1
      vertex 8.05623 -1.7119 1
      vertex 13.2586 -2.74407 1
    endloop
  endfacet
  facet normal -0 0 1
    outer loop
      vertex 7.83729 -1.76812 1
      vertex 13.2586 -2.74407 1
      vertex 8.05623 -1.7119 1
    endloop
  endfacet
  facet normal 0 0 1
    outer loop
      vertex 13.2586 -2.74407 1
      vertex 7.83729 -1.76812 1
      vertex 13.6162 -2.94069 1
    endloop
  endfacet
  facet normal -0 0 1
    outer loop
      vertex 7.61302 -1.79645 1
      vertex 13.6162 -2.94069 1
      vertex 7.83729 -1.76812 1
    endloop
  endfacet
  facet normal 0 0 1
    outer loop
      vertex 13.6162 -2.94069 1
      vertex 7.61302 -1.79645 1
      vertex 13.9957 -3.09093 1
    endloop
  endfacet
  facet normal 0 0 1
    outer loop
      vertex 1.0043 -3.09093 1
      vertex 13.9957 -3.09093 1
      vertex 7.61302 -1.79645 1
    endloop
  endfacet
  facet normal 0 0 1
    outer loop
      vertex 13.9957 -3.09093 1
      vertex 1.0043 -3.09093 1
      vertex 14.391 -3.19243 1
    endloop
  endfacet
  facet normal 0 0 1
    outer loop
      vertex 1.0043 -3.09093 1
      vertex 7.61302 -1.79645 1
      vertex 7.38698 -1.79645 1
    endloop
  endfacet
  facet normal 0 0 1
    outer loop
      vertex 1.38378 -2.94069 1
      vertex 7.38698 -1.79645 1
      vertex 7.16271 -1.76812 1
    endloop
  endfacet
  facet normal 0 0 1
    outer loop
      vertex 3.22437 0.407332 1
      vertex 5.75655 0.447641 1
      vertex 5.8264 0.662623 1
    endloop
  endfacet
  facet normal -0 0 1
    outer loop
      vertex 3.22437 0.407332 1
      vertex 5.71419 0.225599 1
      vertex 5.75655 0.447641 1
    endloop
  endfacet
  facet normal 0 0 1
    outer loop
      vertex 5.71419 0.225599 1
      vertex 3.25 0 1
      vertex 5.7 0 1
    endloop
  endfacet
  facet normal 0 0 1
    outer loop
      vertex 5.7 0 1
      vertex 3.25 0 1
      vertex 5.71419 -0.225599 1
    endloop
  endfacet
  facet normal 0 0 1
    outer loop
      vertex 3.22437 -0.407332 1
      vertex 5.71419 -0.225599 1
      vertex 3.25 0 1
    endloop
  endfacet
  facet normal 0 0 1
    outer loop
      vertex 5.71419 -0.225599 1
      vertex 3.22437 -0.407332 1
      vertex 5.75655 -0.447641 1
    endloop
  endfacet
  facet normal 0 0 1
    outer loop
      vertex 3.14789 -0.808242 1
      vertex 5.75655 -0.447641 1
      vertex 3.22437 -0.407332 1
    endloop
  endfacet
  facet normal 0 0 1
    outer loop
      vertex 5.75655 -0.447641 1
      vertex 3.14789 -0.808242 1
      vertex 5.8264 -0.662623 1
    endloop
  endfacet
  facet normal 0 0 1
    outer loop
      vertex 5.8264 -0.662623 1
      vertex 3.14789 -0.808242 1
      vertex 5.92265 -0.867156 1
    endloop
  endfacet
  facet normal 0 0 1
    outer loop
      vertex 3.02177 -1.1964 1
      vertex 5.92265 -0.867156 1
      vertex 3.14789 -0.808242 1
    endloop
  endfacet
  facet normal 0 0 1
    outer loop
      vertex 5.92265 -0.867156 1
      vertex 3.02177 -1.1964 1
      vertex 6.04377 -1.05801 1
    endloop
  endfacet
  facet normal 0 0 1
    outer loop
      vertex 2.848 -1.5657 1
      vertex 6.04377 -1.05801 1
      vertex 3.02177 -1.1964 1
    endloop
  endfacet
  facet normal 0 0 1
    outer loop
      vertex 6.04377 -1.05801 1
      vertex 2.848 -1.5657 1
      vertex 6.18786 -1.23218 1
    endloop
  endfacet
  facet normal 0 0 1
    outer loop
      vertex 2.6293 -1.9103 1
      vertex 6.18786 -1.23218 1
      vertex 2.848 -1.5657 1
    endloop
  endfacet
  facet normal 0 0 1
    outer loop
      vertex 6.18786 -1.23218 1
      vertex 2.6293 -1.9103 1
      vertex 6.35264 -1.38692 1
    endloop
  endfacet
  facet normal 0 0 1
    outer loop
      vertex 6.35264 -1.38692 1
      vertex 2.6293 -1.9103 1
      vertex 6.53551 -1.51979 1
    endloop
  endfacet
  facet normal 0 0 1
    outer loop
      vertex 2.36915 -2.22478 1
      vertex 6.53551 -1.51979 1
      vertex 2.6293 -1.9103 1
    endloop
  endfacet
  facet normal 0 0 1
    outer loop
      vertex 6.53551 -1.51979 1
      vertex 2.36915 -2.22478 1
      vertex 6.7336 -1.62869 1
    endloop
  endfacet
  facet normal 0 0 1
    outer loop
      vertex 2.07163 -2.50417 1
      vertex 6.7336 -1.62869 1
      vertex 2.36915 -2.22478 1
    endloop
  endfacet
  facet normal 0 0 1
    outer loop
      vertex 6.7336 -1.62869 1
      vertex 2.07163 -2.50417 1
      vertex 6.94377 -1.7119 1
    endloop
  endfacet
  facet normal 0 0 1
    outer loop
      vertex 1.74144 -2.74407 1
      vertex 6.94377 -1.7119 1
      vertex 2.07163 -2.50417 1
    endloop
  endfacet
  facet normal 0 0 1
    outer loop
      vertex 6.94377 -1.7119 1
      vertex 1.74144 -2.74407 1
      vertex 7.16271 -1.76812 1
    endloop
  endfacet
  facet normal 0 0 1
    outer loop
      vertex 1.38378 -2.94069 1
      vertex 7.16271 -1.76812 1
      vertex 1.74144 -2.74407 1
    endloop
  endfacet
  facet normal 0 0 1
    outer loop
      vertex 7.38698 -1.79645 1
      vertex 1.38378 -2.94069 1
      vertex 1.0043 -3.09093 1
    endloop
  endfacet
  facet normal 0 0 1
    outer loop
      vertex 0.608989 -3.19243 1
      vertex 14.391 -3.19243 1
      vertex 1.0043 -3.09093 1
    endloop
  endfacet
  facet normal 0 0 1
    outer loop
      vertex 0.204069 -3.24359 1
      vertex 14.391 -3.19243 1
      vertex 0.608989 -3.19243 1
    endloop
  endfacet
  facet normal 0 0 1
    outer loop
      vertex 14.7959 -3.24359 1
      vertex 0.204069 -3.24359 1
      vertex 32.314 -6.99013 1
    endloop
  endfacet
  facet normal -0 0 1
    outer loop
      vertex -0.204069 -3.24359 1
      vertex 32.314 -6.99013 1
      vertex 0.204069 -3.24359 1
    endloop
  endfacet
  facet normal -0 0 1
    outer loop
      vertex -5.71419 0.225599 1
      vertex -3.25 0 1
      vertex -3.22437 0.407332 1
    endloop
  endfacet
  facet normal 0 0 1
    outer loop
      vertex -5.71419 0.225599 1
      vertex -2.848 1.5657 1
      vertex -2.6293 1.9103 1
    endloop
  endfacet
  facet normal 0 0 1
    outer loop
      vertex -5.71419 -0.225599 1
      vertex -3.25 0 1
      vertex -5.7 0 1
    endloop
  endfacet
  facet normal 0 0 1
    outer loop
      vertex -3.25 0 1
      vertex -5.71419 -0.225599 1
      vertex -3.22437 -0.407332 1
    endloop
  endfacet
  facet normal 0 0 1
    outer loop
      vertex -5.75655 -0.447641 1
      vertex -3.22437 -0.407332 1
      vertex -5.71419 -0.225599 1
    endloop
  endfacet
  facet normal 0 0 1
    outer loop
      vertex -3.22437 -0.407332 1
      vertex -5.75655 -0.447641 1
      vertex -3.14789 -0.808242 1
    endloop
  endfacet
  facet normal -0 0 1
    outer loop
      vertex -5.8264 -0.662623 1
      vertex -3.14789 -0.808242 1
      vertex -5.75655 -0.447641 1
    endloop
  endfacet
  facet normal 0 0 1
    outer loop
      vertex -5.92265 -0.867156 1
      vertex -3.14789 -0.808242 1
      vertex -5.8264 -0.662623 1
    endloop
  endfacet
  facet normal 0 0 1
    outer loop
      vertex -3.14789 -0.808242 1
      vertex -5.92265 -0.867156 1
      vertex -3.02177 -1.1964 1
    endloop
  endfacet
  facet normal -0 0 1
    outer loop
      vertex -6.04377 -1.05801 1
      vertex -3.02177 -1.1964 1
      vertex -5.92265 -0.867156 1
    endloop
  endfacet
  facet normal 0 0 1
    outer loop
      vertex -3.02177 -1.1964 1
      vertex -6.04377 -1.05801 1
      vertex -2.848 -1.5657 1
    endloop
  endfacet
  facet normal -0 0 1
    outer loop
      vertex -6.18786 -1.23218 1
      vertex -2.848 -1.5657 1
      vertex -6.04377 -1.05801 1
    endloop
  endfacet
  facet normal 0 0 1
    outer loop
      vertex -2.848 -1.5657 1
      vertex -6.18786 -1.23218 1
      vertex -2.6293 -1.9103 1
    endloop
  endfacet
  facet normal -0 0 1
    outer loop
      vertex -6.35264 -1.38692 1
      vertex -2.6293 -1.9103 1
      vertex -6.18786 -1.23218 1
    endloop
  endfacet
  facet normal -0 0 1
    outer loop
      vertex -6.53551 -1.51979 1
      vertex -2.6293 -1.9103 1
      vertex -6.35264 -1.38692 1
    endloop
  endfacet
  facet normal 0 0 1
    outer loop
      vertex -2.6293 -1.9103 1
      vertex -6.53551 -1.51979 1
      vertex -2.36915 -2.22478 1
    endloop
  endfacet
  facet normal -0 0 1
    outer loop
      vertex -6.7336 -1.62869 1
      vertex -2.36915 -2.22478 1
      vertex -6.53551 -1.51979 1
    endloop
  endfacet
  facet normal 0 0 1
    outer loop
      vertex -2.36915 -2.22478 1
      vertex -6.7336 -1.62869 1
      vertex -2.07163 -2.50417 1
    endloop
  endfacet
  facet normal -0 0 1
    outer loop
      vertex -6.94377 -1.7119 1
      vertex -2.07163 -2.50417 1
      vertex -6.7336 -1.62869 1
    endloop
  endfacet
  facet normal 0 0 1
    outer loop
      vertex -2.07163 -2.50417 1
      vertex -6.94377 -1.7119 1
      vertex -1.74144 -2.74407 1
    endloop
  endfacet
  facet normal -0 0 1
    outer loop
      vertex -7.16271 -1.76812 1
      vertex -1.74144 -2.74407 1
      vertex -6.94377 -1.7119 1
    endloop
  endfacet
  facet normal 0 0 1
    outer loop
      vertex -1.74144 -2.74407 1
      vertex -7.16271 -1.76812 1
      vertex -1.38378 -2.94069 1
    endloop
  endfacet
  facet normal -0 0 1
    outer loop
      vertex -7.38698 -1.79645 1
      vertex -1.38378 -2.94069 1
      vertex -7.16271 -1.76812 1
    endloop
  endfacet
  facet normal 0 0 1
    outer loop
      vertex -1.38378 -2.94069 1
      vertex -7.38698 -1.79645 1
      vertex -1.0043 -3.09093 1
    endloop
  endfacet
  facet normal -0 0 1
    outer loop
      vertex -7.61302 -1.79645 1
      vertex -1.0043 -3.09093 1
      vertex -7.38698 -1.79645 1
    endloop
  endfacet
  facet normal -0 0 1
    outer loop
      vertex -13.6162 -2.94069 1
      vertex -1.0043 -3.09093 1
      vertex -7.61302 -1.79645 1
    endloop
  endfacet
  facet normal 0 0 1
    outer loop
      vertex -13.6162 -2.94069 1
      vertex -7.61302 -1.79645 1
      vertex -7.83729 -1.76812 1
    endloop
  endfacet
  facet normal 0 0 1
    outer loop
      vertex -11.7756 0.407332 1
      vertex -9.59537 16.0544 1
      vertex -10.0466 16.9367 1
    endloop
  endfacet
  facet normal 0 0 1
    outer loop
      vertex -11.7756 0.407332 1
      vertex -10.0466 16.9367 1
      vertex -10.419 17.8813 1
    endloop
  endfacet
  facet normal 0 0 1
    outer loop
      vertex -21.1808 15.4419 1
      vertex -10.419 17.8813 1
      vertex -10.7124 18.8882 1
    endloop
  endfacet
  facet normal 0 0 1
    outer loop
      vertex -9.28581 0.225599 1
      vertex -11.75 0 1
      vertex -9.3 0 1
    endloop
  endfacet
  facet normal 0 0 1
    outer loop
      vertex -9.3 0 1
      vertex -11.75 0 1
      vertex -9.28581 -0.225599 1
    endloop
  endfacet
  facet normal 0 0 1
    outer loop
      vertex -11.7756 -0.407332 1
      vertex -9.28581 -0.225599 1
      vertex -11.75 0 1
    endloop
  endfacet
  facet normal 0 0 1
    outer loop
      vertex -9.28581 -0.225599 1
      vertex -11.7756 -0.407332 1
      vertex -9.24345 -0.447641 1
    endloop
  endfacet
  facet normal 0 0 1
    outer loop
      vertex -11.8521 -0.808242 1
      vertex -9.24345 -0.447641 1
      vertex -11.7756 -0.407332 1
    endloop
  endfacet
  facet normal 0 0 1
    outer loop
      vertex -9.24345 -0.447641 1
      vertex -11.8521 -0.808242 1
      vertex -9.1736 -0.662623 1
    endloop
  endfacet
  facet normal 0 0 1
    outer loop
      vertex -9.1736 -0.662623 1
      vertex -11.8521 -0.808242 1
      vertex -9.07735 -0.867156 1
    endloop
  endfacet
  facet normal 0 0 1
    outer loop
      vertex -11.9782 -1.1964 1
      vertex -9.07735 -0.867156 1
      vertex -11.8521 -0.808242 1
    endloop
  endfacet
  facet normal 0 0 1
    outer loop
      vertex -9.07735 -0.867156 1
      vertex -11.9782 -1.1964 1
      vertex -8.95623 -1.05801 1
    endloop
  endfacet
  facet normal 0 0 1
    outer loop
      vertex -12.152 -1.5657 1
      vertex -8.95623 -1.05801 1
      vertex -11.9782 -1.1964 1
    endloop
  endfacet
  facet normal 0 0 1
    outer loop
      vertex -8.95623 -1.05801 1
      vertex -12.152 -1.5657 1
      vertex -8.81214 -1.23218 1
    endloop
  endfacet
  facet normal 0 0 1
    outer loop
      vertex -12.3707 -1.9103 1
      vertex -8.81214 -1.23218 1
      vertex -12.152 -1.5657 1
    endloop
  endfacet
  facet normal 0 0 1
    outer loop
      vertex -8.81214 -1.23218 1
      vertex -12.3707 -1.9103 1
      vertex -8.64736 -1.38692 1
    endloop
  endfacet
  facet normal 0 0 1
    outer loop
      vertex -8.64736 -1.38692 1
      vertex -12.3707 -1.9103 1
      vertex -8.46449 -1.51979 1
    endloop
  endfacet
  facet normal 0 0 1
    outer loop
      vertex -12.6309 -2.22478 1
      vertex -8.46449 -1.51979 1
      vertex -12.3707 -1.9103 1
    endloop
  endfacet
  facet normal 0 0 1
    outer loop
      vertex -8.46449 -1.51979 1
      vertex -12.6309 -2.22478 1
      vertex -8.2664 -1.62869 1
    endloop
  endfacet
  facet normal 0 0 1
    outer loop
      vertex -12.9284 -2.50417 1
      vertex -8.2664 -1.62869 1
      vertex -12.6309 -2.22478 1
    endloop
  endfacet
  facet normal 0 0 1
    outer loop
      vertex -8.2664 -1.62869 1
      vertex -12.9284 -2.50417 1
      vertex -8.05623 -1.7119 1
    endloop
  endfacet
  facet normal 0 0 1
    outer loop
      vertex -13.2586 -2.74407 1
      vertex -8.05623 -1.7119 1
      vertex -12.9284 -2.50417 1
    endloop
  endfacet
  facet normal 0 0 1
    outer loop
      vertex -8.05623 -1.7119 1
      vertex -13.2586 -2.74407 1
      vertex -7.83729 -1.76812 1
    endloop
  endfacet
  facet normal 0 0 1
    outer loop
      vertex -13.6162 -2.94069 1
      vertex -7.83729 -1.76812 1
      vertex -13.2586 -2.74407 1
    endloop
  endfacet
  facet normal 0 0 1
    outer loop
      vertex -13.9957 -3.09093 1
      vertex -1.0043 -3.09093 1
      vertex -13.6162 -2.94069 1
    endloop
  endfacet
  facet normal 0 0 1
    outer loop
      vertex -1.0043 -3.09093 1
      vertex -13.9957 -3.09093 1
      vertex -0.608989 -3.19243 1
    endloop
  endfacet
  facet normal 0 0 1
    outer loop
      vertex -14.391 -3.19243 1
      vertex -0.608989 -3.19243 1
      vertex -13.9957 -3.09093 1
    endloop
  endfacet
  facet normal 0 0 1
    outer loop
      vertex -0.608989 -3.19243 1
      vertex -14.391 -3.19243 1
      vertex -0.204069 -3.24359 1
    endloop
  endfacet
  facet normal 0 0 1
    outer loop
      vertex -14.7959 -3.24359 1
      vertex -0.204069 -3.24359 1
      vertex -14.391 -3.19243 1
    endloop
  endfacet
  facet normal 0 0 1
    outer loop
      vertex -32.314 -6.99013 1
      vertex -0.204069 -3.24359 1
      vertex -14.7959 -3.24359 1
    endloop
  endfacet
  facet normal 0 0 1
    outer loop
      vertex -32.314 -6.99013 1
      vertex -14.7959 -3.24359 1
      vertex -15.2041 -3.24359 1
    endloop
  endfacet
  facet normal 0 0 1
    outer loop
      vertex -20.7142 -0.225599 1
      vertex -18.25 0 1
      vertex -20.7 0 1
    endloop
  endfacet
  facet normal 0 0 1
    outer loop
      vertex -18.25 0 1
      vertex -20.7142 -0.225599 1
      vertex -18.2244 -0.407332 1
    endloop
  endfacet
  facet normal 0 0 1
    outer loop
      vertex -20.7565 -0.447641 1
      vertex -18.2244 -0.407332 1
      vertex -20.7142 -0.225599 1
    endloop
  endfacet
  facet normal 0 0 1
    outer loop
      vertex -18.2244 -0.407332 1
      vertex -20.7565 -0.447641 1
      vertex -18.1479 -0.808242 1
    endloop
  endfacet
  facet normal -0 0 1
    outer loop
      vertex -20.8264 -0.662623 1
      vertex -18.1479 -0.808242 1
      vertex -20.7565 -0.447641 1
    endloop
  endfacet
  facet normal 0 0 1
    outer loop
      vertex -20.9226 -0.867156 1
      vertex -18.1479 -0.808242 1
      vertex -20.8264 -0.662623 1
    endloop
  endfacet
  facet normal 0 0 1
    outer loop
      vertex -18.1479 -0.808242 1
      vertex -20.9226 -0.867156 1
      vertex -18.0218 -1.1964 1
    endloop
  endfacet
  facet normal -0 0 1
    outer loop
      vertex -21.0438 -1.05801 1
      vertex -18.0218 -1.1964 1
      vertex -20.9226 -0.867156 1
    endloop
  endfacet
  facet normal 0 0 1
    outer loop
      vertex -18.0218 -1.1964 1
      vertex -21.0438 -1.05801 1
      vertex -17.848 -1.5657 1
    endloop
  endfacet
  facet normal -0 0 1
    outer loop
      vertex -21.1879 -1.23218 1
      vertex -17.848 -1.5657 1
      vertex -21.0438 -1.05801 1
    endloop
  endfacet
  facet normal 0 0 1
    outer loop
      vertex -17.848 -1.5657 1
      vertex -21.1879 -1.23218 1
      vertex -17.6293 -1.9103 1
    endloop
  endfacet
  facet normal -0 0 1
    outer loop
      vertex -21.3526 -1.38692 1
      vertex -17.6293 -1.9103 1
      vertex -21.1879 -1.23218 1
    endloop
  endfacet
  facet normal -0 0 1
    outer loop
      vertex -21.5355 -1.51979 1
      vertex -17.6293 -1.9103 1
      vertex -21.3526 -1.38692 1
    endloop
  endfacet
  facet normal 0 0 1
    outer loop
      vertex -17.6293 -1.9103 1
      vertex -21.5355 -1.51979 1
      vertex -17.3691 -2.22478 1
    endloop
  endfacet
  facet normal -0 0 1
    outer loop
      vertex -21.7336 -1.62869 1
      vertex -17.3691 -2.22478 1
      vertex -21.5355 -1.51979 1
    endloop
  endfacet
  facet normal 0 0 1
    outer loop
      vertex -17.3691 -2.22478 1
      vertex -21.7336 -1.62869 1
      vertex -17.0716 -2.50417 1
    endloop
  endfacet
  facet normal -0 0 1
    outer loop
      vertex -21.9438 -1.7119 1
      vertex -17.0716 -2.50417 1
      vertex -21.7336 -1.62869 1
    endloop
  endfacet
  facet normal 0 0 1
    outer loop
      vertex -17.0716 -2.50417 1
      vertex -21.9438 -1.7119 1
      vertex -16.7414 -2.74407 1
    endloop
  endfacet
  facet normal -0 0 1
    outer loop
      vertex -22.1627 -1.76812 1
      vertex -16.7414 -2.74407 1
      vertex -21.9438 -1.7119 1
    endloop
  endfacet
  facet normal 0 0 1
    outer loop
      vertex -16.7414 -2.74407 1
      vertex -22.1627 -1.76812 1
      vertex -16.3838 -2.94069 1
    endloop
  endfacet
  facet normal -0 0 1
    outer loop
      vertex -22.387 -1.79645 1
      vertex -16.3838 -2.94069 1
      vertex -22.1627 -1.76812 1
    endloop
  endfacet
  facet normal 0 0 1
    outer loop
      vertex -32.314 -6.99013 1
      vertex -16.3838 -2.94069 1
      vertex -22.387 -1.79645 1
    endloop
  endfacet
  facet normal 0 0 1
    outer loop
      vertex -16.3838 -2.94069 1
      vertex -32.314 -6.99013 1
      vertex -16.0043 -3.09093 1
    endloop
  endfacet
  facet normal 0 0 1
    outer loop
      vertex -32.314 -6.99013 1
      vertex -22.387 -1.79645 1
      vertex -22.613 -1.79645 1
    endloop
  endfacet
  facet normal 0 0 1
    outer loop
      vertex -32.314 -6.99013 1
      vertex -22.613 -1.79645 1
      vertex -22.8373 -1.76812 1
    endloop
  endfacet
  facet normal -0 0 1
    outer loop
      vertex -26.75 0 1
      vertex -24.2858 -0.225599 1
      vertex -24.3 0 1
    endloop
  endfacet
  facet normal 0 0 1
    outer loop
      vertex -26.7756 -0.407332 1
      vertex -24.2858 -0.225599 1
      vertex -26.75 0 1
    endloop
  endfacet
  facet normal 0 0 1
    outer loop
      vertex -24.2858 -0.225599 1
      vertex -26.7756 -0.407332 1
      vertex -24.2435 -0.447641 1
    endloop
  endfacet
  facet normal 0 0 1
    outer loop
      vertex -26.8521 -0.808242 1
      vertex -24.2435 -0.447641 1
      vertex -26.7756 -0.407332 1
    endloop
  endfacet
  facet normal 0 0 1
    outer loop
      vertex -24.2435 -0.447641 1
      vertex -26.8521 -0.808242 1
      vertex -24.1736 -0.662623 1
    endloop
  endfacet
  facet normal 0 0 1
    outer loop
      vertex -24.1736 -0.662623 1
      vertex -26.8521 -0.808242 1
      vertex -24.0774 -0.867156 1
    endloop
  endfacet
  facet normal 0 0 1
    outer loop
      vertex -26.9782 -1.1964 1
      vertex -24.0774 -0.867156 1
      vertex -26.8521 -0.808242 1
    endloop
  endfacet
  facet normal 0 0 1
    outer loop
      vertex -24.0774 -0.867156 1
      vertex -26.9782 -1.1964 1
      vertex -23.9562 -1.05801 1
    endloop
  endfacet
  facet normal 0 0 1
    outer loop
      vertex -27.152 -1.5657 1
      vertex -23.9562 -1.05801 1
      vertex -26.9782 -1.1964 1
    endloop
  endfacet
  facet normal 0 0 1
    outer loop
      vertex -23.9562 -1.05801 1
      vertex -27.152 -1.5657 1
      vertex -23.8121 -1.23218 1
    endloop
  endfacet
  facet normal 0 0 1
    outer loop
      vertex -27.3707 -1.9103 1
      vertex -23.8121 -1.23218 1
      vertex -27.152 -1.5657 1
    endloop
  endfacet
  facet normal 0 0 1
    outer loop
      vertex -23.8121 -1.23218 1
      vertex -27.3707 -1.9103 1
      vertex -23.6474 -1.38692 1
    endloop
  endfacet
  facet normal 0 0 1
    outer loop
      vertex -23.6474 -1.38692 1
      vertex -27.3707 -1.9103 1
      vertex -23.4645 -1.51979 1
    endloop
  endfacet
  facet normal 0 0 1
    outer loop
      vertex -27.6309 -2.22478 1
      vertex -23.4645 -1.51979 1
      vertex -27.3707 -1.9103 1
    endloop
  endfacet
  facet normal 0 0 1
    outer loop
      vertex -23.4645 -1.51979 1
      vertex -27.6309 -2.22478 1
      vertex -23.2664 -1.62869 1
    endloop
  endfacet
  facet normal 0 0 1
    outer loop
      vertex -27.9284 -2.50417 1
      vertex -23.2664 -1.62869 1
      vertex -27.6309 -2.22478 1
    endloop
  endfacet
  facet normal 0 0 1
    outer loop
      vertex -23.2664 -1.62869 1
      vertex -27.9284 -2.50417 1
      vertex -23.0562 -1.7119 1
    endloop
  endfacet
  facet normal 0 0 1
    outer loop
      vertex -28.2586 -2.74407 1
      vertex -23.0562 -1.7119 1
      vertex -27.9284 -2.50417 1
    endloop
  endfacet
  facet normal 0 0 1
    outer loop
      vertex -23.0562 -1.7119 1
      vertex -28.2586 -2.74407 1
      vertex -22.8373 -1.76812 1
    endloop
  endfacet
  facet normal 0 0 1
    outer loop
      vertex -32.314 -6.99013 1
      vertex -22.8373 -1.76812 1
      vertex -28.2586 -2.74407 1
    endloop
  endfacet
  facet normal 0 0 1
    outer loop
      vertex -16.0043 -3.09093 1
      vertex -32.314 -6.99013 1
      vertex -15.609 -3.19243 1
    endloop
  endfacet
  facet normal 0 0 1
    outer loop
      vertex -15.609 -3.19243 1
      vertex -32.314 -6.99013 1
      vertex -15.2041 -3.24359 1
    endloop
  endfacet
  facet normal 0 0 1
    outer loop
      vertex -32.314 -6.99013 1
      vertex -28.2586 -2.74407 1
      vertex -28.6162 -2.94069 1
    endloop
  endfacet
  facet normal 0 0 1
    outer loop
      vertex -32.314 -6.99013 1
      vertex -28.6162 -2.94069 1
      vertex -28.9957 -3.09093 1
    endloop
  endfacet
  facet normal 0 0 1
    outer loop
      vertex -32.314 -6.99013 1
      vertex -28.9957 -3.09093 1
      vertex -29.391 -3.19243 1
    endloop
  endfacet
  facet normal 0 0 1
    outer loop
      vertex -32.314 -6.99013 1
      vertex -29.391 -3.19243 1
      vertex -29.7959 -3.24359 1
    endloop
  endfacet
  facet normal 0 0 1
    outer loop
      vertex -32.314 -6.99013 1
      vertex -29.7959 -3.24359 1
      vertex -30.2041 -3.24359 1
    endloop
  endfacet
  facet normal 0 0 1
    outer loop
      vertex -0.204069 -3.24359 1
      vertex -32.314 -6.99013 1
      vertex 32.314 -6.99013 1
    endloop
  endfacet
  facet normal 0 0 1
    outer loop
      vertex -30.609 -3.19243 1
      vertex -32.314 -6.99013 1
      vertex -30.2041 -3.24359 1
    endloop
  endfacet
  facet normal 0 0 1
    outer loop
      vertex -31.0043 -3.09093 1
      vertex -32.314 -6.99013 1
      vertex -30.609 -3.19243 1
    endloop
  endfacet
  facet normal 0 0 1
    outer loop
      vertex -31.3838 -2.94069 1
      vertex -32.314 -6.99013 1
      vertex -31.0043 -3.09093 1
    endloop
  endfacet
  facet normal 0 0 1
    outer loop
      vertex -32.9369 -6.91144 1
      vertex -31.3838 -2.94069 1
      vertex -31.7414 -2.74407 1
    endloop
  endfacet
  facet normal 0 0 1
    outer loop
      vertex -34.1289 -6.52413 1
      vertex -31.7414 -2.74407 1
      vertex -32.0716 -2.50417 1
    endloop
  endfacet
  facet normal 0 0 1
    outer loop
      vertex -35.1871 -5.85257 1
      vertex -32.0716 -2.50417 1
      vertex -32.3691 -2.22478 1
    endloop
  endfacet
  facet normal 0 0 1
    outer loop
      vertex -36.0451 -4.93893 1
      vertex -32.3691 -2.22478 1
      vertex -32.6293 -1.9103 1
    endloop
  endfacet
  facet normal 0 0 1
    outer loop
      vertex -36.6489 -3.84062 1
      vertex -32.6293 -1.9103 1
      vertex -32.848 -1.5657 1
    endloop
  endfacet
  facet normal 0 0 1
    outer loop
      vertex -31.3838 -2.94069 1
      vertex -32.9369 -6.91144 1
      vertex -32.314 -6.99013 1
    endloop
  endfacet
  facet normal 0 0 1
    outer loop
      vertex -36.9606 -2.62667 1
      vertex -32.848 -1.5657 1
      vertex -33.0218 -1.1964 1
    endloop
  endfacet
  facet normal 0 0 1
    outer loop
      vertex -37 -2 1
      vertex -33.0218 -1.1964 1
      vertex -33.1479 -0.808242 1
    endloop
  endfacet
  facet normal 0 0 1
    outer loop
      vertex -37 -2 1
      vertex -33.1479 -0.808242 1
      vertex -33.2244 -0.407332 1
    endloop
  endfacet
  facet normal 0 0 1
    outer loop
      vertex -37 -2 1
      vertex -33.2244 -0.407332 1
      vertex -33.25 0 1
    endloop
  endfacet
  facet normal 0 0 1
    outer loop
      vertex -31.7414 -2.74407 1
      vertex -33.5451 -6.75528 1
      vertex -32.9369 -6.91144 1
    endloop
  endfacet
  facet normal -0 0 1
    outer loop
      vertex -36.3815 4.40877 1
      vertex -32.6293 1.9103 1
      vertex -36.0451 4.93893 1
    endloop
  endfacet
  facet normal -0 0 1
    outer loop
      vertex -36.6489 3.84062 1
      vertex -32.6293 1.9103 1
      vertex -36.3815 4.40877 1
    endloop
  endfacet
  facet normal 0 0 1
    outer loop
      vertex -37 -2 1
      vertex -33.25 0 1
      vertex -37 2 1
    endloop
  endfacet
  facet normal 0 0 1
    outer loop
      vertex -32.6293 1.9103 1
      vertex -36.6489 3.84062 1
      vertex -32.848 1.5657 1
    endloop
  endfacet
  facet normal 0 0 1
    outer loop
      vertex -33.0218 -1.1964 1
      vertex -37 -2 1
      vertex -36.9606 -2.62667 1
    endloop
  endfacet
  facet normal -0 0 1
    outer loop
      vertex -36.8429 3.24345 1
      vertex -32.848 1.5657 1
      vertex -36.6489 3.84062 1
    endloop
  endfacet
  facet normal 0 0 1
    outer loop
      vertex -31.7414 -2.74407 1
      vertex -34.1289 -6.52413 1
      vertex -33.5451 -6.75528 1
    endloop
  endfacet
  facet normal -0 0 1
    outer loop
      vertex -36.9606 2.62667 1
      vertex -32.848 1.5657 1
      vertex -36.8429 3.24345 1
    endloop
  endfacet
  facet normal 0 0 1
    outer loop
      vertex -32.0716 -2.50417 1
      vertex -34.6791 -6.22164 1
      vertex -34.1289 -6.52413 1
    endloop
  endfacet
  facet normal 0 0 1
    outer loop
      vertex -32.848 1.5657 1
      vertex -36.9606 2.62667 1
      vertex -33.0218 1.1964 1
    endloop
  endfacet
  facet normal 0 0 1
    outer loop
      vertex -32.0716 -2.50417 1
      vertex -35.1871 -5.85257 1
      vertex -34.6791 -6.22164 1
    endloop
  endfacet
  facet normal -0 0 1
    outer loop
      vertex -37 2 1
      vertex -33.0218 1.1964 1
      vertex -36.9606 2.62667 1
    endloop
  endfacet
  facet normal 0 0 1
    outer loop
      vertex -32.3691 -2.22478 1
      vertex -35.6448 -5.42274 1
      vertex -35.1871 -5.85257 1
    endloop
  endfacet
  facet normal 0 0 1
    outer loop
      vertex -33.0218 1.1964 1
      vertex -37 2 1
      vertex -33.1479 0.808242 1
    endloop
  endfacet
  facet normal 0 0 1
    outer loop
      vertex -32.3691 -2.22478 1
      vertex -36.0451 -4.93893 1
      vertex -35.6448 -5.42274 1
    endloop
  endfacet
  facet normal 0 0 1
    outer loop
      vertex -33.1479 0.808242 1
      vertex -37 2 1
      vertex -33.2244 0.407332 1
    endloop
  endfacet
  facet normal 0 0 1
    outer loop
      vertex -32.6293 -1.9103 1
      vertex -36.3815 -4.40877 1
      vertex -36.0451 -4.93893 1
    endloop
  endfacet
  facet normal 0 0 1
    outer loop
      vertex -33.2244 0.407332 1
      vertex -37 2 1
      vertex -33.25 0 1
    endloop
  endfacet
  facet normal 0 0 1
    outer loop
      vertex -32.6293 -1.9103 1
      vertex -36.6489 -3.84062 1
      vertex -36.3815 -4.40877 1
    endloop
  endfacet
  facet normal 0 0 1
    outer loop
      vertex -32.848 -1.5657 1
      vertex -36.8429 -3.24345 1
      vertex -36.6489 -3.84062 1
    endloop
  endfacet
  facet normal 0 0 1
    outer loop
      vertex -32.848 -1.5657 1
      vertex -36.9606 -2.62667 1
      vertex -36.8429 -3.24345 1
    endloop
  endfacet
  facet normal 0 -1 0
    outer loop
      vertex -32.314 -6.99013 0
      vertex 32.314 -6.99013 1
      vertex -32.314 -6.99013 1
    endloop
  endfacet
  facet normal 0 -1 -0
    outer loop
      vertex 32.314 -6.99013 1
      vertex -32.314 -6.99013 0
      vertex 32.314 -6.99013 0
    endloop
  endfacet
  facet normal 0 1 -0
    outer loop
      vertex -15.2689 6.99013 0
      vertex -32.314 6.99013 1
      vertex -15.2689 6.99013 1
    endloop
  endfacet
  facet normal 0 1 0
    outer loop
      vertex -32.314 6.99013 1
      vertex -15.2689 6.99013 0
      vertex -32.314 6.99013 0
    endloop
  endfacet
  facet normal 0 1 -0
    outer loop
      vertex 32.314 6.99013 0
      vertex 16.4755 6.99013 1
      vertex 32.314 6.99013 1
    endloop
  endfacet
  facet normal 0 1 0
    outer loop
      vertex 16.4755 6.99013 1
      vertex 32.314 6.99013 0
      vertex 16.4755 6.99013 0
    endloop
  endfacet
  facet normal 0.904797 -0.425843 0
    outer loop
      vertex 36.3815 -4.40877 1
      vertex 36.6489 -3.84062 0
      vertex 36.6489 -3.84062 1
    endloop
  endfacet
  facet normal 0.904797 -0.425843 0
    outer loop
      vertex 36.6489 -3.84062 0
      vertex 36.3815 -4.40877 1
      vertex 36.3815 -4.40877 0
    endloop
  endfacet
  facet normal -0.125332 0.992115 0
    outer loop
      vertex -32.314 6.99013 0
      vertex -32.9369 6.91144 1
      vertex -32.314 6.99013 1
    endloop
  endfacet
  facet normal -0.125332 0.992115 0
    outer loop
      vertex -32.9369 6.91144 1
      vertex -32.314 6.99013 0
      vertex -32.9369 6.91144 0
    endloop
  endfacet
  facet normal -0.368135 -0.929773 0
    outer loop
      vertex -34.1289 -6.52413 0
      vertex -33.5451 -6.75528 1
      vertex -34.1289 -6.52413 1
    endloop
  endfacet
  facet normal -0.368135 -0.929773 -0
    outer loop
      vertex -33.5451 -6.75528 1
      vertex -34.1289 -6.52413 0
      vertex -33.5451 -6.75528 0
    endloop
  endfacet
  facet normal -0.125332 -0.992115 0
    outer loop
      vertex -32.9369 -6.91144 0
      vertex -32.314 -6.99013 1
      vertex -32.9369 -6.91144 1
    endloop
  endfacet
  facet normal -0.125332 -0.992115 -0
    outer loop
      vertex -32.314 -6.99013 1
      vertex -32.9369 -6.91144 0
      vertex -32.314 -6.99013 0
    endloop
  endfacet
  facet normal -0.481772 -0.876297 0
    outer loop
      vertex -34.6791 -6.22164 0
      vertex -34.1289 -6.52413 1
      vertex -34.6791 -6.22164 1
    endloop
  endfacet
  facet normal -0.481772 -0.876297 -0
    outer loop
      vertex -34.1289 -6.52413 1
      vertex -34.6791 -6.22164 0
      vertex -34.1289 -6.52413 0
    endloop
  endfacet
  facet normal -0.684565 -0.728952 0
    outer loop
      vertex -35.6448 -5.42274 0
      vertex -35.1871 -5.85257 1
      vertex -35.6448 -5.42274 1
    endloop
  endfacet
  facet normal -0.684565 -0.728952 -0
    outer loop
      vertex -35.1871 -5.85257 1
      vertex -35.6448 -5.42274 0
      vertex -35.1871 -5.85257 0
    endloop
  endfacet
  facet normal 1 -0 0
    outer loop
      vertex 37 -2 1
      vertex 37 2 0
      vertex 37 2 1
    endloop
  endfacet
  facet normal 1 0 0
    outer loop
      vertex 37 2 0
      vertex 37 -2 1
      vertex 37 -2 0
    endloop
  endfacet
  facet normal 0.951072 -0.30897 0
    outer loop
      vertex 36.6489 -3.84062 1
      vertex 36.8429 -3.24345 0
      vertex 36.8429 -3.24345 1
    endloop
  endfacet
  facet normal 0.951072 -0.30897 0
    outer loop
      vertex 36.8429 -3.24345 0
      vertex 36.6489 -3.84062 1
      vertex 36.6489 -3.84062 0
    endloop
  endfacet
  facet normal 0.481772 -0.876297 0
    outer loop
      vertex 34.1289 -6.52413 0
      vertex 34.6791 -6.22164 1
      vertex 34.1289 -6.52413 1
    endloop
  endfacet
  facet normal 0.481772 -0.876297 0
    outer loop
      vertex 34.6791 -6.22164 1
      vertex 34.1289 -6.52413 0
      vertex 34.6791 -6.22164 0
    endloop
  endfacet
  facet normal 0.904797 0.425843 0
    outer loop
      vertex 36.6489 3.84062 1
      vertex 36.3815 4.40877 0
      vertex 36.3815 4.40877 1
    endloop
  endfacet
  facet normal 0.904797 0.425843 0
    outer loop
      vertex 36.3815 4.40877 0
      vertex 36.6489 3.84062 1
      vertex 36.6489 3.84062 0
    endloop
  endfacet
  facet normal 0.951072 0.30897 0
    outer loop
      vertex 36.8429 3.24345 1
      vertex 36.6489 3.84062 0
      vertex 36.6489 3.84062 1
    endloop
  endfacet
  facet normal 0.951072 0.30897 0
    outer loop
      vertex 36.6489 3.84062 0
      vertex 36.8429 3.24345 1
      vertex 36.8429 3.24345 0
    endloop
  endfacet
  facet normal 0.684565 0.728952 -0
    outer loop
      vertex 35.6448 5.42274 0
      vertex 35.1871 5.85257 1
      vertex 35.6448 5.42274 1
    endloop
  endfacet
  facet normal 0.684565 0.728952 0
    outer loop
      vertex 35.1871 5.85257 1
      vertex 35.6448 5.42274 0
      vertex 35.1871 5.85257 0
    endloop
  endfacet
  facet normal 0.368135 0.929773 -0
    outer loop
      vertex 34.1289 6.52413 0
      vertex 33.5451 6.75528 1
      vertex 34.1289 6.52413 1
    endloop
  endfacet
  facet normal 0.368135 0.929773 0
    outer loop
      vertex 33.5451 6.75528 1
      vertex 34.1289 6.52413 0
      vertex 33.5451 6.75528 0
    endloop
  endfacet
  facet normal 0.248691 0.968583 -0
    outer loop
      vertex 33.5451 6.75528 0
      vertex 32.9369 6.91144 1
      vertex 33.5451 6.75528 1
    endloop
  endfacet
  facet normal 0.248691 0.968583 0
    outer loop
      vertex 32.9369 6.91144 1
      vertex 33.5451 6.75528 0
      vertex 32.9369 6.91144 0
    endloop
  endfacet
  facet normal 0.125332 0.992115 -0
    outer loop
      vertex 32.9369 6.91144 0
      vertex 32.314 6.99013 1
      vertex 32.9369 6.91144 1
    endloop
  endfacet
  facet normal 0.125332 0.992115 0
    outer loop
      vertex 32.314 6.99013 1
      vertex 32.9369 6.91144 0
      vertex 32.314 6.99013 0
    endloop
  endfacet
  facet normal 0 0 -1
    outer loop
      vertex 9.24345 0.447641 0
      vertex 11.7756 0.407332 0
      vertex 9.28581 0.225599 0
    endloop
  endfacet
  facet normal 0 0 -1
    outer loop
      vertex 9.1736 0.662623 0
      vertex 11.7756 0.407332 0
      vertex 9.24345 0.447641 0
    endloop
  endfacet
  facet normal 0 0 -1
    outer loop
      vertex 9.07735 0.867156 0
      vertex 11.7756 0.407332 0
      vertex 9.1736 0.662623 0
    endloop
  endfacet
  facet normal 0 0 -1
    outer loop
      vertex 8.95623 1.05801 0
      vertex 11.7756 0.407332 0
      vertex 9.07735 0.867156 0
    endloop
  endfacet
  facet normal 0 0 -1
    outer loop
      vertex 8.81214 1.23218 0
      vertex 11.7756 0.407332 0
      vertex 8.95623 1.05801 0
    endloop
  endfacet
  facet normal 0 0 -1
    outer loop
      vertex 8.64736 1.38692 0
      vertex 11.7756 0.407332 0
      vertex 8.81214 1.23218 0
    endloop
  endfacet
  facet normal 0 0 -1
    outer loop
      vertex 11.7756 0.407332 0
      vertex 8.93681 13.166 0
      vertex 9.48781 13.7412 0
    endloop
  endfacet
  facet normal 0 0 -1
    outer loop
      vertex 8.46449 1.51979 0
      vertex 11.7756 0.407332 0
      vertex 8.64736 1.38692 0
    endloop
  endfacet
  facet normal 0 0 -1
    outer loop
      vertex 11.7756 0.407332 0
      vertex 8.46449 1.51979 0
      vertex 8.28564 12.665 0
    endloop
  endfacet
  facet normal 0 0 -1
    outer loop
      vertex 11.7756 0.407332 0
      vertex 8.28564 12.665 0
      vertex 8.93681 13.166 0
    endloop
  endfacet
  facet normal 0 0 -1
    outer loop
      vertex 8.2664 1.62869 0
      vertex 8.28564 12.665 0
      vertex 8.46449 1.51979 0
    endloop
  endfacet
  facet normal 0 0 -1
    outer loop
      vertex 7.53035 12.2343 0
      vertex 8.2664 1.62869 0
      vertex 8.05623 1.7119 0
    endloop
  endfacet
  facet normal 0 0 -1
    outer loop
      vertex 7.53035 12.2343 0
      vertex 8.05623 1.7119 0
      vertex 7.83729 1.76812 0
    endloop
  endfacet
  facet normal 0 0 -1
    outer loop
      vertex 6.66698 11.8699 0
      vertex 7.83729 1.76812 0
      vertex 7.61302 1.79645 0
    endloop
  endfacet
  facet normal 0 0 -1
    outer loop
      vertex 8.2664 1.62869 0
      vertex 7.53035 12.2343 0
      vertex 8.28564 12.665 0
    endloop
  endfacet
  facet normal 0 0 -1
    outer loop
      vertex 5.69554 11.5717 0
      vertex 7.61302 1.79645 0
      vertex 7.38698 1.79645 0
    endloop
  endfacet
  facet normal 0 0 -1
    outer loop
      vertex 5.69554 11.5717 0
      vertex 7.38698 1.79645 0
      vertex 7.16271 1.76812 0
    endloop
  endfacet
  facet normal 0 0 -1
    outer loop
      vertex 4.61604 11.3398 0
      vertex 7.16271 1.76812 0
      vertex 6.94377 1.7119 0
    endloop
  endfacet
  facet normal 0 0 -1
    outer loop
      vertex 2.07163 2.50417 0
      vertex 6.94377 1.7119 0
      vertex 6.7336 1.62869 0
    endloop
  endfacet
  facet normal 0 0 -1
    outer loop
      vertex 7.83729 1.76812 0
      vertex 6.66698 11.8699 0
      vertex 7.53035 12.2343 0
    endloop
  endfacet
  facet normal 0 0 -1
    outer loop
      vertex 2.36915 2.22478 0
      vertex 6.7336 1.62869 0
      vertex 6.53551 1.51979 0
    endloop
  endfacet
  facet normal 0 0 -1
    outer loop
      vertex 2.6293 1.9103 0
      vertex 6.53551 1.51979 0
      vertex 6.35264 1.38692 0
    endloop
  endfacet
  facet normal 0 0 -1
    outer loop
      vertex 2.6293 1.9103 0
      vertex 6.35264 1.38692 0
      vertex 6.18786 1.23218 0
    endloop
  endfacet
  facet normal 0 0 -1
    outer loop
      vertex 2.848 1.5657 0
      vertex 6.18786 1.23218 0
      vertex 6.04377 1.05801 0
    endloop
  endfacet
  facet normal 0 0 -1
    outer loop
      vertex 3.02177 1.1964 0
      vertex 6.04377 1.05801 0
      vertex 5.92265 0.867156 0
    endloop
  endfacet
  facet normal 0 0 -1
    outer loop
      vertex 3.14789 0.808242 0
      vertex 5.92265 0.867156 0
      vertex 5.8264 0.662623 0
    endloop
  endfacet
  facet normal 0 0 -1
    outer loop
      vertex 3.14789 0.808242 0
      vertex 5.8264 0.662623 0
      vertex 5.75655 0.447641 0
    endloop
  endfacet
  facet normal 0 0 -1
    outer loop
      vertex 3.22437 0.407332 0
      vertex 5.75655 0.447641 0
      vertex 5.71419 0.225599 0
    endloop
  endfacet
  facet normal 0 0 -1
    outer loop
      vertex 7.61302 1.79645 0
      vertex 5.69554 11.5717 0
      vertex 6.66698 11.8699 0
    endloop
  endfacet
  facet normal 0 0 -1
    outer loop
      vertex 3.25 0 0
      vertex 5.71419 0.225599 0
      vertex 5.7 0 0
    endloop
  endfacet
  facet normal -0 0 -1
    outer loop
      vertex 5.92265 0.867156 0
      vertex 3.14789 0.808242 0
      vertex 3.02177 1.1964 0
    endloop
  endfacet
  facet normal 0 0 -1
    outer loop
      vertex 6.04377 1.05801 0
      vertex 3.02177 1.1964 0
      vertex 2.848 1.5657 0
    endloop
  endfacet
  facet normal 0 0 -1
    outer loop
      vertex 6.18786 1.23218 0
      vertex 2.848 1.5657 0
      vertex 2.6293 1.9103 0
    endloop
  endfacet
  facet normal 0 0 -1
    outer loop
      vertex 6.53551 1.51979 0
      vertex 2.6293 1.9103 0
      vertex 2.36915 2.22478 0
    endloop
  endfacet
  facet normal 0 0 -1
    outer loop
      vertex 6.7336 1.62869 0
      vertex 2.36915 2.22478 0
      vertex 2.07163 2.50417 0
    endloop
  endfacet
  facet normal 0 0 -1
    outer loop
      vertex 6.94377 1.7119 0
      vertex 2.07163 2.50417 0
      vertex 4.61604 11.3398 0
    endloop
  endfacet
  facet normal 0 0 -1
    outer loop
      vertex 1.74144 2.74407 0
      vertex 4.61604 11.3398 0
      vertex 2.07163 2.50417 0
    endloop
  endfacet
  facet normal 0 0 -1
    outer loop
      vertex 4.61604 11.3398 0
      vertex 1.74144 2.74407 0
      vertex 3.42848 11.1741 0
    endloop
  endfacet
  facet normal 0 0 -1
    outer loop
      vertex 1.38378 2.94069 0
      vertex 3.42848 11.1741 0
      vertex 1.74144 2.74407 0
    endloop
  endfacet
  facet normal 0 0 -1
    outer loop
      vertex 3.42848 11.1741 0
      vertex 1.38378 2.94069 0
      vertex 2.13284 11.0747 0
    endloop
  endfacet
  facet normal 0 0 -1
    outer loop
      vertex 1.0043 3.09093 0
      vertex 2.13284 11.0747 0
      vertex 1.38378 2.94069 0
    endloop
  endfacet
  facet normal 0 0 -1
    outer loop
      vertex 0.608989 3.19243 0
      vertex 2.13284 11.0747 0
      vertex 1.0043 3.09093 0
    endloop
  endfacet
  facet normal 0 0 -1
    outer loop
      vertex 2.13284 11.0747 0
      vertex 0.608989 3.19243 0
      vertex 0.729156 11.0416 0
    endloop
  endfacet
  facet normal 0 0 -1
    outer loop
      vertex 0.204069 3.24359 0
      vertex 0.729156 11.0416 0
      vertex 0.608989 3.19243 0
    endloop
  endfacet
  facet normal 0 0 -1
    outer loop
      vertex -0.204069 3.24359 0
      vertex 0.729156 11.0416 0
      vertex 0.204069 3.24359 0
    endloop
  endfacet
  facet normal 0 0 -1
    outer loop
      vertex -0.630768 11.0846 0
      vertex -0.204069 3.24359 0
      vertex -0.608989 3.19243 0
    endloop
  endfacet
  facet normal 0 0 -1
    outer loop
      vertex -0.204069 3.24359 0
      vertex -0.630768 11.0846 0
      vertex 0.729156 11.0416 0
    endloop
  endfacet
  facet normal 0 0 -1
    outer loop
      vertex -1.90553 11.2136 0
      vertex -0.608989 3.19243 0
      vertex -1.0043 3.09093 0
    endloop
  endfacet
  facet normal 0 0 -1
    outer loop
      vertex -1.90553 11.2136 0
      vertex -1.0043 3.09093 0
      vertex -1.38378 2.94069 0
    endloop
  endfacet
  facet normal 0 0 -1
    outer loop
      vertex -3.09512 11.4286 0
      vertex -1.38378 2.94069 0
      vertex -1.74144 2.74407 0
    endloop
  endfacet
  facet normal 0 0 -1
    outer loop
      vertex -0.608989 3.19243 0
      vertex -1.90553 11.2136 0
      vertex -0.630768 11.0846 0
    endloop
  endfacet
  facet normal 0 0 -1
    outer loop
      vertex -3.09512 11.4286 0
      vertex -1.74144 2.74407 0
      vertex -2.07163 2.50417 0
    endloop
  endfacet
  facet normal 0 0 -1
    outer loop
      vertex -6.7336 1.62869 0
      vertex -2.07163 2.50417 0
      vertex -2.36915 2.22478 0
    endloop
  endfacet
  facet normal 0 0 -1
    outer loop
      vertex -6.53551 1.51979 0
      vertex -2.36915 2.22478 0
      vertex -2.6293 1.9103 0
    endloop
  endfacet
  facet normal 0 0 -1
    outer loop
      vertex -6.18786 1.23218 0
      vertex -2.6293 1.9103 0
      vertex -2.848 1.5657 0
    endloop
  endfacet
  facet normal 0 0 -1
    outer loop
      vertex -6.04377 1.05801 0
      vertex -2.848 1.5657 0
      vertex -3.02177 1.1964 0
    endloop
  endfacet
  facet normal 0 0 -1
    outer loop
      vertex -1.38378 2.94069 0
      vertex -3.09512 11.4286 0
      vertex -1.90553 11.2136 0
    endloop
  endfacet
  facet normal 0 0 -1
    outer loop
      vertex -5.92265 0.867156 0
      vertex -3.02177 1.1964 0
      vertex -3.14789 0.808242 0
    endloop
  endfacet
  facet normal 0 0 -1
    outer loop
      vertex -5.75655 0.447641 0
      vertex -3.14789 0.808242 0
      vertex -3.22437 0.407332 0
    endloop
  endfacet
  facet normal 0 0 -1
    outer loop
      vertex -5.71419 0.225599 0
      vertex -3.22437 0.407332 0
      vertex -3.25 0 0
    endloop
  endfacet
  facet normal 0 0 -1
    outer loop
      vertex -2.6293 1.9103 0
      vertex -6.35264 1.38692 0
      vertex -6.53551 1.51979 0
    endloop
  endfacet
  facet normal 0 0 -1
    outer loop
      vertex -3.14789 0.808242 0
      vertex -5.75655 0.447641 0
      vertex -5.8264 0.662623 0
    endloop
  endfacet
  facet normal -0 0 -1
    outer loop
      vertex -3.14789 0.808242 0
      vertex -5.8264 0.662623 0
      vertex -5.92265 0.867156 0
    endloop
  endfacet
  facet normal 0 0 -1
    outer loop
      vertex -3.02177 1.1964 0
      vertex -5.92265 0.867156 0
      vertex -6.04377 1.05801 0
    endloop
  endfacet
  facet normal 0 0 -1
    outer loop
      vertex -2.848 1.5657 0
      vertex -6.04377 1.05801 0
      vertex -6.18786 1.23218 0
    endloop
  endfacet
  facet normal 0 0 -1
    outer loop
      vertex -2.6293 1.9103 0
      vertex -6.18786 1.23218 0
      vertex -6.35264 1.38692 0
    endloop
  endfacet
  facet normal 0 0 -1
    outer loop
      vertex -2.36915 2.22478 0
      vertex -6.53551 1.51979 0
      vertex -6.7336 1.62869 0
    endloop
  endfacet
  facet normal 0 0 -1
    outer loop
      vertex -2.07163 2.50417 0
      vertex -6.7336 1.62869 0
      vertex -6.94377 1.7119 0
    endloop
  endfacet
  facet normal -0 0 -1
    outer loop
      vertex -2.07163 2.50417 0
      vertex -6.94377 1.7119 0
      vertex -4.19954 11.7295 0
    endloop
  endfacet
  facet normal 0 0 -1
    outer loop
      vertex -2.07163 2.50417 0
      vertex -4.19954 11.7295 0
      vertex -3.09512 11.4286 0
    endloop
  endfacet
  facet normal 0 0 -1
    outer loop
      vertex -7.16271 1.76812 0
      vertex -4.19954 11.7295 0
      vertex -6.94377 1.7119 0
    endloop
  endfacet
  facet normal -0 0 -1
    outer loop
      vertex -4.19954 11.7295 0
      vertex -7.16271 1.76812 0
      vertex -5.21878 12.1165 0
    endloop
  endfacet
  facet normal 0 0 -1
    outer loop
      vertex -7.38698 1.79645 0
      vertex -5.21878 12.1165 0
      vertex -7.16271 1.76812 0
    endloop
  endfacet
  facet normal 0 0 -1
    outer loop
      vertex -7.61302 1.79645 0
      vertex -5.21878 12.1165 0
      vertex -7.38698 1.79645 0
    endloop
  endfacet
  facet normal -0 0 -1
    outer loop
      vertex -5.21878 12.1165 0
      vertex -7.61302 1.79645 0
      vertex -6.15285 12.5894 0
    endloop
  endfacet
  facet normal 0 0 -1
    outer loop
      vertex -7.83729 1.76812 0
      vertex -6.15285 12.5894 0
      vertex -7.61302 1.79645 0
    endloop
  endfacet
  facet normal 0 0 -1
    outer loop
      vertex -15.2689 6.99013 0
      vertex -6.15285 12.5894 0
      vertex -7.83729 1.76812 0
    endloop
  endfacet
  facet normal -0 0 -1
    outer loop
      vertex -6.15285 12.5894 0
      vertex -15.2689 6.99013 0
      vertex -7.00174 13.1483 0
    endloop
  endfacet
  facet normal 0 0 -1
    outer loop
      vertex -15.2689 6.99013 0
      vertex -7.83729 1.76812 0
      vertex -8.05623 1.7119 0
    endloop
  endfacet
  facet normal 0 0 -1
    outer loop
      vertex -12.9284 2.50417 0
      vertex -8.05623 1.7119 0
      vertex -8.2664 1.62869 0
    endloop
  endfacet
  facet normal -0 0 -1
    outer loop
      vertex -7.00174 13.1483 0
      vertex -15.2689 6.99013 0
      vertex -7.76845 13.7814 0
    endloop
  endfacet
  facet normal 0 0 -1
    outer loop
      vertex -12.6309 2.22478 0
      vertex -8.2664 1.62869 0
      vertex -8.46449 1.51979 0
    endloop
  endfacet
  facet normal 0 0 -1
    outer loop
      vertex -12.3707 1.9103 0
      vertex -8.46449 1.51979 0
      vertex -8.64736 1.38692 0
    endloop
  endfacet
  facet normal 0 0 -1
    outer loop
      vertex -12.3707 1.9103 0
      vertex -8.64736 1.38692 0
      vertex -8.81214 1.23218 0
    endloop
  endfacet
  facet normal 0 0 -1
    outer loop
      vertex -12.152 1.5657 0
      vertex -8.81214 1.23218 0
      vertex -8.95623 1.05801 0
    endloop
  endfacet
  facet normal -0 0 -1
    outer loop
      vertex -7.76845 13.7814 0
      vertex -15.2689 6.99013 0
      vertex -8.4563 14.4768 0
    endloop
  endfacet
  facet normal 0 0 -1
    outer loop
      vertex -11.9782 1.1964 0
      vertex -8.95623 1.05801 0
      vertex -9.07735 0.867156 0
    endloop
  endfacet
  facet normal 0 0 -1
    outer loop
      vertex -11.8521 0.808242 0
      vertex -9.07735 0.867156 0
      vertex -9.1736 0.662623 0
    endloop
  endfacet
  facet normal 0 0 -1
    outer loop
      vertex -11.8521 0.808242 0
      vertex -9.1736 0.662623 0
      vertex -9.24345 0.447641 0
    endloop
  endfacet
  facet normal 0 0 -1
    outer loop
      vertex -11.7756 0.407332 0
      vertex -9.24345 0.447641 0
      vertex -9.28581 0.225599 0
    endloop
  endfacet
  facet normal 0 0 -1
    outer loop
      vertex -11.75 0 0
      vertex -9.28581 0.225599 0
      vertex -9.3 0 0
    endloop
  endfacet
  facet normal 0 0 -1
    outer loop
      vertex -8.2664 1.62869 0
      vertex -12.6309 2.22478 0
      vertex -12.9284 2.50417 0
    endloop
  endfacet
  facet normal 0 0 -1
    outer loop
      vertex 33.0218 -1.1964 0
      vertex 37 -2 0
      vertex 36.9606 -2.62667 0
    endloop
  endfacet
  facet normal 0 0 -1
    outer loop
      vertex 37 -2 0
      vertex 33.25 0 0
      vertex 37 2 0
    endloop
  endfacet
  facet normal 0 0 -1
    outer loop
      vertex 32.848 -1.5657 0
      vertex 36.9606 -2.62667 0
      vertex 36.8429 -3.24345 0
    endloop
  endfacet
  facet normal 0 0 -1
    outer loop
      vertex 33.2244 0.407332 0
      vertex 37 2 0
      vertex 33.25 0 0
    endloop
  endfacet
  facet normal 0 0 -1
    outer loop
      vertex 32.848 -1.5657 0
      vertex 36.8429 -3.24345 0
      vertex 36.6489 -3.84062 0
    endloop
  endfacet
  facet normal 0 0 -1
    outer loop
      vertex 33.1479 0.808242 0
      vertex 37 2 0
      vertex 33.2244 0.407332 0
    endloop
  endfacet
  facet normal 0 0 -1
    outer loop
      vertex 32.6293 -1.9103 0
      vertex 36.6489 -3.84062 0
      vertex 36.3815 -4.40877 0
    endloop
  endfacet
  facet normal 0 0 -1
    outer loop
      vertex 33.0218 1.1964 0
      vertex 37 2 0
      vertex 33.1479 0.808242 0
    endloop
  endfacet
  facet normal 0 0 -1
    outer loop
      vertex 32.6293 -1.9103 0
      vertex 36.3815 -4.40877 0
      vertex 36.0451 -4.93893 0
    endloop
  endfacet
  facet normal -0 0 -1
    outer loop
      vertex 37 2 0
      vertex 33.0218 1.1964 0
      vertex 36.9606 2.62667 0
    endloop
  endfacet
  facet normal 0 0 -1
    outer loop
      vertex 32.3691 -2.22478 0
      vertex 36.0451 -4.93893 0
      vertex 35.6448 -5.42274 0
    endloop
  endfacet
  facet normal 0 0 -1
    outer loop
      vertex 32.848 1.5657 0
      vertex 36.9606 2.62667 0
      vertex 33.0218 1.1964 0
    endloop
  endfacet
  facet normal 0 0 -1
    outer loop
      vertex 32.3691 -2.22478 0
      vertex 35.6448 -5.42274 0
      vertex 35.1871 -5.85257 0
    endloop
  endfacet
  facet normal -0 0 -1
    outer loop
      vertex 36.9606 2.62667 0
      vertex 32.848 1.5657 0
      vertex 36.8429 3.24345 0
    endloop
  endfacet
  facet normal 0 0 -1
    outer loop
      vertex 32.0716 -2.50417 0
      vertex 35.1871 -5.85257 0
      vertex 34.6791 -6.22164 0
    endloop
  endfacet
  facet normal -0 0 -1
    outer loop
      vertex 36.8429 3.24345 0
      vertex 32.848 1.5657 0
      vertex 36.6489 3.84062 0
    endloop
  endfacet
  facet normal 0 0 -1
    outer loop
      vertex 32.0716 -2.50417 0
      vertex 34.6791 -6.22164 0
      vertex 34.1289 -6.52413 0
    endloop
  endfacet
  facet normal 0 0 -1
    outer loop
      vertex 32.6293 1.9103 0
      vertex 36.6489 3.84062 0
      vertex 32.848 1.5657 0
    endloop
  endfacet
  facet normal 0 0 -1
    outer loop
      vertex 31.7414 -2.74407 0
      vertex 34.1289 -6.52413 0
      vertex 33.5451 -6.75528 0
    endloop
  endfacet
  facet normal -0 0 -1
    outer loop
      vertex 36.6489 3.84062 0
      vertex 32.6293 1.9103 0
      vertex 36.3815 4.40877 0
    endloop
  endfacet
  facet normal -0 0 -1
    outer loop
      vertex 36.3815 4.40877 0
      vertex 32.6293 1.9103 0
      vertex 36.0451 4.93893 0
    endloop
  endfacet
  facet normal 0 0 -1
    outer loop
      vertex 37 -2 0
      vertex 33.2244 -0.407332 0
      vertex 33.25 0 0
    endloop
  endfacet
  facet normal 0 0 -1
    outer loop
      vertex 37 -2 0
      vertex 33.1479 -0.808242 0
      vertex 33.2244 -0.407332 0
    endloop
  endfacet
  facet normal 0 0 -1
    outer loop
      vertex 37 -2 0
      vertex 33.0218 -1.1964 0
      vertex 33.1479 -0.808242 0
    endloop
  endfacet
  facet normal 0 0 -1
    outer loop
      vertex 31.7414 -2.74407 0
      vertex 33.5451 -6.75528 0
      vertex 32.9369 -6.91144 0
    endloop
  endfacet
  facet normal 0 0 -1
    outer loop
      vertex 36.9606 -2.62667 0
      vertex 32.848 -1.5657 0
      vertex 33.0218 -1.1964 0
    endloop
  endfacet
  facet normal 0 0 -1
    outer loop
      vertex 36.6489 -3.84062 0
      vertex 32.6293 -1.9103 0
      vertex 32.848 -1.5657 0
    endloop
  endfacet
  facet normal 0 0 -1
    outer loop
      vertex 36.0451 -4.93893 0
      vertex 32.3691 -2.22478 0
      vertex 32.6293 -1.9103 0
    endloop
  endfacet
  facet normal 0 0 -1
    outer loop
      vertex 31.3838 -2.94069 0
      vertex 32.9369 -6.91144 0
      vertex 32.314 -6.99013 0
    endloop
  endfacet
  facet normal 0 0 -1
    outer loop
      vertex 35.1871 -5.85257 0
      vertex 32.0716 -2.50417 0
      vertex 32.3691 -2.22478 0
    endloop
  endfacet
  facet normal 0 0 -1
    outer loop
      vertex 34.1289 -6.52413 0
      vertex 31.7414 -2.74407 0
      vertex 32.0716 -2.50417 0
    endloop
  endfacet
  facet normal 0 0 -1
    outer loop
      vertex 32.9369 -6.91144 0
      vertex 31.3838 -2.94069 0
      vertex 31.7414 -2.74407 0
    endloop
  endfacet
  facet normal 0 0 -1
    outer loop
      vertex 32.314 -6.99013 0
      vertex 31.0043 -3.09093 0
      vertex 31.3838 -2.94069 0
    endloop
  endfacet
  facet normal 0 0 -1
    outer loop
      vertex 32.314 -6.99013 0
      vertex 30.609 -3.19243 0
      vertex 31.0043 -3.09093 0
    endloop
  endfacet
  facet normal 0 0 -1
    outer loop
      vertex 32.314 -6.99013 0
      vertex 30.2041 -3.24359 0
      vertex 30.609 -3.19243 0
    endloop
  endfacet
  facet normal 0 0 -1
    outer loop
      vertex 32.314 -6.99013 0
      vertex 29.7959 -3.24359 0
      vertex 30.2041 -3.24359 0
    endloop
  endfacet
  facet normal 0 0 -1
    outer loop
      vertex 32.314 -6.99013 0
      vertex 29.391 -3.19243 0
      vertex 29.7959 -3.24359 0
    endloop
  endfacet
  facet normal 0 0 -1
    outer loop
      vertex 32.314 -6.99013 0
      vertex 28.9957 -3.09093 0
      vertex 29.391 -3.19243 0
    endloop
  endfacet
  facet normal 0 0 -1
    outer loop
      vertex 32.314 -6.99013 0
      vertex 28.6162 -2.94069 0
      vertex 28.9957 -3.09093 0
    endloop
  endfacet
  facet normal 0 0 -1
    outer loop
      vertex 32.314 -6.99013 0
      vertex 28.2586 -2.74407 0
      vertex 28.6162 -2.94069 0
    endloop
  endfacet
  facet normal 0 0 -1
    outer loop
      vertex 22.8373 -1.76812 0
      vertex 28.2586 -2.74407 0
      vertex 32.314 -6.99013 0
    endloop
  endfacet
  facet normal 0 -0 -1
    outer loop
      vertex 23.0562 -1.7119 0
      vertex 28.2586 -2.74407 0
      vertex 22.8373 -1.76812 0
    endloop
  endfacet
  facet normal 0 0 -1
    outer loop
      vertex 24.2858 -0.225599 0
      vertex 26.75 0 0
      vertex 26.7756 -0.407332 0
    endloop
  endfacet
  facet normal 0 0 -1
    outer loop
      vertex 24.2435 -0.447641 0
      vertex 26.7756 -0.407332 0
      vertex 26.8521 -0.808242 0
    endloop
  endfacet
  facet normal 0 0 -1
    outer loop
      vertex 24.0774 -0.867156 0
      vertex 26.8521 -0.808242 0
      vertex 26.9782 -1.1964 0
    endloop
  endfacet
  facet normal 0 0 -1
    outer loop
      vertex 23.9562 -1.05801 0
      vertex 26.9782 -1.1964 0
      vertex 27.152 -1.5657 0
    endloop
  endfacet
  facet normal 0 0 -1
    outer loop
      vertex 23.8121 -1.23218 0
      vertex 27.152 -1.5657 0
      vertex 27.3707 -1.9103 0
    endloop
  endfacet
  facet normal 0 0 -1
    outer loop
      vertex 23.4645 -1.51979 0
      vertex 27.3707 -1.9103 0
      vertex 27.6309 -2.22478 0
    endloop
  endfacet
  facet normal 0 0 -1
    outer loop
      vertex 28.2586 -2.74407 0
      vertex 23.0562 -1.7119 0
      vertex 27.9284 -2.50417 0
    endloop
  endfacet
  facet normal -0 0 -1
    outer loop
      vertex 26.75 0 0
      vertex 24.2858 -0.225599 0
      vertex 24.3 0 0
    endloop
  endfacet
  facet normal -0 0 -1
    outer loop
      vertex 26.7756 -0.407332 0
      vertex 24.2435 -0.447641 0
      vertex 24.2858 -0.225599 0
    endloop
  endfacet
  facet normal 0 0 -1
    outer loop
      vertex 26.8521 -0.808242 0
      vertex 24.1736 -0.662623 0
      vertex 24.2435 -0.447641 0
    endloop
  endfacet
  facet normal -0 0 -1
    outer loop
      vertex 26.8521 -0.808242 0
      vertex 24.0774 -0.867156 0
      vertex 24.1736 -0.662623 0
    endloop
  endfacet
  facet normal 0 0 -1
    outer loop
      vertex 26.9782 -1.1964 0
      vertex 23.9562 -1.05801 0
      vertex 24.0774 -0.867156 0
    endloop
  endfacet
  facet normal 0 0 -1
    outer loop
      vertex 27.152 -1.5657 0
      vertex 23.8121 -1.23218 0
      vertex 23.9562 -1.05801 0
    endloop
  endfacet
  facet normal 0 0 -1
    outer loop
      vertex 27.3707 -1.9103 0
      vertex 23.6474 -1.38692 0
      vertex 23.8121 -1.23218 0
    endloop
  endfacet
  facet normal 0 0 -1
    outer loop
      vertex 27.3707 -1.9103 0
      vertex 23.4645 -1.51979 0
      vertex 23.6474 -1.38692 0
    endloop
  endfacet
  facet normal 0 0 -1
    outer loop
      vertex 27.6309 -2.22478 0
      vertex 23.2664 -1.62869 0
      vertex 23.4645 -1.51979 0
    endloop
  endfacet
  facet normal 0 0 -1
    outer loop
      vertex 27.9284 -2.50417 0
      vertex 23.2664 -1.62869 0
      vertex 27.6309 -2.22478 0
    endloop
  endfacet
  facet normal 0 -0 -1
    outer loop
      vertex 23.2664 -1.62869 0
      vertex 27.9284 -2.50417 0
      vertex 23.0562 -1.7119 0
    endloop
  endfacet
  facet normal 0 0 -1
    outer loop
      vertex 32.314 -6.99013 0
      vertex 22.613 -1.79645 0
      vertex 22.8373 -1.76812 0
    endloop
  endfacet
  facet normal 0 0 -1
    outer loop
      vertex 32.314 -6.99013 0
      vertex 22.387 -1.79645 0
      vertex 22.613 -1.79645 0
    endloop
  endfacet
  facet normal 0 0 -1
    outer loop
      vertex 16.3838 -2.94069 0
      vertex 22.387 -1.79645 0
      vertex 32.314 -6.99013 0
    endloop
  endfacet
  facet normal -0 0 -1
    outer loop
      vertex 22.387 -1.79645 0
      vertex 16.3838 -2.94069 0
      vertex 22.1627 -1.76812 0
    endloop
  endfacet
  facet normal 0 -0 -1
    outer loop
      vertex 16.7414 -2.74407 0
      vertex 22.1627 -1.76812 0
      vertex 16.3838 -2.94069 0
    endloop
  endfacet
  facet normal 0 0 -1
    outer loop
      vertex 20.7142 -0.225599 0
      vertex 18.25 0 0
      vertex 20.7 0 0
    endloop
  endfacet
  facet normal 0 0 -1
    outer loop
      vertex 18.2244 -0.407332 0
      vertex 20.7142 -0.225599 0
      vertex 20.7565 -0.447641 0
    endloop
  endfacet
  facet normal 0 0 -1
    outer loop
      vertex 18.1479 -0.808242 0
      vertex 20.7565 -0.447641 0
      vertex 20.8264 -0.662623 0
    endloop
  endfacet
  facet normal 0 0 -1
    outer loop
      vertex 18.1479 -0.808242 0
      vertex 20.8264 -0.662623 0
      vertex 20.9226 -0.867156 0
    endloop
  endfacet
  facet normal 0 0 -1
    outer loop
      vertex 18.0218 -1.1964 0
      vertex 20.9226 -0.867156 0
      vertex 21.0438 -1.05801 0
    endloop
  endfacet
  facet normal 0 0 -1
    outer loop
      vertex 17.848 -1.5657 0
      vertex 21.0438 -1.05801 0
      vertex 21.1879 -1.23218 0
    endloop
  endfacet
  facet normal 0 0 -1
    outer loop
      vertex 17.6293 -1.9103 0
      vertex 21.1879 -1.23218 0
      vertex 21.3526 -1.38692 0
    endloop
  endfacet
  facet normal 0 0 -1
    outer loop
      vertex 17.6293 -1.9103 0
      vertex 21.3526 -1.38692 0
      vertex 21.5355 -1.51979 0
    endloop
  endfacet
  facet normal 0 0 -1
    outer loop
      vertex 17.3691 -2.22478 0
      vertex 21.5355 -1.51979 0
      vertex 21.7336 -1.62869 0
    endloop
  endfacet
  facet normal -0 0 -1
    outer loop
      vertex 22.1627 -1.76812 0
      vertex 16.7414 -2.74407 0
      vertex 21.9438 -1.7119 0
    endloop
  endfacet
  facet normal -0 0 -1
    outer loop
      vertex 20.7142 -0.225599 0
      vertex 18.2244 -0.407332 0
      vertex 18.25 0 0
    endloop
  endfacet
  facet normal -0 0 -1
    outer loop
      vertex 20.7565 -0.447641 0
      vertex 18.1479 -0.808242 0
      vertex 18.2244 -0.407332 0
    endloop
  endfacet
  facet normal -0 0 -1
    outer loop
      vertex 20.9226 -0.867156 0
      vertex 18.0218 -1.1964 0
      vertex 18.1479 -0.808242 0
    endloop
  endfacet
  facet normal 0 0 -1
    outer loop
      vertex 21.0438 -1.05801 0
      vertex 17.848 -1.5657 0
      vertex 18.0218 -1.1964 0
    endloop
  endfacet
  facet normal 0 0 -1
    outer loop
      vertex 21.1879 -1.23218 0
      vertex 17.6293 -1.9103 0
      vertex 17.848 -1.5657 0
    endloop
  endfacet
  facet normal 0 0 -1
    outer loop
      vertex 21.5355 -1.51979 0
      vertex 17.3691 -2.22478 0
      vertex 17.6293 -1.9103 0
    endloop
  endfacet
  facet normal 0 0 -1
    outer loop
      vertex 21.7336 -1.62869 0
      vertex 17.0716 -2.50417 0
      vertex 17.3691 -2.22478 0
    endloop
  endfacet
  facet normal -0 0 -1
    outer loop
      vertex 21.9438 -1.7119 0
      vertex 17.0716 -2.50417 0
      vertex 21.7336 -1.62869 0
    endloop
  endfacet
  facet normal 0 -0 -1
    outer loop
      vertex 17.0716 -2.50417 0
      vertex 21.9438 -1.7119 0
      vertex 16.7414 -2.74407 0
    endloop
  endfacet
  facet normal 0 0 -1
    outer loop
      vertex 32.314 -6.99013 0
      vertex 16.0043 -3.09093 0
      vertex 16.3838 -2.94069 0
    endloop
  endfacet
  facet normal 0 0 -1
    outer loop
      vertex 32.314 -6.99013 0
      vertex 15.609 -3.19243 0
      vertex 16.0043 -3.09093 0
    endloop
  endfacet
  facet normal 0 0 -1
    outer loop
      vertex 32.314 -6.99013 0
      vertex 15.2041 -3.24359 0
      vertex 15.609 -3.19243 0
    endloop
  endfacet
  facet normal 0 0 -1
    outer loop
      vertex 32.314 -6.99013 0
      vertex 14.7959 -3.24359 0
      vertex 15.2041 -3.24359 0
    endloop
  endfacet
  facet normal 0 0 -1
    outer loop
      vertex 0.204069 -3.24359 0
      vertex 14.7959 -3.24359 0
      vertex 32.314 -6.99013 0
    endloop
  endfacet
  facet normal 0 0 -1
    outer loop
      vertex 21.7184 16.3307 0
      vertex 10.69 16.7831 0
      vertex 10.7401 17.7289 0
    endloop
  endfacet
  facet normal 0 0 -1
    outer loop
      vertex 9.28581 -0.225599 0
      vertex 11.75 0 0
      vertex 11.7756 -0.407332 0
    endloop
  endfacet
  facet normal 0 0 -1
    outer loop
      vertex 11.7756 0.407332 0
      vertex 10.5397 15.9114 0
      vertex 10.69 16.7831 0
    endloop
  endfacet
  facet normal 0 0 -1
    outer loop
      vertex 11.7756 0.407332 0
      vertex 10.2892 15.1139 0
      vertex 10.5397 15.9114 0
    endloop
  endfacet
  facet normal 0 0 -1
    outer loop
      vertex 11.7756 0.407332 0
      vertex 9.93861 14.3905 0
      vertex 10.2892 15.1139 0
    endloop
  endfacet
  facet normal 0 0 -1
    outer loop
      vertex 11.7756 0.407332 0
      vertex 9.48781 13.7412 0
      vertex 9.93861 14.3905 0
    endloop
  endfacet
  facet normal 0 0 -1
    outer loop
      vertex 11.75 0 0
      vertex 9.28581 0.225599 0
      vertex 11.7756 0.407332 0
    endloop
  endfacet
  facet normal 0 0 -1
    outer loop
      vertex 9.24345 -0.447641 0
      vertex 11.7756 -0.407332 0
      vertex 11.8521 -0.808242 0
    endloop
  endfacet
  facet normal 0 0 -1
    outer loop
      vertex 9.07735 -0.867156 0
      vertex 11.8521 -0.808242 0
      vertex 11.9782 -1.1964 0
    endloop
  endfacet
  facet normal 0 0 -1
    outer loop
      vertex 8.95623 -1.05801 0
      vertex 11.9782 -1.1964 0
      vertex 12.152 -1.5657 0
    endloop
  endfacet
  facet normal 0 0 -1
    outer loop
      vertex 8.81214 -1.23218 0
      vertex 12.152 -1.5657 0
      vertex 12.3707 -1.9103 0
    endloop
  endfacet
  facet normal 0 0 -1
    outer loop
      vertex 8.46449 -1.51979 0
      vertex 12.3707 -1.9103 0
      vertex 12.6309 -2.22478 0
    endloop
  endfacet
  facet normal 0 0 -1
    outer loop
      vertex 8.2664 -1.62869 0
      vertex 12.6309 -2.22478 0
      vertex 12.9284 -2.50417 0
    endloop
  endfacet
  facet normal 0 0 -1
    outer loop
      vertex 8.05623 -1.7119 0
      vertex 12.9284 -2.50417 0
      vertex 13.2586 -2.74407 0
    endloop
  endfacet
  facet normal -0 0 -1
    outer loop
      vertex 11.75 0 0
      vertex 9.28581 -0.225599 0
      vertex 9.3 0 0
    endloop
  endfacet
  facet normal -0 0 -1
    outer loop
      vertex 11.7756 -0.407332 0
      vertex 9.24345 -0.447641 0
      vertex 9.28581 -0.225599 0
    endloop
  endfacet
  facet normal 0 0 -1
    outer loop
      vertex 11.8521 -0.808242 0
      vertex 9.1736 -0.662623 0
      vertex 9.24345 -0.447641 0
    endloop
  endfacet
  facet normal 0 0 -1
    outer loop
      vertex 7.83729 -1.76812 0
      vertex 13.2586 -2.74407 0
      vertex 13.6162 -2.94069 0
    endloop
  endfacet
  facet normal -0 0 -1
    outer loop
      vertex 11.8521 -0.808242 0
      vertex 9.07735 -0.867156 0
      vertex 9.1736 -0.662623 0
    endloop
  endfacet
  facet normal 0 0 -1
    outer loop
      vertex 11.9782 -1.1964 0
      vertex 8.95623 -1.05801 0
      vertex 9.07735 -0.867156 0
    endloop
  endfacet
  facet normal 0 0 -1
    outer loop
      vertex 12.152 -1.5657 0
      vertex 8.81214 -1.23218 0
      vertex 8.95623 -1.05801 0
    endloop
  endfacet
  facet normal 0 0 -1
    outer loop
      vertex 7.61302 -1.79645 0
      vertex 13.6162 -2.94069 0
      vertex 13.9957 -3.09093 0
    endloop
  endfacet
  facet normal 0 0 -1
    outer loop
      vertex 12.3707 -1.9103 0
      vertex 8.64736 -1.38692 0
      vertex 8.81214 -1.23218 0
    endloop
  endfacet
  facet normal 0 0 -1
    outer loop
      vertex 12.3707 -1.9103 0
      vertex 8.46449 -1.51979 0
      vertex 8.64736 -1.38692 0
    endloop
  endfacet
  facet normal 0 0 -1
    outer loop
      vertex 12.6309 -2.22478 0
      vertex 8.2664 -1.62869 0
      vertex 8.46449 -1.51979 0
    endloop
  endfacet
  facet normal 0 0 -1
    outer loop
      vertex 1.0043 -3.09093 0
      vertex 13.9957 -3.09093 0
      vertex 14.391 -3.19243 0
    endloop
  endfacet
  facet normal 0 0 -1
    outer loop
      vertex 12.9284 -2.50417 0
      vertex 8.05623 -1.7119 0
      vertex 8.2664 -1.62869 0
    endloop
  endfacet
  facet normal 0 0 -1
    outer loop
      vertex 13.2586 -2.74407 0
      vertex 7.83729 -1.76812 0
      vertex 8.05623 -1.7119 0
    endloop
  endfacet
  facet normal 0 0 -1
    outer loop
      vertex 13.6162 -2.94069 0
      vertex 7.61302 -1.79645 0
      vertex 7.83729 -1.76812 0
    endloop
  endfacet
  facet normal 0 0 -1
    outer loop
      vertex 14.7959 -3.24359 0
      vertex 0.204069 -3.24359 0
      vertex 14.391 -3.19243 0
    endloop
  endfacet
  facet normal 0 0 -1
    outer loop
      vertex 13.9957 -3.09093 0
      vertex 1.0043 -3.09093 0
      vertex 7.61302 -1.79645 0
    endloop
  endfacet
  facet normal -0 0 -1
    outer loop
      vertex 7.61302 -1.79645 0
      vertex 1.0043 -3.09093 0
      vertex 7.38698 -1.79645 0
    endloop
  endfacet
  facet normal 0 0 -1
    outer loop
      vertex 7.16271 1.76812 0
      vertex 4.61604 11.3398 0
      vertex 5.69554 11.5717 0
    endloop
  endfacet
  facet normal 0 0 -1
    outer loop
      vertex 3.25 0 0
      vertex 5.7 0 0
      vertex 5.71419 -0.225599 0
    endloop
  endfacet
  facet normal -0 0 -1
    outer loop
      vertex 5.71419 0.225599 0
      vertex 3.25 0 0
      vertex 3.22437 0.407332 0
    endloop
  endfacet
  facet normal 0 0 -1
    outer loop
      vertex 3.22437 -0.407332 0
      vertex 5.71419 -0.225599 0
      vertex 5.75655 -0.447641 0
    endloop
  endfacet
  facet normal -0 0 -1
    outer loop
      vertex 5.75655 0.447641 0
      vertex 3.22437 0.407332 0
      vertex 3.14789 0.808242 0
    endloop
  endfacet
  facet normal 0 0 -1
    outer loop
      vertex 3.14789 -0.808242 0
      vertex 5.75655 -0.447641 0
      vertex 5.8264 -0.662623 0
    endloop
  endfacet
  facet normal 0 0 -1
    outer loop
      vertex 3.14789 -0.808242 0
      vertex 5.8264 -0.662623 0
      vertex 5.92265 -0.867156 0
    endloop
  endfacet
  facet normal 0 0 -1
    outer loop
      vertex 3.02177 -1.1964 0
      vertex 5.92265 -0.867156 0
      vertex 6.04377 -1.05801 0
    endloop
  endfacet
  facet normal 0 0 -1
    outer loop
      vertex 2.848 -1.5657 0
      vertex 6.04377 -1.05801 0
      vertex 6.18786 -1.23218 0
    endloop
  endfacet
  facet normal 0 0 -1
    outer loop
      vertex 2.6293 -1.9103 0
      vertex 6.18786 -1.23218 0
      vertex 6.35264 -1.38692 0
    endloop
  endfacet
  facet normal 0 0 -1
    outer loop
      vertex 2.6293 -1.9103 0
      vertex 6.35264 -1.38692 0
      vertex 6.53551 -1.51979 0
    endloop
  endfacet
  facet normal 0 0 -1
    outer loop
      vertex 2.36915 -2.22478 0
      vertex 6.53551 -1.51979 0
      vertex 6.7336 -1.62869 0
    endloop
  endfacet
  facet normal -0 0 -1
    outer loop
      vertex 5.71419 -0.225599 0
      vertex 3.22437 -0.407332 0
      vertex 3.25 0 0
    endloop
  endfacet
  facet normal 0 0 -1
    outer loop
      vertex 2.07163 -2.50417 0
      vertex 6.7336 -1.62869 0
      vertex 6.94377 -1.7119 0
    endloop
  endfacet
  facet normal -0 0 -1
    outer loop
      vertex 5.75655 -0.447641 0
      vertex 3.14789 -0.808242 0
      vertex 3.22437 -0.407332 0
    endloop
  endfacet
  facet normal 0 0 -1
    outer loop
      vertex 1.74144 -2.74407 0
      vertex 6.94377 -1.7119 0
      vertex 7.16271 -1.76812 0
    endloop
  endfacet
  facet normal -0 0 -1
    outer loop
      vertex 5.92265 -0.867156 0
      vertex 3.02177 -1.1964 0
      vertex 3.14789 -0.808242 0
    endloop
  endfacet
  facet normal 0 -0 -1
    outer loop
      vertex 1.38378 -2.94069 0
      vertex 7.38698 -1.79645 0
      vertex 1.0043 -3.09093 0
    endloop
  endfacet
  facet normal 0 0 -1
    outer loop
      vertex 6.04377 -1.05801 0
      vertex 2.848 -1.5657 0
      vertex 3.02177 -1.1964 0
    endloop
  endfacet
  facet normal 0 0 -1
    outer loop
      vertex 6.18786 -1.23218 0
      vertex 2.6293 -1.9103 0
      vertex 2.848 -1.5657 0
    endloop
  endfacet
  facet normal 0 0 -1
    outer loop
      vertex 6.53551 -1.51979 0
      vertex 2.36915 -2.22478 0
      vertex 2.6293 -1.9103 0
    endloop
  endfacet
  facet normal 0 0 -1
    outer loop
      vertex 6.7336 -1.62869 0
      vertex 2.07163 -2.50417 0
      vertex 2.36915 -2.22478 0
    endloop
  endfacet
  facet normal 0 0 -1
    outer loop
      vertex 6.94377 -1.7119 0
      vertex 1.74144 -2.74407 0
      vertex 2.07163 -2.50417 0
    endloop
  endfacet
  facet normal 0 0 -1
    outer loop
      vertex 7.16271 -1.76812 0
      vertex 1.38378 -2.94069 0
      vertex 1.74144 -2.74407 0
    endloop
  endfacet
  facet normal -0 0 -1
    outer loop
      vertex 7.38698 -1.79645 0
      vertex 1.38378 -2.94069 0
      vertex 7.16271 -1.76812 0
    endloop
  endfacet
  facet normal 0 0 -1
    outer loop
      vertex 14.391 -3.19243 0
      vertex 0.608989 -3.19243 0
      vertex 1.0043 -3.09093 0
    endloop
  endfacet
  facet normal -0 0 -1
    outer loop
      vertex 14.391 -3.19243 0
      vertex 0.204069 -3.24359 0
      vertex 0.608989 -3.19243 0
    endloop
  endfacet
  facet normal 0 0 -1
    outer loop
      vertex 32.314 -6.99013 0
      vertex -0.204069 -3.24359 0
      vertex 0.204069 -3.24359 0
    endloop
  endfacet
  facet normal 0 0 -1
    outer loop
      vertex -5.71419 -0.225599 0
      vertex -3.25 0 0
      vertex -3.22437 -0.407332 0
    endloop
  endfacet
  facet normal 0 0 -1
    outer loop
      vertex -5.71419 0.225599 0
      vertex -3.25 0 0
      vertex -5.7 0 0
    endloop
  endfacet
  facet normal -0 0 -1
    outer loop
      vertex -3.22437 0.407332 0
      vertex -5.71419 0.225599 0
      vertex -5.75655 0.447641 0
    endloop
  endfacet
  facet normal 0 0 -1
    outer loop
      vertex -5.75655 -0.447641 0
      vertex -3.22437 -0.407332 0
      vertex -3.14789 -0.808242 0
    endloop
  endfacet
  facet normal 0 0 -1
    outer loop
      vertex -5.92265 -0.867156 0
      vertex -3.14789 -0.808242 0
      vertex -3.02177 -1.1964 0
    endloop
  endfacet
  facet normal 0 0 -1
    outer loop
      vertex -6.04377 -1.05801 0
      vertex -3.02177 -1.1964 0
      vertex -2.848 -1.5657 0
    endloop
  endfacet
  facet normal 0 0 -1
    outer loop
      vertex -6.18786 -1.23218 0
      vertex -2.848 -1.5657 0
      vertex -2.6293 -1.9103 0
    endloop
  endfacet
  facet normal 0 0 -1
    outer loop
      vertex -6.53551 -1.51979 0
      vertex -2.6293 -1.9103 0
      vertex -2.36915 -2.22478 0
    endloop
  endfacet
  facet normal 0 0 -1
    outer loop
      vertex -6.7336 -1.62869 0
      vertex -2.36915 -2.22478 0
      vertex -2.07163 -2.50417 0
    endloop
  endfacet
  facet normal 0 0 -1
    outer loop
      vertex -6.94377 -1.7119 0
      vertex -2.07163 -2.50417 0
      vertex -1.74144 -2.74407 0
    endloop
  endfacet
  facet normal -0 0 -1
    outer loop
      vertex -3.25 0 0
      vertex -5.71419 -0.225599 0
      vertex -5.7 0 0
    endloop
  endfacet
  facet normal -0 0 -1
    outer loop
      vertex -3.22437 -0.407332 0
      vertex -5.75655 -0.447641 0
      vertex -5.71419 -0.225599 0
    endloop
  endfacet
  facet normal 0 0 -1
    outer loop
      vertex -3.14789 -0.808242 0
      vertex -5.8264 -0.662623 0
      vertex -5.75655 -0.447641 0
    endloop
  endfacet
  facet normal 0 0 -1
    outer loop
      vertex -7.16271 -1.76812 0
      vertex -1.74144 -2.74407 0
      vertex -1.38378 -2.94069 0
    endloop
  endfacet
  facet normal -0 0 -1
    outer loop
      vertex -3.14789 -0.808242 0
      vertex -5.92265 -0.867156 0
      vertex -5.8264 -0.662623 0
    endloop
  endfacet
  facet normal 0 0 -1
    outer loop
      vertex -3.02177 -1.1964 0
      vertex -6.04377 -1.05801 0
      vertex -5.92265 -0.867156 0
    endloop
  endfacet
  facet normal 0 0 -1
    outer loop
      vertex -2.848 -1.5657 0
      vertex -6.18786 -1.23218 0
      vertex -6.04377 -1.05801 0
    endloop
  endfacet
  facet normal 0 0 -1
    outer loop
      vertex -7.38698 -1.79645 0
      vertex -1.38378 -2.94069 0
      vertex -1.0043 -3.09093 0
    endloop
  endfacet
  facet normal 0 0 -1
    outer loop
      vertex -2.6293 -1.9103 0
      vertex -6.35264 -1.38692 0
      vertex -6.18786 -1.23218 0
    endloop
  endfacet
  facet normal 0 0 -1
    outer loop
      vertex -2.6293 -1.9103 0
      vertex -6.53551 -1.51979 0
      vertex -6.35264 -1.38692 0
    endloop
  endfacet
  facet normal 0 0 -1
    outer loop
      vertex -2.36915 -2.22478 0
      vertex -6.7336 -1.62869 0
      vertex -6.53551 -1.51979 0
    endloop
  endfacet
  facet normal 0 0 -1
    outer loop
      vertex -13.9957 -3.09093 0
      vertex -1.0043 -3.09093 0
      vertex -0.608989 -3.19243 0
    endloop
  endfacet
  facet normal 0 0 -1
    outer loop
      vertex -2.07163 -2.50417 0
      vertex -6.94377 -1.7119 0
      vertex -6.7336 -1.62869 0
    endloop
  endfacet
  facet normal 0 0 -1
    outer loop
      vertex -1.74144 -2.74407 0
      vertex -7.16271 -1.76812 0
      vertex -6.94377 -1.7119 0
    endloop
  endfacet
  facet normal 0 0 -1
    outer loop
      vertex -1.38378 -2.94069 0
      vertex -7.38698 -1.79645 0
      vertex -7.16271 -1.76812 0
    endloop
  endfacet
  facet normal 0 0 -1
    outer loop
      vertex -1.0043 -3.09093 0
      vertex -7.61302 -1.79645 0
      vertex -7.38698 -1.79645 0
    endloop
  endfacet
  facet normal 0 0 -1
    outer loop
      vertex -1.0043 -3.09093 0
      vertex -13.6162 -2.94069 0
      vertex -7.61302 -1.79645 0
    endloop
  endfacet
  facet normal 0 0 -1
    outer loop
      vertex -8.05623 1.7119 0
      vertex -12.9284 2.50417 0
      vertex -15.2689 6.99013 0
    endloop
  endfacet
  facet normal -0 0 -1
    outer loop
      vertex -8.4563 14.4768 0
      vertex -15.9352 7.4904 0
      vertex -9.06526 15.2345 0
    endloop
  endfacet
  facet normal -0 0 -1
    outer loop
      vertex -9.06526 15.2345 0
      vertex -17.3188 8.79677 0
      vertex -9.59537 16.0544 0
    endloop
  endfacet
  facet normal 0 0 -1
    outer loop
      vertex -11.75 0 0
      vertex -9.3 0 0
      vertex -9.28581 -0.225599 0
    endloop
  endfacet
  facet normal -0 0 -1
    outer loop
      vertex -9.28581 0.225599 0
      vertex -11.75 0 0
      vertex -11.7756 0.407332 0
    endloop
  endfacet
  facet normal 0 0 -1
    outer loop
      vertex -11.7756 -0.407332 0
      vertex -9.28581 -0.225599 0
      vertex -9.24345 -0.447641 0
    endloop
  endfacet
  facet normal 0 0 -1
    outer loop
      vertex -11.8521 -0.808242 0
      vertex -9.24345 -0.447641 0
      vertex -9.1736 -0.662623 0
    endloop
  endfacet
  facet normal 0 0 -1
    outer loop
      vertex -11.8521 -0.808242 0
      vertex -9.1736 -0.662623 0
      vertex -9.07735 -0.867156 0
    endloop
  endfacet
  facet normal 0 0 -1
    outer loop
      vertex -11.9782 -1.1964 0
      vertex -9.07735 -0.867156 0
      vertex -8.95623 -1.05801 0
    endloop
  endfacet
  facet normal 0 0 -1
    outer loop
      vertex -12.152 -1.5657 0
      vertex -8.95623 -1.05801 0
      vertex -8.81214 -1.23218 0
    endloop
  endfacet
  facet normal 0 0 -1
    outer loop
      vertex -12.3707 -1.9103 0
      vertex -8.81214 -1.23218 0
      vertex -8.64736 -1.38692 0
    endloop
  endfacet
  facet normal 0 0 -1
    outer loop
      vertex -12.3707 -1.9103 0
      vertex -8.64736 -1.38692 0
      vertex -8.46449 -1.51979 0
    endloop
  endfacet
  facet normal 0 0 -1
    outer loop
      vertex -12.6309 -2.22478 0
      vertex -8.46449 -1.51979 0
      vertex -8.2664 -1.62869 0
    endloop
  endfacet
  facet normal -0 0 -1
    outer loop
      vertex -9.28581 -0.225599 0
      vertex -11.7756 -0.407332 0
      vertex -11.75 0 0
    endloop
  endfacet
  facet normal 0 0 -1
    outer loop
      vertex -12.9284 -2.50417 0
      vertex -8.2664 -1.62869 0
      vertex -8.05623 -1.7119 0
    endloop
  endfacet
  facet normal -0 0 -1
    outer loop
      vertex -9.24345 -0.447641 0
      vertex -11.8521 -0.808242 0
      vertex -11.7756 -0.407332 0
    endloop
  endfacet
  facet normal 0 0 -1
    outer loop
      vertex -13.2586 -2.74407 0
      vertex -8.05623 -1.7119 0
      vertex -7.83729 -1.76812 0
    endloop
  endfacet
  facet normal -0 0 -1
    outer loop
      vertex -9.07735 -0.867156 0
      vertex -11.9782 -1.1964 0
      vertex -11.8521 -0.808242 0
    endloop
  endfacet
  facet normal -0 0 -1
    outer loop
      vertex -7.61302 -1.79645 0
      vertex -13.6162 -2.94069 0
      vertex -7.83729 -1.76812 0
    endloop
  endfacet
  facet normal 0 0 -1
    outer loop
      vertex -8.95623 -1.05801 0
      vertex -12.152 -1.5657 0
      vertex -11.9782 -1.1964 0
    endloop
  endfacet
  facet normal 0 0 -1
    outer loop
      vertex -8.81214 -1.23218 0
      vertex -12.3707 -1.9103 0
      vertex -12.152 -1.5657 0
    endloop
  endfacet
  facet normal 0 0 -1
    outer loop
      vertex -14.391 -3.19243 0
      vertex -0.608989 -3.19243 0
      vertex -0.204069 -3.24359 0
    endloop
  endfacet
  facet normal 0 0 -1
    outer loop
      vertex -32.314 -6.99013 0
      vertex -0.204069 -3.24359 0
      vertex 32.314 -6.99013 0
    endloop
  endfacet
  facet normal 0 0 -1
    outer loop
      vertex -8.46449 -1.51979 0
      vertex -12.6309 -2.22478 0
      vertex -12.3707 -1.9103 0
    endloop
  endfacet
  facet normal 0 0 -1
    outer loop
      vertex -8.2664 -1.62869 0
      vertex -12.9284 -2.50417 0
      vertex -12.6309 -2.22478 0
    endloop
  endfacet
  facet normal 0 0 -1
    outer loop
      vertex -8.05623 -1.7119 0
      vertex -13.2586 -2.74407 0
      vertex -12.9284 -2.50417 0
    endloop
  endfacet
  facet normal 0 0 -1
    outer loop
      vertex -7.83729 -1.76812 0
      vertex -13.6162 -2.94069 0
      vertex -13.2586 -2.74407 0
    endloop
  endfacet
  facet normal 0 0 -1
    outer loop
      vertex -1.0043 -3.09093 0
      vertex -13.9957 -3.09093 0
      vertex -13.6162 -2.94069 0
    endloop
  endfacet
  facet normal 0 0 -1
    outer loop
      vertex -0.608989 -3.19243 0
      vertex -14.391 -3.19243 0
      vertex -13.9957 -3.09093 0
    endloop
  endfacet
  facet normal 0 0 -1
    outer loop
      vertex -0.204069 -3.24359 0
      vertex -14.7959 -3.24359 0
      vertex -14.391 -3.19243 0
    endloop
  endfacet
  facet normal -0 0 -1
    outer loop
      vertex -0.204069 -3.24359 0
      vertex -32.314 -6.99013 0
      vertex -14.7959 -3.24359 0
    endloop
  endfacet
  facet normal 0 0 -1
    outer loop
      vertex -20.7142 -0.225599 0
      vertex -18.25 0 0
      vertex -18.2244 -0.407332 0
    endloop
  endfacet
  facet normal 0 0 -1
    outer loop
      vertex -20.7565 -0.447641 0
      vertex -18.2244 -0.407332 0
      vertex -18.1479 -0.808242 0
    endloop
  endfacet
  facet normal 0 0 -1
    outer loop
      vertex -20.9226 -0.867156 0
      vertex -18.1479 -0.808242 0
      vertex -18.0218 -1.1964 0
    endloop
  endfacet
  facet normal 0 0 -1
    outer loop
      vertex -21.0438 -1.05801 0
      vertex -18.0218 -1.1964 0
      vertex -17.848 -1.5657 0
    endloop
  endfacet
  facet normal 0 0 -1
    outer loop
      vertex -21.1879 -1.23218 0
      vertex -17.848 -1.5657 0
      vertex -17.6293 -1.9103 0
    endloop
  endfacet
  facet normal 0 0 -1
    outer loop
      vertex -21.5355 -1.51979 0
      vertex -17.6293 -1.9103 0
      vertex -17.3691 -2.22478 0
    endloop
  endfacet
  facet normal 0 0 -1
    outer loop
      vertex -21.7336 -1.62869 0
      vertex -17.3691 -2.22478 0
      vertex -17.0716 -2.50417 0
    endloop
  endfacet
  facet normal 0 0 -1
    outer loop
      vertex -21.9438 -1.7119 0
      vertex -17.0716 -2.50417 0
      vertex -16.7414 -2.74407 0
    endloop
  endfacet
  facet normal -0 0 -1
    outer loop
      vertex -18.25 0 0
      vertex -20.7142 -0.225599 0
      vertex -20.7 0 0
    endloop
  endfacet
  facet normal -0 0 -1
    outer loop
      vertex -18.2244 -0.407332 0
      vertex -20.7565 -0.447641 0
      vertex -20.7142 -0.225599 0
    endloop
  endfacet
  facet normal 0 0 -1
    outer loop
      vertex -18.1479 -0.808242 0
      vertex -20.8264 -0.662623 0
      vertex -20.7565 -0.447641 0
    endloop
  endfacet
  facet normal 0 0 -1
    outer loop
      vertex -22.1627 -1.76812 0
      vertex -16.7414 -2.74407 0
      vertex -16.3838 -2.94069 0
    endloop
  endfacet
  facet normal -0 0 -1
    outer loop
      vertex -18.1479 -0.808242 0
      vertex -20.9226 -0.867156 0
      vertex -20.8264 -0.662623 0
    endloop
  endfacet
  facet normal 0 0 -1
    outer loop
      vertex -18.0218 -1.1964 0
      vertex -21.0438 -1.05801 0
      vertex -20.9226 -0.867156 0
    endloop
  endfacet
  facet normal 0 0 -1
    outer loop
      vertex -17.848 -1.5657 0
      vertex -21.1879 -1.23218 0
      vertex -21.0438 -1.05801 0
    endloop
  endfacet
  facet normal 0 0 -1
    outer loop
      vertex -32.314 -6.99013 0
      vertex -16.3838 -2.94069 0
      vertex -16.0043 -3.09093 0
    endloop
  endfacet
  facet normal 0 0 -1
    outer loop
      vertex -17.6293 -1.9103 0
      vertex -21.3526 -1.38692 0
      vertex -21.1879 -1.23218 0
    endloop
  endfacet
  facet normal 0 0 -1
    outer loop
      vertex -17.6293 -1.9103 0
      vertex -21.5355 -1.51979 0
      vertex -21.3526 -1.38692 0
    endloop
  endfacet
  facet normal 0 0 -1
    outer loop
      vertex -17.3691 -2.22478 0
      vertex -21.7336 -1.62869 0
      vertex -21.5355 -1.51979 0
    endloop
  endfacet
  facet normal 0 0 -1
    outer loop
      vertex -32.314 -6.99013 0
      vertex -16.0043 -3.09093 0
      vertex -15.609 -3.19243 0
    endloop
  endfacet
  facet normal 0 0 -1
    outer loop
      vertex -17.0716 -2.50417 0
      vertex -21.9438 -1.7119 0
      vertex -21.7336 -1.62869 0
    endloop
  endfacet
  facet normal 0 0 -1
    outer loop
      vertex -16.7414 -2.74407 0
      vertex -22.1627 -1.76812 0
      vertex -21.9438 -1.7119 0
    endloop
  endfacet
  facet normal 0 0 -1
    outer loop
      vertex -16.3838 -2.94069 0
      vertex -22.387 -1.79645 0
      vertex -22.1627 -1.76812 0
    endloop
  endfacet
  facet normal -0 0 -1
    outer loop
      vertex -16.3838 -2.94069 0
      vertex -32.314 -6.99013 0
      vertex -22.387 -1.79645 0
    endloop
  endfacet
  facet normal -0 0 -1
    outer loop
      vertex -22.387 -1.79645 0
      vertex -32.314 -6.99013 0
      vertex -22.613 -1.79645 0
    endloop
  endfacet
  facet normal 0 0 -1
    outer loop
      vertex -24.2858 -0.225599 0
      vertex -26.75 0 0
      vertex -24.3 0 0
    endloop
  endfacet
  facet normal 0 0 -1
    outer loop
      vertex -26.7756 -0.407332 0
      vertex -24.2858 -0.225599 0
      vertex -24.2435 -0.447641 0
    endloop
  endfacet
  facet normal 0 0 -1
    outer loop
      vertex -26.8521 -0.808242 0
      vertex -24.2435 -0.447641 0
      vertex -24.1736 -0.662623 0
    endloop
  endfacet
  facet normal 0 0 -1
    outer loop
      vertex -26.8521 -0.808242 0
      vertex -24.1736 -0.662623 0
      vertex -24.0774 -0.867156 0
    endloop
  endfacet
  facet normal 0 0 -1
    outer loop
      vertex -26.9782 -1.1964 0
      vertex -24.0774 -0.867156 0
      vertex -23.9562 -1.05801 0
    endloop
  endfacet
  facet normal 0 0 -1
    outer loop
      vertex -27.152 -1.5657 0
      vertex -23.9562 -1.05801 0
      vertex -23.8121 -1.23218 0
    endloop
  endfacet
  facet normal 0 0 -1
    outer loop
      vertex -27.3707 -1.9103 0
      vertex -23.8121 -1.23218 0
      vertex -23.6474 -1.38692 0
    endloop
  endfacet
  facet normal 0 0 -1
    outer loop
      vertex -27.3707 -1.9103 0
      vertex -23.6474 -1.38692 0
      vertex -23.4645 -1.51979 0
    endloop
  endfacet
  facet normal 0 0 -1
    outer loop
      vertex -27.6309 -2.22478 0
      vertex -23.4645 -1.51979 0
      vertex -23.2664 -1.62869 0
    endloop
  endfacet
  facet normal -0 0 -1
    outer loop
      vertex -24.2858 -0.225599 0
      vertex -26.7756 -0.407332 0
      vertex -26.75 0 0
    endloop
  endfacet
  facet normal 0 0 -1
    outer loop
      vertex -27.9284 -2.50417 0
      vertex -23.2664 -1.62869 0
      vertex -23.0562 -1.7119 0
    endloop
  endfacet
  facet normal -0 0 -1
    outer loop
      vertex -24.2435 -0.447641 0
      vertex -26.8521 -0.808242 0
      vertex -26.7756 -0.407332 0
    endloop
  endfacet
  facet normal 0 0 -1
    outer loop
      vertex -28.2586 -2.74407 0
      vertex -23.0562 -1.7119 0
      vertex -22.8373 -1.76812 0
    endloop
  endfacet
  facet normal -0 0 -1
    outer loop
      vertex -24.0774 -0.867156 0
      vertex -26.9782 -1.1964 0
      vertex -26.8521 -0.808242 0
    endloop
  endfacet
  facet normal -0 0 -1
    outer loop
      vertex -22.613 -1.79645 0
      vertex -32.314 -6.99013 0
      vertex -22.8373 -1.76812 0
    endloop
  endfacet
  facet normal 0 0 -1
    outer loop
      vertex -23.9562 -1.05801 0
      vertex -27.152 -1.5657 0
      vertex -26.9782 -1.1964 0
    endloop
  endfacet
  facet normal 0 0 -1
    outer loop
      vertex -23.8121 -1.23218 0
      vertex -27.3707 -1.9103 0
      vertex -27.152 -1.5657 0
    endloop
  endfacet
  facet normal 0 0 -1
    outer loop
      vertex -32.314 -6.99013 0
      vertex -15.609 -3.19243 0
      vertex -15.2041 -3.24359 0
    endloop
  endfacet
  facet normal 0 0 -1
    outer loop
      vertex -23.4645 -1.51979 0
      vertex -27.6309 -2.22478 0
      vertex -27.3707 -1.9103 0
    endloop
  endfacet
  facet normal 0 0 -1
    outer loop
      vertex -23.2664 -1.62869 0
      vertex -27.9284 -2.50417 0
      vertex -27.6309 -2.22478 0
    endloop
  endfacet
  facet normal -0 0 -1
    outer loop
      vertex -14.7959 -3.24359 0
      vertex -32.314 -6.99013 0
      vertex -15.2041 -3.24359 0
    endloop
  endfacet
  facet normal 0 0 -1
    outer loop
      vertex -22.8373 -1.76812 0
      vertex -32.314 -6.99013 0
      vertex -28.2586 -2.74407 0
    endloop
  endfacet
  facet normal 0 0 -1
    outer loop
      vertex -23.0562 -1.7119 0
      vertex -28.2586 -2.74407 0
      vertex -27.9284 -2.50417 0
    endloop
  endfacet
  facet normal 0 0 -1
    outer loop
      vertex -28.2586 -2.74407 0
      vertex -32.314 -6.99013 0
      vertex -28.6162 -2.94069 0
    endloop
  endfacet
  facet normal 0 0 -1
    outer loop
      vertex -28.6162 -2.94069 0
      vertex -32.314 -6.99013 0
      vertex -28.9957 -3.09093 0
    endloop
  endfacet
  facet normal 0 0 -1
    outer loop
      vertex -28.9957 -3.09093 0
      vertex -32.314 -6.99013 0
      vertex -29.391 -3.19243 0
    endloop
  endfacet
  facet normal 0 0 -1
    outer loop
      vertex -29.391 -3.19243 0
      vertex -32.314 -6.99013 0
      vertex -29.7959 -3.24359 0
    endloop
  endfacet
  facet normal -0 0 -1
    outer loop
      vertex -29.7959 -3.24359 0
      vertex -32.314 -6.99013 0
      vertex -30.2041 -3.24359 0
    endloop
  endfacet
  facet normal 0 0 -1
    outer loop
      vertex -32.314 -6.99013 0
      vertex -30.609 -3.19243 0
      vertex -30.2041 -3.24359 0
    endloop
  endfacet
  facet normal 0 0 -1
    outer loop
      vertex -32.314 -6.99013 0
      vertex -31.0043 -3.09093 0
      vertex -30.609 -3.19243 0
    endloop
  endfacet
  facet normal 0 0 -1
    outer loop
      vertex -32.314 -6.99013 0
      vertex -31.3838 -2.94069 0
      vertex -31.0043 -3.09093 0
    endloop
  endfacet
  facet normal 0 0 -1
    outer loop
      vertex -32.9369 -6.91144 0
      vertex -31.3838 -2.94069 0
      vertex -32.314 -6.99013 0
    endloop
  endfacet
  facet normal -0 0 -1
    outer loop
      vertex -31.3838 -2.94069 0
      vertex -32.9369 -6.91144 0
      vertex -31.7414 -2.74407 0
    endloop
  endfacet
  facet normal 0 0 -1
    outer loop
      vertex -33.5451 -6.75528 0
      vertex -31.7414 -2.74407 0
      vertex -32.9369 -6.91144 0
    endloop
  endfacet
  facet normal 0 0 -1
    outer loop
      vertex -34.1289 -6.52413 0
      vertex -31.7414 -2.74407 0
      vertex -33.5451 -6.75528 0
    endloop
  endfacet
  facet normal -0 0 -1
    outer loop
      vertex -31.7414 -2.74407 0
      vertex -34.1289 -6.52413 0
      vertex -32.0716 -2.50417 0
    endloop
  endfacet
  facet normal 0 0 -1
    outer loop
      vertex -34.6791 -6.22164 0
      vertex -32.0716 -2.50417 0
      vertex -34.1289 -6.52413 0
    endloop
  endfacet
  facet normal 0 0 -1
    outer loop
      vertex -35.1871 -5.85257 0
      vertex -32.0716 -2.50417 0
      vertex -34.6791 -6.22164 0
    endloop
  endfacet
  facet normal -0 0 -1
    outer loop
      vertex -32.0716 -2.50417 0
      vertex -35.1871 -5.85257 0
      vertex -32.3691 -2.22478 0
    endloop
  endfacet
  facet normal 0 0 -1
    outer loop
      vertex -35.6448 -5.42274 0
      vertex -32.3691 -2.22478 0
      vertex -35.1871 -5.85257 0
    endloop
  endfacet
  facet normal 0 0 -1
    outer loop
      vertex -36.0451 -4.93893 0
      vertex -32.3691 -2.22478 0
      vertex -35.6448 -5.42274 0
    endloop
  endfacet
  facet normal -0 0 -1
    outer loop
      vertex -32.3691 -2.22478 0
      vertex -36.0451 -4.93893 0
      vertex -32.6293 -1.9103 0
    endloop
  endfacet
  facet normal 0 0 -1
    outer loop
      vertex 32.3691 2.22478 0
      vertex 36.0451 4.93893 0
      vertex 32.6293 1.9103 0
    endloop
  endfacet
  facet normal -0 0 -1
    outer loop
      vertex 36.0451 4.93893 0
      vertex 32.3691 2.22478 0
      vertex 35.6448 5.42274 0
    endloop
  endfacet
  facet normal -0 0 -1
    outer loop
      vertex 35.6448 5.42274 0
      vertex 32.3691 2.22478 0
      vertex 35.1871 5.85257 0
    endloop
  endfacet
  facet normal 0 0 -1
    outer loop
      vertex 32.0716 2.50417 0
      vertex 35.1871 5.85257 0
      vertex 32.3691 2.22478 0
    endloop
  endfacet
  facet normal -0 0 -1
    outer loop
      vertex 35.1871 5.85257 0
      vertex 32.0716 2.50417 0
      vertex 34.6791 6.22164 0
    endloop
  endfacet
  facet normal -0 0 -1
    outer loop
      vertex 34.6791 6.22164 0
      vertex 32.0716 2.50417 0
      vertex 34.1289 6.52413 0
    endloop
  endfacet
  facet normal 0 0 -1
    outer loop
      vertex 31.7414 2.74407 0
      vertex 34.1289 6.52413 0
      vertex 32.0716 2.50417 0
    endloop
  endfacet
  facet normal -0 0 -1
    outer loop
      vertex 34.1289 6.52413 0
      vertex 31.7414 2.74407 0
      vertex 33.5451 6.75528 0
    endloop
  endfacet
  facet normal -0 0 -1
    outer loop
      vertex 33.5451 6.75528 0
      vertex 31.7414 2.74407 0
      vertex 32.9369 6.91144 0
    endloop
  endfacet
  facet normal 0 0 -1
    outer loop
      vertex 31.3838 2.94069 0
      vertex 32.9369 6.91144 0
      vertex 31.7414 2.74407 0
    endloop
  endfacet
  facet normal -0 0 -1
    outer loop
      vertex 32.9369 6.91144 0
      vertex 31.3838 2.94069 0
      vertex 32.314 6.99013 0
    endloop
  endfacet
  facet normal 0 0 -1
    outer loop
      vertex 31.0043 3.09093 0
      vertex 32.314 6.99013 0
      vertex 31.3838 2.94069 0
    endloop
  endfacet
  facet normal 0 0 -1
    outer loop
      vertex 30.609 3.19243 0
      vertex 32.314 6.99013 0
      vertex 31.0043 3.09093 0
    endloop
  endfacet
  facet normal 0 0 -1
    outer loop
      vertex 30.2041 3.24359 0
      vertex 32.314 6.99013 0
      vertex 30.609 3.19243 0
    endloop
  endfacet
  facet normal 0 0 -1
    outer loop
      vertex 29.7959 3.24359 0
      vertex 32.314 6.99013 0
      vertex 30.2041 3.24359 0
    endloop
  endfacet
  facet normal 0 0 -1
    outer loop
      vertex 29.391 3.19243 0
      vertex 32.314 6.99013 0
      vertex 29.7959 3.24359 0
    endloop
  endfacet
  facet normal 0 0 -1
    outer loop
      vertex 28.9957 3.09093 0
      vertex 32.314 6.99013 0
      vertex 29.391 3.19243 0
    endloop
  endfacet
  facet normal 0 0 -1
    outer loop
      vertex 28.6162 2.94069 0
      vertex 32.314 6.99013 0
      vertex 28.9957 3.09093 0
    endloop
  endfacet
  facet normal 0 0 -1
    outer loop
      vertex 16.4755 6.99013 0
      vertex 28.6162 2.94069 0
      vertex 28.2586 2.74407 0
    endloop
  endfacet
  facet normal 0 0 -1
    outer loop
      vertex 23.0562 1.7119 0
      vertex 28.2586 2.74407 0
      vertex 27.9284 2.50417 0
    endloop
  endfacet
  facet normal 0 0 -1
    outer loop
      vertex 23.2664 1.62869 0
      vertex 27.9284 2.50417 0
      vertex 27.6309 2.22478 0
    endloop
  endfacet
  facet normal 0 0 -1
    outer loop
      vertex 24.2858 0.225599 0
      vertex 26.75 0 0
      vertex 24.3 0 0
    endloop
  endfacet
  facet normal 0 0 -1
    outer loop
      vertex 26.75 0 0
      vertex 24.2858 0.225599 0
      vertex 26.7756 0.407332 0
    endloop
  endfacet
  facet normal 0 0 -1
    outer loop
      vertex 24.2435 0.447641 0
      vertex 26.7756 0.407332 0
      vertex 24.2858 0.225599 0
    endloop
  endfacet
  facet normal 0 0 -1
    outer loop
      vertex 26.7756 0.407332 0
      vertex 24.2435 0.447641 0
      vertex 26.8521 0.808242 0
    endloop
  endfacet
  facet normal 0 0 -1
    outer loop
      vertex 24.1736 0.662623 0
      vertex 26.8521 0.808242 0
      vertex 24.2435 0.447641 0
    endloop
  endfacet
  facet normal 0 0 -1
    outer loop
      vertex 24.0774 0.867156 0
      vertex 26.8521 0.808242 0
      vertex 24.1736 0.662623 0
    endloop
  endfacet
  facet normal 0 0 -1
    outer loop
      vertex 26.8521 0.808242 0
      vertex 24.0774 0.867156 0
      vertex 26.9782 1.1964 0
    endloop
  endfacet
  facet normal 0 0 -1
    outer loop
      vertex 23.9562 1.05801 0
      vertex 26.9782 1.1964 0
      vertex 24.0774 0.867156 0
    endloop
  endfacet
  facet normal -0 0 -1
    outer loop
      vertex 26.9782 1.1964 0
      vertex 23.9562 1.05801 0
      vertex 27.152 1.5657 0
    endloop
  endfacet
  facet normal 0 0 -1
    outer loop
      vertex 23.8121 1.23218 0
      vertex 27.152 1.5657 0
      vertex 23.9562 1.05801 0
    endloop
  endfacet
  facet normal -0 0 -1
    outer loop
      vertex 27.152 1.5657 0
      vertex 23.8121 1.23218 0
      vertex 27.3707 1.9103 0
    endloop
  endfacet
  facet normal 0 0 -1
    outer loop
      vertex 23.6474 1.38692 0
      vertex 27.3707 1.9103 0
      vertex 23.8121 1.23218 0
    endloop
  endfacet
  facet normal 0 0 -1
    outer loop
      vertex 23.4645 1.51979 0
      vertex 27.3707 1.9103 0
      vertex 23.6474 1.38692 0
    endloop
  endfacet
  facet normal -0 0 -1
    outer loop
      vertex 27.3707 1.9103 0
      vertex 23.4645 1.51979 0
      vertex 27.6309 2.22478 0
    endloop
  endfacet
  facet normal 0 0 -1
    outer loop
      vertex 23.2664 1.62869 0
      vertex 27.6309 2.22478 0
      vertex 23.4645 1.51979 0
    endloop
  endfacet
  facet normal 0 0 -1
    outer loop
      vertex 27.9284 2.50417 0
      vertex 23.2664 1.62869 0
      vertex 23.0562 1.7119 0
    endloop
  endfacet
  facet normal 0 0 -1
    outer loop
      vertex 28.2586 2.74407 0
      vertex 23.0562 1.7119 0
      vertex 22.8373 1.76812 0
    endloop
  endfacet
  facet normal -0 0 -1
    outer loop
      vertex 28.2586 2.74407 0
      vertex 22.8373 1.76812 0
      vertex 16.4755 6.99013 0
    endloop
  endfacet
  facet normal 0 0 -1
    outer loop
      vertex 16.4755 6.99013 0
      vertex 22.8373 1.76812 0
      vertex 22.613 1.79645 0
    endloop
  endfacet
  facet normal 0 0 -1
    outer loop
      vertex 16.4755 6.99013 0
      vertex 22.613 1.79645 0
      vertex 22.387 1.79645 0
    endloop
  endfacet
  facet normal 0 0 -1
    outer loop
      vertex 16.4755 6.99013 0
      vertex 22.387 1.79645 0
      vertex 22.1627 1.76812 0
    endloop
  endfacet
  facet normal 0 0 -1
    outer loop
      vertex 16.4755 6.99013 0
      vertex 22.1627 1.76812 0
      vertex 21.9438 1.7119 0
    endloop
  endfacet
  facet normal 0 0 -1
    outer loop
      vertex 16.4755 6.99013 0
      vertex 21.9438 1.7119 0
      vertex 21.7336 1.62869 0
    endloop
  endfacet
  facet normal 0 0 -1
    outer loop
      vertex 18.25 0 0
      vertex 20.7142 0.225599 0
      vertex 20.7 0 0
    endloop
  endfacet
  facet normal 0 0 -1
    outer loop
      vertex 18.2244 0.407332 0
      vertex 20.7142 0.225599 0
      vertex 18.25 0 0
    endloop
  endfacet
  facet normal 0 0 -1
    outer loop
      vertex 20.7142 0.225599 0
      vertex 18.2244 0.407332 0
      vertex 20.7565 0.447641 0
    endloop
  endfacet
  facet normal 0 0 -1
    outer loop
      vertex 18.1479 0.808242 0
      vertex 20.7565 0.447641 0
      vertex 18.2244 0.407332 0
    endloop
  endfacet
  facet normal 0 0 -1
    outer loop
      vertex 20.7565 0.447641 0
      vertex 18.1479 0.808242 0
      vertex 20.8264 0.662623 0
    endloop
  endfacet
  facet normal 0 0 -1
    outer loop
      vertex 20.8264 0.662623 0
      vertex 18.1479 0.808242 0
      vertex 20.9226 0.867156 0
    endloop
  endfacet
  facet normal 0 0 -1
    outer loop
      vertex 18.0218 1.1964 0
      vertex 20.9226 0.867156 0
      vertex 18.1479 0.808242 0
    endloop
  endfacet
  facet normal 0 0 -1
    outer loop
      vertex 20.9226 0.867156 0
      vertex 18.0218 1.1964 0
      vertex 21.0438 1.05801 0
    endloop
  endfacet
  facet normal 0 0 -1
    outer loop
      vertex 17.848 1.5657 0
      vertex 21.0438 1.05801 0
      vertex 18.0218 1.1964 0
    endloop
  endfacet
  facet normal 0 0 -1
    outer loop
      vertex 21.0438 1.05801 0
      vertex 17.848 1.5657 0
      vertex 21.1879 1.23218 0
    endloop
  endfacet
  facet normal 0 0 -1
    outer loop
      vertex 17.6293 1.9103 0
      vertex 21.1879 1.23218 0
      vertex 17.848 1.5657 0
    endloop
  endfacet
  facet normal 0 0 -1
    outer loop
      vertex 21.1879 1.23218 0
      vertex 17.6293 1.9103 0
      vertex 21.3526 1.38692 0
    endloop
  endfacet
  facet normal 0 0 -1
    outer loop
      vertex 21.3526 1.38692 0
      vertex 17.6293 1.9103 0
      vertex 21.5355 1.51979 0
    endloop
  endfacet
  facet normal 0 0 -1
    outer loop
      vertex 17.3691 2.22478 0
      vertex 21.5355 1.51979 0
      vertex 17.6293 1.9103 0
    endloop
  endfacet
  facet normal 0 0 -1
    outer loop
      vertex 21.5355 1.51979 0
      vertex 17.3691 2.22478 0
      vertex 21.7336 1.62869 0
    endloop
  endfacet
  facet normal 0 0 -1
    outer loop
      vertex 21.7336 1.62869 0
      vertex 17.3691 2.22478 0
      vertex 16.4755 6.99013 0
    endloop
  endfacet
  facet normal 0 0 -1
    outer loop
      vertex 16.4755 6.99013 0
      vertex 17.3691 2.22478 0
      vertex 17.0716 2.50417 0
    endloop
  endfacet
  facet normal 0 0 -1
    outer loop
      vertex 16.4755 6.99013 0
      vertex 17.0716 2.50417 0
      vertex 16.7414 2.74407 0
    endloop
  endfacet
  facet normal 0 0 -1
    outer loop
      vertex 28.6162 2.94069 0
      vertex 16.4755 6.99013 0
      vertex 32.314 6.99013 0
    endloop
  endfacet
  facet normal 0 -0 -1
    outer loop
      vertex 16.4755 6.99013 0
      vertex 16.7414 2.74407 0
      vertex 16.3838 2.94069 0
    endloop
  endfacet
  facet normal 0 0 -1
    outer loop
      vertex 10.7401 17.7289 0
      vertex 21.834 18.3861 0
      vertex 21.7184 16.3307 0
    endloop
  endfacet
  facet normal 0 0 -1
    outer loop
      vertex 10.6959 18.4416 0
      vertex 21.834 18.3861 0
      vertex 10.7401 17.7289 0
    endloop
  endfacet
  facet normal -0 0 -1
    outer loop
      vertex 21.7969 19.4952 0
      vertex 10.6959 18.4416 0
      vertex 21.6856 20.5696 0
    endloop
  endfacet
  facet normal 0 0 -1
    outer loop
      vertex 10.69 16.7831 0
      vertex 21.7184 16.3307 0
      vertex 21.3717 14.4055 0
    endloop
  endfacet
  facet normal 0 0 -1
    outer loop
      vertex 21.834 18.3861 0
      vertex 10.6959 18.4416 0
      vertex 21.7969 19.4952 0
    endloop
  endfacet
  facet normal -0 0 -1
    outer loop
      vertex 21.6856 20.5696 0
      vertex 10.5633 19.122 0
      vertex 21.5002 21.6093 0
    endloop
  endfacet
  facet normal 0 0 -1
    outer loop
      vertex 10.69 16.7831 0
      vertex 21.3717 14.4055 0
      vertex 20.7938 12.6105 0
    endloop
  endfacet
  facet normal 0 0 -1
    outer loop
      vertex 10.5633 19.122 0
      vertex 21.6856 20.5696 0
      vertex 10.6959 18.4416 0
    endloop
  endfacet
  facet normal -0 0 -1
    outer loop
      vertex 21.2406 22.6143 0
      vertex 10.5633 19.122 0
      vertex 20.9068 23.5846 0
    endloop
  endfacet
  facet normal 0 0 -1
    outer loop
      vertex 10.69 16.7831 0
      vertex 20.7938 12.6105 0
      vertex 19.9848 10.9456 0
    endloop
  endfacet
  facet normal -0 0 -1
    outer loop
      vertex 21.5002 21.6093 0
      vertex 10.5633 19.122 0
      vertex 21.2406 22.6143 0
    endloop
  endfacet
  facet normal 0 0 -1
    outer loop
      vertex 10.69 16.7831 0
      vertex 19.9848 10.9456 0
      vertex 18.9447 9.41089 0
    endloop
  endfacet
  facet normal 0 0 -1
    outer loop
      vertex 10.3424 19.7701 0
      vertex 20.9068 23.5846 0
      vertex 10.5633 19.122 0
    endloop
  endfacet
  facet normal -0 0 -1
    outer loop
      vertex 20.9068 23.5846 0
      vertex 10.3424 19.7701 0
      vertex 20.4989 24.5201 0
    endloop
  endfacet
  facet normal 0 0 -1
    outer loop
      vertex 10.69 16.7831 0
      vertex 18.9447 9.41089 0
      vertex 17.6734 8.00629 0
    endloop
  endfacet
  facet normal -0 0 -1
    outer loop
      vertex 20.4989 24.5201 0
      vertex 10.3424 19.7701 0
      vertex 20.0168 25.421 0
    endloop
  endfacet
  facet normal 0 0 -1
    outer loop
      vertex 10.69 16.7831 0
      vertex 17.6734 8.00629 0
      vertex 16.4755 6.99013 0
    endloop
  endfacet
  facet normal 0 0 -1
    outer loop
      vertex 10.0332 20.3857 0
      vertex 20.0168 25.421 0
      vertex 10.3424 19.7701 0
    endloop
  endfacet
  facet normal 0 0 -1
    outer loop
      vertex 16.0043 3.09093 0
      vertex 16.4755 6.99013 0
      vertex 16.3838 2.94069 0
    endloop
  endfacet
  facet normal 0 0 -1
    outer loop
      vertex 15.609 3.19243 0
      vertex 16.4755 6.99013 0
      vertex 16.0043 3.09093 0
    endloop
  endfacet
  facet normal 0 0 -1
    outer loop
      vertex 15.2041 3.24359 0
      vertex 16.4755 6.99013 0
      vertex 15.609 3.19243 0
    endloop
  endfacet
  facet normal -0 0 -1
    outer loop
      vertex 20.0168 25.421 0
      vertex 10.0332 20.3857 0
      vertex 19.4552 26.2859 0
    endloop
  endfacet
  facet normal 0 0 -1
    outer loop
      vertex 14.7959 3.24359 0
      vertex 16.4755 6.99013 0
      vertex 15.2041 3.24359 0
    endloop
  endfacet
  facet normal 0 0 -1
    outer loop
      vertex 14.391 3.19243 0
      vertex 16.4755 6.99013 0
      vertex 14.7959 3.24359 0
    endloop
  endfacet
  facet normal 0 0 -1
    outer loop
      vertex 13.9957 3.09093 0
      vertex 16.4755 6.99013 0
      vertex 14.391 3.19243 0
    endloop
  endfacet
  facet normal -0 0 -1
    outer loop
      vertex 19.4552 26.2859 0
      vertex 10.0332 20.3857 0
      vertex 18.8084 27.1138 0
    endloop
  endfacet
  facet normal 0 0 -1
    outer loop
      vertex 13.6162 2.94069 0
      vertex 16.4755 6.99013 0
      vertex 13.9957 3.09093 0
    endloop
  endfacet
  facet normal 0 0 -1
    outer loop
      vertex 13.2586 2.74407 0
      vertex 16.4755 6.99013 0
      vertex 13.6162 2.94069 0
    endloop
  endfacet
  facet normal 0 0 -1
    outer loop
      vertex 10.69 16.7831 0
      vertex 16.4755 6.99013 0
      vertex 13.2586 2.74407 0
    endloop
  endfacet
  facet normal -0 0 -1
    outer loop
      vertex 18.8084 27.1138 0
      vertex 10.0332 20.3857 0
      vertex 18.0763 27.9046 0
    endloop
  endfacet
  facet normal 0 0 -1
    outer loop
      vertex 10.69 16.7831 0
      vertex 13.2586 2.74407 0
      vertex 12.9284 2.50417 0
    endloop
  endfacet
  facet normal 0 0 -1
    outer loop
      vertex 10.69 16.7831 0
      vertex 12.9284 2.50417 0
      vertex 12.6309 2.22478 0
    endloop
  endfacet
  facet normal 0 0 -1
    outer loop
      vertex 10.69 16.7831 0
      vertex 12.6309 2.22478 0
      vertex 12.3707 1.9103 0
    endloop
  endfacet
  facet normal 0 0 -1
    outer loop
      vertex 10.69 16.7831 0
      vertex 12.3707 1.9103 0
      vertex 12.152 1.5657 0
    endloop
  endfacet
  facet normal 0 0 -1
    outer loop
      vertex 10.69 16.7831 0
      vertex 12.152 1.5657 0
      vertex 11.9782 1.1964 0
    endloop
  endfacet
  facet normal 0 0 -1
    outer loop
      vertex 10.69 16.7831 0
      vertex 11.9782 1.1964 0
      vertex 11.8521 0.808242 0
    endloop
  endfacet
  facet normal 0 0 -1
    outer loop
      vertex 9.63554 20.9691 0
      vertex 18.0763 27.9046 0
      vertex 10.0332 20.3857 0
    endloop
  endfacet
  facet normal 0 0 -1
    outer loop
      vertex 10.69 16.7831 0
      vertex 11.8521 0.808242 0
      vertex 11.7756 0.407332 0
    endloop
  endfacet
  facet normal 0 0 -1
    outer loop
      vertex 9.28581 0.225599 0
      vertex 11.75 0 0
      vertex 9.3 0 0
    endloop
  endfacet
  facet normal -0 0 -1
    outer loop
      vertex 18.0763 27.9046 0
      vertex 9.63554 20.9691 0
      vertex 17.2591 28.6583 0
    endloop
  endfacet
  facet normal -0 0 -1
    outer loop
      vertex 17.2591 28.6583 0
      vertex 9.63554 20.9691 0
      vertex 16.3567 29.3749 0
    endloop
  endfacet
  facet normal 0 0 -1
    outer loop
      vertex 9.14955 21.52 0
      vertex 16.3567 29.3749 0
      vertex 9.63554 20.9691 0
    endloop
  endfacet
  facet normal -0 0 -1
    outer loop
      vertex 16.3567 29.3749 0
      vertex 9.14955 21.52 0
      vertex 15.3691 30.0545 0
    endloop
  endfacet
  facet normal 0 0 -1
    outer loop
      vertex 8.5752 22.0386 0
      vertex 15.3691 30.0545 0
      vertex 9.14955 21.52 0
    endloop
  endfacet
  facet normal -0 0 -1
    outer loop
      vertex 15.3691 30.0545 0
      vertex 8.5752 22.0386 0
      vertex 14.2963 30.6969 0
    endloop
  endfacet
  facet normal -0 0 -1
    outer loop
      vertex 14.2963 30.6969 0
      vertex 8.5752 22.0386 0
      vertex 13.1122 31.3125 0
    endloop
  endfacet
  facet normal 0 0 -1
    outer loop
      vertex 7.9166 22.5257 0
      vertex 13.1122 31.3125 0
      vertex 8.5752 22.0386 0
    endloop
  endfacet
  facet normal -0 0 -1
    outer loop
      vertex 13.1122 31.3125 0
      vertex 7.9166 22.5257 0
      vertex 11.7909 31.9117 0
    endloop
  endfacet
  facet normal 0 0 -1
    outer loop
      vertex 7.17751 22.982 0
      vertex 11.7909 31.9117 0
      vertex 7.9166 22.5257 0
    endloop
  endfacet
  facet normal -0 0 -1
    outer loop
      vertex 11.7909 31.9117 0
      vertex 7.17751 22.982 0
      vertex 10.3324 32.4942 0
    endloop
  endfacet
  facet normal 0 0 -1
    outer loop
      vertex 6.35796 23.4076 0
      vertex 10.3324 32.4942 0
      vertex 7.17751 22.982 0
    endloop
  endfacet
  facet normal -0 0 -1
    outer loop
      vertex 10.3324 32.4942 0
      vertex 6.35796 23.4076 0
      vertex 8.73653 33.0602 0
    endloop
  endfacet
  facet normal 0 0 -1
    outer loop
      vertex 5.45793 23.8024 0
      vertex 8.73653 33.0602 0
      vertex 6.35796 23.4076 0
    endloop
  endfacet
  facet normal 0 0 -1
    outer loop
      vertex 4.47742 24.1665 0
      vertex 8.73653 33.0602 0
      vertex 5.45793 23.8024 0
    endloop
  endfacet
  facet normal -0 0 -1
    outer loop
      vertex 8.73653 33.0602 0
      vertex 4.47742 24.1665 0
      vertex 7.00343 33.6097 0
    endloop
  endfacet
  facet normal 0 0 -1
    outer loop
      vertex 3.41644 24.4999 0
      vertex 7.00343 33.6097 0
      vertex 4.47742 24.1665 0
    endloop
  endfacet
  facet normal -0 0 -1
    outer loop
      vertex 7.00343 33.6097 0
      vertex 3.41644 24.4999 0
      vertex 5.13306 34.1426 0
    endloop
  endfacet
  facet normal 0 0 -1
    outer loop
      vertex 2.27499 24.8026 0
      vertex 5.13306 34.1426 0
      vertex 3.41644 24.4999 0
    endloop
  endfacet
  facet normal -0 0 -1
    outer loop
      vertex 5.13306 34.1426 0
      vertex 2.27499 24.8026 0
      vertex 3.12543 34.659 0
    endloop
  endfacet
  facet normal 0 0 -1
    outer loop
      vertex 0.000473022 25.3661 0
      vertex 3.12543 34.659 0
      vertex 2.27499 24.8026 0
    endloop
  endfacet
  facet normal -0 0 -1
    outer loop
      vertex 3.12543 34.659 0
      vertex 0.000473022 25.3661 0
      vertex 1.62233 35.0562 0
    endloop
  endfacet
  facet normal 0 0 -1
    outer loop
      vertex -2.07449 25.9084 0
      vertex 1.62233 35.0562 0
      vertex 0.000473022 25.3661 0
    endloop
  endfacet
  facet normal -0 0 -1
    outer loop
      vertex 1.62233 35.0562 0
      vertex -2.07449 25.9084 0
      vertex 0.271469 35.4304 0
    endloop
  endfacet
  facet normal -0 0 -1
    outer loop
      vertex 0.271469 35.4304 0
      vertex -2.07449 25.9084 0
      vertex -0.927109 35.7818 0
    endloop
  endfacet
  facet normal 0 0 -1
    outer loop
      vertex -3.94992 26.4294 0
      vertex -0.927109 35.7818 0
      vertex -2.07449 25.9084 0
    endloop
  endfacet
  facet normal -0 0 -1
    outer loop
      vertex -0.927109 35.7818 0
      vertex -3.94992 26.4294 0
      vertex -1.97348 36.1103 0
    endloop
  endfacet
  facet normal 0 0 -1
    outer loop
      vertex -5.62579 26.929 0
      vertex -1.97348 36.1103 0
      vertex -3.94992 26.4294 0
    endloop
  endfacet
  facet normal -0 0 -1
    outer loop
      vertex -1.97348 36.1103 0
      vertex -5.62579 26.929 0
      vertex -2.86758 36.4159 0
    endloop
  endfacet
  facet normal 0 0 -1
    outer loop
      vertex -7.10214 27.4073 0
      vertex -2.86758 36.4159 0
      vertex -5.62579 26.929 0
    endloop
  endfacet
  facet normal -0 0 -1
    outer loop
      vertex -2.86758 36.4159 0
      vertex -7.10214 27.4073 0
      vertex -3.60944 36.6986 0
    endloop
  endfacet
  facet normal -0 0 -1
    outer loop
      vertex -3.60944 36.6986 0
      vertex -7.10214 27.4073 0
      vertex -4.19905 36.9584 0
    endloop
  endfacet
  facet normal 0 0 -1
    outer loop
      vertex -8.37892 27.8643 0
      vertex -4.19905 36.9584 0
      vertex -7.10214 27.4073 0
    endloop
  endfacet
  facet normal -0 0 -1
    outer loop
      vertex -4.19905 36.9584 0
      vertex -8.37892 27.8643 0
      vertex -4.69716 37.2148 0
    endloop
  endfacet
  facet normal 0 0 -1
    outer loop
      vertex -9.45616 28.3001 0
      vertex -4.69716 37.2148 0
      vertex -8.37892 27.8643 0
    endloop
  endfacet
  facet normal -0 0 -1
    outer loop
      vertex -4.69716 37.2148 0
      vertex -9.45616 28.3001 0
      vertex -5.16452 37.487 0
    endloop
  endfacet
  facet normal 0 0 -1
    outer loop
      vertex -10.4055 28.7328 0
      vertex -5.16452 37.487 0
      vertex -9.45616 28.3001 0
    endloop
  endfacet
  facet normal -0 0 -1
    outer loop
      vertex -5.16452 37.487 0
      vertex -10.4055 28.7328 0
      vertex -5.60112 37.7749 0
    endloop
  endfacet
  facet normal 0 0 -1
    outer loop
      vertex -11.2988 29.1805 0
      vertex -5.60112 37.7749 0
      vertex -10.4055 28.7328 0
    endloop
  endfacet
  facet normal -0 0 -1
    outer loop
      vertex -5.60112 37.7749 0
      vertex -11.2988 29.1805 0
      vertex -6.00696 38.0786 0
    endloop
  endfacet
  facet normal 0 0 -1
    outer loop
      vertex -12.1361 29.6432 0
      vertex -6.00696 38.0786 0
      vertex -11.2988 29.1805 0
    endloop
  endfacet
  facet normal -0 0 -1
    outer loop
      vertex -6.00696 38.0786 0
      vertex -12.1361 29.6432 0
      vertex -6.38203 38.3981 0
    endloop
  endfacet
  facet normal 0 0 -1
    outer loop
      vertex -12.9174 30.1208 0
      vertex -6.38203 38.3981 0
      vertex -12.1361 29.6432 0
    endloop
  endfacet
  facet normal -0 0 -1
    outer loop
      vertex -6.38203 38.3981 0
      vertex -12.9174 30.1208 0
      vertex -6.72636 38.7334 0
    endloop
  endfacet
  facet normal 0 0 -1
    outer loop
      vertex -13.6427 30.6134 0
      vertex -6.72636 38.7334 0
      vertex -12.9174 30.1208 0
    endloop
  endfacet
  facet normal -0 0 -1
    outer loop
      vertex -6.72636 38.7334 0
      vertex -14.312 31.1211 0
      vertex -7.03993 39.0845 0
    endloop
  endfacet
  facet normal 0 0 -1
    outer loop
      vertex -14.312 31.1211 0
      vertex -6.72636 38.7334 0
      vertex -13.6427 30.6134 0
    endloop
  endfacet
  facet normal 0 0 -1
    outer loop
      vertex 9.34869 41.0755 0
      vertex 19.9249 44.1733 0
      vertex 20.4038 42.1961 0
    endloop
  endfacet
  facet normal -0 0 -1
    outer loop
      vertex 19.9249 44.1733 0
      vertex 9.34869 41.0755 0
      vertex 19.3055 45.9967 0
    endloop
  endfacet
  facet normal 0 0 -1
    outer loop
      vertex 8.74835 42.952 0
      vertex 19.3055 45.9967 0
      vertex 9.34869 41.0755 0
    endloop
  endfacet
  facet normal -0 0 -1
    outer loop
      vertex 18.5458 47.6662 0
      vertex 8.74835 42.952 0
      vertex 17.6457 49.1819 0
    endloop
  endfacet
  facet normal 0 0 -1
    outer loop
      vertex 7.91927 44.5399 0
      vertex 17.6457 49.1819 0
      vertex 8.74835 42.952 0
    endloop
  endfacet
  facet normal -0 0 -1
    outer loop
      vertex 17.6457 49.1819 0
      vertex 7.91927 44.5399 0
      vertex 16.6052 50.5438 0
    endloop
  endfacet
  facet normal -0 0 -1
    outer loop
      vertex 16.6052 50.5438 0
      vertex 7.91927 44.5399 0
      vertex 15.4243 51.7519 0
    endloop
  endfacet
  facet normal -0 0 -1
    outer loop
      vertex 15.4243 51.7519 0
      vertex 7.91927 44.5399 0
      vertex 14.1031 52.8061 0
    endloop
  endfacet
  facet normal -0 0 -1
    outer loop
      vertex 19.3055 45.9967 0
      vertex 8.74835 42.952 0
      vertex 18.5458 47.6662 0
    endloop
  endfacet
  facet normal 0 0 -1
    outer loop
      vertex 6.86143 45.839 0
      vertex 14.1031 52.8061 0
      vertex 7.91927 44.5399 0
    endloop
  endfacet
  facet normal -0 0 -1
    outer loop
      vertex 14.1031 52.8061 0
      vertex 6.86143 45.839 0
      vertex 12.6343 53.7137 0
    endloop
  endfacet
  facet normal -0 0 -1
    outer loop
      vertex 12.6343 53.7137 0
      vertex 6.86143 45.839 0
      vertex 11.0109 54.4817 0
    endloop
  endfacet
  facet normal 0 0 -1
    outer loop
      vertex 5.57487 46.8495 0
      vertex 11.0109 54.4817 0
      vertex 6.86143 45.839 0
    endloop
  endfacet
  facet normal -0 0 -1
    outer loop
      vertex 11.0109 54.4817 0
      vertex 5.57487 46.8495 0
      vertex 9.23291 55.1101 0
    endloop
  endfacet
  facet normal -0 0 -1
    outer loop
      vertex 9.23291 55.1101 0
      vertex 5.57487 46.8495 0
      vertex 7.30028 55.5988 0
    endloop
  endfacet
  facet normal 0 0 -1
    outer loop
      vertex 4.05956 47.5712 0
      vertex 7.30028 55.5988 0
      vertex 5.57487 46.8495 0
    endloop
  endfacet
  facet normal -0 0 -1
    outer loop
      vertex 7.30028 55.5988 0
      vertex 4.05956 47.5712 0
      vertex 5.21304 55.9479 0
    endloop
  endfacet
  facet normal 0 0 -1
    outer loop
      vertex 2.31549 48.0043 0
      vertex 5.21304 55.9479 0
      vertex 4.05956 47.5712 0
    endloop
  endfacet
  facet normal -0 0 -1
    outer loop
      vertex 5.21304 55.9479 0
      vertex 2.31549 48.0043 0
      vertex 2.97118 56.1574 0
    endloop
  endfacet
  facet normal 0 0 -1
    outer loop
      vertex 2.31549 48.0043 0
      vertex 0.574677 56.2272 0
      vertex 2.97118 56.1574 0
    endloop
  endfacet
  facet normal 0 0 -1
    outer loop
      vertex 0.342682 48.1486 0
      vertex 0.574677 56.2272 0
      vertex 2.31549 48.0043 0
    endloop
  endfacet
  facet normal 0 0 -1
    outer loop
      vertex -0.788483 48.1174 0
      vertex 0.574677 56.2272 0
      vertex 0.342682 48.1486 0
    endloop
  endfacet
  facet normal 0 0 -1
    outer loop
      vertex -1.89479 56.1467 0
      vertex -0.788483 48.1174 0
      vertex -1.84079 48.024 0
    endloop
  endfacet
  facet normal 0 0 -1
    outer loop
      vertex -0.788483 48.1174 0
      vertex -1.89479 56.1467 0
      vertex 0.574677 56.2272 0
    endloop
  endfacet
  facet normal 0 0 -1
    outer loop
      vertex -4.22308 55.9053 0
      vertex -1.84079 48.024 0
      vertex -2.81424 47.8681 0
    endloop
  endfacet
  facet normal 0 0 -1
    outer loop
      vertex -4.22308 55.9053 0
      vertex -2.81424 47.8681 0
      vertex -3.70882 47.65 0
    endloop
  endfacet
  facet normal 0 0 -1
    outer loop
      vertex -1.84079 48.024 0
      vertex -4.22308 55.9053 0
      vertex -1.89479 56.1467 0
    endloop
  endfacet
  facet normal 0 0 -1
    outer loop
      vertex -6.41017 55.503 0
      vertex -3.70882 47.65 0
      vertex -4.52452 47.3695 0
    endloop
  endfacet
  facet normal 0 0 -1
    outer loop
      vertex -8.45605 54.9398 0
      vertex -4.52452 47.3695 0
      vertex -5.26135 47.0267 0
    endloop
  endfacet
  facet normal 0 0 -1
    outer loop
      vertex -8.45605 54.9398 0
      vertex -5.26135 47.0267 0
      vertex -5.91931 46.6216 0
    endloop
  endfacet
  facet normal 0 0 -1
    outer loop
      vertex -3.70882 47.65 0
      vertex -6.41017 55.503 0
      vertex -4.22308 55.9053 0
    endloop
  endfacet
  facet normal 0 0 -1
    outer loop
      vertex -10.3607 54.2156 0
      vertex -5.91931 46.6216 0
      vertex -6.49352 46.1582 0
    endloop
  endfacet
  facet normal 0 0 -1
    outer loop
      vertex -12.1243 53.3306 0
      vertex -6.49352 46.1582 0
      vertex -6.97937 45.6404 0
    endloop
  endfacet
  facet normal 0 0 -1
    outer loop
      vertex -13.7466 52.2845 0
      vertex -6.97937 45.6404 0
      vertex -7.37689 45.0682 0
    endloop
  endfacet
  facet normal 0 0 -1
    outer loop
      vertex -15.1873 51.1005 0
      vertex -7.37689 45.0682 0
      vertex -7.68608 44.4415 0
    endloop
  endfacet
  facet normal 0 0 -1
    outer loop
      vertex -17.4038 48.3868 0
      vertex -7.68608 44.4415 0
      vertex -7.90692 43.7604 0
    endloop
  endfacet
  facet normal 0 0 -1
    outer loop
      vertex -18.1795 46.8573 0
      vertex -7.90692 43.7604 0
      vertex -8.03943 43.0249 0
    endloop
  endfacet
  facet normal 0 0 -1
    outer loop
      vertex -4.52452 47.3695 0
      vertex -8.45605 54.9398 0
      vertex -6.41017 55.503 0
    endloop
  endfacet
  facet normal 0 0 -1
    outer loop
      vertex -19.0661 43.4527 0
      vertex -8.03943 43.0249 0
      vertex -8.0836 42.2349 0
    endloop
  endfacet
  facet normal 0 0 -1
    outer loop
      vertex -14.9253 31.6437 0
      vertex -7.03993 39.0845 0
      vertex -14.312 31.1211 0
    endloop
  endfacet
  facet normal 0 0 -1
    outer loop
      vertex -15.4913 32.1868 0
      vertex -7.03993 39.0845 0
      vertex -14.9253 31.6437 0
    endloop
  endfacet
  facet normal -0 0 -1
    outer loop
      vertex -7.03993 39.0845 0
      vertex -15.4913 32.1868 0
      vertex -7.31683 39.4564 0
    endloop
  endfacet
  facet normal 0 0 -1
    outer loop
      vertex -5.91931 46.6216 0
      vertex -10.3607 54.2156 0
      vertex -8.45605 54.9398 0
    endloop
  endfacet
  facet normal 0 0 -1
    outer loop
      vertex -16.0186 32.756 0
      vertex -7.31683 39.4564 0
      vertex -15.4913 32.1868 0
    endloop
  endfacet
  facet normal 0 0 -1
    outer loop
      vertex -6.49352 46.1582 0
      vertex -12.1243 53.3306 0
      vertex -10.3607 54.2156 0
    endloop
  endfacet
  facet normal 0 0 -1
    outer loop
      vertex -16.5073 33.3511 0
      vertex -7.31683 39.4564 0
      vertex -16.0186 32.756 0
    endloop
  endfacet
  facet normal -0 0 -1
    outer loop
      vertex -7.31683 39.4564 0
      vertex -16.5073 33.3511 0
      vertex -7.55112 39.8544 0
    endloop
  endfacet
  facet normal 0 0 -1
    outer loop
      vertex -16.9574 33.9724 0
      vertex -7.55112 39.8544 0
      vertex -16.5073 33.3511 0
    endloop
  endfacet
  facet normal 0 0 -1
    outer loop
      vertex -6.97937 45.6404 0
      vertex -13.7466 52.2845 0
      vertex -12.1243 53.3306 0
    endloop
  endfacet
  facet normal 0 0 -1
    outer loop
      vertex -17.3688 34.6196 0
      vertex -7.55112 39.8544 0
      vertex -16.9574 33.9724 0
    endloop
  endfacet
  facet normal 0 0 -1
    outer loop
      vertex -17.7416 35.2929 0
      vertex -7.55112 39.8544 0
      vertex -17.3688 34.6196 0
    endloop
  endfacet
  facet normal 0 0 -1
    outer loop
      vertex -7.37689 45.0682 0
      vertex -15.1873 51.1005 0
      vertex -13.7466 52.2845 0
    endloop
  endfacet
  facet normal -0 0 -1
    outer loop
      vertex -7.55112 39.8544 0
      vertex -17.7416 35.2929 0
      vertex -7.74281 40.2784 0
    endloop
  endfacet
  facet normal 0 0 -1
    outer loop
      vertex -18.0757 35.9922 0
      vertex -7.74281 40.2784 0
      vertex -17.7416 35.2929 0
    endloop
  endfacet
  facet normal 0 0 -1
    outer loop
      vertex -18.3679 36.7168 0
      vertex -7.74281 40.2784 0
      vertex -18.0757 35.9922 0
    endloop
  endfacet
  facet normal -0 0 -1
    outer loop
      vertex -7.74281 40.2784 0
      vertex -18.3679 36.7168 0
      vertex -7.89191 40.7285 0
    endloop
  endfacet
  facet normal 0 0 -1
    outer loop
      vertex -18.6151 37.4658 0
      vertex -7.89191 40.7285 0
      vertex -18.3679 36.7168 0
    endloop
  endfacet
  facet normal 0 0 -1
    outer loop
      vertex -18.8174 38.2393 0
      vertex -7.89191 40.7285 0
      vertex -18.6151 37.4658 0
    endloop
  endfacet
  facet normal -0 0 -1
    outer loop
      vertex -7.89191 40.7285 0
      vertex -18.8174 38.2393 0
      vertex -7.99841 41.2046 0
    endloop
  endfacet
  facet normal 0 0 -1
    outer loop
      vertex -18.9747 39.0372 0
      vertex -7.99841 41.2046 0
      vertex -18.8174 38.2393 0
    endloop
  endfacet
  facet normal 0 0 -1
    outer loop
      vertex -19.0871 39.8596 0
      vertex -7.99841 41.2046 0
      vertex -18.9747 39.0372 0
    endloop
  endfacet
  facet normal -0 0 -1
    outer loop
      vertex -7.99841 41.2046 0
      vertex -19.0871 39.8596 0
      vertex -8.0623 41.7067 0
    endloop
  endfacet
  facet normal 0 0 -1
    outer loop
      vertex -19.1545 40.7064 0
      vertex -8.0623 41.7067 0
      vertex -19.0871 39.8596 0
    endloop
  endfacet
  facet normal 0 0 -1
    outer loop
      vertex -19.1769 41.5777 0
      vertex -8.0623 41.7067 0
      vertex -19.1545 40.7064 0
    endloop
  endfacet
  facet normal -0 0 -1
    outer loop
      vertex -8.0623 41.7067 0
      vertex -19.1769 41.5777 0
      vertex -8.0836 42.2349 0
    endloop
  endfacet
  facet normal 0 -0 -1
    outer loop
      vertex -19.0661 43.4527 0
      vertex -8.0836 42.2349 0
      vertex -19.1769 41.5777 0
    endloop
  endfacet
  facet normal 0 0 -1
    outer loop
      vertex -8.03943 43.0249 0
      vertex -19.0661 43.4527 0
      vertex -18.7336 45.2126 0
    endloop
  endfacet
  facet normal 0 0 -1
    outer loop
      vertex -8.03943 43.0249 0
      vertex -18.7336 45.2126 0
      vertex -18.1795 46.8573 0
    endloop
  endfacet
  facet normal 0 0 -1
    outer loop
      vertex -7.68608 44.4415 0
      vertex -16.4063 49.8012 0
      vertex -15.1873 51.1005 0
    endloop
  endfacet
  facet normal 0 0 -1
    outer loop
      vertex -7.68608 44.4415 0
      vertex -17.4038 48.3868 0
      vertex -16.4063 49.8012 0
    endloop
  endfacet
  facet normal 0 0 -1
    outer loop
      vertex -7.90692 43.7604 0
      vertex -18.1795 46.8573 0
      vertex -17.4038 48.3868 0
    endloop
  endfacet
  facet normal 0 0 -1
    outer loop
      vertex -15.609 3.19243 0
      vertex -15.2689 6.99013 0
      vertex -15.2041 3.24359 0
    endloop
  endfacet
  facet normal 0 0 -1
    outer loop
      vertex -16.0043 3.09093 0
      vertex -15.2689 6.99013 0
      vertex -15.609 3.19243 0
    endloop
  endfacet
  facet normal 0 0 -1
    outer loop
      vertex -16.3838 2.94069 0
      vertex -15.2689 6.99013 0
      vertex -16.0043 3.09093 0
    endloop
  endfacet
  facet normal 0 0 -1
    outer loop
      vertex -16.7414 2.74407 0
      vertex -15.2689 6.99013 0
      vertex -16.3838 2.94069 0
    endloop
  endfacet
  facet normal 0 0 -1
    outer loop
      vertex -17.0716 2.50417 0
      vertex -15.2689 6.99013 0
      vertex -16.7414 2.74407 0
    endloop
  endfacet
  facet normal 0 0 -1
    outer loop
      vertex -21.7336 1.62869 0
      vertex -17.0716 2.50417 0
      vertex -17.3691 2.22478 0
    endloop
  endfacet
  facet normal 0 0 -1
    outer loop
      vertex -21.5355 1.51979 0
      vertex -17.3691 2.22478 0
      vertex -17.6293 1.9103 0
    endloop
  endfacet
  facet normal 0 0 -1
    outer loop
      vertex -21.1879 1.23218 0
      vertex -17.6293 1.9103 0
      vertex -17.848 1.5657 0
    endloop
  endfacet
  facet normal 0 0 -1
    outer loop
      vertex -20.7142 0.225599 0
      vertex -18.25 0 0
      vertex -20.7 0 0
    endloop
  endfacet
  facet normal 0 0 -1
    outer loop
      vertex -18.25 0 0
      vertex -20.7142 0.225599 0
      vertex -18.2244 0.407332 0
    endloop
  endfacet
  facet normal 0 0 -1
    outer loop
      vertex -20.7565 0.447641 0
      vertex -18.2244 0.407332 0
      vertex -20.7142 0.225599 0
    endloop
  endfacet
  facet normal 0 0 -1
    outer loop
      vertex -18.2244 0.407332 0
      vertex -20.7565 0.447641 0
      vertex -18.1479 0.808242 0
    endloop
  endfacet
  facet normal 0 0 -1
    outer loop
      vertex -20.8264 0.662623 0
      vertex -18.1479 0.808242 0
      vertex -20.7565 0.447641 0
    endloop
  endfacet
  facet normal 0 0 -1
    outer loop
      vertex -20.9226 0.867156 0
      vertex -18.1479 0.808242 0
      vertex -20.8264 0.662623 0
    endloop
  endfacet
  facet normal 0 0 -1
    outer loop
      vertex -18.1479 0.808242 0
      vertex -20.9226 0.867156 0
      vertex -18.0218 1.1964 0
    endloop
  endfacet
  facet normal 0 0 -1
    outer loop
      vertex -21.0438 1.05801 0
      vertex -18.0218 1.1964 0
      vertex -20.9226 0.867156 0
    endloop
  endfacet
  facet normal -0 0 -1
    outer loop
      vertex -18.0218 1.1964 0
      vertex -21.0438 1.05801 0
      vertex -17.848 1.5657 0
    endloop
  endfacet
  facet normal 0 0 -1
    outer loop
      vertex -21.1879 1.23218 0
      vertex -17.848 1.5657 0
      vertex -21.0438 1.05801 0
    endloop
  endfacet
  facet normal 0 0 -1
    outer loop
      vertex -17.6293 1.9103 0
      vertex -21.1879 1.23218 0
      vertex -21.3526 1.38692 0
    endloop
  endfacet
  facet normal 0 0 -1
    outer loop
      vertex -17.6293 1.9103 0
      vertex -21.3526 1.38692 0
      vertex -21.5355 1.51979 0
    endloop
  endfacet
  facet normal 0 0 -1
    outer loop
      vertex -17.3691 2.22478 0
      vertex -21.5355 1.51979 0
      vertex -21.7336 1.62869 0
    endloop
  endfacet
  facet normal 0 0 -1
    outer loop
      vertex -17.0716 2.50417 0
      vertex -21.7336 1.62869 0
      vertex -21.9438 1.7119 0
    endloop
  endfacet
  facet normal -0 0 -1
    outer loop
      vertex -17.0716 2.50417 0
      vertex -21.9438 1.7119 0
      vertex -15.2689 6.99013 0
    endloop
  endfacet
  facet normal 0 0 -1
    outer loop
      vertex -22.1627 1.76812 0
      vertex -15.2689 6.99013 0
      vertex -21.9438 1.7119 0
    endloop
  endfacet
  facet normal 0 0 -1
    outer loop
      vertex -22.387 1.79645 0
      vertex -15.2689 6.99013 0
      vertex -22.1627 1.76812 0
    endloop
  endfacet
  facet normal 0 0 -1
    outer loop
      vertex -22.613 1.79645 0
      vertex -15.2689 6.99013 0
      vertex -22.387 1.79645 0
    endloop
  endfacet
  facet normal 0 0 -1
    outer loop
      vertex -32.314 6.99013 0
      vertex -22.613 1.79645 0
      vertex -22.8373 1.76812 0
    endloop
  endfacet
  facet normal 0 0 -1
    outer loop
      vertex -28.2586 2.74407 0
      vertex -22.8373 1.76812 0
      vertex -23.0562 1.7119 0
    endloop
  endfacet
  facet normal 0 0 -1
    outer loop
      vertex -27.9284 2.50417 0
      vertex -23.0562 1.7119 0
      vertex -23.2664 1.62869 0
    endloop
  endfacet
  facet normal 0 0 -1
    outer loop
      vertex -27.6309 2.22478 0
      vertex -23.2664 1.62869 0
      vertex -23.4645 1.51979 0
    endloop
  endfacet
  facet normal 0 0 -1
    outer loop
      vertex -26.75 0 0
      vertex -24.2858 0.225599 0
      vertex -24.3 0 0
    endloop
  endfacet
  facet normal 0 0 -1
    outer loop
      vertex -26.7756 0.407332 0
      vertex -24.2858 0.225599 0
      vertex -26.75 0 0
    endloop
  endfacet
  facet normal 0 0 -1
    outer loop
      vertex -24.2858 0.225599 0
      vertex -26.7756 0.407332 0
      vertex -24.2435 0.447641 0
    endloop
  endfacet
  facet normal 0 0 -1
    outer loop
      vertex -26.8521 0.808242 0
      vertex -24.2435 0.447641 0
      vertex -26.7756 0.407332 0
    endloop
  endfacet
  facet normal 0 0 -1
    outer loop
      vertex -24.2435 0.447641 0
      vertex -26.8521 0.808242 0
      vertex -24.1736 0.662623 0
    endloop
  endfacet
  facet normal 0 0 -1
    outer loop
      vertex -24.1736 0.662623 0
      vertex -26.8521 0.808242 0
      vertex -24.0774 0.867156 0
    endloop
  endfacet
  facet normal 0 0 -1
    outer loop
      vertex -26.9782 1.1964 0
      vertex -24.0774 0.867156 0
      vertex -26.8521 0.808242 0
    endloop
  endfacet
  facet normal 0 0 -1
    outer loop
      vertex -24.0774 0.867156 0
      vertex -26.9782 1.1964 0
      vertex -23.9562 1.05801 0
    endloop
  endfacet
  facet normal 0 0 -1
    outer loop
      vertex -27.152 1.5657 0
      vertex -23.9562 1.05801 0
      vertex -26.9782 1.1964 0
    endloop
  endfacet
  facet normal 0 0 -1
    outer loop
      vertex -23.9562 1.05801 0
      vertex -27.152 1.5657 0
      vertex -23.8121 1.23218 0
    endloop
  endfacet
  facet normal 0 0 -1
    outer loop
      vertex -27.3707 1.9103 0
      vertex -23.8121 1.23218 0
      vertex -27.152 1.5657 0
    endloop
  endfacet
  facet normal 0 0 -1
    outer loop
      vertex -23.8121 1.23218 0
      vertex -27.3707 1.9103 0
      vertex -23.6474 1.38692 0
    endloop
  endfacet
  facet normal 0 0 -1
    outer loop
      vertex -23.6474 1.38692 0
      vertex -27.3707 1.9103 0
      vertex -23.4645 1.51979 0
    endloop
  endfacet
  facet normal 0 0 -1
    outer loop
      vertex -27.6309 2.22478 0
      vertex -23.4645 1.51979 0
      vertex -27.3707 1.9103 0
    endloop
  endfacet
  facet normal 0 0 -1
    outer loop
      vertex -23.2664 1.62869 0
      vertex -27.6309 2.22478 0
      vertex -27.9284 2.50417 0
    endloop
  endfacet
  facet normal 0 0 -1
    outer loop
      vertex -23.0562 1.7119 0
      vertex -27.9284 2.50417 0
      vertex -28.2586 2.74407 0
    endloop
  endfacet
  facet normal 0 0 -1
    outer loop
      vertex -22.8373 1.76812 0
      vertex -28.2586 2.74407 0
      vertex -32.314 6.99013 0
    endloop
  endfacet
  facet normal 0 0 -1
    outer loop
      vertex -32.314 6.99013 0
      vertex -28.2586 2.74407 0
      vertex -28.6162 2.94069 0
    endloop
  endfacet
  facet normal 0 0 -1
    outer loop
      vertex -32.314 6.99013 0
      vertex -28.6162 2.94069 0
      vertex -28.9957 3.09093 0
    endloop
  endfacet
  facet normal 0 0 -1
    outer loop
      vertex -32.314 6.99013 0
      vertex -28.9957 3.09093 0
      vertex -29.391 3.19243 0
    endloop
  endfacet
  facet normal 0 0 -1
    outer loop
      vertex -32.314 6.99013 0
      vertex -29.391 3.19243 0
      vertex -29.7959 3.24359 0
    endloop
  endfacet
  facet normal 0 0 -1
    outer loop
      vertex -32.314 6.99013 0
      vertex -29.7959 3.24359 0
      vertex -30.2041 3.24359 0
    endloop
  endfacet
  facet normal 0 0 -1
    outer loop
      vertex -32.314 6.99013 0
      vertex -30.2041 3.24359 0
      vertex -30.609 3.19243 0
    endloop
  endfacet
  facet normal 0 0 -1
    outer loop
      vertex -22.613 1.79645 0
      vertex -32.314 6.99013 0
      vertex -15.2689 6.99013 0
    endloop
  endfacet
  facet normal 0 0 -1
    outer loop
      vertex -31.0043 3.09093 0
      vertex -32.314 6.99013 0
      vertex -30.609 3.19243 0
    endloop
  endfacet
  facet normal 0 0 -1
    outer loop
      vertex -31.3838 2.94069 0
      vertex -32.314 6.99013 0
      vertex -31.0043 3.09093 0
    endloop
  endfacet
  facet normal 0 0 -1
    outer loop
      vertex -32.9369 6.91144 0
      vertex -31.3838 2.94069 0
      vertex -31.7414 2.74407 0
    endloop
  endfacet
  facet normal 0 0 -1
    outer loop
      vertex -34.1289 6.52413 0
      vertex -31.7414 2.74407 0
      vertex -32.0716 2.50417 0
    endloop
  endfacet
  facet normal 0 0 -1
    outer loop
      vertex -35.1871 5.85257 0
      vertex -32.0716 2.50417 0
      vertex -32.3691 2.22478 0
    endloop
  endfacet
  facet normal 0 0 -1
    outer loop
      vertex -36.0451 4.93893 0
      vertex -32.3691 2.22478 0
      vertex -32.6293 1.9103 0
    endloop
  endfacet
  facet normal 0 0 -1
    outer loop
      vertex -36.6489 3.84062 0
      vertex -32.6293 1.9103 0
      vertex -32.848 1.5657 0
    endloop
  endfacet
  facet normal 0 0 -1
    outer loop
      vertex -31.3838 2.94069 0
      vertex -32.9369 6.91144 0
      vertex -32.314 6.99013 0
    endloop
  endfacet
  facet normal 0 0 -1
    outer loop
      vertex -36.9606 2.62667 0
      vertex -32.848 1.5657 0
      vertex -33.0218 1.1964 0
    endloop
  endfacet
  facet normal 0 0 -1
    outer loop
      vertex -37 2 0
      vertex -33.0218 1.1964 0
      vertex -33.1479 0.808242 0
    endloop
  endfacet
  facet normal 0 0 -1
    outer loop
      vertex -37 2 0
      vertex -33.1479 0.808242 0
      vertex -33.2244 0.407332 0
    endloop
  endfacet
  facet normal 0 0 -1
    outer loop
      vertex -37 2 0
      vertex -33.2244 0.407332 0
      vertex -33.25 0 0
    endloop
  endfacet
  facet normal 0 0 -1
    outer loop
      vertex -31.7414 2.74407 0
      vertex -33.5451 6.75528 0
      vertex -32.9369 6.91144 0
    endloop
  endfacet
  facet normal 0 0 -1
    outer loop
      vertex -36.3815 -4.40877 0
      vertex -32.6293 -1.9103 0
      vertex -36.0451 -4.93893 0
    endloop
  endfacet
  facet normal 0 0 -1
    outer loop
      vertex -36.6489 -3.84062 0
      vertex -32.6293 -1.9103 0
      vertex -36.3815 -4.40877 0
    endloop
  endfacet
  facet normal 0 0 -1
    outer loop
      vertex -37 2 0
      vertex -33.25 0 0
      vertex -37 -2 0
    endloop
  endfacet
  facet normal -0 0 -1
    outer loop
      vertex -32.6293 -1.9103 0
      vertex -36.6489 -3.84062 0
      vertex -32.848 -1.5657 0
    endloop
  endfacet
  facet normal 0 0 -1
    outer loop
      vertex -33.0218 1.1964 0
      vertex -37 2 0
      vertex -36.9606 2.62667 0
    endloop
  endfacet
  facet normal 0 0 -1
    outer loop
      vertex -36.8429 -3.24345 0
      vertex -32.848 -1.5657 0
      vertex -36.6489 -3.84062 0
    endloop
  endfacet
  facet normal 0 0 -1
    outer loop
      vertex -31.7414 2.74407 0
      vertex -34.1289 6.52413 0
      vertex -33.5451 6.75528 0
    endloop
  endfacet
  facet normal 0 0 -1
    outer loop
      vertex -36.9606 -2.62667 0
      vertex -32.848 -1.5657 0
      vertex -36.8429 -3.24345 0
    endloop
  endfacet
  facet normal 0 0 -1
    outer loop
      vertex -32.0716 2.50417 0
      vertex -34.6791 6.22164 0
      vertex -34.1289 6.52413 0
    endloop
  endfacet
  facet normal -0 0 -1
    outer loop
      vertex -32.848 -1.5657 0
      vertex -36.9606 -2.62667 0
      vertex -33.0218 -1.1964 0
    endloop
  endfacet
  facet normal 0 0 -1
    outer loop
      vertex -32.0716 2.50417 0
      vertex -35.1871 5.85257 0
      vertex -34.6791 6.22164 0
    endloop
  endfacet
  facet normal 0 0 -1
    outer loop
      vertex -37 -2 0
      vertex -33.0218 -1.1964 0
      vertex -36.9606 -2.62667 0
    endloop
  endfacet
  facet normal 0 0 -1
    outer loop
      vertex -32.3691 2.22478 0
      vertex -35.6448 5.42274 0
      vertex -35.1871 5.85257 0
    endloop
  endfacet
  facet normal -0 0 -1
    outer loop
      vertex -33.0218 -1.1964 0
      vertex -37 -2 0
      vertex -33.1479 -0.808242 0
    endloop
  endfacet
  facet normal 0 0 -1
    outer loop
      vertex -32.3691 2.22478 0
      vertex -36.0451 4.93893 0
      vertex -35.6448 5.42274 0
    endloop
  endfacet
  facet normal -0 0 -1
    outer loop
      vertex -33.1479 -0.808242 0
      vertex -37 -2 0
      vertex -33.2244 -0.407332 0
    endloop
  endfacet
  facet normal 0 0 -1
    outer loop
      vertex -32.6293 1.9103 0
      vertex -36.3815 4.40877 0
      vertex -36.0451 4.93893 0
    endloop
  endfacet
  facet normal -0 0 -1
    outer loop
      vertex -33.2244 -0.407332 0
      vertex -37 -2 0
      vertex -33.25 0 0
    endloop
  endfacet
  facet normal 0 0 -1
    outer loop
      vertex -32.6293 1.9103 0
      vertex -36.6489 3.84062 0
      vertex -36.3815 4.40877 0
    endloop
  endfacet
  facet normal 0 0 -1
    outer loop
      vertex -32.848 1.5657 0
      vertex -36.8429 3.24345 0
      vertex -36.6489 3.84062 0
    endloop
  endfacet
  facet normal 0 0 -1
    outer loop
      vertex -32.848 1.5657 0
      vertex -36.9606 2.62667 0
      vertex -36.8429 3.24345 0
    endloop
  endfacet
  facet normal -0 0 -1
    outer loop
      vertex -9.24345 0.447641 0
      vertex -11.7756 0.407332 0
      vertex -11.8521 0.808242 0
    endloop
  endfacet
  facet normal -0 0 -1
    outer loop
      vertex -9.07735 0.867156 0
      vertex -11.8521 0.808242 0
      vertex -11.9782 1.1964 0
    endloop
  endfacet
  facet normal 0 0 -1
    outer loop
      vertex -8.95623 1.05801 0
      vertex -11.9782 1.1964 0
      vertex -12.152 1.5657 0
    endloop
  endfacet
  facet normal 0 0 -1
    outer loop
      vertex -8.81214 1.23218 0
      vertex -12.152 1.5657 0
      vertex -12.3707 1.9103 0
    endloop
  endfacet
  facet normal 0 0 -1
    outer loop
      vertex -8.46449 1.51979 0
      vertex -12.3707 1.9103 0
      vertex -12.6309 2.22478 0
    endloop
  endfacet
  facet normal 0 0 -1
    outer loop
      vertex -17.3188 8.79677 0
      vertex -9.06526 15.2345 0
      vertex -15.9352 7.4904 0
    endloop
  endfacet
  facet normal 0 0 -1
    outer loop
      vertex -15.9352 7.4904 0
      vertex -8.4563 14.4768 0
      vertex -15.2689 6.99013 0
    endloop
  endfacet
  facet normal 0 0 -1
    outer loop
      vertex -15.2689 6.99013 0
      vertex -12.9284 2.50417 0
      vertex -13.2586 2.74407 0
    endloop
  endfacet
  facet normal 0 0 -1
    outer loop
      vertex -15.2689 6.99013 0
      vertex -13.2586 2.74407 0
      vertex -13.6162 2.94069 0
    endloop
  endfacet
  facet normal 0 0 -1
    outer loop
      vertex -15.2689 6.99013 0
      vertex -13.6162 2.94069 0
      vertex -13.9957 3.09093 0
    endloop
  endfacet
  facet normal 0 0 -1
    outer loop
      vertex -15.2689 6.99013 0
      vertex -13.9957 3.09093 0
      vertex -14.391 3.19243 0
    endloop
  endfacet
  facet normal 0 0 -1
    outer loop
      vertex -15.2689 6.99013 0
      vertex -14.391 3.19243 0
      vertex -14.7959 3.24359 0
    endloop
  endfacet
  facet normal 0 0 -1
    outer loop
      vertex -15.2689 6.99013 0
      vertex -14.7959 3.24359 0
      vertex -15.2041 3.24359 0
    endloop
  endfacet
  facet normal 0 0 -1
    outer loop
      vertex -18.5352 10.2451 0
      vertex -9.59537 16.0544 0
      vertex -17.3188 8.79677 0
    endloop
  endfacet
  facet normal 0 0 -1
    outer loop
      vertex -19.5843 11.8354 0
      vertex -9.59537 16.0544 0
      vertex -18.5352 10.2451 0
    endloop
  endfacet
  facet normal -0 0 -1
    outer loop
      vertex -9.59537 16.0544 0
      vertex -19.5843 11.8354 0
      vertex -10.0466 16.9367 0
    endloop
  endfacet
  facet normal 0 0 -1
    outer loop
      vertex -20.4662 13.5677 0
      vertex -10.0466 16.9367 0
      vertex -19.5843 11.8354 0
    endloop
  endfacet
  facet normal -0 0 -1
    outer loop
      vertex -10.0466 16.9367 0
      vertex -20.4662 13.5677 0
      vertex -10.419 17.8813 0
    endloop
  endfacet
  facet normal 0 0 -1
    outer loop
      vertex -21.1808 15.4419 0
      vertex -10.419 17.8813 0
      vertex -20.4662 13.5677 0
    endloop
  endfacet
  facet normal -0 0 -1
    outer loop
      vertex -10.419 17.8813 0
      vertex -21.1808 15.4419 0
      vertex -10.7124 18.8882 0
    endloop
  endfacet
  facet normal 0 0 -1
    outer loop
      vertex -10.7124 18.8882 0
      vertex -21.1808 15.4419 0
      vertex -21.7283 17.4581 0
    endloop
  endfacet
  facet normal -0.951072 -0.30897 0
    outer loop
      vertex -36.6489 -3.84062 0
      vertex -36.8429 -3.24345 1
      vertex -36.8429 -3.24345 0
    endloop
  endfacet
  facet normal -0.951072 -0.30897 0
    outer loop
      vertex -36.8429 -3.24345 1
      vertex -36.6489 -3.84062 0
      vertex -36.6489 -3.84062 1
    endloop
  endfacet
  facet normal -0.904797 -0.425843 0
    outer loop
      vertex -36.3815 -4.40877 0
      vertex -36.6489 -3.84062 1
      vertex -36.6489 -3.84062 0
    endloop
  endfacet
  facet normal -0.904797 -0.425843 0
    outer loop
      vertex -36.6489 -3.84062 1
      vertex -36.3815 -4.40877 0
      vertex -36.3815 -4.40877 1
    endloop
  endfacet
  facet normal -0.770468 -0.637478 0
    outer loop
      vertex -35.6448 -5.42274 0
      vertex -36.0451 -4.93893 1
      vertex -36.0451 -4.93893 0
    endloop
  endfacet
  facet normal -0.770468 -0.637478 0
    outer loop
      vertex -36.0451 -4.93893 1
      vertex -35.6448 -5.42274 0
      vertex -35.6448 -5.42274 1
    endloop
  endfacet
  facet normal -0.844364 -0.53577 0
    outer loop
      vertex -36.0451 -4.93893 0
      vertex -36.3815 -4.40877 1
      vertex -36.3815 -4.40877 0
    endloop
  endfacet
  facet normal -0.844364 -0.53577 0
    outer loop
      vertex -36.3815 -4.40877 1
      vertex -36.0451 -4.93893 0
      vertex -36.0451 -4.93893 1
    endloop
  endfacet
  facet normal -0.248691 -0.968583 0
    outer loop
      vertex -33.5451 -6.75528 0
      vertex -32.9369 -6.91144 1
      vertex -33.5451 -6.75528 1
    endloop
  endfacet
  facet normal -0.248691 -0.968583 -0
    outer loop
      vertex -32.9369 -6.91144 1
      vertex -33.5451 -6.75528 0
      vertex -32.9369 -6.91144 0
    endloop
  endfacet
  facet normal -0.587771 -0.809027 0
    outer loop
      vertex -35.1871 -5.85257 0
      vertex -34.6791 -6.22164 1
      vertex -35.1871 -5.85257 1
    endloop
  endfacet
  facet normal -0.587771 -0.809027 -0
    outer loop
      vertex -34.6791 -6.22164 1
      vertex -35.1871 -5.85257 0
      vertex -34.6791 -6.22164 0
    endloop
  endfacet
  facet normal 0.998029 -0.0627481 0
    outer loop
      vertex 36.9606 -2.62667 1
      vertex 37 -2 0
      vertex 37 -2 1
    endloop
  endfacet
  facet normal 0.998029 -0.0627481 0
    outer loop
      vertex 37 -2 0
      vertex 36.9606 -2.62667 1
      vertex 36.9606 -2.62667 0
    endloop
  endfacet
  facet normal 0.844364 -0.53577 0
    outer loop
      vertex 36.0451 -4.93893 1
      vertex 36.3815 -4.40877 0
      vertex 36.3815 -4.40877 1
    endloop
  endfacet
  facet normal 0.844364 -0.53577 0
    outer loop
      vertex 36.3815 -4.40877 0
      vertex 36.0451 -4.93893 1
      vertex 36.0451 -4.93893 0
    endloop
  endfacet
  facet normal 0.684565 -0.728952 0
    outer loop
      vertex 35.1871 -5.85257 0
      vertex 35.6448 -5.42274 1
      vertex 35.1871 -5.85257 1
    endloop
  endfacet
  facet normal 0.684565 -0.728952 0
    outer loop
      vertex 35.6448 -5.42274 1
      vertex 35.1871 -5.85257 0
      vertex 35.6448 -5.42274 0
    endloop
  endfacet
  facet normal 0.587771 -0.809027 0
    outer loop
      vertex 34.6791 -6.22164 0
      vertex 35.1871 -5.85257 1
      vertex 34.6791 -6.22164 1
    endloop
  endfacet
  facet normal 0.587771 -0.809027 0
    outer loop
      vertex 35.1871 -5.85257 1
      vertex 34.6791 -6.22164 0
      vertex 35.1871 -5.85257 0
    endloop
  endfacet
  facet normal 0.770468 -0.637478 0
    outer loop
      vertex 35.6448 -5.42274 1
      vertex 36.0451 -4.93893 0
      vertex 36.0451 -4.93893 1
    endloop
  endfacet
  facet normal 0.770468 -0.637478 0
    outer loop
      vertex 36.0451 -4.93893 0
      vertex 35.6448 -5.42274 1
      vertex 35.6448 -5.42274 0
    endloop
  endfacet
  facet normal 0.368135 -0.929773 0
    outer loop
      vertex 33.5451 -6.75528 0
      vertex 34.1289 -6.52413 1
      vertex 33.5451 -6.75528 1
    endloop
  endfacet
  facet normal 0.368135 -0.929773 0
    outer loop
      vertex 34.1289 -6.52413 1
      vertex 33.5451 -6.75528 0
      vertex 34.1289 -6.52413 0
    endloop
  endfacet
  facet normal 0.125332 -0.992115 0
    outer loop
      vertex 32.314 -6.99013 0
      vertex 32.9369 -6.91144 1
      vertex 32.314 -6.99013 1
    endloop
  endfacet
  facet normal 0.125332 -0.992115 0
    outer loop
      vertex 32.9369 -6.91144 1
      vertex 32.314 -6.99013 0
      vertex 32.9369 -6.91144 0
    endloop
  endfacet
  facet normal 0.770468 0.637478 0
    outer loop
      vertex 36.0451 4.93893 1
      vertex 35.6448 5.42274 0
      vertex 35.6448 5.42274 1
    endloop
  endfacet
  facet normal 0.770468 0.637478 0
    outer loop
      vertex 35.6448 5.42274 0
      vertex 36.0451 4.93893 1
      vertex 36.0451 4.93893 0
    endloop
  endfacet
  facet normal 0.587771 0.809027 -0
    outer loop
      vertex 35.1871 5.85257 0
      vertex 34.6791 6.22164 1
      vertex 35.1871 5.85257 1
    endloop
  endfacet
  facet normal 0.587771 0.809027 0
    outer loop
      vertex 34.6791 6.22164 1
      vertex 35.1871 5.85257 0
      vertex 34.6791 6.22164 0
    endloop
  endfacet
  facet normal 0.481772 0.876297 -0
    outer loop
      vertex 34.6791 6.22164 0
      vertex 34.1289 6.52413 1
      vertex 34.6791 6.22164 1
    endloop
  endfacet
  facet normal 0.481772 0.876297 0
    outer loop
      vertex 34.1289 6.52413 1
      vertex 34.6791 6.22164 0
      vertex 34.1289 6.52413 0
    endloop
  endfacet
  facet normal -0.951072 0.30897 0
    outer loop
      vertex -36.8429 3.24345 0
      vertex -36.6489 3.84062 1
      vertex -36.6489 3.84062 0
    endloop
  endfacet
  facet normal -0.951072 0.30897 0
    outer loop
      vertex -36.6489 3.84062 1
      vertex -36.8429 3.24345 0
      vertex -36.8429 3.24345 1
    endloop
  endfacet
  facet normal -0.368135 0.929773 0
    outer loop
      vertex -33.5451 6.75528 0
      vertex -34.1289 6.52413 1
      vertex -33.5451 6.75528 1
    endloop
  endfacet
  facet normal -0.368135 0.929773 0
    outer loop
      vertex -34.1289 6.52413 1
      vertex -33.5451 6.75528 0
      vertex -34.1289 6.52413 0
    endloop
  endfacet
  facet normal -0.684565 0.728952 0
    outer loop
      vertex -35.1871 5.85257 0
      vertex -35.6448 5.42274 1
      vertex -35.1871 5.85257 1
    endloop
  endfacet
  facet normal -0.684565 0.728952 0
    outer loop
      vertex -35.6448 5.42274 1
      vertex -35.1871 5.85257 0
      vertex -35.6448 5.42274 0
    endloop
  endfacet
  facet normal -0.481772 0.876297 0
    outer loop
      vertex -34.1289 6.52413 0
      vertex -34.6791 6.22164 1
      vertex -34.1289 6.52413 1
    endloop
  endfacet
  facet normal -0.481772 0.876297 0
    outer loop
      vertex -34.6791 6.22164 1
      vertex -34.1289 6.52413 0
      vertex -34.6791 6.22164 0
    endloop
  endfacet
  facet normal -0.982275 -0.187447 0
    outer loop
      vertex -36.8429 -3.24345 0
      vertex -36.9606 -2.62667 1
      vertex -36.9606 -2.62667 0
    endloop
  endfacet
  facet normal -0.982275 -0.187447 0
    outer loop
      vertex -36.9606 -2.62667 1
      vertex -36.8429 -3.24345 0
      vertex -36.8429 -3.24345 1
    endloop
  endfacet
  facet normal 0.248691 -0.968583 0
    outer loop
      vertex 32.9369 -6.91144 0
      vertex 33.5451 -6.75528 1
      vertex 32.9369 -6.91144 1
    endloop
  endfacet
  facet normal 0.248691 -0.968583 0
    outer loop
      vertex 33.5451 -6.75528 1
      vertex 32.9369 -6.91144 0
      vertex 33.5451 -6.75528 0
    endloop
  endfacet
  facet normal 0.844364 0.53577 0
    outer loop
      vertex 36.3815 4.40877 1
      vertex 36.0451 4.93893 0
      vertex 36.0451 4.93893 1
    endloop
  endfacet
  facet normal 0.844364 0.53577 0
    outer loop
      vertex 36.0451 4.93893 0
      vertex 36.3815 4.40877 1
      vertex 36.3815 4.40877 0
    endloop
  endfacet
  facet normal -0.982275 0.187447 0
    outer loop
      vertex -36.9606 2.62667 0
      vertex -36.8429 3.24345 1
      vertex -36.8429 3.24345 0
    endloop
  endfacet
  facet normal -0.982275 0.187447 0
    outer loop
      vertex -36.8429 3.24345 1
      vertex -36.9606 2.62667 0
      vertex -36.9606 2.62667 1
    endloop
  endfacet
  facet normal -0.770468 0.637478 0
    outer loop
      vertex -36.0451 4.93893 0
      vertex -35.6448 5.42274 1
      vertex -35.6448 5.42274 0
    endloop
  endfacet
  facet normal -0.770468 0.637478 0
    outer loop
      vertex -35.6448 5.42274 1
      vertex -36.0451 4.93893 0
      vertex -36.0451 4.93893 1
    endloop
  endfacet
  facet normal -0.844364 0.53577 0
    outer loop
      vertex -36.3815 4.40877 0
      vertex -36.0451 4.93893 1
      vertex -36.0451 4.93893 0
    endloop
  endfacet
  facet normal -0.844364 0.53577 0
    outer loop
      vertex -36.0451 4.93893 1
      vertex -36.3815 4.40877 0
      vertex -36.3815 4.40877 1
    endloop
  endfacet
  facet normal -0.904797 0.425843 0
    outer loop
      vertex -36.6489 3.84062 0
      vertex -36.3815 4.40877 1
      vertex -36.3815 4.40877 0
    endloop
  endfacet
  facet normal -0.904797 0.425843 0
    outer loop
      vertex -36.3815 4.40877 1
      vertex -36.6489 3.84062 0
      vertex -36.6489 3.84062 1
    endloop
  endfacet
  facet normal -0.248691 0.968583 0
    outer loop
      vertex -32.9369 6.91144 0
      vertex -33.5451 6.75528 1
      vertex -32.9369 6.91144 1
    endloop
  endfacet
  facet normal -0.248691 0.968583 0
    outer loop
      vertex -33.5451 6.75528 1
      vertex -32.9369 6.91144 0
      vertex -33.5451 6.75528 0
    endloop
  endfacet
  facet normal -0.587771 0.809027 0
    outer loop
      vertex -34.6791 6.22164 0
      vertex -35.1871 5.85257 1
      vertex -34.6791 6.22164 1
    endloop
  endfacet
  facet normal -0.587771 0.809027 0
    outer loop
      vertex -35.1871 5.85257 1
      vertex -34.6791 6.22164 0
      vertex -35.1871 5.85257 0
    endloop
  endfacet
  facet normal 0.982275 0.187447 0
    outer loop
      vertex 36.9606 2.62667 1
      vertex 36.8429 3.24345 0
      vertex 36.8429 3.24345 1
    endloop
  endfacet
  facet normal 0.982275 0.187447 0
    outer loop
      vertex 36.8429 3.24345 0
      vertex 36.9606 2.62667 1
      vertex 36.9606 2.62667 0
    endloop
  endfacet
  facet normal 0.998029 0.0627481 0
    outer loop
      vertex 37 2 1
      vertex 36.9606 2.62667 0
      vertex 36.9606 2.62667 1
    endloop
  endfacet
  facet normal 0.998029 0.0627481 0
    outer loop
      vertex 36.9606 2.62667 0
      vertex 37 2 1
      vertex 37 2 0
    endloop
  endfacet
  facet normal 0.982275 -0.187447 0
    outer loop
      vertex 36.8429 -3.24345 1
      vertex 36.9606 -2.62667 0
      vertex 36.9606 -2.62667 1
    endloop
  endfacet
  facet normal 0.982275 -0.187447 0
    outer loop
      vertex 36.9606 -2.62667 0
      vertex 36.8429 -3.24345 1
      vertex 36.8429 -3.24345 0
    endloop
  endfacet
  facet normal 0.646889 -0.762585 0
    outer loop
      vertex 16.4755 6.99013 0
      vertex 17.6734 8.00629 1
      vertex 16.4755 6.99013 1
    endloop
  endfacet
  facet normal 0.646889 -0.762585 0
    outer loop
      vertex 17.6734 8.00629 1
      vertex 16.4755 6.99013 0
      vertex 17.6734 8.00629 0
    endloop
  endfacet
  facet normal 0.741412 -0.67105 0
    outer loop
      vertex 17.6734 8.00629 1
      vertex 18.9447 9.41089 0
      vertex 18.9447 9.41089 1
    endloop
  endfacet
  facet normal 0.741412 -0.67105 0
    outer loop
      vertex 18.9447 9.41089 0
      vertex 17.6734 8.00629 1
      vertex 17.6734 8.00629 0
    endloop
  endfacet
  facet normal 0.827804 -0.561017 0
    outer loop
      vertex 18.9447 9.41089 1
      vertex 19.9848 10.9456 0
      vertex 19.9848 10.9456 1
    endloop
  endfacet
  facet normal 0.827804 -0.561017 0
    outer loop
      vertex 19.9848 10.9456 0
      vertex 18.9447 9.41089 1
      vertex 18.9447 9.41089 0
    endloop
  endfacet
  facet normal 0.899437 -0.43705 0
    outer loop
      vertex 19.9848 10.9456 1
      vertex 20.7938 12.6105 0
      vertex 20.7938 12.6105 1
    endloop
  endfacet
  facet normal 0.899437 -0.43705 0
    outer loop
      vertex 20.7938 12.6105 0
      vertex 19.9848 10.9456 1
      vertex 19.9848 10.9456 0
    endloop
  endfacet
  facet normal 0.951884 -0.306459 0
    outer loop
      vertex 20.7938 12.6105 1
      vertex 21.3717 14.4055 0
      vertex 21.3717 14.4055 1
    endloop
  endfacet
  facet normal 0.951884 -0.306459 0
    outer loop
      vertex 21.3717 14.4055 0
      vertex 20.7938 12.6105 1
      vertex 20.7938 12.6105 0
    endloop
  endfacet
  facet normal 0.984169 -0.177234 0
    outer loop
      vertex 21.3717 14.4055 1
      vertex 21.7184 16.3307 0
      vertex 21.7184 16.3307 1
    endloop
  endfacet
  facet normal 0.984169 -0.177234 0
    outer loop
      vertex 21.7184 16.3307 0
      vertex 21.3717 14.4055 1
      vertex 21.3717 14.4055 0
    endloop
  endfacet
  facet normal 0.998422 -0.0561534 0
    outer loop
      vertex 21.7184 16.3307 1
      vertex 21.834 18.3861 0
      vertex 21.834 18.3861 1
    endloop
  endfacet
  facet normal 0.998422 -0.0561534 0
    outer loop
      vertex 21.834 18.3861 0
      vertex 21.7184 16.3307 1
      vertex 21.7184 16.3307 0
    endloop
  endfacet
  facet normal 0.999441 0.0334318 0
    outer loop
      vertex 21.834 18.3861 1
      vertex 21.7969 19.4952 0
      vertex 21.7969 19.4952 1
    endloop
  endfacet
  facet normal 0.999441 0.0334318 0
    outer loop
      vertex 21.7969 19.4952 0
      vertex 21.834 18.3861 1
      vertex 21.834 18.3861 0
    endloop
  endfacet
  facet normal 0.994677 0.103041 0
    outer loop
      vertex 21.7969 19.4952 1
      vertex 21.6856 20.5696 0
      vertex 21.6856 20.5696 1
    endloop
  endfacet
  facet normal 0.994677 0.103041 0
    outer loop
      vertex 21.6856 20.5696 0
      vertex 21.7969 19.4952 1
      vertex 21.7969 19.4952 0
    endloop
  endfacet
  facet normal 0.98447 0.175551 0
    outer loop
      vertex 21.6856 20.5696 1
      vertex 21.5002 21.6093 0
      vertex 21.5002 21.6093 1
    endloop
  endfacet
  facet normal 0.98447 0.175551 0
    outer loop
      vertex 21.5002 21.6093 0
      vertex 21.6856 20.5696 1
      vertex 21.6856 20.5696 0
    endloop
  endfacet
  facet normal 0.96822 0.250099 0
    outer loop
      vertex 21.5002 21.6093 1
      vertex 21.2406 22.6143 0
      vertex 21.2406 22.6143 1
    endloop
  endfacet
  facet normal 0.96822 0.250099 0
    outer loop
      vertex 21.2406 22.6143 0
      vertex 21.5002 21.6093 1
      vertex 21.5002 21.6093 0
    endloop
  endfacet
  facet normal 0.945609 0.325306 0
    outer loop
      vertex 21.2406 22.6143 1
      vertex 20.9068 23.5846 0
      vertex 20.9068 23.5846 1
    endloop
  endfacet
  facet normal 0.945609 0.325306 0
    outer loop
      vertex 20.9068 23.5846 0
      vertex 21.2406 22.6143 1
      vertex 21.2406 22.6143 0
    endloop
  endfacet
  facet normal 0.916654 0.399683 0
    outer loop
      vertex 20.9068 23.5846 1
      vertex 20.4989 24.5201 0
      vertex 20.4989 24.5201 1
    endloop
  endfacet
  facet normal 0.916654 0.399683 0
    outer loop
      vertex 20.4989 24.5201 0
      vertex 20.9068 23.5846 1
      vertex 20.9068 23.5846 0
    endloop
  endfacet
  facet normal 0.881694 0.471822 0
    outer loop
      vertex 20.4989 24.5201 1
      vertex 20.0168 25.421 0
      vertex 20.0168 25.421 1
    endloop
  endfacet
  facet normal 0.881694 0.471822 0
    outer loop
      vertex 20.0168 25.421 0
      vertex 20.4989 24.5201 1
      vertex 20.4989 24.5201 0
    endloop
  endfacet
  facet normal 0.838703 0.544589 0
    outer loop
      vertex 20.0168 25.421 1
      vertex 19.4552 26.2859 0
      vertex 19.4552 26.2859 1
    endloop
  endfacet
  facet normal 0.838703 0.544589 0
    outer loop
      vertex 19.4552 26.2859 0
      vertex 20.0168 25.421 1
      vertex 20.0168 25.421 0
    endloop
  endfacet
  facet normal 0.788023 0.615646 0
    outer loop
      vertex 19.4552 26.2859 1
      vertex 18.8084 27.1138 0
      vertex 18.8084 27.1138 1
    endloop
  endfacet
  facet normal 0.788023 0.615646 0
    outer loop
      vertex 18.8084 27.1138 0
      vertex 19.4552 26.2859 1
      vertex 19.4552 26.2859 0
    endloop
  endfacet
  facet normal 0.733817 0.679347 0
    outer loop
      vertex 18.8084 27.1138 1
      vertex 18.0763 27.9046 0
      vertex 18.0763 27.9046 1
    endloop
  endfacet
  facet normal 0.733817 0.679347 0
    outer loop
      vertex 18.0763 27.9046 0
      vertex 18.8084 27.1138 1
      vertex 18.8084 27.1138 0
    endloop
  endfacet
  facet normal 0.67797 0.73509 -0
    outer loop
      vertex 18.0763 27.9046 0
      vertex 17.2591 28.6583 1
      vertex 18.0763 27.9046 1
    endloop
  endfacet
  facet normal 0.67797 0.73509 0
    outer loop
      vertex 17.2591 28.6583 1
      vertex 18.0763 27.9046 0
      vertex 17.2591 28.6583 0
    endloop
  endfacet
  facet normal 0.621876 0.783116 -0
    outer loop
      vertex 17.2591 28.6583 0
      vertex 16.3567 29.3749 1
      vertex 17.2591 28.6583 1
    endloop
  endfacet
  facet normal 0.621876 0.783116 0
    outer loop
      vertex 16.3567 29.3749 1
      vertex 17.2591 28.6583 0
      vertex 16.3567 29.3749 0
    endloop
  endfacet
  facet normal 0.566883 0.823798 -0
    outer loop
      vertex 16.3567 29.3749 0
      vertex 15.3691 30.0545 1
      vertex 16.3567 29.3749 1
    endloop
  endfacet
  facet normal 0.566883 0.823798 0
    outer loop
      vertex 15.3691 30.0545 1
      vertex 16.3567 29.3749 0
      vertex 15.3691 30.0545 0
    endloop
  endfacet
  facet normal 0.513743 0.857944 -0
    outer loop
      vertex 15.3691 30.0545 0
      vertex 14.2963 30.6969 1
      vertex 15.3691 30.0545 1
    endloop
  endfacet
  facet normal 0.513743 0.857944 0
    outer loop
      vertex 14.2963 30.6969 1
      vertex 15.3691 30.0545 0
      vertex 14.2963 30.6969 0
    endloop
  endfacet
  facet normal 0.461275 0.887257 -0
    outer loop
      vertex 14.2963 30.6969 0
      vertex 13.1122 31.3125 1
      vertex 14.2963 30.6969 1
    endloop
  endfacet
  facet normal 0.461275 0.887257 0
    outer loop
      vertex 13.1122 31.3125 1
      vertex 14.2963 30.6969 0
      vertex 13.1122 31.3125 0
    endloop
  endfacet
  facet normal 0.413008 0.910727 -0
    outer loop
      vertex 13.1122 31.3125 0
      vertex 11.7909 31.9117 1
      vertex 13.1122 31.3125 1
    endloop
  endfacet
  facet normal 0.413008 0.910727 0
    outer loop
      vertex 11.7909 31.9117 1
      vertex 13.1122 31.3125 0
      vertex 11.7909 31.9117 0
    endloop
  endfacet
  facet normal 0.370897 0.928674 -0
    outer loop
      vertex 11.7909 31.9117 0
      vertex 10.3324 32.4942 1
      vertex 11.7909 31.9117 1
    endloop
  endfacet
  facet normal 0.370897 0.928674 0
    outer loop
      vertex 10.3324 32.4942 1
      vertex 11.7909 31.9117 0
      vertex 10.3324 32.4942 0
    endloop
  endfacet
  facet normal 0.334265 0.942479 -0
    outer loop
      vertex 10.3324 32.4942 0
      vertex 8.73653 33.0602 1
      vertex 10.3324 32.4942 1
    endloop
  endfacet
  facet normal 0.334265 0.942479 0
    outer loop
      vertex 8.73653 33.0602 1
      vertex 10.3324 32.4942 0
      vertex 8.73653 33.0602 0
    endloop
  endfacet
  facet normal 0.302234 0.953234 -0
    outer loop
      vertex 8.73653 33.0602 0
      vertex 7.00343 33.6097 1
      vertex 8.73653 33.0602 1
    endloop
  endfacet
  facet normal 0.302234 0.953234 0
    outer loop
      vertex 7.00343 33.6097 1
      vertex 8.73653 33.0602 0
      vertex 7.00343 33.6097 0
    endloop
  endfacet
  facet normal 0.274012 0.961726 -0
    outer loop
      vertex 7.00343 33.6097 0
      vertex 5.13306 34.1426 1
      vertex 7.00343 33.6097 1
    endloop
  endfacet
  facet normal 0.274012 0.961726 0
    outer loop
      vertex 5.13306 34.1426 1
      vertex 7.00343 33.6097 0
      vertex 5.13306 34.1426 0
    endloop
  endfacet
  facet normal 0.24911 0.968475 -0
    outer loop
      vertex 5.13306 34.1426 0
      vertex 3.12543 34.659 1
      vertex 5.13306 34.1426 1
    endloop
  endfacet
  facet normal 0.24911 0.968475 0
    outer loop
      vertex 3.12543 34.659 1
      vertex 5.13306 34.1426 0
      vertex 3.12543 34.659 0
    endloop
  endfacet
  facet normal 0.255484 0.966813 -0
    outer loop
      vertex 3.12543 34.659 0
      vertex 1.62233 35.0562 1
      vertex 3.12543 34.659 1
    endloop
  endfacet
  facet normal 0.255484 0.966813 0
    outer loop
      vertex 1.62233 35.0562 1
      vertex 3.12543 34.659 0
      vertex 1.62233 35.0562 0
    endloop
  endfacet
  facet normal 0.266956 0.963709 -0
    outer loop
      vertex 1.62233 35.0562 0
      vertex 0.271469 35.4304 1
      vertex 1.62233 35.0562 1
    endloop
  endfacet
  facet normal 0.266956 0.963709 0
    outer loop
      vertex 0.271469 35.4304 1
      vertex 1.62233 35.0562 0
      vertex 0.271469 35.4304 0
    endloop
  endfacet
  facet normal 0.281339 0.959609 -0
    outer loop
      vertex 0.271469 35.4304 0
      vertex -0.927109 35.7818 1
      vertex 0.271469 35.4304 1
    endloop
  endfacet
  facet normal 0.281339 0.959609 0
    outer loop
      vertex -0.927109 35.7818 1
      vertex 0.271469 35.4304 0
      vertex -0.927109 35.7818 0
    endloop
  endfacet
  facet normal 0.299528 0.954087 -0
    outer loop
      vertex -0.927109 35.7818 0
      vertex -1.97348 36.1103 1
      vertex -0.927109 35.7818 1
    endloop
  endfacet
  facet normal 0.299528 0.954087 0
    outer loop
      vertex -1.97348 36.1103 1
      vertex -0.927109 35.7818 0
      vertex -1.97348 36.1103 0
    endloop
  endfacet
  facet normal 0.323426 0.946254 -0
    outer loop
      vertex -1.97348 36.1103 0
      vertex -2.86758 36.4159 1
      vertex -1.97348 36.1103 1
    endloop
  endfacet
  facet normal 0.323426 0.946254 0
    outer loop
      vertex -2.86758 36.4159 1
      vertex -1.97348 36.1103 0
      vertex -2.86758 36.4159 0
    endloop
  endfacet
  facet normal 0.356091 0.934451 -0
    outer loop
      vertex -2.86758 36.4159 0
      vertex -3.60944 36.6986 1
      vertex -2.86758 36.4159 1
    endloop
  endfacet
  facet normal 0.356091 0.934451 0
    outer loop
      vertex -3.60944 36.6986 1
      vertex -2.86758 36.4159 0
      vertex -3.60944 36.6986 0
    endloop
  endfacet
  facet normal 0.403222 0.915102 -0
    outer loop
      vertex -3.60944 36.6986 0
      vertex -4.19905 36.9584 1
      vertex -3.60944 36.6986 1
    endloop
  endfacet
  facet normal 0.403222 0.915102 0
    outer loop
      vertex -4.19905 36.9584 1
      vertex -3.60944 36.6986 0
      vertex -4.19905 36.9584 0
    endloop
  endfacet
  facet normal 0.457671 0.889121 -0
    outer loop
      vertex -4.19905 36.9584 0
      vertex -4.69716 37.2148 1
      vertex -4.19905 36.9584 1
    endloop
  endfacet
  facet normal 0.457671 0.889121 0
    outer loop
      vertex -4.69716 37.2148 1
      vertex -4.19905 36.9584 0
      vertex -4.69716 37.2148 0
    endloop
  endfacet
  facet normal 0.503282 0.864122 -0
    outer loop
      vertex -4.69716 37.2148 0
      vertex -5.16452 37.487 1
      vertex -4.69716 37.2148 1
    endloop
  endfacet
  facet normal 0.503282 0.864122 0
    outer loop
      vertex -5.16452 37.487 1
      vertex -4.69716 37.2148 0
      vertex -5.16452 37.487 0
    endloop
  endfacet
  facet normal 0.550501 0.834834 -0
    outer loop
      vertex -5.16452 37.487 0
      vertex -5.60112 37.7749 1
      vertex -5.16452 37.487 1
    endloop
  endfacet
  facet normal 0.550501 0.834834 0
    outer loop
      vertex -5.60112 37.7749 1
      vertex -5.16452 37.487 0
      vertex -5.60112 37.7749 0
    endloop
  endfacet
  facet normal 0.599141 0.800643 -0
    outer loop
      vertex -5.60112 37.7749 0
      vertex -6.00696 38.0786 1
      vertex -5.60112 37.7749 1
    endloop
  endfacet
  facet normal 0.599141 0.800643 0
    outer loop
      vertex -6.00696 38.0786 1
      vertex -5.60112 37.7749 0
      vertex -6.00696 38.0786 0
    endloop
  endfacet
  facet normal 0.648462 0.761247 -0
    outer loop
      vertex -6.00696 38.0786 0
      vertex -6.38203 38.3981 1
      vertex -6.00696 38.0786 1
    endloop
  endfacet
  facet normal 0.648462 0.761247 0
    outer loop
      vertex -6.38203 38.3981 1
      vertex -6.00696 38.0786 0
      vertex -6.38203 38.3981 0
    endloop
  endfacet
  facet normal 0.69765 0.716439 -0
    outer loop
      vertex -6.38203 38.3981 0
      vertex -6.72636 38.7334 1
      vertex -6.38203 38.3981 1
    endloop
  endfacet
  facet normal 0.69765 0.716439 0
    outer loop
      vertex -6.72636 38.7334 1
      vertex -6.38203 38.3981 0
      vertex -6.72636 38.7334 0
    endloop
  endfacet
  facet normal 0.745845 0.66612 0
    outer loop
      vertex -6.72636 38.7334 1
      vertex -7.03993 39.0845 0
      vertex -7.03993 39.0845 1
    endloop
  endfacet
  facet normal 0.745845 0.66612 0
    outer loop
      vertex -7.03993 39.0845 0
      vertex -6.72636 38.7334 1
      vertex -6.72636 38.7334 0
    endloop
  endfacet
  facet normal 0.802091 0.597201 0
    outer loop
      vertex -7.03993 39.0845 1
      vertex -7.31683 39.4564 0
      vertex -7.31683 39.4564 1
    endloop
  endfacet
  facet normal 0.802091 0.597201 0
    outer loop
      vertex -7.31683 39.4564 0
      vertex -7.03993 39.0845 1
      vertex -7.03993 39.0845 0
    endloop
  endfacet
  facet normal 0.861771 0.507297 0
    outer loop
      vertex -7.31683 39.4564 1
      vertex -7.55112 39.8544 0
      vertex -7.55112 39.8544 1
    endloop
  endfacet
  facet normal 0.861771 0.507297 0
    outer loop
      vertex -7.55112 39.8544 0
      vertex -7.31683 39.4564 1
      vertex -7.31683 39.4564 0
    endloop
  endfacet
  facet normal 0.911204 0.411955 0
    outer loop
      vertex -7.55112 39.8544 1
      vertex -7.74281 40.2784 0
      vertex -7.74281 40.2784 1
    endloop
  endfacet
  facet normal 0.911204 0.411955 0
    outer loop
      vertex -7.74281 40.2784 0
      vertex -7.55112 39.8544 1
      vertex -7.55112 39.8544 0
    endloop
  endfacet
  facet normal 0.949272 0.314456 0
    outer loop
      vertex -7.74281 40.2784 1
      vertex -7.89191 40.7285 0
      vertex -7.89191 40.7285 1
    endloop
  endfacet
  facet normal 0.949272 0.314456 0
    outer loop
      vertex -7.89191 40.7285 0
      vertex -7.74281 40.2784 1
      vertex -7.74281 40.2784 0
    endloop
  endfacet
  facet normal 0.975882 0.218298 0
    outer loop
      vertex -7.89191 40.7285 1
      vertex -7.99841 41.2046 0
      vertex -7.99841 41.2046 1
    endloop
  endfacet
  facet normal 0.975882 0.218298 0
    outer loop
      vertex -7.99841 41.2046 0
      vertex -7.89191 40.7285 1
      vertex -7.89191 40.7285 0
    endloop
  endfacet
  facet normal 0.992001 0.126228 0
    outer loop
      vertex -7.99841 41.2046 1
      vertex -8.0623 41.7067 0
      vertex -8.0623 41.7067 1
    endloop
  endfacet
  facet normal 0.992001 0.126228 0
    outer loop
      vertex -8.0623 41.7067 0
      vertex -7.99841 41.2046 1
      vertex -7.99841 41.2046 0
    endloop
  endfacet
  facet normal 0.999188 0.0402929 0
    outer loop
      vertex -8.0623 41.7067 1
      vertex -8.0836 42.2349 0
      vertex -8.0836 42.2349 1
    endloop
  endfacet
  facet normal 0.999188 0.0402929 0
    outer loop
      vertex -8.0836 42.2349 0
      vertex -8.0623 41.7067 1
      vertex -8.0623 41.7067 0
    endloop
  endfacet
  facet normal 0.998441 -0.0558242 0
    outer loop
      vertex -8.0836 42.2349 1
      vertex -8.03943 43.0249 0
      vertex -8.03943 43.0249 1
    endloop
  endfacet
  facet normal 0.998441 -0.0558242 0
    outer loop
      vertex -8.03943 43.0249 0
      vertex -8.0836 42.2349 1
      vertex -8.0836 42.2349 0
    endloop
  endfacet
  facet normal 0.984155 -0.177309 0
    outer loop
      vertex -8.03943 43.0249 1
      vertex -7.90692 43.7604 0
      vertex -7.90692 43.7604 1
    endloop
  endfacet
  facet normal 0.984155 -0.177309 0
    outer loop
      vertex -7.90692 43.7604 0
      vertex -8.03943 43.0249 1
      vertex -8.03943 43.0249 0
    endloop
  endfacet
  facet normal 0.951246 -0.308432 0
    outer loop
      vertex -7.90692 43.7604 1
      vertex -7.68608 44.4415 0
      vertex -7.68608 44.4415 1
    endloop
  endfacet
  facet normal 0.951246 -0.308432 0
    outer loop
      vertex -7.68608 44.4415 0
      vertex -7.90692 43.7604 1
      vertex -7.90692 43.7604 0
    endloop
  endfacet
  facet normal 0.896796 -0.442445 0
    outer loop
      vertex -7.68608 44.4415 1
      vertex -7.37689 45.0682 0
      vertex -7.37689 45.0682 1
    endloop
  endfacet
  facet normal 0.896796 -0.442445 0
    outer loop
      vertex -7.37689 45.0682 0
      vertex -7.68608 44.4415 1
      vertex -7.68608 44.4415 0
    endloop
  endfacet
  facet normal 0.821263 -0.57055 0
    outer loop
      vertex -7.37689 45.0682 1
      vertex -6.97937 45.6404 0
      vertex -6.97937 45.6404 1
    endloop
  endfacet
  facet normal 0.821263 -0.57055 0
    outer loop
      vertex -6.97937 45.6404 0
      vertex -7.37689 45.0682 1
      vertex -7.37689 45.0682 0
    endloop
  endfacet
  facet normal 0.729247 -0.68425 0
    outer loop
      vertex -6.97937 45.6404 1
      vertex -6.49352 46.1582 0
      vertex -6.49352 46.1582 1
    endloop
  endfacet
  facet normal 0.729247 -0.68425 0
    outer loop
      vertex -6.49352 46.1582 0
      vertex -6.97937 45.6404 1
      vertex -6.97937 45.6404 0
    endloop
  endfacet
  facet normal 0.628021 -0.778196 0
    outer loop
      vertex -6.49352 46.1582 0
      vertex -5.91931 46.6216 1
      vertex -6.49352 46.1582 1
    endloop
  endfacet
  facet normal 0.628021 -0.778196 0
    outer loop
      vertex -5.91931 46.6216 1
      vertex -6.49352 46.1582 0
      vertex -5.91931 46.6216 0
    endloop
  endfacet
  facet normal 0.524287 -0.851542 0
    outer loop
      vertex -5.91931 46.6216 0
      vertex -5.26135 47.0267 1
      vertex -5.91931 46.6216 1
    endloop
  endfacet
  facet normal 0.524287 -0.851542 0
    outer loop
      vertex -5.26135 47.0267 1
      vertex -5.91931 46.6216 0
      vertex -5.26135 47.0267 0
    endloop
  endfacet
  facet normal 0.42182 -0.90668 0
    outer loop
      vertex -5.26135 47.0267 0
      vertex -4.52452 47.3695 1
      vertex -5.26135 47.0267 1
    endloop
  endfacet
  facet normal 0.42182 -0.90668 0
    outer loop
      vertex -4.52452 47.3695 1
      vertex -5.26135 47.0267 0
      vertex -4.52452 47.3695 0
    endloop
  endfacet
  facet normal 0.325187 -0.94565 0
    outer loop
      vertex -4.52452 47.3695 0
      vertex -3.70882 47.65 1
      vertex -4.52452 47.3695 1
    endloop
  endfacet
  facet normal 0.325187 -0.94565 0
    outer loop
      vertex -3.70882 47.65 1
      vertex -4.52452 47.3695 0
      vertex -3.70882 47.65 0
    endloop
  endfacet
  facet normal 0.236864 -0.971543 0
    outer loop
      vertex -3.70882 47.65 0
      vertex -2.81424 47.8681 1
      vertex -3.70882 47.65 1
    endloop
  endfacet
  facet normal 0.236864 -0.971543 0
    outer loop
      vertex -2.81424 47.8681 1
      vertex -3.70882 47.65 0
      vertex -2.81424 47.8681 0
    endloop
  endfacet
  facet normal 0.158137 -0.987417 0
    outer loop
      vertex -2.81424 47.8681 0
      vertex -1.84079 48.024 1
      vertex -2.81424 47.8681 1
    endloop
  endfacet
  facet normal 0.158137 -0.987417 0
    outer loop
      vertex -1.84079 48.024 1
      vertex -2.81424 47.8681 0
      vertex -1.84079 48.024 0
    endloop
  endfacet
  facet normal 0.0884098 -0.996084 0
    outer loop
      vertex -1.84079 48.024 0
      vertex -0.788483 48.1174 1
      vertex -1.84079 48.024 1
    endloop
  endfacet
  facet normal 0.0884098 -0.996084 0
    outer loop
      vertex -0.788483 48.1174 1
      vertex -1.84079 48.024 0
      vertex -0.788483 48.1174 0
    endloop
  endfacet
  facet normal 0.0275717 -0.99962 0
    outer loop
      vertex -0.788483 48.1174 0
      vertex 0.342682 48.1486 1
      vertex -0.788483 48.1174 1
    endloop
  endfacet
  facet normal 0.0275717 -0.99962 0
    outer loop
      vertex 0.342682 48.1486 1
      vertex -0.788483 48.1174 0
      vertex 0.342682 48.1486 0
    endloop
  endfacet
  facet normal -0.0729496 -0.997336 0
    outer loop
      vertex 0.342682 48.1486 0
      vertex 2.31549 48.0043 1
      vertex 0.342682 48.1486 1
    endloop
  endfacet
  facet normal -0.0729496 -0.997336 -0
    outer loop
      vertex 2.31549 48.0043 1
      vertex 0.342682 48.1486 0
      vertex 2.31549 48.0043 0
    endloop
  endfacet
  facet normal -0.241007 -0.970523 0
    outer loop
      vertex 2.31549 48.0043 0
      vertex 4.05956 47.5712 1
      vertex 2.31549 48.0043 1
    endloop
  endfacet
  facet normal -0.241007 -0.970523 -0
    outer loop
      vertex 4.05956 47.5712 1
      vertex 2.31549 48.0043 0
      vertex 4.05956 47.5712 0
    endloop
  endfacet
  facet normal -0.429994 -0.902832 0
    outer loop
      vertex 4.05956 47.5712 0
      vertex 5.57487 46.8495 1
      vertex 4.05956 47.5712 1
    endloop
  endfacet
  facet normal -0.429994 -0.902832 -0
    outer loop
      vertex 5.57487 46.8495 1
      vertex 4.05956 47.5712 0
      vertex 5.57487 46.8495 0
    endloop
  endfacet
  facet normal -0.617682 -0.786428 0
    outer loop
      vertex 5.57487 46.8495 0
      vertex 6.86143 45.839 1
      vertex 5.57487 46.8495 1
    endloop
  endfacet
  facet normal -0.617682 -0.786428 -0
    outer loop
      vertex 6.86143 45.839 1
      vertex 5.57487 46.8495 0
      vertex 6.86143 45.839 0
    endloop
  endfacet
  facet normal -0.775435 -0.631427 0
    outer loop
      vertex 7.91927 44.5399 0
      vertex 6.86143 45.839 1
      vertex 6.86143 45.839 0
    endloop
  endfacet
  facet normal -0.775435 -0.631427 0
    outer loop
      vertex 6.86143 45.839 1
      vertex 7.91927 44.5399 0
      vertex 7.91927 44.5399 1
    endloop
  endfacet
  facet normal -0.886445 -0.462834 0
    outer loop
      vertex 8.74835 42.952 0
      vertex 7.91927 44.5399 1
      vertex 7.91927 44.5399 0
    endloop
  endfacet
  facet normal -0.886445 -0.462834 0
    outer loop
      vertex 7.91927 44.5399 1
      vertex 8.74835 42.952 0
      vertex 8.74835 42.952 1
    endloop
  endfacet
  facet normal -0.952445 -0.304711 0
    outer loop
      vertex 9.34869 41.0755 0
      vertex 8.74835 42.952 1
      vertex 8.74835 42.952 0
    endloop
  endfacet
  facet normal -0.952445 -0.304711 0
    outer loop
      vertex 8.74835 42.952 1
      vertex 9.34869 41.0755 0
      vertex 9.34869 41.0755 1
    endloop
  endfacet
  facet normal 0.100848 -0.994902 0
    outer loop
      vertex 9.34869 41.0755 0
      vertex 20.4038 42.1961 1
      vertex 9.34869 41.0755 1
    endloop
  endfacet
  facet normal 0.100848 -0.994902 0
    outer loop
      vertex 20.4038 42.1961 1
      vertex 9.34869 41.0755 0
      vertex 20.4038 42.1961 0
    endloop
  endfacet
  facet normal 0.971897 0.235404 0
    outer loop
      vertex 20.4038 42.1961 1
      vertex 19.9249 44.1733 0
      vertex 19.9249 44.1733 1
    endloop
  endfacet
  facet normal 0.971897 0.235404 0
    outer loop
      vertex 19.9249 44.1733 0
      vertex 20.4038 42.1961 1
      vertex 20.4038 42.1961 0
    endloop
  endfacet
  facet normal 0.946861 0.321644 0
    outer loop
      vertex 19.9249 44.1733 1
      vertex 19.3055 45.9967 0
      vertex 19.3055 45.9967 1
    endloop
  endfacet
  facet normal 0.946861 0.321644 0
    outer loop
      vertex 19.3055 45.9967 0
      vertex 19.9249 44.1733 1
      vertex 19.9249 44.1733 0
    endloop
  endfacet
  facet normal 0.910195 0.414181 0
    outer loop
      vertex 19.3055 45.9967 1
      vertex 18.5458 47.6662 0
      vertex 18.5458 47.6662 1
    endloop
  endfacet
  facet normal 0.910195 0.414181 0
    outer loop
      vertex 18.5458 47.6662 0
      vertex 19.3055 45.9967 1
      vertex 19.3055 45.9967 0
    endloop
  endfacet
  facet normal 0.859817 0.510603 0
    outer loop
      vertex 18.5458 47.6662 1
      vertex 17.6457 49.1819 0
      vertex 17.6457 49.1819 1
    endloop
  endfacet
  facet normal 0.859817 0.510603 0
    outer loop
      vertex 17.6457 49.1819 0
      vertex 18.5458 47.6662 1
      vertex 18.5458 47.6662 0
    endloop
  endfacet
  facet normal 0.794626 0.607099 0
    outer loop
      vertex 17.6457 49.1819 1
      vertex 16.6052 50.5438 0
      vertex 16.6052 50.5438 1
    endloop
  endfacet
  facet normal 0.794626 0.607099 0
    outer loop
      vertex 16.6052 50.5438 0
      vertex 17.6457 49.1819 1
      vertex 17.6457 49.1819 0
    endloop
  endfacet
  facet normal 0.715111 0.699011 0
    outer loop
      vertex 16.6052 50.5438 1
      vertex 15.4243 51.7519 0
      vertex 15.4243 51.7519 1
    endloop
  endfacet
  facet normal 0.715111 0.699011 0
    outer loop
      vertex 15.4243 51.7519 0
      vertex 16.6052 50.5438 1
      vertex 16.6052 50.5438 0
    endloop
  endfacet
  facet normal 0.623699 0.781665 -0
    outer loop
      vertex 15.4243 51.7519 0
      vertex 14.1031 52.8061 1
      vertex 15.4243 51.7519 1
    endloop
  endfacet
  facet normal 0.623699 0.781665 0
    outer loop
      vertex 14.1031 52.8061 1
      vertex 15.4243 51.7519 0
      vertex 14.1031 52.8061 0
    endloop
  endfacet
  facet normal 0.525661 0.850694 -0
    outer loop
      vertex 14.1031 52.8061 0
      vertex 12.6343 53.7137 1
      vertex 14.1031 52.8061 1
    endloop
  endfacet
  facet normal 0.525661 0.850694 0
    outer loop
      vertex 12.6343 53.7137 1
      vertex 14.1031 52.8061 0
      vertex 12.6343 53.7137 0
    endloop
  endfacet
  facet normal 0.427641 0.903949 -0
    outer loop
      vertex 12.6343 53.7137 0
      vertex 11.0109 54.4817 1
      vertex 12.6343 53.7137 1
    endloop
  endfacet
  facet normal 0.427641 0.903949 0
    outer loop
      vertex 11.0109 54.4817 1
      vertex 12.6343 53.7137 0
      vertex 11.0109 54.4817 0
    endloop
  endfacet
  facet normal 0.333232 0.942845 -0
    outer loop
      vertex 11.0109 54.4817 0
      vertex 9.23291 55.1101 1
      vertex 11.0109 54.4817 1
    endloop
  endfacet
  facet normal 0.333232 0.942845 0
    outer loop
      vertex 9.23291 55.1101 1
      vertex 11.0109 54.4817 0
      vertex 9.23291 55.1101 0
    endloop
  endfacet
  facet normal 0.245152 0.969485 -0
    outer loop
      vertex 9.23291 55.1101 0
      vertex 7.30028 55.5988 1
      vertex 9.23291 55.1101 1
    endloop
  endfacet
  facet normal 0.245152 0.969485 0
    outer loop
      vertex 7.30028 55.5988 1
      vertex 9.23291 55.1101 0
      vertex 7.30028 55.5988 0
    endloop
  endfacet
  facet normal 0.164963 0.9863 -0
    outer loop
      vertex 7.30028 55.5988 0
      vertex 5.21304 55.9479 1
      vertex 7.30028 55.5988 1
    endloop
  endfacet
  facet normal 0.164963 0.9863 0
    outer loop
      vertex 5.21304 55.9479 1
      vertex 7.30028 55.5988 0
      vertex 5.21304 55.9479 0
    endloop
  endfacet
  facet normal 0.0930438 0.995662 -0
    outer loop
      vertex 5.21304 55.9479 0
      vertex 2.97118 56.1574 1
      vertex 5.21304 55.9479 1
    endloop
  endfacet
  facet normal 0.0930438 0.995662 0
    outer loop
      vertex 2.97118 56.1574 1
      vertex 5.21304 55.9479 0
      vertex 2.97118 56.1574 0
    endloop
  endfacet
  facet normal 0.0291134 0.999576 -0
    outer loop
      vertex 2.97118 56.1574 0
      vertex 0.574677 56.2272 1
      vertex 2.97118 56.1574 1
    endloop
  endfacet
  facet normal 0.0291134 0.999576 0
    outer loop
      vertex 0.574677 56.2272 1
      vertex 2.97118 56.1574 0
      vertex 0.574677 56.2272 0
    endloop
  endfacet
  facet normal -0.0325808 0.999469 0
    outer loop
      vertex 0.574677 56.2272 0
      vertex -1.89479 56.1467 1
      vertex 0.574677 56.2272 1
    endloop
  endfacet
  facet normal -0.0325808 0.999469 0
    outer loop
      vertex -1.89479 56.1467 1
      vertex 0.574677 56.2272 0
      vertex -1.89479 56.1467 0
    endloop
  endfacet
  facet normal -0.103128 0.994668 0
    outer loop
      vertex -1.89479 56.1467 0
      vertex -4.22308 55.9053 1
      vertex -1.89479 56.1467 1
    endloop
  endfacet
  facet normal -0.103128 0.994668 0
    outer loop
      vertex -4.22308 55.9053 1
      vertex -1.89479 56.1467 0
      vertex -4.22308 55.9053 0
    endloop
  endfacet
  facet normal -0.180908 0.9835 0
    outer loop
      vertex -4.22308 55.9053 0
      vertex -6.41017 55.503 1
      vertex -4.22308 55.9053 1
    endloop
  endfacet
  facet normal -0.180908 0.9835 0
    outer loop
      vertex -6.41017 55.503 1
      vertex -4.22308 55.9053 0
      vertex -6.41017 55.503 0
    endloop
  endfacet
  facet normal -0.265412 0.964135 0
    outer loop
      vertex -6.41017 55.503 0
      vertex -8.45605 54.9398 1
      vertex -6.41017 55.503 1
    endloop
  endfacet
  facet normal -0.265412 0.964135 0
    outer loop
      vertex -8.45605 54.9398 1
      vertex -6.41017 55.503 0
      vertex -8.45605 54.9398 0
    endloop
  endfacet
  facet normal -0.355403 0.934713 0
    outer loop
      vertex -8.45605 54.9398 0
      vertex -10.3607 54.2156 1
      vertex -8.45605 54.9398 1
    endloop
  endfacet
  facet normal -0.355403 0.934713 0
    outer loop
      vertex -10.3607 54.2156 1
      vertex -8.45605 54.9398 0
      vertex -10.3607 54.2156 0
    endloop
  endfacet
  facet normal -0.448511 0.893778 0
    outer loop
      vertex -10.3607 54.2156 0
      vertex -12.1243 53.3306 1
      vertex -10.3607 54.2156 1
    endloop
  endfacet
  facet normal -0.448511 0.893778 0
    outer loop
      vertex -12.1243 53.3306 1
      vertex -10.3607 54.2156 0
      vertex -12.1243 53.3306 0
    endloop
  endfacet
  facet normal -0.541927 0.840425 0
    outer loop
      vertex -12.1243 53.3306 0
      vertex -13.7466 52.2845 1
      vertex -12.1243 53.3306 1
    endloop
  endfacet
  facet normal -0.541927 0.840425 0
    outer loop
      vertex -13.7466 52.2845 1
      vertex -12.1243 53.3306 0
      vertex -13.7466 52.2845 0
    endloop
  endfacet
  facet normal -0.634921 0.772577 0
    outer loop
      vertex -13.7466 52.2845 0
      vertex -15.1873 51.1005 1
      vertex -13.7466 52.2845 1
    endloop
  endfacet
  facet normal -0.634921 0.772577 0
    outer loop
      vertex -15.1873 51.1005 1
      vertex -13.7466 52.2845 0
      vertex -15.1873 51.1005 0
    endloop
  endfacet
  facet normal -0.729283 0.684212 0
    outer loop
      vertex -16.4063 49.8012 0
      vertex -15.1873 51.1005 1
      vertex -15.1873 51.1005 0
    endloop
  endfacet
  facet normal -0.729283 0.684212 0
    outer loop
      vertex -15.1873 51.1005 1
      vertex -16.4063 49.8012 0
      vertex -16.4063 49.8012 1
    endloop
  endfacet
  facet normal -0.817213 0.576336 0
    outer loop
      vertex -17.4038 48.3868 0
      vertex -16.4063 49.8012 1
      vertex -16.4063 49.8012 0
    endloop
  endfacet
  facet normal -0.817213 0.576336 0
    outer loop
      vertex -16.4063 49.8012 1
      vertex -17.4038 48.3868 0
      vertex -17.4038 48.3868 1
    endloop
  endfacet
  facet normal -0.891859 0.452314 0
    outer loop
      vertex -18.1795 46.8573 0
      vertex -17.4038 48.3868 1
      vertex -17.4038 48.3868 0
    endloop
  endfacet
  facet normal -0.891859 0.452314 0
    outer loop
      vertex -17.4038 48.3868 1
      vertex -18.1795 46.8573 0
      vertex -18.1795 46.8573 1
    endloop
  endfacet
  facet normal -0.947664 0.319268 0
    outer loop
      vertex -18.7336 45.2126 0
      vertex -18.1795 46.8573 1
      vertex -18.1795 46.8573 0
    endloop
  endfacet
  facet normal -0.947664 0.319268 0
    outer loop
      vertex -18.1795 46.8573 1
      vertex -18.7336 45.2126 0
      vertex -18.7336 45.2126 1
    endloop
  endfacet
  facet normal -0.982617 0.185647 0
    outer loop
      vertex -19.0661 43.4527 0
      vertex -18.7336 45.2126 1
      vertex -18.7336 45.2126 0
    endloop
  endfacet
  facet normal -0.982617 0.185647 0
    outer loop
      vertex -18.7336 45.2126 1
      vertex -19.0661 43.4527 0
      vertex -19.0661 43.4527 1
    endloop
  endfacet
  facet normal -0.998259 0.0589904 0
    outer loop
      vertex -19.1769 41.5777 0
      vertex -19.0661 43.4527 1
      vertex -19.0661 43.4527 0
    endloop
  endfacet
  facet normal -0.998259 0.0589904 0
    outer loop
      vertex -19.0661 43.4527 1
      vertex -19.1769 41.5777 0
      vertex -19.1769 41.5777 1
    endloop
  endfacet
  facet normal -0.99967 -0.0257002 0
    outer loop
      vertex -19.1545 40.7064 0
      vertex -19.1769 41.5777 1
      vertex -19.1769 41.5777 0
    endloop
  endfacet
  facet normal -0.99967 -0.0257002 0
    outer loop
      vertex -19.1769 41.5777 1
      vertex -19.1545 40.7064 0
      vertex -19.1545 40.7064 1
    endloop
  endfacet
  facet normal -0.996847 -0.0793428 0
    outer loop
      vertex -19.0871 39.8596 0
      vertex -19.1545 40.7064 1
      vertex -19.1545 40.7064 0
    endloop
  endfacet
  facet normal -0.996847 -0.0793428 0
    outer loop
      vertex -19.1545 40.7064 1
      vertex -19.0871 39.8596 0
      vertex -19.0871 39.8596 1
    endloop
  endfacet
  facet normal -0.990789 -0.135414 0
    outer loop
      vertex -18.9747 39.0372 0
      vertex -19.0871 39.8596 1
      vertex -19.0871 39.8596 0
    endloop
  endfacet
  facet normal -0.990789 -0.135414 0
    outer loop
      vertex -19.0871 39.8596 1
      vertex -18.9747 39.0372 0
      vertex -18.9747 39.0372 1
    endloop
  endfacet
  facet normal -0.981116 -0.19342 0
    outer loop
      vertex -18.8174 38.2393 0
      vertex -18.9747 39.0372 1
      vertex -18.9747 39.0372 0
    endloop
  endfacet
  facet normal -0.981116 -0.19342 0
    outer loop
      vertex -18.9747 39.0372 1
      vertex -18.8174 38.2393 0
      vertex -18.8174 38.2393 1
    endloop
  endfacet
  facet normal -0.967459 -0.253028 0
    outer loop
      vertex -18.6151 37.4658 0
      vertex -18.8174 38.2393 1
      vertex -18.8174 38.2393 0
    endloop
  endfacet
  facet normal -0.967459 -0.253028 0
    outer loop
      vertex -18.8174 38.2393 1
      vertex -18.6151 37.4658 0
      vertex -18.6151 37.4658 1
    endloop
  endfacet
  facet normal -0.949617 -0.313412 0
    outer loop
      vertex -18.3679 36.7168 0
      vertex -18.6151 37.4658 1
      vertex -18.6151 37.4658 0
    endloop
  endfacet
  facet normal -0.949617 -0.313412 0
    outer loop
      vertex -18.6151 37.4658 1
      vertex -18.3679 36.7168 0
      vertex -18.3679 36.7168 1
    endloop
  endfacet
  facet normal -0.927431 -0.373993 0
    outer loop
      vertex -18.0757 35.9922 0
      vertex -18.3679 36.7168 1
      vertex -18.3679 36.7168 0
    endloop
  endfacet
  facet normal -0.927431 -0.373993 0
    outer loop
      vertex -18.3679 36.7168 1
      vertex -18.0757 35.9922 0
      vertex -18.0757 35.9922 1
    endloop
  endfacet
  facet normal -0.902309 -0.43109 0
    outer loop
      vertex -17.7416 35.2929 0
      vertex -18.0757 35.9922 1
      vertex -18.0757 35.9922 0
    endloop
  endfacet
  facet normal -0.902309 -0.43109 0
    outer loop
      vertex -18.0757 35.9922 1
      vertex -17.7416 35.2929 0
      vertex -17.7416 35.2929 1
    endloop
  endfacet
  facet normal -0.874849 -0.484396 0
    outer loop
      vertex -17.3688 34.6196 0
      vertex -17.7416 35.2929 1
      vertex -17.7416 35.2929 0
    endloop
  endfacet
  facet normal -0.874849 -0.484396 0
    outer loop
      vertex -17.7416 35.2929 1
      vertex -17.3688 34.6196 0
      vertex -17.3688 34.6196 1
    endloop
  endfacet
  facet normal -0.84393 -0.536454 0
    outer loop
      vertex -16.9574 33.9724 0
      vertex -17.3688 34.6196 1
      vertex -17.3688 34.6196 0
    endloop
  endfacet
  facet normal -0.84393 -0.536454 0
    outer loop
      vertex -17.3688 34.6196 1
      vertex -16.9574 33.9724 0
      vertex -16.9574 33.9724 1
    endloop
  endfacet
  facet normal -0.809823 -0.586675 0
    outer loop
      vertex -16.5073 33.3511 0
      vertex -16.9574 33.9724 1
      vertex -16.9574 33.9724 0
    endloop
  endfacet
  facet normal -0.809823 -0.586675 0
    outer loop
      vertex -16.9574 33.9724 1
      vertex -16.5073 33.3511 0
      vertex -16.5073 33.3511 1
    endloop
  endfacet
  facet normal -0.77281 -0.634637 0
    outer loop
      vertex -16.0186 32.756 0
      vertex -16.5073 33.3511 1
      vertex -16.5073 33.3511 0
    endloop
  endfacet
  facet normal -0.77281 -0.634637 0
    outer loop
      vertex -16.5073 33.3511 1
      vertex -16.0186 32.756 0
      vertex -16.0186 32.756 1
    endloop
  endfacet
  facet normal -0.733592 -0.67959 0
    outer loop
      vertex -15.4913 32.1868 0
      vertex -16.0186 32.756 1
      vertex -16.0186 32.756 0
    endloop
  endfacet
  facet normal -0.733592 -0.67959 0
    outer loop
      vertex -16.0186 32.756 1
      vertex -15.4913 32.1868 0
      vertex -15.4913 32.1868 1
    endloop
  endfacet
  facet normal -0.692359 -0.721553 0
    outer loop
      vertex -15.4913 32.1868 0
      vertex -14.9253 31.6437 1
      vertex -15.4913 32.1868 1
    endloop
  endfacet
  facet normal -0.692359 -0.721553 -0
    outer loop
      vertex -14.9253 31.6437 1
      vertex -15.4913 32.1868 0
      vertex -14.9253 31.6437 0
    endloop
  endfacet
  facet normal -0.648581 -0.761146 0
    outer loop
      vertex -14.9253 31.6437 0
      vertex -14.312 31.1211 1
      vertex -14.9253 31.6437 1
    endloop
  endfacet
  facet normal -0.648581 -0.761146 -0
    outer loop
      vertex -14.312 31.1211 1
      vertex -14.9253 31.6437 0
      vertex -14.312 31.1211 0
    endloop
  endfacet
  facet normal -0.604353 -0.796717 0
    outer loop
      vertex -14.312 31.1211 0
      vertex -13.6427 30.6134 1
      vertex -14.312 31.1211 1
    endloop
  endfacet
  facet normal -0.604353 -0.796717 -0
    outer loop
      vertex -13.6427 30.6134 1
      vertex -14.312 31.1211 0
      vertex -13.6427 30.6134 0
    endloop
  endfacet
  facet normal -0.561839 -0.827247 0
    outer loop
      vertex -13.6427 30.6134 0
      vertex -12.9174 30.1208 1
      vertex -13.6427 30.6134 1
    endloop
  endfacet
  facet normal -0.561839 -0.827247 -0
    outer loop
      vertex -12.9174 30.1208 1
      vertex -13.6427 30.6134 0
      vertex -12.9174 30.1208 0
    endloop
  endfacet
  facet normal -0.52156 -0.853214 0
    outer loop
      vertex -12.9174 30.1208 0
      vertex -12.1361 29.6432 1
      vertex -12.9174 30.1208 1
    endloop
  endfacet
  facet normal -0.52156 -0.853214 -0
    outer loop
      vertex -12.1361 29.6432 1
      vertex -12.9174 30.1208 0
      vertex -12.1361 29.6432 0
    endloop
  endfacet
  facet normal -0.483671 -0.87525 0
    outer loop
      vertex -12.1361 29.6432 0
      vertex -11.2988 29.1805 1
      vertex -12.1361 29.6432 1
    endloop
  endfacet
  facet normal -0.483671 -0.87525 -0
    outer loop
      vertex -11.2988 29.1805 1
      vertex -12.1361 29.6432 0
      vertex -11.2988 29.1805 0
    endloop
  endfacet
  facet normal -0.448054 -0.894006 0
    outer loop
      vertex -11.2988 29.1805 0
      vertex -10.4055 28.7328 1
      vertex -11.2988 29.1805 1
    endloop
  endfacet
  facet normal -0.448054 -0.894006 -0
    outer loop
      vertex -10.4055 28.7328 1
      vertex -11.2988 29.1805 0
      vertex -10.4055 28.7328 0
    endloop
  endfacet
  facet normal -0.414742 -0.909939 0
    outer loop
      vertex -10.4055 28.7328 0
      vertex -9.45616 28.3001 1
      vertex -10.4055 28.7328 1
    endloop
  endfacet
  facet normal -0.414742 -0.909939 -0
    outer loop
      vertex -9.45616 28.3001 1
      vertex -10.4055 28.7328 0
      vertex -9.45616 28.3001 0
    endloop
  endfacet
  facet normal -0.375026 -0.927014 0
    outer loop
      vertex -9.45616 28.3001 0
      vertex -8.37892 27.8643 1
      vertex -9.45616 28.3001 1
    endloop
  endfacet
  facet normal -0.375026 -0.927014 -0
    outer loop
      vertex -8.37892 27.8643 1
      vertex -9.45616 28.3001 0
      vertex -8.37892 27.8643 0
    endloop
  endfacet
  facet normal -0.336995 -0.941506 0
    outer loop
      vertex -8.37892 27.8643 0
      vertex -7.10214 27.4073 1
      vertex -8.37892 27.8643 1
    endloop
  endfacet
  facet normal -0.336995 -0.941506 -0
    outer loop
      vertex -7.10214 27.4073 1
      vertex -8.37892 27.8643 0
      vertex -7.10214 27.4073 0
    endloop
  endfacet
  facet normal -0.308204 -0.95132 0
    outer loop
      vertex -7.10214 27.4073 0
      vertex -5.62579 26.929 1
      vertex -7.10214 27.4073 1
    endloop
  endfacet
  facet normal -0.308204 -0.95132 -0
    outer loop
      vertex -5.62579 26.929 1
      vertex -7.10214 27.4073 0
      vertex -5.62579 26.929 0
    endloop
  endfacet
  facet normal -0.285689 -0.958322 0
    outer loop
      vertex -5.62579 26.929 0
      vertex -3.94992 26.4294 1
      vertex -5.62579 26.929 1
    endloop
  endfacet
  facet normal -0.285689 -0.958322 -0
    outer loop
      vertex -3.94992 26.4294 1
      vertex -5.62579 26.929 0
      vertex -3.94992 26.4294 0
    endloop
  endfacet
  facet normal -0.267666 -0.963512 0
    outer loop
      vertex -3.94992 26.4294 0
      vertex -2.07449 25.9084 1
      vertex -3.94992 26.4294 1
    endloop
  endfacet
  facet normal -0.267666 -0.963512 -0
    outer loop
      vertex -2.07449 25.9084 1
      vertex -3.94992 26.4294 0
      vertex -2.07449 25.9084 0
    endloop
  endfacet
  facet normal -0.252861 -0.967503 0
    outer loop
      vertex -2.07449 25.9084 0
      vertex 0.000473022 25.3661 1
      vertex -2.07449 25.9084 1
    endloop
  endfacet
  facet normal -0.252861 -0.967503 -0
    outer loop
      vertex 0.000473022 25.3661 1
      vertex -2.07449 25.9084 0
      vertex 0.000473022 25.3661 0
    endloop
  endfacet
  facet normal -0.240475 -0.970655 0
    outer loop
      vertex 0.000473022 25.3661 0
      vertex 2.27499 24.8026 1
      vertex 0.000473022 25.3661 1
    endloop
  endfacet
  facet normal -0.240475 -0.970655 -0
    outer loop
      vertex 2.27499 24.8026 1
      vertex 0.000473022 25.3661 0
      vertex 2.27499 24.8026 0
    endloop
  endfacet
  facet normal -0.256329 -0.96659 0
    outer loop
      vertex 2.27499 24.8026 0
      vertex 3.41644 24.4999 1
      vertex 2.27499 24.8026 1
    endloop
  endfacet
  facet normal -0.256329 -0.96659 -0
    outer loop
      vertex 3.41644 24.4999 1
      vertex 2.27499 24.8026 0
      vertex 3.41644 24.4999 0
    endloop
  endfacet
  facet normal -0.299785 -0.954007 0
    outer loop
      vertex 3.41644 24.4999 0
      vertex 4.47742 24.1665 1
      vertex 3.41644 24.4999 1
    endloop
  endfacet
  facet normal -0.299785 -0.954007 -0
    outer loop
      vertex 4.47742 24.1665 1
      vertex 3.41644 24.4999 0
      vertex 4.47742 24.1665 0
    endloop
  endfacet
  facet normal -0.348111 -0.937453 0
    outer loop
      vertex 4.47742 24.1665 0
      vertex 5.45793 23.8024 1
      vertex 4.47742 24.1665 1
    endloop
  endfacet
  facet normal -0.348111 -0.937453 -0
    outer loop
      vertex 5.45793 23.8024 1
      vertex 4.47742 24.1665 0
      vertex 5.45793 23.8024 0
    endloop
  endfacet
  facet normal -0.401704 -0.915769 0
    outer loop
      vertex 5.45793 23.8024 0
      vertex 6.35796 23.4076 1
      vertex 5.45793 23.8024 1
    endloop
  endfacet
  facet normal -0.401704 -0.915769 -0
    outer loop
      vertex 6.35796 23.4076 1
      vertex 5.45793 23.8024 0
      vertex 6.35796 23.4076 0
    endloop
  endfacet
  facet normal -0.46087 -0.887468 0
    outer loop
      vertex 6.35796 23.4076 0
      vertex 7.17751 22.982 1
      vertex 6.35796 23.4076 1
    endloop
  endfacet
  facet normal -0.46087 -0.887468 -0
    outer loop
      vertex 7.17751 22.982 1
      vertex 6.35796 23.4076 0
      vertex 7.17751 22.982 0
    endloop
  endfacet
  facet normal -0.525329 -0.850899 0
    outer loop
      vertex 7.17751 22.982 0
      vertex 7.9166 22.5257 1
      vertex 7.17751 22.982 1
    endloop
  endfacet
  facet normal -0.525329 -0.850899 -0
    outer loop
      vertex 7.9166 22.5257 1
      vertex 7.17751 22.982 0
      vertex 7.9166 22.5257 0
    endloop
  endfacet
  facet normal -0.594635 -0.803996 0
    outer loop
      vertex 7.9166 22.5257 0
      vertex 8.5752 22.0386 1
      vertex 7.9166 22.5257 1
    endloop
  endfacet
  facet normal -0.594635 -0.803996 -0
    outer loop
      vertex 8.5752 22.0386 1
      vertex 7.9166 22.5257 0
      vertex 8.5752 22.0386 0
    endloop
  endfacet
  facet normal -0.670167 -0.74221 0
    outer loop
      vertex 8.5752 22.0386 0
      vertex 9.14955 21.52 1
      vertex 8.5752 22.0386 1
    endloop
  endfacet
  facet normal -0.670167 -0.74221 -0
    outer loop
      vertex 9.14955 21.52 1
      vertex 8.5752 22.0386 0
      vertex 9.14955 21.52 0
    endloop
  endfacet
  facet normal -0.749904 -0.661546 0
    outer loop
      vertex 9.63554 20.9691 0
      vertex 9.14955 21.52 1
      vertex 9.14955 21.52 0
    endloop
  endfacet
  facet normal -0.749904 -0.661546 0
    outer loop
      vertex 9.14955 21.52 1
      vertex 9.63554 20.9691 0
      vertex 9.63554 20.9691 1
    endloop
  endfacet
  facet normal -0.826302 -0.563228 0
    outer loop
      vertex 10.0332 20.3857 0
      vertex 9.63554 20.9691 1
      vertex 9.63554 20.9691 0
    endloop
  endfacet
  facet normal -0.826302 -0.563228 0
    outer loop
      vertex 9.63554 20.9691 1
      vertex 10.0332 20.3857 0
      vertex 10.0332 20.3857 1
    endloop
  endfacet
  facet normal -0.893613 -0.448839 0
    outer loop
      vertex 10.3424 19.7701 0
      vertex 10.0332 20.3857 1
      vertex 10.0332 20.3857 0
    endloop
  endfacet
  facet normal -0.893613 -0.448839 0
    outer loop
      vertex 10.0332 20.3857 1
      vertex 10.3424 19.7701 0
      vertex 10.3424 19.7701 1
    endloop
  endfacet
  facet normal -0.946529 -0.322617 0
    outer loop
      vertex 10.5633 19.122 0
      vertex 10.3424 19.7701 1
      vertex 10.3424 19.7701 0
    endloop
  endfacet
  facet normal -0.946529 -0.322617 0
    outer loop
      vertex 10.3424 19.7701 1
      vertex 10.5633 19.122 0
      vertex 10.5633 19.122 1
    endloop
  endfacet
  facet normal -0.981534 -0.191287 0
    outer loop
      vertex 10.6959 18.4416 0
      vertex 10.5633 19.122 1
      vertex 10.5633 19.122 0
    endloop
  endfacet
  facet normal -0.981534 -0.191287 0
    outer loop
      vertex 10.5633 19.122 1
      vertex 10.6959 18.4416 0
      vertex 10.6959 18.4416 1
    endloop
  endfacet
  facet normal -0.998082 -0.0618988 0
    outer loop
      vertex 10.7401 17.7289 0
      vertex 10.6959 18.4416 1
      vertex 10.6959 18.4416 0
    endloop
  endfacet
  facet normal -0.998082 -0.0618988 0
    outer loop
      vertex 10.6959 18.4416 1
      vertex 10.7401 17.7289 0
      vertex 10.7401 17.7289 1
    endloop
  endfacet
  facet normal -0.9986 0.0528969 0
    outer loop
      vertex 10.69 16.7831 0
      vertex 10.7401 17.7289 1
      vertex 10.7401 17.7289 0
    endloop
  endfacet
  facet normal -0.9986 0.0528969 0
    outer loop
      vertex 10.7401 17.7289 1
      vertex 10.69 16.7831 0
      vertex 10.69 16.7831 1
    endloop
  endfacet
  facet normal -0.985459 0.169914 0
    outer loop
      vertex 10.5397 15.9114 0
      vertex 10.69 16.7831 1
      vertex 10.69 16.7831 0
    endloop
  endfacet
  facet normal -0.985459 0.169914 0
    outer loop
      vertex 10.69 16.7831 1
      vertex 10.5397 15.9114 0
      vertex 10.5397 15.9114 1
    endloop
  endfacet
  facet normal -0.954043 0.299671 0
    outer loop
      vertex 10.2892 15.1139 0
      vertex 10.5397 15.9114 1
      vertex 10.5397 15.9114 0
    endloop
  endfacet
  facet normal -0.954043 0.299671 0
    outer loop
      vertex 10.5397 15.9114 1
      vertex 10.2892 15.1139 0
      vertex 10.2892 15.1139 1
    endloop
  endfacet
  facet normal -0.899887 0.436123 0
    outer loop
      vertex 9.93861 14.3905 0
      vertex 10.2892 15.1139 1
      vertex 10.2892 15.1139 0
    endloop
  endfacet
  facet normal -0.899887 0.436123 0
    outer loop
      vertex 10.2892 15.1139 1
      vertex 9.93861 14.3905 0
      vertex 9.93861 14.3905 1
    endloop
  endfacet
  facet normal -0.821431 0.570308 0
    outer loop
      vertex 9.48781 13.7412 0
      vertex 9.93861 14.3905 1
      vertex 9.93861 14.3905 0
    endloop
  endfacet
  facet normal -0.821431 0.570308 0
    outer loop
      vertex 9.93861 14.3905 1
      vertex 9.48781 13.7412 0
      vertex 9.48781 13.7412 1
    endloop
  endfacet
  facet normal -0.722135 0.691753 0
    outer loop
      vertex 8.93681 13.166 0
      vertex 9.48781 13.7412 1
      vertex 9.48781 13.7412 0
    endloop
  endfacet
  facet normal -0.722135 0.691753 0
    outer loop
      vertex 9.48781 13.7412 1
      vertex 8.93681 13.166 0
      vertex 8.93681 13.166 1
    endloop
  endfacet
  facet normal -0.609787 0.792565 0
    outer loop
      vertex 8.93681 13.166 0
      vertex 8.28564 12.665 1
      vertex 8.93681 13.166 1
    endloop
  endfacet
  facet normal -0.609787 0.792565 0
    outer loop
      vertex 8.28564 12.665 1
      vertex 8.93681 13.166 0
      vertex 8.28564 12.665 0
    endloop
  endfacet
  facet normal -0.495363 0.868686 0
    outer loop
      vertex 8.28564 12.665 0
      vertex 7.53035 12.2343 1
      vertex 8.28564 12.665 1
    endloop
  endfacet
  facet normal -0.495363 0.868686 0
    outer loop
      vertex 7.53035 12.2343 1
      vertex 8.28564 12.665 0
      vertex 7.53035 12.2343 0
    endloop
  endfacet
  facet normal -0.388851 0.921301 0
    outer loop
      vertex 7.53035 12.2343 0
      vertex 6.66698 11.8699 1
      vertex 7.53035 12.2343 1
    endloop
  endfacet
  facet normal -0.388851 0.921301 0
    outer loop
      vertex 6.66698 11.8699 1
      vertex 7.53035 12.2343 0
      vertex 6.66698 11.8699 0
    endloop
  endfacet
  facet normal -0.293452 0.955974 0
    outer loop
      vertex 6.66698 11.8699 0
      vertex 5.69554 11.5717 1
      vertex 6.66698 11.8699 1
    endloop
  endfacet
  facet normal -0.293452 0.955974 0
    outer loop
      vertex 5.69554 11.5717 1
      vertex 6.66698 11.8699 0
      vertex 5.69554 11.5717 0
    endloop
  endfacet
  facet normal -0.21003 0.977695 0
    outer loop
      vertex 5.69554 11.5717 0
      vertex 4.61604 11.3398 1
      vertex 5.69554 11.5717 1
    endloop
  endfacet
  facet normal -0.21003 0.977695 0
    outer loop
      vertex 4.61604 11.3398 1
      vertex 5.69554 11.5717 0
      vertex 4.61604 11.3398 0
    endloop
  endfacet
  facet normal -0.138191 0.990406 0
    outer loop
      vertex 4.61604 11.3398 0
      vertex 3.42848 11.1741 1
      vertex 4.61604 11.3398 1
    endloop
  endfacet
  facet normal -0.138191 0.990406 0
    outer loop
      vertex 3.42848 11.1741 1
      vertex 4.61604 11.3398 0
      vertex 3.42848 11.1741 0
    endloop
  endfacet
  facet normal -0.0764941 0.99707 0
    outer loop
      vertex 3.42848 11.1741 0
      vertex 2.13284 11.0747 1
      vertex 3.42848 11.1741 1
    endloop
  endfacet
  facet normal -0.0764941 0.99707 0
    outer loop
      vertex 2.13284 11.0747 1
      vertex 3.42848 11.1741 0
      vertex 2.13284 11.0747 0
    endloop
  endfacet
  facet normal -0.0235743 0.999722 0
    outer loop
      vertex 2.13284 11.0747 0
      vertex 0.729156 11.0416 1
      vertex 2.13284 11.0747 1
    endloop
  endfacet
  facet normal -0.0235743 0.999722 0
    outer loop
      vertex 0.729156 11.0416 1
      vertex 2.13284 11.0747 0
      vertex 0.729156 11.0416 0
    endloop
  endfacet
  facet normal 0.0316036 0.9995 -0
    outer loop
      vertex 0.729156 11.0416 0
      vertex -0.630768 11.0846 1
      vertex 0.729156 11.0416 1
    endloop
  endfacet
  facet normal 0.0316036 0.9995 0
    outer loop
      vertex -0.630768 11.0846 1
      vertex 0.729156 11.0416 0
      vertex -0.630768 11.0846 0
    endloop
  endfacet
  facet normal 0.100681 0.994919 -0
    outer loop
      vertex -0.630768 11.0846 0
      vertex -1.90553 11.2136 1
      vertex -0.630768 11.0846 1
    endloop
  endfacet
  facet normal 0.100681 0.994919 0
    outer loop
      vertex -1.90553 11.2136 1
      vertex -0.630768 11.0846 0
      vertex -1.90553 11.2136 0
    endloop
  endfacet
  facet normal 0.177853 0.984057 -0
    outer loop
      vertex -1.90553 11.2136 0
      vertex -3.09512 11.4286 1
      vertex -1.90553 11.2136 1
    endloop
  endfacet
  facet normal 0.177853 0.984057 0
    outer loop
      vertex -3.09512 11.4286 1
      vertex -1.90553 11.2136 0
      vertex -3.09512 11.4286 0
    endloop
  endfacet
  facet normal 0.262869 0.964832 -0
    outer loop
      vertex -3.09512 11.4286 0
      vertex -4.19954 11.7295 1
      vertex -3.09512 11.4286 1
    endloop
  endfacet
  facet normal 0.262869 0.964832 0
    outer loop
      vertex -4.19954 11.7295 1
      vertex -3.09512 11.4286 0
      vertex -4.19954 11.7295 0
    endloop
  endfacet
  facet normal 0.354968 0.934878 -0
    outer loop
      vertex -4.19954 11.7295 0
      vertex -5.21878 12.1165 1
      vertex -4.19954 11.7295 1
    endloop
  endfacet
  facet normal 0.354968 0.934878 0
    outer loop
      vertex -5.21878 12.1165 1
      vertex -4.19954 11.7295 0
      vertex -5.21878 12.1165 0
    endloop
  endfacet
  facet normal 0.45169 0.892175 -0
    outer loop
      vertex -5.21878 12.1165 0
      vertex -6.15285 12.5894 1
      vertex -5.21878 12.1165 1
    endloop
  endfacet
  facet normal 0.45169 0.892175 0
    outer loop
      vertex -6.15285 12.5894 1
      vertex -5.21878 12.1165 0
      vertex -6.15285 12.5894 0
    endloop
  endfacet
  facet normal 0.549905 0.835227 -0
    outer loop
      vertex -6.15285 12.5894 0
      vertex -7.00174 13.1483 1
      vertex -6.15285 12.5894 1
    endloop
  endfacet
  facet normal 0.549905 0.835227 0
    outer loop
      vertex -7.00174 13.1483 1
      vertex -6.15285 12.5894 0
      vertex -7.00174 13.1483 0
    endloop
  endfacet
  facet normal 0.636721 0.771095 -0
    outer loop
      vertex -7.00174 13.1483 0
      vertex -7.76845 13.7814 1
      vertex -7.00174 13.1483 1
    endloop
  endfacet
  facet normal 0.636721 0.771095 0
    outer loop
      vertex -7.76845 13.7814 1
      vertex -7.00174 13.1483 0
      vertex -7.76845 13.7814 0
    endloop
  endfacet
  facet normal 0.710956 0.703237 0
    outer loop
      vertex -7.76845 13.7814 1
      vertex -8.4563 14.4768 0
      vertex -8.4563 14.4768 1
    endloop
  endfacet
  facet normal 0.710956 0.703237 0
    outer loop
      vertex -8.4563 14.4768 0
      vertex -7.76845 13.7814 1
      vertex -7.76845 13.7814 0
    endloop
  endfacet
  facet normal 0.779462 0.62645 0
    outer loop
      vertex -8.4563 14.4768 1
      vertex -9.06526 15.2345 0
      vertex -9.06526 15.2345 1
    endloop
  endfacet
  facet normal 0.779462 0.62645 0
    outer loop
      vertex -9.06526 15.2345 0
      vertex -8.4563 14.4768 1
      vertex -8.4563 14.4768 0
    endloop
  endfacet
  facet normal 0.839763 0.542953 0
    outer loop
      vertex -9.06526 15.2345 1
      vertex -9.59537 16.0544 0
      vertex -9.59537 16.0544 1
    endloop
  endfacet
  facet normal 0.839763 0.542953 0
    outer loop
      vertex -9.59537 16.0544 0
      vertex -9.06526 15.2345 1
      vertex -9.06526 15.2345 0
    endloop
  endfacet
  facet normal 0.890322 0.455332 0
    outer loop
      vertex -9.59537 16.0544 1
      vertex -10.0466 16.9367 0
      vertex -10.0466 16.9367 1
    endloop
  endfacet
  facet normal 0.890322 0.455332 0
    outer loop
      vertex -10.0466 16.9367 0
      vertex -9.59537 16.0544 1
      vertex -9.59537 16.0544 0
    endloop
  endfacet
  facet normal 0.930313 0.366767 0
    outer loop
      vertex -10.0466 16.9367 1
      vertex -10.419 17.8813 0
      vertex -10.419 17.8813 1
    endloop
  endfacet
  facet normal 0.930313 0.366767 0
    outer loop
      vertex -10.419 17.8813 0
      vertex -10.0466 16.9367 1
      vertex -10.0466 16.9367 0
    endloop
  endfacet
  facet normal 0.960072 0.279755 0
    outer loop
      vertex -10.419 17.8813 1
      vertex -10.7124 18.8882 0
      vertex -10.7124 18.8882 1
    endloop
  endfacet
  facet normal 0.960072 0.279755 0
    outer loop
      vertex -10.7124 18.8882 0
      vertex -10.419 17.8813 1
      vertex -10.419 17.8813 0
    endloop
  endfacet
  facet normal -0.128741 0.991678 0
    outer loop
      vertex -10.7124 18.8882 0
      vertex -21.7283 17.4581 1
      vertex -10.7124 18.8882 1
    endloop
  endfacet
  facet normal -0.128741 0.991678 0
    outer loop
      vertex -21.7283 17.4581 1
      vertex -10.7124 18.8882 0
      vertex -21.7283 17.4581 0
    endloop
  endfacet
  facet normal -0.965052 -0.26206 0
    outer loop
      vertex -21.1808 15.4419 0
      vertex -21.7283 17.4581 1
      vertex -21.7283 17.4581 0
    endloop
  endfacet
  facet normal -0.965052 -0.26206 0
    outer loop
      vertex -21.7283 17.4581 1
      vertex -21.1808 15.4419 0
      vertex -21.1808 15.4419 1
    endloop
  endfacet
  facet normal -0.934385 -0.356265 0
    outer loop
      vertex -20.4662 13.5677 0
      vertex -21.1808 15.4419 1
      vertex -21.1808 15.4419 0
    endloop
  endfacet
  facet normal -0.934385 -0.356265 0
    outer loop
      vertex -21.1808 15.4419 1
      vertex -20.4662 13.5677 0
      vertex -20.4662 13.5677 1
    endloop
  endfacet
  facet normal -0.891163 -0.453684 0
    outer loop
      vertex -19.5843 11.8354 0
      vertex -20.4662 13.5677 1
      vertex -20.4662 13.5677 0
    endloop
  endfacet
  facet normal -0.891163 -0.453684 0
    outer loop
      vertex -20.4662 13.5677 1
      vertex -19.5843 11.8354 0
      vertex -19.5843 11.8354 1
    endloop
  endfacet
  facet normal -0.83473 -0.55066 0
    outer loop
      vertex -18.5352 10.2451 0
      vertex -19.5843 11.8354 1
      vertex -19.5843 11.8354 0
    endloop
  endfacet
  facet normal -0.83473 -0.55066 0
    outer loop
      vertex -19.5843 11.8354 1
      vertex -18.5352 10.2451 0
      vertex -18.5352 10.2451 1
    endloop
  endfacet
  facet normal -0.765756 -0.643131 0
    outer loop
      vertex -17.3188 8.79677 0
      vertex -18.5352 10.2451 1
      vertex -18.5352 10.2451 0
    endloop
  endfacet
  facet normal -0.765756 -0.643131 0
    outer loop
      vertex -18.5352 10.2451 1
      vertex -17.3188 8.79677 0
      vertex -17.3188 8.79677 1
    endloop
  endfacet
  facet normal -0.686523 -0.727108 0
    outer loop
      vertex -17.3188 8.79677 0
      vertex -15.9352 7.4904 1
      vertex -17.3188 8.79677 1
    endloop
  endfacet
  facet normal -0.686523 -0.727108 -0
    outer loop
      vertex -15.9352 7.4904 1
      vertex -17.3188 8.79677 0
      vertex -15.9352 7.4904 0
    endloop
  endfacet
  facet normal -0.600419 -0.799686 0
    outer loop
      vertex -15.9352 7.4904 0
      vertex -15.2689 6.99013 1
      vertex -15.9352 7.4904 1
    endloop
  endfacet
  facet normal -0.600419 -0.799686 -0
    outer loop
      vertex -15.2689 6.99013 1
      vertex -15.9352 7.4904 0
      vertex -15.2689 6.99013 0
    endloop
  endfacet
  facet normal -0.998031 -0.0627242 0
    outer loop
      vertex -26.75 0 0
      vertex -26.7756 0.407332 1
      vertex -26.7756 0.407332 0
    endloop
  endfacet
  facet normal -0.998031 -0.0627242 0
    outer loop
      vertex -26.7756 0.407332 1
      vertex -26.75 0 0
      vertex -26.75 0 1
    endloop
  endfacet
  facet normal 0.998031 -0.0627242 0
    outer loop
      vertex -33.25 0 1
      vertex -33.2244 0.407332 0
      vertex -33.2244 0.407332 1
    endloop
  endfacet
  facet normal 0.998031 -0.0627242 0
    outer loop
      vertex -33.2244 0.407332 0
      vertex -33.25 0 1
      vertex -33.25 0 0
    endloop
  endfacet
  facet normal 0 -1 0
    outer loop
      vertex -30.2041 3.24359 0
      vertex -29.7959 3.24359 1
      vertex -30.2041 3.24359 1
    endloop
  endfacet
  facet normal 0 -1 -0
    outer loop
      vertex -29.7959 3.24359 1
      vertex -30.2041 3.24359 0
      vertex -29.7959 3.24359 0
    endloop
  endfacet
  facet normal 0 1 -0
    outer loop
      vertex -29.7959 -3.24359 0
      vertex -30.2041 -3.24359 1
      vertex -29.7959 -3.24359 1
    endloop
  endfacet
  facet normal 0 1 0
    outer loop
      vertex -30.2041 -3.24359 1
      vertex -29.7959 -3.24359 0
      vertex -30.2041 -3.24359 0
    endloop
  endfacet
  facet normal -0.684572 -0.728946 0
    outer loop
      vertex -27.9284 2.50417 0
      vertex -27.6309 2.22478 1
      vertex -27.9284 2.50417 1
    endloop
  endfacet
  facet normal -0.684572 -0.728946 -0
    outer loop
      vertex -27.6309 2.22478 1
      vertex -27.9284 2.50417 0
      vertex -27.6309 2.22478 0
    endloop
  endfacet
  facet normal 0.684572 -0.728946 0
    outer loop
      vertex -32.3691 2.22478 0
      vertex -32.0716 2.50417 1
      vertex -32.3691 2.22478 1
    endloop
  endfacet
  facet normal 0.684572 -0.728946 0
    outer loop
      vertex -32.0716 2.50417 1
      vertex -32.3691 2.22478 0
      vertex -32.0716 2.50417 0
    endloop
  endfacet
  facet normal 0.368093 -0.929789 0
    outer loop
      vertex -31.3838 2.94069 0
      vertex -31.0043 3.09093 1
      vertex -31.3838 2.94069 1
    endloop
  endfacet
  facet normal 0.368093 -0.929789 0
    outer loop
      vertex -31.0043 3.09093 1
      vertex -31.3838 2.94069 0
      vertex -31.0043 3.09093 0
    endloop
  endfacet
  facet normal -0.904808 -0.425821 0
    outer loop
      vertex -26.9782 1.1964 0
      vertex -27.152 1.5657 1
      vertex -27.152 1.5657 0
    endloop
  endfacet
  facet normal -0.904808 -0.425821 0
    outer loop
      vertex -27.152 1.5657 1
      vertex -26.9782 1.1964 0
      vertex -26.9782 1.1964 1
    endloop
  endfacet
  facet normal -0.844317 -0.535845 0
    outer loop
      vertex -27.152 1.5657 0
      vertex -27.3707 1.9103 1
      vertex -27.3707 1.9103 0
    endloop
  endfacet
  facet normal -0.844317 -0.535845 0
    outer loop
      vertex -27.3707 1.9103 1
      vertex -27.152 1.5657 0
      vertex -27.152 1.5657 1
    endloop
  endfacet
  facet normal -0.368093 -0.929789 0
    outer loop
      vertex -28.9957 3.09093 0
      vertex -28.6162 2.94069 1
      vertex -28.9957 3.09093 1
    endloop
  endfacet
  facet normal -0.368093 -0.929789 -0
    outer loop
      vertex -28.6162 2.94069 1
      vertex -28.9957 3.09093 0
      vertex -28.6162 2.94069 0
    endloop
  endfacet
  facet normal -0.2487 -0.968581 0
    outer loop
      vertex -29.391 3.19243 0
      vertex -28.9957 3.09093 1
      vertex -29.391 3.19243 1
    endloop
  endfacet
  facet normal -0.2487 -0.968581 -0
    outer loop
      vertex -28.9957 3.09093 1
      vertex -29.391 3.19243 0
      vertex -28.9957 3.09093 0
    endloop
  endfacet
  facet normal -0.587778 -0.809022 0
    outer loop
      vertex -28.2586 2.74407 0
      vertex -27.9284 2.50417 1
      vertex -28.2586 2.74407 1
    endloop
  endfacet
  facet normal -0.587778 -0.809022 -0
    outer loop
      vertex -27.9284 2.50417 1
      vertex -28.2586 2.74407 0
      vertex -27.9284 2.50417 0
    endloop
  endfacet
  facet normal 0.844317 -0.535845 0
    outer loop
      vertex -32.848 1.5657 1
      vertex -32.6293 1.9103 0
      vertex -32.6293 1.9103 1
    endloop
  endfacet
  facet normal 0.844317 -0.535845 0
    outer loop
      vertex -32.6293 1.9103 0
      vertex -32.848 1.5657 1
      vertex -32.848 1.5657 0
    endloop
  endfacet
  facet normal 0.770466 -0.637481 0
    outer loop
      vertex -32.6293 1.9103 1
      vertex -32.3691 2.22478 0
      vertex -32.3691 2.22478 1
    endloop
  endfacet
  facet normal 0.770466 -0.637481 0
    outer loop
      vertex -32.3691 2.22478 0
      vertex -32.6293 1.9103 1
      vertex -32.6293 1.9103 0
    endloop
  endfacet
  facet normal 0.951071 -0.308972 0
    outer loop
      vertex -33.1479 0.808242 1
      vertex -33.0218 1.1964 0
      vertex -33.0218 1.1964 1
    endloop
  endfacet
  facet normal 0.951071 -0.308972 0
    outer loop
      vertex -33.0218 1.1964 0
      vertex -33.1479 0.808242 1
      vertex -33.1479 0.808242 0
    endloop
  endfacet
  facet normal 0.481806 -0.876278 0
    outer loop
      vertex -31.7414 2.74407 0
      vertex -31.3838 2.94069 1
      vertex -31.7414 2.74407 1
    endloop
  endfacet
  facet normal 0.481806 -0.876278 0
    outer loop
      vertex -31.3838 2.94069 1
      vertex -31.7414 2.74407 0
      vertex -31.3838 2.94069 0
    endloop
  endfacet
  facet normal 0.125356 -0.992112 0
    outer loop
      vertex -30.609 3.19243 0
      vertex -30.2041 3.24359 1
      vertex -30.609 3.19243 1
    endloop
  endfacet
  facet normal 0.125356 -0.992112 0
    outer loop
      vertex -30.2041 3.24359 1
      vertex -30.609 3.19243 0
      vertex -30.2041 3.24359 0
    endloop
  endfacet
  facet normal -0.125356 0.992112 0
    outer loop
      vertex -29.391 -3.19243 0
      vertex -29.7959 -3.24359 1
      vertex -29.391 -3.19243 1
    endloop
  endfacet
  facet normal -0.125356 0.992112 0
    outer loop
      vertex -29.7959 -3.24359 1
      vertex -29.391 -3.19243 0
      vertex -29.7959 -3.24359 0
    endloop
  endfacet
  facet normal -0.951071 -0.308972 0
    outer loop
      vertex -26.8521 0.808242 0
      vertex -26.9782 1.1964 1
      vertex -26.9782 1.1964 0
    endloop
  endfacet
  facet normal -0.951071 -0.308972 0
    outer loop
      vertex -26.9782 1.1964 1
      vertex -26.8521 0.808242 0
      vertex -26.8521 0.808242 1
    endloop
  endfacet
  facet normal -0.982277 -0.187434 0
    outer loop
      vertex -26.7756 0.407332 0
      vertex -26.8521 0.808242 1
      vertex -26.8521 0.808242 0
    endloop
  endfacet
  facet normal -0.982277 -0.187434 0
    outer loop
      vertex -26.8521 0.808242 1
      vertex -26.7756 0.407332 0
      vertex -26.7756 0.407332 1
    endloop
  endfacet
  facet normal -0.770466 -0.637481 0
    outer loop
      vertex -27.3707 1.9103 0
      vertex -27.6309 2.22478 1
      vertex -27.6309 2.22478 0
    endloop
  endfacet
  facet normal -0.770466 -0.637481 0
    outer loop
      vertex -27.6309 2.22478 1
      vertex -27.3707 1.9103 0
      vertex -27.3707 1.9103 1
    endloop
  endfacet
  facet normal -0.125356 -0.992112 0
    outer loop
      vertex -29.7959 3.24359 0
      vertex -29.391 3.19243 1
      vertex -29.7959 3.24359 1
    endloop
  endfacet
  facet normal -0.125356 -0.992112 -0
    outer loop
      vertex -29.391 3.19243 1
      vertex -29.7959 3.24359 0
      vertex -29.391 3.19243 0
    endloop
  endfacet
  facet normal 0.904808 -0.425821 0
    outer loop
      vertex -33.0218 1.1964 1
      vertex -32.848 1.5657 0
      vertex -32.848 1.5657 1
    endloop
  endfacet
  facet normal 0.904808 -0.425821 0
    outer loop
      vertex -32.848 1.5657 0
      vertex -33.0218 1.1964 1
      vertex -33.0218 1.1964 0
    endloop
  endfacet
  facet normal 0.982277 -0.187434 0
    outer loop
      vertex -33.2244 0.407332 1
      vertex -33.1479 0.808242 0
      vertex -33.1479 0.808242 1
    endloop
  endfacet
  facet normal 0.982277 -0.187434 0
    outer loop
      vertex -33.1479 0.808242 0
      vertex -33.2244 0.407332 1
      vertex -33.2244 0.407332 0
    endloop
  endfacet
  facet normal -0.951071 0.308972 0
    outer loop
      vertex -26.9782 -1.1964 0
      vertex -26.8521 -0.808242 1
      vertex -26.8521 -0.808242 0
    endloop
  endfacet
  facet normal -0.951071 0.308972 0
    outer loop
      vertex -26.8521 -0.808242 1
      vertex -26.9782 -1.1964 0
      vertex -26.9782 -1.1964 1
    endloop
  endfacet
  facet normal -0.982277 0.187434 0
    outer loop
      vertex -26.8521 -0.808242 0
      vertex -26.7756 -0.407332 1
      vertex -26.7756 -0.407332 0
    endloop
  endfacet
  facet normal -0.982277 0.187434 0
    outer loop
      vertex -26.7756 -0.407332 1
      vertex -26.8521 -0.808242 0
      vertex -26.8521 -0.808242 1
    endloop
  endfacet
  facet normal 0.368093 0.929789 -0
    outer loop
      vertex -31.0043 -3.09093 0
      vertex -31.3838 -2.94069 1
      vertex -31.0043 -3.09093 1
    endloop
  endfacet
  facet normal 0.368093 0.929789 0
    outer loop
      vertex -31.3838 -2.94069 1
      vertex -31.0043 -3.09093 0
      vertex -31.3838 -2.94069 0
    endloop
  endfacet
  facet normal -0.587778 0.809022 0
    outer loop
      vertex -27.9284 -2.50417 0
      vertex -28.2586 -2.74407 1
      vertex -27.9284 -2.50417 1
    endloop
  endfacet
  facet normal -0.587778 0.809022 0
    outer loop
      vertex -28.2586 -2.74407 1
      vertex -27.9284 -2.50417 0
      vertex -28.2586 -2.74407 0
    endloop
  endfacet
  facet normal -0.481806 0.876278 0
    outer loop
      vertex -28.2586 -2.74407 0
      vertex -28.6162 -2.94069 1
      vertex -28.2586 -2.74407 1
    endloop
  endfacet
  facet normal -0.481806 0.876278 0
    outer loop
      vertex -28.6162 -2.94069 1
      vertex -28.2586 -2.74407 0
      vertex -28.6162 -2.94069 0
    endloop
  endfacet
  facet normal -0.481806 -0.876278 0
    outer loop
      vertex -28.6162 2.94069 0
      vertex -28.2586 2.74407 1
      vertex -28.6162 2.94069 1
    endloop
  endfacet
  facet normal -0.481806 -0.876278 -0
    outer loop
      vertex -28.2586 2.74407 1
      vertex -28.6162 2.94069 0
      vertex -28.2586 2.74407 0
    endloop
  endfacet
  facet normal 0.587778 -0.809022 0
    outer loop
      vertex -32.0716 2.50417 0
      vertex -31.7414 2.74407 1
      vertex -32.0716 2.50417 1
    endloop
  endfacet
  facet normal 0.587778 -0.809022 0
    outer loop
      vertex -31.7414 2.74407 1
      vertex -32.0716 2.50417 0
      vertex -31.7414 2.74407 0
    endloop
  endfacet
  facet normal 0.2487 -0.968581 0
    outer loop
      vertex -31.0043 3.09093 0
      vertex -30.609 3.19243 1
      vertex -31.0043 3.09093 1
    endloop
  endfacet
  facet normal 0.2487 -0.968581 0
    outer loop
      vertex -30.609 3.19243 1
      vertex -31.0043 3.09093 0
      vertex -30.609 3.19243 0
    endloop
  endfacet
  facet normal -0.998031 0.0627242 0
    outer loop
      vertex -26.7756 -0.407332 0
      vertex -26.75 0 1
      vertex -26.75 0 0
    endloop
  endfacet
  facet normal -0.998031 0.0627242 0
    outer loop
      vertex -26.75 0 1
      vertex -26.7756 -0.407332 0
      vertex -26.7756 -0.407332 1
    endloop
  endfacet
  facet normal 0.770466 0.637481 0
    outer loop
      vertex -32.3691 -2.22478 1
      vertex -32.6293 -1.9103 0
      vertex -32.6293 -1.9103 1
    endloop
  endfacet
  facet normal 0.770466 0.637481 0
    outer loop
      vertex -32.6293 -1.9103 0
      vertex -32.3691 -2.22478 1
      vertex -32.3691 -2.22478 0
    endloop
  endfacet
  facet normal 0.951071 0.308972 0
    outer loop
      vertex -33.0218 -1.1964 1
      vertex -33.1479 -0.808242 0
      vertex -33.1479 -0.808242 1
    endloop
  endfacet
  facet normal 0.951071 0.308972 0
    outer loop
      vertex -33.1479 -0.808242 0
      vertex -33.0218 -1.1964 1
      vertex -33.0218 -1.1964 0
    endloop
  endfacet
  facet normal 0.998031 0.0627242 0
    outer loop
      vertex -33.2244 -0.407332 1
      vertex -33.25 0 0
      vertex -33.25 0 1
    endloop
  endfacet
  facet normal 0.998031 0.0627242 0
    outer loop
      vertex -33.25 0 0
      vertex -33.2244 -0.407332 1
      vertex -33.2244 -0.407332 0
    endloop
  endfacet
  facet normal -0.684572 0.728946 0
    outer loop
      vertex -27.6309 -2.22478 0
      vertex -27.9284 -2.50417 1
      vertex -27.6309 -2.22478 1
    endloop
  endfacet
  facet normal -0.684572 0.728946 0
    outer loop
      vertex -27.9284 -2.50417 1
      vertex -27.6309 -2.22478 0
      vertex -27.9284 -2.50417 0
    endloop
  endfacet
  facet normal -0.904808 0.425821 0
    outer loop
      vertex -27.152 -1.5657 0
      vertex -26.9782 -1.1964 1
      vertex -26.9782 -1.1964 0
    endloop
  endfacet
  facet normal -0.904808 0.425821 0
    outer loop
      vertex -26.9782 -1.1964 1
      vertex -27.152 -1.5657 0
      vertex -27.152 -1.5657 1
    endloop
  endfacet
  facet normal -0.844317 0.535845 0
    outer loop
      vertex -27.3707 -1.9103 0
      vertex -27.152 -1.5657 1
      vertex -27.152 -1.5657 0
    endloop
  endfacet
  facet normal -0.844317 0.535845 0
    outer loop
      vertex -27.152 -1.5657 1
      vertex -27.3707 -1.9103 0
      vertex -27.3707 -1.9103 1
    endloop
  endfacet
  facet normal 0.125356 0.992112 -0
    outer loop
      vertex -30.2041 -3.24359 0
      vertex -30.609 -3.19243 1
      vertex -30.2041 -3.24359 1
    endloop
  endfacet
  facet normal 0.125356 0.992112 0
    outer loop
      vertex -30.609 -3.19243 1
      vertex -30.2041 -3.24359 0
      vertex -30.609 -3.19243 0
    endloop
  endfacet
  facet normal 0.481806 0.876278 -0
    outer loop
      vertex -31.3838 -2.94069 0
      vertex -31.7414 -2.74407 1
      vertex -31.3838 -2.94069 1
    endloop
  endfacet
  facet normal 0.481806 0.876278 0
    outer loop
      vertex -31.7414 -2.74407 1
      vertex -31.3838 -2.94069 0
      vertex -31.7414 -2.74407 0
    endloop
  endfacet
  facet normal 0.2487 0.968581 -0
    outer loop
      vertex -30.609 -3.19243 0
      vertex -31.0043 -3.09093 1
      vertex -30.609 -3.19243 1
    endloop
  endfacet
  facet normal 0.2487 0.968581 0
    outer loop
      vertex -31.0043 -3.09093 1
      vertex -30.609 -3.19243 0
      vertex -31.0043 -3.09093 0
    endloop
  endfacet
  facet normal 0.684572 0.728946 -0
    outer loop
      vertex -32.0716 -2.50417 0
      vertex -32.3691 -2.22478 1
      vertex -32.0716 -2.50417 1
    endloop
  endfacet
  facet normal 0.684572 0.728946 0
    outer loop
      vertex -32.3691 -2.22478 1
      vertex -32.0716 -2.50417 0
      vertex -32.3691 -2.22478 0
    endloop
  endfacet
  facet normal 0.844317 0.535845 0
    outer loop
      vertex -32.6293 -1.9103 1
      vertex -32.848 -1.5657 0
      vertex -32.848 -1.5657 1
    endloop
  endfacet
  facet normal 0.844317 0.535845 0
    outer loop
      vertex -32.848 -1.5657 0
      vertex -32.6293 -1.9103 1
      vertex -32.6293 -1.9103 0
    endloop
  endfacet
  facet normal 0.904808 0.425821 0
    outer loop
      vertex -32.848 -1.5657 1
      vertex -33.0218 -1.1964 0
      vertex -33.0218 -1.1964 1
    endloop
  endfacet
  facet normal 0.904808 0.425821 0
    outer loop
      vertex -33.0218 -1.1964 0
      vertex -32.848 -1.5657 1
      vertex -32.848 -1.5657 0
    endloop
  endfacet
  facet normal 0.982277 0.187434 0
    outer loop
      vertex -33.1479 -0.808242 1
      vertex -33.2244 -0.407332 0
      vertex -33.2244 -0.407332 1
    endloop
  endfacet
  facet normal 0.982277 0.187434 0
    outer loop
      vertex -33.2244 -0.407332 0
      vertex -33.1479 -0.808242 1
      vertex -33.1479 -0.808242 0
    endloop
  endfacet
  facet normal -0.770466 0.637481 0
    outer loop
      vertex -27.6309 -2.22478 0
      vertex -27.3707 -1.9103 1
      vertex -27.3707 -1.9103 0
    endloop
  endfacet
  facet normal -0.770466 0.637481 0
    outer loop
      vertex -27.3707 -1.9103 1
      vertex -27.6309 -2.22478 0
      vertex -27.6309 -2.22478 1
    endloop
  endfacet
  facet normal -0.2487 0.968581 0
    outer loop
      vertex -28.9957 -3.09093 0
      vertex -29.391 -3.19243 1
      vertex -28.9957 -3.09093 1
    endloop
  endfacet
  facet normal -0.2487 0.968581 0
    outer loop
      vertex -29.391 -3.19243 1
      vertex -28.9957 -3.09093 0
      vertex -29.391 -3.19243 0
    endloop
  endfacet
  facet normal -0.368093 0.929789 0
    outer loop
      vertex -28.6162 -2.94069 0
      vertex -28.9957 -3.09093 1
      vertex -28.6162 -2.94069 1
    endloop
  endfacet
  facet normal -0.368093 0.929789 0
    outer loop
      vertex -28.9957 -3.09093 1
      vertex -28.6162 -2.94069 0
      vertex -28.9957 -3.09093 0
    endloop
  endfacet
  facet normal 0.587778 0.809022 -0
    outer loop
      vertex -31.7414 -2.74407 0
      vertex -32.0716 -2.50417 1
      vertex -31.7414 -2.74407 1
    endloop
  endfacet
  facet normal 0.587778 0.809022 0
    outer loop
      vertex -32.0716 -2.50417 1
      vertex -31.7414 -2.74407 0
      vertex -32.0716 -2.50417 0
    endloop
  endfacet
  facet normal -0.998031 -0.0627242 0
    outer loop
      vertex -11.75 0 0
      vertex -11.7756 0.407332 1
      vertex -11.7756 0.407332 0
    endloop
  endfacet
  facet normal -0.998031 -0.0627242 0
    outer loop
      vertex -11.7756 0.407332 1
      vertex -11.75 0 0
      vertex -11.75 0 1
    endloop
  endfacet
  facet normal 0.998031 -0.0627242 0
    outer loop
      vertex -18.25 0 1
      vertex -18.2244 0.407332 0
      vertex -18.2244 0.407332 1
    endloop
  endfacet
  facet normal 0.998031 -0.0627242 0
    outer loop
      vertex -18.2244 0.407332 0
      vertex -18.25 0 1
      vertex -18.25 0 0
    endloop
  endfacet
  facet normal 0 -1 0
    outer loop
      vertex -15.2041 3.24359 0
      vertex -14.7959 3.24359 1
      vertex -15.2041 3.24359 1
    endloop
  endfacet
  facet normal 0 -1 -0
    outer loop
      vertex -14.7959 3.24359 1
      vertex -15.2041 3.24359 0
      vertex -14.7959 3.24359 0
    endloop
  endfacet
  facet normal 0 1 -0
    outer loop
      vertex -14.7959 -3.24359 0
      vertex -15.2041 -3.24359 1
      vertex -14.7959 -3.24359 1
    endloop
  endfacet
  facet normal 0 1 0
    outer loop
      vertex -15.2041 -3.24359 1
      vertex -14.7959 -3.24359 0
      vertex -15.2041 -3.24359 0
    endloop
  endfacet
  facet normal -0.770466 0.637481 0
    outer loop
      vertex -12.6309 -2.22478 0
      vertex -12.3707 -1.9103 1
      vertex -12.3707 -1.9103 0
    endloop
  endfacet
  facet normal -0.770466 0.637481 0
    outer loop
      vertex -12.3707 -1.9103 1
      vertex -12.6309 -2.22478 0
      vertex -12.6309 -2.22478 1
    endloop
  endfacet
  facet normal -0.684572 -0.728946 0
    outer loop
      vertex -12.9284 2.50417 0
      vertex -12.6309 2.22478 1
      vertex -12.9284 2.50417 1
    endloop
  endfacet
  facet normal -0.684572 -0.728946 -0
    outer loop
      vertex -12.6309 2.22478 1
      vertex -12.9284 2.50417 0
      vertex -12.6309 2.22478 0
    endloop
  endfacet
  facet normal 0.684572 -0.728946 0
    outer loop
      vertex -17.3691 2.22478 0
      vertex -17.0716 2.50417 1
      vertex -17.3691 2.22478 1
    endloop
  endfacet
  facet normal 0.684572 -0.728946 0
    outer loop
      vertex -17.0716 2.50417 1
      vertex -17.3691 2.22478 0
      vertex -17.0716 2.50417 0
    endloop
  endfacet
  facet normal 0.368093 -0.929789 0
    outer loop
      vertex -16.3838 2.94069 0
      vertex -16.0043 3.09093 1
      vertex -16.3838 2.94069 1
    endloop
  endfacet
  facet normal 0.368093 -0.929789 0
    outer loop
      vertex -16.0043 3.09093 1
      vertex -16.3838 2.94069 0
      vertex -16.0043 3.09093 0
    endloop
  endfacet
  facet normal -0.904808 -0.425821 0
    outer loop
      vertex -11.9782 1.1964 0
      vertex -12.152 1.5657 1
      vertex -12.152 1.5657 0
    endloop
  endfacet
  facet normal -0.904808 -0.425821 0
    outer loop
      vertex -12.152 1.5657 1
      vertex -11.9782 1.1964 0
      vertex -11.9782 1.1964 1
    endloop
  endfacet
  facet normal -0.844317 -0.535845 0
    outer loop
      vertex -12.152 1.5657 0
      vertex -12.3707 1.9103 1
      vertex -12.3707 1.9103 0
    endloop
  endfacet
  facet normal -0.844317 -0.535845 0
    outer loop
      vertex -12.3707 1.9103 1
      vertex -12.152 1.5657 0
      vertex -12.152 1.5657 1
    endloop
  endfacet
  facet normal -0.368093 -0.929789 0
    outer loop
      vertex -13.9957 3.09093 0
      vertex -13.6162 2.94069 1
      vertex -13.9957 3.09093 1
    endloop
  endfacet
  facet normal -0.368093 -0.929789 -0
    outer loop
      vertex -13.6162 2.94069 1
      vertex -13.9957 3.09093 0
      vertex -13.6162 2.94069 0
    endloop
  endfacet
  facet normal -0.2487 -0.968581 0
    outer loop
      vertex -14.391 3.19243 0
      vertex -13.9957 3.09093 1
      vertex -14.391 3.19243 1
    endloop
  endfacet
  facet normal -0.2487 -0.968581 -0
    outer loop
      vertex -13.9957 3.09093 1
      vertex -14.391 3.19243 0
      vertex -13.9957 3.09093 0
    endloop
  endfacet
  facet normal -0.587778 -0.809022 0
    outer loop
      vertex -13.2586 2.74407 0
      vertex -12.9284 2.50417 1
      vertex -13.2586 2.74407 1
    endloop
  endfacet
  facet normal -0.587778 -0.809022 -0
    outer loop
      vertex -12.9284 2.50417 1
      vertex -13.2586 2.74407 0
      vertex -12.9284 2.50417 0
    endloop
  endfacet
  facet normal 0.904808 -0.425821 0
    outer loop
      vertex -18.0218 1.1964 1
      vertex -17.848 1.5657 0
      vertex -17.848 1.5657 1
    endloop
  endfacet
  facet normal 0.904808 -0.425821 0
    outer loop
      vertex -17.848 1.5657 0
      vertex -18.0218 1.1964 1
      vertex -18.0218 1.1964 0
    endloop
  endfacet
  facet normal 0.770466 -0.637481 0
    outer loop
      vertex -17.6293 1.9103 1
      vertex -17.3691 2.22478 0
      vertex -17.3691 2.22478 1
    endloop
  endfacet
  facet normal 0.770466 -0.637481 0
    outer loop
      vertex -17.3691 2.22478 0
      vertex -17.6293 1.9103 1
      vertex -17.6293 1.9103 0
    endloop
  endfacet
  facet normal 0.951071 -0.308972 0
    outer loop
      vertex -18.1479 0.808242 1
      vertex -18.0218 1.1964 0
      vertex -18.0218 1.1964 1
    endloop
  endfacet
  facet normal 0.951071 -0.308972 0
    outer loop
      vertex -18.0218 1.1964 0
      vertex -18.1479 0.808242 1
      vertex -18.1479 0.808242 0
    endloop
  endfacet
  facet normal 0.481806 -0.876278 0
    outer loop
      vertex -16.7414 2.74407 0
      vertex -16.3838 2.94069 1
      vertex -16.7414 2.74407 1
    endloop
  endfacet
  facet normal 0.481806 -0.876278 0
    outer loop
      vertex -16.3838 2.94069 1
      vertex -16.7414 2.74407 0
      vertex -16.3838 2.94069 0
    endloop
  endfacet
  facet normal 0.125356 -0.992112 0
    outer loop
      vertex -15.609 3.19243 0
      vertex -15.2041 3.24359 1
      vertex -15.609 3.19243 1
    endloop
  endfacet
  facet normal 0.125356 -0.992112 0
    outer loop
      vertex -15.2041 3.24359 1
      vertex -15.609 3.19243 0
      vertex -15.2041 3.24359 0
    endloop
  endfacet
  facet normal -0.125356 0.992112 0
    outer loop
      vertex -14.391 -3.19243 0
      vertex -14.7959 -3.24359 1
      vertex -14.391 -3.19243 1
    endloop
  endfacet
  facet normal -0.125356 0.992112 0
    outer loop
      vertex -14.7959 -3.24359 1
      vertex -14.391 -3.19243 0
      vertex -14.7959 -3.24359 0
    endloop
  endfacet
  facet normal -0.481806 0.876278 0
    outer loop
      vertex -13.2586 -2.74407 0
      vertex -13.6162 -2.94069 1
      vertex -13.2586 -2.74407 1
    endloop
  endfacet
  facet normal -0.481806 0.876278 0
    outer loop
      vertex -13.6162 -2.94069 1
      vertex -13.2586 -2.74407 0
      vertex -13.6162 -2.94069 0
    endloop
  endfacet
  facet normal -0.951071 -0.308972 0
    outer loop
      vertex -11.8521 0.808242 0
      vertex -11.9782 1.1964 1
      vertex -11.9782 1.1964 0
    endloop
  endfacet
  facet normal -0.951071 -0.308972 0
    outer loop
      vertex -11.9782 1.1964 1
      vertex -11.8521 0.808242 0
      vertex -11.8521 0.808242 1
    endloop
  endfacet
  facet normal -0.982277 -0.187434 0
    outer loop
      vertex -11.7756 0.407332 0
      vertex -11.8521 0.808242 1
      vertex -11.8521 0.808242 0
    endloop
  endfacet
  facet normal -0.982277 -0.187434 0
    outer loop
      vertex -11.8521 0.808242 1
      vertex -11.7756 0.407332 0
      vertex -11.7756 0.407332 1
    endloop
  endfacet
  facet normal -0.770466 -0.637481 0
    outer loop
      vertex -12.3707 1.9103 0
      vertex -12.6309 2.22478 1
      vertex -12.6309 2.22478 0
    endloop
  endfacet
  facet normal -0.770466 -0.637481 0
    outer loop
      vertex -12.6309 2.22478 1
      vertex -12.3707 1.9103 0
      vertex -12.3707 1.9103 1
    endloop
  endfacet
  facet normal -0.125356 -0.992112 0
    outer loop
      vertex -14.7959 3.24359 0
      vertex -14.391 3.19243 1
      vertex -14.7959 3.24359 1
    endloop
  endfacet
  facet normal -0.125356 -0.992112 -0
    outer loop
      vertex -14.391 3.19243 1
      vertex -14.7959 3.24359 0
      vertex -14.391 3.19243 0
    endloop
  endfacet
  facet normal -0.481806 -0.876278 0
    outer loop
      vertex -13.6162 2.94069 0
      vertex -13.2586 2.74407 1
      vertex -13.6162 2.94069 1
    endloop
  endfacet
  facet normal -0.481806 -0.876278 -0
    outer loop
      vertex -13.2586 2.74407 1
      vertex -13.6162 2.94069 0
      vertex -13.2586 2.74407 0
    endloop
  endfacet
  facet normal 0.844317 -0.535845 0
    outer loop
      vertex -17.848 1.5657 1
      vertex -17.6293 1.9103 0
      vertex -17.6293 1.9103 1
    endloop
  endfacet
  facet normal 0.844317 -0.535845 0
    outer loop
      vertex -17.6293 1.9103 0
      vertex -17.848 1.5657 1
      vertex -17.848 1.5657 0
    endloop
  endfacet
  facet normal 0.982277 -0.187434 0
    outer loop
      vertex -18.2244 0.407332 1
      vertex -18.1479 0.808242 0
      vertex -18.1479 0.808242 1
    endloop
  endfacet
  facet normal 0.982277 -0.187434 0
    outer loop
      vertex -18.1479 0.808242 0
      vertex -18.2244 0.407332 1
      vertex -18.2244 0.407332 0
    endloop
  endfacet
  facet normal 0.587778 -0.809022 0
    outer loop
      vertex -17.0716 2.50417 0
      vertex -16.7414 2.74407 1
      vertex -17.0716 2.50417 1
    endloop
  endfacet
  facet normal 0.587778 -0.809022 0
    outer loop
      vertex -16.7414 2.74407 1
      vertex -17.0716 2.50417 0
      vertex -16.7414 2.74407 0
    endloop
  endfacet
  facet normal 0.2487 -0.968581 0
    outer loop
      vertex -16.0043 3.09093 0
      vertex -15.609 3.19243 1
      vertex -16.0043 3.09093 1
    endloop
  endfacet
  facet normal 0.2487 -0.968581 0
    outer loop
      vertex -15.609 3.19243 1
      vertex -16.0043 3.09093 0
      vertex -15.609 3.19243 0
    endloop
  endfacet
  facet normal -0.951071 0.308972 0
    outer loop
      vertex -11.9782 -1.1964 0
      vertex -11.8521 -0.808242 1
      vertex -11.8521 -0.808242 0
    endloop
  endfacet
  facet normal -0.951071 0.308972 0
    outer loop
      vertex -11.8521 -0.808242 1
      vertex -11.9782 -1.1964 0
      vertex -11.9782 -1.1964 1
    endloop
  endfacet
  facet normal -0.982277 0.187434 0
    outer loop
      vertex -11.8521 -0.808242 0
      vertex -11.7756 -0.407332 1
      vertex -11.7756 -0.407332 0
    endloop
  endfacet
  facet normal -0.982277 0.187434 0
    outer loop
      vertex -11.7756 -0.407332 1
      vertex -11.8521 -0.808242 0
      vertex -11.8521 -0.808242 1
    endloop
  endfacet
  facet normal 0.904808 0.425821 0
    outer loop
      vertex -17.848 -1.5657 1
      vertex -18.0218 -1.1964 0
      vertex -18.0218 -1.1964 1
    endloop
  endfacet
  facet normal 0.904808 0.425821 0
    outer loop
      vertex -18.0218 -1.1964 0
      vertex -17.848 -1.5657 1
      vertex -17.848 -1.5657 0
    endloop
  endfacet
  facet normal -0.587778 0.809022 0
    outer loop
      vertex -12.9284 -2.50417 0
      vertex -13.2586 -2.74407 1
      vertex -12.9284 -2.50417 1
    endloop
  endfacet
  facet normal -0.587778 0.809022 0
    outer loop
      vertex -13.2586 -2.74407 1
      vertex -12.9284 -2.50417 0
      vertex -13.2586 -2.74407 0
    endloop
  endfacet
  facet normal -0.844317 0.535845 0
    outer loop
      vertex -12.3707 -1.9103 0
      vertex -12.152 -1.5657 1
      vertex -12.152 -1.5657 0
    endloop
  endfacet
  facet normal -0.844317 0.535845 0
    outer loop
      vertex -12.152 -1.5657 1
      vertex -12.3707 -1.9103 0
      vertex -12.3707 -1.9103 1
    endloop
  endfacet
  facet normal -0.998031 0.0627242 0
    outer loop
      vertex -11.7756 -0.407332 0
      vertex -11.75 0 1
      vertex -11.75 0 0
    endloop
  endfacet
  facet normal -0.998031 0.0627242 0
    outer loop
      vertex -11.75 0 1
      vertex -11.7756 -0.407332 0
      vertex -11.7756 -0.407332 1
    endloop
  endfacet
  facet normal 0.951071 0.308972 0
    outer loop
      vertex -18.0218 -1.1964 1
      vertex -18.1479 -0.808242 0
      vertex -18.1479 -0.808242 1
    endloop
  endfacet
  facet normal 0.951071 0.308972 0
    outer loop
      vertex -18.1479 -0.808242 0
      vertex -18.0218 -1.1964 1
      vertex -18.0218 -1.1964 0
    endloop
  endfacet
  facet normal 0.998031 0.0627242 0
    outer loop
      vertex -18.2244 -0.407332 1
      vertex -18.25 0 0
      vertex -18.25 0 1
    endloop
  endfacet
  facet normal 0.998031 0.0627242 0
    outer loop
      vertex -18.25 0 0
      vertex -18.2244 -0.407332 1
      vertex -18.2244 -0.407332 0
    endloop
  endfacet
  facet normal -0.684572 0.728946 0
    outer loop
      vertex -12.6309 -2.22478 0
      vertex -12.9284 -2.50417 1
      vertex -12.6309 -2.22478 1
    endloop
  endfacet
  facet normal -0.684572 0.728946 0
    outer loop
      vertex -12.9284 -2.50417 1
      vertex -12.6309 -2.22478 0
      vertex -12.9284 -2.50417 0
    endloop
  endfacet
  facet normal -0.2487 0.968581 0
    outer loop
      vertex -13.9957 -3.09093 0
      vertex -14.391 -3.19243 1
      vertex -13.9957 -3.09093 1
    endloop
  endfacet
  facet normal -0.2487 0.968581 0
    outer loop
      vertex -14.391 -3.19243 1
      vertex -13.9957 -3.09093 0
      vertex -14.391 -3.19243 0
    endloop
  endfacet
  facet normal -0.904808 0.425821 0
    outer loop
      vertex -12.152 -1.5657 0
      vertex -11.9782 -1.1964 1
      vertex -11.9782 -1.1964 0
    endloop
  endfacet
  facet normal -0.904808 0.425821 0
    outer loop
      vertex -11.9782 -1.1964 1
      vertex -12.152 -1.5657 0
      vertex -12.152 -1.5657 1
    endloop
  endfacet
  facet normal 0.125356 0.992112 -0
    outer loop
      vertex -15.2041 -3.24359 0
      vertex -15.609 -3.19243 1
      vertex -15.2041 -3.24359 1
    endloop
  endfacet
  facet normal 0.125356 0.992112 0
    outer loop
      vertex -15.609 -3.19243 1
      vertex -15.2041 -3.24359 0
      vertex -15.609 -3.19243 0
    endloop
  endfacet
  facet normal 0.2487 0.968581 -0
    outer loop
      vertex -15.609 -3.19243 0
      vertex -16.0043 -3.09093 1
      vertex -15.609 -3.19243 1
    endloop
  endfacet
  facet normal 0.2487 0.968581 0
    outer loop
      vertex -16.0043 -3.09093 1
      vertex -15.609 -3.19243 0
      vertex -16.0043 -3.09093 0
    endloop
  endfacet
  facet normal 0.770466 0.637481 0
    outer loop
      vertex -17.3691 -2.22478 1
      vertex -17.6293 -1.9103 0
      vertex -17.6293 -1.9103 1
    endloop
  endfacet
  facet normal 0.770466 0.637481 0
    outer loop
      vertex -17.6293 -1.9103 0
      vertex -17.3691 -2.22478 1
      vertex -17.3691 -2.22478 0
    endloop
  endfacet
  facet normal 0.684572 0.728946 -0
    outer loop
      vertex -17.0716 -2.50417 0
      vertex -17.3691 -2.22478 1
      vertex -17.0716 -2.50417 1
    endloop
  endfacet
  facet normal 0.684572 0.728946 0
    outer loop
      vertex -17.3691 -2.22478 1
      vertex -17.0716 -2.50417 0
      vertex -17.3691 -2.22478 0
    endloop
  endfacet
  facet normal 0.982277 0.187434 0
    outer loop
      vertex -18.1479 -0.808242 1
      vertex -18.2244 -0.407332 0
      vertex -18.2244 -0.407332 1
    endloop
  endfacet
  facet normal 0.982277 0.187434 0
    outer loop
      vertex -18.2244 -0.407332 0
      vertex -18.1479 -0.808242 1
      vertex -18.1479 -0.808242 0
    endloop
  endfacet
  facet normal 0.587778 0.809022 -0
    outer loop
      vertex -16.7414 -2.74407 0
      vertex -17.0716 -2.50417 1
      vertex -16.7414 -2.74407 1
    endloop
  endfacet
  facet normal 0.587778 0.809022 0
    outer loop
      vertex -17.0716 -2.50417 1
      vertex -16.7414 -2.74407 0
      vertex -17.0716 -2.50417 0
    endloop
  endfacet
  facet normal 0.844317 0.535845 0
    outer loop
      vertex -17.6293 -1.9103 1
      vertex -17.848 -1.5657 0
      vertex -17.848 -1.5657 1
    endloop
  endfacet
  facet normal 0.844317 0.535845 0
    outer loop
      vertex -17.848 -1.5657 0
      vertex -17.6293 -1.9103 1
      vertex -17.6293 -1.9103 0
    endloop
  endfacet
  facet normal -0.368093 0.929789 0
    outer loop
      vertex -13.6162 -2.94069 0
      vertex -13.9957 -3.09093 1
      vertex -13.6162 -2.94069 1
    endloop
  endfacet
  facet normal -0.368093 0.929789 0
    outer loop
      vertex -13.9957 -3.09093 1
      vertex -13.6162 -2.94069 0
      vertex -13.9957 -3.09093 0
    endloop
  endfacet
  facet normal 0.368093 0.929789 -0
    outer loop
      vertex -16.0043 -3.09093 0
      vertex -16.3838 -2.94069 1
      vertex -16.0043 -3.09093 1
    endloop
  endfacet
  facet normal 0.368093 0.929789 0
    outer loop
      vertex -16.3838 -2.94069 1
      vertex -16.0043 -3.09093 0
      vertex -16.3838 -2.94069 0
    endloop
  endfacet
  facet normal 0.481806 0.876278 -0
    outer loop
      vertex -16.3838 -2.94069 0
      vertex -16.7414 -2.74407 1
      vertex -16.3838 -2.94069 1
    endloop
  endfacet
  facet normal 0.481806 0.876278 0
    outer loop
      vertex -16.7414 -2.74407 1
      vertex -16.3838 -2.94069 0
      vertex -16.7414 -2.74407 0
    endloop
  endfacet
  facet normal -0.998026 -0.0627975 0
    outer loop
      vertex 3.25 0 0
      vertex 3.22437 0.407332 1
      vertex 3.22437 0.407332 0
    endloop
  endfacet
  facet normal -0.998026 -0.0627975 0
    outer loop
      vertex 3.22437 0.407332 1
      vertex 3.25 0 0
      vertex 3.25 0 1
    endloop
  endfacet
  facet normal 0.998026 -0.0627975 0
    outer loop
      vertex -3.25 0 1
      vertex -3.22437 0.407332 0
      vertex -3.22437 0.407332 1
    endloop
  endfacet
  facet normal 0.998026 -0.0627975 0
    outer loop
      vertex -3.22437 0.407332 0
      vertex -3.25 0 1
      vertex -3.25 0 0
    endloop
  endfacet
  facet normal 0 -1 0
    outer loop
      vertex -0.204069 3.24359 0
      vertex 0.204069 3.24359 1
      vertex -0.204069 3.24359 1
    endloop
  endfacet
  facet normal 0 -1 -0
    outer loop
      vertex 0.204069 3.24359 1
      vertex -0.204069 3.24359 0
      vertex 0.204069 3.24359 0
    endloop
  endfacet
  facet normal 0 1 -0
    outer loop
      vertex 0.204069 -3.24359 0
      vertex -0.204069 -3.24359 1
      vertex 0.204069 -3.24359 1
    endloop
  endfacet
  facet normal 0 1 0
    outer loop
      vertex -0.204069 -3.24359 1
      vertex 0.204069 -3.24359 0
      vertex -0.204069 -3.24359 0
    endloop
  endfacet
  facet normal -0.770526 0.637409 0
    outer loop
      vertex 2.36915 -2.22478 0
      vertex 2.6293 -1.9103 1
      vertex 2.6293 -1.9103 0
    endloop
  endfacet
  facet normal -0.770526 0.637409 0
    outer loop
      vertex 2.6293 -1.9103 1
      vertex 2.36915 -2.22478 0
      vertex 2.36915 -2.22478 1
    endloop
  endfacet
  facet normal -0.684547 -0.728968 0
    outer loop
      vertex 2.07163 2.50417 0
      vertex 2.36915 2.22478 1
      vertex 2.07163 2.50417 1
    endloop
  endfacet
  facet normal -0.684547 -0.728968 -0
    outer loop
      vertex 2.36915 2.22478 1
      vertex 2.07163 2.50417 0
      vertex 2.36915 2.22478 0
    endloop
  endfacet
  facet normal 0.684547 -0.728968 0
    outer loop
      vertex -2.36915 2.22478 0
      vertex -2.07163 2.50417 1
      vertex -2.36915 2.22478 1
    endloop
  endfacet
  facet normal 0.684547 -0.728968 0
    outer loop
      vertex -2.07163 2.50417 1
      vertex -2.36915 2.22478 0
      vertex -2.07163 2.50417 0
    endloop
  endfacet
  facet normal 0.36811 -0.929782 0
    outer loop
      vertex -1.38378 2.94069 0
      vertex -1.0043 3.09093 1
      vertex -1.38378 2.94069 1
    endloop
  endfacet
  facet normal 0.36811 -0.929782 0
    outer loop
      vertex -1.0043 3.09093 1
      vertex -1.38378 2.94069 0
      vertex -1.0043 3.09093 0
    endloop
  endfacet
  facet normal -0.904836 -0.42576 0
    outer loop
      vertex 3.02177 1.1964 0
      vertex 2.848 1.5657 1
      vertex 2.848 1.5657 0
    endloop
  endfacet
  facet normal -0.904836 -0.42576 0
    outer loop
      vertex 2.848 1.5657 1
      vertex 3.02177 1.1964 0
      vertex 3.02177 1.1964 1
    endloop
  endfacet
  facet normal -0.844317 -0.535845 0
    outer loop
      vertex 2.848 1.5657 0
      vertex 2.6293 1.9103 1
      vertex 2.6293 1.9103 0
    endloop
  endfacet
  facet normal -0.844317 -0.535845 0
    outer loop
      vertex 2.6293 1.9103 1
      vertex 2.848 1.5657 0
      vertex 2.848 1.5657 1
    endloop
  endfacet
  facet normal -0.36811 -0.929782 0
    outer loop
      vertex 1.0043 3.09093 0
      vertex 1.38378 2.94069 1
      vertex 1.0043 3.09093 1
    endloop
  endfacet
  facet normal -0.36811 -0.929782 -0
    outer loop
      vertex 1.38378 2.94069 1
      vertex 1.0043 3.09093 0
      vertex 1.38378 2.94069 0
    endloop
  endfacet
  facet normal -0.248693 -0.968582 0
    outer loop
      vertex 0.608989 3.19243 0
      vertex 1.0043 3.09093 1
      vertex 0.608989 3.19243 1
    endloop
  endfacet
  facet normal -0.248693 -0.968582 -0
    outer loop
      vertex 1.0043 3.09093 1
      vertex 0.608989 3.19243 0
      vertex 1.0043 3.09093 0
    endloop
  endfacet
  facet normal -0.58779 -0.809014 0
    outer loop
      vertex 1.74144 2.74407 0
      vertex 2.07163 2.50417 1
      vertex 1.74144 2.74407 1
    endloop
  endfacet
  facet normal -0.58779 -0.809014 -0
    outer loop
      vertex 2.07163 2.50417 1
      vertex 1.74144 2.74407 0
      vertex 2.07163 2.50417 0
    endloop
  endfacet
  facet normal 0.904836 -0.42576 0
    outer loop
      vertex -3.02177 1.1964 1
      vertex -2.848 1.5657 0
      vertex -2.848 1.5657 1
    endloop
  endfacet
  facet normal 0.904836 -0.42576 0
    outer loop
      vertex -2.848 1.5657 0
      vertex -3.02177 1.1964 1
      vertex -3.02177 1.1964 0
    endloop
  endfacet
  facet normal 0.770526 -0.637409 0
    outer loop
      vertex -2.6293 1.9103 1
      vertex -2.36915 2.22478 0
      vertex -2.36915 2.22478 1
    endloop
  endfacet
  facet normal 0.770526 -0.637409 0
    outer loop
      vertex -2.36915 2.22478 0
      vertex -2.6293 1.9103 1
      vertex -2.6293 1.9103 0
    endloop
  endfacet
  facet normal 0.951057 -0.309017 0
    outer loop
      vertex -3.14789 0.808242 1
      vertex -3.02177 1.1964 0
      vertex -3.02177 1.1964 1
    endloop
  endfacet
  facet normal 0.951057 -0.309017 0
    outer loop
      vertex -3.02177 1.1964 0
      vertex -3.14789 0.808242 1
      vertex -3.14789 0.808242 0
    endloop
  endfacet
  facet normal 0.481744 -0.876312 0
    outer loop
      vertex -1.74144 2.74407 0
      vertex -1.38378 2.94069 1
      vertex -1.74144 2.74407 1
    endloop
  endfacet
  facet normal 0.481744 -0.876312 0
    outer loop
      vertex -1.38378 2.94069 1
      vertex -1.74144 2.74407 0
      vertex -1.38378 2.94069 0
    endloop
  endfacet
  facet normal 0.125349 -0.992113 0
    outer loop
      vertex -0.608989 3.19243 0
      vertex -0.204069 3.24359 1
      vertex -0.608989 3.19243 1
    endloop
  endfacet
  facet normal 0.125349 -0.992113 0
    outer loop
      vertex -0.204069 3.24359 1
      vertex -0.608989 3.19243 0
      vertex -0.204069 3.24359 0
    endloop
  endfacet
  facet normal -0.125349 0.992113 0
    outer loop
      vertex 0.608989 -3.19243 0
      vertex 0.204069 -3.24359 1
      vertex 0.608989 -3.19243 1
    endloop
  endfacet
  facet normal -0.125349 0.992113 0
    outer loop
      vertex 0.204069 -3.24359 1
      vertex 0.608989 -3.19243 0
      vertex 0.204069 -3.24359 0
    endloop
  endfacet
  facet normal -0.481744 0.876312 0
    outer loop
      vertex 1.74144 -2.74407 0
      vertex 1.38378 -2.94069 1
      vertex 1.74144 -2.74407 1
    endloop
  endfacet
  facet normal -0.481744 0.876312 0
    outer loop
      vertex 1.38378 -2.94069 1
      vertex 1.74144 -2.74407 0
      vertex 1.38378 -2.94069 0
    endloop
  endfacet
  facet normal -0.951057 -0.309017 0
    outer loop
      vertex 3.14789 0.808242 0
      vertex 3.02177 1.1964 1
      vertex 3.02177 1.1964 0
    endloop
  endfacet
  facet normal -0.951057 -0.309017 0
    outer loop
      vertex 3.02177 1.1964 1
      vertex 3.14789 0.808242 0
      vertex 3.14789 0.808242 1
    endloop
  endfacet
  facet normal -0.982286 -0.187387 0
    outer loop
      vertex 3.22437 0.407332 0
      vertex 3.14789 0.808242 1
      vertex 3.14789 0.808242 0
    endloop
  endfacet
  facet normal -0.982286 -0.187387 0
    outer loop
      vertex 3.14789 0.808242 1
      vertex 3.22437 0.407332 0
      vertex 3.22437 0.407332 1
    endloop
  endfacet
  facet normal -0.770526 -0.637409 0
    outer loop
      vertex 2.6293 1.9103 0
      vertex 2.36915 2.22478 1
      vertex 2.36915 2.22478 0
    endloop
  endfacet
  facet normal -0.770526 -0.637409 0
    outer loop
      vertex 2.36915 2.22478 1
      vertex 2.6293 1.9103 0
      vertex 2.6293 1.9103 1
    endloop
  endfacet
  facet normal -0.125349 -0.992113 0
    outer loop
      vertex 0.204069 3.24359 0
      vertex 0.608989 3.19243 1
      vertex 0.204069 3.24359 1
    endloop
  endfacet
  facet normal -0.125349 -0.992113 -0
    outer loop
      vertex 0.608989 3.19243 1
      vertex 0.204069 3.24359 0
      vertex 0.608989 3.19243 0
    endloop
  endfacet
  facet normal -0.481744 -0.876312 0
    outer loop
      vertex 1.38378 2.94069 0
      vertex 1.74144 2.74407 1
      vertex 1.38378 2.94069 1
    endloop
  endfacet
  facet normal -0.481744 -0.876312 -0
    outer loop
      vertex 1.74144 2.74407 1
      vertex 1.38378 2.94069 0
      vertex 1.74144 2.74407 0
    endloop
  endfacet
  facet normal 0.844317 -0.535845 0
    outer loop
      vertex -2.848 1.5657 1
      vertex -2.6293 1.9103 0
      vertex -2.6293 1.9103 1
    endloop
  endfacet
  facet normal 0.844317 -0.535845 0
    outer loop
      vertex -2.6293 1.9103 0
      vertex -2.848 1.5657 1
      vertex -2.848 1.5657 0
    endloop
  endfacet
  facet normal 0.982286 -0.187387 0
    outer loop
      vertex -3.22437 0.407332 1
      vertex -3.14789 0.808242 0
      vertex -3.14789 0.808242 1
    endloop
  endfacet
  facet normal 0.982286 -0.187387 0
    outer loop
      vertex -3.14789 0.808242 0
      vertex -3.22437 0.407332 1
      vertex -3.22437 0.407332 0
    endloop
  endfacet
  facet normal 0.58779 -0.809014 0
    outer loop
      vertex -2.07163 2.50417 0
      vertex -1.74144 2.74407 1
      vertex -2.07163 2.50417 1
    endloop
  endfacet
  facet normal 0.58779 -0.809014 0
    outer loop
      vertex -1.74144 2.74407 1
      vertex -2.07163 2.50417 0
      vertex -1.74144 2.74407 0
    endloop
  endfacet
  facet normal 0.248693 -0.968582 0
    outer loop
      vertex -1.0043 3.09093 0
      vertex -0.608989 3.19243 1
      vertex -1.0043 3.09093 1
    endloop
  endfacet
  facet normal 0.248693 -0.968582 0
    outer loop
      vertex -0.608989 3.19243 1
      vertex -1.0043 3.09093 0
      vertex -0.608989 3.19243 0
    endloop
  endfacet
  facet normal -0.998026 0.0627975 0
    outer loop
      vertex 3.22437 -0.407332 0
      vertex 3.25 0 1
      vertex 3.25 0 0
    endloop
  endfacet
  facet normal -0.998026 0.0627975 0
    outer loop
      vertex 3.25 0 1
      vertex 3.22437 -0.407332 0
      vertex 3.22437 -0.407332 1
    endloop
  endfacet
  facet normal -0.951057 0.309017 0
    outer loop
      vertex 3.02177 -1.1964 0
      vertex 3.14789 -0.808242 1
      vertex 3.14789 -0.808242 0
    endloop
  endfacet
  facet normal -0.951057 0.309017 0
    outer loop
      vertex 3.14789 -0.808242 1
      vertex 3.02177 -1.1964 0
      vertex 3.02177 -1.1964 1
    endloop
  endfacet
  facet normal -0.982286 0.187387 0
    outer loop
      vertex 3.14789 -0.808242 0
      vertex 3.22437 -0.407332 1
      vertex 3.22437 -0.407332 0
    endloop
  endfacet
  facet normal -0.982286 0.187387 0
    outer loop
      vertex 3.22437 -0.407332 1
      vertex 3.14789 -0.808242 0
      vertex 3.14789 -0.808242 1
    endloop
  endfacet
  facet normal 0.904836 0.42576 0
    outer loop
      vertex -2.848 -1.5657 1
      vertex -3.02177 -1.1964 0
      vertex -3.02177 -1.1964 1
    endloop
  endfacet
  facet normal 0.904836 0.42576 0
    outer loop
      vertex -3.02177 -1.1964 0
      vertex -2.848 -1.5657 1
      vertex -2.848 -1.5657 0
    endloop
  endfacet
  facet normal -0.58779 0.809014 0
    outer loop
      vertex 2.07163 -2.50417 0
      vertex 1.74144 -2.74407 1
      vertex 2.07163 -2.50417 1
    endloop
  endfacet
  facet normal -0.58779 0.809014 0
    outer loop
      vertex 1.74144 -2.74407 1
      vertex 2.07163 -2.50417 0
      vertex 1.74144 -2.74407 0
    endloop
  endfacet
  facet normal 0.951057 0.309017 0
    outer loop
      vertex -3.02177 -1.1964 1
      vertex -3.14789 -0.808242 0
      vertex -3.14789 -0.808242 1
    endloop
  endfacet
  facet normal 0.951057 0.309017 0
    outer loop
      vertex -3.14789 -0.808242 0
      vertex -3.02177 -1.1964 1
      vertex -3.02177 -1.1964 0
    endloop
  endfacet
  facet normal 0.998026 0.0627975 0
    outer loop
      vertex -3.22437 -0.407332 1
      vertex -3.25 0 0
      vertex -3.25 0 1
    endloop
  endfacet
  facet normal 0.998026 0.0627975 0
    outer loop
      vertex -3.25 0 0
      vertex -3.22437 -0.407332 1
      vertex -3.22437 -0.407332 0
    endloop
  endfacet
  facet normal -0.684547 0.728968 0
    outer loop
      vertex 2.36915 -2.22478 0
      vertex 2.07163 -2.50417 1
      vertex 2.36915 -2.22478 1
    endloop
  endfacet
  facet normal -0.684547 0.728968 0
    outer loop
      vertex 2.07163 -2.50417 1
      vertex 2.36915 -2.22478 0
      vertex 2.07163 -2.50417 0
    endloop
  endfacet
  facet normal -0.248693 0.968582 0
    outer loop
      vertex 1.0043 -3.09093 0
      vertex 0.608989 -3.19243 1
      vertex 1.0043 -3.09093 1
    endloop
  endfacet
  facet normal -0.248693 0.968582 0
    outer loop
      vertex 0.608989 -3.19243 1
      vertex 1.0043 -3.09093 0
      vertex 0.608989 -3.19243 0
    endloop
  endfacet
  facet normal -0.904836 0.42576 0
    outer loop
      vertex 2.848 -1.5657 0
      vertex 3.02177 -1.1964 1
      vertex 3.02177 -1.1964 0
    endloop
  endfacet
  facet normal -0.904836 0.42576 0
    outer loop
      vertex 3.02177 -1.1964 1
      vertex 2.848 -1.5657 0
      vertex 2.848 -1.5657 1
    endloop
  endfacet
  facet normal -0.844317 0.535845 0
    outer loop
      vertex 2.6293 -1.9103 0
      vertex 2.848 -1.5657 1
      vertex 2.848 -1.5657 0
    endloop
  endfacet
  facet normal -0.844317 0.535845 0
    outer loop
      vertex 2.848 -1.5657 1
      vertex 2.6293 -1.9103 0
      vertex 2.6293 -1.9103 1
    endloop
  endfacet
  facet normal 0.125349 0.992113 -0
    outer loop
      vertex -0.204069 -3.24359 0
      vertex -0.608989 -3.19243 1
      vertex -0.204069 -3.24359 1
    endloop
  endfacet
  facet normal 0.125349 0.992113 0
    outer loop
      vertex -0.608989 -3.19243 1
      vertex -0.204069 -3.24359 0
      vertex -0.608989 -3.19243 0
    endloop
  endfacet
  facet normal 0.248693 0.968582 -0
    outer loop
      vertex -0.608989 -3.19243 0
      vertex -1.0043 -3.09093 1
      vertex -0.608989 -3.19243 1
    endloop
  endfacet
  facet normal 0.248693 0.968582 0
    outer loop
      vertex -1.0043 -3.09093 1
      vertex -0.608989 -3.19243 0
      vertex -1.0043 -3.09093 0
    endloop
  endfacet
  facet normal 0.770526 0.637409 0
    outer loop
      vertex -2.36915 -2.22478 1
      vertex -2.6293 -1.9103 0
      vertex -2.6293 -1.9103 1
    endloop
  endfacet
  facet normal 0.770526 0.637409 0
    outer loop
      vertex -2.6293 -1.9103 0
      vertex -2.36915 -2.22478 1
      vertex -2.36915 -2.22478 0
    endloop
  endfacet
  facet normal 0.684547 0.728968 -0
    outer loop
      vertex -2.07163 -2.50417 0
      vertex -2.36915 -2.22478 1
      vertex -2.07163 -2.50417 1
    endloop
  endfacet
  facet normal 0.684547 0.728968 0
    outer loop
      vertex -2.36915 -2.22478 1
      vertex -2.07163 -2.50417 0
      vertex -2.36915 -2.22478 0
    endloop
  endfacet
  facet normal 0.982286 0.187387 0
    outer loop
      vertex -3.14789 -0.808242 1
      vertex -3.22437 -0.407332 0
      vertex -3.22437 -0.407332 1
    endloop
  endfacet
  facet normal 0.982286 0.187387 0
    outer loop
      vertex -3.22437 -0.407332 0
      vertex -3.14789 -0.808242 1
      vertex -3.14789 -0.808242 0
    endloop
  endfacet
  facet normal 0.58779 0.809014 -0
    outer loop
      vertex -1.74144 -2.74407 0
      vertex -2.07163 -2.50417 1
      vertex -1.74144 -2.74407 1
    endloop
  endfacet
  facet normal 0.58779 0.809014 0
    outer loop
      vertex -2.07163 -2.50417 1
      vertex -1.74144 -2.74407 0
      vertex -2.07163 -2.50417 0
    endloop
  endfacet
  facet normal 0.844317 0.535845 0
    outer loop
      vertex -2.6293 -1.9103 1
      vertex -2.848 -1.5657 0
      vertex -2.848 -1.5657 1
    endloop
  endfacet
  facet normal 0.844317 0.535845 0
    outer loop
      vertex -2.848 -1.5657 0
      vertex -2.6293 -1.9103 1
      vertex -2.6293 -1.9103 0
    endloop
  endfacet
  facet normal -0.36811 0.929782 0
    outer loop
      vertex 1.38378 -2.94069 0
      vertex 1.0043 -3.09093 1
      vertex 1.38378 -2.94069 1
    endloop
  endfacet
  facet normal -0.36811 0.929782 0
    outer loop
      vertex 1.0043 -3.09093 1
      vertex 1.38378 -2.94069 0
      vertex 1.0043 -3.09093 0
    endloop
  endfacet
  facet normal 0.36811 0.929782 -0
    outer loop
      vertex -1.0043 -3.09093 0
      vertex -1.38378 -2.94069 1
      vertex -1.0043 -3.09093 1
    endloop
  endfacet
  facet normal 0.36811 0.929782 0
    outer loop
      vertex -1.38378 -2.94069 1
      vertex -1.0043 -3.09093 0
      vertex -1.38378 -2.94069 0
    endloop
  endfacet
  facet normal 0.481744 0.876312 -0
    outer loop
      vertex -1.38378 -2.94069 0
      vertex -1.74144 -2.74407 1
      vertex -1.38378 -2.94069 1
    endloop
  endfacet
  facet normal 0.481744 0.876312 0
    outer loop
      vertex -1.74144 -2.74407 1
      vertex -1.38378 -2.94069 0
      vertex -1.74144 -2.74407 0
    endloop
  endfacet
  facet normal -0.998031 -0.0627242 0
    outer loop
      vertex 18.25 0 0
      vertex 18.2244 0.407332 1
      vertex 18.2244 0.407332 0
    endloop
  endfacet
  facet normal -0.998031 -0.0627242 0
    outer loop
      vertex 18.2244 0.407332 1
      vertex 18.25 0 0
      vertex 18.25 0 1
    endloop
  endfacet
  facet normal 0 -1 0
    outer loop
      vertex 14.7959 3.24359 0
      vertex 15.2041 3.24359 1
      vertex 14.7959 3.24359 1
    endloop
  endfacet
  facet normal 0 -1 -0
    outer loop
      vertex 15.2041 3.24359 1
      vertex 14.7959 3.24359 0
      vertex 15.2041 3.24359 0
    endloop
  endfacet
  facet normal 0 1 -0
    outer loop
      vertex 15.2041 -3.24359 0
      vertex 14.7959 -3.24359 1
      vertex 15.2041 -3.24359 1
    endloop
  endfacet
  facet normal 0 1 0
    outer loop
      vertex 14.7959 -3.24359 1
      vertex 15.2041 -3.24359 0
      vertex 14.7959 -3.24359 0
    endloop
  endfacet
  facet normal -0.684572 -0.728946 0
    outer loop
      vertex 17.0716 2.50417 0
      vertex 17.3691 2.22478 1
      vertex 17.0716 2.50417 1
    endloop
  endfacet
  facet normal -0.684572 -0.728946 -0
    outer loop
      vertex 17.3691 2.22478 1
      vertex 17.0716 2.50417 0
      vertex 17.3691 2.22478 0
    endloop
  endfacet
  facet normal 0.770466 -0.637481 0
    outer loop
      vertex 12.3707 1.9103 1
      vertex 12.6309 2.22478 0
      vertex 12.6309 2.22478 1
    endloop
  endfacet
  facet normal 0.770466 -0.637481 0
    outer loop
      vertex 12.6309 2.22478 0
      vertex 12.3707 1.9103 1
      vertex 12.3707 1.9103 0
    endloop
  endfacet
  facet normal 0.481806 -0.876278 0
    outer loop
      vertex 13.2586 2.74407 0
      vertex 13.6162 2.94069 1
      vertex 13.2586 2.74407 1
    endloop
  endfacet
  facet normal 0.481806 -0.876278 0
    outer loop
      vertex 13.6162 2.94069 1
      vertex 13.2586 2.74407 0
      vertex 13.6162 2.94069 0
    endloop
  endfacet
  facet normal -0.904808 -0.425821 0
    outer loop
      vertex 18.0218 1.1964 0
      vertex 17.848 1.5657 1
      vertex 17.848 1.5657 0
    endloop
  endfacet
  facet normal -0.904808 -0.425821 0
    outer loop
      vertex 17.848 1.5657 1
      vertex 18.0218 1.1964 0
      vertex 18.0218 1.1964 1
    endloop
  endfacet
  facet normal -0.844317 -0.535845 0
    outer loop
      vertex 17.848 1.5657 0
      vertex 17.6293 1.9103 1
      vertex 17.6293 1.9103 0
    endloop
  endfacet
  facet normal -0.844317 -0.535845 0
    outer loop
      vertex 17.6293 1.9103 1
      vertex 17.848 1.5657 0
      vertex 17.848 1.5657 1
    endloop
  endfacet
  facet normal -0.368093 -0.929789 0
    outer loop
      vertex 16.0043 3.09093 0
      vertex 16.3838 2.94069 1
      vertex 16.0043 3.09093 1
    endloop
  endfacet
  facet normal -0.368093 -0.929789 -0
    outer loop
      vertex 16.3838 2.94069 1
      vertex 16.0043 3.09093 0
      vertex 16.3838 2.94069 0
    endloop
  endfacet
  facet normal -0.2487 -0.968581 0
    outer loop
      vertex 15.609 3.19243 0
      vertex 16.0043 3.09093 1
      vertex 15.609 3.19243 1
    endloop
  endfacet
  facet normal -0.2487 -0.968581 -0
    outer loop
      vertex 16.0043 3.09093 1
      vertex 15.609 3.19243 0
      vertex 16.0043 3.09093 0
    endloop
  endfacet
  facet normal -0.587778 -0.809022 0
    outer loop
      vertex 16.7414 2.74407 0
      vertex 17.0716 2.50417 1
      vertex 16.7414 2.74407 1
    endloop
  endfacet
  facet normal -0.587778 -0.809022 -0
    outer loop
      vertex 17.0716 2.50417 1
      vertex 16.7414 2.74407 0
      vertex 17.0716 2.50417 0
    endloop
  endfacet
  facet normal 0.951071 -0.308972 0
    outer loop
      vertex 11.8521 0.808242 1
      vertex 11.9782 1.1964 0
      vertex 11.9782 1.1964 1
    endloop
  endfacet
  facet normal 0.951071 -0.308972 0
    outer loop
      vertex 11.9782 1.1964 0
      vertex 11.8521 0.808242 1
      vertex 11.8521 0.808242 0
    endloop
  endfacet
  facet normal 0.904808 -0.425821 0
    outer loop
      vertex 11.9782 1.1964 1
      vertex 12.152 1.5657 0
      vertex 12.152 1.5657 1
    endloop
  endfacet
  facet normal 0.904808 -0.425821 0
    outer loop
      vertex 12.152 1.5657 0
      vertex 11.9782 1.1964 1
      vertex 11.9782 1.1964 0
    endloop
  endfacet
  facet normal 0.587778 -0.809022 0
    outer loop
      vertex 12.9284 2.50417 0
      vertex 13.2586 2.74407 1
      vertex 12.9284 2.50417 1
    endloop
  endfacet
  facet normal 0.587778 -0.809022 0
    outer loop
      vertex 13.2586 2.74407 1
      vertex 12.9284 2.50417 0
      vertex 13.2586 2.74407 0
    endloop
  endfacet
  facet normal 0.2487 -0.968581 0
    outer loop
      vertex 13.9957 3.09093 0
      vertex 14.391 3.19243 1
      vertex 13.9957 3.09093 1
    endloop
  endfacet
  facet normal 0.2487 -0.968581 0
    outer loop
      vertex 14.391 3.19243 1
      vertex 13.9957 3.09093 0
      vertex 14.391 3.19243 0
    endloop
  endfacet
  facet normal -0.368093 0.929789 0
    outer loop
      vertex 16.3838 -2.94069 0
      vertex 16.0043 -3.09093 1
      vertex 16.3838 -2.94069 1
    endloop
  endfacet
  facet normal -0.368093 0.929789 0
    outer loop
      vertex 16.0043 -3.09093 1
      vertex 16.3838 -2.94069 0
      vertex 16.0043 -3.09093 0
    endloop
  endfacet
  facet normal -0.770466 0.637481 0
    outer loop
      vertex 17.3691 -2.22478 0
      vertex 17.6293 -1.9103 1
      vertex 17.6293 -1.9103 0
    endloop
  endfacet
  facet normal -0.770466 0.637481 0
    outer loop
      vertex 17.6293 -1.9103 1
      vertex 17.3691 -2.22478 0
      vertex 17.3691 -2.22478 1
    endloop
  endfacet
  facet normal -0.587778 0.809022 0
    outer loop
      vertex 17.0716 -2.50417 0
      vertex 16.7414 -2.74407 1
      vertex 17.0716 -2.50417 1
    endloop
  endfacet
  facet normal -0.587778 0.809022 0
    outer loop
      vertex 16.7414 -2.74407 1
      vertex 17.0716 -2.50417 0
      vertex 16.7414 -2.74407 0
    endloop
  endfacet
  facet normal -0.904808 0.425821 0
    outer loop
      vertex 17.848 -1.5657 0
      vertex 18.0218 -1.1964 1
      vertex 18.0218 -1.1964 0
    endloop
  endfacet
  facet normal -0.904808 0.425821 0
    outer loop
      vertex 18.0218 -1.1964 1
      vertex 17.848 -1.5657 0
      vertex 17.848 -1.5657 1
    endloop
  endfacet
  facet normal 0.587778 0.809022 -0
    outer loop
      vertex 13.2586 -2.74407 0
      vertex 12.9284 -2.50417 1
      vertex 13.2586 -2.74407 1
    endloop
  endfacet
  facet normal 0.587778 0.809022 0
    outer loop
      vertex 12.9284 -2.50417 1
      vertex 13.2586 -2.74407 0
      vertex 12.9284 -2.50417 0
    endloop
  endfacet
  facet normal 0.2487 0.968581 -0
    outer loop
      vertex 14.391 -3.19243 0
      vertex 13.9957 -3.09093 1
      vertex 14.391 -3.19243 1
    endloop
  endfacet
  facet normal 0.2487 0.968581 0
    outer loop
      vertex 13.9957 -3.09093 1
      vertex 14.391 -3.19243 0
      vertex 13.9957 -3.09093 0
    endloop
  endfacet
  facet normal 0.844317 0.535845 0
    outer loop
      vertex 12.3707 -1.9103 1
      vertex 12.152 -1.5657 0
      vertex 12.152 -1.5657 1
    endloop
  endfacet
  facet normal 0.844317 0.535845 0
    outer loop
      vertex 12.152 -1.5657 0
      vertex 12.3707 -1.9103 1
      vertex 12.3707 -1.9103 0
    endloop
  endfacet
  facet normal 0.770466 0.637481 0
    outer loop
      vertex 12.6309 -2.22478 1
      vertex 12.3707 -1.9103 0
      vertex 12.3707 -1.9103 1
    endloop
  endfacet
  facet normal 0.770466 0.637481 0
    outer loop
      vertex 12.3707 -1.9103 0
      vertex 12.6309 -2.22478 1
      vertex 12.6309 -2.22478 0
    endloop
  endfacet
  facet normal -0.951071 -0.308972 0
    outer loop
      vertex 18.1479 0.808242 0
      vertex 18.0218 1.1964 1
      vertex 18.0218 1.1964 0
    endloop
  endfacet
  facet normal -0.951071 -0.308972 0
    outer loop
      vertex 18.0218 1.1964 1
      vertex 18.1479 0.808242 0
      vertex 18.1479 0.808242 1
    endloop
  endfacet
  facet normal -0.982277 -0.187434 0
    outer loop
      vertex 18.2244 0.407332 0
      vertex 18.1479 0.808242 1
      vertex 18.1479 0.808242 0
    endloop
  endfacet
  facet normal -0.982277 -0.187434 0
    outer loop
      vertex 18.1479 0.808242 1
      vertex 18.2244 0.407332 0
      vertex 18.2244 0.407332 1
    endloop
  endfacet
  facet normal -0.770466 -0.637481 0
    outer loop
      vertex 17.6293 1.9103 0
      vertex 17.3691 2.22478 1
      vertex 17.3691 2.22478 0
    endloop
  endfacet
  facet normal -0.770466 -0.637481 0
    outer loop
      vertex 17.3691 2.22478 1
      vertex 17.6293 1.9103 0
      vertex 17.6293 1.9103 1
    endloop
  endfacet
  facet normal -0.125356 -0.992112 0
    outer loop
      vertex 15.2041 3.24359 0
      vertex 15.609 3.19243 1
      vertex 15.2041 3.24359 1
    endloop
  endfacet
  facet normal -0.125356 -0.992112 -0
    outer loop
      vertex 15.609 3.19243 1
      vertex 15.2041 3.24359 0
      vertex 15.609 3.19243 0
    endloop
  endfacet
  facet normal -0.481806 -0.876278 0
    outer loop
      vertex 16.3838 2.94069 0
      vertex 16.7414 2.74407 1
      vertex 16.3838 2.94069 1
    endloop
  endfacet
  facet normal -0.481806 -0.876278 -0
    outer loop
      vertex 16.7414 2.74407 1
      vertex 16.3838 2.94069 0
      vertex 16.7414 2.74407 0
    endloop
  endfacet
  facet normal 0.998031 -0.0627242 0
    outer loop
      vertex 11.75 0 1
      vertex 11.7756 0.407332 0
      vertex 11.7756 0.407332 1
    endloop
  endfacet
  facet normal 0.998031 -0.0627242 0
    outer loop
      vertex 11.7756 0.407332 0
      vertex 11.75 0 1
      vertex 11.75 0 0
    endloop
  endfacet
  facet normal 0.998031 0.0627242 0
    outer loop
      vertex 11.7756 -0.407332 1
      vertex 11.75 0 0
      vertex 11.75 0 1
    endloop
  endfacet
  facet normal 0.998031 0.0627242 0
    outer loop
      vertex 11.75 0 0
      vertex 11.7756 -0.407332 1
      vertex 11.7756 -0.407332 0
    endloop
  endfacet
  facet normal 0.368093 -0.929789 0
    outer loop
      vertex 13.6162 2.94069 0
      vertex 13.9957 3.09093 1
      vertex 13.6162 2.94069 1
    endloop
  endfacet
  facet normal 0.368093 -0.929789 0
    outer loop
      vertex 13.9957 3.09093 1
      vertex 13.6162 2.94069 0
      vertex 13.9957 3.09093 0
    endloop
  endfacet
  facet normal 0.125356 -0.992112 0
    outer loop
      vertex 14.391 3.19243 0
      vertex 14.7959 3.24359 1
      vertex 14.391 3.19243 1
    endloop
  endfacet
  facet normal 0.125356 -0.992112 0
    outer loop
      vertex 14.7959 3.24359 1
      vertex 14.391 3.19243 0
      vertex 14.7959 3.24359 0
    endloop
  endfacet
  facet normal -0.998031 0.0627242 0
    outer loop
      vertex 18.2244 -0.407332 0
      vertex 18.25 0 1
      vertex 18.25 0 0
    endloop
  endfacet
  facet normal -0.998031 0.0627242 0
    outer loop
      vertex 18.25 0 1
      vertex 18.2244 -0.407332 0
      vertex 18.2244 -0.407332 1
    endloop
  endfacet
  facet normal -0.125356 0.992112 0
    outer loop
      vertex 15.609 -3.19243 0
      vertex 15.2041 -3.24359 1
      vertex 15.609 -3.19243 1
    endloop
  endfacet
  facet normal -0.125356 0.992112 0
    outer loop
      vertex 15.2041 -3.24359 1
      vertex 15.609 -3.19243 0
      vertex 15.2041 -3.24359 0
    endloop
  endfacet
  facet normal -0.684572 0.728946 0
    outer loop
      vertex 17.3691 -2.22478 0
      vertex 17.0716 -2.50417 1
      vertex 17.3691 -2.22478 1
    endloop
  endfacet
  facet normal -0.684572 0.728946 0
    outer loop
      vertex 17.0716 -2.50417 1
      vertex 17.3691 -2.22478 0
      vertex 17.0716 -2.50417 0
    endloop
  endfacet
  facet normal -0.951071 0.308972 0
    outer loop
      vertex 18.0218 -1.1964 0
      vertex 18.1479 -0.808242 1
      vertex 18.1479 -0.808242 0
    endloop
  endfacet
  facet normal -0.951071 0.308972 0
    outer loop
      vertex 18.1479 -0.808242 1
      vertex 18.0218 -1.1964 0
      vertex 18.0218 -1.1964 1
    endloop
  endfacet
  facet normal -0.844317 0.535845 0
    outer loop
      vertex 17.6293 -1.9103 0
      vertex 17.848 -1.5657 1
      vertex 17.848 -1.5657 0
    endloop
  endfacet
  facet normal -0.844317 0.535845 0
    outer loop
      vertex 17.848 -1.5657 1
      vertex 17.6293 -1.9103 0
      vertex 17.6293 -1.9103 1
    endloop
  endfacet
  facet normal 0.481806 0.876278 -0
    outer loop
      vertex 13.6162 -2.94069 0
      vertex 13.2586 -2.74407 1
      vertex 13.6162 -2.94069 1
    endloop
  endfacet
  facet normal 0.481806 0.876278 0
    outer loop
      vertex 13.2586 -2.74407 1
      vertex 13.6162 -2.94069 0
      vertex 13.2586 -2.74407 0
    endloop
  endfacet
  facet normal 0.125356 0.992112 -0
    outer loop
      vertex 14.7959 -3.24359 0
      vertex 14.391 -3.19243 1
      vertex 14.7959 -3.24359 1
    endloop
  endfacet
  facet normal 0.125356 0.992112 0
    outer loop
      vertex 14.391 -3.19243 1
      vertex 14.7959 -3.24359 0
      vertex 14.391 -3.19243 0
    endloop
  endfacet
  facet normal 0.684572 0.728946 -0
    outer loop
      vertex 12.9284 -2.50417 0
      vertex 12.6309 -2.22478 1
      vertex 12.9284 -2.50417 1
    endloop
  endfacet
  facet normal 0.684572 0.728946 0
    outer loop
      vertex 12.6309 -2.22478 1
      vertex 12.9284 -2.50417 0
      vertex 12.6309 -2.22478 0
    endloop
  endfacet
  facet normal 0.904808 0.425821 0
    outer loop
      vertex 12.152 -1.5657 1
      vertex 11.9782 -1.1964 0
      vertex 11.9782 -1.1964 1
    endloop
  endfacet
  facet normal 0.904808 0.425821 0
    outer loop
      vertex 11.9782 -1.1964 0
      vertex 12.152 -1.5657 1
      vertex 12.152 -1.5657 0
    endloop
  endfacet
  facet normal 0.982277 0.187434 0
    outer loop
      vertex 11.8521 -0.808242 1
      vertex 11.7756 -0.407332 0
      vertex 11.7756 -0.407332 1
    endloop
  endfacet
  facet normal 0.982277 0.187434 0
    outer loop
      vertex 11.7756 -0.407332 0
      vertex 11.8521 -0.808242 1
      vertex 11.8521 -0.808242 0
    endloop
  endfacet
  facet normal 0.844317 -0.535845 0
    outer loop
      vertex 12.152 1.5657 1
      vertex 12.3707 1.9103 0
      vertex 12.3707 1.9103 1
    endloop
  endfacet
  facet normal 0.844317 -0.535845 0
    outer loop
      vertex 12.3707 1.9103 0
      vertex 12.152 1.5657 1
      vertex 12.152 1.5657 0
    endloop
  endfacet
  facet normal 0.982277 -0.187434 0
    outer loop
      vertex 11.7756 0.407332 1
      vertex 11.8521 0.808242 0
      vertex 11.8521 0.808242 1
    endloop
  endfacet
  facet normal 0.982277 -0.187434 0
    outer loop
      vertex 11.8521 0.808242 0
      vertex 11.7756 0.407332 1
      vertex 11.7756 0.407332 0
    endloop
  endfacet
  facet normal 0.684572 -0.728946 0
    outer loop
      vertex 12.6309 2.22478 0
      vertex 12.9284 2.50417 1
      vertex 12.6309 2.22478 1
    endloop
  endfacet
  facet normal 0.684572 -0.728946 0
    outer loop
      vertex 12.9284 2.50417 1
      vertex 12.6309 2.22478 0
      vertex 12.9284 2.50417 0
    endloop
  endfacet
  facet normal -0.2487 0.968581 0
    outer loop
      vertex 16.0043 -3.09093 0
      vertex 15.609 -3.19243 1
      vertex 16.0043 -3.09093 1
    endloop
  endfacet
  facet normal -0.2487 0.968581 0
    outer loop
      vertex 15.609 -3.19243 1
      vertex 16.0043 -3.09093 0
      vertex 15.609 -3.19243 0
    endloop
  endfacet
  facet normal -0.481806 0.876278 0
    outer loop
      vertex 16.7414 -2.74407 0
      vertex 16.3838 -2.94069 1
      vertex 16.7414 -2.74407 1
    endloop
  endfacet
  facet normal -0.481806 0.876278 0
    outer loop
      vertex 16.3838 -2.94069 1
      vertex 16.7414 -2.74407 0
      vertex 16.3838 -2.94069 0
    endloop
  endfacet
  facet normal -0.982277 0.187434 0
    outer loop
      vertex 18.1479 -0.808242 0
      vertex 18.2244 -0.407332 1
      vertex 18.2244 -0.407332 0
    endloop
  endfacet
  facet normal -0.982277 0.187434 0
    outer loop
      vertex 18.2244 -0.407332 1
      vertex 18.1479 -0.808242 0
      vertex 18.1479 -0.808242 1
    endloop
  endfacet
  facet normal 0.368093 0.929789 -0
    outer loop
      vertex 13.9957 -3.09093 0
      vertex 13.6162 -2.94069 1
      vertex 13.9957 -3.09093 1
    endloop
  endfacet
  facet normal 0.368093 0.929789 0
    outer loop
      vertex 13.6162 -2.94069 1
      vertex 13.9957 -3.09093 0
      vertex 13.6162 -2.94069 0
    endloop
  endfacet
  facet normal 0.951071 0.308972 0
    outer loop
      vertex 11.9782 -1.1964 1
      vertex 11.8521 -0.808242 0
      vertex 11.8521 -0.808242 1
    endloop
  endfacet
  facet normal 0.951071 0.308972 0
    outer loop
      vertex 11.8521 -0.808242 0
      vertex 11.9782 -1.1964 1
      vertex 11.9782 -1.1964 0
    endloop
  endfacet
  facet normal -0.998031 -0.0627242 0
    outer loop
      vertex 33.25 0 0
      vertex 33.2244 0.407332 1
      vertex 33.2244 0.407332 0
    endloop
  endfacet
  facet normal -0.998031 -0.0627242 0
    outer loop
      vertex 33.2244 0.407332 1
      vertex 33.25 0 0
      vertex 33.25 0 1
    endloop
  endfacet
  facet normal 0 -1 0
    outer loop
      vertex 29.7959 3.24359 0
      vertex 30.2041 3.24359 1
      vertex 29.7959 3.24359 1
    endloop
  endfacet
  facet normal 0 -1 -0
    outer loop
      vertex 30.2041 3.24359 1
      vertex 29.7959 3.24359 0
      vertex 30.2041 3.24359 0
    endloop
  endfacet
  facet normal 0.684572 0.728946 -0
    outer loop
      vertex 27.9284 -2.50417 0
      vertex 27.6309 -2.22478 1
      vertex 27.9284 -2.50417 1
    endloop
  endfacet
  facet normal 0.684572 0.728946 0
    outer loop
      vertex 27.6309 -2.22478 1
      vertex 27.9284 -2.50417 0
      vertex 27.6309 -2.22478 0
    endloop
  endfacet
  facet normal -0.684572 -0.728946 0
    outer loop
      vertex 32.0716 2.50417 0
      vertex 32.3691 2.22478 1
      vertex 32.0716 2.50417 1
    endloop
  endfacet
  facet normal -0.684572 -0.728946 -0
    outer loop
      vertex 32.3691 2.22478 1
      vertex 32.0716 2.50417 0
      vertex 32.3691 2.22478 0
    endloop
  endfacet
  facet normal 0.770466 -0.637481 0
    outer loop
      vertex 27.3707 1.9103 1
      vertex 27.6309 2.22478 0
      vertex 27.6309 2.22478 1
    endloop
  endfacet
  facet normal 0.770466 -0.637481 0
    outer loop
      vertex 27.6309 2.22478 0
      vertex 27.3707 1.9103 1
      vertex 27.3707 1.9103 0
    endloop
  endfacet
  facet normal 0.481806 -0.876278 0
    outer loop
      vertex 28.2586 2.74407 0
      vertex 28.6162 2.94069 1
      vertex 28.2586 2.74407 1
    endloop
  endfacet
  facet normal 0.481806 -0.876278 0
    outer loop
      vertex 28.6162 2.94069 1
      vertex 28.2586 2.74407 0
      vertex 28.6162 2.94069 0
    endloop
  endfacet
  facet normal -0.904808 -0.425821 0
    outer loop
      vertex 33.0218 1.1964 0
      vertex 32.848 1.5657 1
      vertex 32.848 1.5657 0
    endloop
  endfacet
  facet normal -0.904808 -0.425821 0
    outer loop
      vertex 32.848 1.5657 1
      vertex 33.0218 1.1964 0
      vertex 33.0218 1.1964 1
    endloop
  endfacet
  facet normal -0.844317 -0.535845 0
    outer loop
      vertex 32.848 1.5657 0
      vertex 32.6293 1.9103 1
      vertex 32.6293 1.9103 0
    endloop
  endfacet
  facet normal -0.844317 -0.535845 0
    outer loop
      vertex 32.6293 1.9103 1
      vertex 32.848 1.5657 0
      vertex 32.848 1.5657 1
    endloop
  endfacet
  facet normal -0.368093 -0.929789 0
    outer loop
      vertex 31.0043 3.09093 0
      vertex 31.3838 2.94069 1
      vertex 31.0043 3.09093 1
    endloop
  endfacet
  facet normal -0.368093 -0.929789 -0
    outer loop
      vertex 31.3838 2.94069 1
      vertex 31.0043 3.09093 0
      vertex 31.3838 2.94069 0
    endloop
  endfacet
  facet normal -0.2487 -0.968581 0
    outer loop
      vertex 30.609 3.19243 0
      vertex 31.0043 3.09093 1
      vertex 30.609 3.19243 1
    endloop
  endfacet
  facet normal -0.2487 -0.968581 -0
    outer loop
      vertex 31.0043 3.09093 1
      vertex 30.609 3.19243 0
      vertex 31.0043 3.09093 0
    endloop
  endfacet
  facet normal -0.587778 -0.809022 0
    outer loop
      vertex 31.7414 2.74407 0
      vertex 32.0716 2.50417 1
      vertex 31.7414 2.74407 1
    endloop
  endfacet
  facet normal -0.587778 -0.809022 -0
    outer loop
      vertex 32.0716 2.50417 1
      vertex 31.7414 2.74407 0
      vertex 32.0716 2.50417 0
    endloop
  endfacet
  facet normal 0.951071 -0.308972 0
    outer loop
      vertex 26.8521 0.808242 1
      vertex 26.9782 1.1964 0
      vertex 26.9782 1.1964 1
    endloop
  endfacet
  facet normal 0.951071 -0.308972 0
    outer loop
      vertex 26.9782 1.1964 0
      vertex 26.8521 0.808242 1
      vertex 26.8521 0.808242 0
    endloop
  endfacet
  facet normal 0.587778 -0.809022 0
    outer loop
      vertex 27.9284 2.50417 0
      vertex 28.2586 2.74407 1
      vertex 27.9284 2.50417 1
    endloop
  endfacet
  facet normal 0.587778 -0.809022 0
    outer loop
      vertex 28.2586 2.74407 1
      vertex 27.9284 2.50417 0
      vertex 28.2586 2.74407 0
    endloop
  endfacet
  facet normal 0.2487 -0.968581 0
    outer loop
      vertex 28.9957 3.09093 0
      vertex 29.391 3.19243 1
      vertex 28.9957 3.09093 1
    endloop
  endfacet
  facet normal 0.2487 -0.968581 0
    outer loop
      vertex 29.391 3.19243 1
      vertex 28.9957 3.09093 0
      vertex 29.391 3.19243 0
    endloop
  endfacet
  facet normal -0.587778 0.809022 0
    outer loop
      vertex 32.0716 -2.50417 0
      vertex 31.7414 -2.74407 1
      vertex 32.0716 -2.50417 1
    endloop
  endfacet
  facet normal -0.587778 0.809022 0
    outer loop
      vertex 31.7414 -2.74407 1
      vertex 32.0716 -2.50417 0
      vertex 31.7414 -2.74407 0
    endloop
  endfacet
  facet normal 0.587778 0.809022 -0
    outer loop
      vertex 28.2586 -2.74407 0
      vertex 27.9284 -2.50417 1
      vertex 28.2586 -2.74407 1
    endloop
  endfacet
  facet normal 0.587778 0.809022 0
    outer loop
      vertex 27.9284 -2.50417 1
      vertex 28.2586 -2.74407 0
      vertex 27.9284 -2.50417 0
    endloop
  endfacet
  facet normal 0.2487 0.968581 -0
    outer loop
      vertex 29.391 -3.19243 0
      vertex 28.9957 -3.09093 1
      vertex 29.391 -3.19243 1
    endloop
  endfacet
  facet normal 0.2487 0.968581 0
    outer loop
      vertex 28.9957 -3.09093 1
      vertex 29.391 -3.19243 0
      vertex 28.9957 -3.09093 0
    endloop
  endfacet
  facet normal 0.844317 0.535845 0
    outer loop
      vertex 27.3707 -1.9103 1
      vertex 27.152 -1.5657 0
      vertex 27.152 -1.5657 1
    endloop
  endfacet
  facet normal 0.844317 0.535845 0
    outer loop
      vertex 27.152 -1.5657 0
      vertex 27.3707 -1.9103 1
      vertex 27.3707 -1.9103 0
    endloop
  endfacet
  facet normal -0.951071 -0.308972 0
    outer loop
      vertex 33.1479 0.808242 0
      vertex 33.0218 1.1964 1
      vertex 33.0218 1.1964 0
    endloop
  endfacet
  facet normal -0.951071 -0.308972 0
    outer loop
      vertex 33.0218 1.1964 1
      vertex 33.1479 0.808242 0
      vertex 33.1479 0.808242 1
    endloop
  endfacet
  facet normal -0.982277 -0.187434 0
    outer loop
      vertex 33.2244 0.407332 0
      vertex 33.1479 0.808242 1
      vertex 33.1479 0.808242 0
    endloop
  endfacet
  facet normal -0.982277 -0.187434 0
    outer loop
      vertex 33.1479 0.808242 1
      vertex 33.2244 0.407332 0
      vertex 33.2244 0.407332 1
    endloop
  endfacet
  facet normal -0.770466 -0.637481 0
    outer loop
      vertex 32.6293 1.9103 0
      vertex 32.3691 2.22478 1
      vertex 32.3691 2.22478 0
    endloop
  endfacet
  facet normal -0.770466 -0.637481 0
    outer loop
      vertex 32.3691 2.22478 1
      vertex 32.6293 1.9103 0
      vertex 32.6293 1.9103 1
    endloop
  endfacet
  facet normal -0.125356 -0.992112 0
    outer loop
      vertex 30.2041 3.24359 0
      vertex 30.609 3.19243 1
      vertex 30.2041 3.24359 1
    endloop
  endfacet
  facet normal -0.125356 -0.992112 -0
    outer loop
      vertex 30.609 3.19243 1
      vertex 30.2041 3.24359 0
      vertex 30.609 3.19243 0
    endloop
  endfacet
  facet normal -0.481806 -0.876278 0
    outer loop
      vertex 31.3838 2.94069 0
      vertex 31.7414 2.74407 1
      vertex 31.3838 2.94069 1
    endloop
  endfacet
  facet normal -0.481806 -0.876278 -0
    outer loop
      vertex 31.7414 2.74407 1
      vertex 31.3838 2.94069 0
      vertex 31.7414 2.74407 0
    endloop
  endfacet
  facet normal 0.904808 -0.425821 0
    outer loop
      vertex 26.9782 1.1964 1
      vertex 27.152 1.5657 0
      vertex 27.152 1.5657 1
    endloop
  endfacet
  facet normal 0.904808 -0.425821 0
    outer loop
      vertex 27.152 1.5657 0
      vertex 26.9782 1.1964 1
      vertex 26.9782 1.1964 0
    endloop
  endfacet
  facet normal 0.844317 -0.535845 0
    outer loop
      vertex 27.152 1.5657 1
      vertex 27.3707 1.9103 0
      vertex 27.3707 1.9103 1
    endloop
  endfacet
  facet normal 0.844317 -0.535845 0
    outer loop
      vertex 27.3707 1.9103 0
      vertex 27.152 1.5657 1
      vertex 27.152 1.5657 0
    endloop
  endfacet
  facet normal 0.982277 -0.187434 0
    outer loop
      vertex 26.7756 0.407332 1
      vertex 26.8521 0.808242 0
      vertex 26.8521 0.808242 1
    endloop
  endfacet
  facet normal 0.982277 -0.187434 0
    outer loop
      vertex 26.8521 0.808242 0
      vertex 26.7756 0.407332 1
      vertex 26.7756 0.407332 0
    endloop
  endfacet
  facet normal 0.998031 -0.0627242 0
    outer loop
      vertex 26.75 0 1
      vertex 26.7756 0.407332 0
      vertex 26.7756 0.407332 1
    endloop
  endfacet
  facet normal 0.998031 -0.0627242 0
    outer loop
      vertex 26.7756 0.407332 0
      vertex 26.75 0 1
      vertex 26.75 0 0
    endloop
  endfacet
  facet normal 0.998031 0.0627242 0
    outer loop
      vertex 26.7756 -0.407332 1
      vertex 26.75 0 0
      vertex 26.75 0 1
    endloop
  endfacet
  facet normal 0.998031 0.0627242 0
    outer loop
      vertex 26.75 0 0
      vertex 26.7756 -0.407332 1
      vertex 26.7756 -0.407332 0
    endloop
  endfacet
  facet normal 0.684572 -0.728946 0
    outer loop
      vertex 27.6309 2.22478 0
      vertex 27.9284 2.50417 1
      vertex 27.6309 2.22478 1
    endloop
  endfacet
  facet normal 0.684572 -0.728946 0
    outer loop
      vertex 27.9284 2.50417 1
      vertex 27.6309 2.22478 0
      vertex 27.9284 2.50417 0
    endloop
  endfacet
  facet normal 0.368093 -0.929789 0
    outer loop
      vertex 28.6162 2.94069 0
      vertex 28.9957 3.09093 1
      vertex 28.6162 2.94069 1
    endloop
  endfacet
  facet normal 0.368093 -0.929789 0
    outer loop
      vertex 28.9957 3.09093 1
      vertex 28.6162 2.94069 0
      vertex 28.9957 3.09093 0
    endloop
  endfacet
  facet normal 0.125356 -0.992112 0
    outer loop
      vertex 29.391 3.19243 0
      vertex 29.7959 3.24359 1
      vertex 29.391 3.19243 1
    endloop
  endfacet
  facet normal 0.125356 -0.992112 0
    outer loop
      vertex 29.7959 3.24359 1
      vertex 29.391 3.19243 0
      vertex 29.7959 3.24359 0
    endloop
  endfacet
  facet normal -0.125356 0.992112 0
    outer loop
      vertex 30.609 -3.19243 0
      vertex 30.2041 -3.24359 1
      vertex 30.609 -3.19243 1
    endloop
  endfacet
  facet normal -0.125356 0.992112 0
    outer loop
      vertex 30.2041 -3.24359 1
      vertex 30.609 -3.19243 0
      vertex 30.2041 -3.24359 0
    endloop
  endfacet
  facet normal -0.368093 0.929789 0
    outer loop
      vertex 31.3838 -2.94069 0
      vertex 31.0043 -3.09093 1
      vertex 31.3838 -2.94069 1
    endloop
  endfacet
  facet normal -0.368093 0.929789 0
    outer loop
      vertex 31.0043 -3.09093 1
      vertex 31.3838 -2.94069 0
      vertex 31.0043 -3.09093 0
    endloop
  endfacet
  facet normal -0.684572 0.728946 0
    outer loop
      vertex 32.3691 -2.22478 0
      vertex 32.0716 -2.50417 1
      vertex 32.3691 -2.22478 1
    endloop
  endfacet
  facet normal -0.684572 0.728946 0
    outer loop
      vertex 32.0716 -2.50417 1
      vertex 32.3691 -2.22478 0
      vertex 32.0716 -2.50417 0
    endloop
  endfacet
  facet normal -0.951071 0.308972 0
    outer loop
      vertex 33.0218 -1.1964 0
      vertex 33.1479 -0.808242 1
      vertex 33.1479 -0.808242 0
    endloop
  endfacet
  facet normal -0.951071 0.308972 0
    outer loop
      vertex 33.1479 -0.808242 1
      vertex 33.0218 -1.1964 0
      vertex 33.0218 -1.1964 1
    endloop
  endfacet
  facet normal -0.844317 0.535845 0
    outer loop
      vertex 32.6293 -1.9103 0
      vertex 32.848 -1.5657 1
      vertex 32.848 -1.5657 0
    endloop
  endfacet
  facet normal -0.844317 0.535845 0
    outer loop
      vertex 32.848 -1.5657 1
      vertex 32.6293 -1.9103 0
      vertex 32.6293 -1.9103 1
    endloop
  endfacet
  facet normal 0.481806 0.876278 -0
    outer loop
      vertex 28.6162 -2.94069 0
      vertex 28.2586 -2.74407 1
      vertex 28.6162 -2.94069 1
    endloop
  endfacet
  facet normal 0.481806 0.876278 0
    outer loop
      vertex 28.2586 -2.74407 1
      vertex 28.6162 -2.94069 0
      vertex 28.2586 -2.74407 0
    endloop
  endfacet
  facet normal 0.125356 0.992112 -0
    outer loop
      vertex 29.7959 -3.24359 0
      vertex 29.391 -3.19243 1
      vertex 29.7959 -3.24359 1
    endloop
  endfacet
  facet normal 0.125356 0.992112 0
    outer loop
      vertex 29.391 -3.19243 1
      vertex 29.7959 -3.24359 0
      vertex 29.391 -3.19243 0
    endloop
  endfacet
  facet normal 0.770466 0.637481 0
    outer loop
      vertex 27.6309 -2.22478 1
      vertex 27.3707 -1.9103 0
      vertex 27.3707 -1.9103 1
    endloop
  endfacet
  facet normal 0.770466 0.637481 0
    outer loop
      vertex 27.3707 -1.9103 0
      vertex 27.6309 -2.22478 1
      vertex 27.6309 -2.22478 0
    endloop
  endfacet
  facet normal 0.904808 0.425821 0
    outer loop
      vertex 27.152 -1.5657 1
      vertex 26.9782 -1.1964 0
      vertex 26.9782 -1.1964 1
    endloop
  endfacet
  facet normal 0.904808 0.425821 0
    outer loop
      vertex 26.9782 -1.1964 0
      vertex 27.152 -1.5657 1
      vertex 27.152 -1.5657 0
    endloop
  endfacet
  facet normal 0.982277 0.187434 0
    outer loop
      vertex 26.8521 -0.808242 1
      vertex 26.7756 -0.407332 0
      vertex 26.7756 -0.407332 1
    endloop
  endfacet
  facet normal 0.982277 0.187434 0
    outer loop
      vertex 26.7756 -0.407332 0
      vertex 26.8521 -0.808242 1
      vertex 26.8521 -0.808242 0
    endloop
  endfacet
  facet normal -0.2487 0.968581 0
    outer loop
      vertex 31.0043 -3.09093 0
      vertex 30.609 -3.19243 1
      vertex 31.0043 -3.09093 1
    endloop
  endfacet
  facet normal -0.2487 0.968581 0
    outer loop
      vertex 30.609 -3.19243 1
      vertex 31.0043 -3.09093 0
      vertex 30.609 -3.19243 0
    endloop
  endfacet
  facet normal -0.481806 0.876278 0
    outer loop
      vertex 31.7414 -2.74407 0
      vertex 31.3838 -2.94069 1
      vertex 31.7414 -2.74407 1
    endloop
  endfacet
  facet normal -0.481806 0.876278 0
    outer loop
      vertex 31.3838 -2.94069 1
      vertex 31.7414 -2.74407 0
      vertex 31.3838 -2.94069 0
    endloop
  endfacet
  facet normal -0.770466 0.637481 0
    outer loop
      vertex 32.3691 -2.22478 0
      vertex 32.6293 -1.9103 1
      vertex 32.6293 -1.9103 0
    endloop
  endfacet
  facet normal -0.770466 0.637481 0
    outer loop
      vertex 32.6293 -1.9103 1
      vertex 32.3691 -2.22478 0
      vertex 32.3691 -2.22478 1
    endloop
  endfacet
  facet normal -0.982277 0.187434 0
    outer loop
      vertex 33.1479 -0.808242 0
      vertex 33.2244 -0.407332 1
      vertex 33.2244 -0.407332 0
    endloop
  endfacet
  facet normal -0.982277 0.187434 0
    outer loop
      vertex 33.2244 -0.407332 1
      vertex 33.1479 -0.808242 0
      vertex 33.1479 -0.808242 1
    endloop
  endfacet
  facet normal -0.904808 0.425821 0
    outer loop
      vertex 32.848 -1.5657 0
      vertex 33.0218 -1.1964 1
      vertex 33.0218 -1.1964 0
    endloop
  endfacet
  facet normal -0.904808 0.425821 0
    outer loop
      vertex 33.0218 -1.1964 1
      vertex 32.848 -1.5657 0
      vertex 32.848 -1.5657 1
    endloop
  endfacet
  facet normal 0.368093 0.929789 -0
    outer loop
      vertex 28.9957 -3.09093 0
      vertex 28.6162 -2.94069 1
      vertex 28.9957 -3.09093 1
    endloop
  endfacet
  facet normal 0.368093 0.929789 0
    outer loop
      vertex 28.6162 -2.94069 1
      vertex 28.9957 -3.09093 0
      vertex 28.6162 -2.94069 0
    endloop
  endfacet
  facet normal 0 1 -0
    outer loop
      vertex 30.2041 -3.24359 0
      vertex 29.7959 -3.24359 1
      vertex 30.2041 -3.24359 1
    endloop
  endfacet
  facet normal 0 1 0
    outer loop
      vertex 29.7959 -3.24359 1
      vertex 30.2041 -3.24359 0
      vertex 29.7959 -3.24359 0
    endloop
  endfacet
  facet normal 0.951071 0.308972 0
    outer loop
      vertex 26.9782 -1.1964 1
      vertex 26.8521 -0.808242 0
      vertex 26.8521 -0.808242 1
    endloop
  endfacet
  facet normal 0.951071 0.308972 0
    outer loop
      vertex 26.8521 -0.808242 0
      vertex 26.9782 -1.1964 1
      vertex 26.9782 -1.1964 0
    endloop
  endfacet
  facet normal -0.998031 0.0627242 0
    outer loop
      vertex 33.2244 -0.407332 0
      vertex 33.25 0 1
      vertex 33.25 0 0
    endloop
  endfacet
  facet normal -0.998031 0.0627242 0
    outer loop
      vertex 33.25 0 1
      vertex 33.2244 -0.407332 0
      vertex 33.2244 -0.407332 1
    endloop
  endfacet
  facet normal -0.998025 -0.0628192 0
    outer loop
      vertex -20.7 0 0
      vertex -20.7142 0.225599 1
      vertex -20.7142 0.225599 0
    endloop
  endfacet
  facet normal -0.998025 -0.0628192 0
    outer loop
      vertex -20.7142 0.225599 1
      vertex -20.7 0 0
      vertex -20.7 0 1
    endloop
  endfacet
  facet normal 0.998025 -0.0628192 0
    outer loop
      vertex -24.3 0 1
      vertex -24.2858 0.225599 0
      vertex -24.2858 0.225599 1
    endloop
  endfacet
  facet normal 0.998025 -0.0628192 0
    outer loop
      vertex -24.2858 0.225599 0
      vertex -24.3 0 1
      vertex -24.3 0 0
    endloop
  endfacet
  facet normal 0 -1 0
    outer loop
      vertex -22.613 1.79645 0
      vertex -22.387 1.79645 1
      vertex -22.613 1.79645 1
    endloop
  endfacet
  facet normal 0 -1 -0
    outer loop
      vertex -22.387 1.79645 1
      vertex -22.613 1.79645 0
      vertex -22.387 1.79645 0
    endloop
  endfacet
  facet normal -0.684727 -0.7288 0
    outer loop
      vertex -21.3526 1.38692 0
      vertex -21.1879 1.23218 1
      vertex -21.3526 1.38692 1
    endloop
  endfacet
  facet normal -0.684727 -0.7288 -0
    outer loop
      vertex -21.1879 1.23218 1
      vertex -21.3526 1.38692 0
      vertex -21.1879 1.23218 0
    endloop
  endfacet
  facet normal 0.684727 -0.7288 0
    outer loop
      vertex -23.8121 1.23218 0
      vertex -23.6474 1.38692 1
      vertex -23.8121 1.23218 1
    endloop
  endfacet
  facet normal 0.684727 -0.7288 0
    outer loop
      vertex -23.6474 1.38692 1
      vertex -23.8121 1.23218 0
      vertex -23.6474 1.38692 0
    endloop
  endfacet
  facet normal 0.368071 -0.929798 0
    outer loop
      vertex -23.2664 1.62869 0
      vertex -23.0562 1.7119 1
      vertex -23.2664 1.62869 1
    endloop
  endfacet
  facet normal 0.368071 -0.929798 0
    outer loop
      vertex -23.0562 1.7119 1
      vertex -23.2664 1.62869 0
      vertex -23.0562 1.7119 0
    endloop
  endfacet
  facet normal -0.904905 -0.425613 0
    outer loop
      vertex -20.8264 0.662623 0
      vertex -20.9226 0.867156 1
      vertex -20.9226 0.867156 0
    endloop
  endfacet
  facet normal -0.904905 -0.425613 0
    outer loop
      vertex -20.9226 0.867156 1
      vertex -20.8264 0.662623 0
      vertex -20.8264 0.662623 1
    endloop
  endfacet
  facet normal -0.982333 -0.187139 0
    outer loop
      vertex -20.7142 0.225599 0
      vertex -20.7565 0.447641 1
      vertex -20.7565 0.447641 0
    endloop
  endfacet
  facet normal -0.982333 -0.187139 0
    outer loop
      vertex -20.7565 0.447641 1
      vertex -20.7142 0.225599 0
      vertex -20.7142 0.225599 1
    endloop
  endfacet
  facet normal -0.368071 -0.929798 0
    outer loop
      vertex -21.9438 1.7119 0
      vertex -21.7336 1.62869 1
      vertex -21.9438 1.7119 1
    endloop
  endfacet
  facet normal -0.368071 -0.929798 -0
    outer loop
      vertex -21.7336 1.62869 1
      vertex -21.9438 1.7119 0
      vertex -21.7336 1.62869 0
    endloop
  endfacet
  facet normal -0.248756 -0.968566 0
    outer loop
      vertex -22.1627 1.76812 0
      vertex -21.9438 1.7119 1
      vertex -22.1627 1.76812 1
    endloop
  endfacet
  facet normal -0.248756 -0.968566 -0
    outer loop
      vertex -21.9438 1.7119 1
      vertex -22.1627 1.76812 0
      vertex -21.9438 1.7119 0
    endloop
  endfacet
  facet normal -0.587743 -0.809048 0
    outer loop
      vertex -21.5355 1.51979 0
      vertex -21.3526 1.38692 1
      vertex -21.5355 1.51979 1
    endloop
  endfacet
  facet normal -0.587743 -0.809048 -0
    outer loop
      vertex -21.3526 1.38692 1
      vertex -21.5355 1.51979 0
      vertex -21.3526 1.38692 0
    endloop
  endfacet
  facet normal 0.904905 -0.425613 0
    outer loop
      vertex -24.1736 0.662623 1
      vertex -24.0774 0.867156 0
      vertex -24.0774 0.867156 1
    endloop
  endfacet
  facet normal 0.904905 -0.425613 0
    outer loop
      vertex -24.0774 0.867156 0
      vertex -24.1736 0.662623 1
      vertex -24.1736 0.662623 0
    endloop
  endfacet
  facet normal 0.844167 -0.53608 0
    outer loop
      vertex -24.0774 0.867156 1
      vertex -23.9562 1.05801 0
      vertex -23.9562 1.05801 1
    endloop
  endfacet
  facet normal 0.844167 -0.53608 0
    outer loop
      vertex -23.9562 1.05801 0
      vertex -24.0774 0.867156 1
      vertex -24.0774 0.867156 0
    endloop
  endfacet
  facet normal 0.950994 -0.30921 0
    outer loop
      vertex -24.2435 0.447641 1
      vertex -24.1736 0.662623 0
      vertex -24.1736 0.662623 1
    endloop
  endfacet
  facet normal 0.950994 -0.30921 0
    outer loop
      vertex -24.1736 0.662623 0
      vertex -24.2435 0.447641 1
      vertex -24.2435 0.447641 0
    endloop
  endfacet
  facet normal 0.587743 -0.809048 0
    outer loop
      vertex -23.6474 1.38692 0
      vertex -23.4645 1.51979 1
      vertex -23.6474 1.38692 1
    endloop
  endfacet
  facet normal 0.587743 -0.809048 0
    outer loop
      vertex -23.4645 1.51979 1
      vertex -23.6474 1.38692 0
      vertex -23.4645 1.51979 0
    endloop
  endfacet
  facet normal 0.125309 -0.992118 0
    outer loop
      vertex -22.8373 1.76812 0
      vertex -22.613 1.79645 1
      vertex -22.8373 1.76812 1
    endloop
  endfacet
  facet normal 0.125309 -0.992118 0
    outer loop
      vertex -22.613 1.79645 1
      vertex -22.8373 1.76812 0
      vertex -22.613 1.79645 0
    endloop
  endfacet
  facet normal -0.998025 0.0628192 0
    outer loop
      vertex -20.7142 -0.225599 0
      vertex -20.7 0 1
      vertex -20.7 0 0
    endloop
  endfacet
  facet normal -0.998025 0.0628192 0
    outer loop
      vertex -20.7 0 1
      vertex -20.7142 -0.225599 0
      vertex -20.7142 -0.225599 1
    endloop
  endfacet
  facet normal 0.125309 0.992118 -0
    outer loop
      vertex -22.613 -1.79645 0
      vertex -22.8373 -1.76812 1
      vertex -22.613 -1.79645 1
    endloop
  endfacet
  facet normal 0.125309 0.992118 0
    outer loop
      vertex -22.8373 -1.76812 1
      vertex -22.613 -1.79645 0
      vertex -22.8373 -1.76812 0
    endloop
  endfacet
  facet normal -0.125309 0.992118 0
    outer loop
      vertex -22.1627 -1.76812 0
      vertex -22.387 -1.79645 1
      vertex -22.1627 -1.76812 1
    endloop
  endfacet
  facet normal -0.125309 0.992118 0
    outer loop
      vertex -22.387 -1.79645 1
      vertex -22.1627 -1.76812 0
      vertex -22.387 -1.79645 0
    endloop
  endfacet
  facet normal -0.950994 -0.30921 0
    outer loop
      vertex -20.7565 0.447641 0
      vertex -20.8264 0.662623 1
      vertex -20.8264 0.662623 0
    endloop
  endfacet
  facet normal -0.950994 -0.30921 0
    outer loop
      vertex -20.8264 0.662623 1
      vertex -20.7565 0.447641 0
      vertex -20.7565 0.447641 1
    endloop
  endfacet
  facet normal -0.770483 -0.637461 0
    outer loop
      vertex -21.0438 1.05801 0
      vertex -21.1879 1.23218 1
      vertex -21.1879 1.23218 0
    endloop
  endfacet
  facet normal -0.770483 -0.637461 0
    outer loop
      vertex -21.1879 1.23218 1
      vertex -21.0438 1.05801 0
      vertex -21.0438 1.05801 1
    endloop
  endfacet
  facet normal -0.844167 -0.53608 0
    outer loop
      vertex -20.9226 0.867156 0
      vertex -21.0438 1.05801 1
      vertex -21.0438 1.05801 0
    endloop
  endfacet
  facet normal -0.844167 -0.53608 0
    outer loop
      vertex -21.0438 1.05801 1
      vertex -20.9226 0.867156 0
      vertex -20.9226 0.867156 1
    endloop
  endfacet
  facet normal -0.125309 -0.992118 0
    outer loop
      vertex -22.387 1.79645 0
      vertex -22.1627 1.76812 1
      vertex -22.387 1.79645 1
    endloop
  endfacet
  facet normal -0.125309 -0.992118 -0
    outer loop
      vertex -22.1627 1.76812 1
      vertex -22.387 1.79645 0
      vertex -22.1627 1.76812 0
    endloop
  endfacet
  facet normal -0.481732 -0.876319 0
    outer loop
      vertex -21.7336 1.62869 0
      vertex -21.5355 1.51979 1
      vertex -21.7336 1.62869 1
    endloop
  endfacet
  facet normal -0.481732 -0.876319 -0
    outer loop
      vertex -21.5355 1.51979 1
      vertex -21.7336 1.62869 0
      vertex -21.5355 1.51979 0
    endloop
  endfacet
  facet normal 0.982333 -0.187139 0
    outer loop
      vertex -24.2858 0.225599 1
      vertex -24.2435 0.447641 0
      vertex -24.2435 0.447641 1
    endloop
  endfacet
  facet normal 0.982333 -0.187139 0
    outer loop
      vertex -24.2435 0.447641 0
      vertex -24.2858 0.225599 1
      vertex -24.2858 0.225599 0
    endloop
  endfacet
  facet normal 0.248756 -0.968566 0
    outer loop
      vertex -23.0562 1.7119 0
      vertex -22.8373 1.76812 1
      vertex -23.0562 1.7119 1
    endloop
  endfacet
  facet normal 0.248756 -0.968566 0
    outer loop
      vertex -22.8373 1.76812 1
      vertex -23.0562 1.7119 0
      vertex -22.8373 1.76812 0
    endloop
  endfacet
  facet normal -0.950994 0.30921 0
    outer loop
      vertex -20.8264 -0.662623 0
      vertex -20.7565 -0.447641 1
      vertex -20.7565 -0.447641 0
    endloop
  endfacet
  facet normal -0.950994 0.30921 0
    outer loop
      vertex -20.7565 -0.447641 1
      vertex -20.8264 -0.662623 0
      vertex -20.8264 -0.662623 1
    endloop
  endfacet
  facet normal -0.982333 0.187139 0
    outer loop
      vertex -20.7565 -0.447641 0
      vertex -20.7142 -0.225599 1
      vertex -20.7142 -0.225599 0
    endloop
  endfacet
  facet normal -0.982333 0.187139 0
    outer loop
      vertex -20.7142 -0.225599 1
      vertex -20.7565 -0.447641 0
      vertex -20.7565 -0.447641 1
    endloop
  endfacet
  facet normal 0.950994 0.30921 0
    outer loop
      vertex -24.1736 -0.662623 1
      vertex -24.2435 -0.447641 0
      vertex -24.2435 -0.447641 1
    endloop
  endfacet
  facet normal 0.950994 0.30921 0
    outer loop
      vertex -24.2435 -0.447641 0
      vertex -24.1736 -0.662623 1
      vertex -24.1736 -0.662623 0
    endloop
  endfacet
  facet normal -0.368071 0.929798 0
    outer loop
      vertex -21.7336 -1.62869 0
      vertex -21.9438 -1.7119 1
      vertex -21.7336 -1.62869 1
    endloop
  endfacet
  facet normal -0.368071 0.929798 0
    outer loop
      vertex -21.9438 -1.7119 1
      vertex -21.7336 -1.62869 0
      vertex -21.9438 -1.7119 0
    endloop
  endfacet
  facet normal -0.248756 0.968566 0
    outer loop
      vertex -21.9438 -1.7119 0
      vertex -22.1627 -1.76812 1
      vertex -21.9438 -1.7119 1
    endloop
  endfacet
  facet normal -0.248756 0.968566 0
    outer loop
      vertex -22.1627 -1.76812 1
      vertex -21.9438 -1.7119 0
      vertex -22.1627 -1.76812 0
    endloop
  endfacet
  facet normal 0.770483 -0.637461 0
    outer loop
      vertex -23.9562 1.05801 1
      vertex -23.8121 1.23218 0
      vertex -23.8121 1.23218 1
    endloop
  endfacet
  facet normal 0.770483 -0.637461 0
    outer loop
      vertex -23.8121 1.23218 0
      vertex -23.9562 1.05801 1
      vertex -23.9562 1.05801 0
    endloop
  endfacet
  facet normal 0.481732 -0.876319 0
    outer loop
      vertex -23.4645 1.51979 0
      vertex -23.2664 1.62869 1
      vertex -23.4645 1.51979 1
    endloop
  endfacet
  facet normal 0.481732 -0.876319 0
    outer loop
      vertex -23.2664 1.62869 1
      vertex -23.4645 1.51979 0
      vertex -23.2664 1.62869 0
    endloop
  endfacet
  facet normal -0.481732 0.876319 0
    outer loop
      vertex -21.5355 -1.51979 0
      vertex -21.7336 -1.62869 1
      vertex -21.5355 -1.51979 1
    endloop
  endfacet
  facet normal -0.481732 0.876319 0
    outer loop
      vertex -21.7336 -1.62869 1
      vertex -21.5355 -1.51979 0
      vertex -21.7336 -1.62869 0
    endloop
  endfacet
  facet normal -0.684727 0.7288 0
    outer loop
      vertex -21.1879 -1.23218 0
      vertex -21.3526 -1.38692 1
      vertex -21.1879 -1.23218 1
    endloop
  endfacet
  facet normal -0.684727 0.7288 0
    outer loop
      vertex -21.3526 -1.38692 1
      vertex -21.1879 -1.23218 0
      vertex -21.3526 -1.38692 0
    endloop
  endfacet
  facet normal -0.904905 0.425613 0
    outer loop
      vertex -20.9226 -0.867156 0
      vertex -20.8264 -0.662623 1
      vertex -20.8264 -0.662623 0
    endloop
  endfacet
  facet normal -0.904905 0.425613 0
    outer loop
      vertex -20.8264 -0.662623 1
      vertex -20.9226 -0.867156 0
      vertex -20.9226 -0.867156 1
    endloop
  endfacet
  facet normal -0.770483 0.637461 0
    outer loop
      vertex -21.1879 -1.23218 0
      vertex -21.0438 -1.05801 1
      vertex -21.0438 -1.05801 0
    endloop
  endfacet
  facet normal -0.770483 0.637461 0
    outer loop
      vertex -21.0438 -1.05801 1
      vertex -21.1879 -1.23218 0
      vertex -21.1879 -1.23218 1
    endloop
  endfacet
  facet normal 0.368071 0.929798 -0
    outer loop
      vertex -23.0562 -1.7119 0
      vertex -23.2664 -1.62869 1
      vertex -23.0562 -1.7119 1
    endloop
  endfacet
  facet normal 0.368071 0.929798 0
    outer loop
      vertex -23.2664 -1.62869 1
      vertex -23.0562 -1.7119 0
      vertex -23.2664 -1.62869 0
    endloop
  endfacet
  facet normal 0.770483 0.637461 0
    outer loop
      vertex -23.8121 -1.23218 1
      vertex -23.9562 -1.05801 0
      vertex -23.9562 -1.05801 1
    endloop
  endfacet
  facet normal 0.770483 0.637461 0
    outer loop
      vertex -23.9562 -1.05801 0
      vertex -23.8121 -1.23218 1
      vertex -23.8121 -1.23218 0
    endloop
  endfacet
  facet normal 0.998025 0.0628192 0
    outer loop
      vertex -24.2858 -0.225599 1
      vertex -24.3 0 0
      vertex -24.3 0 1
    endloop
  endfacet
  facet normal 0.998025 0.0628192 0
    outer loop
      vertex -24.3 0 0
      vertex -24.2858 -0.225599 1
      vertex -24.2858 -0.225599 0
    endloop
  endfacet
  facet normal -0.587743 0.809048 0
    outer loop
      vertex -21.3526 -1.38692 0
      vertex -21.5355 -1.51979 1
      vertex -21.3526 -1.38692 1
    endloop
  endfacet
  facet normal -0.587743 0.809048 0
    outer loop
      vertex -21.5355 -1.51979 1
      vertex -21.3526 -1.38692 0
      vertex -21.5355 -1.51979 0
    endloop
  endfacet
  facet normal -0.844167 0.53608 0
    outer loop
      vertex -21.0438 -1.05801 0
      vertex -20.9226 -0.867156 1
      vertex -20.9226 -0.867156 0
    endloop
  endfacet
  facet normal -0.844167 0.53608 0
    outer loop
      vertex -20.9226 -0.867156 1
      vertex -21.0438 -1.05801 0
      vertex -21.0438 -1.05801 1
    endloop
  endfacet
  facet normal 0 1 -0
    outer loop
      vertex -22.387 -1.79645 0
      vertex -22.613 -1.79645 1
      vertex -22.387 -1.79645 1
    endloop
  endfacet
  facet normal 0 1 0
    outer loop
      vertex -22.613 -1.79645 1
      vertex -22.387 -1.79645 0
      vertex -22.613 -1.79645 0
    endloop
  endfacet
  facet normal 0.248756 0.968566 -0
    outer loop
      vertex -22.8373 -1.76812 0
      vertex -23.0562 -1.7119 1
      vertex -22.8373 -1.76812 1
    endloop
  endfacet
  facet normal 0.248756 0.968566 0
    outer loop
      vertex -23.0562 -1.7119 1
      vertex -22.8373 -1.76812 0
      vertex -23.0562 -1.7119 0
    endloop
  endfacet
  facet normal 0.587743 0.809048 -0
    outer loop
      vertex -23.4645 -1.51979 0
      vertex -23.6474 -1.38692 1
      vertex -23.4645 -1.51979 1
    endloop
  endfacet
  facet normal 0.587743 0.809048 0
    outer loop
      vertex -23.6474 -1.38692 1
      vertex -23.4645 -1.51979 0
      vertex -23.6474 -1.38692 0
    endloop
  endfacet
  facet normal 0.684727 0.7288 -0
    outer loop
      vertex -23.6474 -1.38692 0
      vertex -23.8121 -1.23218 1
      vertex -23.6474 -1.38692 1
    endloop
  endfacet
  facet normal 0.684727 0.7288 0
    outer loop
      vertex -23.8121 -1.23218 1
      vertex -23.6474 -1.38692 0
      vertex -23.8121 -1.23218 0
    endloop
  endfacet
  facet normal 0.982333 0.187139 0
    outer loop
      vertex -24.2435 -0.447641 1
      vertex -24.2858 -0.225599 0
      vertex -24.2858 -0.225599 1
    endloop
  endfacet
  facet normal 0.982333 0.187139 0
    outer loop
      vertex -24.2858 -0.225599 0
      vertex -24.2435 -0.447641 1
      vertex -24.2435 -0.447641 0
    endloop
  endfacet
  facet normal 0.481732 0.876319 -0
    outer loop
      vertex -23.2664 -1.62869 0
      vertex -23.4645 -1.51979 1
      vertex -23.2664 -1.62869 1
    endloop
  endfacet
  facet normal 0.481732 0.876319 0
    outer loop
      vertex -23.4645 -1.51979 1
      vertex -23.2664 -1.62869 0
      vertex -23.4645 -1.51979 0
    endloop
  endfacet
  facet normal 0.844167 0.53608 0
    outer loop
      vertex -23.9562 -1.05801 1
      vertex -24.0774 -0.867156 0
      vertex -24.0774 -0.867156 1
    endloop
  endfacet
  facet normal 0.844167 0.53608 0
    outer loop
      vertex -24.0774 -0.867156 0
      vertex -23.9562 -1.05801 1
      vertex -23.9562 -1.05801 0
    endloop
  endfacet
  facet normal 0.904905 0.425613 0
    outer loop
      vertex -24.0774 -0.867156 1
      vertex -24.1736 -0.662623 0
      vertex -24.1736 -0.662623 1
    endloop
  endfacet
  facet normal 0.904905 0.425613 0
    outer loop
      vertex -24.1736 -0.662623 0
      vertex -24.0774 -0.867156 1
      vertex -24.0774 -0.867156 0
    endloop
  endfacet
  facet normal 0.951059 -0.309009 0
    outer loop
      vertex -9.24345 0.447641 1
      vertex -9.1736 0.662623 0
      vertex -9.1736 0.662623 1
    endloop
  endfacet
  facet normal 0.951059 -0.309009 0
    outer loop
      vertex -9.1736 0.662623 0
      vertex -9.24345 0.447641 1
      vertex -9.24345 0.447641 0
    endloop
  endfacet
  facet normal -0.844327 -0.535828 0
    outer loop
      vertex -5.92265 0.867156 0
      vertex -6.04377 1.05801 1
      vertex -6.04377 1.05801 0
    endloop
  endfacet
  facet normal -0.844327 -0.535828 0
    outer loop
      vertex -6.04377 1.05801 1
      vertex -5.92265 0.867156 0
      vertex -5.92265 0.867156 1
    endloop
  endfacet
  facet normal -0.248714 -0.968577 0
    outer loop
      vertex -7.16271 1.76812 0
      vertex -6.94377 1.7119 1
      vertex -7.16271 1.76812 1
    endloop
  endfacet
  facet normal -0.248714 -0.968577 -0
    outer loop
      vertex -6.94377 1.7119 1
      vertex -7.16271 1.76812 0
      vertex -6.94377 1.7119 0
    endloop
  endfacet
  facet normal -0.368116 -0.92978 0
    outer loop
      vertex -6.94377 1.7119 0
      vertex -6.7336 1.62869 1
      vertex -6.94377 1.7119 1
    endloop
  endfacet
  facet normal -0.368116 -0.92978 -0
    outer loop
      vertex -6.7336 1.62869 1
      vertex -6.94377 1.7119 0
      vertex -6.7336 1.62869 0
    endloop
  endfacet
  facet normal 0.368116 -0.92978 0
    outer loop
      vertex -8.2664 1.62869 0
      vertex -8.05623 1.7119 1
      vertex -8.2664 1.62869 1
    endloop
  endfacet
  facet normal 0.368116 -0.92978 0
    outer loop
      vertex -8.05623 1.7119 1
      vertex -8.2664 1.62869 0
      vertex -8.05623 1.7119 0
    endloop
  endfacet
  facet normal 0.90482 -0.425794 0
    outer loop
      vertex -9.1736 0.662623 1
      vertex -9.07735 0.867156 0
      vertex -9.07735 0.867156 1
    endloop
  endfacet
  facet normal 0.90482 -0.425794 0
    outer loop
      vertex -9.07735 0.867156 0
      vertex -9.1736 0.662623 1
      vertex -9.1736 0.662623 0
    endloop
  endfacet
  facet normal -0.998028 0.0627752 0
    outer loop
      vertex -5.71419 -0.225599 0
      vertex -5.7 0 1
      vertex -5.7 0 0
    endloop
  endfacet
  facet normal -0.998028 0.0627752 0
    outer loop
      vertex -5.7 0 1
      vertex -5.71419 -0.225599 0
      vertex -5.71419 -0.225599 1
    endloop
  endfacet
  facet normal -0.368116 0.92978 0
    outer loop
      vertex -6.7336 -1.62869 0
      vertex -6.94377 -1.7119 1
      vertex -6.7336 -1.62869 1
    endloop
  endfacet
  facet normal -0.368116 0.92978 0
    outer loop
      vertex -6.94377 -1.7119 1
      vertex -6.7336 -1.62869 0
      vertex -6.94377 -1.7119 0
    endloop
  endfacet
  facet normal -0.68455 -0.728966 0
    outer loop
      vertex -6.35264 1.38692 0
      vertex -6.18786 1.23218 1
      vertex -6.35264 1.38692 1
    endloop
  endfacet
  facet normal -0.68455 -0.728966 -0
    outer loop
      vertex -6.18786 1.23218 1
      vertex -6.35264 1.38692 0
      vertex -6.18786 1.23218 0
    endloop
  endfacet
  facet normal -0.125325 -0.992116 0
    outer loop
      vertex -7.38698 1.79645 0
      vertex -7.16271 1.76812 1
      vertex -7.38698 1.79645 1
    endloop
  endfacet
  facet normal -0.125325 -0.992116 -0
    outer loop
      vertex -7.16271 1.76812 1
      vertex -7.38698 1.79645 0
      vertex -7.16271 1.76812 0
    endloop
  endfacet
  facet normal -0.587806 -0.809002 0
    outer loop
      vertex -6.53551 1.51979 0
      vertex -6.35264 1.38692 1
      vertex -6.53551 1.51979 1
    endloop
  endfacet
  facet normal -0.587806 -0.809002 -0
    outer loop
      vertex -6.35264 1.38692 1
      vertex -6.53551 1.51979 0
      vertex -6.35264 1.38692 0
    endloop
  endfacet
  facet normal 0.770504 -0.637435 0
    outer loop
      vertex -8.95623 1.05801 1
      vertex -8.81214 1.23218 0
      vertex -8.81214 1.23218 1
    endloop
  endfacet
  facet normal 0.770504 -0.637435 0
    outer loop
      vertex -8.81214 1.23218 0
      vertex -8.95623 1.05801 1
      vertex -8.95623 1.05801 0
    endloop
  endfacet
  facet normal 0.68455 -0.728966 0
    outer loop
      vertex -8.81214 1.23218 0
      vertex -8.64736 1.38692 1
      vertex -8.81214 1.23218 1
    endloop
  endfacet
  facet normal 0.68455 -0.728966 0
    outer loop
      vertex -8.64736 1.38692 1
      vertex -8.81214 1.23218 0
      vertex -8.64736 1.38692 0
    endloop
  endfacet
  facet normal -0.998028 -0.0627752 0
    outer loop
      vertex -5.7 0 0
      vertex -5.71419 0.225599 1
      vertex -5.71419 0.225599 0
    endloop
  endfacet
  facet normal -0.998028 -0.0627752 0
    outer loop
      vertex -5.71419 0.225599 1
      vertex -5.7 0 0
      vertex -5.7 0 1
    endloop
  endfacet
  facet normal -0.90482 0.425794 0
    outer loop
      vertex -5.92265 -0.867156 0
      vertex -5.8264 -0.662623 1
      vertex -5.8264 -0.662623 0
    endloop
  endfacet
  facet normal -0.90482 0.425794 0
    outer loop
      vertex -5.8264 -0.662623 1
      vertex -5.92265 -0.867156 0
      vertex -5.92265 -0.867156 1
    endloop
  endfacet
  facet normal 0.248714 0.968577 -0
    outer loop
      vertex -7.83729 -1.76812 0
      vertex -8.05623 -1.7119 1
      vertex -7.83729 -1.76812 1
    endloop
  endfacet
  facet normal 0.248714 0.968577 0
    outer loop
      vertex -8.05623 -1.7119 1
      vertex -7.83729 -1.76812 0
      vertex -8.05623 -1.7119 0
    endloop
  endfacet
  facet normal -0.248714 0.968577 0
    outer loop
      vertex -6.94377 -1.7119 0
      vertex -7.16271 -1.76812 1
      vertex -6.94377 -1.7119 1
    endloop
  endfacet
  facet normal -0.248714 0.968577 0
    outer loop
      vertex -7.16271 -1.76812 1
      vertex -6.94377 -1.7119 0
      vertex -7.16271 -1.76812 0
    endloop
  endfacet
  facet normal -0.770504 -0.637435 0
    outer loop
      vertex -6.04377 1.05801 0
      vertex -6.18786 1.23218 1
      vertex -6.18786 1.23218 0
    endloop
  endfacet
  facet normal -0.770504 -0.637435 0
    outer loop
      vertex -6.18786 1.23218 1
      vertex -6.04377 1.05801 0
      vertex -6.04377 1.05801 1
    endloop
  endfacet
  facet normal 0 -1 0
    outer loop
      vertex -7.61302 1.79645 0
      vertex -7.38698 1.79645 1
      vertex -7.61302 1.79645 1
    endloop
  endfacet
  facet normal 0 -1 -0
    outer loop
      vertex -7.38698 1.79645 1
      vertex -7.61302 1.79645 0
      vertex -7.38698 1.79645 0
    endloop
  endfacet
  facet normal -0.481751 -0.876308 0
    outer loop
      vertex -6.7336 1.62869 0
      vertex -6.53551 1.51979 1
      vertex -6.7336 1.62869 1
    endloop
  endfacet
  facet normal -0.481751 -0.876308 -0
    outer loop
      vertex -6.53551 1.51979 1
      vertex -6.7336 1.62869 0
      vertex -6.53551 1.51979 0
    endloop
  endfacet
  facet normal 0.998028 -0.0627752 0
    outer loop
      vertex -9.3 0 1
      vertex -9.28581 0.225599 0
      vertex -9.28581 0.225599 1
    endloop
  endfacet
  facet normal 0.998028 -0.0627752 0
    outer loop
      vertex -9.28581 0.225599 0
      vertex -9.3 0 1
      vertex -9.3 0 0
    endloop
  endfacet
  facet normal 0.844327 -0.535828 0
    outer loop
      vertex -9.07735 0.867156 1
      vertex -8.95623 1.05801 0
      vertex -8.95623 1.05801 1
    endloop
  endfacet
  facet normal 0.844327 -0.535828 0
    outer loop
      vertex -8.95623 1.05801 0
      vertex -9.07735 0.867156 1
      vertex -9.07735 0.867156 0
    endloop
  endfacet
  facet normal 0.125325 -0.992116 0
    outer loop
      vertex -7.83729 1.76812 0
      vertex -7.61302 1.79645 1
      vertex -7.83729 1.76812 1
    endloop
  endfacet
  facet normal 0.125325 -0.992116 0
    outer loop
      vertex -7.61302 1.79645 1
      vertex -7.83729 1.76812 0
      vertex -7.61302 1.79645 0
    endloop
  endfacet
  facet normal 0.248714 -0.968577 0
    outer loop
      vertex -8.05623 1.7119 0
      vertex -7.83729 1.76812 1
      vertex -8.05623 1.7119 1
    endloop
  endfacet
  facet normal 0.248714 -0.968577 0
    outer loop
      vertex -7.83729 1.76812 1
      vertex -8.05623 1.7119 0
      vertex -7.83729 1.76812 0
    endloop
  endfacet
  facet normal 0.481751 -0.876308 0
    outer loop
      vertex -8.46449 1.51979 0
      vertex -8.2664 1.62869 1
      vertex -8.46449 1.51979 1
    endloop
  endfacet
  facet normal 0.481751 -0.876308 0
    outer loop
      vertex -8.2664 1.62869 1
      vertex -8.46449 1.51979 0
      vertex -8.2664 1.62869 0
    endloop
  endfacet
  facet normal 0.587806 -0.809002 0
    outer loop
      vertex -8.64736 1.38692 0
      vertex -8.46449 1.51979 1
      vertex -8.64736 1.38692 1
    endloop
  endfacet
  facet normal 0.587806 -0.809002 0
    outer loop
      vertex -8.46449 1.51979 1
      vertex -8.64736 1.38692 0
      vertex -8.46449 1.51979 0
    endloop
  endfacet
  facet normal -0.982285 0.187395 0
    outer loop
      vertex -5.75655 -0.447641 0
      vertex -5.71419 -0.225599 1
      vertex -5.71419 -0.225599 0
    endloop
  endfacet
  facet normal -0.982285 0.187395 0
    outer loop
      vertex -5.71419 -0.225599 1
      vertex -5.75655 -0.447641 0
      vertex -5.75655 -0.447641 1
    endloop
  endfacet
  facet normal -0.125325 0.992116 0
    outer loop
      vertex -7.16271 -1.76812 0
      vertex -7.38698 -1.79645 1
      vertex -7.16271 -1.76812 1
    endloop
  endfacet
  facet normal -0.125325 0.992116 0
    outer loop
      vertex -7.38698 -1.79645 1
      vertex -7.16271 -1.76812 0
      vertex -7.38698 -1.79645 0
    endloop
  endfacet
  facet normal -0.90482 -0.425794 0
    outer loop
      vertex -5.8264 0.662623 0
      vertex -5.92265 0.867156 1
      vertex -5.92265 0.867156 0
    endloop
  endfacet
  facet normal -0.90482 -0.425794 0
    outer loop
      vertex -5.92265 0.867156 1
      vertex -5.8264 0.662623 0
      vertex -5.8264 0.662623 1
    endloop
  endfacet
  facet normal -0.951059 -0.309009 0
    outer loop
      vertex -5.75655 0.447641 0
      vertex -5.8264 0.662623 1
      vertex -5.8264 0.662623 0
    endloop
  endfacet
  facet normal -0.951059 -0.309009 0
    outer loop
      vertex -5.8264 0.662623 1
      vertex -5.75655 0.447641 0
      vertex -5.75655 0.447641 1
    endloop
  endfacet
  facet normal -0.982285 -0.187395 0
    outer loop
      vertex -5.71419 0.225599 0
      vertex -5.75655 0.447641 1
      vertex -5.75655 0.447641 0
    endloop
  endfacet
  facet normal -0.982285 -0.187395 0
    outer loop
      vertex -5.75655 0.447641 1
      vertex -5.71419 0.225599 0
      vertex -5.71419 0.225599 1
    endloop
  endfacet
  facet normal 0.982285 -0.187395 0
    outer loop
      vertex -9.28581 0.225599 1
      vertex -9.24345 0.447641 0
      vertex -9.24345 0.447641 1
    endloop
  endfacet
  facet normal 0.982285 -0.187395 0
    outer loop
      vertex -9.24345 0.447641 0
      vertex -9.28581 0.225599 1
      vertex -9.28581 0.225599 0
    endloop
  endfacet
  facet normal -0.481751 0.876308 0
    outer loop
      vertex -6.53551 -1.51979 0
      vertex -6.7336 -1.62869 1
      vertex -6.53551 -1.51979 1
    endloop
  endfacet
  facet normal -0.481751 0.876308 0
    outer loop
      vertex -6.7336 -1.62869 1
      vertex -6.53551 -1.51979 0
      vertex -6.7336 -1.62869 0
    endloop
  endfacet
  facet normal -0.68455 0.728966 0
    outer loop
      vertex -6.18786 -1.23218 0
      vertex -6.35264 -1.38692 1
      vertex -6.18786 -1.23218 1
    endloop
  endfacet
  facet normal -0.68455 0.728966 0
    outer loop
      vertex -6.35264 -1.38692 1
      vertex -6.18786 -1.23218 0
      vertex -6.35264 -1.38692 0
    endloop
  endfacet
  facet normal -0.770504 0.637435 0
    outer loop
      vertex -6.18786 -1.23218 0
      vertex -6.04377 -1.05801 1
      vertex -6.04377 -1.05801 0
    endloop
  endfacet
  facet normal -0.770504 0.637435 0
    outer loop
      vertex -6.04377 -1.05801 1
      vertex -6.18786 -1.23218 0
      vertex -6.18786 -1.23218 1
    endloop
  endfacet
  facet normal 0.125325 0.992116 -0
    outer loop
      vertex -7.61302 -1.79645 0
      vertex -7.83729 -1.76812 1
      vertex -7.61302 -1.79645 1
    endloop
  endfacet
  facet normal 0.125325 0.992116 0
    outer loop
      vertex -7.83729 -1.76812 1
      vertex -7.61302 -1.79645 0
      vertex -7.83729 -1.76812 0
    endloop
  endfacet
  facet normal 0.998028 0.0627752 0
    outer loop
      vertex -9.28581 -0.225599 1
      vertex -9.3 0 0
      vertex -9.3 0 1
    endloop
  endfacet
  facet normal 0.998028 0.0627752 0
    outer loop
      vertex -9.3 0 0
      vertex -9.28581 -0.225599 1
      vertex -9.28581 -0.225599 0
    endloop
  endfacet
  facet normal 0.951059 0.309009 0
    outer loop
      vertex -9.1736 -0.662623 1
      vertex -9.24345 -0.447641 0
      vertex -9.24345 -0.447641 1
    endloop
  endfacet
  facet normal 0.951059 0.309009 0
    outer loop
      vertex -9.24345 -0.447641 0
      vertex -9.1736 -0.662623 1
      vertex -9.1736 -0.662623 0
    endloop
  endfacet
  facet normal 0.770504 0.637435 0
    outer loop
      vertex -8.81214 -1.23218 1
      vertex -8.95623 -1.05801 0
      vertex -8.95623 -1.05801 1
    endloop
  endfacet
  facet normal 0.770504 0.637435 0
    outer loop
      vertex -8.95623 -1.05801 0
      vertex -8.81214 -1.23218 1
      vertex -8.81214 -1.23218 0
    endloop
  endfacet
  facet normal -0.951059 0.309009 0
    outer loop
      vertex -5.8264 -0.662623 0
      vertex -5.75655 -0.447641 1
      vertex -5.75655 -0.447641 0
    endloop
  endfacet
  facet normal -0.951059 0.309009 0
    outer loop
      vertex -5.75655 -0.447641 1
      vertex -5.8264 -0.662623 0
      vertex -5.8264 -0.662623 1
    endloop
  endfacet
  facet normal -0.587806 0.809002 0
    outer loop
      vertex -6.35264 -1.38692 0
      vertex -6.53551 -1.51979 1
      vertex -6.35264 -1.38692 1
    endloop
  endfacet
  facet normal -0.587806 0.809002 0
    outer loop
      vertex -6.53551 -1.51979 1
      vertex -6.35264 -1.38692 0
      vertex -6.53551 -1.51979 0
    endloop
  endfacet
  facet normal -0.844327 0.535828 0
    outer loop
      vertex -6.04377 -1.05801 0
      vertex -5.92265 -0.867156 1
      vertex -5.92265 -0.867156 0
    endloop
  endfacet
  facet normal -0.844327 0.535828 0
    outer loop
      vertex -5.92265 -0.867156 1
      vertex -6.04377 -1.05801 0
      vertex -6.04377 -1.05801 1
    endloop
  endfacet
  facet normal 0.587806 0.809002 -0
    outer loop
      vertex -8.46449 -1.51979 0
      vertex -8.64736 -1.38692 1
      vertex -8.46449 -1.51979 1
    endloop
  endfacet
  facet normal 0.587806 0.809002 0
    outer loop
      vertex -8.64736 -1.38692 1
      vertex -8.46449 -1.51979 0
      vertex -8.64736 -1.38692 0
    endloop
  endfacet
  facet normal 0 1 -0
    outer loop
      vertex -7.38698 -1.79645 0
      vertex -7.61302 -1.79645 1
      vertex -7.38698 -1.79645 1
    endloop
  endfacet
  facet normal 0 1 0
    outer loop
      vertex -7.61302 -1.79645 1
      vertex -7.38698 -1.79645 0
      vertex -7.61302 -1.79645 0
    endloop
  endfacet
  facet normal 0.982285 0.187395 0
    outer loop
      vertex -9.24345 -0.447641 1
      vertex -9.28581 -0.225599 0
      vertex -9.28581 -0.225599 1
    endloop
  endfacet
  facet normal 0.982285 0.187395 0
    outer loop
      vertex -9.28581 -0.225599 0
      vertex -9.24345 -0.447641 1
      vertex -9.24345 -0.447641 0
    endloop
  endfacet
  facet normal 0.68455 0.728966 -0
    outer loop
      vertex -8.64736 -1.38692 0
      vertex -8.81214 -1.23218 1
      vertex -8.64736 -1.38692 1
    endloop
  endfacet
  facet normal 0.68455 0.728966 0
    outer loop
      vertex -8.81214 -1.23218 1
      vertex -8.64736 -1.38692 0
      vertex -8.81214 -1.23218 0
    endloop
  endfacet
  facet normal 0.481751 0.876308 -0
    outer loop
      vertex -8.2664 -1.62869 0
      vertex -8.46449 -1.51979 1
      vertex -8.2664 -1.62869 1
    endloop
  endfacet
  facet normal 0.481751 0.876308 0
    outer loop
      vertex -8.46449 -1.51979 1
      vertex -8.2664 -1.62869 0
      vertex -8.46449 -1.51979 0
    endloop
  endfacet
  facet normal 0.368116 0.92978 -0
    outer loop
      vertex -8.05623 -1.7119 0
      vertex -8.2664 -1.62869 1
      vertex -8.05623 -1.7119 1
    endloop
  endfacet
  facet normal 0.368116 0.92978 0
    outer loop
      vertex -8.2664 -1.62869 1
      vertex -8.05623 -1.7119 0
      vertex -8.2664 -1.62869 0
    endloop
  endfacet
  facet normal 0.844327 0.535828 0
    outer loop
      vertex -8.95623 -1.05801 1
      vertex -9.07735 -0.867156 0
      vertex -9.07735 -0.867156 1
    endloop
  endfacet
  facet normal 0.844327 0.535828 0
    outer loop
      vertex -9.07735 -0.867156 0
      vertex -8.95623 -1.05801 1
      vertex -8.95623 -1.05801 0
    endloop
  endfacet
  facet normal 0.90482 0.425794 0
    outer loop
      vertex -9.07735 -0.867156 1
      vertex -9.1736 -0.662623 0
      vertex -9.1736 -0.662623 1
    endloop
  endfacet
  facet normal 0.90482 0.425794 0
    outer loop
      vertex -9.1736 -0.662623 0
      vertex -9.07735 -0.867156 1
      vertex -9.07735 -0.867156 0
    endloop
  endfacet
  facet normal 0.951059 -0.309009 0
    outer loop
      vertex 5.75655 0.447641 1
      vertex 5.8264 0.662623 0
      vertex 5.8264 0.662623 1
    endloop
  endfacet
  facet normal 0.951059 -0.309009 0
    outer loop
      vertex 5.8264 0.662623 0
      vertex 5.75655 0.447641 1
      vertex 5.75655 0.447641 0
    endloop
  endfacet
  facet normal -0.844327 -0.535828 0
    outer loop
      vertex 9.07735 0.867156 0
      vertex 8.95623 1.05801 1
      vertex 8.95623 1.05801 0
    endloop
  endfacet
  facet normal -0.844327 -0.535828 0
    outer loop
      vertex 8.95623 1.05801 1
      vertex 9.07735 0.867156 0
      vertex 9.07735 0.867156 1
    endloop
  endfacet
  facet normal -0.248714 -0.968577 0
    outer loop
      vertex 7.83729 1.76812 0
      vertex 8.05623 1.7119 1
      vertex 7.83729 1.76812 1
    endloop
  endfacet
  facet normal -0.248714 -0.968577 -0
    outer loop
      vertex 8.05623 1.7119 1
      vertex 7.83729 1.76812 0
      vertex 8.05623 1.7119 0
    endloop
  endfacet
  facet normal -0.368116 -0.92978 0
    outer loop
      vertex 8.05623 1.7119 0
      vertex 8.2664 1.62869 1
      vertex 8.05623 1.7119 1
    endloop
  endfacet
  facet normal -0.368116 -0.92978 -0
    outer loop
      vertex 8.2664 1.62869 1
      vertex 8.05623 1.7119 0
      vertex 8.2664 1.62869 0
    endloop
  endfacet
  facet normal 0.368116 -0.92978 0
    outer loop
      vertex 6.7336 1.62869 0
      vertex 6.94377 1.7119 1
      vertex 6.7336 1.62869 1
    endloop
  endfacet
  facet normal 0.368116 -0.92978 0
    outer loop
      vertex 6.94377 1.7119 1
      vertex 6.7336 1.62869 0
      vertex 6.94377 1.7119 0
    endloop
  endfacet
  facet normal 0.90482 -0.425794 0
    outer loop
      vertex 5.8264 0.662623 1
      vertex 5.92265 0.867156 0
      vertex 5.92265 0.867156 1
    endloop
  endfacet
  facet normal 0.90482 -0.425794 0
    outer loop
      vertex 5.92265 0.867156 0
      vertex 5.8264 0.662623 1
      vertex 5.8264 0.662623 0
    endloop
  endfacet
  facet normal -0.998028 0.0627752 0
    outer loop
      vertex 9.28581 -0.225599 0
      vertex 9.3 0 1
      vertex 9.3 0 0
    endloop
  endfacet
  facet normal -0.998028 0.0627752 0
    outer loop
      vertex 9.3 0 1
      vertex 9.28581 -0.225599 0
      vertex 9.28581 -0.225599 1
    endloop
  endfacet
  facet normal -0.368116 0.92978 0
    outer loop
      vertex 8.2664 -1.62869 0
      vertex 8.05623 -1.7119 1
      vertex 8.2664 -1.62869 1
    endloop
  endfacet
  facet normal -0.368116 0.92978 0
    outer loop
      vertex 8.05623 -1.7119 1
      vertex 8.2664 -1.62869 0
      vertex 8.05623 -1.7119 0
    endloop
  endfacet
  facet normal -0.982285 -0.187395 0
    outer loop
      vertex 9.28581 0.225599 0
      vertex 9.24345 0.447641 1
      vertex 9.24345 0.447641 0
    endloop
  endfacet
  facet normal -0.982285 -0.187395 0
    outer loop
      vertex 9.24345 0.447641 1
      vertex 9.28581 0.225599 0
      vertex 9.28581 0.225599 1
    endloop
  endfacet
  facet normal -0.68455 -0.728966 0
    outer loop
      vertex 8.64736 1.38692 0
      vertex 8.81214 1.23218 1
      vertex 8.64736 1.38692 1
    endloop
  endfacet
  facet normal -0.68455 -0.728966 -0
    outer loop
      vertex 8.81214 1.23218 1
      vertex 8.64736 1.38692 0
      vertex 8.81214 1.23218 0
    endloop
  endfacet
  facet normal -0.125325 -0.992116 0
    outer loop
      vertex 7.61302 1.79645 0
      vertex 7.83729 1.76812 1
      vertex 7.61302 1.79645 1
    endloop
  endfacet
  facet normal -0.125325 -0.992116 -0
    outer loop
      vertex 7.83729 1.76812 1
      vertex 7.61302 1.79645 0
      vertex 7.83729 1.76812 0
    endloop
  endfacet
  facet normal -0.587806 -0.809002 0
    outer loop
      vertex 8.46449 1.51979 0
      vertex 8.64736 1.38692 1
      vertex 8.46449 1.51979 1
    endloop
  endfacet
  facet normal -0.587806 -0.809002 -0
    outer loop
      vertex 8.64736 1.38692 1
      vertex 8.46449 1.51979 0
      vertex 8.64736 1.38692 0
    endloop
  endfacet
  facet normal 0.770504 -0.637435 0
    outer loop
      vertex 6.04377 1.05801 1
      vertex 6.18786 1.23218 0
      vertex 6.18786 1.23218 1
    endloop
  endfacet
  facet normal 0.770504 -0.637435 0
    outer loop
      vertex 6.18786 1.23218 0
      vertex 6.04377 1.05801 1
      vertex 6.04377 1.05801 0
    endloop
  endfacet
  facet normal 0.68455 -0.728966 0
    outer loop
      vertex 6.18786 1.23218 0
      vertex 6.35264 1.38692 1
      vertex 6.18786 1.23218 1
    endloop
  endfacet
  facet normal 0.68455 -0.728966 0
    outer loop
      vertex 6.35264 1.38692 1
      vertex 6.18786 1.23218 0
      vertex 6.35264 1.38692 0
    endloop
  endfacet
  facet normal -0.998028 -0.0627752 0
    outer loop
      vertex 9.3 0 0
      vertex 9.28581 0.225599 1
      vertex 9.28581 0.225599 0
    endloop
  endfacet
  facet normal -0.998028 -0.0627752 0
    outer loop
      vertex 9.28581 0.225599 1
      vertex 9.3 0 0
      vertex 9.3 0 1
    endloop
  endfacet
  facet normal -0.90482 0.425794 0
    outer loop
      vertex 9.07735 -0.867156 0
      vertex 9.1736 -0.662623 1
      vertex 9.1736 -0.662623 0
    endloop
  endfacet
  facet normal -0.90482 0.425794 0
    outer loop
      vertex 9.1736 -0.662623 1
      vertex 9.07735 -0.867156 0
      vertex 9.07735 -0.867156 1
    endloop
  endfacet
  facet normal 0.248714 0.968577 -0
    outer loop
      vertex 7.16271 -1.76812 0
      vertex 6.94377 -1.7119 1
      vertex 7.16271 -1.76812 1
    endloop
  endfacet
  facet normal 0.248714 0.968577 0
    outer loop
      vertex 6.94377 -1.7119 1
      vertex 7.16271 -1.76812 0
      vertex 6.94377 -1.7119 0
    endloop
  endfacet
  facet normal -0.248714 0.968577 0
    outer loop
      vertex 8.05623 -1.7119 0
      vertex 7.83729 -1.76812 1
      vertex 8.05623 -1.7119 1
    endloop
  endfacet
  facet normal -0.248714 0.968577 0
    outer loop
      vertex 7.83729 -1.76812 1
      vertex 8.05623 -1.7119 0
      vertex 7.83729 -1.76812 0
    endloop
  endfacet
  facet normal -0.770504 -0.637435 0
    outer loop
      vertex 8.95623 1.05801 0
      vertex 8.81214 1.23218 1
      vertex 8.81214 1.23218 0
    endloop
  endfacet
  facet normal -0.770504 -0.637435 0
    outer loop
      vertex 8.81214 1.23218 1
      vertex 8.95623 1.05801 0
      vertex 8.95623 1.05801 1
    endloop
  endfacet
  facet normal 0 -1 0
    outer loop
      vertex 7.38698 1.79645 0
      vertex 7.61302 1.79645 1
      vertex 7.38698 1.79645 1
    endloop
  endfacet
  facet normal 0 -1 -0
    outer loop
      vertex 7.61302 1.79645 1
      vertex 7.38698 1.79645 0
      vertex 7.61302 1.79645 0
    endloop
  endfacet
  facet normal -0.481751 -0.876308 0
    outer loop
      vertex 8.2664 1.62869 0
      vertex 8.46449 1.51979 1
      vertex 8.2664 1.62869 1
    endloop
  endfacet
  facet normal -0.481751 -0.876308 -0
    outer loop
      vertex 8.46449 1.51979 1
      vertex 8.2664 1.62869 0
      vertex 8.46449 1.51979 0
    endloop
  endfacet
  facet normal 0.998028 -0.0627752 0
    outer loop
      vertex 5.7 0 1
      vertex 5.71419 0.225599 0
      vertex 5.71419 0.225599 1
    endloop
  endfacet
  facet normal 0.998028 -0.0627752 0
    outer loop
      vertex 5.71419 0.225599 0
      vertex 5.7 0 1
      vertex 5.7 0 0
    endloop
  endfacet
  facet normal 0.844327 -0.535828 0
    outer loop
      vertex 5.92265 0.867156 1
      vertex 6.04377 1.05801 0
      vertex 6.04377 1.05801 1
    endloop
  endfacet
  facet normal 0.844327 -0.535828 0
    outer loop
      vertex 6.04377 1.05801 0
      vertex 5.92265 0.867156 1
      vertex 5.92265 0.867156 0
    endloop
  endfacet
  facet normal 0.125325 -0.992116 0
    outer loop
      vertex 7.16271 1.76812 0
      vertex 7.38698 1.79645 1
      vertex 7.16271 1.76812 1
    endloop
  endfacet
  facet normal 0.125325 -0.992116 0
    outer loop
      vertex 7.38698 1.79645 1
      vertex 7.16271 1.76812 0
      vertex 7.38698 1.79645 0
    endloop
  endfacet
  facet normal 0.248714 -0.968577 0
    outer loop
      vertex 6.94377 1.7119 0
      vertex 7.16271 1.76812 1
      vertex 6.94377 1.7119 1
    endloop
  endfacet
  facet normal 0.248714 -0.968577 0
    outer loop
      vertex 7.16271 1.76812 1
      vertex 6.94377 1.7119 0
      vertex 7.16271 1.76812 0
    endloop
  endfacet
  facet normal 0.481751 -0.876308 0
    outer loop
      vertex 6.53551 1.51979 0
      vertex 6.7336 1.62869 1
      vertex 6.53551 1.51979 1
    endloop
  endfacet
  facet normal 0.481751 -0.876308 0
    outer loop
      vertex 6.7336 1.62869 1
      vertex 6.53551 1.51979 0
      vertex 6.7336 1.62869 0
    endloop
  endfacet
  facet normal 0.587806 -0.809002 0
    outer loop
      vertex 6.35264 1.38692 0
      vertex 6.53551 1.51979 1
      vertex 6.35264 1.38692 1
    endloop
  endfacet
  facet normal 0.587806 -0.809002 0
    outer loop
      vertex 6.53551 1.51979 1
      vertex 6.35264 1.38692 0
      vertex 6.53551 1.51979 0
    endloop
  endfacet
  facet normal -0.982285 0.187395 0
    outer loop
      vertex 9.24345 -0.447641 0
      vertex 9.28581 -0.225599 1
      vertex 9.28581 -0.225599 0
    endloop
  endfacet
  facet normal -0.982285 0.187395 0
    outer loop
      vertex 9.28581 -0.225599 1
      vertex 9.24345 -0.447641 0
      vertex 9.24345 -0.447641 1
    endloop
  endfacet
  facet normal -0.125325 0.992116 0
    outer loop
      vertex 7.83729 -1.76812 0
      vertex 7.61302 -1.79645 1
      vertex 7.83729 -1.76812 1
    endloop
  endfacet
  facet normal -0.125325 0.992116 0
    outer loop
      vertex 7.61302 -1.79645 1
      vertex 7.83729 -1.76812 0
      vertex 7.61302 -1.79645 0
    endloop
  endfacet
  facet normal -0.90482 -0.425794 0
    outer loop
      vertex 9.1736 0.662623 0
      vertex 9.07735 0.867156 1
      vertex 9.07735 0.867156 0
    endloop
  endfacet
  facet normal -0.90482 -0.425794 0
    outer loop
      vertex 9.07735 0.867156 1
      vertex 9.1736 0.662623 0
      vertex 9.1736 0.662623 1
    endloop
  endfacet
  facet normal -0.951059 -0.309009 0
    outer loop
      vertex 9.24345 0.447641 0
      vertex 9.1736 0.662623 1
      vertex 9.1736 0.662623 0
    endloop
  endfacet
  facet normal -0.951059 -0.309009 0
    outer loop
      vertex 9.1736 0.662623 1
      vertex 9.24345 0.447641 0
      vertex 9.24345 0.447641 1
    endloop
  endfacet
  facet normal 0.982285 -0.187395 0
    outer loop
      vertex 5.71419 0.225599 1
      vertex 5.75655 0.447641 0
      vertex 5.75655 0.447641 1
    endloop
  endfacet
  facet normal 0.982285 -0.187395 0
    outer loop
      vertex 5.75655 0.447641 0
      vertex 5.71419 0.225599 1
      vertex 5.71419 0.225599 0
    endloop
  endfacet
  facet normal -0.481751 0.876308 0
    outer loop
      vertex 8.46449 -1.51979 0
      vertex 8.2664 -1.62869 1
      vertex 8.46449 -1.51979 1
    endloop
  endfacet
  facet normal -0.481751 0.876308 0
    outer loop
      vertex 8.2664 -1.62869 1
      vertex 8.46449 -1.51979 0
      vertex 8.2664 -1.62869 0
    endloop
  endfacet
  facet normal -0.68455 0.728966 0
    outer loop
      vertex 8.81214 -1.23218 0
      vertex 8.64736 -1.38692 1
      vertex 8.81214 -1.23218 1
    endloop
  endfacet
  facet normal -0.68455 0.728966 0
    outer loop
      vertex 8.64736 -1.38692 1
      vertex 8.81214 -1.23218 0
      vertex 8.64736 -1.38692 0
    endloop
  endfacet
  facet normal -0.770504 0.637435 0
    outer loop
      vertex 8.81214 -1.23218 0
      vertex 8.95623 -1.05801 1
      vertex 8.95623 -1.05801 0
    endloop
  endfacet
  facet normal -0.770504 0.637435 0
    outer loop
      vertex 8.95623 -1.05801 1
      vertex 8.81214 -1.23218 0
      vertex 8.81214 -1.23218 1
    endloop
  endfacet
  facet normal 0.125325 0.992116 -0
    outer loop
      vertex 7.38698 -1.79645 0
      vertex 7.16271 -1.76812 1
      vertex 7.38698 -1.79645 1
    endloop
  endfacet
  facet normal 0.125325 0.992116 0
    outer loop
      vertex 7.16271 -1.76812 1
      vertex 7.38698 -1.79645 0
      vertex 7.16271 -1.76812 0
    endloop
  endfacet
  facet normal 0.998028 0.0627752 0
    outer loop
      vertex 5.71419 -0.225599 1
      vertex 5.7 0 0
      vertex 5.7 0 1
    endloop
  endfacet
  facet normal 0.998028 0.0627752 0
    outer loop
      vertex 5.7 0 0
      vertex 5.71419 -0.225599 1
      vertex 5.71419 -0.225599 0
    endloop
  endfacet
  facet normal 0.951059 0.309009 0
    outer loop
      vertex 5.8264 -0.662623 1
      vertex 5.75655 -0.447641 0
      vertex 5.75655 -0.447641 1
    endloop
  endfacet
  facet normal 0.951059 0.309009 0
    outer loop
      vertex 5.75655 -0.447641 0
      vertex 5.8264 -0.662623 1
      vertex 5.8264 -0.662623 0
    endloop
  endfacet
  facet normal 0.770504 0.637435 0
    outer loop
      vertex 6.18786 -1.23218 1
      vertex 6.04377 -1.05801 0
      vertex 6.04377 -1.05801 1
    endloop
  endfacet
  facet normal 0.770504 0.637435 0
    outer loop
      vertex 6.04377 -1.05801 0
      vertex 6.18786 -1.23218 1
      vertex 6.18786 -1.23218 0
    endloop
  endfacet
  facet normal -0.951059 0.309009 0
    outer loop
      vertex 9.1736 -0.662623 0
      vertex 9.24345 -0.447641 1
      vertex 9.24345 -0.447641 0
    endloop
  endfacet
  facet normal -0.951059 0.309009 0
    outer loop
      vertex 9.24345 -0.447641 1
      vertex 9.1736 -0.662623 0
      vertex 9.1736 -0.662623 1
    endloop
  endfacet
  facet normal -0.587806 0.809002 0
    outer loop
      vertex 8.64736 -1.38692 0
      vertex 8.46449 -1.51979 1
      vertex 8.64736 -1.38692 1
    endloop
  endfacet
  facet normal -0.587806 0.809002 0
    outer loop
      vertex 8.46449 -1.51979 1
      vertex 8.64736 -1.38692 0
      vertex 8.46449 -1.51979 0
    endloop
  endfacet
  facet normal -0.844327 0.535828 0
    outer loop
      vertex 8.95623 -1.05801 0
      vertex 9.07735 -0.867156 1
      vertex 9.07735 -0.867156 0
    endloop
  endfacet
  facet normal -0.844327 0.535828 0
    outer loop
      vertex 9.07735 -0.867156 1
      vertex 8.95623 -1.05801 0
      vertex 8.95623 -1.05801 1
    endloop
  endfacet
  facet normal 0.587806 0.809002 -0
    outer loop
      vertex 6.53551 -1.51979 0
      vertex 6.35264 -1.38692 1
      vertex 6.53551 -1.51979 1
    endloop
  endfacet
  facet normal 0.587806 0.809002 0
    outer loop
      vertex 6.35264 -1.38692 1
      vertex 6.53551 -1.51979 0
      vertex 6.35264 -1.38692 0
    endloop
  endfacet
  facet normal 0 1 -0
    outer loop
      vertex 7.61302 -1.79645 0
      vertex 7.38698 -1.79645 1
      vertex 7.61302 -1.79645 1
    endloop
  endfacet
  facet normal 0 1 0
    outer loop
      vertex 7.38698 -1.79645 1
      vertex 7.61302 -1.79645 0
      vertex 7.38698 -1.79645 0
    endloop
  endfacet
  facet normal 0.982285 0.187395 0
    outer loop
      vertex 5.75655 -0.447641 1
      vertex 5.71419 -0.225599 0
      vertex 5.71419 -0.225599 1
    endloop
  endfacet
  facet normal 0.982285 0.187395 0
    outer loop
      vertex 5.71419 -0.225599 0
      vertex 5.75655 -0.447641 1
      vertex 5.75655 -0.447641 0
    endloop
  endfacet
  facet normal 0.68455 0.728966 -0
    outer loop
      vertex 6.35264 -1.38692 0
      vertex 6.18786 -1.23218 1
      vertex 6.35264 -1.38692 1
    endloop
  endfacet
  facet normal 0.68455 0.728966 0
    outer loop
      vertex 6.18786 -1.23218 1
      vertex 6.35264 -1.38692 0
      vertex 6.18786 -1.23218 0
    endloop
  endfacet
  facet normal 0.90482 0.425794 0
    outer loop
      vertex 5.92265 -0.867156 1
      vertex 5.8264 -0.662623 0
      vertex 5.8264 -0.662623 1
    endloop
  endfacet
  facet normal 0.90482 0.425794 0
    outer loop
      vertex 5.8264 -0.662623 0
      vertex 5.92265 -0.867156 1
      vertex 5.92265 -0.867156 0
    endloop
  endfacet
  facet normal 0.481751 0.876308 -0
    outer loop
      vertex 6.7336 -1.62869 0
      vertex 6.53551 -1.51979 1
      vertex 6.7336 -1.62869 1
    endloop
  endfacet
  facet normal 0.481751 0.876308 0
    outer loop
      vertex 6.53551 -1.51979 1
      vertex 6.7336 -1.62869 0
      vertex 6.53551 -1.51979 0
    endloop
  endfacet
  facet normal 0.368116 0.92978 -0
    outer loop
      vertex 6.94377 -1.7119 0
      vertex 6.7336 -1.62869 1
      vertex 6.94377 -1.7119 1
    endloop
  endfacet
  facet normal 0.368116 0.92978 0
    outer loop
      vertex 6.7336 -1.62869 1
      vertex 6.94377 -1.7119 0
      vertex 6.7336 -1.62869 0
    endloop
  endfacet
  facet normal 0.844327 0.535828 0
    outer loop
      vertex 6.04377 -1.05801 1
      vertex 5.92265 -0.867156 0
      vertex 5.92265 -0.867156 1
    endloop
  endfacet
  facet normal 0.844327 0.535828 0
    outer loop
      vertex 5.92265 -0.867156 0
      vertex 6.04377 -1.05801 1
      vertex 6.04377 -1.05801 0
    endloop
  endfacet
  facet normal 0.950994 -0.30921 0
    outer loop
      vertex 20.7565 0.447641 1
      vertex 20.8264 0.662623 0
      vertex 20.8264 0.662623 1
    endloop
  endfacet
  facet normal 0.950994 -0.30921 0
    outer loop
      vertex 20.8264 0.662623 0
      vertex 20.7565 0.447641 1
      vertex 20.7565 0.447641 0
    endloop
  endfacet
  facet normal -0.844167 -0.53608 0
    outer loop
      vertex 24.0774 0.867156 0
      vertex 23.9562 1.05801 1
      vertex 23.9562 1.05801 0
    endloop
  endfacet
  facet normal -0.844167 -0.53608 0
    outer loop
      vertex 23.9562 1.05801 1
      vertex 24.0774 0.867156 0
      vertex 24.0774 0.867156 1
    endloop
  endfacet
  facet normal -0.248756 -0.968566 0
    outer loop
      vertex 22.8373 1.76812 0
      vertex 23.0562 1.7119 1
      vertex 22.8373 1.76812 1
    endloop
  endfacet
  facet normal -0.248756 -0.968566 -0
    outer loop
      vertex 23.0562 1.7119 1
      vertex 22.8373 1.76812 0
      vertex 23.0562 1.7119 0
    endloop
  endfacet
  facet normal -0.368071 -0.929798 0
    outer loop
      vertex 23.0562 1.7119 0
      vertex 23.2664 1.62869 1
      vertex 23.0562 1.7119 1
    endloop
  endfacet
  facet normal -0.368071 -0.929798 -0
    outer loop
      vertex 23.2664 1.62869 1
      vertex 23.0562 1.7119 0
      vertex 23.2664 1.62869 0
    endloop
  endfacet
  facet normal 0.368071 -0.929798 0
    outer loop
      vertex 21.7336 1.62869 0
      vertex 21.9438 1.7119 1
      vertex 21.7336 1.62869 1
    endloop
  endfacet
  facet normal 0.368071 -0.929798 0
    outer loop
      vertex 21.9438 1.7119 1
      vertex 21.7336 1.62869 0
      vertex 21.9438 1.7119 0
    endloop
  endfacet
  facet normal 0.904905 -0.425613 0
    outer loop
      vertex 20.8264 0.662623 1
      vertex 20.9226 0.867156 0
      vertex 20.9226 0.867156 1
    endloop
  endfacet
  facet normal 0.904905 -0.425613 0
    outer loop
      vertex 20.9226 0.867156 0
      vertex 20.8264 0.662623 1
      vertex 20.8264 0.662623 0
    endloop
  endfacet
  facet normal -0.982333 0.187139 0
    outer loop
      vertex 24.2435 -0.447641 0
      vertex 24.2858 -0.225599 1
      vertex 24.2858 -0.225599 0
    endloop
  endfacet
  facet normal -0.982333 0.187139 0
    outer loop
      vertex 24.2858 -0.225599 1
      vertex 24.2435 -0.447641 0
      vertex 24.2435 -0.447641 1
    endloop
  endfacet
  facet normal -0.684727 -0.7288 0
    outer loop
      vertex 23.6474 1.38692 0
      vertex 23.8121 1.23218 1
      vertex 23.6474 1.38692 1
    endloop
  endfacet
  facet normal -0.684727 -0.7288 -0
    outer loop
      vertex 23.8121 1.23218 1
      vertex 23.6474 1.38692 0
      vertex 23.8121 1.23218 0
    endloop
  endfacet
  facet normal -0.587743 -0.809048 0
    outer loop
      vertex 23.4645 1.51979 0
      vertex 23.6474 1.38692 1
      vertex 23.4645 1.51979 1
    endloop
  endfacet
  facet normal -0.587743 -0.809048 -0
    outer loop
      vertex 23.6474 1.38692 1
      vertex 23.4645 1.51979 0
      vertex 23.6474 1.38692 0
    endloop
  endfacet
  facet normal 0.982333 -0.187139 0
    outer loop
      vertex 20.7142 0.225599 1
      vertex 20.7565 0.447641 0
      vertex 20.7565 0.447641 1
    endloop
  endfacet
  facet normal 0.982333 -0.187139 0
    outer loop
      vertex 20.7565 0.447641 0
      vertex 20.7142 0.225599 1
      vertex 20.7142 0.225599 0
    endloop
  endfacet
  facet normal 0.770483 -0.637461 0
    outer loop
      vertex 21.0438 1.05801 1
      vertex 21.1879 1.23218 0
      vertex 21.1879 1.23218 1
    endloop
  endfacet
  facet normal 0.770483 -0.637461 0
    outer loop
      vertex 21.1879 1.23218 0
      vertex 21.0438 1.05801 1
      vertex 21.0438 1.05801 0
    endloop
  endfacet
  facet normal 0.248756 -0.968566 0
    outer loop
      vertex 21.9438 1.7119 0
      vertex 22.1627 1.76812 1
      vertex 21.9438 1.7119 1
    endloop
  endfacet
  facet normal 0.248756 -0.968566 0
    outer loop
      vertex 22.1627 1.76812 1
      vertex 21.9438 1.7119 0
      vertex 22.1627 1.76812 0
    endloop
  endfacet
  facet normal 0.684727 -0.7288 0
    outer loop
      vertex 21.1879 1.23218 0
      vertex 21.3526 1.38692 1
      vertex 21.1879 1.23218 1
    endloop
  endfacet
  facet normal 0.684727 -0.7288 0
    outer loop
      vertex 21.3526 1.38692 1
      vertex 21.1879 1.23218 0
      vertex 21.3526 1.38692 0
    endloop
  endfacet
  facet normal -0.998025 -0.0628192 0
    outer loop
      vertex 24.3 0 0
      vertex 24.2858 0.225599 1
      vertex 24.2858 0.225599 0
    endloop
  endfacet
  facet normal -0.998025 -0.0628192 0
    outer loop
      vertex 24.2858 0.225599 1
      vertex 24.3 0 0
      vertex 24.3 0 1
    endloop
  endfacet
  facet normal -0.481732 0.876319 0
    outer loop
      vertex 23.4645 -1.51979 0
      vertex 23.2664 -1.62869 1
      vertex 23.4645 -1.51979 1
    endloop
  endfacet
  facet normal -0.481732 0.876319 0
    outer loop
      vertex 23.2664 -1.62869 1
      vertex 23.4645 -1.51979 0
      vertex 23.2664 -1.62869 0
    endloop
  endfacet
  facet normal -0.770483 -0.637461 0
    outer loop
      vertex 23.9562 1.05801 0
      vertex 23.8121 1.23218 1
      vertex 23.8121 1.23218 0
    endloop
  endfacet
  facet normal -0.770483 -0.637461 0
    outer loop
      vertex 23.8121 1.23218 1
      vertex 23.9562 1.05801 0
      vertex 23.9562 1.05801 1
    endloop
  endfacet
  facet normal 0 -1 0
    outer loop
      vertex 22.387 1.79645 0
      vertex 22.613 1.79645 1
      vertex 22.387 1.79645 1
    endloop
  endfacet
  facet normal 0 -1 -0
    outer loop
      vertex 22.613 1.79645 1
      vertex 22.387 1.79645 0
      vertex 22.613 1.79645 0
    endloop
  endfacet
  facet normal -0.481732 -0.876319 0
    outer loop
      vertex 23.2664 1.62869 0
      vertex 23.4645 1.51979 1
      vertex 23.2664 1.62869 1
    endloop
  endfacet
  facet normal -0.481732 -0.876319 -0
    outer loop
      vertex 23.4645 1.51979 1
      vertex 23.2664 1.62869 0
      vertex 23.4645 1.51979 0
    endloop
  endfacet
  facet normal 0.998025 -0.0628192 0
    outer loop
      vertex 20.7 0 1
      vertex 20.7142 0.225599 0
      vertex 20.7142 0.225599 1
    endloop
  endfacet
  facet normal 0.998025 -0.0628192 0
    outer loop
      vertex 20.7142 0.225599 0
      vertex 20.7 0 1
      vertex 20.7 0 0
    endloop
  endfacet
  facet normal 0.844167 -0.53608 0
    outer loop
      vertex 20.9226 0.867156 1
      vertex 21.0438 1.05801 0
      vertex 21.0438 1.05801 1
    endloop
  endfacet
  facet normal 0.844167 -0.53608 0
    outer loop
      vertex 21.0438 1.05801 0
      vertex 20.9226 0.867156 1
      vertex 20.9226 0.867156 0
    endloop
  endfacet
  facet normal 0.125309 -0.992118 0
    outer loop
      vertex 22.1627 1.76812 0
      vertex 22.387 1.79645 1
      vertex 22.1627 1.76812 1
    endloop
  endfacet
  facet normal 0.125309 -0.992118 0
    outer loop
      vertex 22.387 1.79645 1
      vertex 22.1627 1.76812 0
      vertex 22.387 1.79645 0
    endloop
  endfacet
  facet normal 0.587743 -0.809048 0
    outer loop
      vertex 21.3526 1.38692 0
      vertex 21.5355 1.51979 1
      vertex 21.3526 1.38692 1
    endloop
  endfacet
  facet normal 0.587743 -0.809048 0
    outer loop
      vertex 21.5355 1.51979 1
      vertex 21.3526 1.38692 0
      vertex 21.5355 1.51979 0
    endloop
  endfacet
  facet normal 0.481732 -0.876319 0
    outer loop
      vertex 21.5355 1.51979 0
      vertex 21.7336 1.62869 1
      vertex 21.5355 1.51979 1
    endloop
  endfacet
  facet normal 0.481732 -0.876319 0
    outer loop
      vertex 21.7336 1.62869 1
      vertex 21.5355 1.51979 0
      vertex 21.7336 1.62869 0
    endloop
  endfacet
  facet normal 0 1 -0
    outer loop
      vertex 22.613 -1.79645 0
      vertex 22.387 -1.79645 1
      vertex 22.613 -1.79645 1
    endloop
  endfacet
  facet normal 0 1 0
    outer loop
      vertex 22.387 -1.79645 1
      vertex 22.613 -1.79645 0
      vertex 22.387 -1.79645 0
    endloop
  endfacet
  facet normal 0.950994 0.30921 0
    outer loop
      vertex 20.8264 -0.662623 1
      vertex 20.7565 -0.447641 0
      vertex 20.7565 -0.447641 1
    endloop
  endfacet
  facet normal 0.950994 0.30921 0
    outer loop
      vertex 20.7565 -0.447641 0
      vertex 20.8264 -0.662623 1
      vertex 20.8264 -0.662623 0
    endloop
  endfacet
  facet normal 0.904905 0.425613 0
    outer loop
      vertex 20.9226 -0.867156 1
      vertex 20.8264 -0.662623 0
      vertex 20.8264 -0.662623 1
    endloop
  endfacet
  facet normal 0.904905 0.425613 0
    outer loop
      vertex 20.8264 -0.662623 0
      vertex 20.9226 -0.867156 1
      vertex 20.9226 -0.867156 0
    endloop
  endfacet
  facet normal -0.125309 0.992118 0
    outer loop
      vertex 22.8373 -1.76812 0
      vertex 22.613 -1.79645 1
      vertex 22.8373 -1.76812 1
    endloop
  endfacet
  facet normal -0.125309 0.992118 0
    outer loop
      vertex 22.613 -1.79645 1
      vertex 22.8373 -1.76812 0
      vertex 22.613 -1.79645 0
    endloop
  endfacet
  facet normal -0.368071 0.929798 0
    outer loop
      vertex 23.2664 -1.62869 0
      vertex 23.0562 -1.7119 1
      vertex 23.2664 -1.62869 1
    endloop
  endfacet
  facet normal -0.368071 0.929798 0
    outer loop
      vertex 23.0562 -1.7119 1
      vertex 23.2664 -1.62869 0
      vertex 23.0562 -1.7119 0
    endloop
  endfacet
  facet normal -0.904905 -0.425613 0
    outer loop
      vertex 24.1736 0.662623 0
      vertex 24.0774 0.867156 1
      vertex 24.0774 0.867156 0
    endloop
  endfacet
  facet normal -0.904905 -0.425613 0
    outer loop
      vertex 24.0774 0.867156 1
      vertex 24.1736 0.662623 0
      vertex 24.1736 0.662623 1
    endloop
  endfacet
  facet normal -0.950994 -0.30921 0
    outer loop
      vertex 24.2435 0.447641 0
      vertex 24.1736 0.662623 1
      vertex 24.1736 0.662623 0
    endloop
  endfacet
  facet normal -0.950994 -0.30921 0
    outer loop
      vertex 24.1736 0.662623 1
      vertex 24.2435 0.447641 0
      vertex 24.2435 0.447641 1
    endloop
  endfacet
  facet normal -0.982333 -0.187139 0
    outer loop
      vertex 24.2858 0.225599 0
      vertex 24.2435 0.447641 1
      vertex 24.2435 0.447641 0
    endloop
  endfacet
  facet normal -0.982333 -0.187139 0
    outer loop
      vertex 24.2435 0.447641 1
      vertex 24.2858 0.225599 0
      vertex 24.2858 0.225599 1
    endloop
  endfacet
  facet normal -0.125309 -0.992118 0
    outer loop
      vertex 22.613 1.79645 0
      vertex 22.8373 1.76812 1
      vertex 22.613 1.79645 1
    endloop
  endfacet
  facet normal -0.125309 -0.992118 -0
    outer loop
      vertex 22.8373 1.76812 1
      vertex 22.613 1.79645 0
      vertex 22.8373 1.76812 0
    endloop
  endfacet
  facet normal -0.998025 0.0628192 0
    outer loop
      vertex 24.2858 -0.225599 0
      vertex 24.3 0 1
      vertex 24.3 0 0
    endloop
  endfacet
  facet normal -0.998025 0.0628192 0
    outer loop
      vertex 24.3 0 1
      vertex 24.2858 -0.225599 0
      vertex 24.2858 -0.225599 1
    endloop
  endfacet
  facet normal -0.904905 0.425613 0
    outer loop
      vertex 24.0774 -0.867156 0
      vertex 24.1736 -0.662623 1
      vertex 24.1736 -0.662623 0
    endloop
  endfacet
  facet normal -0.904905 0.425613 0
    outer loop
      vertex 24.1736 -0.662623 1
      vertex 24.0774 -0.867156 0
      vertex 24.0774 -0.867156 1
    endloop
  endfacet
  facet normal -0.950994 0.30921 0
    outer loop
      vertex 24.1736 -0.662623 0
      vertex 24.2435 -0.447641 1
      vertex 24.2435 -0.447641 0
    endloop
  endfacet
  facet normal -0.950994 0.30921 0
    outer loop
      vertex 24.2435 -0.447641 1
      vertex 24.1736 -0.662623 0
      vertex 24.1736 -0.662623 1
    endloop
  endfacet
  facet normal -0.684727 0.7288 0
    outer loop
      vertex 23.8121 -1.23218 0
      vertex 23.6474 -1.38692 1
      vertex 23.8121 -1.23218 1
    endloop
  endfacet
  facet normal -0.684727 0.7288 0
    outer loop
      vertex 23.6474 -1.38692 1
      vertex 23.8121 -1.23218 0
      vertex 23.6474 -1.38692 0
    endloop
  endfacet
  facet normal -0.770483 0.637461 0
    outer loop
      vertex 23.8121 -1.23218 0
      vertex 23.9562 -1.05801 1
      vertex 23.9562 -1.05801 0
    endloop
  endfacet
  facet normal -0.770483 0.637461 0
    outer loop
      vertex 23.9562 -1.05801 1
      vertex 23.8121 -1.23218 0
      vertex 23.8121 -1.23218 1
    endloop
  endfacet
  facet normal -0.844167 0.53608 0
    outer loop
      vertex 23.9562 -1.05801 0
      vertex 24.0774 -0.867156 1
      vertex 24.0774 -0.867156 0
    endloop
  endfacet
  facet normal -0.844167 0.53608 0
    outer loop
      vertex 24.0774 -0.867156 1
      vertex 23.9562 -1.05801 0
      vertex 23.9562 -1.05801 1
    endloop
  endfacet
  facet normal 0.844167 0.53608 0
    outer loop
      vertex 21.0438 -1.05801 1
      vertex 20.9226 -0.867156 0
      vertex 20.9226 -0.867156 1
    endloop
  endfacet
  facet normal 0.844167 0.53608 0
    outer loop
      vertex 20.9226 -0.867156 0
      vertex 21.0438 -1.05801 1
      vertex 21.0438 -1.05801 0
    endloop
  endfacet
  facet normal -0.248756 0.968566 0
    outer loop
      vertex 23.0562 -1.7119 0
      vertex 22.8373 -1.76812 1
      vertex 23.0562 -1.7119 1
    endloop
  endfacet
  facet normal -0.248756 0.968566 0
    outer loop
      vertex 22.8373 -1.76812 1
      vertex 23.0562 -1.7119 0
      vertex 22.8373 -1.76812 0
    endloop
  endfacet
  facet normal -0.587743 0.809048 0
    outer loop
      vertex 23.6474 -1.38692 0
      vertex 23.4645 -1.51979 1
      vertex 23.6474 -1.38692 1
    endloop
  endfacet
  facet normal -0.587743 0.809048 0
    outer loop
      vertex 23.4645 -1.51979 1
      vertex 23.6474 -1.38692 0
      vertex 23.4645 -1.51979 0
    endloop
  endfacet
  facet normal 0.587743 0.809048 -0
    outer loop
      vertex 21.5355 -1.51979 0
      vertex 21.3526 -1.38692 1
      vertex 21.5355 -1.51979 1
    endloop
  endfacet
  facet normal 0.587743 0.809048 0
    outer loop
      vertex 21.3526 -1.38692 1
      vertex 21.5355 -1.51979 0
      vertex 21.3526 -1.38692 0
    endloop
  endfacet
  facet normal 0.248756 0.968566 -0
    outer loop
      vertex 22.1627 -1.76812 0
      vertex 21.9438 -1.7119 1
      vertex 22.1627 -1.76812 1
    endloop
  endfacet
  facet normal 0.248756 0.968566 0
    outer loop
      vertex 21.9438 -1.7119 1
      vertex 22.1627 -1.76812 0
      vertex 21.9438 -1.7119 0
    endloop
  endfacet
  facet normal 0.125309 0.992118 -0
    outer loop
      vertex 22.387 -1.79645 0
      vertex 22.1627 -1.76812 1
      vertex 22.387 -1.79645 1
    endloop
  endfacet
  facet normal 0.125309 0.992118 0
    outer loop
      vertex 22.1627 -1.76812 1
      vertex 22.387 -1.79645 0
      vertex 22.1627 -1.76812 0
    endloop
  endfacet
  facet normal 0.684727 0.7288 -0
    outer loop
      vertex 21.3526 -1.38692 0
      vertex 21.1879 -1.23218 1
      vertex 21.3526 -1.38692 1
    endloop
  endfacet
  facet normal 0.684727 0.7288 0
    outer loop
      vertex 21.1879 -1.23218 1
      vertex 21.3526 -1.38692 0
      vertex 21.1879 -1.23218 0
    endloop
  endfacet
  facet normal 0.982333 0.187139 0
    outer loop
      vertex 20.7565 -0.447641 1
      vertex 20.7142 -0.225599 0
      vertex 20.7142 -0.225599 1
    endloop
  endfacet
  facet normal 0.982333 0.187139 0
    outer loop
      vertex 20.7142 -0.225599 0
      vertex 20.7565 -0.447641 1
      vertex 20.7565 -0.447641 0
    endloop
  endfacet
  facet normal 0.998025 0.0628192 0
    outer loop
      vertex 20.7142 -0.225599 1
      vertex 20.7 0 0
      vertex 20.7 0 1
    endloop
  endfacet
  facet normal 0.998025 0.0628192 0
    outer loop
      vertex 20.7 0 0
      vertex 20.7142 -0.225599 1
      vertex 20.7142 -0.225599 0
    endloop
  endfacet
  facet normal 0.481732 0.876319 -0
    outer loop
      vertex 21.7336 -1.62869 0
      vertex 21.5355 -1.51979 1
      vertex 21.7336 -1.62869 1
    endloop
  endfacet
  facet normal 0.481732 0.876319 0
    outer loop
      vertex 21.5355 -1.51979 1
      vertex 21.7336 -1.62869 0
      vertex 21.5355 -1.51979 0
    endloop
  endfacet
  facet normal 0.368071 0.929798 -0
    outer loop
      vertex 21.9438 -1.7119 0
      vertex 21.7336 -1.62869 1
      vertex 21.9438 -1.7119 1
    endloop
  endfacet
  facet normal 0.368071 0.929798 0
    outer loop
      vertex 21.7336 -1.62869 1
      vertex 21.9438 -1.7119 0
      vertex 21.7336 -1.62869 0
    endloop
  endfacet
  facet normal 0.770483 0.637461 0
    outer loop
      vertex 21.1879 -1.23218 1
      vertex 21.0438 -1.05801 0
      vertex 21.0438 -1.05801 1
    endloop
  endfacet
  facet normal 0.770483 0.637461 0
    outer loop
      vertex 21.0438 -1.05801 0
      vertex 21.1879 -1.23218 1
      vertex 21.1879 -1.23218 0
    endloop
  endfacet
endsolid OpenSCAD_Model
