solid OpenSCAD_Model
  facet normal -1 0 0
    outer loop
      vertex -22 -2 0
      vertex -22 2 3
      vertex -22 2 0
    endloop
  endfacet
  facet normal -1 -0 0
    outer loop
      vertex -22 2 3
      vertex -22 -2 0
      vertex -22 -2 3
    endloop
  endfacet
  facet normal -0.904797 -0.425843 0
    outer loop
      vertex -21.3815 -4.40877 0
      vertex -21.6489 -3.84062 3
      vertex -21.6489 -3.84062 0
    endloop
  endfacet
  facet normal -0.904797 -0.425843 0
    outer loop
      vertex -21.6489 -3.84062 3
      vertex -21.3815 -4.40877 0
      vertex -21.3815 -4.40877 3
    endloop
  endfacet
  facet normal 0 0 1
    outer loop
      vertex 18.0218 1.1964 3
      vertex 22 2 3
      vertex 21.9606 2.62667 3
    endloop
  endfacet
  facet normal 0 0 1
    outer loop
      vertex 22 2 3
      vertex 18.25 0 3
      vertex 22 -2 3
    endloop
  endfacet
  facet normal 0 0 1
    outer loop
      vertex 17.848 1.5657 3
      vertex 21.9606 2.62667 3
      vertex 21.8429 3.24345 3
    endloop
  endfacet
  facet normal -0 0 1
    outer loop
      vertex 18.2244 -0.407332 3
      vertex 22 -2 3
      vertex 18.25 0 3
    endloop
  endfacet
  facet normal 0 0 1
    outer loop
      vertex 17.848 1.5657 3
      vertex 21.8429 3.24345 3
      vertex 21.6489 3.84062 3
    endloop
  endfacet
  facet normal -0 0 1
    outer loop
      vertex 18.1479 -0.808242 3
      vertex 22 -2 3
      vertex 18.2244 -0.407332 3
    endloop
  endfacet
  facet normal 0 0 1
    outer loop
      vertex 17.6293 1.9103 3
      vertex 21.6489 3.84062 3
      vertex 21.3815 4.40877 3
    endloop
  endfacet
  facet normal -0 0 1
    outer loop
      vertex 18.0218 -1.1964 3
      vertex 22 -2 3
      vertex 18.1479 -0.808242 3
    endloop
  endfacet
  facet normal 0 0 1
    outer loop
      vertex 17.6293 1.9103 3
      vertex 21.3815 4.40877 3
      vertex 21.0451 4.93893 3
    endloop
  endfacet
  facet normal 0 0 1
    outer loop
      vertex 22 -2 3
      vertex 18.0218 -1.1964 3
      vertex 21.9606 -2.62667 3
    endloop
  endfacet
  facet normal 0 0 1
    outer loop
      vertex 17.3691 2.22478 3
      vertex 21.0451 4.93893 3
      vertex 20.6448 5.42274 3
    endloop
  endfacet
  facet normal -0 0 1
    outer loop
      vertex 17.848 -1.5657 3
      vertex 21.9606 -2.62667 3
      vertex 18.0218 -1.1964 3
    endloop
  endfacet
  facet normal 0 0 1
    outer loop
      vertex 17.3691 2.22478 3
      vertex 20.6448 5.42274 3
      vertex 20.1871 5.85257 3
    endloop
  endfacet
  facet normal 0 0 1
    outer loop
      vertex 21.9606 -2.62667 3
      vertex 17.848 -1.5657 3
      vertex 21.8429 -3.24345 3
    endloop
  endfacet
  facet normal 0 0 1
    outer loop
      vertex 17.0716 2.50417 3
      vertex 20.1871 5.85257 3
      vertex 19.6791 6.22164 3
    endloop
  endfacet
  facet normal 0 0 1
    outer loop
      vertex 21.8429 -3.24345 3
      vertex 17.848 -1.5657 3
      vertex 21.6489 -3.84062 3
    endloop
  endfacet
  facet normal 0 0 1
    outer loop
      vertex 17.0716 2.50417 3
      vertex 19.6791 6.22164 3
      vertex 19.1289 6.52413 3
    endloop
  endfacet
  facet normal -0 0 1
    outer loop
      vertex 17.6293 -1.9103 3
      vertex 21.6489 -3.84062 3
      vertex 17.848 -1.5657 3
    endloop
  endfacet
  facet normal 0 0 1
    outer loop
      vertex 16.7414 2.74407 3
      vertex 19.1289 6.52413 3
      vertex 18.5451 6.75528 3
    endloop
  endfacet
  facet normal 0 0 1
    outer loop
      vertex 21.6489 -3.84062 3
      vertex 17.6293 -1.9103 3
      vertex 21.3815 -4.40877 3
    endloop
  endfacet
  facet normal 0 0 1
    outer loop
      vertex 21.3815 -4.40877 3
      vertex 17.6293 -1.9103 3
      vertex 21.0451 -4.93893 3
    endloop
  endfacet
  facet normal 0 0 1
    outer loop
      vertex 22 2 3
      vertex 18.2244 0.407332 3
      vertex 18.25 0 3
    endloop
  endfacet
  facet normal 0 0 1
    outer loop
      vertex 22 2 3
      vertex 18.1479 0.808242 3
      vertex 18.2244 0.407332 3
    endloop
  endfacet
  facet normal 0 0 1
    outer loop
      vertex 22 2 3
      vertex 18.0218 1.1964 3
      vertex 18.1479 0.808242 3
    endloop
  endfacet
  facet normal 0 0 1
    outer loop
      vertex 16.7414 2.74407 3
      vertex 18.5451 6.75528 3
      vertex 17.9369 6.91144 3
    endloop
  endfacet
  facet normal 0 0 1
    outer loop
      vertex 21.9606 2.62667 3
      vertex 17.848 1.5657 3
      vertex 18.0218 1.1964 3
    endloop
  endfacet
  facet normal 0 0 1
    outer loop
      vertex 21.6489 3.84062 3
      vertex 17.6293 1.9103 3
      vertex 17.848 1.5657 3
    endloop
  endfacet
  facet normal 0 0 1
    outer loop
      vertex 21.0451 4.93893 3
      vertex 17.3691 2.22478 3
      vertex 17.6293 1.9103 3
    endloop
  endfacet
  facet normal 0 0 1
    outer loop
      vertex 16.3838 2.94069 3
      vertex 17.9369 6.91144 3
      vertex 17.314 6.99013 3
    endloop
  endfacet
  facet normal 0 0 1
    outer loop
      vertex 20.1871 5.85257 3
      vertex 17.0716 2.50417 3
      vertex 17.3691 2.22478 3
    endloop
  endfacet
  facet normal 0 0 1
    outer loop
      vertex 19.1289 6.52413 3
      vertex 16.7414 2.74407 3
      vertex 17.0716 2.50417 3
    endloop
  endfacet
  facet normal 0 0 1
    outer loop
      vertex 17.9369 6.91144 3
      vertex 16.3838 2.94069 3
      vertex 16.7414 2.74407 3
    endloop
  endfacet
  facet normal 0 0 1
    outer loop
      vertex 17.314 6.99013 3
      vertex 16.0043 3.09093 3
      vertex 16.3838 2.94069 3
    endloop
  endfacet
  facet normal 0 0 1
    outer loop
      vertex 17.314 6.99013 3
      vertex 15.609 3.19243 3
      vertex 16.0043 3.09093 3
    endloop
  endfacet
  facet normal 0 0 1
    outer loop
      vertex 17.314 6.99013 3
      vertex 15.2041 3.24359 3
      vertex 15.609 3.19243 3
    endloop
  endfacet
  facet normal 0 0 1
    outer loop
      vertex 17.314 6.99013 3
      vertex 14.7959 3.24359 3
      vertex 15.2041 3.24359 3
    endloop
  endfacet
  facet normal 0 0 1
    outer loop
      vertex 17.314 6.99013 3
      vertex 14.391 3.19243 3
      vertex 14.7959 3.24359 3
    endloop
  endfacet
  facet normal 0 0 1
    outer loop
      vertex 17.314 6.99013 3
      vertex 13.9957 3.09093 3
      vertex 14.391 3.19243 3
    endloop
  endfacet
  facet normal 0 0 1
    outer loop
      vertex 17.314 6.99013 3
      vertex 13.6162 2.94069 3
      vertex 13.9957 3.09093 3
    endloop
  endfacet
  facet normal 0 0 1
    outer loop
      vertex 17.314 6.99013 3
      vertex 13.2586 2.74407 3
      vertex 13.6162 2.94069 3
    endloop
  endfacet
  facet normal 0 0 1
    outer loop
      vertex 7.83729 1.76812 3
      vertex 13.2586 2.74407 3
      vertex 17.314 6.99013 3
    endloop
  endfacet
  facet normal 0 -0 1
    outer loop
      vertex 8.05623 1.7119 3
      vertex 13.2586 2.74407 3
      vertex 7.83729 1.76812 3
    endloop
  endfacet
  facet normal -0 0 1
    outer loop
      vertex 9.28581 0.225599 3
      vertex 11.75 0 3
      vertex 11.7756 0.407332 3
    endloop
  endfacet
  facet normal -0 0 1
    outer loop
      vertex 9.24345 0.447641 3
      vertex 11.7756 0.407332 3
      vertex 11.8521 0.808242 3
    endloop
  endfacet
  facet normal -0 0 1
    outer loop
      vertex 9.07735 0.867156 3
      vertex 11.8521 0.808242 3
      vertex 11.9782 1.1964 3
    endloop
  endfacet
  facet normal 0 0 1
    outer loop
      vertex 8.95623 1.05801 3
      vertex 11.9782 1.1964 3
      vertex 12.152 1.5657 3
    endloop
  endfacet
  facet normal 0 0 1
    outer loop
      vertex 8.81214 1.23218 3
      vertex 12.152 1.5657 3
      vertex 12.3707 1.9103 3
    endloop
  endfacet
  facet normal 0 0 1
    outer loop
      vertex 8.46449 1.51979 3
      vertex 12.3707 1.9103 3
      vertex 12.6309 2.22478 3
    endloop
  endfacet
  facet normal 0 0 1
    outer loop
      vertex 13.2586 2.74407 3
      vertex 8.05623 1.7119 3
      vertex 12.9284 2.50417 3
    endloop
  endfacet
  facet normal 0 0 1
    outer loop
      vertex 11.75 0 3
      vertex 9.28581 0.225599 3
      vertex 9.3 0 3
    endloop
  endfacet
  facet normal 0 0 1
    outer loop
      vertex 11.7756 0.407332 3
      vertex 9.24345 0.447641 3
      vertex 9.28581 0.225599 3
    endloop
  endfacet
  facet normal 0 0 1
    outer loop
      vertex 11.8521 0.808242 3
      vertex 9.1736 0.662623 3
      vertex 9.24345 0.447641 3
    endloop
  endfacet
  facet normal 0 0 1
    outer loop
      vertex 11.8521 0.808242 3
      vertex 9.07735 0.867156 3
      vertex 9.1736 0.662623 3
    endloop
  endfacet
  facet normal 0 0 1
    outer loop
      vertex 11.9782 1.1964 3
      vertex 8.95623 1.05801 3
      vertex 9.07735 0.867156 3
    endloop
  endfacet
  facet normal 0 0 1
    outer loop
      vertex 12.152 1.5657 3
      vertex 8.81214 1.23218 3
      vertex 8.95623 1.05801 3
    endloop
  endfacet
  facet normal 0 0 1
    outer loop
      vertex 12.3707 1.9103 3
      vertex 8.64736 1.38692 3
      vertex 8.81214 1.23218 3
    endloop
  endfacet
  facet normal 0 0 1
    outer loop
      vertex 12.3707 1.9103 3
      vertex 8.46449 1.51979 3
      vertex 8.64736 1.38692 3
    endloop
  endfacet
  facet normal 0 0 1
    outer loop
      vertex 12.6309 2.22478 3
      vertex 8.2664 1.62869 3
      vertex 8.46449 1.51979 3
    endloop
  endfacet
  facet normal 0 0 1
    outer loop
      vertex 12.9284 2.50417 3
      vertex 8.2664 1.62869 3
      vertex 12.6309 2.22478 3
    endloop
  endfacet
  facet normal 0 -0 1
    outer loop
      vertex 8.2664 1.62869 3
      vertex 12.9284 2.50417 3
      vertex 8.05623 1.7119 3
    endloop
  endfacet
  facet normal 0 0 1
    outer loop
      vertex 17.314 6.99013 3
      vertex 7.61302 1.79645 3
      vertex 7.83729 1.76812 3
    endloop
  endfacet
  facet normal 0 0 1
    outer loop
      vertex 17.314 6.99013 3
      vertex 7.38698 1.79645 3
      vertex 7.61302 1.79645 3
    endloop
  endfacet
  facet normal -0 0 1
    outer loop
      vertex 1.38378 2.94069 3
      vertex 7.38698 1.79645 3
      vertex 17.314 6.99013 3
    endloop
  endfacet
  facet normal 0 0 1
    outer loop
      vertex 7.38698 1.79645 3
      vertex 1.38378 2.94069 3
      vertex 7.16271 1.76812 3
    endloop
  endfacet
  facet normal -0 -0 1
    outer loop
      vertex 1.74144 2.74407 3
      vertex 7.16271 1.76812 3
      vertex 1.38378 2.94069 3
    endloop
  endfacet
  facet normal 0 0 1
    outer loop
      vertex 5.71419 0.225599 3
      vertex 3.25 0 3
      vertex 5.7 0 3
    endloop
  endfacet
  facet normal -0 0 1
    outer loop
      vertex 3.22437 0.407332 3
      vertex 5.71419 0.225599 3
      vertex 5.75655 0.447641 3
    endloop
  endfacet
  facet normal 0 0 1
    outer loop
      vertex 3.14789 0.808242 3
      vertex 5.75655 0.447641 3
      vertex 5.8264 0.662623 3
    endloop
  endfacet
  facet normal -0 0 1
    outer loop
      vertex 3.14789 0.808242 3
      vertex 5.8264 0.662623 3
      vertex 5.92265 0.867156 3
    endloop
  endfacet
  facet normal 0 0 1
    outer loop
      vertex 3.02177 1.1964 3
      vertex 5.92265 0.867156 3
      vertex 6.04377 1.05801 3
    endloop
  endfacet
  facet normal 0 0 1
    outer loop
      vertex 2.848 1.5657 3
      vertex 6.04377 1.05801 3
      vertex 6.18786 1.23218 3
    endloop
  endfacet
  facet normal 0 0 1
    outer loop
      vertex 2.6293 1.9103 3
      vertex 6.18786 1.23218 3
      vertex 6.35264 1.38692 3
    endloop
  endfacet
  facet normal 0 0 1
    outer loop
      vertex 2.6293 1.9103 3
      vertex 6.35264 1.38692 3
      vertex 6.53551 1.51979 3
    endloop
  endfacet
  facet normal 0 0 1
    outer loop
      vertex 2.36915 2.22478 3
      vertex 6.53551 1.51979 3
      vertex 6.7336 1.62869 3
    endloop
  endfacet
  facet normal 0 0 1
    outer loop
      vertex 7.16271 1.76812 3
      vertex 1.74144 2.74407 3
      vertex 6.94377 1.7119 3
    endloop
  endfacet
  facet normal 0 0 1
    outer loop
      vertex 5.71419 0.225599 3
      vertex 3.22437 0.407332 3
      vertex 3.25 0 3
    endloop
  endfacet
  facet normal 0 0 1
    outer loop
      vertex 5.75655 0.447641 3
      vertex 3.14789 0.808242 3
      vertex 3.22437 0.407332 3
    endloop
  endfacet
  facet normal 0 0 1
    outer loop
      vertex 5.92265 0.867156 3
      vertex 3.02177 1.1964 3
      vertex 3.14789 0.808242 3
    endloop
  endfacet
  facet normal 0 0 1
    outer loop
      vertex 6.04377 1.05801 3
      vertex 2.848 1.5657 3
      vertex 3.02177 1.1964 3
    endloop
  endfacet
  facet normal 0 0 1
    outer loop
      vertex 6.18786 1.23218 3
      vertex 2.6293 1.9103 3
      vertex 2.848 1.5657 3
    endloop
  endfacet
  facet normal 0 0 1
    outer loop
      vertex 6.53551 1.51979 3
      vertex 2.36915 2.22478 3
      vertex 2.6293 1.9103 3
    endloop
  endfacet
  facet normal 0 0 1
    outer loop
      vertex 6.7336 1.62869 3
      vertex 2.07163 2.50417 3
      vertex 2.36915 2.22478 3
    endloop
  endfacet
  facet normal 0 0 1
    outer loop
      vertex 6.94377 1.7119 3
      vertex 2.07163 2.50417 3
      vertex 6.7336 1.62869 3
    endloop
  endfacet
  facet normal -0 -0 1
    outer loop
      vertex 2.07163 2.50417 3
      vertex 6.94377 1.7119 3
      vertex 1.74144 2.74407 3
    endloop
  endfacet
  facet normal 0 0 1
    outer loop
      vertex 17.314 6.99013 3
      vertex 1.0043 3.09093 3
      vertex 1.38378 2.94069 3
    endloop
  endfacet
  facet normal 0 0 1
    outer loop
      vertex 17.314 6.99013 3
      vertex 0.608989 3.19243 3
      vertex 1.0043 3.09093 3
    endloop
  endfacet
  facet normal 0 0 1
    outer loop
      vertex 17.314 6.99013 3
      vertex 0.204069 3.24359 3
      vertex 0.608989 3.19243 3
    endloop
  endfacet
  facet normal 0 0 1
    outer loop
      vertex 17.314 6.99013 3
      vertex -0.204069 3.24359 3
      vertex 0.204069 3.24359 3
    endloop
  endfacet
  facet normal -0 0 1
    outer loop
      vertex -17.314 6.99013 3
      vertex -0.204069 3.24359 3
      vertex 17.314 6.99013 3
    endloop
  endfacet
  facet normal -0 0 1
    outer loop
      vertex -5.71419 0.225599 3
      vertex -3.25 0 3
      vertex -3.22437 0.407332 3
    endloop
  endfacet
  facet normal -0 0 1
    outer loop
      vertex -5.75655 0.447641 3
      vertex -3.22437 0.407332 3
      vertex -3.14789 0.808242 3
    endloop
  endfacet
  facet normal -0 0 1
    outer loop
      vertex -5.92265 0.867156 3
      vertex -3.14789 0.808242 3
      vertex -3.02177 1.1964 3
    endloop
  endfacet
  facet normal 0 0 1
    outer loop
      vertex -6.04377 1.05801 3
      vertex -3.02177 1.1964 3
      vertex -2.848 1.5657 3
    endloop
  endfacet
  facet normal 0 0 1
    outer loop
      vertex -6.18786 1.23218 3
      vertex -2.848 1.5657 3
      vertex -2.6293 1.9103 3
    endloop
  endfacet
  facet normal 0 0 1
    outer loop
      vertex -6.53551 1.51979 3
      vertex -2.6293 1.9103 3
      vertex -2.36915 2.22478 3
    endloop
  endfacet
  facet normal 0 0 1
    outer loop
      vertex -6.7336 1.62869 3
      vertex -2.36915 2.22478 3
      vertex -2.07163 2.50417 3
    endloop
  endfacet
  facet normal 0 0 1
    outer loop
      vertex -6.94377 1.7119 3
      vertex -2.07163 2.50417 3
      vertex -1.74144 2.74407 3
    endloop
  endfacet
  facet normal 0 0 1
    outer loop
      vertex -3.25 0 3
      vertex -5.71419 0.225599 3
      vertex -5.7 0 3
    endloop
  endfacet
  facet normal 0 0 1
    outer loop
      vertex -3.22437 0.407332 3
      vertex -5.75655 0.447641 3
      vertex -5.71419 0.225599 3
    endloop
  endfacet
  facet normal 0 0 1
    outer loop
      vertex -3.14789 0.808242 3
      vertex -5.8264 0.662623 3
      vertex -5.75655 0.447641 3
    endloop
  endfacet
  facet normal 0 0 1
    outer loop
      vertex -7.16271 1.76812 3
      vertex -1.74144 2.74407 3
      vertex -1.38378 2.94069 3
    endloop
  endfacet
  facet normal 0 0 1
    outer loop
      vertex -3.14789 0.808242 3
      vertex -5.92265 0.867156 3
      vertex -5.8264 0.662623 3
    endloop
  endfacet
  facet normal 0 0 1
    outer loop
      vertex -3.02177 1.1964 3
      vertex -6.04377 1.05801 3
      vertex -5.92265 0.867156 3
    endloop
  endfacet
  facet normal 0 0 1
    outer loop
      vertex -2.848 1.5657 3
      vertex -6.18786 1.23218 3
      vertex -6.04377 1.05801 3
    endloop
  endfacet
  facet normal 0 0 1
    outer loop
      vertex -17.314 6.99013 3
      vertex -1.38378 2.94069 3
      vertex -1.0043 3.09093 3
    endloop
  endfacet
  facet normal 0 0 1
    outer loop
      vertex -2.6293 1.9103 3
      vertex -6.35264 1.38692 3
      vertex -6.18786 1.23218 3
    endloop
  endfacet
  facet normal 0 0 1
    outer loop
      vertex -2.6293 1.9103 3
      vertex -6.53551 1.51979 3
      vertex -6.35264 1.38692 3
    endloop
  endfacet
  facet normal 0 0 1
    outer loop
      vertex -2.36915 2.22478 3
      vertex -6.7336 1.62869 3
      vertex -6.53551 1.51979 3
    endloop
  endfacet
  facet normal 0 0 1
    outer loop
      vertex -17.314 6.99013 3
      vertex -1.0043 3.09093 3
      vertex -0.608989 3.19243 3
    endloop
  endfacet
  facet normal 0 0 1
    outer loop
      vertex -2.07163 2.50417 3
      vertex -6.94377 1.7119 3
      vertex -6.7336 1.62869 3
    endloop
  endfacet
  facet normal 0 0 1
    outer loop
      vertex -1.74144 2.74407 3
      vertex -7.16271 1.76812 3
      vertex -6.94377 1.7119 3
    endloop
  endfacet
  facet normal 0 0 1
    outer loop
      vertex -1.38378 2.94069 3
      vertex -7.38698 1.79645 3
      vertex -7.16271 1.76812 3
    endloop
  endfacet
  facet normal 0 0 1
    outer loop
      vertex -0.204069 3.24359 3
      vertex -17.314 6.99013 3
      vertex -0.608989 3.19243 3
    endloop
  endfacet
  facet normal 0 0 1
    outer loop
      vertex -1.38378 2.94069 3
      vertex -17.314 6.99013 3
      vertex -7.38698 1.79645 3
    endloop
  endfacet
  facet normal 0 0 1
    outer loop
      vertex -7.38698 1.79645 3
      vertex -17.314 6.99013 3
      vertex -7.61302 1.79645 3
    endloop
  endfacet
  facet normal 0 0 1
    outer loop
      vertex -9.28581 0.225599 3
      vertex -11.75 0 3
      vertex -9.3 0 3
    endloop
  endfacet
  facet normal -0 0 1
    outer loop
      vertex -11.7756 0.407332 3
      vertex -9.28581 0.225599 3
      vertex -9.24345 0.447641 3
    endloop
  endfacet
  facet normal 0 0 1
    outer loop
      vertex -11.8521 0.808242 3
      vertex -9.24345 0.447641 3
      vertex -9.1736 0.662623 3
    endloop
  endfacet
  facet normal -0 0 1
    outer loop
      vertex -11.8521 0.808242 3
      vertex -9.1736 0.662623 3
      vertex -9.07735 0.867156 3
    endloop
  endfacet
  facet normal 0 0 1
    outer loop
      vertex -11.9782 1.1964 3
      vertex -9.07735 0.867156 3
      vertex -8.95623 1.05801 3
    endloop
  endfacet
  facet normal 0 0 1
    outer loop
      vertex -12.152 1.5657 3
      vertex -8.95623 1.05801 3
      vertex -8.81214 1.23218 3
    endloop
  endfacet
  facet normal 0 0 1
    outer loop
      vertex -12.3707 1.9103 3
      vertex -8.81214 1.23218 3
      vertex -8.64736 1.38692 3
    endloop
  endfacet
  facet normal 0 0 1
    outer loop
      vertex -12.3707 1.9103 3
      vertex -8.64736 1.38692 3
      vertex -8.46449 1.51979 3
    endloop
  endfacet
  facet normal 0 0 1
    outer loop
      vertex -12.6309 2.22478 3
      vertex -8.46449 1.51979 3
      vertex -8.2664 1.62869 3
    endloop
  endfacet
  facet normal 0 0 1
    outer loop
      vertex -9.28581 0.225599 3
      vertex -11.7756 0.407332 3
      vertex -11.75 0 3
    endloop
  endfacet
  facet normal 0 0 1
    outer loop
      vertex -12.9284 2.50417 3
      vertex -8.2664 1.62869 3
      vertex -8.05623 1.7119 3
    endloop
  endfacet
  facet normal 0 0 1
    outer loop
      vertex -9.24345 0.447641 3
      vertex -11.8521 0.808242 3
      vertex -11.7756 0.407332 3
    endloop
  endfacet
  facet normal 0 0 1
    outer loop
      vertex -13.2586 2.74407 3
      vertex -8.05623 1.7119 3
      vertex -7.83729 1.76812 3
    endloop
  endfacet
  facet normal 0 0 1
    outer loop
      vertex -9.07735 0.867156 3
      vertex -11.9782 1.1964 3
      vertex -11.8521 0.808242 3
    endloop
  endfacet
  facet normal 0 0 1
    outer loop
      vertex -7.61302 1.79645 3
      vertex -17.314 6.99013 3
      vertex -7.83729 1.76812 3
    endloop
  endfacet
  facet normal 0 0 1
    outer loop
      vertex -8.95623 1.05801 3
      vertex -12.152 1.5657 3
      vertex -11.9782 1.1964 3
    endloop
  endfacet
  facet normal 0 0 1
    outer loop
      vertex -8.81214 1.23218 3
      vertex -12.3707 1.9103 3
      vertex -12.152 1.5657 3
    endloop
  endfacet
  facet normal 0 0 1
    outer loop
      vertex -8.46449 1.51979 3
      vertex -12.6309 2.22478 3
      vertex -12.3707 1.9103 3
    endloop
  endfacet
  facet normal 0 0 1
    outer loop
      vertex -8.2664 1.62869 3
      vertex -12.9284 2.50417 3
      vertex -12.6309 2.22478 3
    endloop
  endfacet
  facet normal -0 -0 1
    outer loop
      vertex -13.2586 2.74407 3
      vertex -7.83729 1.76812 3
      vertex -17.314 6.99013 3
    endloop
  endfacet
  facet normal 0 0 1
    outer loop
      vertex -8.05623 1.7119 3
      vertex -13.2586 2.74407 3
      vertex -12.9284 2.50417 3
    endloop
  endfacet
  facet normal 0 0 1
    outer loop
      vertex -13.2586 2.74407 3
      vertex -17.314 6.99013 3
      vertex -13.6162 2.94069 3
    endloop
  endfacet
  facet normal 0 0 1
    outer loop
      vertex -13.6162 2.94069 3
      vertex -17.314 6.99013 3
      vertex -13.9957 3.09093 3
    endloop
  endfacet
  facet normal 0 0 1
    outer loop
      vertex -13.9957 3.09093 3
      vertex -17.314 6.99013 3
      vertex -14.391 3.19243 3
    endloop
  endfacet
  facet normal 0 0 1
    outer loop
      vertex -14.391 3.19243 3
      vertex -17.314 6.99013 3
      vertex -14.7959 3.24359 3
    endloop
  endfacet
  facet normal 0 0 1
    outer loop
      vertex -14.7959 3.24359 3
      vertex -17.314 6.99013 3
      vertex -15.2041 3.24359 3
    endloop
  endfacet
  facet normal 0 0 1
    outer loop
      vertex -17.314 6.99013 3
      vertex -15.609 3.19243 3
      vertex -15.2041 3.24359 3
    endloop
  endfacet
  facet normal 0 0 1
    outer loop
      vertex -17.314 6.99013 3
      vertex -16.0043 3.09093 3
      vertex -15.609 3.19243 3
    endloop
  endfacet
  facet normal 0 0 1
    outer loop
      vertex -17.314 6.99013 3
      vertex -16.3838 2.94069 3
      vertex -16.0043 3.09093 3
    endloop
  endfacet
  facet normal -0 0 1
    outer loop
      vertex -17.9369 6.91144 3
      vertex -16.3838 2.94069 3
      vertex -17.314 6.99013 3
    endloop
  endfacet
  facet normal 0 0 1
    outer loop
      vertex -16.3838 2.94069 3
      vertex -17.9369 6.91144 3
      vertex -16.7414 2.74407 3
    endloop
  endfacet
  facet normal -0 0 1
    outer loop
      vertex -18.5451 6.75528 3
      vertex -16.7414 2.74407 3
      vertex -17.9369 6.91144 3
    endloop
  endfacet
  facet normal -0 0 1
    outer loop
      vertex -19.1289 6.52413 3
      vertex -16.7414 2.74407 3
      vertex -18.5451 6.75528 3
    endloop
  endfacet
  facet normal 0 0 1
    outer loop
      vertex -16.7414 2.74407 3
      vertex -19.1289 6.52413 3
      vertex -17.0716 2.50417 3
    endloop
  endfacet
  facet normal -0 0 1
    outer loop
      vertex -19.6791 6.22164 3
      vertex -17.0716 2.50417 3
      vertex -19.1289 6.52413 3
    endloop
  endfacet
  facet normal -0 0 1
    outer loop
      vertex -20.1871 5.85257 3
      vertex -17.0716 2.50417 3
      vertex -19.6791 6.22164 3
    endloop
  endfacet
  facet normal 0 0 1
    outer loop
      vertex -17.0716 2.50417 3
      vertex -20.1871 5.85257 3
      vertex -17.3691 2.22478 3
    endloop
  endfacet
  facet normal -0 0 1
    outer loop
      vertex -20.6448 5.42274 3
      vertex -17.3691 2.22478 3
      vertex -20.1871 5.85257 3
    endloop
  endfacet
  facet normal -0 0 1
    outer loop
      vertex -21.0451 4.93893 3
      vertex -17.3691 2.22478 3
      vertex -20.6448 5.42274 3
    endloop
  endfacet
  facet normal 0 0 1
    outer loop
      vertex -17.3691 2.22478 3
      vertex -21.0451 4.93893 3
      vertex -17.6293 1.9103 3
    endloop
  endfacet
  facet normal -0 0 1
    outer loop
      vertex 17.3691 -2.22478 3
      vertex 21.0451 -4.93893 3
      vertex 17.6293 -1.9103 3
    endloop
  endfacet
  facet normal 0 0 1
    outer loop
      vertex 21.0451 -4.93893 3
      vertex 17.3691 -2.22478 3
      vertex 20.6448 -5.42274 3
    endloop
  endfacet
  facet normal 0 0 1
    outer loop
      vertex 20.6448 -5.42274 3
      vertex 17.3691 -2.22478 3
      vertex 20.1871 -5.85257 3
    endloop
  endfacet
  facet normal -0 0 1
    outer loop
      vertex 17.0716 -2.50417 3
      vertex 20.1871 -5.85257 3
      vertex 17.3691 -2.22478 3
    endloop
  endfacet
  facet normal 0 0 1
    outer loop
      vertex 20.1871 -5.85257 3
      vertex 17.0716 -2.50417 3
      vertex 19.6791 -6.22164 3
    endloop
  endfacet
  facet normal 0 0 1
    outer loop
      vertex 19.6791 -6.22164 3
      vertex 17.0716 -2.50417 3
      vertex 19.1289 -6.52413 3
    endloop
  endfacet
  facet normal -0 0 1
    outer loop
      vertex 16.7414 -2.74407 3
      vertex 19.1289 -6.52413 3
      vertex 17.0716 -2.50417 3
    endloop
  endfacet
  facet normal 0 0 1
    outer loop
      vertex 19.1289 -6.52413 3
      vertex 16.7414 -2.74407 3
      vertex 18.5451 -6.75528 3
    endloop
  endfacet
  facet normal 0 0 1
    outer loop
      vertex 18.5451 -6.75528 3
      vertex 16.7414 -2.74407 3
      vertex 17.9369 -6.91144 3
    endloop
  endfacet
  facet normal -0 0 1
    outer loop
      vertex 16.3838 -2.94069 3
      vertex 17.9369 -6.91144 3
      vertex 16.7414 -2.74407 3
    endloop
  endfacet
  facet normal 0 0 1
    outer loop
      vertex 17.9369 -6.91144 3
      vertex 16.3838 -2.94069 3
      vertex 17.314 -6.99013 3
    endloop
  endfacet
  facet normal -0 0 1
    outer loop
      vertex 16.0043 -3.09093 3
      vertex 17.314 -6.99013 3
      vertex 16.3838 -2.94069 3
    endloop
  endfacet
  facet normal -0 0 1
    outer loop
      vertex 15.609 -3.19243 3
      vertex 17.314 -6.99013 3
      vertex 16.0043 -3.09093 3
    endloop
  endfacet
  facet normal -0 0 1
    outer loop
      vertex 15.2041 -3.24359 3
      vertex 17.314 -6.99013 3
      vertex 15.609 -3.19243 3
    endloop
  endfacet
  facet normal -0 0 1
    outer loop
      vertex 14.7959 -3.24359 3
      vertex 17.314 -6.99013 3
      vertex 15.2041 -3.24359 3
    endloop
  endfacet
  facet normal 0 0 1
    outer loop
      vertex 14.391 -3.19243 3
      vertex 17.314 -6.99013 3
      vertex 14.7959 -3.24359 3
    endloop
  endfacet
  facet normal 0 0 1
    outer loop
      vertex 13.9957 -3.09093 3
      vertex 17.314 -6.99013 3
      vertex 14.391 -3.19243 3
    endloop
  endfacet
  facet normal 0 0 1
    outer loop
      vertex 13.6162 -2.94069 3
      vertex 17.314 -6.99013 3
      vertex 13.9957 -3.09093 3
    endloop
  endfacet
  facet normal 0 0 1
    outer loop
      vertex 13.2586 -2.74407 3
      vertex 17.314 -6.99013 3
      vertex 13.6162 -2.94069 3
    endloop
  endfacet
  facet normal 0 0 1
    outer loop
      vertex 8.05623 -1.7119 3
      vertex 13.2586 -2.74407 3
      vertex 12.9284 -2.50417 3
    endloop
  endfacet
  facet normal 0 0 1
    outer loop
      vertex 8.2664 -1.62869 3
      vertex 12.9284 -2.50417 3
      vertex 12.6309 -2.22478 3
    endloop
  endfacet
  facet normal 0 0 1
    outer loop
      vertex 9.28581 -0.225599 3
      vertex 11.75 0 3
      vertex 9.3 0 3
    endloop
  endfacet
  facet normal 0 0 1
    outer loop
      vertex 11.75 0 3
      vertex 9.28581 -0.225599 3
      vertex 11.7756 -0.407332 3
    endloop
  endfacet
  facet normal 0 0 1
    outer loop
      vertex 9.24345 -0.447641 3
      vertex 11.7756 -0.407332 3
      vertex 9.28581 -0.225599 3
    endloop
  endfacet
  facet normal 0 0 1
    outer loop
      vertex 11.7756 -0.407332 3
      vertex 9.24345 -0.447641 3
      vertex 11.8521 -0.808242 3
    endloop
  endfacet
  facet normal -0 0 1
    outer loop
      vertex 9.1736 -0.662623 3
      vertex 11.8521 -0.808242 3
      vertex 9.24345 -0.447641 3
    endloop
  endfacet
  facet normal 0 0 1
    outer loop
      vertex 9.07735 -0.867156 3
      vertex 11.8521 -0.808242 3
      vertex 9.1736 -0.662623 3
    endloop
  endfacet
  facet normal 0 0 1
    outer loop
      vertex 11.8521 -0.808242 3
      vertex 9.07735 -0.867156 3
      vertex 11.9782 -1.1964 3
    endloop
  endfacet
  facet normal -0 0 1
    outer loop
      vertex 8.95623 -1.05801 3
      vertex 11.9782 -1.1964 3
      vertex 9.07735 -0.867156 3
    endloop
  endfacet
  facet normal 0 0 1
    outer loop
      vertex 11.9782 -1.1964 3
      vertex 8.95623 -1.05801 3
      vertex 12.152 -1.5657 3
    endloop
  endfacet
  facet normal -0 0 1
    outer loop
      vertex 8.81214 -1.23218 3
      vertex 12.152 -1.5657 3
      vertex 8.95623 -1.05801 3
    endloop
  endfacet
  facet normal 0 0 1
    outer loop
      vertex 12.152 -1.5657 3
      vertex 8.81214 -1.23218 3
      vertex 12.3707 -1.9103 3
    endloop
  endfacet
  facet normal -0 0 1
    outer loop
      vertex 8.64736 -1.38692 3
      vertex 12.3707 -1.9103 3
      vertex 8.81214 -1.23218 3
    endloop
  endfacet
  facet normal -0 0 1
    outer loop
      vertex 8.46449 -1.51979 3
      vertex 12.3707 -1.9103 3
      vertex 8.64736 -1.38692 3
    endloop
  endfacet
  facet normal 0 0 1
    outer loop
      vertex 12.3707 -1.9103 3
      vertex 8.46449 -1.51979 3
      vertex 12.6309 -2.22478 3
    endloop
  endfacet
  facet normal -0 0 1
    outer loop
      vertex 8.2664 -1.62869 3
      vertex 12.6309 -2.22478 3
      vertex 8.46449 -1.51979 3
    endloop
  endfacet
  facet normal 0 0 1
    outer loop
      vertex 12.9284 -2.50417 3
      vertex 8.2664 -1.62869 3
      vertex 8.05623 -1.7119 3
    endloop
  endfacet
  facet normal 0 0 1
    outer loop
      vertex 13.2586 -2.74407 3
      vertex 8.05623 -1.7119 3
      vertex 7.83729 -1.76812 3
    endloop
  endfacet
  facet normal 0 0 1
    outer loop
      vertex 13.2586 -2.74407 3
      vertex 7.83729 -1.76812 3
      vertex 17.314 -6.99013 3
    endloop
  endfacet
  facet normal -0 0 1
    outer loop
      vertex 7.61302 -1.79645 3
      vertex 17.314 -6.99013 3
      vertex 7.83729 -1.76812 3
    endloop
  endfacet
  facet normal -0 0 1
    outer loop
      vertex 7.38698 -1.79645 3
      vertex 17.314 -6.99013 3
      vertex 7.61302 -1.79645 3
    endloop
  endfacet
  facet normal 0 0 1
    outer loop
      vertex 1.38378 -2.94069 3
      vertex 7.38698 -1.79645 3
      vertex 7.16271 -1.76812 3
    endloop
  endfacet
  facet normal 0 0 1
    outer loop
      vertex 1.74144 -2.74407 3
      vertex 7.16271 -1.76812 3
      vertex 6.94377 -1.7119 3
    endloop
  endfacet
  facet normal 0 0 1
    outer loop
      vertex 2.07163 -2.50417 3
      vertex 6.94377 -1.7119 3
      vertex 6.7336 -1.62869 3
    endloop
  endfacet
  facet normal -0 0 1
    outer loop
      vertex 3.25 0 3
      vertex 5.71419 -0.225599 3
      vertex 5.7 0 3
    endloop
  endfacet
  facet normal 0 0 1
    outer loop
      vertex 3.22437 -0.407332 3
      vertex 5.71419 -0.225599 3
      vertex 3.25 0 3
    endloop
  endfacet
  facet normal 0 0 1
    outer loop
      vertex 5.71419 -0.225599 3
      vertex 3.22437 -0.407332 3
      vertex 5.75655 -0.447641 3
    endloop
  endfacet
  facet normal 0 0 1
    outer loop
      vertex 3.14789 -0.808242 3
      vertex 5.75655 -0.447641 3
      vertex 3.22437 -0.407332 3
    endloop
  endfacet
  facet normal 0 0 1
    outer loop
      vertex 5.75655 -0.447641 3
      vertex 3.14789 -0.808242 3
      vertex 5.8264 -0.662623 3
    endloop
  endfacet
  facet normal 0 0 1
    outer loop
      vertex 5.8264 -0.662623 3
      vertex 3.14789 -0.808242 3
      vertex 5.92265 -0.867156 3
    endloop
  endfacet
  facet normal 0 0 1
    outer loop
      vertex 3.02177 -1.1964 3
      vertex 5.92265 -0.867156 3
      vertex 3.14789 -0.808242 3
    endloop
  endfacet
  facet normal 0 0 1
    outer loop
      vertex 5.92265 -0.867156 3
      vertex 3.02177 -1.1964 3
      vertex 6.04377 -1.05801 3
    endloop
  endfacet
  facet normal 0 0 1
    outer loop
      vertex 2.848 -1.5657 3
      vertex 6.04377 -1.05801 3
      vertex 3.02177 -1.1964 3
    endloop
  endfacet
  facet normal 0 0 1
    outer loop
      vertex 6.04377 -1.05801 3
      vertex 2.848 -1.5657 3
      vertex 6.18786 -1.23218 3
    endloop
  endfacet
  facet normal 0 0 1
    outer loop
      vertex 2.6293 -1.9103 3
      vertex 6.18786 -1.23218 3
      vertex 2.848 -1.5657 3
    endloop
  endfacet
  facet normal 0 0 1
    outer loop
      vertex 6.18786 -1.23218 3
      vertex 2.6293 -1.9103 3
      vertex 6.35264 -1.38692 3
    endloop
  endfacet
  facet normal 0 0 1
    outer loop
      vertex 6.35264 -1.38692 3
      vertex 2.6293 -1.9103 3
      vertex 6.53551 -1.51979 3
    endloop
  endfacet
  facet normal 0 0 1
    outer loop
      vertex 2.36915 -2.22478 3
      vertex 6.53551 -1.51979 3
      vertex 2.6293 -1.9103 3
    endloop
  endfacet
  facet normal 0 0 1
    outer loop
      vertex 6.53551 -1.51979 3
      vertex 2.36915 -2.22478 3
      vertex 6.7336 -1.62869 3
    endloop
  endfacet
  facet normal 0 0 1
    outer loop
      vertex 2.07163 -2.50417 3
      vertex 6.7336 -1.62869 3
      vertex 2.36915 -2.22478 3
    endloop
  endfacet
  facet normal 0 0 1
    outer loop
      vertex 6.94377 -1.7119 3
      vertex 2.07163 -2.50417 3
      vertex 1.74144 -2.74407 3
    endloop
  endfacet
  facet normal 0 0 1
    outer loop
      vertex 7.16271 -1.76812 3
      vertex 1.74144 -2.74407 3
      vertex 1.38378 -2.94069 3
    endloop
  endfacet
  facet normal 0 0 1
    outer loop
      vertex 7.38698 -1.79645 3
      vertex 1.38378 -2.94069 3
      vertex 17.314 -6.99013 3
    endloop
  endfacet
  facet normal -0 0 1
    outer loop
      vertex 1.0043 -3.09093 3
      vertex 17.314 -6.99013 3
      vertex 1.38378 -2.94069 3
    endloop
  endfacet
  facet normal -0 0 1
    outer loop
      vertex 0.608989 -3.19243 3
      vertex 17.314 -6.99013 3
      vertex 1.0043 -3.09093 3
    endloop
  endfacet
  facet normal -0 0 1
    outer loop
      vertex 0.204069 -3.24359 3
      vertex 17.314 -6.99013 3
      vertex 0.608989 -3.19243 3
    endloop
  endfacet
  facet normal -0 0 1
    outer loop
      vertex -0.204069 -3.24359 3
      vertex 17.314 -6.99013 3
      vertex 0.204069 -3.24359 3
    endloop
  endfacet
  facet normal 0 0 1
    outer loop
      vertex -17.314 -6.99013 3
      vertex -0.204069 -3.24359 3
      vertex -0.608989 -3.19243 3
    endloop
  endfacet
  facet normal 0 0 1
    outer loop
      vertex -5.71419 -0.225599 3
      vertex -3.25 0 3
      vertex -5.7 0 3
    endloop
  endfacet
  facet normal 0 0 1
    outer loop
      vertex -3.25 0 3
      vertex -5.71419 -0.225599 3
      vertex -3.22437 -0.407332 3
    endloop
  endfacet
  facet normal 0 0 1
    outer loop
      vertex -5.75655 -0.447641 3
      vertex -3.22437 -0.407332 3
      vertex -5.71419 -0.225599 3
    endloop
  endfacet
  facet normal 0 0 1
    outer loop
      vertex -3.22437 -0.407332 3
      vertex -5.75655 -0.447641 3
      vertex -3.14789 -0.808242 3
    endloop
  endfacet
  facet normal -0 0 1
    outer loop
      vertex -5.8264 -0.662623 3
      vertex -3.14789 -0.808242 3
      vertex -5.75655 -0.447641 3
    endloop
  endfacet
  facet normal 0 0 1
    outer loop
      vertex -5.92265 -0.867156 3
      vertex -3.14789 -0.808242 3
      vertex -5.8264 -0.662623 3
    endloop
  endfacet
  facet normal 0 0 1
    outer loop
      vertex -3.14789 -0.808242 3
      vertex -5.92265 -0.867156 3
      vertex -3.02177 -1.1964 3
    endloop
  endfacet
  facet normal -0 0 1
    outer loop
      vertex -6.04377 -1.05801 3
      vertex -3.02177 -1.1964 3
      vertex -5.92265 -0.867156 3
    endloop
  endfacet
  facet normal 0 0 1
    outer loop
      vertex -3.02177 -1.1964 3
      vertex -6.04377 -1.05801 3
      vertex -2.848 -1.5657 3
    endloop
  endfacet
  facet normal -0 0 1
    outer loop
      vertex -6.18786 -1.23218 3
      vertex -2.848 -1.5657 3
      vertex -6.04377 -1.05801 3
    endloop
  endfacet
  facet normal 0 0 1
    outer loop
      vertex -2.848 -1.5657 3
      vertex -6.18786 -1.23218 3
      vertex -2.6293 -1.9103 3
    endloop
  endfacet
  facet normal -0 0 1
    outer loop
      vertex -6.35264 -1.38692 3
      vertex -2.6293 -1.9103 3
      vertex -6.18786 -1.23218 3
    endloop
  endfacet
  facet normal -0 0 1
    outer loop
      vertex -6.53551 -1.51979 3
      vertex -2.6293 -1.9103 3
      vertex -6.35264 -1.38692 3
    endloop
  endfacet
  facet normal 0 0 1
    outer loop
      vertex -2.6293 -1.9103 3
      vertex -6.53551 -1.51979 3
      vertex -2.36915 -2.22478 3
    endloop
  endfacet
  facet normal -0 0 1
    outer loop
      vertex -6.7336 -1.62869 3
      vertex -2.36915 -2.22478 3
      vertex -6.53551 -1.51979 3
    endloop
  endfacet
  facet normal 0 0 1
    outer loop
      vertex -2.36915 -2.22478 3
      vertex -6.7336 -1.62869 3
      vertex -2.07163 -2.50417 3
    endloop
  endfacet
  facet normal -0 0 1
    outer loop
      vertex -6.94377 -1.7119 3
      vertex -2.07163 -2.50417 3
      vertex -6.7336 -1.62869 3
    endloop
  endfacet
  facet normal 0 0 1
    outer loop
      vertex -2.07163 -2.50417 3
      vertex -6.94377 -1.7119 3
      vertex -1.74144 -2.74407 3
    endloop
  endfacet
  facet normal -0 0 1
    outer loop
      vertex -7.16271 -1.76812 3
      vertex -1.74144 -2.74407 3
      vertex -6.94377 -1.7119 3
    endloop
  endfacet
  facet normal 0 0 1
    outer loop
      vertex -1.74144 -2.74407 3
      vertex -7.16271 -1.76812 3
      vertex -1.38378 -2.94069 3
    endloop
  endfacet
  facet normal -0 0 1
    outer loop
      vertex -7.38698 -1.79645 3
      vertex -1.38378 -2.94069 3
      vertex -7.16271 -1.76812 3
    endloop
  endfacet
  facet normal 0 0 1
    outer loop
      vertex -17.314 -6.99013 3
      vertex -1.38378 -2.94069 3
      vertex -7.38698 -1.79645 3
    endloop
  endfacet
  facet normal 0 0 1
    outer loop
      vertex -1.38378 -2.94069 3
      vertex -17.314 -6.99013 3
      vertex -1.0043 -3.09093 3
    endloop
  endfacet
  facet normal 0 0 1
    outer loop
      vertex -1.0043 -3.09093 3
      vertex -17.314 -6.99013 3
      vertex -0.608989 -3.19243 3
    endloop
  endfacet
  facet normal 0 0 1
    outer loop
      vertex -17.314 -6.99013 3
      vertex -7.38698 -1.79645 3
      vertex -7.61302 -1.79645 3
    endloop
  endfacet
  facet normal 0 0 1
    outer loop
      vertex -17.314 -6.99013 3
      vertex -7.61302 -1.79645 3
      vertex -7.83729 -1.76812 3
    endloop
  endfacet
  facet normal -0 0 1
    outer loop
      vertex -11.75 0 3
      vertex -9.28581 -0.225599 3
      vertex -9.3 0 3
    endloop
  endfacet
  facet normal 0 0 1
    outer loop
      vertex -11.7756 -0.407332 3
      vertex -9.28581 -0.225599 3
      vertex -11.75 0 3
    endloop
  endfacet
  facet normal 0 0 1
    outer loop
      vertex -9.28581 -0.225599 3
      vertex -11.7756 -0.407332 3
      vertex -9.24345 -0.447641 3
    endloop
  endfacet
  facet normal 0 0 1
    outer loop
      vertex -11.8521 -0.808242 3
      vertex -9.24345 -0.447641 3
      vertex -11.7756 -0.407332 3
    endloop
  endfacet
  facet normal 0 0 1
    outer loop
      vertex -9.24345 -0.447641 3
      vertex -11.8521 -0.808242 3
      vertex -9.1736 -0.662623 3
    endloop
  endfacet
  facet normal 0 0 1
    outer loop
      vertex -9.1736 -0.662623 3
      vertex -11.8521 -0.808242 3
      vertex -9.07735 -0.867156 3
    endloop
  endfacet
  facet normal 0 0 1
    outer loop
      vertex -11.9782 -1.1964 3
      vertex -9.07735 -0.867156 3
      vertex -11.8521 -0.808242 3
    endloop
  endfacet
  facet normal 0 0 1
    outer loop
      vertex -9.07735 -0.867156 3
      vertex -11.9782 -1.1964 3
      vertex -8.95623 -1.05801 3
    endloop
  endfacet
  facet normal 0 0 1
    outer loop
      vertex -12.152 -1.5657 3
      vertex -8.95623 -1.05801 3
      vertex -11.9782 -1.1964 3
    endloop
  endfacet
  facet normal 0 0 1
    outer loop
      vertex -8.95623 -1.05801 3
      vertex -12.152 -1.5657 3
      vertex -8.81214 -1.23218 3
    endloop
  endfacet
  facet normal 0 0 1
    outer loop
      vertex -12.3707 -1.9103 3
      vertex -8.81214 -1.23218 3
      vertex -12.152 -1.5657 3
    endloop
  endfacet
  facet normal 0 0 1
    outer loop
      vertex -8.81214 -1.23218 3
      vertex -12.3707 -1.9103 3
      vertex -8.64736 -1.38692 3
    endloop
  endfacet
  facet normal 0 0 1
    outer loop
      vertex -8.64736 -1.38692 3
      vertex -12.3707 -1.9103 3
      vertex -8.46449 -1.51979 3
    endloop
  endfacet
  facet normal 0 0 1
    outer loop
      vertex -12.6309 -2.22478 3
      vertex -8.46449 -1.51979 3
      vertex -12.3707 -1.9103 3
    endloop
  endfacet
  facet normal 0 0 1
    outer loop
      vertex -8.46449 -1.51979 3
      vertex -12.6309 -2.22478 3
      vertex -8.2664 -1.62869 3
    endloop
  endfacet
  facet normal 0 0 1
    outer loop
      vertex -12.9284 -2.50417 3
      vertex -8.2664 -1.62869 3
      vertex -12.6309 -2.22478 3
    endloop
  endfacet
  facet normal 0 0 1
    outer loop
      vertex -8.2664 -1.62869 3
      vertex -12.9284 -2.50417 3
      vertex -8.05623 -1.7119 3
    endloop
  endfacet
  facet normal 0 0 1
    outer loop
      vertex -13.2586 -2.74407 3
      vertex -8.05623 -1.7119 3
      vertex -12.9284 -2.50417 3
    endloop
  endfacet
  facet normal 0 0 1
    outer loop
      vertex -8.05623 -1.7119 3
      vertex -13.2586 -2.74407 3
      vertex -7.83729 -1.76812 3
    endloop
  endfacet
  facet normal 0 0 1
    outer loop
      vertex -7.83729 -1.76812 3
      vertex -13.2586 -2.74407 3
      vertex -17.314 -6.99013 3
    endloop
  endfacet
  facet normal 0 0 1
    outer loop
      vertex -17.314 -6.99013 3
      vertex -13.2586 -2.74407 3
      vertex -13.6162 -2.94069 3
    endloop
  endfacet
  facet normal 0 0 1
    outer loop
      vertex -17.314 -6.99013 3
      vertex -13.6162 -2.94069 3
      vertex -13.9957 -3.09093 3
    endloop
  endfacet
  facet normal 0 0 1
    outer loop
      vertex -17.314 -6.99013 3
      vertex -13.9957 -3.09093 3
      vertex -14.391 -3.19243 3
    endloop
  endfacet
  facet normal 0 0 1
    outer loop
      vertex -17.314 -6.99013 3
      vertex -14.391 -3.19243 3
      vertex -14.7959 -3.24359 3
    endloop
  endfacet
  facet normal 0 0 1
    outer loop
      vertex -17.314 -6.99013 3
      vertex -14.7959 -3.24359 3
      vertex -15.2041 -3.24359 3
    endloop
  endfacet
  facet normal 0 0 1
    outer loop
      vertex -0.204069 -3.24359 3
      vertex -17.314 -6.99013 3
      vertex 17.314 -6.99013 3
    endloop
  endfacet
  facet normal 0 0 1
    outer loop
      vertex -15.609 -3.19243 3
      vertex -17.314 -6.99013 3
      vertex -15.2041 -3.24359 3
    endloop
  endfacet
  facet normal 0 0 1
    outer loop
      vertex -16.0043 -3.09093 3
      vertex -17.314 -6.99013 3
      vertex -15.609 -3.19243 3
    endloop
  endfacet
  facet normal 0 0 1
    outer loop
      vertex -16.3838 -2.94069 3
      vertex -17.314 -6.99013 3
      vertex -16.0043 -3.09093 3
    endloop
  endfacet
  facet normal 0 0 1
    outer loop
      vertex -17.9369 -6.91144 3
      vertex -16.3838 -2.94069 3
      vertex -16.7414 -2.74407 3
    endloop
  endfacet
  facet normal 0 0 1
    outer loop
      vertex -19.1289 -6.52413 3
      vertex -16.7414 -2.74407 3
      vertex -17.0716 -2.50417 3
    endloop
  endfacet
  facet normal 0 0 1
    outer loop
      vertex -20.1871 -5.85257 3
      vertex -17.0716 -2.50417 3
      vertex -17.3691 -2.22478 3
    endloop
  endfacet
  facet normal 0 0 1
    outer loop
      vertex -21.0451 -4.93893 3
      vertex -17.3691 -2.22478 3
      vertex -17.6293 -1.9103 3
    endloop
  endfacet
  facet normal 0 0 1
    outer loop
      vertex -21.6489 -3.84062 3
      vertex -17.6293 -1.9103 3
      vertex -17.848 -1.5657 3
    endloop
  endfacet
  facet normal 0 0 1
    outer loop
      vertex -16.3838 -2.94069 3
      vertex -17.9369 -6.91144 3
      vertex -17.314 -6.99013 3
    endloop
  endfacet
  facet normal 0 0 1
    outer loop
      vertex -21.9606 -2.62667 3
      vertex -17.848 -1.5657 3
      vertex -18.0218 -1.1964 3
    endloop
  endfacet
  facet normal 0 0 1
    outer loop
      vertex -22 -2 3
      vertex -18.0218 -1.1964 3
      vertex -18.1479 -0.808242 3
    endloop
  endfacet
  facet normal 0 0 1
    outer loop
      vertex -22 -2 3
      vertex -18.1479 -0.808242 3
      vertex -18.2244 -0.407332 3
    endloop
  endfacet
  facet normal 0 0 1
    outer loop
      vertex -22 -2 3
      vertex -18.2244 -0.407332 3
      vertex -18.25 0 3
    endloop
  endfacet
  facet normal 0 0 1
    outer loop
      vertex -16.7414 -2.74407 3
      vertex -18.5451 -6.75528 3
      vertex -17.9369 -6.91144 3
    endloop
  endfacet
  facet normal -0 0 1
    outer loop
      vertex -21.3815 4.40877 3
      vertex -17.6293 1.9103 3
      vertex -21.0451 4.93893 3
    endloop
  endfacet
  facet normal -0 0 1
    outer loop
      vertex -21.6489 3.84062 3
      vertex -17.6293 1.9103 3
      vertex -21.3815 4.40877 3
    endloop
  endfacet
  facet normal 0 0 1
    outer loop
      vertex -22 -2 3
      vertex -18.25 0 3
      vertex -22 2 3
    endloop
  endfacet
  facet normal 0 0 1
    outer loop
      vertex -17.6293 1.9103 3
      vertex -21.6489 3.84062 3
      vertex -17.848 1.5657 3
    endloop
  endfacet
  facet normal 0 0 1
    outer loop
      vertex -18.0218 -1.1964 3
      vertex -22 -2 3
      vertex -21.9606 -2.62667 3
    endloop
  endfacet
  facet normal -0 0 1
    outer loop
      vertex -21.8429 3.24345 3
      vertex -17.848 1.5657 3
      vertex -21.6489 3.84062 3
    endloop
  endfacet
  facet normal 0 0 1
    outer loop
      vertex -16.7414 -2.74407 3
      vertex -19.1289 -6.52413 3
      vertex -18.5451 -6.75528 3
    endloop
  endfacet
  facet normal -0 0 1
    outer loop
      vertex -21.9606 2.62667 3
      vertex -17.848 1.5657 3
      vertex -21.8429 3.24345 3
    endloop
  endfacet
  facet normal 0 0 1
    outer loop
      vertex -17.0716 -2.50417 3
      vertex -19.6791 -6.22164 3
      vertex -19.1289 -6.52413 3
    endloop
  endfacet
  facet normal 0 0 1
    outer loop
      vertex -17.848 1.5657 3
      vertex -21.9606 2.62667 3
      vertex -18.0218 1.1964 3
    endloop
  endfacet
  facet normal 0 0 1
    outer loop
      vertex -17.0716 -2.50417 3
      vertex -20.1871 -5.85257 3
      vertex -19.6791 -6.22164 3
    endloop
  endfacet
  facet normal -0 0 1
    outer loop
      vertex -22 2 3
      vertex -18.0218 1.1964 3
      vertex -21.9606 2.62667 3
    endloop
  endfacet
  facet normal 0 0 1
    outer loop
      vertex -17.3691 -2.22478 3
      vertex -20.6448 -5.42274 3
      vertex -20.1871 -5.85257 3
    endloop
  endfacet
  facet normal 0 0 1
    outer loop
      vertex -18.0218 1.1964 3
      vertex -22 2 3
      vertex -18.1479 0.808242 3
    endloop
  endfacet
  facet normal 0 0 1
    outer loop
      vertex -17.3691 -2.22478 3
      vertex -21.0451 -4.93893 3
      vertex -20.6448 -5.42274 3
    endloop
  endfacet
  facet normal 0 0 1
    outer loop
      vertex -18.1479 0.808242 3
      vertex -22 2 3
      vertex -18.2244 0.407332 3
    endloop
  endfacet
  facet normal 0 0 1
    outer loop
      vertex -17.6293 -1.9103 3
      vertex -21.3815 -4.40877 3
      vertex -21.0451 -4.93893 3
    endloop
  endfacet
  facet normal 0 0 1
    outer loop
      vertex -18.2244 0.407332 3
      vertex -22 2 3
      vertex -18.25 0 3
    endloop
  endfacet
  facet normal 0 0 1
    outer loop
      vertex -17.6293 -1.9103 3
      vertex -21.6489 -3.84062 3
      vertex -21.3815 -4.40877 3
    endloop
  endfacet
  facet normal 0 0 1
    outer loop
      vertex -17.848 -1.5657 3
      vertex -21.8429 -3.24345 3
      vertex -21.6489 -3.84062 3
    endloop
  endfacet
  facet normal 0 0 1
    outer loop
      vertex -17.848 -1.5657 3
      vertex -21.9606 -2.62667 3
      vertex -21.8429 -3.24345 3
    endloop
  endfacet
  facet normal 0 1 -0
    outer loop
      vertex 17.314 6.99013 0
      vertex -17.314 6.99013 3
      vertex 17.314 6.99013 3
    endloop
  endfacet
  facet normal 0 1 0
    outer loop
      vertex -17.314 6.99013 3
      vertex 17.314 6.99013 0
      vertex -17.314 6.99013 0
    endloop
  endfacet
  facet normal 0.125332 0.992115 -0
    outer loop
      vertex 17.9369 6.91144 0
      vertex 17.314 6.99013 3
      vertex 17.9369 6.91144 3
    endloop
  endfacet
  facet normal 0.125332 0.992115 0
    outer loop
      vertex 17.314 6.99013 3
      vertex 17.9369 6.91144 0
      vertex 17.314 6.99013 0
    endloop
  endfacet
  facet normal 0 -1 0
    outer loop
      vertex -17.314 -6.99013 0
      vertex 17.314 -6.99013 3
      vertex -17.314 -6.99013 3
    endloop
  endfacet
  facet normal 0 -1 -0
    outer loop
      vertex 17.314 -6.99013 3
      vertex -17.314 -6.99013 0
      vertex 17.314 -6.99013 0
    endloop
  endfacet
  facet normal -0.125332 0.992115 0
    outer loop
      vertex -17.314 6.99013 0
      vertex -17.9369 6.91144 3
      vertex -17.314 6.99013 3
    endloop
  endfacet
  facet normal -0.125332 0.992115 0
    outer loop
      vertex -17.9369 6.91144 3
      vertex -17.314 6.99013 0
      vertex -17.9369 6.91144 0
    endloop
  endfacet
  facet normal 0.951072 -0.30897 0
    outer loop
      vertex 21.6489 -3.84062 3
      vertex 21.8429 -3.24345 0
      vertex 21.8429 -3.24345 3
    endloop
  endfacet
  facet normal 0.951072 -0.30897 0
    outer loop
      vertex 21.8429 -3.24345 0
      vertex 21.6489 -3.84062 3
      vertex 21.6489 -3.84062 0
    endloop
  endfacet
  facet normal 0.982275 -0.187447 0
    outer loop
      vertex 21.8429 -3.24345 3
      vertex 21.9606 -2.62667 0
      vertex 21.9606 -2.62667 3
    endloop
  endfacet
  facet normal 0.982275 -0.187447 0
    outer loop
      vertex 21.9606 -2.62667 0
      vertex 21.8429 -3.24345 3
      vertex 21.8429 -3.24345 0
    endloop
  endfacet
  facet normal 1 -0 0
    outer loop
      vertex 22 -2 3
      vertex 22 2 0
      vertex 22 2 3
    endloop
  endfacet
  facet normal 1 0 0
    outer loop
      vertex 22 2 0
      vertex 22 -2 3
      vertex 22 -2 0
    endloop
  endfacet
  facet normal -0.770468 0.637478 0
    outer loop
      vertex -21.0451 4.93893 0
      vertex -20.6448 5.42274 3
      vertex -20.6448 5.42274 0
    endloop
  endfacet
  facet normal -0.770468 0.637478 0
    outer loop
      vertex -20.6448 5.42274 3
      vertex -21.0451 4.93893 0
      vertex -21.0451 4.93893 3
    endloop
  endfacet
  facet normal -0.587771 0.809027 0
    outer loop
      vertex -19.6791 6.22164 0
      vertex -20.1871 5.85257 3
      vertex -19.6791 6.22164 3
    endloop
  endfacet
  facet normal -0.587771 0.809027 0
    outer loop
      vertex -20.1871 5.85257 3
      vertex -19.6791 6.22164 0
      vertex -20.1871 5.85257 0
    endloop
  endfacet
  facet normal 0.998029 0.0627481 0
    outer loop
      vertex 22 2 3
      vertex 21.9606 2.62667 0
      vertex 21.9606 2.62667 3
    endloop
  endfacet
  facet normal 0.998029 0.0627481 0
    outer loop
      vertex 21.9606 2.62667 0
      vertex 22 2 3
      vertex 22 2 0
    endloop
  endfacet
  facet normal 0.684565 0.728952 -0
    outer loop
      vertex 20.6448 5.42274 0
      vertex 20.1871 5.85257 3
      vertex 20.6448 5.42274 3
    endloop
  endfacet
  facet normal 0.684565 0.728952 0
    outer loop
      vertex 20.1871 5.85257 3
      vertex 20.6448 5.42274 0
      vertex 20.1871 5.85257 0
    endloop
  endfacet
  facet normal 0.770468 0.637478 0
    outer loop
      vertex 21.0451 4.93893 3
      vertex 20.6448 5.42274 0
      vertex 20.6448 5.42274 3
    endloop
  endfacet
  facet normal 0.770468 0.637478 0
    outer loop
      vertex 20.6448 5.42274 0
      vertex 21.0451 4.93893 3
      vertex 21.0451 4.93893 0
    endloop
  endfacet
  facet normal -0.951072 -0.30897 0
    outer loop
      vertex -21.6489 -3.84062 0
      vertex -21.8429 -3.24345 3
      vertex -21.8429 -3.24345 0
    endloop
  endfacet
  facet normal -0.951072 -0.30897 0
    outer loop
      vertex -21.8429 -3.24345 3
      vertex -21.6489 -3.84062 0
      vertex -21.6489 -3.84062 3
    endloop
  endfacet
  facet normal 0.587771 -0.809027 0
    outer loop
      vertex 19.6791 -6.22164 0
      vertex 20.1871 -5.85257 3
      vertex 19.6791 -6.22164 3
    endloop
  endfacet
  facet normal 0.587771 -0.809027 0
    outer loop
      vertex 20.1871 -5.85257 3
      vertex 19.6791 -6.22164 0
      vertex 20.1871 -5.85257 0
    endloop
  endfacet
  facet normal 0.770468 -0.637478 0
    outer loop
      vertex 20.6448 -5.42274 3
      vertex 21.0451 -4.93893 0
      vertex 21.0451 -4.93893 3
    endloop
  endfacet
  facet normal 0.770468 -0.637478 0
    outer loop
      vertex 21.0451 -4.93893 0
      vertex 20.6448 -5.42274 3
      vertex 20.6448 -5.42274 0
    endloop
  endfacet
  facet normal -0.951072 0.30897 0
    outer loop
      vertex -21.8429 3.24345 0
      vertex -21.6489 3.84062 3
      vertex -21.6489 3.84062 0
    endloop
  endfacet
  facet normal -0.951072 0.30897 0
    outer loop
      vertex -21.6489 3.84062 3
      vertex -21.8429 3.24345 0
      vertex -21.8429 3.24345 3
    endloop
  endfacet
  facet normal -0.684565 0.728952 0
    outer loop
      vertex -20.1871 5.85257 0
      vertex -20.6448 5.42274 3
      vertex -20.1871 5.85257 3
    endloop
  endfacet
  facet normal -0.684565 0.728952 0
    outer loop
      vertex -20.6448 5.42274 3
      vertex -20.1871 5.85257 0
      vertex -20.6448 5.42274 0
    endloop
  endfacet
  facet normal -0.368135 0.929773 0
    outer loop
      vertex -18.5451 6.75528 0
      vertex -19.1289 6.52413 3
      vertex -18.5451 6.75528 3
    endloop
  endfacet
  facet normal -0.368135 0.929773 0
    outer loop
      vertex -19.1289 6.52413 3
      vertex -18.5451 6.75528 0
      vertex -19.1289 6.52413 0
    endloop
  endfacet
  facet normal -0.248691 0.968583 0
    outer loop
      vertex -17.9369 6.91144 0
      vertex -18.5451 6.75528 3
      vertex -17.9369 6.91144 3
    endloop
  endfacet
  facet normal -0.248691 0.968583 0
    outer loop
      vertex -18.5451 6.75528 3
      vertex -17.9369 6.91144 0
      vertex -18.5451 6.75528 0
    endloop
  endfacet
  facet normal 0.248691 0.968583 -0
    outer loop
      vertex 18.5451 6.75528 0
      vertex 17.9369 6.91144 3
      vertex 18.5451 6.75528 3
    endloop
  endfacet
  facet normal 0.248691 0.968583 0
    outer loop
      vertex 17.9369 6.91144 3
      vertex 18.5451 6.75528 0
      vertex 17.9369 6.91144 0
    endloop
  endfacet
  facet normal 0.982275 0.187447 0
    outer loop
      vertex 21.9606 2.62667 3
      vertex 21.8429 3.24345 0
      vertex 21.8429 3.24345 3
    endloop
  endfacet
  facet normal 0.982275 0.187447 0
    outer loop
      vertex 21.8429 3.24345 0
      vertex 21.9606 2.62667 3
      vertex 21.9606 2.62667 0
    endloop
  endfacet
  facet normal 0.587771 0.809027 -0
    outer loop
      vertex 20.1871 5.85257 0
      vertex 19.6791 6.22164 3
      vertex 20.1871 5.85257 3
    endloop
  endfacet
  facet normal 0.587771 0.809027 0
    outer loop
      vertex 19.6791 6.22164 3
      vertex 20.1871 5.85257 0
      vertex 19.6791 6.22164 0
    endloop
  endfacet
  facet normal 0.481772 0.876297 -0
    outer loop
      vertex 19.6791 6.22164 0
      vertex 19.1289 6.52413 3
      vertex 19.6791 6.22164 3
    endloop
  endfacet
  facet normal 0.481772 0.876297 0
    outer loop
      vertex 19.1289 6.52413 3
      vertex 19.6791 6.22164 0
      vertex 19.1289 6.52413 0
    endloop
  endfacet
  facet normal -0.998029 -0.0627481 0
    outer loop
      vertex -21.9606 -2.62667 0
      vertex -22 -2 3
      vertex -22 -2 0
    endloop
  endfacet
  facet normal -0.998029 -0.0627481 0
    outer loop
      vertex -22 -2 3
      vertex -21.9606 -2.62667 0
      vertex -21.9606 -2.62667 3
    endloop
  endfacet
  facet normal 0 0 -1
    outer loop
      vertex 18.0218 -1.1964 0
      vertex 22 -2 0
      vertex 21.9606 -2.62667 0
    endloop
  endfacet
  facet normal 0 0 -1
    outer loop
      vertex 22 -2 0
      vertex 18.25 0 0
      vertex 22 2 0
    endloop
  endfacet
  facet normal 0 0 -1
    outer loop
      vertex 17.848 -1.5657 0
      vertex 21.9606 -2.62667 0
      vertex 21.8429 -3.24345 0
    endloop
  endfacet
  facet normal 0 0 -1
    outer loop
      vertex 18.2244 0.407332 0
      vertex 22 2 0
      vertex 18.25 0 0
    endloop
  endfacet
  facet normal 0 0 -1
    outer loop
      vertex 17.848 -1.5657 0
      vertex 21.8429 -3.24345 0
      vertex 21.6489 -3.84062 0
    endloop
  endfacet
  facet normal 0 0 -1
    outer loop
      vertex 18.1479 0.808242 0
      vertex 22 2 0
      vertex 18.2244 0.407332 0
    endloop
  endfacet
  facet normal 0 0 -1
    outer loop
      vertex 17.6293 -1.9103 0
      vertex 21.6489 -3.84062 0
      vertex 21.3815 -4.40877 0
    endloop
  endfacet
  facet normal 0 0 -1
    outer loop
      vertex 18.0218 1.1964 0
      vertex 22 2 0
      vertex 18.1479 0.808242 0
    endloop
  endfacet
  facet normal 0 0 -1
    outer loop
      vertex 17.6293 -1.9103 0
      vertex 21.3815 -4.40877 0
      vertex 21.0451 -4.93893 0
    endloop
  endfacet
  facet normal -0 0 -1
    outer loop
      vertex 22 2 0
      vertex 18.0218 1.1964 0
      vertex 21.9606 2.62667 0
    endloop
  endfacet
  facet normal 0 0 -1
    outer loop
      vertex 17.3691 -2.22478 0
      vertex 21.0451 -4.93893 0
      vertex 20.6448 -5.42274 0
    endloop
  endfacet
  facet normal 0 0 -1
    outer loop
      vertex 17.848 1.5657 0
      vertex 21.9606 2.62667 0
      vertex 18.0218 1.1964 0
    endloop
  endfacet
  facet normal 0 0 -1
    outer loop
      vertex 17.3691 -2.22478 0
      vertex 20.6448 -5.42274 0
      vertex 20.1871 -5.85257 0
    endloop
  endfacet
  facet normal -0 0 -1
    outer loop
      vertex 21.9606 2.62667 0
      vertex 17.848 1.5657 0
      vertex 21.8429 3.24345 0
    endloop
  endfacet
  facet normal 0 0 -1
    outer loop
      vertex 17.0716 -2.50417 0
      vertex 20.1871 -5.85257 0
      vertex 19.6791 -6.22164 0
    endloop
  endfacet
  facet normal -0 0 -1
    outer loop
      vertex 21.8429 3.24345 0
      vertex 17.848 1.5657 0
      vertex 21.6489 3.84062 0
    endloop
  endfacet
  facet normal 0 0 -1
    outer loop
      vertex 17.0716 -2.50417 0
      vertex 19.6791 -6.22164 0
      vertex 19.1289 -6.52413 0
    endloop
  endfacet
  facet normal 0 0 -1
    outer loop
      vertex 17.6293 1.9103 0
      vertex 21.6489 3.84062 0
      vertex 17.848 1.5657 0
    endloop
  endfacet
  facet normal 0 0 -1
    outer loop
      vertex 16.7414 -2.74407 0
      vertex 19.1289 -6.52413 0
      vertex 18.5451 -6.75528 0
    endloop
  endfacet
  facet normal -0 0 -1
    outer loop
      vertex 21.6489 3.84062 0
      vertex 17.6293 1.9103 0
      vertex 21.3815 4.40877 0
    endloop
  endfacet
  facet normal -0 0 -1
    outer loop
      vertex 21.3815 4.40877 0
      vertex 17.6293 1.9103 0
      vertex 21.0451 4.93893 0
    endloop
  endfacet
  facet normal 0 0 -1
    outer loop
      vertex 22 -2 0
      vertex 18.2244 -0.407332 0
      vertex 18.25 0 0
    endloop
  endfacet
  facet normal 0 0 -1
    outer loop
      vertex 22 -2 0
      vertex 18.1479 -0.808242 0
      vertex 18.2244 -0.407332 0
    endloop
  endfacet
  facet normal 0 0 -1
    outer loop
      vertex 22 -2 0
      vertex 18.0218 -1.1964 0
      vertex 18.1479 -0.808242 0
    endloop
  endfacet
  facet normal 0 0 -1
    outer loop
      vertex 16.7414 -2.74407 0
      vertex 18.5451 -6.75528 0
      vertex 17.9369 -6.91144 0
    endloop
  endfacet
  facet normal 0 0 -1
    outer loop
      vertex 21.9606 -2.62667 0
      vertex 17.848 -1.5657 0
      vertex 18.0218 -1.1964 0
    endloop
  endfacet
  facet normal 0 0 -1
    outer loop
      vertex 21.6489 -3.84062 0
      vertex 17.6293 -1.9103 0
      vertex 17.848 -1.5657 0
    endloop
  endfacet
  facet normal 0 0 -1
    outer loop
      vertex 21.0451 -4.93893 0
      vertex 17.3691 -2.22478 0
      vertex 17.6293 -1.9103 0
    endloop
  endfacet
  facet normal 0 0 -1
    outer loop
      vertex 16.3838 -2.94069 0
      vertex 17.9369 -6.91144 0
      vertex 17.314 -6.99013 0
    endloop
  endfacet
  facet normal 0 0 -1
    outer loop
      vertex 20.1871 -5.85257 0
      vertex 17.0716 -2.50417 0
      vertex 17.3691 -2.22478 0
    endloop
  endfacet
  facet normal 0 0 -1
    outer loop
      vertex 19.1289 -6.52413 0
      vertex 16.7414 -2.74407 0
      vertex 17.0716 -2.50417 0
    endloop
  endfacet
  facet normal 0 0 -1
    outer loop
      vertex 17.9369 -6.91144 0
      vertex 16.3838 -2.94069 0
      vertex 16.7414 -2.74407 0
    endloop
  endfacet
  facet normal 0 0 -1
    outer loop
      vertex 17.314 -6.99013 0
      vertex 16.0043 -3.09093 0
      vertex 16.3838 -2.94069 0
    endloop
  endfacet
  facet normal 0 0 -1
    outer loop
      vertex 17.314 -6.99013 0
      vertex 15.609 -3.19243 0
      vertex 16.0043 -3.09093 0
    endloop
  endfacet
  facet normal 0 0 -1
    outer loop
      vertex 17.314 -6.99013 0
      vertex 15.2041 -3.24359 0
      vertex 15.609 -3.19243 0
    endloop
  endfacet
  facet normal 0 0 -1
    outer loop
      vertex 17.314 -6.99013 0
      vertex 14.7959 -3.24359 0
      vertex 15.2041 -3.24359 0
    endloop
  endfacet
  facet normal 0 0 -1
    outer loop
      vertex 17.314 -6.99013 0
      vertex 14.391 -3.19243 0
      vertex 14.7959 -3.24359 0
    endloop
  endfacet
  facet normal 0 0 -1
    outer loop
      vertex 17.314 -6.99013 0
      vertex 13.9957 -3.09093 0
      vertex 14.391 -3.19243 0
    endloop
  endfacet
  facet normal 0 0 -1
    outer loop
      vertex 17.314 -6.99013 0
      vertex 13.6162 -2.94069 0
      vertex 13.9957 -3.09093 0
    endloop
  endfacet
  facet normal 0 0 -1
    outer loop
      vertex 17.314 -6.99013 0
      vertex 13.2586 -2.74407 0
      vertex 13.6162 -2.94069 0
    endloop
  endfacet
  facet normal 0 0 -1
    outer loop
      vertex 7.83729 -1.76812 0
      vertex 13.2586 -2.74407 0
      vertex 17.314 -6.99013 0
    endloop
  endfacet
  facet normal 0 -0 -1
    outer loop
      vertex 8.05623 -1.7119 0
      vertex 13.2586 -2.74407 0
      vertex 7.83729 -1.76812 0
    endloop
  endfacet
  facet normal 0 0 -1
    outer loop
      vertex 9.28581 -0.225599 0
      vertex 11.75 0 0
      vertex 11.7756 -0.407332 0
    endloop
  endfacet
  facet normal 0 0 -1
    outer loop
      vertex 9.24345 -0.447641 0
      vertex 11.7756 -0.407332 0
      vertex 11.8521 -0.808242 0
    endloop
  endfacet
  facet normal 0 0 -1
    outer loop
      vertex 9.07735 -0.867156 0
      vertex 11.8521 -0.808242 0
      vertex 11.9782 -1.1964 0
    endloop
  endfacet
  facet normal 0 0 -1
    outer loop
      vertex 8.95623 -1.05801 0
      vertex 11.9782 -1.1964 0
      vertex 12.152 -1.5657 0
    endloop
  endfacet
  facet normal 0 0 -1
    outer loop
      vertex 8.81214 -1.23218 0
      vertex 12.152 -1.5657 0
      vertex 12.3707 -1.9103 0
    endloop
  endfacet
  facet normal 0 0 -1
    outer loop
      vertex 8.46449 -1.51979 0
      vertex 12.3707 -1.9103 0
      vertex 12.6309 -2.22478 0
    endloop
  endfacet
  facet normal 0 0 -1
    outer loop
      vertex 13.2586 -2.74407 0
      vertex 8.05623 -1.7119 0
      vertex 12.9284 -2.50417 0
    endloop
  endfacet
  facet normal -0 0 -1
    outer loop
      vertex 11.75 0 0
      vertex 9.28581 -0.225599 0
      vertex 9.3 0 0
    endloop
  endfacet
  facet normal -0 0 -1
    outer loop
      vertex 11.7756 -0.407332 0
      vertex 9.24345 -0.447641 0
      vertex 9.28581 -0.225599 0
    endloop
  endfacet
  facet normal 0 0 -1
    outer loop
      vertex 11.8521 -0.808242 0
      vertex 9.1736 -0.662623 0
      vertex 9.24345 -0.447641 0
    endloop
  endfacet
  facet normal -0 0 -1
    outer loop
      vertex 11.8521 -0.808242 0
      vertex 9.07735 -0.867156 0
      vertex 9.1736 -0.662623 0
    endloop
  endfacet
  facet normal 0 0 -1
    outer loop
      vertex 11.9782 -1.1964 0
      vertex 8.95623 -1.05801 0
      vertex 9.07735 -0.867156 0
    endloop
  endfacet
  facet normal 0 0 -1
    outer loop
      vertex 12.152 -1.5657 0
      vertex 8.81214 -1.23218 0
      vertex 8.95623 -1.05801 0
    endloop
  endfacet
  facet normal 0 0 -1
    outer loop
      vertex 12.3707 -1.9103 0
      vertex 8.64736 -1.38692 0
      vertex 8.81214 -1.23218 0
    endloop
  endfacet
  facet normal 0 0 -1
    outer loop
      vertex 12.3707 -1.9103 0
      vertex 8.46449 -1.51979 0
      vertex 8.64736 -1.38692 0
    endloop
  endfacet
  facet normal 0 0 -1
    outer loop
      vertex 12.6309 -2.22478 0
      vertex 8.2664 -1.62869 0
      vertex 8.46449 -1.51979 0
    endloop
  endfacet
  facet normal 0 0 -1
    outer loop
      vertex 12.9284 -2.50417 0
      vertex 8.2664 -1.62869 0
      vertex 12.6309 -2.22478 0
    endloop
  endfacet
  facet normal 0 -0 -1
    outer loop
      vertex 8.2664 -1.62869 0
      vertex 12.9284 -2.50417 0
      vertex 8.05623 -1.7119 0
    endloop
  endfacet
  facet normal 0 0 -1
    outer loop
      vertex 17.314 -6.99013 0
      vertex 7.61302 -1.79645 0
      vertex 7.83729 -1.76812 0
    endloop
  endfacet
  facet normal 0 0 -1
    outer loop
      vertex 17.314 -6.99013 0
      vertex 7.38698 -1.79645 0
      vertex 7.61302 -1.79645 0
    endloop
  endfacet
  facet normal 0 0 -1
    outer loop
      vertex 1.38378 -2.94069 0
      vertex 7.38698 -1.79645 0
      vertex 17.314 -6.99013 0
    endloop
  endfacet
  facet normal -0 0 -1
    outer loop
      vertex 7.38698 -1.79645 0
      vertex 1.38378 -2.94069 0
      vertex 7.16271 -1.76812 0
    endloop
  endfacet
  facet normal 0 -0 -1
    outer loop
      vertex 1.74144 -2.74407 0
      vertex 7.16271 -1.76812 0
      vertex 1.38378 -2.94069 0
    endloop
  endfacet
  facet normal 0 0 -1
    outer loop
      vertex 5.71419 -0.225599 0
      vertex 3.25 0 0
      vertex 5.7 0 0
    endloop
  endfacet
  facet normal 0 0 -1
    outer loop
      vertex 3.22437 -0.407332 0
      vertex 5.71419 -0.225599 0
      vertex 5.75655 -0.447641 0
    endloop
  endfacet
  facet normal 0 0 -1
    outer loop
      vertex 3.14789 -0.808242 0
      vertex 5.75655 -0.447641 0
      vertex 5.8264 -0.662623 0
    endloop
  endfacet
  facet normal 0 0 -1
    outer loop
      vertex 3.14789 -0.808242 0
      vertex 5.8264 -0.662623 0
      vertex 5.92265 -0.867156 0
    endloop
  endfacet
  facet normal 0 0 -1
    outer loop
      vertex 3.02177 -1.1964 0
      vertex 5.92265 -0.867156 0
      vertex 6.04377 -1.05801 0
    endloop
  endfacet
  facet normal 0 0 -1
    outer loop
      vertex 2.848 -1.5657 0
      vertex 6.04377 -1.05801 0
      vertex 6.18786 -1.23218 0
    endloop
  endfacet
  facet normal 0 0 -1
    outer loop
      vertex 2.6293 -1.9103 0
      vertex 6.18786 -1.23218 0
      vertex 6.35264 -1.38692 0
    endloop
  endfacet
  facet normal 0 0 -1
    outer loop
      vertex 2.6293 -1.9103 0
      vertex 6.35264 -1.38692 0
      vertex 6.53551 -1.51979 0
    endloop
  endfacet
  facet normal 0 0 -1
    outer loop
      vertex 2.36915 -2.22478 0
      vertex 6.53551 -1.51979 0
      vertex 6.7336 -1.62869 0
    endloop
  endfacet
  facet normal -0 0 -1
    outer loop
      vertex 7.16271 -1.76812 0
      vertex 1.74144 -2.74407 0
      vertex 6.94377 -1.7119 0
    endloop
  endfacet
  facet normal -0 0 -1
    outer loop
      vertex 5.71419 -0.225599 0
      vertex 3.22437 -0.407332 0
      vertex 3.25 0 0
    endloop
  endfacet
  facet normal -0 0 -1
    outer loop
      vertex 5.75655 -0.447641 0
      vertex 3.14789 -0.808242 0
      vertex 3.22437 -0.407332 0
    endloop
  endfacet
  facet normal -0 0 -1
    outer loop
      vertex 5.92265 -0.867156 0
      vertex 3.02177 -1.1964 0
      vertex 3.14789 -0.808242 0
    endloop
  endfacet
  facet normal 0 0 -1
    outer loop
      vertex 6.04377 -1.05801 0
      vertex 2.848 -1.5657 0
      vertex 3.02177 -1.1964 0
    endloop
  endfacet
  facet normal 0 0 -1
    outer loop
      vertex 6.18786 -1.23218 0
      vertex 2.6293 -1.9103 0
      vertex 2.848 -1.5657 0
    endloop
  endfacet
  facet normal 0 0 -1
    outer loop
      vertex 6.53551 -1.51979 0
      vertex 2.36915 -2.22478 0
      vertex 2.6293 -1.9103 0
    endloop
  endfacet
  facet normal 0 0 -1
    outer loop
      vertex 6.7336 -1.62869 0
      vertex 2.07163 -2.50417 0
      vertex 2.36915 -2.22478 0
    endloop
  endfacet
  facet normal -0 0 -1
    outer loop
      vertex 6.94377 -1.7119 0
      vertex 2.07163 -2.50417 0
      vertex 6.7336 -1.62869 0
    endloop
  endfacet
  facet normal 0 -0 -1
    outer loop
      vertex 2.07163 -2.50417 0
      vertex 6.94377 -1.7119 0
      vertex 1.74144 -2.74407 0
    endloop
  endfacet
  facet normal 0 0 -1
    outer loop
      vertex 17.314 -6.99013 0
      vertex 1.0043 -3.09093 0
      vertex 1.38378 -2.94069 0
    endloop
  endfacet
  facet normal 0 0 -1
    outer loop
      vertex 17.314 -6.99013 0
      vertex 0.608989 -3.19243 0
      vertex 1.0043 -3.09093 0
    endloop
  endfacet
  facet normal 0 0 -1
    outer loop
      vertex 17.314 -6.99013 0
      vertex 0.204069 -3.24359 0
      vertex 0.608989 -3.19243 0
    endloop
  endfacet
  facet normal 0 0 -1
    outer loop
      vertex 17.314 -6.99013 0
      vertex -0.204069 -3.24359 0
      vertex 0.204069 -3.24359 0
    endloop
  endfacet
  facet normal 0 0 -1
    outer loop
      vertex -17.314 -6.99013 0
      vertex -0.204069 -3.24359 0
      vertex 17.314 -6.99013 0
    endloop
  endfacet
  facet normal 0 0 -1
    outer loop
      vertex -5.71419 -0.225599 0
      vertex -3.25 0 0
      vertex -3.22437 -0.407332 0
    endloop
  endfacet
  facet normal 0 0 -1
    outer loop
      vertex -5.75655 -0.447641 0
      vertex -3.22437 -0.407332 0
      vertex -3.14789 -0.808242 0
    endloop
  endfacet
  facet normal 0 0 -1
    outer loop
      vertex -5.92265 -0.867156 0
      vertex -3.14789 -0.808242 0
      vertex -3.02177 -1.1964 0
    endloop
  endfacet
  facet normal 0 0 -1
    outer loop
      vertex -6.04377 -1.05801 0
      vertex -3.02177 -1.1964 0
      vertex -2.848 -1.5657 0
    endloop
  endfacet
  facet normal 0 0 -1
    outer loop
      vertex -6.18786 -1.23218 0
      vertex -2.848 -1.5657 0
      vertex -2.6293 -1.9103 0
    endloop
  endfacet
  facet normal 0 0 -1
    outer loop
      vertex -6.53551 -1.51979 0
      vertex -2.6293 -1.9103 0
      vertex -2.36915 -2.22478 0
    endloop
  endfacet
  facet normal 0 0 -1
    outer loop
      vertex -6.7336 -1.62869 0
      vertex -2.36915 -2.22478 0
      vertex -2.07163 -2.50417 0
    endloop
  endfacet
  facet normal 0 0 -1
    outer loop
      vertex -6.94377 -1.7119 0
      vertex -2.07163 -2.50417 0
      vertex -1.74144 -2.74407 0
    endloop
  endfacet
  facet normal -0 0 -1
    outer loop
      vertex -3.25 0 0
      vertex -5.71419 -0.225599 0
      vertex -5.7 0 0
    endloop
  endfacet
  facet normal -0 0 -1
    outer loop
      vertex -3.22437 -0.407332 0
      vertex -5.75655 -0.447641 0
      vertex -5.71419 -0.225599 0
    endloop
  endfacet
  facet normal 0 0 -1
    outer loop
      vertex -3.14789 -0.808242 0
      vertex -5.8264 -0.662623 0
      vertex -5.75655 -0.447641 0
    endloop
  endfacet
  facet normal 0 0 -1
    outer loop
      vertex -7.16271 -1.76812 0
      vertex -1.74144 -2.74407 0
      vertex -1.38378 -2.94069 0
    endloop
  endfacet
  facet normal -0 0 -1
    outer loop
      vertex -3.14789 -0.808242 0
      vertex -5.92265 -0.867156 0
      vertex -5.8264 -0.662623 0
    endloop
  endfacet
  facet normal 0 0 -1
    outer loop
      vertex -3.02177 -1.1964 0
      vertex -6.04377 -1.05801 0
      vertex -5.92265 -0.867156 0
    endloop
  endfacet
  facet normal 0 0 -1
    outer loop
      vertex -2.848 -1.5657 0
      vertex -6.18786 -1.23218 0
      vertex -6.04377 -1.05801 0
    endloop
  endfacet
  facet normal 0 0 -1
    outer loop
      vertex -17.314 -6.99013 0
      vertex -1.38378 -2.94069 0
      vertex -1.0043 -3.09093 0
    endloop
  endfacet
  facet normal 0 0 -1
    outer loop
      vertex -2.6293 -1.9103 0
      vertex -6.35264 -1.38692 0
      vertex -6.18786 -1.23218 0
    endloop
  endfacet
  facet normal 0 0 -1
    outer loop
      vertex -2.6293 -1.9103 0
      vertex -6.53551 -1.51979 0
      vertex -6.35264 -1.38692 0
    endloop
  endfacet
  facet normal 0 0 -1
    outer loop
      vertex -2.36915 -2.22478 0
      vertex -6.7336 -1.62869 0
      vertex -6.53551 -1.51979 0
    endloop
  endfacet
  facet normal 0 0 -1
    outer loop
      vertex -17.314 -6.99013 0
      vertex -1.0043 -3.09093 0
      vertex -0.608989 -3.19243 0
    endloop
  endfacet
  facet normal 0 0 -1
    outer loop
      vertex -2.07163 -2.50417 0
      vertex -6.94377 -1.7119 0
      vertex -6.7336 -1.62869 0
    endloop
  endfacet
  facet normal 0 0 -1
    outer loop
      vertex -1.74144 -2.74407 0
      vertex -7.16271 -1.76812 0
      vertex -6.94377 -1.7119 0
    endloop
  endfacet
  facet normal 0 0 -1
    outer loop
      vertex -1.38378 -2.94069 0
      vertex -7.38698 -1.79645 0
      vertex -7.16271 -1.76812 0
    endloop
  endfacet
  facet normal -0 0 -1
    outer loop
      vertex -0.204069 -3.24359 0
      vertex -17.314 -6.99013 0
      vertex -0.608989 -3.19243 0
    endloop
  endfacet
  facet normal -0 0 -1
    outer loop
      vertex -1.38378 -2.94069 0
      vertex -17.314 -6.99013 0
      vertex -7.38698 -1.79645 0
    endloop
  endfacet
  facet normal -0 0 -1
    outer loop
      vertex -7.38698 -1.79645 0
      vertex -17.314 -6.99013 0
      vertex -7.61302 -1.79645 0
    endloop
  endfacet
  facet normal 0 0 -1
    outer loop
      vertex -9.28581 -0.225599 0
      vertex -11.75 0 0
      vertex -9.3 0 0
    endloop
  endfacet
  facet normal 0 0 -1
    outer loop
      vertex -11.7756 -0.407332 0
      vertex -9.28581 -0.225599 0
      vertex -9.24345 -0.447641 0
    endloop
  endfacet
  facet normal 0 0 -1
    outer loop
      vertex -11.8521 -0.808242 0
      vertex -9.24345 -0.447641 0
      vertex -9.1736 -0.662623 0
    endloop
  endfacet
  facet normal 0 0 -1
    outer loop
      vertex -11.8521 -0.808242 0
      vertex -9.1736 -0.662623 0
      vertex -9.07735 -0.867156 0
    endloop
  endfacet
  facet normal 0 0 -1
    outer loop
      vertex -11.9782 -1.1964 0
      vertex -9.07735 -0.867156 0
      vertex -8.95623 -1.05801 0
    endloop
  endfacet
  facet normal 0 0 -1
    outer loop
      vertex -12.152 -1.5657 0
      vertex -8.95623 -1.05801 0
      vertex -8.81214 -1.23218 0
    endloop
  endfacet
  facet normal 0 0 -1
    outer loop
      vertex -12.3707 -1.9103 0
      vertex -8.81214 -1.23218 0
      vertex -8.64736 -1.38692 0
    endloop
  endfacet
  facet normal 0 0 -1
    outer loop
      vertex -12.3707 -1.9103 0
      vertex -8.64736 -1.38692 0
      vertex -8.46449 -1.51979 0
    endloop
  endfacet
  facet normal 0 0 -1
    outer loop
      vertex -12.6309 -2.22478 0
      vertex -8.46449 -1.51979 0
      vertex -8.2664 -1.62869 0
    endloop
  endfacet
  facet normal -0 0 -1
    outer loop
      vertex -9.28581 -0.225599 0
      vertex -11.7756 -0.407332 0
      vertex -11.75 0 0
    endloop
  endfacet
  facet normal 0 0 -1
    outer loop
      vertex -12.9284 -2.50417 0
      vertex -8.2664 -1.62869 0
      vertex -8.05623 -1.7119 0
    endloop
  endfacet
  facet normal -0 0 -1
    outer loop
      vertex -9.24345 -0.447641 0
      vertex -11.8521 -0.808242 0
      vertex -11.7756 -0.407332 0
    endloop
  endfacet
  facet normal 0 0 -1
    outer loop
      vertex -13.2586 -2.74407 0
      vertex -8.05623 -1.7119 0
      vertex -7.83729 -1.76812 0
    endloop
  endfacet
  facet normal -0 0 -1
    outer loop
      vertex -9.07735 -0.867156 0
      vertex -11.9782 -1.1964 0
      vertex -11.8521 -0.808242 0
    endloop
  endfacet
  facet normal -0 0 -1
    outer loop
      vertex -7.61302 -1.79645 0
      vertex -17.314 -6.99013 0
      vertex -7.83729 -1.76812 0
    endloop
  endfacet
  facet normal 0 0 -1
    outer loop
      vertex -8.95623 -1.05801 0
      vertex -12.152 -1.5657 0
      vertex -11.9782 -1.1964 0
    endloop
  endfacet
  facet normal 0 0 -1
    outer loop
      vertex -8.81214 -1.23218 0
      vertex -12.3707 -1.9103 0
      vertex -12.152 -1.5657 0
    endloop
  endfacet
  facet normal 0 0 -1
    outer loop
      vertex -8.46449 -1.51979 0
      vertex -12.6309 -2.22478 0
      vertex -12.3707 -1.9103 0
    endloop
  endfacet
  facet normal 0 0 -1
    outer loop
      vertex -8.2664 -1.62869 0
      vertex -12.9284 -2.50417 0
      vertex -12.6309 -2.22478 0
    endloop
  endfacet
  facet normal 0 -0 -1
    outer loop
      vertex -13.2586 -2.74407 0
      vertex -7.83729 -1.76812 0
      vertex -17.314 -6.99013 0
    endloop
  endfacet
  facet normal 0 0 -1
    outer loop
      vertex -8.05623 -1.7119 0
      vertex -13.2586 -2.74407 0
      vertex -12.9284 -2.50417 0
    endloop
  endfacet
  facet normal 0 0 -1
    outer loop
      vertex -13.2586 -2.74407 0
      vertex -17.314 -6.99013 0
      vertex -13.6162 -2.94069 0
    endloop
  endfacet
  facet normal 0 0 -1
    outer loop
      vertex -13.6162 -2.94069 0
      vertex -17.314 -6.99013 0
      vertex -13.9957 -3.09093 0
    endloop
  endfacet
  facet normal 0 0 -1
    outer loop
      vertex -13.9957 -3.09093 0
      vertex -17.314 -6.99013 0
      vertex -14.391 -3.19243 0
    endloop
  endfacet
  facet normal 0 0 -1
    outer loop
      vertex -14.391 -3.19243 0
      vertex -17.314 -6.99013 0
      vertex -14.7959 -3.24359 0
    endloop
  endfacet
  facet normal -0 0 -1
    outer loop
      vertex -14.7959 -3.24359 0
      vertex -17.314 -6.99013 0
      vertex -15.2041 -3.24359 0
    endloop
  endfacet
  facet normal 0 0 -1
    outer loop
      vertex -17.314 -6.99013 0
      vertex -15.609 -3.19243 0
      vertex -15.2041 -3.24359 0
    endloop
  endfacet
  facet normal 0 0 -1
    outer loop
      vertex -17.314 -6.99013 0
      vertex -16.0043 -3.09093 0
      vertex -15.609 -3.19243 0
    endloop
  endfacet
  facet normal 0 0 -1
    outer loop
      vertex -17.314 -6.99013 0
      vertex -16.3838 -2.94069 0
      vertex -16.0043 -3.09093 0
    endloop
  endfacet
  facet normal 0 0 -1
    outer loop
      vertex -17.9369 -6.91144 0
      vertex -16.3838 -2.94069 0
      vertex -17.314 -6.99013 0
    endloop
  endfacet
  facet normal -0 0 -1
    outer loop
      vertex -16.3838 -2.94069 0
      vertex -17.9369 -6.91144 0
      vertex -16.7414 -2.74407 0
    endloop
  endfacet
  facet normal 0 0 -1
    outer loop
      vertex -18.5451 -6.75528 0
      vertex -16.7414 -2.74407 0
      vertex -17.9369 -6.91144 0
    endloop
  endfacet
  facet normal 0 0 -1
    outer loop
      vertex -19.1289 -6.52413 0
      vertex -16.7414 -2.74407 0
      vertex -18.5451 -6.75528 0
    endloop
  endfacet
  facet normal -0 0 -1
    outer loop
      vertex -16.7414 -2.74407 0
      vertex -19.1289 -6.52413 0
      vertex -17.0716 -2.50417 0
    endloop
  endfacet
  facet normal 0 0 -1
    outer loop
      vertex -19.6791 -6.22164 0
      vertex -17.0716 -2.50417 0
      vertex -19.1289 -6.52413 0
    endloop
  endfacet
  facet normal 0 0 -1
    outer loop
      vertex -20.1871 -5.85257 0
      vertex -17.0716 -2.50417 0
      vertex -19.6791 -6.22164 0
    endloop
  endfacet
  facet normal -0 0 -1
    outer loop
      vertex -17.0716 -2.50417 0
      vertex -20.1871 -5.85257 0
      vertex -17.3691 -2.22478 0
    endloop
  endfacet
  facet normal 0 0 -1
    outer loop
      vertex -20.6448 -5.42274 0
      vertex -17.3691 -2.22478 0
      vertex -20.1871 -5.85257 0
    endloop
  endfacet
  facet normal 0 0 -1
    outer loop
      vertex -21.0451 -4.93893 0
      vertex -17.3691 -2.22478 0
      vertex -20.6448 -5.42274 0
    endloop
  endfacet
  facet normal -0 0 -1
    outer loop
      vertex -17.3691 -2.22478 0
      vertex -21.0451 -4.93893 0
      vertex -17.6293 -1.9103 0
    endloop
  endfacet
  facet normal 0 0 -1
    outer loop
      vertex 17.3691 2.22478 0
      vertex 21.0451 4.93893 0
      vertex 17.6293 1.9103 0
    endloop
  endfacet
  facet normal -0 0 -1
    outer loop
      vertex 21.0451 4.93893 0
      vertex 17.3691 2.22478 0
      vertex 20.6448 5.42274 0
    endloop
  endfacet
  facet normal -0 0 -1
    outer loop
      vertex 20.6448 5.42274 0
      vertex 17.3691 2.22478 0
      vertex 20.1871 5.85257 0
    endloop
  endfacet
  facet normal 0 0 -1
    outer loop
      vertex 17.0716 2.50417 0
      vertex 20.1871 5.85257 0
      vertex 17.3691 2.22478 0
    endloop
  endfacet
  facet normal -0 0 -1
    outer loop
      vertex 20.1871 5.85257 0
      vertex 17.0716 2.50417 0
      vertex 19.6791 6.22164 0
    endloop
  endfacet
  facet normal -0 0 -1
    outer loop
      vertex 19.6791 6.22164 0
      vertex 17.0716 2.50417 0
      vertex 19.1289 6.52413 0
    endloop
  endfacet
  facet normal 0 0 -1
    outer loop
      vertex 16.7414 2.74407 0
      vertex 19.1289 6.52413 0
      vertex 17.0716 2.50417 0
    endloop
  endfacet
  facet normal -0 0 -1
    outer loop
      vertex 19.1289 6.52413 0
      vertex 16.7414 2.74407 0
      vertex 18.5451 6.75528 0
    endloop
  endfacet
  facet normal -0 0 -1
    outer loop
      vertex 18.5451 6.75528 0
      vertex 16.7414 2.74407 0
      vertex 17.9369 6.91144 0
    endloop
  endfacet
  facet normal 0 0 -1
    outer loop
      vertex 16.3838 2.94069 0
      vertex 17.9369 6.91144 0
      vertex 16.7414 2.74407 0
    endloop
  endfacet
  facet normal -0 0 -1
    outer loop
      vertex 17.9369 6.91144 0
      vertex 16.3838 2.94069 0
      vertex 17.314 6.99013 0
    endloop
  endfacet
  facet normal 0 0 -1
    outer loop
      vertex 16.0043 3.09093 0
      vertex 17.314 6.99013 0
      vertex 16.3838 2.94069 0
    endloop
  endfacet
  facet normal 0 0 -1
    outer loop
      vertex 15.609 3.19243 0
      vertex 17.314 6.99013 0
      vertex 16.0043 3.09093 0
    endloop
  endfacet
  facet normal 0 0 -1
    outer loop
      vertex 15.2041 3.24359 0
      vertex 17.314 6.99013 0
      vertex 15.609 3.19243 0
    endloop
  endfacet
  facet normal 0 0 -1
    outer loop
      vertex 14.7959 3.24359 0
      vertex 17.314 6.99013 0
      vertex 15.2041 3.24359 0
    endloop
  endfacet
  facet normal 0 0 -1
    outer loop
      vertex 14.391 3.19243 0
      vertex 17.314 6.99013 0
      vertex 14.7959 3.24359 0
    endloop
  endfacet
  facet normal 0 0 -1
    outer loop
      vertex 13.9957 3.09093 0
      vertex 17.314 6.99013 0
      vertex 14.391 3.19243 0
    endloop
  endfacet
  facet normal 0 0 -1
    outer loop
      vertex 13.6162 2.94069 0
      vertex 17.314 6.99013 0
      vertex 13.9957 3.09093 0
    endloop
  endfacet
  facet normal 0 0 -1
    outer loop
      vertex 13.2586 2.74407 0
      vertex 17.314 6.99013 0
      vertex 13.6162 2.94069 0
    endloop
  endfacet
  facet normal 0 0 -1
    outer loop
      vertex 8.05623 1.7119 0
      vertex 13.2586 2.74407 0
      vertex 12.9284 2.50417 0
    endloop
  endfacet
  facet normal 0 0 -1
    outer loop
      vertex 8.2664 1.62869 0
      vertex 12.9284 2.50417 0
      vertex 12.6309 2.22478 0
    endloop
  endfacet
  facet normal 0 0 -1
    outer loop
      vertex 9.28581 0.225599 0
      vertex 11.75 0 0
      vertex 9.3 0 0
    endloop
  endfacet
  facet normal 0 0 -1
    outer loop
      vertex 11.75 0 0
      vertex 9.28581 0.225599 0
      vertex 11.7756 0.407332 0
    endloop
  endfacet
  facet normal 0 0 -1
    outer loop
      vertex 9.24345 0.447641 0
      vertex 11.7756 0.407332 0
      vertex 9.28581 0.225599 0
    endloop
  endfacet
  facet normal 0 0 -1
    outer loop
      vertex 11.7756 0.407332 0
      vertex 9.24345 0.447641 0
      vertex 11.8521 0.808242 0
    endloop
  endfacet
  facet normal 0 0 -1
    outer loop
      vertex 9.1736 0.662623 0
      vertex 11.8521 0.808242 0
      vertex 9.24345 0.447641 0
    endloop
  endfacet
  facet normal 0 0 -1
    outer loop
      vertex 9.07735 0.867156 0
      vertex 11.8521 0.808242 0
      vertex 9.1736 0.662623 0
    endloop
  endfacet
  facet normal 0 0 -1
    outer loop
      vertex 11.8521 0.808242 0
      vertex 9.07735 0.867156 0
      vertex 11.9782 1.1964 0
    endloop
  endfacet
  facet normal 0 0 -1
    outer loop
      vertex 8.95623 1.05801 0
      vertex 11.9782 1.1964 0
      vertex 9.07735 0.867156 0
    endloop
  endfacet
  facet normal -0 0 -1
    outer loop
      vertex 11.9782 1.1964 0
      vertex 8.95623 1.05801 0
      vertex 12.152 1.5657 0
    endloop
  endfacet
  facet normal 0 0 -1
    outer loop
      vertex 8.81214 1.23218 0
      vertex 12.152 1.5657 0
      vertex 8.95623 1.05801 0
    endloop
  endfacet
  facet normal -0 0 -1
    outer loop
      vertex 12.152 1.5657 0
      vertex 8.81214 1.23218 0
      vertex 12.3707 1.9103 0
    endloop
  endfacet
  facet normal 0 0 -1
    outer loop
      vertex 8.64736 1.38692 0
      vertex 12.3707 1.9103 0
      vertex 8.81214 1.23218 0
    endloop
  endfacet
  facet normal 0 0 -1
    outer loop
      vertex 8.46449 1.51979 0
      vertex 12.3707 1.9103 0
      vertex 8.64736 1.38692 0
    endloop
  endfacet
  facet normal -0 0 -1
    outer loop
      vertex 12.3707 1.9103 0
      vertex 8.46449 1.51979 0
      vertex 12.6309 2.22478 0
    endloop
  endfacet
  facet normal 0 0 -1
    outer loop
      vertex 8.2664 1.62869 0
      vertex 12.6309 2.22478 0
      vertex 8.46449 1.51979 0
    endloop
  endfacet
  facet normal 0 0 -1
    outer loop
      vertex 12.9284 2.50417 0
      vertex 8.2664 1.62869 0
      vertex 8.05623 1.7119 0
    endloop
  endfacet
  facet normal 0 0 -1
    outer loop
      vertex 13.2586 2.74407 0
      vertex 8.05623 1.7119 0
      vertex 7.83729 1.76812 0
    endloop
  endfacet
  facet normal -0 0 -1
    outer loop
      vertex 13.2586 2.74407 0
      vertex 7.83729 1.76812 0
      vertex 17.314 6.99013 0
    endloop
  endfacet
  facet normal 0 0 -1
    outer loop
      vertex 7.61302 1.79645 0
      vertex 17.314 6.99013 0
      vertex 7.83729 1.76812 0
    endloop
  endfacet
  facet normal 0 0 -1
    outer loop
      vertex 7.38698 1.79645 0
      vertex 17.314 6.99013 0
      vertex 7.61302 1.79645 0
    endloop
  endfacet
  facet normal 0 0 -1
    outer loop
      vertex 1.38378 2.94069 0
      vertex 7.38698 1.79645 0
      vertex 7.16271 1.76812 0
    endloop
  endfacet
  facet normal 0 0 -1
    outer loop
      vertex 1.74144 2.74407 0
      vertex 7.16271 1.76812 0
      vertex 6.94377 1.7119 0
    endloop
  endfacet
  facet normal 0 0 -1
    outer loop
      vertex 2.07163 2.50417 0
      vertex 6.94377 1.7119 0
      vertex 6.7336 1.62869 0
    endloop
  endfacet
  facet normal 0 0 -1
    outer loop
      vertex 3.25 0 0
      vertex 5.71419 0.225599 0
      vertex 5.7 0 0
    endloop
  endfacet
  facet normal 0 0 -1
    outer loop
      vertex 3.22437 0.407332 0
      vertex 5.71419 0.225599 0
      vertex 3.25 0 0
    endloop
  endfacet
  facet normal 0 0 -1
    outer loop
      vertex 5.71419 0.225599 0
      vertex 3.22437 0.407332 0
      vertex 5.75655 0.447641 0
    endloop
  endfacet
  facet normal 0 0 -1
    outer loop
      vertex 3.14789 0.808242 0
      vertex 5.75655 0.447641 0
      vertex 3.22437 0.407332 0
    endloop
  endfacet
  facet normal 0 0 -1
    outer loop
      vertex 5.75655 0.447641 0
      vertex 3.14789 0.808242 0
      vertex 5.8264 0.662623 0
    endloop
  endfacet
  facet normal 0 0 -1
    outer loop
      vertex 5.8264 0.662623 0
      vertex 3.14789 0.808242 0
      vertex 5.92265 0.867156 0
    endloop
  endfacet
  facet normal 0 0 -1
    outer loop
      vertex 3.02177 1.1964 0
      vertex 5.92265 0.867156 0
      vertex 3.14789 0.808242 0
    endloop
  endfacet
  facet normal 0 0 -1
    outer loop
      vertex 5.92265 0.867156 0
      vertex 3.02177 1.1964 0
      vertex 6.04377 1.05801 0
    endloop
  endfacet
  facet normal 0 0 -1
    outer loop
      vertex 2.848 1.5657 0
      vertex 6.04377 1.05801 0
      vertex 3.02177 1.1964 0
    endloop
  endfacet
  facet normal 0 0 -1
    outer loop
      vertex 6.04377 1.05801 0
      vertex 2.848 1.5657 0
      vertex 6.18786 1.23218 0
    endloop
  endfacet
  facet normal 0 0 -1
    outer loop
      vertex 2.6293 1.9103 0
      vertex 6.18786 1.23218 0
      vertex 2.848 1.5657 0
    endloop
  endfacet
  facet normal 0 0 -1
    outer loop
      vertex 6.18786 1.23218 0
      vertex 2.6293 1.9103 0
      vertex 6.35264 1.38692 0
    endloop
  endfacet
  facet normal 0 0 -1
    outer loop
      vertex 6.35264 1.38692 0
      vertex 2.6293 1.9103 0
      vertex 6.53551 1.51979 0
    endloop
  endfacet
  facet normal 0 0 -1
    outer loop
      vertex 2.36915 2.22478 0
      vertex 6.53551 1.51979 0
      vertex 2.6293 1.9103 0
    endloop
  endfacet
  facet normal 0 0 -1
    outer loop
      vertex 6.53551 1.51979 0
      vertex 2.36915 2.22478 0
      vertex 6.7336 1.62869 0
    endloop
  endfacet
  facet normal 0 0 -1
    outer loop
      vertex 2.07163 2.50417 0
      vertex 6.7336 1.62869 0
      vertex 2.36915 2.22478 0
    endloop
  endfacet
  facet normal 0 0 -1
    outer loop
      vertex 6.94377 1.7119 0
      vertex 2.07163 2.50417 0
      vertex 1.74144 2.74407 0
    endloop
  endfacet
  facet normal 0 0 -1
    outer loop
      vertex 7.16271 1.76812 0
      vertex 1.74144 2.74407 0
      vertex 1.38378 2.94069 0
    endloop
  endfacet
  facet normal 0 0 -1
    outer loop
      vertex 7.38698 1.79645 0
      vertex 1.38378 2.94069 0
      vertex 17.314 6.99013 0
    endloop
  endfacet
  facet normal 0 0 -1
    outer loop
      vertex 1.0043 3.09093 0
      vertex 17.314 6.99013 0
      vertex 1.38378 2.94069 0
    endloop
  endfacet
  facet normal 0 0 -1
    outer loop
      vertex 0.608989 3.19243 0
      vertex 17.314 6.99013 0
      vertex 1.0043 3.09093 0
    endloop
  endfacet
  facet normal 0 0 -1
    outer loop
      vertex 0.204069 3.24359 0
      vertex 17.314 6.99013 0
      vertex 0.608989 3.19243 0
    endloop
  endfacet
  facet normal 0 0 -1
    outer loop
      vertex -0.204069 3.24359 0
      vertex 17.314 6.99013 0
      vertex 0.204069 3.24359 0
    endloop
  endfacet
  facet normal 0 0 -1
    outer loop
      vertex -17.314 6.99013 0
      vertex -0.204069 3.24359 0
      vertex -0.608989 3.19243 0
    endloop
  endfacet
  facet normal 0 0 -1
    outer loop
      vertex -5.71419 0.225599 0
      vertex -3.25 0 0
      vertex -5.7 0 0
    endloop
  endfacet
  facet normal 0 0 -1
    outer loop
      vertex -3.25 0 0
      vertex -5.71419 0.225599 0
      vertex -3.22437 0.407332 0
    endloop
  endfacet
  facet normal 0 0 -1
    outer loop
      vertex -5.75655 0.447641 0
      vertex -3.22437 0.407332 0
      vertex -5.71419 0.225599 0
    endloop
  endfacet
  facet normal 0 0 -1
    outer loop
      vertex -3.22437 0.407332 0
      vertex -5.75655 0.447641 0
      vertex -3.14789 0.808242 0
    endloop
  endfacet
  facet normal 0 0 -1
    outer loop
      vertex -5.8264 0.662623 0
      vertex -3.14789 0.808242 0
      vertex -5.75655 0.447641 0
    endloop
  endfacet
  facet normal 0 0 -1
    outer loop
      vertex -5.92265 0.867156 0
      vertex -3.14789 0.808242 0
      vertex -5.8264 0.662623 0
    endloop
  endfacet
  facet normal 0 0 -1
    outer loop
      vertex -3.14789 0.808242 0
      vertex -5.92265 0.867156 0
      vertex -3.02177 1.1964 0
    endloop
  endfacet
  facet normal 0 0 -1
    outer loop
      vertex -6.04377 1.05801 0
      vertex -3.02177 1.1964 0
      vertex -5.92265 0.867156 0
    endloop
  endfacet
  facet normal -0 0 -1
    outer loop
      vertex -3.02177 1.1964 0
      vertex -6.04377 1.05801 0
      vertex -2.848 1.5657 0
    endloop
  endfacet
  facet normal 0 0 -1
    outer loop
      vertex -6.18786 1.23218 0
      vertex -2.848 1.5657 0
      vertex -6.04377 1.05801 0
    endloop
  endfacet
  facet normal -0 0 -1
    outer loop
      vertex -2.848 1.5657 0
      vertex -6.18786 1.23218 0
      vertex -2.6293 1.9103 0
    endloop
  endfacet
  facet normal 0 0 -1
    outer loop
      vertex -6.35264 1.38692 0
      vertex -2.6293 1.9103 0
      vertex -6.18786 1.23218 0
    endloop
  endfacet
  facet normal 0 0 -1
    outer loop
      vertex -6.53551 1.51979 0
      vertex -2.6293 1.9103 0
      vertex -6.35264 1.38692 0
    endloop
  endfacet
  facet normal -0 0 -1
    outer loop
      vertex -2.6293 1.9103 0
      vertex -6.53551 1.51979 0
      vertex -2.36915 2.22478 0
    endloop
  endfacet
  facet normal 0 0 -1
    outer loop
      vertex -6.7336 1.62869 0
      vertex -2.36915 2.22478 0
      vertex -6.53551 1.51979 0
    endloop
  endfacet
  facet normal -0 0 -1
    outer loop
      vertex -2.36915 2.22478 0
      vertex -6.7336 1.62869 0
      vertex -2.07163 2.50417 0
    endloop
  endfacet
  facet normal 0 0 -1
    outer loop
      vertex -6.94377 1.7119 0
      vertex -2.07163 2.50417 0
      vertex -6.7336 1.62869 0
    endloop
  endfacet
  facet normal -0 0 -1
    outer loop
      vertex -2.07163 2.50417 0
      vertex -6.94377 1.7119 0
      vertex -1.74144 2.74407 0
    endloop
  endfacet
  facet normal 0 0 -1
    outer loop
      vertex -7.16271 1.76812 0
      vertex -1.74144 2.74407 0
      vertex -6.94377 1.7119 0
    endloop
  endfacet
  facet normal -0 0 -1
    outer loop
      vertex -1.74144 2.74407 0
      vertex -7.16271 1.76812 0
      vertex -1.38378 2.94069 0
    endloop
  endfacet
  facet normal 0 0 -1
    outer loop
      vertex -7.38698 1.79645 0
      vertex -1.38378 2.94069 0
      vertex -7.16271 1.76812 0
    endloop
  endfacet
  facet normal 0 0 -1
    outer loop
      vertex -17.314 6.99013 0
      vertex -1.38378 2.94069 0
      vertex -7.38698 1.79645 0
    endloop
  endfacet
  facet normal 0 0 -1
    outer loop
      vertex -1.38378 2.94069 0
      vertex -17.314 6.99013 0
      vertex -1.0043 3.09093 0
    endloop
  endfacet
  facet normal 0 0 -1
    outer loop
      vertex -1.0043 3.09093 0
      vertex -17.314 6.99013 0
      vertex -0.608989 3.19243 0
    endloop
  endfacet
  facet normal 0 0 -1
    outer loop
      vertex -17.314 6.99013 0
      vertex -7.38698 1.79645 0
      vertex -7.61302 1.79645 0
    endloop
  endfacet
  facet normal 0 0 -1
    outer loop
      vertex -17.314 6.99013 0
      vertex -7.61302 1.79645 0
      vertex -7.83729 1.76812 0
    endloop
  endfacet
  facet normal 0 0 -1
    outer loop
      vertex -11.75 0 0
      vertex -9.28581 0.225599 0
      vertex -9.3 0 0
    endloop
  endfacet
  facet normal 0 0 -1
    outer loop
      vertex -11.7756 0.407332 0
      vertex -9.28581 0.225599 0
      vertex -11.75 0 0
    endloop
  endfacet
  facet normal 0 0 -1
    outer loop
      vertex -9.28581 0.225599 0
      vertex -11.7756 0.407332 0
      vertex -9.24345 0.447641 0
    endloop
  endfacet
  facet normal 0 0 -1
    outer loop
      vertex -11.8521 0.808242 0
      vertex -9.24345 0.447641 0
      vertex -11.7756 0.407332 0
    endloop
  endfacet
  facet normal 0 0 -1
    outer loop
      vertex -9.24345 0.447641 0
      vertex -11.8521 0.808242 0
      vertex -9.1736 0.662623 0
    endloop
  endfacet
  facet normal 0 0 -1
    outer loop
      vertex -9.1736 0.662623 0
      vertex -11.8521 0.808242 0
      vertex -9.07735 0.867156 0
    endloop
  endfacet
  facet normal 0 0 -1
    outer loop
      vertex -11.9782 1.1964 0
      vertex -9.07735 0.867156 0
      vertex -11.8521 0.808242 0
    endloop
  endfacet
  facet normal 0 0 -1
    outer loop
      vertex -9.07735 0.867156 0
      vertex -11.9782 1.1964 0
      vertex -8.95623 1.05801 0
    endloop
  endfacet
  facet normal 0 0 -1
    outer loop
      vertex -12.152 1.5657 0
      vertex -8.95623 1.05801 0
      vertex -11.9782 1.1964 0
    endloop
  endfacet
  facet normal 0 0 -1
    outer loop
      vertex -8.95623 1.05801 0
      vertex -12.152 1.5657 0
      vertex -8.81214 1.23218 0
    endloop
  endfacet
  facet normal 0 0 -1
    outer loop
      vertex -12.3707 1.9103 0
      vertex -8.81214 1.23218 0
      vertex -12.152 1.5657 0
    endloop
  endfacet
  facet normal 0 0 -1
    outer loop
      vertex -8.81214 1.23218 0
      vertex -12.3707 1.9103 0
      vertex -8.64736 1.38692 0
    endloop
  endfacet
  facet normal 0 0 -1
    outer loop
      vertex -8.64736 1.38692 0
      vertex -12.3707 1.9103 0
      vertex -8.46449 1.51979 0
    endloop
  endfacet
  facet normal 0 0 -1
    outer loop
      vertex -12.6309 2.22478 0
      vertex -8.46449 1.51979 0
      vertex -12.3707 1.9103 0
    endloop
  endfacet
  facet normal 0 0 -1
    outer loop
      vertex -8.46449 1.51979 0
      vertex -12.6309 2.22478 0
      vertex -8.2664 1.62869 0
    endloop
  endfacet
  facet normal 0 0 -1
    outer loop
      vertex -12.9284 2.50417 0
      vertex -8.2664 1.62869 0
      vertex -12.6309 2.22478 0
    endloop
  endfacet
  facet normal 0 0 -1
    outer loop
      vertex -8.2664 1.62869 0
      vertex -12.9284 2.50417 0
      vertex -8.05623 1.7119 0
    endloop
  endfacet
  facet normal 0 0 -1
    outer loop
      vertex -13.2586 2.74407 0
      vertex -8.05623 1.7119 0
      vertex -12.9284 2.50417 0
    endloop
  endfacet
  facet normal 0 0 -1
    outer loop
      vertex -8.05623 1.7119 0
      vertex -13.2586 2.74407 0
      vertex -7.83729 1.76812 0
    endloop
  endfacet
  facet normal 0 0 -1
    outer loop
      vertex -7.83729 1.76812 0
      vertex -13.2586 2.74407 0
      vertex -17.314 6.99013 0
    endloop
  endfacet
  facet normal 0 0 -1
    outer loop
      vertex -17.314 6.99013 0
      vertex -13.2586 2.74407 0
      vertex -13.6162 2.94069 0
    endloop
  endfacet
  facet normal 0 0 -1
    outer loop
      vertex -17.314 6.99013 0
      vertex -13.6162 2.94069 0
      vertex -13.9957 3.09093 0
    endloop
  endfacet
  facet normal 0 0 -1
    outer loop
      vertex -17.314 6.99013 0
      vertex -13.9957 3.09093 0
      vertex -14.391 3.19243 0
    endloop
  endfacet
  facet normal 0 0 -1
    outer loop
      vertex -17.314 6.99013 0
      vertex -14.391 3.19243 0
      vertex -14.7959 3.24359 0
    endloop
  endfacet
  facet normal 0 0 -1
    outer loop
      vertex -17.314 6.99013 0
      vertex -14.7959 3.24359 0
      vertex -15.2041 3.24359 0
    endloop
  endfacet
  facet normal 0 0 -1
    outer loop
      vertex -0.204069 3.24359 0
      vertex -17.314 6.99013 0
      vertex 17.314 6.99013 0
    endloop
  endfacet
  facet normal 0 0 -1
    outer loop
      vertex -15.609 3.19243 0
      vertex -17.314 6.99013 0
      vertex -15.2041 3.24359 0
    endloop
  endfacet
  facet normal 0 0 -1
    outer loop
      vertex -16.0043 3.09093 0
      vertex -17.314 6.99013 0
      vertex -15.609 3.19243 0
    endloop
  endfacet
  facet normal 0 0 -1
    outer loop
      vertex -16.3838 2.94069 0
      vertex -17.314 6.99013 0
      vertex -16.0043 3.09093 0
    endloop
  endfacet
  facet normal 0 0 -1
    outer loop
      vertex -17.9369 6.91144 0
      vertex -16.3838 2.94069 0
      vertex -16.7414 2.74407 0
    endloop
  endfacet
  facet normal 0 0 -1
    outer loop
      vertex -19.1289 6.52413 0
      vertex -16.7414 2.74407 0
      vertex -17.0716 2.50417 0
    endloop
  endfacet
  facet normal 0 0 -1
    outer loop
      vertex -20.1871 5.85257 0
      vertex -17.0716 2.50417 0
      vertex -17.3691 2.22478 0
    endloop
  endfacet
  facet normal 0 0 -1
    outer loop
      vertex -21.0451 4.93893 0
      vertex -17.3691 2.22478 0
      vertex -17.6293 1.9103 0
    endloop
  endfacet
  facet normal 0 0 -1
    outer loop
      vertex -21.6489 3.84062 0
      vertex -17.6293 1.9103 0
      vertex -17.848 1.5657 0
    endloop
  endfacet
  facet normal 0 0 -1
    outer loop
      vertex -16.3838 2.94069 0
      vertex -17.9369 6.91144 0
      vertex -17.314 6.99013 0
    endloop
  endfacet
  facet normal 0 0 -1
    outer loop
      vertex -21.9606 2.62667 0
      vertex -17.848 1.5657 0
      vertex -18.0218 1.1964 0
    endloop
  endfacet
  facet normal 0 0 -1
    outer loop
      vertex -22 2 0
      vertex -18.0218 1.1964 0
      vertex -18.1479 0.808242 0
    endloop
  endfacet
  facet normal 0 0 -1
    outer loop
      vertex -22 2 0
      vertex -18.1479 0.808242 0
      vertex -18.2244 0.407332 0
    endloop
  endfacet
  facet normal 0 0 -1
    outer loop
      vertex -22 2 0
      vertex -18.2244 0.407332 0
      vertex -18.25 0 0
    endloop
  endfacet
  facet normal 0 0 -1
    outer loop
      vertex -16.7414 2.74407 0
      vertex -18.5451 6.75528 0
      vertex -17.9369 6.91144 0
    endloop
  endfacet
  facet normal 0 0 -1
    outer loop
      vertex -21.3815 -4.40877 0
      vertex -17.6293 -1.9103 0
      vertex -21.0451 -4.93893 0
    endloop
  endfacet
  facet normal 0 0 -1
    outer loop
      vertex -21.6489 -3.84062 0
      vertex -17.6293 -1.9103 0
      vertex -21.3815 -4.40877 0
    endloop
  endfacet
  facet normal 0 0 -1
    outer loop
      vertex -22 2 0
      vertex -18.25 0 0
      vertex -22 -2 0
    endloop
  endfacet
  facet normal -0 0 -1
    outer loop
      vertex -17.6293 -1.9103 0
      vertex -21.6489 -3.84062 0
      vertex -17.848 -1.5657 0
    endloop
  endfacet
  facet normal 0 0 -1
    outer loop
      vertex -18.0218 1.1964 0
      vertex -22 2 0
      vertex -21.9606 2.62667 0
    endloop
  endfacet
  facet normal 0 0 -1
    outer loop
      vertex -21.8429 -3.24345 0
      vertex -17.848 -1.5657 0
      vertex -21.6489 -3.84062 0
    endloop
  endfacet
  facet normal 0 0 -1
    outer loop
      vertex -16.7414 2.74407 0
      vertex -19.1289 6.52413 0
      vertex -18.5451 6.75528 0
    endloop
  endfacet
  facet normal 0 0 -1
    outer loop
      vertex -21.9606 -2.62667 0
      vertex -17.848 -1.5657 0
      vertex -21.8429 -3.24345 0
    endloop
  endfacet
  facet normal 0 0 -1
    outer loop
      vertex -17.0716 2.50417 0
      vertex -19.6791 6.22164 0
      vertex -19.1289 6.52413 0
    endloop
  endfacet
  facet normal -0 0 -1
    outer loop
      vertex -17.848 -1.5657 0
      vertex -21.9606 -2.62667 0
      vertex -18.0218 -1.1964 0
    endloop
  endfacet
  facet normal 0 0 -1
    outer loop
      vertex -17.0716 2.50417 0
      vertex -20.1871 5.85257 0
      vertex -19.6791 6.22164 0
    endloop
  endfacet
  facet normal 0 0 -1
    outer loop
      vertex -22 -2 0
      vertex -18.0218 -1.1964 0
      vertex -21.9606 -2.62667 0
    endloop
  endfacet
  facet normal 0 0 -1
    outer loop
      vertex -17.3691 2.22478 0
      vertex -20.6448 5.42274 0
      vertex -20.1871 5.85257 0
    endloop
  endfacet
  facet normal -0 0 -1
    outer loop
      vertex -18.0218 -1.1964 0
      vertex -22 -2 0
      vertex -18.1479 -0.808242 0
    endloop
  endfacet
  facet normal 0 0 -1
    outer loop
      vertex -17.3691 2.22478 0
      vertex -21.0451 4.93893 0
      vertex -20.6448 5.42274 0
    endloop
  endfacet
  facet normal -0 0 -1
    outer loop
      vertex -18.1479 -0.808242 0
      vertex -22 -2 0
      vertex -18.2244 -0.407332 0
    endloop
  endfacet
  facet normal 0 0 -1
    outer loop
      vertex -17.6293 1.9103 0
      vertex -21.3815 4.40877 0
      vertex -21.0451 4.93893 0
    endloop
  endfacet
  facet normal -0 0 -1
    outer loop
      vertex -18.2244 -0.407332 0
      vertex -22 -2 0
      vertex -18.25 0 0
    endloop
  endfacet
  facet normal 0 0 -1
    outer loop
      vertex -17.6293 1.9103 0
      vertex -21.6489 3.84062 0
      vertex -21.3815 4.40877 0
    endloop
  endfacet
  facet normal 0 0 -1
    outer loop
      vertex -17.848 1.5657 0
      vertex -21.8429 3.24345 0
      vertex -21.6489 3.84062 0
    endloop
  endfacet
  facet normal 0 0 -1
    outer loop
      vertex -17.848 1.5657 0
      vertex -21.9606 2.62667 0
      vertex -21.8429 3.24345 0
    endloop
  endfacet
  facet normal -0.982275 -0.187447 0
    outer loop
      vertex -21.8429 -3.24345 0
      vertex -21.9606 -2.62667 3
      vertex -21.9606 -2.62667 0
    endloop
  endfacet
  facet normal -0.982275 -0.187447 0
    outer loop
      vertex -21.9606 -2.62667 3
      vertex -21.8429 -3.24345 0
      vertex -21.8429 -3.24345 3
    endloop
  endfacet
  facet normal -0.770468 -0.637478 0
    outer loop
      vertex -20.6448 -5.42274 0
      vertex -21.0451 -4.93893 3
      vertex -21.0451 -4.93893 0
    endloop
  endfacet
  facet normal -0.770468 -0.637478 0
    outer loop
      vertex -21.0451 -4.93893 3
      vertex -20.6448 -5.42274 0
      vertex -20.6448 -5.42274 3
    endloop
  endfacet
  facet normal -0.684565 -0.728952 0
    outer loop
      vertex -20.6448 -5.42274 0
      vertex -20.1871 -5.85257 3
      vertex -20.6448 -5.42274 3
    endloop
  endfacet
  facet normal -0.684565 -0.728952 -0
    outer loop
      vertex -20.1871 -5.85257 3
      vertex -20.6448 -5.42274 0
      vertex -20.1871 -5.85257 0
    endloop
  endfacet
  facet normal -0.368135 -0.929773 0
    outer loop
      vertex -19.1289 -6.52413 0
      vertex -18.5451 -6.75528 3
      vertex -19.1289 -6.52413 3
    endloop
  endfacet
  facet normal -0.368135 -0.929773 -0
    outer loop
      vertex -18.5451 -6.75528 3
      vertex -19.1289 -6.52413 0
      vertex -18.5451 -6.75528 0
    endloop
  endfacet
  facet normal 0.481772 -0.876297 0
    outer loop
      vertex 19.1289 -6.52413 0
      vertex 19.6791 -6.22164 3
      vertex 19.1289 -6.52413 3
    endloop
  endfacet
  facet normal 0.481772 -0.876297 0
    outer loop
      vertex 19.6791 -6.22164 3
      vertex 19.1289 -6.52413 0
      vertex 19.6791 -6.22164 0
    endloop
  endfacet
  facet normal 0.125332 -0.992115 0
    outer loop
      vertex 17.314 -6.99013 0
      vertex 17.9369 -6.91144 3
      vertex 17.314 -6.99013 3
    endloop
  endfacet
  facet normal 0.125332 -0.992115 0
    outer loop
      vertex 17.9369 -6.91144 3
      vertex 17.314 -6.99013 0
      vertex 17.9369 -6.91144 0
    endloop
  endfacet
  facet normal 0.998029 -0.0627481 0
    outer loop
      vertex 21.9606 -2.62667 3
      vertex 22 -2 0
      vertex 22 -2 3
    endloop
  endfacet
  facet normal 0.998029 -0.0627481 0
    outer loop
      vertex 22 -2 0
      vertex 21.9606 -2.62667 3
      vertex 21.9606 -2.62667 0
    endloop
  endfacet
  facet normal -0.998029 0.0627481 0
    outer loop
      vertex -22 2 0
      vertex -21.9606 2.62667 3
      vertex -21.9606 2.62667 0
    endloop
  endfacet
  facet normal -0.998029 0.0627481 0
    outer loop
      vertex -21.9606 2.62667 3
      vertex -22 2 0
      vertex -22 2 3
    endloop
  endfacet
  facet normal -0.982275 0.187447 0
    outer loop
      vertex -21.9606 2.62667 0
      vertex -21.8429 3.24345 3
      vertex -21.8429 3.24345 0
    endloop
  endfacet
  facet normal -0.982275 0.187447 0
    outer loop
      vertex -21.8429 3.24345 3
      vertex -21.9606 2.62667 0
      vertex -21.9606 2.62667 3
    endloop
  endfacet
  facet normal -0.904797 0.425843 0
    outer loop
      vertex -21.6489 3.84062 0
      vertex -21.3815 4.40877 3
      vertex -21.3815 4.40877 0
    endloop
  endfacet
  facet normal -0.904797 0.425843 0
    outer loop
      vertex -21.3815 4.40877 3
      vertex -21.6489 3.84062 0
      vertex -21.6489 3.84062 3
    endloop
  endfacet
  facet normal -0.844364 0.53577 0
    outer loop
      vertex -21.3815 4.40877 0
      vertex -21.0451 4.93893 3
      vertex -21.0451 4.93893 0
    endloop
  endfacet
  facet normal -0.844364 0.53577 0
    outer loop
      vertex -21.0451 4.93893 3
      vertex -21.3815 4.40877 0
      vertex -21.3815 4.40877 3
    endloop
  endfacet
  facet normal 0.904797 0.425843 0
    outer loop
      vertex 21.6489 3.84062 3
      vertex 21.3815 4.40877 0
      vertex 21.3815 4.40877 3
    endloop
  endfacet
  facet normal 0.904797 0.425843 0
    outer loop
      vertex 21.3815 4.40877 0
      vertex 21.6489 3.84062 3
      vertex 21.6489 3.84062 0
    endloop
  endfacet
  facet normal 0.951072 0.30897 0
    outer loop
      vertex 21.8429 3.24345 3
      vertex 21.6489 3.84062 0
      vertex 21.6489 3.84062 3
    endloop
  endfacet
  facet normal 0.951072 0.30897 0
    outer loop
      vertex 21.6489 3.84062 0
      vertex 21.8429 3.24345 3
      vertex 21.8429 3.24345 0
    endloop
  endfacet
  facet normal 0.844364 0.53577 0
    outer loop
      vertex 21.3815 4.40877 3
      vertex 21.0451 4.93893 0
      vertex 21.0451 4.93893 3
    endloop
  endfacet
  facet normal 0.844364 0.53577 0
    outer loop
      vertex 21.0451 4.93893 0
      vertex 21.3815 4.40877 3
      vertex 21.3815 4.40877 0
    endloop
  endfacet
  facet normal 0.368135 0.929773 -0
    outer loop
      vertex 19.1289 6.52413 0
      vertex 18.5451 6.75528 3
      vertex 19.1289 6.52413 3
    endloop
  endfacet
  facet normal 0.368135 0.929773 0
    outer loop
      vertex 18.5451 6.75528 3
      vertex 19.1289 6.52413 0
      vertex 18.5451 6.75528 0
    endloop
  endfacet
  facet normal -0.844364 -0.53577 0
    outer loop
      vertex -21.0451 -4.93893 0
      vertex -21.3815 -4.40877 3
      vertex -21.3815 -4.40877 0
    endloop
  endfacet
  facet normal -0.844364 -0.53577 0
    outer loop
      vertex -21.3815 -4.40877 3
      vertex -21.0451 -4.93893 0
      vertex -21.0451 -4.93893 3
    endloop
  endfacet
  facet normal -0.125332 -0.992115 0
    outer loop
      vertex -17.9369 -6.91144 0
      vertex -17.314 -6.99013 3
      vertex -17.9369 -6.91144 3
    endloop
  endfacet
  facet normal -0.125332 -0.992115 -0
    outer loop
      vertex -17.314 -6.99013 3
      vertex -17.9369 -6.91144 0
      vertex -17.314 -6.99013 0
    endloop
  endfacet
  facet normal -0.481772 -0.876297 0
    outer loop
      vertex -19.6791 -6.22164 0
      vertex -19.1289 -6.52413 3
      vertex -19.6791 -6.22164 3
    endloop
  endfacet
  facet normal -0.481772 -0.876297 -0
    outer loop
      vertex -19.1289 -6.52413 3
      vertex -19.6791 -6.22164 0
      vertex -19.1289 -6.52413 0
    endloop
  endfacet
  facet normal -0.587771 -0.809027 0
    outer loop
      vertex -20.1871 -5.85257 0
      vertex -19.6791 -6.22164 3
      vertex -20.1871 -5.85257 3
    endloop
  endfacet
  facet normal -0.587771 -0.809027 -0
    outer loop
      vertex -19.6791 -6.22164 3
      vertex -20.1871 -5.85257 0
      vertex -19.6791 -6.22164 0
    endloop
  endfacet
  facet normal -0.248691 -0.968583 0
    outer loop
      vertex -18.5451 -6.75528 0
      vertex -17.9369 -6.91144 3
      vertex -18.5451 -6.75528 3
    endloop
  endfacet
  facet normal -0.248691 -0.968583 -0
    outer loop
      vertex -17.9369 -6.91144 3
      vertex -18.5451 -6.75528 0
      vertex -17.9369 -6.91144 0
    endloop
  endfacet
  facet normal 0.684565 -0.728952 0
    outer loop
      vertex 20.1871 -5.85257 0
      vertex 20.6448 -5.42274 3
      vertex 20.1871 -5.85257 3
    endloop
  endfacet
  facet normal 0.684565 -0.728952 0
    outer loop
      vertex 20.6448 -5.42274 3
      vertex 20.1871 -5.85257 0
      vertex 20.6448 -5.42274 0
    endloop
  endfacet
  facet normal 0.248691 -0.968583 0
    outer loop
      vertex 17.9369 -6.91144 0
      vertex 18.5451 -6.75528 3
      vertex 17.9369 -6.91144 3
    endloop
  endfacet
  facet normal 0.248691 -0.968583 0
    outer loop
      vertex 18.5451 -6.75528 3
      vertex 17.9369 -6.91144 0
      vertex 18.5451 -6.75528 0
    endloop
  endfacet
  facet normal 0.904797 -0.425843 0
    outer loop
      vertex 21.3815 -4.40877 3
      vertex 21.6489 -3.84062 0
      vertex 21.6489 -3.84062 3
    endloop
  endfacet
  facet normal 0.904797 -0.425843 0
    outer loop
      vertex 21.6489 -3.84062 0
      vertex 21.3815 -4.40877 3
      vertex 21.3815 -4.40877 0
    endloop
  endfacet
  facet normal 0.844364 -0.53577 0
    outer loop
      vertex 21.0451 -4.93893 3
      vertex 21.3815 -4.40877 0
      vertex 21.3815 -4.40877 3
    endloop
  endfacet
  facet normal 0.844364 -0.53577 0
    outer loop
      vertex 21.3815 -4.40877 0
      vertex 21.0451 -4.93893 3
      vertex 21.0451 -4.93893 0
    endloop
  endfacet
  facet normal -0.481772 0.876297 0
    outer loop
      vertex -19.1289 6.52413 0
      vertex -19.6791 6.22164 3
      vertex -19.1289 6.52413 3
    endloop
  endfacet
  facet normal -0.481772 0.876297 0
    outer loop
      vertex -19.6791 6.22164 3
      vertex -19.1289 6.52413 0
      vertex -19.6791 6.22164 0
    endloop
  endfacet
  facet normal 0.368135 -0.929773 0
    outer loop
      vertex 18.5451 -6.75528 0
      vertex 19.1289 -6.52413 3
      vertex 18.5451 -6.75528 3
    endloop
  endfacet
  facet normal 0.368135 -0.929773 0
    outer loop
      vertex 19.1289 -6.52413 3
      vertex 18.5451 -6.75528 0
      vertex 19.1289 -6.52413 0
    endloop
  endfacet
  facet normal -0 0 -1
    outer loop
      vertex 6.76251 17.6021 0
      vertex 3.0363 17.5104 0
      vertex 3.05182 17.821 0
    endloop
  endfacet
  facet normal 0 0 -1
    outer loop
      vertex 3.91019 13.1513 0
      vertex 2.98976 17.2189 0
      vertex 3.0363 17.5104 0
    endloop
  endfacet
  facet normal 0 0 -1
    outer loop
      vertex 3.91019 13.1513 0
      vertex 2.91219 16.9467 0
      vertex 2.98976 17.2189 0
    endloop
  endfacet
  facet normal 0 0 -1
    outer loop
      vertex 3.91019 13.1513 0
      vertex 2.80359 16.6936 0
      vertex 2.91219 16.9467 0
    endloop
  endfacet
  facet normal 0 0 -1
    outer loop
      vertex 3.91019 13.1513 0
      vertex 2.66396 16.4597 0
      vertex 2.80359 16.6936 0
    endloop
  endfacet
  facet normal 0 0 -1
    outer loop
      vertex 1.80885 15.7308 0
      vertex 3.27533 12.9028 0
      vertex 2.58603 12.7096 0
    endloop
  endfacet
  facet normal 0 0 -1
    outer loop
      vertex 3.91019 13.1513 0
      vertex 2.4933 16.245 0
      vertex 2.66396 16.4597 0
    endloop
  endfacet
  facet normal 0 0 -1
    outer loop
      vertex 3.91019 13.1513 0
      vertex 2.29163 16.0495 0
      vertex 2.4933 16.245 0
    endloop
  endfacet
  facet normal 0 0 -1
    outer loop
      vertex 3.91019 13.1513 0
      vertex 2.06233 15.8768 0
      vertex 2.29163 16.0495 0
    endloop
  endfacet
  facet normal 0 0 -1
    outer loop
      vertex 1.53119 15.6113 0
      vertex 2.58603 12.7096 0
      vertex 1.8423 12.5715 0
    endloop
  endfacet
  facet normal 0 0 -1
    outer loop
      vertex 3.27533 12.9028 0
      vertex 1.80885 15.7308 0
      vertex 2.06233 15.8768 0
    endloop
  endfacet
  facet normal 0 0 -1
    outer loop
      vertex 2.58603 12.7096 0
      vertex 1.53119 15.6113 0
      vertex 1.80885 15.7308 0
    endloop
  endfacet
  facet normal 0 0 -1
    outer loop
      vertex 1.8423 12.5715 0
      vertex 1.22932 15.5184 0
      vertex 1.53119 15.6113 0
    endloop
  endfacet
  facet normal 0 0 -1
    outer loop
      vertex 0.90329 15.452 0
      vertex 1.8423 12.5715 0
      vertex 1.04414 12.4887 0
    endloop
  endfacet
  facet normal 0 0 -1
    outer loop
      vertex 1.8423 12.5715 0
      vertex 0.90329 15.452 0
      vertex 1.22932 15.5184 0
    endloop
  endfacet
  facet normal 0 0 -1
    outer loop
      vertex 1.04414 12.4887 0
      vertex 0.553055 15.4122 0
      vertex 0.90329 15.452 0
    endloop
  endfacet
  facet normal 0 0 -1
    outer loop
      vertex 0.191559 12.4611 0
      vertex 0.553055 15.4122 0
      vertex 1.04414 12.4887 0
    endloop
  endfacet
  facet normal 0 0 -1
    outer loop
      vertex 0.191559 12.4611 0
      vertex 0.178635 15.3989 0
      vertex 0.553055 15.4122 0
    endloop
  endfacet
  facet normal 0 0 -1
    outer loop
      vertex -0.63002 12.4875 0
      vertex 0.178635 15.3989 0
      vertex 0.191559 12.4611 0
    endloop
  endfacet
  facet normal -0 0 -1
    outer loop
      vertex 0.178635 15.3989 0
      vertex -0.63002 12.4875 0
      vertex -0.545792 15.4483 0
    endloop
  endfacet
  facet normal 0 0 -1
    outer loop
      vertex -1.40137 12.5668 0
      vertex -0.545792 15.4483 0
      vertex -0.63002 12.4875 0
    endloop
  endfacet
  facet normal -0 0 -1
    outer loop
      vertex -0.545792 15.4483 0
      vertex -1.40137 12.5668 0
      vertex -1.17293 15.5966 0
    endloop
  endfacet
  facet normal 0 0 -1
    outer loop
      vertex -2.12251 12.6989 0
      vertex -1.17293 15.5966 0
      vertex -1.40137 12.5668 0
    endloop
  endfacet
  facet normal 0 0 -1
    outer loop
      vertex -2.79343 12.8839 0
      vertex -1.17293 15.5966 0
      vertex -2.12251 12.6989 0
    endloop
  endfacet
  facet normal -0 0 -1
    outer loop
      vertex -1.17293 15.5966 0
      vertex -2.79343 12.8839 0
      vertex -1.70277 15.8438 0
    endloop
  endfacet
  facet normal 0 0 -1
    outer loop
      vertex -3.41412 13.1217 0
      vertex -1.70277 15.8438 0
      vertex -2.79343 12.8839 0
    endloop
  endfacet
  facet normal -0 0 -1
    outer loop
      vertex -1.70277 15.8438 0
      vertex -3.41412 13.1217 0
      vertex -2.13531 16.1898 0
    endloop
  endfacet
  facet normal 0 0 -1
    outer loop
      vertex -3.9846 13.4124 0
      vertex -2.13531 16.1898 0
      vertex -3.41412 13.1217 0
    endloop
  endfacet
  facet normal 0 0 -1
    outer loop
      vertex -4.50485 13.756 0
      vertex -2.13531 16.1898 0
      vertex -3.9846 13.4124 0
    endloop
  endfacet
  facet normal 0 0 -1
    outer loop
      vertex -4.97067 14.1495 0
      vertex -2.13531 16.1898 0
      vertex -4.50485 13.756 0
    endloop
  endfacet
  facet normal -0 0 -1
    outer loop
      vertex -2.13531 16.1898 0
      vertex -4.97067 14.1495 0
      vertex -2.47057 16.6347 0
    endloop
  endfacet
  facet normal 0 0 -1
    outer loop
      vertex -5.37784 14.5901 0
      vertex -2.47057 16.6347 0
      vertex -4.97067 14.1495 0
    endloop
  endfacet
  facet normal 0 0 -1
    outer loop
      vertex -5.72636 15.0778 0
      vertex -2.47057 16.6347 0
      vertex -5.37784 14.5901 0
    endloop
  endfacet
  facet normal -0 0 -1
    outer loop
      vertex -2.47057 16.6347 0
      vertex -5.72636 15.0778 0
      vertex -2.70853 17.1784 0
    endloop
  endfacet
  facet normal 0 0 -1
    outer loop
      vertex -6.01625 15.6125 0
      vertex -2.70853 17.1784 0
      vertex -5.72636 15.0778 0
    endloop
  endfacet
  facet normal 0 0 -1
    outer loop
      vertex -6.2475 16.1942 0
      vertex -2.70853 17.1784 0
      vertex -6.01625 15.6125 0
    endloop
  endfacet
  facet normal 0 0 -1
    outer loop
      vertex -6.42009 16.8231 0
      vertex -2.70853 17.1784 0
      vertex -6.2475 16.1942 0
    endloop
  endfacet
  facet normal -0 0 -1
    outer loop
      vertex -2.70853 17.1784 0
      vertex -6.42009 16.8231 0
      vertex -2.8492 17.821 0
    endloop
  endfacet
  facet normal 0 0 -1
    outer loop
      vertex -2.8492 17.821 0
      vertex -6.42009 16.8231 0
      vertex -6.53406 17.499 0
    endloop
  endfacet
  facet normal 0 0 -1
    outer loop
      vertex 3.0363 17.5104 0
      vertex 6.76251 17.6021 0
      vertex 6.72688 16.9284 0
    endloop
  endfacet
  facet normal 0 0 -1
    outer loop
      vertex 6.76251 17.6021 0
      vertex 3.05182 17.821 0
      vertex 6.73885 18.0619 0
    endloop
  endfacet
  facet normal 0 0 -1
    outer loop
      vertex 3.0363 17.5104 0
      vertex 6.72688 16.9284 0
      vertex 6.62 16.2989 0
    endloop
  endfacet
  facet normal -0 0 -1
    outer loop
      vertex 6.73885 18.0619 0
      vertex 3.05182 17.821 0
      vertex 6.66786 18.4988 0
    endloop
  endfacet
  facet normal 0 0 -1
    outer loop
      vertex 3.0363 17.5104 0
      vertex 6.62 16.2989 0
      vertex 6.44183 15.7136 0
    endloop
  endfacet
  facet normal 0 0 -1
    outer loop
      vertex 3.03275 18.1305 0
      vertex 6.66786 18.4988 0
      vertex 3.05182 17.821 0
    endloop
  endfacet
  facet normal 0 0 -1
    outer loop
      vertex 3.0363 17.5104 0
      vertex 6.44183 15.7136 0
      vertex 6.19243 15.1724 0
    endloop
  endfacet
  facet normal -0 0 -1
    outer loop
      vertex 6.66786 18.4988 0
      vertex 3.03275 18.1305 0
      vertex 6.54953 18.9128 0
    endloop
  endfacet
  facet normal -0 0 -1
    outer loop
      vertex 6.54953 18.9128 0
      vertex 3.03275 18.1305 0
      vertex 6.38388 19.3039 0
    endloop
  endfacet
  facet normal 0 0 -1
    outer loop
      vertex 3.0363 17.5104 0
      vertex 6.19243 15.1724 0
      vertex 5.87175 14.6754 0
    endloop
  endfacet
  facet normal -0 0 -1
    outer loop
      vertex 6.38388 19.3039 0
      vertex 3.03275 18.1305 0
      vertex 6.1709 19.6722 0
    endloop
  endfacet
  facet normal 0 0 -1
    outer loop
      vertex 3.0363 17.5104 0
      vertex 5.87175 14.6754 0
      vertex 5.47981 14.2226 0
    endloop
  endfacet
  facet normal 0 0 -1
    outer loop
      vertex 2.97556 18.4184 0
      vertex 6.1709 19.6722 0
      vertex 3.03275 18.1305 0
    endloop
  endfacet
  facet normal 0 0 -1
    outer loop
      vertex 3.0363 17.5104 0
      vertex 5.47981 14.2226 0
      vertex 5.0166 13.8139 0
    endloop
  endfacet
  facet normal -0 0 -1
    outer loop
      vertex 6.1709 19.6722 0
      vertex 2.97556 18.4184 0
      vertex 5.91058 20.0175 0
    endloop
  endfacet
  facet normal 0 0 -1
    outer loop
      vertex 3.0363 17.5104 0
      vertex 5.0166 13.8139 0
      vertex 4.49062 13.455 0
    endloop
  endfacet
  facet normal -0 0 -1
    outer loop
      vertex 5.91058 20.0175 0
      vertex 2.97556 18.4184 0
      vertex 5.60295 20.34 0
    endloop
  endfacet
  facet normal 0 0 -1
    outer loop
      vertex 2.88022 18.6848 0
      vertex 5.60295 20.34 0
      vertex 2.97556 18.4184 0
    endloop
  endfacet
  facet normal 0 0 -1
    outer loop
      vertex 3.0363 17.5104 0
      vertex 4.49062 13.455 0
      vertex 3.91019 13.1513 0
    endloop
  endfacet
  facet normal -0 0 -1
    outer loop
      vertex 5.60295 20.34 0
      vertex 2.88022 18.6848 0
      vertex 5.25401 20.6336 0
    endloop
  endfacet
  facet normal 0 0 -1
    outer loop
      vertex 2.06233 15.8768 0
      vertex 3.91019 13.1513 0
      vertex 3.27533 12.9028 0
    endloop
  endfacet
  facet normal -0 0 -1
    outer loop
      vertex 5.25401 20.6336 0
      vertex 2.88022 18.6848 0
      vertex 4.86986 20.8922 0
    endloop
  endfacet
  facet normal 0 0 -1
    outer loop
      vertex 2.74677 18.9296 0
      vertex 4.86986 20.8922 0
      vertex 2.88022 18.6848 0
    endloop
  endfacet
  facet normal -0 0 -1
    outer loop
      vertex 4.86986 20.8922 0
      vertex 2.74677 18.9296 0
      vertex 4.45045 21.1158 0
    endloop
  endfacet
  facet normal 0 0 -1
    outer loop
      vertex 2.57516 19.1528 0
      vertex 4.45045 21.1158 0
      vertex 2.74677 18.9296 0
    endloop
  endfacet
  facet normal -0 0 -1
    outer loop
      vertex 4.45045 21.1158 0
      vertex 2.57516 19.1528 0
      vertex 3.9958 21.3045 0
    endloop
  endfacet
  facet normal -0 0 -1
    outer loop
      vertex 3.9958 21.3045 0
      vertex 2.57516 19.1528 0
      vertex 3.50592 21.4581 0
    endloop
  endfacet
  facet normal 0 0 -1
    outer loop
      vertex 2.36545 19.3545 0
      vertex 3.50592 21.4581 0
      vertex 2.57516 19.1528 0
    endloop
  endfacet
  facet normal -0 0 -1
    outer loop
      vertex 3.50592 21.4581 0
      vertex 2.36545 19.3545 0
      vertex 2.9808 21.5768 0
    endloop
  endfacet
  facet normal -0 0 -1
    outer loop
      vertex 2.9808 21.5768 0
      vertex 2.11758 19.5346 0
      vertex 2.42044 21.6605 0
    endloop
  endfacet
  facet normal 0 0 -1
    outer loop
      vertex 2.11758 19.5346 0
      vertex 2.9808 21.5768 0
      vertex 2.36545 19.3545 0
    endloop
  endfacet
  facet normal 0 0 -1
    outer loop
      vertex 6.11412 24.5094 0
      vertex 2.60938 25.0238 0
      vertex 2.6266 25.3197 0
    endloop
  endfacet
  facet normal 0 0 -1
    outer loop
      vertex 3.41756 21.9751 0
      vertex 2.55769 24.7471 0
      vertex 2.60938 25.0238 0
    endloop
  endfacet
  facet normal 0 0 -1
    outer loop
      vertex 3.41756 21.9751 0
      vertex 2.47157 24.4895 0
      vertex 2.55769 24.7471 0
    endloop
  endfacet
  facet normal 0 0 -1
    outer loop
      vertex 1.78261 23.6512 0
      vertex 2.93661 21.8295 0
      vertex 2.42044 21.7122 0
    endloop
  endfacet
  facet normal 0 0 -1
    outer loop
      vertex 1.83429 19.6919 0
      vertex 2.42044 21.6605 0
      vertex 2.11758 19.5346 0
    endloop
  endfacet
  facet normal 0 0 -1
    outer loop
      vertex 3.41756 21.9751 0
      vertex 2.35101 24.2511 0
      vertex 2.47157 24.4895 0
    endloop
  endfacet
  facet normal 0 0 -1
    outer loop
      vertex 3.41756 21.9751 0
      vertex 2.196 24.032 0
      vertex 2.35101 24.2511 0
    endloop
  endfacet
  facet normal 0 0 -1
    outer loop
      vertex 1.51811 19.825 0
      vertex 2.42044 21.6605 0
      vertex 1.83429 19.6919 0
    endloop
  endfacet
  facet normal 0 0 -1
    outer loop
      vertex 3.41756 21.9751 0
      vertex 2.00653 23.832 0
      vertex 2.196 24.032 0
    endloop
  endfacet
  facet normal 0 0 -1
    outer loop
      vertex 1.16908 19.9339 0
      vertex 2.42044 21.6605 0
      vertex 1.51811 19.825 0
    endloop
  endfacet
  facet normal 0 0 -1
    outer loop
      vertex 2.93661 21.8295 0
      vertex 1.78261 23.6512 0
      vertex 2.00653 23.832 0
    endloop
  endfacet
  facet normal 0 0 -1
    outer loop
      vertex 2.42044 21.7122 0
      vertex 1.52667 23.4922 0
      vertex 1.78261 23.6512 0
    endloop
  endfacet
  facet normal 0 0 -1
    outer loop
      vertex 0.787186 20.0185 0
      vertex 2.42044 21.6605 0
      vertex 1.16908 19.9339 0
    endloop
  endfacet
  facet normal 0 0 -1
    outer loop
      vertex 2.42044 21.7122 0
      vertex 1.24101 23.3577 0
      vertex 1.52667 23.4922 0
    endloop
  endfacet
  facet normal 0 0 -1
    outer loop
      vertex 0.580536 23.1621 0
      vertex 2.42044 21.6605 0
      vertex 0.787186 20.0185 0
    endloop
  endfacet
  facet normal 0 0 -1
    outer loop
      vertex 2.42044 21.7122 0
      vertex 0.925644 23.2477 0
      vertex 1.24101 23.3577 0
    endloop
  endfacet
  facet normal 0 0 -1
    outer loop
      vertex 2.42044 21.6605 0
      vertex 0.580536 23.1621 0
      vertex 2.42044 21.7122 0
    endloop
  endfacet
  facet normal 0 0 -1
    outer loop
      vertex 2.42044 21.7122 0
      vertex 0.580536 23.1621 0
      vertex 0.925644 23.2477 0
    endloop
  endfacet
  facet normal 0 0 -1
    outer loop
      vertex 0.372421 20.079 0
      vertex 0.580536 23.1621 0
      vertex 0.787186 20.0185 0
    endloop
  endfacet
  facet normal 0 0 -1
    outer loop
      vertex 0.372421 20.079 0
      vertex 0.205734 23.101 0
      vertex 0.580536 23.1621 0
    endloop
  endfacet
  facet normal 0 0 -1
    outer loop
      vertex -0.0751953 20.1153 0
      vertex 0.205734 23.101 0
      vertex 0.372421 20.079 0
    endloop
  endfacet
  facet normal 0 0 -1
    outer loop
      vertex -0.0751953 20.1153 0
      vertex -0.198776 23.0643 0
      vertex 0.205734 23.101 0
    endloop
  endfacet
  facet normal 0 0 -1
    outer loop
      vertex -0.555695 20.1274 0
      vertex -0.198776 23.0643 0
      vertex -0.0751953 20.1153 0
    endloop
  endfacet
  facet normal 0 0 -1
    outer loop
      vertex -0.555695 20.1274 0
      vertex -0.633026 23.0521 0
      vertex -0.198776 23.0643 0
    endloop
  endfacet
  facet normal 0 0 -1
    outer loop
      vertex -1.81844 20.1274 0
      vertex -0.633026 23.0521 0
      vertex -0.555695 20.1274 0
    endloop
  endfacet
  facet normal -0 0 -1
    outer loop
      vertex -0.633026 23.0521 0
      vertex -1.81844 20.1274 0
      vertex -1.81844 23.0521 0
    endloop
  endfacet
  facet normal 0 0 -1
    outer loop
      vertex 2.61226 25.5887 0
      vertex 6.29872 25.7708 0
      vertex 6.27821 25.3288 0
    endloop
  endfacet
  facet normal -0 0 -1
    outer loop
      vertex 6.29872 25.7708 0
      vertex 2.61226 25.5887 0
      vertex 6.2836 26.158 0
    endloop
  endfacet
  facet normal 0 0 -1
    outer loop
      vertex 2.6266 25.3197 0
      vertex 6.27821 25.3288 0
      vertex 6.21667 24.9083 0
    endloop
  endfacet
  facet normal 0 0 -1
    outer loop
      vertex 2.56927 25.8435 0
      vertex 6.2836 26.158 0
      vertex 2.61226 25.5887 0
    endloop
  endfacet
  facet normal 0 0 -1
    outer loop
      vertex 2.6266 25.3197 0
      vertex 6.21667 24.9083 0
      vertex 6.11412 24.5094 0
    endloop
  endfacet
  facet normal -0 0 -1
    outer loop
      vertex 6.2836 26.158 0
      vertex 2.56927 25.8435 0
      vertex 6.23824 26.5318 0
    endloop
  endfacet
  facet normal 0 0 -1
    outer loop
      vertex 2.60938 25.0238 0
      vertex 6.11412 24.5094 0
      vertex 5.97054 24.1321 0
    endloop
  endfacet
  facet normal -0 0 -1
    outer loop
      vertex 6.23824 26.5318 0
      vertex 2.56927 25.8435 0
      vertex 6.16263 26.8921 0
    endloop
  endfacet
  facet normal 0 0 -1
    outer loop
      vertex 2.60938 25.0238 0
      vertex 5.97054 24.1321 0
      vertex 5.78592 23.7763 0
    endloop
  endfacet
  facet normal 0 0 -1
    outer loop
      vertex 2.4976 26.0841 0
      vertex 6.16263 26.8921 0
      vertex 2.56927 25.8435 0
    endloop
  endfacet
  facet normal 0 0 -1
    outer loop
      vertex 2.60938 25.0238 0
      vertex 5.78592 23.7763 0
      vertex 5.56029 23.4421 0
    endloop
  endfacet
  facet normal -0 0 -1
    outer loop
      vertex 6.16263 26.8921 0
      vertex 2.4976 26.0841 0
      vertex 6.05676 27.2391 0
    endloop
  endfacet
  facet normal -0 0 -1
    outer loop
      vertex 6.05676 27.2391 0
      vertex 2.4976 26.0841 0
      vertex 5.92067 27.5726 0
    endloop
  endfacet
  facet normal 0 0 -1
    outer loop
      vertex 2.60938 25.0238 0
      vertex 5.56029 23.4421 0
      vertex 5.29362 23.1294 0
    endloop
  endfacet
  facet normal -0 0 -1
    outer loop
      vertex 5.92067 27.5726 0
      vertex 2.4976 26.0841 0
      vertex 5.75432 27.8927 0
    endloop
  endfacet
  facet normal 0 0 -1
    outer loop
      vertex 2.60938 25.0238 0
      vertex 5.29362 23.1294 0
      vertex 4.98889 22.8417 0
    endloop
  endfacet
  facet normal 0 0 -1
    outer loop
      vertex 2.39729 26.3105 0
      vertex 5.75432 27.8927 0
      vertex 2.4976 26.0841 0
    endloop
  endfacet
  facet normal 0 0 -1
    outer loop
      vertex 2.60938 25.0238 0
      vertex 4.98889 22.8417 0
      vertex 4.64891 22.5825 0
    endloop
  endfacet
  facet normal -0 0 -1
    outer loop
      vertex 5.75432 27.8927 0
      vertex 2.39729 26.3105 0
      vertex 5.55772 28.1994 0
    endloop
  endfacet
  facet normal 0 0 -1
    outer loop
      vertex 2.60938 25.0238 0
      vertex 4.64891 22.5825 0
      vertex 4.2737 22.3516 0
    endloop
  endfacet
  facet normal -0 0 -1
    outer loop
      vertex 5.55772 28.1994 0
      vertex 2.39729 26.3105 0
      vertex 5.33266 28.4898 0
    endloop
  endfacet
  facet normal 0 0 -1
    outer loop
      vertex 2.60938 25.0238 0
      vertex 4.2737 22.3516 0
      vertex 3.86324 22.1491 0
    endloop
  endfacet
  facet normal -0 0 -1
    outer loop
      vertex 6.27821 25.3288 0
      vertex 2.6266 25.3197 0
      vertex 2.61226 25.5887 0
    endloop
  endfacet
  facet normal -0 0 -1
    outer loop
      vertex 5.33266 28.4898 0
      vertex 2.26831 26.5227 0
      vertex 5.08075 28.761 0
    endloop
  endfacet
  facet normal 0 0 -1
    outer loop
      vertex 2.60938 25.0238 0
      vertex 3.86324 22.1491 0
      vertex 3.41756 21.9751 0
    endloop
  endfacet
  facet normal -0 0 -1
    outer loop
      vertex 5.08075 28.761 0
      vertex 2.26831 26.5227 0
      vertex 4.80203 29.0131 0
    endloop
  endfacet
  facet normal 0 0 -1
    outer loop
      vertex 2.00653 23.832 0
      vertex 3.41756 21.9751 0
      vertex 2.93661 21.8295 0
    endloop
  endfacet
  facet normal 0 0 -1
    outer loop
      vertex 2.26831 26.5227 0
      vertex 5.33266 28.4898 0
      vertex 2.39729 26.3105 0
    endloop
  endfacet
  facet normal -0 0 -1
    outer loop
      vertex 4.80203 29.0131 0
      vertex 2.26831 26.5227 0
      vertex 4.49649 29.2459 0
    endloop
  endfacet
  facet normal 0 0 -1
    outer loop
      vertex 2.11066 26.7207 0
      vertex 4.49649 29.2459 0
      vertex 2.26831 26.5227 0
    endloop
  endfacet
  facet normal -0 0 -1
    outer loop
      vertex 4.49649 29.2459 0
      vertex 2.11066 26.7207 0
      vertex 4.16411 29.4595 0
    endloop
  endfacet
  facet normal 0 0 -1
    outer loop
      vertex 1.92436 26.9045 0
      vertex 4.16411 29.4595 0
      vertex 2.11066 26.7207 0
    endloop
  endfacet
  facet normal -0 0 -1
    outer loop
      vertex 4.16411 29.4595 0
      vertex 1.92436 26.9045 0
      vertex 3.80492 29.654 0
    endloop
  endfacet
  facet normal -0 0 -1
    outer loop
      vertex 3.80492 29.654 0
      vertex 1.92436 26.9045 0
      vertex 3.4189 29.8292 0
    endloop
  endfacet
  facet normal 0 0 -1
    outer loop
      vertex 1.71417 27.0686 0
      vertex 3.4189 29.8292 0
      vertex 1.92436 26.9045 0
    endloop
  endfacet
  facet normal -0 0 -1
    outer loop
      vertex 3.4189 29.8292 0
      vertex 1.71417 27.0686 0
      vertex 3.00912 29.983 0
    endloop
  endfacet
  facet normal 0 0 -1
    outer loop
      vertex 1.48479 27.2074 0
      vertex 3.00912 29.983 0
      vertex 1.71417 27.0686 0
    endloop
  endfacet
  facet normal -0 0 -1
    outer loop
      vertex 3.00912 29.983 0
      vertex 1.48479 27.2074 0
      vertex 2.57858 30.1132 0
    endloop
  endfacet
  facet normal -0 0 -1
    outer loop
      vertex 2.57858 30.1132 0
      vertex 1.48479 27.2074 0
      vertex 2.12726 30.2197 0
    endloop
  endfacet
  facet normal 0 0 -1
    outer loop
      vertex 1.23619 27.321 0
      vertex 2.12726 30.2197 0
      vertex 1.48479 27.2074 0
    endloop
  endfacet
  facet normal -0 0 -1
    outer loop
      vertex 2.12726 30.2197 0
      vertex 1.23619 27.321 0
      vertex 1.65517 30.3026 0
    endloop
  endfacet
  facet normal 0 0 -1
    outer loop
      vertex 0.968399 27.4094 0
      vertex 1.65517 30.3026 0
      vertex 1.23619 27.321 0
    endloop
  endfacet
  facet normal -0 0 -1
    outer loop
      vertex 1.65517 30.3026 0
      vertex 0.968399 27.4094 0
      vertex 1.16229 30.3617 0
    endloop
  endfacet
  facet normal 0 0 -1
    outer loop
      vertex 0.681412 27.4725 0
      vertex 1.16229 30.3617 0
      vertex 0.968399 27.4094 0
    endloop
  endfacet
  facet normal 0 0 -1
    outer loop
      vertex 0.681412 27.4725 0
      vertex 0.648651 30.3972 0
      vertex 1.16229 30.3617 0
    endloop
  endfacet
  facet normal 0 0 -1
    outer loop
      vertex 0.375214 27.5104 0
      vertex 0.648651 30.3972 0
      vertex 0.681412 27.4725 0
    endloop
  endfacet
  facet normal 0 0 -1
    outer loop
      vertex 0.375214 27.5104 0
      vertex 0.114227 30.4091 0
      vertex 0.648651 30.3972 0
    endloop
  endfacet
  facet normal 0 0 -1
    outer loop
      vertex 0.0498199 27.523 0
      vertex 0.114227 30.4091 0
      vertex 0.375214 27.5104 0
    endloop
  endfacet
  facet normal 0 0 -1
    outer loop
      vertex -0.258881 27.5123 0
      vertex 0.114227 30.4091 0
      vertex 0.0498199 27.523 0
    endloop
  endfacet
  facet normal 0 0 -1
    outer loop
      vertex -0.641098 30.3836 0
      vertex -0.258881 27.5123 0
      vertex -0.551804 27.4804 0
    endloop
  endfacet
  facet normal 0 0 -1
    outer loop
      vertex -0.258881 27.5123 0
      vertex -0.641098 30.3836 0
      vertex 0.114227 30.4091 0
    endloop
  endfacet
  facet normal 0 0 -1
    outer loop
      vertex -1.35358 30.307 0
      vertex -0.551804 27.4804 0
      vertex -0.828964 27.4271 0
    endloop
  endfacet
  facet normal 0 0 -1
    outer loop
      vertex -1.35358 30.307 0
      vertex -0.828964 27.4271 0
      vertex -1.09036 27.3526 0
    endloop
  endfacet
  facet normal 0 0 -1
    outer loop
      vertex -2.02321 30.1795 0
      vertex -1.09036 27.3526 0
      vertex -1.33597 27.2567 0
    endloop
  endfacet
  facet normal 0 0 -1
    outer loop
      vertex -0.551804 27.4804 0
      vertex -1.35358 30.307 0
      vertex -0.641098 30.3836 0
    endloop
  endfacet
  facet normal 0 0 -1
    outer loop
      vertex -2.64996 30.001 0
      vertex -1.33597 27.2567 0
      vertex -1.56581 27.1395 0
    endloop
  endfacet
  facet normal 0 0 -1
    outer loop
      vertex -3.23386 29.7714 0
      vertex -1.56581 27.1395 0
      vertex -1.77988 27.0011 0
    endloop
  endfacet
  facet normal 0 0 -1
    outer loop
      vertex -3.77489 29.4908 0
      vertex -1.77988 27.0011 0
      vertex -1.97337 26.8395 0
    endloop
  endfacet
  facet normal 0 0 -1
    outer loop
      vertex -1.09036 27.3526 0
      vertex -2.02321 30.1795 0
      vertex -1.35358 30.307 0
    endloop
  endfacet
  facet normal 0 0 -1
    outer loop
      vertex -4.27306 29.1593 0
      vertex -1.97337 26.8395 0
      vertex -2.14165 26.653 0
    endloop
  endfacet
  facet normal 0 0 -1
    outer loop
      vertex -4.72147 28.7807 0
      vertex -2.14165 26.653 0
      vertex -2.28468 26.4414 0
    endloop
  endfacet
  facet normal 0 0 -1
    outer loop
      vertex -5.44873 27.894 0
      vertex -2.28468 26.4414 0
      vertex -2.40248 26.2049 0
    endloop
  endfacet
  facet normal 0 0 -1
    outer loop
      vertex -5.72757 27.386 0
      vertex -2.40248 26.2049 0
      vertex -2.49504 25.9435 0
    endloop
  endfacet
  facet normal 0 0 -1
    outer loop
      vertex -5.94987 26.8349 0
      vertex -2.49504 25.9435 0
      vertex -2.56238 25.657 0
    endloop
  endfacet
  facet normal 0 0 -1
    outer loop
      vertex -6.11566 26.2406 0
      vertex -2.56238 25.657 0
      vertex -2.60448 25.3456 0
    endloop
  endfacet
  facet normal 0 0 -1
    outer loop
      vertex -1.33597 27.2567 0
      vertex -2.64996 30.001 0
      vertex -2.02321 30.1795 0
    endloop
  endfacet
  facet normal 0 0 -1
    outer loop
      vertex -1.56581 27.1395 0
      vertex -3.23386 29.7714 0
      vertex -2.64996 30.001 0
    endloop
  endfacet
  facet normal 0 0 -1
    outer loop
      vertex -1.77988 27.0011 0
      vertex -3.77489 29.4908 0
      vertex -3.23386 29.7714 0
    endloop
  endfacet
  facet normal 0 0 -1
    outer loop
      vertex -1.97337 26.8395 0
      vertex -4.27306 29.1593 0
      vertex -3.77489 29.4908 0
    endloop
  endfacet
  facet normal 0 0 -1
    outer loop
      vertex -2.14165 26.653 0
      vertex -4.72147 28.7807 0
      vertex -4.27306 29.1593 0
    endloop
  endfacet
  facet normal 0 0 -1
    outer loop
      vertex -2.28468 26.4414 0
      vertex -5.11336 28.3589 0
      vertex -4.72147 28.7807 0
    endloop
  endfacet
  facet normal 0 0 -1
    outer loop
      vertex -2.28468 26.4414 0
      vertex -5.44873 27.894 0
      vertex -5.11336 28.3589 0
    endloop
  endfacet
  facet normal 0 0 -1
    outer loop
      vertex -2.40248 26.2049 0
      vertex -5.72757 27.386 0
      vertex -5.44873 27.894 0
    endloop
  endfacet
  facet normal 0 0 -1
    outer loop
      vertex -2.49504 25.9435 0
      vertex -5.94987 26.8349 0
      vertex -5.72757 27.386 0
    endloop
  endfacet
  facet normal 0 0 -1
    outer loop
      vertex -2.56238 25.657 0
      vertex -6.11566 26.2406 0
      vertex -5.94987 26.8349 0
    endloop
  endfacet
  facet normal 0 -0 -1
    outer loop
      vertex -6.11566 26.2406 0
      vertex -2.60448 25.3456 0
      vertex -6.22491 25.6032 0
    endloop
  endfacet
  facet normal 0 0 1
    outer loop
      vertex 2.61226 25.5887 3
      vertex 6.29872 25.7708 3
      vertex 6.2836 26.158 3
    endloop
  endfacet
  facet normal 0 0 1
    outer loop
      vertex 2.56927 25.8435 3
      vertex 6.2836 26.158 3
      vertex 6.23824 26.5318 3
    endloop
  endfacet
  facet normal 0 0 1
    outer loop
      vertex 6.29872 25.7708 3
      vertex 2.61226 25.5887 3
      vertex 6.27821 25.3288 3
    endloop
  endfacet
  facet normal 0 0 1
    outer loop
      vertex 2.56927 25.8435 3
      vertex 6.23824 26.5318 3
      vertex 6.16263 26.8921 3
    endloop
  endfacet
  facet normal 0 -0 1
    outer loop
      vertex 2.6266 25.3197 3
      vertex 6.27821 25.3288 3
      vertex 2.61226 25.5887 3
    endloop
  endfacet
  facet normal 0 0 1
    outer loop
      vertex 2.4976 26.0841 3
      vertex 6.16263 26.8921 3
      vertex 6.05676 27.2391 3
    endloop
  endfacet
  facet normal 0 0 1
    outer loop
      vertex 6.27821 25.3288 3
      vertex 2.6266 25.3197 3
      vertex 6.21667 24.9083 3
    endloop
  endfacet
  facet normal 0 0 1
    outer loop
      vertex 2.4976 26.0841 3
      vertex 6.05676 27.2391 3
      vertex 5.92067 27.5726 3
    endloop
  endfacet
  facet normal 0 0 1
    outer loop
      vertex 6.21667 24.9083 3
      vertex 2.6266 25.3197 3
      vertex 6.11412 24.5094 3
    endloop
  endfacet
  facet normal 0 0 1
    outer loop
      vertex 2.4976 26.0841 3
      vertex 5.92067 27.5726 3
      vertex 5.75432 27.8927 3
    endloop
  endfacet
  facet normal -0 0 1
    outer loop
      vertex 2.60938 25.0238 3
      vertex 6.11412 24.5094 3
      vertex 2.6266 25.3197 3
    endloop
  endfacet
  facet normal 0 0 1
    outer loop
      vertex 2.39729 26.3105 3
      vertex 5.75432 27.8927 3
      vertex 5.55772 28.1994 3
    endloop
  endfacet
  facet normal 0 0 1
    outer loop
      vertex 2.39729 26.3105 3
      vertex 5.55772 28.1994 3
      vertex 5.33266 28.4898 3
    endloop
  endfacet
  facet normal 0 0 1
    outer loop
      vertex 6.11412 24.5094 3
      vertex 2.60938 25.0238 3
      vertex 5.97054 24.1321 3
    endloop
  endfacet
  facet normal 0 0 1
    outer loop
      vertex 2.26831 26.5227 3
      vertex 5.33266 28.4898 3
      vertex 5.08075 28.761 3
    endloop
  endfacet
  facet normal 0 0 1
    outer loop
      vertex 5.97054 24.1321 3
      vertex 2.60938 25.0238 3
      vertex 5.78592 23.7763 3
    endloop
  endfacet
  facet normal 0 0 1
    outer loop
      vertex 2.26831 26.5227 3
      vertex 5.08075 28.761 3
      vertex 4.80203 29.0131 3
    endloop
  endfacet
  facet normal 0 0 1
    outer loop
      vertex 5.78592 23.7763 3
      vertex 2.60938 25.0238 3
      vertex 5.56029 23.4421 3
    endloop
  endfacet
  facet normal 0 0 1
    outer loop
      vertex 2.26831 26.5227 3
      vertex 4.80203 29.0131 3
      vertex 4.49649 29.2459 3
    endloop
  endfacet
  facet normal -0 0 1
    outer loop
      vertex 2.55769 24.7471 3
      vertex 5.56029 23.4421 3
      vertex 2.60938 25.0238 3
    endloop
  endfacet
  facet normal 0 0 1
    outer loop
      vertex 2.11066 26.7207 3
      vertex 4.49649 29.2459 3
      vertex 4.16411 29.4595 3
    endloop
  endfacet
  facet normal 0 0 1
    outer loop
      vertex 5.56029 23.4421 3
      vertex 2.55769 24.7471 3
      vertex 5.29362 23.1294 3
    endloop
  endfacet
  facet normal 0 0 1
    outer loop
      vertex 1.92436 26.9045 3
      vertex 4.16411 29.4595 3
      vertex 3.80492 29.654 3
    endloop
  endfacet
  facet normal 0 0 1
    outer loop
      vertex 1.92436 26.9045 3
      vertex 3.80492 29.654 3
      vertex 3.4189 29.8292 3
    endloop
  endfacet
  facet normal 0 0 1
    outer loop
      vertex 5.29362 23.1294 3
      vertex 2.55769 24.7471 3
      vertex 4.98889 22.8417 3
    endloop
  endfacet
  facet normal 0 0 1
    outer loop
      vertex 1.71417 27.0686 3
      vertex 3.4189 29.8292 3
      vertex 3.00912 29.983 3
    endloop
  endfacet
  facet normal -0 0 1
    outer loop
      vertex 2.47157 24.4895 3
      vertex 4.98889 22.8417 3
      vertex 2.55769 24.7471 3
    endloop
  endfacet
  facet normal -0 0 1
    outer loop
      vertex 2.35101 24.2511 3
      vertex 4.64891 22.5825 3
      vertex 2.47157 24.4895 3
    endloop
  endfacet
  facet normal 0 0 1
    outer loop
      vertex 4.98889 22.8417 3
      vertex 2.47157 24.4895 3
      vertex 4.64891 22.5825 3
    endloop
  endfacet
  facet normal 0 0 1
    outer loop
      vertex 1.48479 27.2074 3
      vertex 3.00912 29.983 3
      vertex 2.57858 30.1132 3
    endloop
  endfacet
  facet normal 0 0 1
    outer loop
      vertex 6.2836 26.158 3
      vertex 2.56927 25.8435 3
      vertex 2.61226 25.5887 3
    endloop
  endfacet
  facet normal 0 0 1
    outer loop
      vertex 6.16263 26.8921 3
      vertex 2.4976 26.0841 3
      vertex 2.56927 25.8435 3
    endloop
  endfacet
  facet normal 0 0 1
    outer loop
      vertex 5.75432 27.8927 3
      vertex 2.39729 26.3105 3
      vertex 2.4976 26.0841 3
    endloop
  endfacet
  facet normal 0 0 1
    outer loop
      vertex 5.33266 28.4898 3
      vertex 2.26831 26.5227 3
      vertex 2.39729 26.3105 3
    endloop
  endfacet
  facet normal 0 0 1
    outer loop
      vertex 1.48479 27.2074 3
      vertex 2.57858 30.1132 3
      vertex 2.12726 30.2197 3
    endloop
  endfacet
  facet normal 0 0 1
    outer loop
      vertex 4.49649 29.2459 3
      vertex 2.11066 26.7207 3
      vertex 2.26831 26.5227 3
    endloop
  endfacet
  facet normal 0 0 1
    outer loop
      vertex 4.16411 29.4595 3
      vertex 1.92436 26.9045 3
      vertex 2.11066 26.7207 3
    endloop
  endfacet
  facet normal 0 0 1
    outer loop
      vertex 3.4189 29.8292 3
      vertex 1.71417 27.0686 3
      vertex 1.92436 26.9045 3
    endloop
  endfacet
  facet normal 0 0 1
    outer loop
      vertex 1.23619 27.321 3
      vertex 2.12726 30.2197 3
      vertex 1.65517 30.3026 3
    endloop
  endfacet
  facet normal 0 0 1
    outer loop
      vertex 3.00912 29.983 3
      vertex 1.48479 27.2074 3
      vertex 1.71417 27.0686 3
    endloop
  endfacet
  facet normal 0 0 1
    outer loop
      vertex 2.12726 30.2197 3
      vertex 1.23619 27.321 3
      vertex 1.48479 27.2074 3
    endloop
  endfacet
  facet normal 0 0 1
    outer loop
      vertex 0.968399 27.4094 3
      vertex 1.65517 30.3026 3
      vertex 1.16229 30.3617 3
    endloop
  endfacet
  facet normal 0 0 1
    outer loop
      vertex 1.65517 30.3026 3
      vertex 0.968399 27.4094 3
      vertex 1.23619 27.321 3
    endloop
  endfacet
  facet normal 0 0 1
    outer loop
      vertex 1.16229 30.3617 3
      vertex 0.681412 27.4725 3
      vertex 0.968399 27.4094 3
    endloop
  endfacet
  facet normal 0 0 1
    outer loop
      vertex 0.648651 30.3972 3
      vertex 0.681412 27.4725 3
      vertex 1.16229 30.3617 3
    endloop
  endfacet
  facet normal 0 0 1
    outer loop
      vertex 0.648651 30.3972 3
      vertex 0.375214 27.5104 3
      vertex 0.681412 27.4725 3
    endloop
  endfacet
  facet normal 0 0 1
    outer loop
      vertex 0.114227 30.4091 3
      vertex 0.375214 27.5104 3
      vertex 0.648651 30.3972 3
    endloop
  endfacet
  facet normal 0 0 1
    outer loop
      vertex 0.114227 30.4091 3
      vertex 0.0498199 27.523 3
      vertex 0.375214 27.5104 3
    endloop
  endfacet
  facet normal 0 0 1
    outer loop
      vertex 0.114227 30.4091 3
      vertex -0.258881 27.5123 3
      vertex 0.0498199 27.523 3
    endloop
  endfacet
  facet normal -0 0 1
    outer loop
      vertex -0.641098 30.3836 3
      vertex -0.258881 27.5123 3
      vertex 0.114227 30.4091 3
    endloop
  endfacet
  facet normal 0 0 1
    outer loop
      vertex -0.258881 27.5123 3
      vertex -0.641098 30.3836 3
      vertex -0.551804 27.4804 3
    endloop
  endfacet
  facet normal -0 0 1
    outer loop
      vertex -1.35358 30.307 3
      vertex -0.551804 27.4804 3
      vertex -0.641098 30.3836 3
    endloop
  endfacet
  facet normal 0 0 1
    outer loop
      vertex -0.551804 27.4804 3
      vertex -1.35358 30.307 3
      vertex -0.828964 27.4271 3
    endloop
  endfacet
  facet normal 0 0 1
    outer loop
      vertex -0.828964 27.4271 3
      vertex -1.35358 30.307 3
      vertex -1.09036 27.3526 3
    endloop
  endfacet
  facet normal -0 0 1
    outer loop
      vertex -2.02321 30.1795 3
      vertex -1.09036 27.3526 3
      vertex -1.35358 30.307 3
    endloop
  endfacet
  facet normal 0 0 1
    outer loop
      vertex -1.09036 27.3526 3
      vertex -2.02321 30.1795 3
      vertex -1.33597 27.2567 3
    endloop
  endfacet
  facet normal -0 0 1
    outer loop
      vertex -2.64996 30.001 3
      vertex -1.33597 27.2567 3
      vertex -2.02321 30.1795 3
    endloop
  endfacet
  facet normal 0 0 1
    outer loop
      vertex -1.33597 27.2567 3
      vertex -2.64996 30.001 3
      vertex -1.56581 27.1395 3
    endloop
  endfacet
  facet normal -0 0 1
    outer loop
      vertex -3.23386 29.7714 3
      vertex -1.56581 27.1395 3
      vertex -2.64996 30.001 3
    endloop
  endfacet
  facet normal 0 0 1
    outer loop
      vertex -1.56581 27.1395 3
      vertex -3.23386 29.7714 3
      vertex -1.77988 27.0011 3
    endloop
  endfacet
  facet normal -0 0 1
    outer loop
      vertex -3.77489 29.4908 3
      vertex -1.77988 27.0011 3
      vertex -3.23386 29.7714 3
    endloop
  endfacet
  facet normal 0 0 1
    outer loop
      vertex -1.77988 27.0011 3
      vertex -3.77489 29.4908 3
      vertex -1.97337 26.8395 3
    endloop
  endfacet
  facet normal -0 0 1
    outer loop
      vertex -4.27306 29.1593 3
      vertex -1.97337 26.8395 3
      vertex -3.77489 29.4908 3
    endloop
  endfacet
  facet normal 0 0 1
    outer loop
      vertex -1.97337 26.8395 3
      vertex -4.27306 29.1593 3
      vertex -2.14165 26.653 3
    endloop
  endfacet
  facet normal -0 0 1
    outer loop
      vertex -4.72147 28.7807 3
      vertex -2.14165 26.653 3
      vertex -4.27306 29.1593 3
    endloop
  endfacet
  facet normal 0 0 1
    outer loop
      vertex -2.14165 26.653 3
      vertex -4.72147 28.7807 3
      vertex -2.28468 26.4414 3
    endloop
  endfacet
  facet normal -0 0 1
    outer loop
      vertex -5.11336 28.3589 3
      vertex -2.28468 26.4414 3
      vertex -4.72147 28.7807 3
    endloop
  endfacet
  facet normal -0 0 1
    outer loop
      vertex -5.44873 27.894 3
      vertex -2.28468 26.4414 3
      vertex -5.11336 28.3589 3
    endloop
  endfacet
  facet normal 0 0 1
    outer loop
      vertex -2.28468 26.4414 3
      vertex -5.44873 27.894 3
      vertex -2.40248 26.2049 3
    endloop
  endfacet
  facet normal -0 0 1
    outer loop
      vertex -5.72757 27.386 3
      vertex -2.40248 26.2049 3
      vertex -5.44873 27.894 3
    endloop
  endfacet
  facet normal 0 0 1
    outer loop
      vertex -2.40248 26.2049 3
      vertex -5.72757 27.386 3
      vertex -2.49504 25.9435 3
    endloop
  endfacet
  facet normal -0 0 1
    outer loop
      vertex -5.94987 26.8349 3
      vertex -2.49504 25.9435 3
      vertex -5.72757 27.386 3
    endloop
  endfacet
  facet normal 0 0 1
    outer loop
      vertex -2.49504 25.9435 3
      vertex -5.94987 26.8349 3
      vertex -2.56238 25.657 3
    endloop
  endfacet
  facet normal -0 0 1
    outer loop
      vertex -6.11566 26.2406 3
      vertex -2.56238 25.657 3
      vertex -5.94987 26.8349 3
    endloop
  endfacet
  facet normal 0 0 1
    outer loop
      vertex -2.56238 25.657 3
      vertex -6.11566 26.2406 3
      vertex -2.60448 25.3456 3
    endloop
  endfacet
  facet normal 0 0 1
    outer loop
      vertex -2.60448 25.3456 3
      vertex -6.11566 26.2406 3
      vertex -6.22491 25.6032 3
    endloop
  endfacet
  facet normal 0 0 1
    outer loop
      vertex 4.64891 22.5825 3
      vertex 2.35101 24.2511 3
      vertex 4.2737 22.3516 3
    endloop
  endfacet
  facet normal 0 0 1
    outer loop
      vertex 4.2737 22.3516 3
      vertex 2.35101 24.2511 3
      vertex 3.86324 22.1491 3
    endloop
  endfacet
  facet normal -0 0 1
    outer loop
      vertex 2.196 24.032 3
      vertex 3.86324 22.1491 3
      vertex 2.35101 24.2511 3
    endloop
  endfacet
  facet normal 0 0 1
    outer loop
      vertex 3.86324 22.1491 3
      vertex 2.196 24.032 3
      vertex 3.41756 21.9751 3
    endloop
  endfacet
  facet normal 0 0 1
    outer loop
      vertex 0.580536 23.1621 3
      vertex 2.42044 21.6605 3
      vertex 2.42044 21.7122 3
    endloop
  endfacet
  facet normal -0 0 1
    outer loop
      vertex 2.00653 23.832 3
      vertex 3.41756 21.9751 3
      vertex 2.196 24.032 3
    endloop
  endfacet
  facet normal 0 0 1
    outer loop
      vertex 3.41756 21.9751 3
      vertex 2.00653 23.832 3
      vertex 2.93661 21.8295 3
    endloop
  endfacet
  facet normal -0 0 1
    outer loop
      vertex 1.78261 23.6512 3
      vertex 2.93661 21.8295 3
      vertex 2.00653 23.832 3
    endloop
  endfacet
  facet normal 0 0 1
    outer loop
      vertex 2.93661 21.8295 3
      vertex 1.78261 23.6512 3
      vertex 2.42044 21.7122 3
    endloop
  endfacet
  facet normal 0 0 1
    outer loop
      vertex 2.42044 21.6605 3
      vertex 2.11758 19.5346 3
      vertex 2.36545 19.3545 3
    endloop
  endfacet
  facet normal -0 0 1
    outer loop
      vertex 1.52667 23.4922 3
      vertex 2.42044 21.7122 3
      vertex 1.78261 23.6512 3
    endloop
  endfacet
  facet normal 0 0 1
    outer loop
      vertex 2.42044 21.6605 3
      vertex 1.83429 19.6919 3
      vertex 2.11758 19.5346 3
    endloop
  endfacet
  facet normal -0 0 1
    outer loop
      vertex 1.24101 23.3577 3
      vertex 2.42044 21.7122 3
      vertex 1.52667 23.4922 3
    endloop
  endfacet
  facet normal 0 0 1
    outer loop
      vertex 2.42044 21.6605 3
      vertex 1.51811 19.825 3
      vertex 1.83429 19.6919 3
    endloop
  endfacet
  facet normal -0 0 1
    outer loop
      vertex 0.925644 23.2477 3
      vertex 2.42044 21.7122 3
      vertex 1.24101 23.3577 3
    endloop
  endfacet
  facet normal 0 0 1
    outer loop
      vertex 2.42044 21.6605 3
      vertex 1.16908 19.9339 3
      vertex 1.51811 19.825 3
    endloop
  endfacet
  facet normal -0 0 1
    outer loop
      vertex 0.580536 23.1621 3
      vertex 2.42044 21.7122 3
      vertex 0.925644 23.2477 3
    endloop
  endfacet
  facet normal 0 0 1
    outer loop
      vertex 2.42044 21.6605 3
      vertex 0.787186 20.0185 3
      vertex 1.16908 19.9339 3
    endloop
  endfacet
  facet normal 0 0 1
    outer loop
      vertex 2.42044 21.6605 3
      vertex 0.580536 23.1621 3
      vertex 0.787186 20.0185 3
    endloop
  endfacet
  facet normal 0 0 1
    outer loop
      vertex 0.580536 23.1621 3
      vertex 0.372421 20.079 3
      vertex 0.787186 20.0185 3
    endloop
  endfacet
  facet normal -0 0 1
    outer loop
      vertex 0.205734 23.101 3
      vertex 0.372421 20.079 3
      vertex 0.580536 23.1621 3
    endloop
  endfacet
  facet normal 0 0 1
    outer loop
      vertex 0.205734 23.101 3
      vertex -0.0751953 20.1153 3
      vertex 0.372421 20.079 3
    endloop
  endfacet
  facet normal -0 0 1
    outer loop
      vertex -0.198776 23.0643 3
      vertex -0.0751953 20.1153 3
      vertex 0.205734 23.101 3
    endloop
  endfacet
  facet normal 0 0 1
    outer loop
      vertex -0.198776 23.0643 3
      vertex -0.555695 20.1274 3
      vertex -0.0751953 20.1153 3
    endloop
  endfacet
  facet normal -0 0 1
    outer loop
      vertex -0.633026 23.0521 3
      vertex -0.555695 20.1274 3
      vertex -0.198776 23.0643 3
    endloop
  endfacet
  facet normal 0 0 1
    outer loop
      vertex -1.81844 20.1274 3
      vertex -0.633026 23.0521 3
      vertex -1.81844 23.0521 3
    endloop
  endfacet
  facet normal 0 0 1
    outer loop
      vertex -0.633026 23.0521 3
      vertex -1.81844 20.1274 3
      vertex -0.555695 20.1274 3
    endloop
  endfacet
  facet normal -0 0 1
    outer loop
      vertex 3.05182 17.821 3
      vertex 6.76251 17.6021 3
      vertex 6.73885 18.0619 3
    endloop
  endfacet
  facet normal 0 0 1
    outer loop
      vertex 3.05182 17.821 3
      vertex 6.73885 18.0619 3
      vertex 6.66786 18.4988 3
    endloop
  endfacet
  facet normal 0 0 1
    outer loop
      vertex 6.76251 17.6021 3
      vertex 3.05182 17.821 3
      vertex 3.0363 17.5104 3
    endloop
  endfacet
  facet normal 0 0 1
    outer loop
      vertex 3.03275 18.1305 3
      vertex 6.66786 18.4988 3
      vertex 6.54953 18.9128 3
    endloop
  endfacet
  facet normal -0 0 1
    outer loop
      vertex 2.98976 17.2189 3
      vertex 6.72688 16.9284 3
      vertex 3.0363 17.5104 3
    endloop
  endfacet
  facet normal 0 0 1
    outer loop
      vertex 3.03275 18.1305 3
      vertex 6.54953 18.9128 3
      vertex 6.38388 19.3039 3
    endloop
  endfacet
  facet normal 0 0 1
    outer loop
      vertex 6.72688 16.9284 3
      vertex 2.98976 17.2189 3
      vertex 6.62 16.2989 3
    endloop
  endfacet
  facet normal 0 0 1
    outer loop
      vertex 3.03275 18.1305 3
      vertex 6.38388 19.3039 3
      vertex 6.1709 19.6722 3
    endloop
  endfacet
  facet normal 0 0 1
    outer loop
      vertex 2.97556 18.4184 3
      vertex 6.1709 19.6722 3
      vertex 5.91058 20.0175 3
    endloop
  endfacet
  facet normal -0 0 1
    outer loop
      vertex 2.91219 16.9467 3
      vertex 6.62 16.2989 3
      vertex 2.98976 17.2189 3
    endloop
  endfacet
  facet normal 0 0 1
    outer loop
      vertex 2.97556 18.4184 3
      vertex 5.91058 20.0175 3
      vertex 5.60295 20.34 3
    endloop
  endfacet
  facet normal 0 0 1
    outer loop
      vertex 6.62 16.2989 3
      vertex 2.91219 16.9467 3
      vertex 6.44183 15.7136 3
    endloop
  endfacet
  facet normal 0 0 1
    outer loop
      vertex 2.88022 18.6848 3
      vertex 5.60295 20.34 3
      vertex 5.25401 20.6336 3
    endloop
  endfacet
  facet normal 0 0 1
    outer loop
      vertex 6.44183 15.7136 3
      vertex 2.91219 16.9467 3
      vertex 6.19243 15.1724 3
    endloop
  endfacet
  facet normal 0 0 1
    outer loop
      vertex 2.88022 18.6848 3
      vertex 5.25401 20.6336 3
      vertex 4.86986 20.8922 3
    endloop
  endfacet
  facet normal -0 0 1
    outer loop
      vertex 2.80359 16.6936 3
      vertex 6.19243 15.1724 3
      vertex 2.91219 16.9467 3
    endloop
  endfacet
  facet normal 0 0 1
    outer loop
      vertex 2.74677 18.9296 3
      vertex 4.86986 20.8922 3
      vertex 4.45045 21.1158 3
    endloop
  endfacet
  facet normal 0 0 1
    outer loop
      vertex 2.57516 19.1528 3
      vertex 4.45045 21.1158 3
      vertex 3.9958 21.3045 3
    endloop
  endfacet
  facet normal 0 0 1
    outer loop
      vertex 6.76251 17.6021 3
      vertex 3.0363 17.5104 3
      vertex 6.72688 16.9284 3
    endloop
  endfacet
  facet normal 0 0 1
    outer loop
      vertex 2.57516 19.1528 3
      vertex 3.9958 21.3045 3
      vertex 3.50592 21.4581 3
    endloop
  endfacet
  facet normal 0 0 1
    outer loop
      vertex 6.19243 15.1724 3
      vertex 2.80359 16.6936 3
      vertex 5.87175 14.6754 3
    endloop
  endfacet
  facet normal 0 0 1
    outer loop
      vertex 5.87175 14.6754 3
      vertex 2.80359 16.6936 3
      vertex 5.47981 14.2226 3
    endloop
  endfacet
  facet normal 0 0 1
    outer loop
      vertex 6.66786 18.4988 3
      vertex 3.03275 18.1305 3
      vertex 3.05182 17.821 3
    endloop
  endfacet
  facet normal 0 0 1
    outer loop
      vertex 2.36545 19.3545 3
      vertex 3.50592 21.4581 3
      vertex 2.9808 21.5768 3
    endloop
  endfacet
  facet normal 0 0 1
    outer loop
      vertex 6.1709 19.6722 3
      vertex 2.97556 18.4184 3
      vertex 3.03275 18.1305 3
    endloop
  endfacet
  facet normal 0 0 1
    outer loop
      vertex 5.60295 20.34 3
      vertex 2.88022 18.6848 3
      vertex 2.97556 18.4184 3
    endloop
  endfacet
  facet normal 0 0 1
    outer loop
      vertex 4.86986 20.8922 3
      vertex 2.74677 18.9296 3
      vertex 2.88022 18.6848 3
    endloop
  endfacet
  facet normal 0 0 1
    outer loop
      vertex 4.45045 21.1158 3
      vertex 2.57516 19.1528 3
      vertex 2.74677 18.9296 3
    endloop
  endfacet
  facet normal 0 0 1
    outer loop
      vertex 2.36545 19.3545 3
      vertex 2.9808 21.5768 3
      vertex 2.42044 21.6605 3
    endloop
  endfacet
  facet normal 0 0 1
    outer loop
      vertex 3.50592 21.4581 3
      vertex 2.36545 19.3545 3
      vertex 2.57516 19.1528 3
    endloop
  endfacet
  facet normal -0 0 1
    outer loop
      vertex 2.66396 16.4597 3
      vertex 5.47981 14.2226 3
      vertex 2.80359 16.6936 3
    endloop
  endfacet
  facet normal 0 0 1
    outer loop
      vertex 5.47981 14.2226 3
      vertex 2.66396 16.4597 3
      vertex 5.0166 13.8139 3
    endloop
  endfacet
  facet normal -0 0 1
    outer loop
      vertex 2.4933 16.245 3
      vertex 5.0166 13.8139 3
      vertex 2.66396 16.4597 3
    endloop
  endfacet
  facet normal 0 0 1
    outer loop
      vertex 5.0166 13.8139 3
      vertex 2.4933 16.245 3
      vertex 4.49062 13.455 3
    endloop
  endfacet
  facet normal -0 0 1
    outer loop
      vertex 2.29163 16.0495 3
      vertex 4.49062 13.455 3
      vertex 2.4933 16.245 3
    endloop
  endfacet
  facet normal 0 0 1
    outer loop
      vertex 4.49062 13.455 3
      vertex 2.29163 16.0495 3
      vertex 3.91019 13.1513 3
    endloop
  endfacet
  facet normal -0 0 1
    outer loop
      vertex 2.06233 15.8768 3
      vertex 3.91019 13.1513 3
      vertex 2.29163 16.0495 3
    endloop
  endfacet
  facet normal 0 0 1
    outer loop
      vertex 3.91019 13.1513 3
      vertex 2.06233 15.8768 3
      vertex 3.27533 12.9028 3
    endloop
  endfacet
  facet normal -0 0 1
    outer loop
      vertex 1.80885 15.7308 3
      vertex 3.27533 12.9028 3
      vertex 2.06233 15.8768 3
    endloop
  endfacet
  facet normal 0 0 1
    outer loop
      vertex 3.27533 12.9028 3
      vertex 1.80885 15.7308 3
      vertex 2.58603 12.7096 3
    endloop
  endfacet
  facet normal -0 0 1
    outer loop
      vertex 1.53119 15.6113 3
      vertex 2.58603 12.7096 3
      vertex 1.80885 15.7308 3
    endloop
  endfacet
  facet normal 0 0 1
    outer loop
      vertex 2.58603 12.7096 3
      vertex 1.53119 15.6113 3
      vertex 1.8423 12.5715 3
    endloop
  endfacet
  facet normal -0 0 1
    outer loop
      vertex 1.22932 15.5184 3
      vertex 1.8423 12.5715 3
      vertex 1.53119 15.6113 3
    endloop
  endfacet
  facet normal -0 0 1
    outer loop
      vertex 0.90329 15.452 3
      vertex 1.8423 12.5715 3
      vertex 1.22932 15.5184 3
    endloop
  endfacet
  facet normal 0 0 1
    outer loop
      vertex 1.8423 12.5715 3
      vertex 0.90329 15.452 3
      vertex 1.04414 12.4887 3
    endloop
  endfacet
  facet normal -0 0 1
    outer loop
      vertex 0.553055 15.4122 3
      vertex 1.04414 12.4887 3
      vertex 0.90329 15.452 3
    endloop
  endfacet
  facet normal 0 0 1
    outer loop
      vertex 0.553055 15.4122 3
      vertex 0.191559 12.4611 3
      vertex 1.04414 12.4887 3
    endloop
  endfacet
  facet normal -0 0 1
    outer loop
      vertex 0.178635 15.3989 3
      vertex 0.191559 12.4611 3
      vertex 0.553055 15.4122 3
    endloop
  endfacet
  facet normal 0 0 1
    outer loop
      vertex -0.63002 12.4875 3
      vertex 0.178635 15.3989 3
      vertex -0.545792 15.4483 3
    endloop
  endfacet
  facet normal 0 0 1
    outer loop
      vertex 0.178635 15.3989 3
      vertex -0.63002 12.4875 3
      vertex 0.191559 12.4611 3
    endloop
  endfacet
  facet normal 0 0 1
    outer loop
      vertex -1.40137 12.5668 3
      vertex -0.545792 15.4483 3
      vertex -1.17293 15.5966 3
    endloop
  endfacet
  facet normal 0 0 1
    outer loop
      vertex -0.545792 15.4483 3
      vertex -1.40137 12.5668 3
      vertex -0.63002 12.4875 3
    endloop
  endfacet
  facet normal 0 0 1
    outer loop
      vertex -2.79343 12.8839 3
      vertex -1.17293 15.5966 3
      vertex -1.70277 15.8438 3
    endloop
  endfacet
  facet normal 0 0 1
    outer loop
      vertex -1.17293 15.5966 3
      vertex -2.12251 12.6989 3
      vertex -1.40137 12.5668 3
    endloop
  endfacet
  facet normal 0 0 1
    outer loop
      vertex -3.41412 13.1217 3
      vertex -1.70277 15.8438 3
      vertex -2.13531 16.1898 3
    endloop
  endfacet
  facet normal 0 0 1
    outer loop
      vertex -4.97067 14.1495 3
      vertex -2.13531 16.1898 3
      vertex -2.47057 16.6347 3
    endloop
  endfacet
  facet normal 0 0 1
    outer loop
      vertex -5.72636 15.0778 3
      vertex -2.47057 16.6347 3
      vertex -2.70853 17.1784 3
    endloop
  endfacet
  facet normal 0 0 1
    outer loop
      vertex -1.17293 15.5966 3
      vertex -2.79343 12.8839 3
      vertex -2.12251 12.6989 3
    endloop
  endfacet
  facet normal 0 0 1
    outer loop
      vertex -6.42009 16.8231 3
      vertex -2.70853 17.1784 3
      vertex -2.8492 17.821 3
    endloop
  endfacet
  facet normal 0 0 1
    outer loop
      vertex -1.70277 15.8438 3
      vertex -3.41412 13.1217 3
      vertex -2.79343 12.8839 3
    endloop
  endfacet
  facet normal 0 0 1
    outer loop
      vertex -2.13531 16.1898 3
      vertex -3.9846 13.4124 3
      vertex -3.41412 13.1217 3
    endloop
  endfacet
  facet normal 0 0 1
    outer loop
      vertex -2.13531 16.1898 3
      vertex -4.50485 13.756 3
      vertex -3.9846 13.4124 3
    endloop
  endfacet
  facet normal 0 0 1
    outer loop
      vertex -2.13531 16.1898 3
      vertex -4.97067 14.1495 3
      vertex -4.50485 13.756 3
    endloop
  endfacet
  facet normal 0 0 1
    outer loop
      vertex -2.47057 16.6347 3
      vertex -5.37784 14.5901 3
      vertex -4.97067 14.1495 3
    endloop
  endfacet
  facet normal 0 0 1
    outer loop
      vertex -2.47057 16.6347 3
      vertex -5.72636 15.0778 3
      vertex -5.37784 14.5901 3
    endloop
  endfacet
  facet normal 0 0 1
    outer loop
      vertex -2.70853 17.1784 3
      vertex -6.01625 15.6125 3
      vertex -5.72636 15.0778 3
    endloop
  endfacet
  facet normal 0 0 1
    outer loop
      vertex -2.70853 17.1784 3
      vertex -6.2475 16.1942 3
      vertex -6.01625 15.6125 3
    endloop
  endfacet
  facet normal 0 0 1
    outer loop
      vertex -2.70853 17.1784 3
      vertex -6.42009 16.8231 3
      vertex -6.2475 16.1942 3
    endloop
  endfacet
  facet normal 0 -0 1
    outer loop
      vertex -6.42009 16.8231 3
      vertex -2.8492 17.821 3
      vertex -6.53406 17.499 3
    endloop
  endfacet
  facet normal 0.103185 -0.994662 0
    outer loop
      vertex 1.04414 12.4887 0
      vertex 1.8423 12.5715 3
      vertex 1.04414 12.4887 3
    endloop
  endfacet
  facet normal 0.103185 -0.994662 0
    outer loop
      vertex 1.8423 12.5715 3
      vertex 1.04414 12.4887 0
      vertex 1.8423 12.5715 0
    endloop
  endfacet
  facet normal 0.182565 -0.983194 0
    outer loop
      vertex 1.8423 12.5715 0
      vertex 2.58603 12.7096 3
      vertex 1.8423 12.5715 3
    endloop
  endfacet
  facet normal 0.182565 -0.983194 0
    outer loop
      vertex 2.58603 12.7096 3
      vertex 1.8423 12.5715 0
      vertex 2.58603 12.7096 0
    endloop
  endfacet
  facet normal 0.269884 -0.962893 0
    outer loop
      vertex 2.58603 12.7096 0
      vertex 3.27533 12.9028 3
      vertex 2.58603 12.7096 3
    endloop
  endfacet
  facet normal 0.269884 -0.962893 0
    outer loop
      vertex 3.27533 12.9028 3
      vertex 2.58603 12.7096 0
      vertex 3.27533 12.9028 0
    endloop
  endfacet
  facet normal 0.364497 -0.931205 0
    outer loop
      vertex 3.27533 12.9028 0
      vertex 3.91019 13.1513 3
      vertex 3.27533 12.9028 3
    endloop
  endfacet
  facet normal 0.364497 -0.931205 0
    outer loop
      vertex 3.91019 13.1513 3
      vertex 3.27533 12.9028 0
      vertex 3.91019 13.1513 0
    endloop
  endfacet
  facet normal 0.463606 -0.886041 0
    outer loop
      vertex 3.91019 13.1513 0
      vertex 4.49062 13.455 3
      vertex 3.91019 13.1513 3
    endloop
  endfacet
  facet normal 0.463606 -0.886041 0
    outer loop
      vertex 4.49062 13.455 3
      vertex 3.91019 13.1513 0
      vertex 4.49062 13.455 0
    endloop
  endfacet
  facet normal 0.563634 -0.826025 0
    outer loop
      vertex 4.49062 13.455 0
      vertex 5.0166 13.8139 3
      vertex 4.49062 13.455 3
    endloop
  endfacet
  facet normal 0.563634 -0.826025 0
    outer loop
      vertex 5.0166 13.8139 3
      vertex 4.49062 13.455 0
      vertex 5.0166 13.8139 0
    endloop
  endfacet
  facet normal 0.661608 -0.74985 0
    outer loop
      vertex 5.0166 13.8139 0
      vertex 5.47981 14.2226 3
      vertex 5.0166 13.8139 3
    endloop
  endfacet
  facet normal 0.661608 -0.74985 0
    outer loop
      vertex 5.47981 14.2226 3
      vertex 5.0166 13.8139 0
      vertex 5.47981 14.2226 0
    endloop
  endfacet
  facet normal 0.756091 -0.654466 0
    outer loop
      vertex 5.47981 14.2226 3
      vertex 5.87175 14.6754 0
      vertex 5.87175 14.6754 3
    endloop
  endfacet
  facet normal 0.756091 -0.654466 0
    outer loop
      vertex 5.87175 14.6754 0
      vertex 5.47981 14.2226 3
      vertex 5.47981 14.2226 0
    endloop
  endfacet
  facet normal 0.84027 -0.542168 0
    outer loop
      vertex 5.87175 14.6754 3
      vertex 6.19243 15.1724 0
      vertex 6.19243 15.1724 3
    endloop
  endfacet
  facet normal 0.84027 -0.542168 0
    outer loop
      vertex 6.19243 15.1724 0
      vertex 5.87175 14.6754 3
      vertex 5.87175 14.6754 0
    endloop
  endfacet
  facet normal 0.908205 -0.418526 0
    outer loop
      vertex 6.19243 15.1724 3
      vertex 6.44183 15.7136 0
      vertex 6.44183 15.7136 3
    endloop
  endfacet
  facet normal 0.908205 -0.418526 0
    outer loop
      vertex 6.44183 15.7136 0
      vertex 6.19243 15.1724 3
      vertex 6.19243 15.1724 0
    endloop
  endfacet
  facet normal 0.956658 -0.291214 0
    outer loop
      vertex 6.44183 15.7136 3
      vertex 6.62 16.2989 0
      vertex 6.62 16.2989 3
    endloop
  endfacet
  facet normal 0.956658 -0.291214 0
    outer loop
      vertex 6.62 16.2989 0
      vertex 6.44183 15.7136 3
      vertex 6.44183 15.7136 0
    endloop
  endfacet
  facet normal 0.985891 -0.16739 0
    outer loop
      vertex 6.62 16.2989 3
      vertex 6.72688 16.9284 0
      vertex 6.72688 16.9284 3
    endloop
  endfacet
  facet normal 0.985891 -0.16739 0
    outer loop
      vertex 6.72688 16.9284 0
      vertex 6.62 16.2989 3
      vertex 6.62 16.2989 0
    endloop
  endfacet
  facet normal 0.998604 -0.0528132 0
    outer loop
      vertex 6.72688 16.9284 3
      vertex 6.76251 17.6021 0
      vertex 6.76251 17.6021 3
    endloop
  endfacet
  facet normal 0.998604 -0.0528132 0
    outer loop
      vertex 6.76251 17.6021 0
      vertex 6.72688 16.9284 3
      vertex 6.72688 16.9284 0
    endloop
  endfacet
  facet normal 0.998679 0.0513892 0
    outer loop
      vertex 6.76251 17.6021 3
      vertex 6.73885 18.0619 0
      vertex 6.73885 18.0619 3
    endloop
  endfacet
  facet normal 0.998679 0.0513892 0
    outer loop
      vertex 6.73885 18.0619 0
      vertex 6.76251 17.6021 3
      vertex 6.76251 17.6021 0
    endloop
  endfacet
  facet normal 0.987055 0.160382 0
    outer loop
      vertex 6.73885 18.0619 3
      vertex 6.66786 18.4988 0
      vertex 6.66786 18.4988 3
    endloop
  endfacet
  facet normal 0.987055 0.160382 0
    outer loop
      vertex 6.66786 18.4988 0
      vertex 6.73885 18.0619 3
      vertex 6.73885 18.0619 0
    endloop
  endfacet
  facet normal 0.961497 0.274816 0
    outer loop
      vertex 6.66786 18.4988 3
      vertex 6.54953 18.9128 0
      vertex 6.54953 18.9128 3
    endloop
  endfacet
  facet normal 0.961497 0.274816 0
    outer loop
      vertex 6.54953 18.9128 0
      vertex 6.66786 18.4988 3
      vertex 6.66786 18.4988 0
    endloop
  endfacet
  facet normal 0.920811 0.390009 0
    outer loop
      vertex 6.54953 18.9128 3
      vertex 6.38388 19.3039 0
      vertex 6.38388 19.3039 3
    endloop
  endfacet
  facet normal 0.920811 0.390009 0
    outer loop
      vertex 6.38388 19.3039 0
      vertex 6.54953 18.9128 3
      vertex 6.54953 18.9128 0
    endloop
  endfacet
  facet normal 0.865677 0.500603 0
    outer loop
      vertex 6.38388 19.3039 3
      vertex 6.1709 19.6722 0
      vertex 6.1709 19.6722 3
    endloop
  endfacet
  facet normal 0.865677 0.500603 0
    outer loop
      vertex 6.1709 19.6722 0
      vertex 6.38388 19.3039 3
      vertex 6.38388 19.3039 0
    endloop
  endfacet
  facet normal 0.798505 0.601989 0
    outer loop
      vertex 6.1709 19.6722 3
      vertex 5.91058 20.0175 0
      vertex 5.91058 20.0175 3
    endloop
  endfacet
  facet normal 0.798505 0.601989 0
    outer loop
      vertex 5.91058 20.0175 0
      vertex 6.1709 19.6722 3
      vertex 6.1709 19.6722 0
    endloop
  endfacet
  facet normal 0.723592 0.690228 0
    outer loop
      vertex 5.91058 20.0175 3
      vertex 5.60295 20.34 0
      vertex 5.60295 20.34 3
    endloop
  endfacet
  facet normal 0.723592 0.690228 0
    outer loop
      vertex 5.60295 20.34 0
      vertex 5.91058 20.0175 3
      vertex 5.91058 20.0175 0
    endloop
  endfacet
  facet normal 0.643822 0.765175 -0
    outer loop
      vertex 5.60295 20.34 0
      vertex 5.25401 20.6336 3
      vertex 5.60295 20.34 3
    endloop
  endfacet
  facet normal 0.643822 0.765175 0
    outer loop
      vertex 5.25401 20.6336 3
      vertex 5.60295 20.34 0
      vertex 5.25401 20.6336 0
    endloop
  endfacet
  facet normal 0.558432 0.82955 -0
    outer loop
      vertex 5.25401 20.6336 0
      vertex 4.86986 20.8922 3
      vertex 5.25401 20.6336 3
    endloop
  endfacet
  facet normal 0.558432 0.82955 0
    outer loop
      vertex 4.86986 20.8922 3
      vertex 5.25401 20.6336 0
      vertex 4.86986 20.8922 0
    endloop
  endfacet
  facet normal 0.470448 0.882427 -0
    outer loop
      vertex 4.86986 20.8922 0
      vertex 4.45045 21.1158 3
      vertex 4.86986 20.8922 3
    endloop
  endfacet
  facet normal 0.470448 0.882427 0
    outer loop
      vertex 4.45045 21.1158 3
      vertex 4.86986 20.8922 0
      vertex 4.45045 21.1158 0
    endloop
  endfacet
  facet normal 0.383338 0.923608 -0
    outer loop
      vertex 4.45045 21.1158 0
      vertex 3.9958 21.3045 3
      vertex 4.45045 21.1158 3
    endloop
  endfacet
  facet normal 0.383338 0.923608 0
    outer loop
      vertex 3.9958 21.3045 3
      vertex 4.45045 21.1158 0
      vertex 3.9958 21.3045 0
    endloop
  endfacet
  facet normal 0.299184 0.954195 -0
    outer loop
      vertex 3.9958 21.3045 0
      vertex 3.50592 21.4581 3
      vertex 3.9958 21.3045 3
    endloop
  endfacet
  facet normal 0.299184 0.954195 0
    outer loop
      vertex 3.50592 21.4581 3
      vertex 3.9958 21.3045 0
      vertex 3.50592 21.4581 0
    endloop
  endfacet
  facet normal 0.220481 0.975391 -0
    outer loop
      vertex 3.50592 21.4581 0
      vertex 2.9808 21.5768 3
      vertex 3.50592 21.4581 3
    endloop
  endfacet
  facet normal 0.220481 0.975391 0
    outer loop
      vertex 2.9808 21.5768 3
      vertex 3.50592 21.4581 0
      vertex 2.9808 21.5768 0
    endloop
  endfacet
  facet normal 0.147729 0.989028 -0
    outer loop
      vertex 2.9808 21.5768 0
      vertex 2.42044 21.6605 3
      vertex 2.9808 21.5768 3
    endloop
  endfacet
  facet normal 0.147729 0.989028 0
    outer loop
      vertex 2.42044 21.6605 3
      vertex 2.9808 21.5768 0
      vertex 2.42044 21.6605 0
    endloop
  endfacet
  facet normal 1 -0 0
    outer loop
      vertex 2.42044 21.6605 3
      vertex 2.42044 21.7122 0
      vertex 2.42044 21.7122 3
    endloop
  endfacet
  facet normal 1 0 0
    outer loop
      vertex 2.42044 21.7122 0
      vertex 2.42044 21.6605 3
      vertex 2.42044 21.6605 0
    endloop
  endfacet
  facet normal 0.221601 -0.975137 0
    outer loop
      vertex 2.42044 21.7122 0
      vertex 2.93661 21.8295 3
      vertex 2.42044 21.7122 3
    endloop
  endfacet
  facet normal 0.221601 -0.975137 0
    outer loop
      vertex 2.93661 21.8295 3
      vertex 2.42044 21.7122 0
      vertex 2.93661 21.8295 0
    endloop
  endfacet
  facet normal 0.289748 -0.957103 0
    outer loop
      vertex 2.93661 21.8295 0
      vertex 3.41756 21.9751 3
      vertex 2.93661 21.8295 3
    endloop
  endfacet
  facet normal 0.289748 -0.957103 0
    outer loop
      vertex 3.41756 21.9751 3
      vertex 2.93661 21.8295 0
      vertex 3.41756 21.9751 0
    endloop
  endfacet
  facet normal 0.363681 -0.931524 0
    outer loop
      vertex 3.41756 21.9751 0
      vertex 3.86324 22.1491 3
      vertex 3.41756 21.9751 3
    endloop
  endfacet
  facet normal 0.363681 -0.931524 0
    outer loop
      vertex 3.86324 22.1491 3
      vertex 3.41756 21.9751 0
      vertex 3.86324 22.1491 0
    endloop
  endfacet
  facet normal 0.442435 -0.8968 0
    outer loop
      vertex 3.86324 22.1491 0
      vertex 4.2737 22.3516 3
      vertex 3.86324 22.1491 3
    endloop
  endfacet
  facet normal 0.442435 -0.8968 0
    outer loop
      vertex 4.2737 22.3516 3
      vertex 3.86324 22.1491 0
      vertex 4.2737 22.3516 0
    endloop
  endfacet
  facet normal 0.5241 -0.851657 0
    outer loop
      vertex 4.2737 22.3516 0
      vertex 4.64891 22.5825 3
      vertex 4.2737 22.3516 3
    endloop
  endfacet
  facet normal 0.5241 -0.851657 0
    outer loop
      vertex 4.64891 22.5825 3
      vertex 4.2737 22.3516 0
      vertex 4.64891 22.5825 0
    endloop
  endfacet
  facet normal 0.606291 -0.795243 0
    outer loop
      vertex 4.64891 22.5825 0
      vertex 4.98889 22.8417 3
      vertex 4.64891 22.5825 3
    endloop
  endfacet
  facet normal 0.606291 -0.795243 0
    outer loop
      vertex 4.98889 22.8417 3
      vertex 4.64891 22.5825 0
      vertex 4.98889 22.8417 0
    endloop
  endfacet
  facet normal 0.686497 -0.727133 0
    outer loop
      vertex 4.98889 22.8417 0
      vertex 5.29362 23.1294 3
      vertex 4.98889 22.8417 3
    endloop
  endfacet
  facet normal 0.686497 -0.727133 0
    outer loop
      vertex 5.29362 23.1294 3
      vertex 4.98889 22.8417 0
      vertex 5.29362 23.1294 0
    endloop
  endfacet
  facet normal 0.760888 -0.648884 0
    outer loop
      vertex 5.29362 23.1294 3
      vertex 5.56029 23.4421 0
      vertex 5.56029 23.4421 3
    endloop
  endfacet
  facet normal 0.760888 -0.648884 0
    outer loop
      vertex 5.56029 23.4421 0
      vertex 5.29362 23.1294 3
      vertex 5.29362 23.1294 0
    endloop
  endfacet
  facet normal 0.828797 -0.55955 0
    outer loop
      vertex 5.56029 23.4421 3
      vertex 5.78592 23.7763 0
      vertex 5.78592 23.7763 3
    endloop
  endfacet
  facet normal 0.828797 -0.55955 0
    outer loop
      vertex 5.78592 23.7763 0
      vertex 5.56029 23.4421 3
      vertex 5.56029 23.4421 0
    endloop
  endfacet
  facet normal 0.887621 -0.460575 0
    outer loop
      vertex 5.78592 23.7763 3
      vertex 5.97054 24.1321 0
      vertex 5.97054 24.1321 3
    endloop
  endfacet
  facet normal 0.887621 -0.460575 0
    outer loop
      vertex 5.97054 24.1321 0
      vertex 5.78592 23.7763 3
      vertex 5.78592 23.7763 0
    endloop
  endfacet
  facet normal 0.934614 -0.355664 0
    outer loop
      vertex 5.97054 24.1321 3
      vertex 6.11412 24.5094 0
      vertex 6.11412 24.5094 3
    endloop
  endfacet
  facet normal 0.934614 -0.355664 0
    outer loop
      vertex 6.11412 24.5094 0
      vertex 5.97054 24.1321 3
      vertex 5.97054 24.1321 0
    endloop
  endfacet
  facet normal 0.968507 -0.248986 0
    outer loop
      vertex 6.11412 24.5094 3
      vertex 6.21667 24.9083 0
      vertex 6.21667 24.9083 3
    endloop
  endfacet
  facet normal 0.968507 -0.248986 0
    outer loop
      vertex 6.21667 24.9083 0
      vertex 6.11412 24.5094 3
      vertex 6.11412 24.5094 0
    endloop
  endfacet
  facet normal 0.98946 -0.144807 0
    outer loop
      vertex 6.21667 24.9083 3
      vertex 6.27821 25.3288 0
      vertex 6.27821 25.3288 3
    endloop
  endfacet
  facet normal 0.98946 -0.144807 0
    outer loop
      vertex 6.27821 25.3288 0
      vertex 6.21667 24.9083 3
      vertex 6.21667 24.9083 0
    endloop
  endfacet
  facet normal 0.998925 -0.0463528 0
    outer loop
      vertex 6.27821 25.3288 3
      vertex 6.29872 25.7708 0
      vertex 6.29872 25.7708 3
    endloop
  endfacet
  facet normal 0.998925 -0.0463528 0
    outer loop
      vertex 6.29872 25.7708 0
      vertex 6.27821 25.3288 3
      vertex 6.27821 25.3288 0
    endloop
  endfacet
  facet normal 0.999238 0.0390198 0
    outer loop
      vertex 6.29872 25.7708 3
      vertex 6.2836 26.158 0
      vertex 6.2836 26.158 3
    endloop
  endfacet
  facet normal 0.999238 0.0390198 0
    outer loop
      vertex 6.2836 26.158 0
      vertex 6.29872 25.7708 3
      vertex 6.29872 25.7708 0
    endloop
  endfacet
  facet normal 0.992718 0.120465 0
    outer loop
      vertex 6.2836 26.158 3
      vertex 6.23824 26.5318 0
      vertex 6.23824 26.5318 3
    endloop
  endfacet
  facet normal 0.992718 0.120465 0
    outer loop
      vertex 6.23824 26.5318 0
      vertex 6.2836 26.158 3
      vertex 6.2836 26.158 0
    endloop
  endfacet
  facet normal 0.978682 0.205379 0
    outer loop
      vertex 6.23824 26.5318 3
      vertex 6.16263 26.8921 0
      vertex 6.16263 26.8921 3
    endloop
  endfacet
  facet normal 0.978682 0.205379 0
    outer loop
      vertex 6.16263 26.8921 0
      vertex 6.23824 26.5318 3
      vertex 6.23824 26.5318 0
    endloop
  endfacet
  facet normal 0.956473 0.291821 0
    outer loop
      vertex 6.16263 26.8921 3
      vertex 6.05676 27.2391 0
      vertex 6.05676 27.2391 3
    endloop
  endfacet
  facet normal 0.956473 0.291821 0
    outer loop
      vertex 6.05676 27.2391 0
      vertex 6.16263 26.8921 3
      vertex 6.16263 26.8921 0
    endloop
  endfacet
  facet normal 0.925879 0.37782 0
    outer loop
      vertex 6.05676 27.2391 3
      vertex 5.92067 27.5726 0
      vertex 5.92067 27.5726 3
    endloop
  endfacet
  facet normal 0.925879 0.37782 0
    outer loop
      vertex 5.92067 27.5726 0
      vertex 6.05676 27.2391 3
      vertex 6.05676 27.2391 0
    endloop
  endfacet
  facet normal 0.887333 0.46113 0
    outer loop
      vertex 5.92067 27.5726 3
      vertex 5.75432 27.8927 0
      vertex 5.75432 27.8927 3
    endloop
  endfacet
  facet normal 0.887333 0.46113 0
    outer loop
      vertex 5.75432 27.8927 0
      vertex 5.92067 27.5726 3
      vertex 5.92067 27.5726 0
    endloop
  endfacet
  facet normal 0.841882 0.539661 0
    outer loop
      vertex 5.75432 27.8927 3
      vertex 5.55772 28.1994 0
      vertex 5.55772 28.1994 3
    endloop
  endfacet
  facet normal 0.841882 0.539661 0
    outer loop
      vertex 5.55772 28.1994 0
      vertex 5.75432 27.8927 3
      vertex 5.75432 27.8927 0
    endloop
  endfacet
  facet normal 0.790415 0.612572 0
    outer loop
      vertex 5.55772 28.1994 3
      vertex 5.33266 28.4898 0
      vertex 5.33266 28.4898 3
    endloop
  endfacet
  facet normal 0.790415 0.612572 0
    outer loop
      vertex 5.33266 28.4898 0
      vertex 5.55772 28.1994 3
      vertex 5.55772 28.1994 0
    endloop
  endfacet
  facet normal 0.732684 0.680569 0
    outer loop
      vertex 5.33266 28.4898 3
      vertex 5.08075 28.761 0
      vertex 5.08075 28.761 3
    endloop
  endfacet
  facet normal 0.732684 0.680569 0
    outer loop
      vertex 5.08075 28.761 0
      vertex 5.33266 28.4898 3
      vertex 5.33266 28.4898 0
    endloop
  endfacet
  facet normal 0.670803 0.741635 -0
    outer loop
      vertex 5.08075 28.761 0
      vertex 4.80203 29.0131 3
      vertex 5.08075 28.761 3
    endloop
  endfacet
  facet normal 0.670803 0.741635 0
    outer loop
      vertex 4.80203 29.0131 3
      vertex 5.08075 28.761 0
      vertex 4.80203 29.0131 0
    endloop
  endfacet
  facet normal 0.606056 0.795422 -0
    outer loop
      vertex 4.80203 29.0131 0
      vertex 4.49649 29.2459 3
      vertex 4.80203 29.0131 3
    endloop
  endfacet
  facet normal 0.606056 0.795422 0
    outer loop
      vertex 4.49649 29.2459 3
      vertex 4.80203 29.0131 0
      vertex 4.49649 29.2459 0
    endloop
  endfacet
  facet normal 0.540627 0.841262 -0
    outer loop
      vertex 4.49649 29.2459 0
      vertex 4.16411 29.4595 3
      vertex 4.49649 29.2459 3
    endloop
  endfacet
  facet normal 0.540627 0.841262 0
    outer loop
      vertex 4.16411 29.4595 3
      vertex 4.49649 29.2459 0
      vertex 4.16411 29.4595 0
    endloop
  endfacet
  facet normal 0.476167 0.879355 -0
    outer loop
      vertex 4.16411 29.4595 0
      vertex 3.80492 29.654 3
      vertex 4.16411 29.4595 3
    endloop
  endfacet
  facet normal 0.476167 0.879355 0
    outer loop
      vertex 3.80492 29.654 3
      vertex 4.16411 29.4595 0
      vertex 3.80492 29.654 0
    endloop
  endfacet
  facet normal 0.413287 0.910601 -0
    outer loop
      vertex 3.80492 29.654 0
      vertex 3.4189 29.8292 3
      vertex 3.80492 29.654 3
    endloop
  endfacet
  facet normal 0.413287 0.910601 0
    outer loop
      vertex 3.4189 29.8292 3
      vertex 3.80492 29.654 0
      vertex 3.4189 29.8292 0
    endloop
  endfacet
  facet normal 0.351389 0.93623 -0
    outer loop
      vertex 3.4189 29.8292 0
      vertex 3.00912 29.983 3
      vertex 3.4189 29.8292 3
    endloop
  endfacet
  facet normal 0.351389 0.93623 0
    outer loop
      vertex 3.00912 29.983 3
      vertex 3.4189 29.8292 0
      vertex 3.00912 29.983 0
    endloop
  endfacet
  facet normal 0.289464 0.957189 -0
    outer loop
      vertex 3.00912 29.983 0
      vertex 2.57858 30.1132 3
      vertex 3.00912 29.983 3
    endloop
  endfacet
  facet normal 0.289464 0.957189 0
    outer loop
      vertex 2.57858 30.1132 3
      vertex 3.00912 29.983 0
      vertex 2.57858 30.1132 0
    endloop
  endfacet
  facet normal 0.229667 0.973269 -0
    outer loop
      vertex 2.57858 30.1132 0
      vertex 2.12726 30.2197 3
      vertex 2.57858 30.1132 3
    endloop
  endfacet
  facet normal 0.229667 0.973269 0
    outer loop
      vertex 2.12726 30.2197 3
      vertex 2.57858 30.1132 0
      vertex 2.12726 30.2197 0
    endloop
  endfacet
  facet normal 0.172956 0.98493 -0
    outer loop
      vertex 2.12726 30.2197 0
      vertex 1.65517 30.3026 3
      vertex 2.12726 30.2197 3
    endloop
  endfacet
  facet normal 0.172956 0.98493 0
    outer loop
      vertex 1.65517 30.3026 3
      vertex 2.12726 30.2197 0
      vertex 1.65517 30.3026 0
    endloop
  endfacet
  facet normal 0.119055 0.992888 -0
    outer loop
      vertex 1.65517 30.3026 0
      vertex 1.16229 30.3617 3
      vertex 1.65517 30.3026 3
    endloop
  endfacet
  facet normal 0.119055 0.992888 0
    outer loop
      vertex 1.16229 30.3617 3
      vertex 1.65517 30.3026 0
      vertex 1.16229 30.3617 0
    endloop
  endfacet
  facet normal 0.0689502 0.99762 -0
    outer loop
      vertex 1.16229 30.3617 0
      vertex 0.648651 30.3972 3
      vertex 1.16229 30.3617 3
    endloop
  endfacet
  facet normal 0.0689502 0.99762 0
    outer loop
      vertex 0.648651 30.3972 3
      vertex 1.16229 30.3617 0
      vertex 0.648651 30.3972 0
    endloop
  endfacet
  facet normal 0.0222614 0.999752 -0
    outer loop
      vertex 0.648651 30.3972 0
      vertex 0.114227 30.4091 3
      vertex 0.648651 30.3972 3
    endloop
  endfacet
  facet normal 0.0222614 0.999752 0
    outer loop
      vertex 0.114227 30.4091 3
      vertex 0.648651 30.3972 0
      vertex 0.114227 30.4091 0
    endloop
  endfacet
  facet normal -0.0337411 0.999431 0
    outer loop
      vertex 0.114227 30.4091 0
      vertex -0.641098 30.3836 3
      vertex 0.114227 30.4091 3
    endloop
  endfacet
  facet normal -0.0337411 0.999431 0
    outer loop
      vertex -0.641098 30.3836 3
      vertex 0.114227 30.4091 0
      vertex -0.641098 30.3836 0
    endloop
  endfacet
  facet normal -0.106895 0.99427 0
    outer loop
      vertex -0.641098 30.3836 0
      vertex -1.35358 30.307 3
      vertex -0.641098 30.3836 3
    endloop
  endfacet
  facet normal -0.106895 0.99427 0
    outer loop
      vertex -1.35358 30.307 3
      vertex -0.641098 30.3836 0
      vertex -1.35358 30.307 0
    endloop
  endfacet
  facet normal -0.187043 0.982352 0
    outer loop
      vertex -1.35358 30.307 0
      vertex -2.02321 30.1795 3
      vertex -1.35358 30.307 3
    endloop
  endfacet
  facet normal -0.187043 0.982352 0
    outer loop
      vertex -2.02321 30.1795 3
      vertex -1.35358 30.307 0
      vertex -2.02321 30.1795 0
    endloop
  endfacet
  facet normal -0.27391 0.961755 0
    outer loop
      vertex -2.02321 30.1795 0
      vertex -2.64996 30.001 3
      vertex -2.02321 30.1795 3
    endloop
  endfacet
  facet normal -0.27391 0.961755 0
    outer loop
      vertex -2.64996 30.001 3
      vertex -2.02321 30.1795 0
      vertex -2.64996 30.001 0
    endloop
  endfacet
  facet normal -0.365943 0.930637 0
    outer loop
      vertex -2.64996 30.001 0
      vertex -3.23386 29.7714 3
      vertex -2.64996 30.001 3
    endloop
  endfacet
  facet normal -0.365943 0.930637 0
    outer loop
      vertex -3.23386 29.7714 3
      vertex -2.64996 30.001 0
      vertex -3.23386 29.7714 0
    endloop
  endfacet
  facet normal -0.460402 0.88771 0
    outer loop
      vertex -3.23386 29.7714 0
      vertex -3.77489 29.4908 3
      vertex -3.23386 29.7714 3
    endloop
  endfacet
  facet normal -0.460402 0.88771 0
    outer loop
      vertex -3.77489 29.4908 3
      vertex -3.23386 29.7714 0
      vertex -3.77489 29.4908 0
    endloop
  endfacet
  facet normal -0.55399 0.832523 0
    outer loop
      vertex -3.77489 29.4908 0
      vertex -4.27306 29.1593 3
      vertex -3.77489 29.4908 3
    endloop
  endfacet
  facet normal -0.55399 0.832523 0
    outer loop
      vertex -4.27306 29.1593 3
      vertex -3.77489 29.4908 0
      vertex -4.27306 29.1593 0
    endloop
  endfacet
  facet normal -0.645124 0.764078 0
    outer loop
      vertex -4.27306 29.1593 0
      vertex -4.72147 28.7807 3
      vertex -4.27306 29.1593 3
    endloop
  endfacet
  facet normal -0.645124 0.764078 0
    outer loop
      vertex -4.72147 28.7807 3
      vertex -4.27306 29.1593 0
      vertex -4.72147 28.7807 0
    endloop
  endfacet
  facet normal -0.732604 0.680655 0
    outer loop
      vertex -5.11336 28.3589 0
      vertex -4.72147 28.7807 3
      vertex -4.72147 28.7807 0
    endloop
  endfacet
  facet normal -0.732604 0.680655 0
    outer loop
      vertex -4.72147 28.7807 3
      vertex -5.11336 28.3589 0
      vertex -5.11336 28.3589 3
    endloop
  endfacet
  facet normal -0.811003 0.585042 0
    outer loop
      vertex -5.44873 27.894 0
      vertex -5.11336 28.3589 3
      vertex -5.11336 28.3589 0
    endloop
  endfacet
  facet normal -0.811003 0.585042 0
    outer loop
      vertex -5.11336 28.3589 3
      vertex -5.44873 27.894 0
      vertex -5.44873 27.894 3
    endloop
  endfacet
  facet normal -0.876624 0.481177 0
    outer loop
      vertex -5.72757 27.386 0
      vertex -5.44873 27.894 3
      vertex -5.44873 27.894 0
    endloop
  endfacet
  facet normal -0.876624 0.481177 0
    outer loop
      vertex -5.44873 27.894 3
      vertex -5.72757 27.386 0
      vertex -5.72757 27.386 3
    endloop
  endfacet
  facet normal -0.927393 0.374087 0
    outer loop
      vertex -5.94987 26.8349 0
      vertex -5.72757 27.386 3
      vertex -5.72757 27.386 0
    endloop
  endfacet
  facet normal -0.927393 0.374087 0
    outer loop
      vertex -5.72757 27.386 3
      vertex -5.94987 26.8349 0
      vertex -5.94987 26.8349 3
    endloop
  endfacet
  facet normal -0.963222 0.268707 0
    outer loop
      vertex -6.11566 26.2406 0
      vertex -5.94987 26.8349 3
      vertex -5.94987 26.8349 0
    endloop
  endfacet
  facet normal -0.963222 0.268707 0
    outer loop
      vertex -5.94987 26.8349 3
      vertex -6.11566 26.2406 0
      vertex -6.11566 26.2406 3
    endloop
  endfacet
  facet normal -0.985627 0.168936 0
    outer loop
      vertex -6.22491 25.6032 0
      vertex -6.11566 26.2406 3
      vertex -6.11566 26.2406 0
    endloop
  endfacet
  facet normal -0.985627 0.168936 0
    outer loop
      vertex -6.11566 26.2406 3
      vertex -6.22491 25.6032 0
      vertex -6.22491 25.6032 3
    endloop
  endfacet
  facet normal -0.0709723 -0.997478 0
    outer loop
      vertex -6.22491 25.6032 0
      vertex -2.60448 25.3456 3
      vertex -6.22491 25.6032 3
    endloop
  endfacet
  facet normal -0.0709723 -0.997478 -0
    outer loop
      vertex -2.60448 25.3456 3
      vertex -6.22491 25.6032 0
      vertex -2.60448 25.3456 0
    endloop
  endfacet
  facet normal 0.990984 -0.133977 0
    outer loop
      vertex -2.60448 25.3456 3
      vertex -2.56238 25.657 0
      vertex -2.56238 25.657 3
    endloop
  endfacet
  facet normal 0.990984 -0.133977 0
    outer loop
      vertex -2.56238 25.657 0
      vertex -2.60448 25.3456 3
      vertex -2.60448 25.3456 0
    endloop
  endfacet
  facet normal 0.973472 -0.228808 0
    outer loop
      vertex -2.56238 25.657 3
      vertex -2.49504 25.9435 0
      vertex -2.49504 25.9435 3
    endloop
  endfacet
  facet normal 0.973472 -0.228808 0
    outer loop
      vertex -2.49504 25.9435 0
      vertex -2.56238 25.657 3
      vertex -2.56238 25.657 0
    endloop
  endfacet
  facet normal 0.942649 -0.333786 0
    outer loop
      vertex -2.49504 25.9435 3
      vertex -2.40248 26.2049 0
      vertex -2.40248 26.2049 3
    endloop
  endfacet
  facet normal 0.942649 -0.333786 0
    outer loop
      vertex -2.40248 26.2049 0
      vertex -2.49504 25.9435 3
      vertex -2.49504 25.9435 0
    endloop
  endfacet
  facet normal 0.895107 -0.445851 0
    outer loop
      vertex -2.40248 26.2049 3
      vertex -2.28468 26.4414 0
      vertex -2.28468 26.4414 3
    endloop
  endfacet
  facet normal 0.895107 -0.445851 0
    outer loop
      vertex -2.28468 26.4414 0
      vertex -2.40248 26.2049 3
      vertex -2.40248 26.2049 0
    endloop
  endfacet
  facet normal 0.828485 -0.560011 0
    outer loop
      vertex -2.28468 26.4414 3
      vertex -2.14165 26.653 0
      vertex -2.14165 26.653 3
    endloop
  endfacet
  facet normal 0.828485 -0.560011 0
    outer loop
      vertex -2.14165 26.653 0
      vertex -2.28468 26.4414 3
      vertex -2.28468 26.4414 0
    endloop
  endfacet
  facet normal 0.742442 -0.66991 0
    outer loop
      vertex -2.14165 26.653 3
      vertex -1.97337 26.8395 0
      vertex -1.97337 26.8395 3
    endloop
  endfacet
  facet normal 0.742442 -0.66991 0
    outer loop
      vertex -1.97337 26.8395 0
      vertex -2.14165 26.653 3
      vertex -2.14165 26.653 0
    endloop
  endfacet
  facet normal 0.641023 -0.767522 0
    outer loop
      vertex -1.97337 26.8395 0
      vertex -1.77988 27.0011 3
      vertex -1.97337 26.8395 3
    endloop
  endfacet
  facet normal 0.641023 -0.767522 0
    outer loop
      vertex -1.77988 27.0011 3
      vertex -1.97337 26.8395 0
      vertex -1.77988 27.0011 0
    endloop
  endfacet
  facet normal 0.542931 -0.839777 0
    outer loop
      vertex -1.77988 27.0011 0
      vertex -1.56581 27.1395 3
      vertex -1.77988 27.0011 3
    endloop
  endfacet
  facet normal 0.542931 -0.839777 0
    outer loop
      vertex -1.56581 27.1395 3
      vertex -1.77988 27.0011 0
      vertex -1.56581 27.1395 0
    endloop
  endfacet
  facet normal 0.454269 -0.890864 0
    outer loop
      vertex -1.56581 27.1395 0
      vertex -1.33597 27.2567 3
      vertex -1.56581 27.1395 3
    endloop
  endfacet
  facet normal 0.454269 -0.890864 0
    outer loop
      vertex -1.33597 27.2567 3
      vertex -1.56581 27.1395 0
      vertex -1.33597 27.2567 0
    endloop
  endfacet
  facet normal 0.363714 -0.931511 0
    outer loop
      vertex -1.33597 27.2567 0
      vertex -1.09036 27.3526 3
      vertex -1.33597 27.2567 3
    endloop
  endfacet
  facet normal 0.363714 -0.931511 0
    outer loop
      vertex -1.09036 27.3526 3
      vertex -1.33597 27.2567 0
      vertex -1.09036 27.3526 0
    endloop
  endfacet
  facet normal 0.274093 -0.961703 0
    outer loop
      vertex -1.09036 27.3526 0
      vertex -0.828964 27.4271 3
      vertex -1.09036 27.3526 3
    endloop
  endfacet
  facet normal 0.274093 -0.961703 0
    outer loop
      vertex -0.828964 27.4271 3
      vertex -1.09036 27.3526 0
      vertex -0.828964 27.4271 0
    endloop
  endfacet
  facet normal 0.188847 -0.982006 0
    outer loop
      vertex -0.828964 27.4271 0
      vertex -0.551804 27.4804 3
      vertex -0.828964 27.4271 3
    endloop
  endfacet
  facet normal 0.188847 -0.982006 0
    outer loop
      vertex -0.551804 27.4804 3
      vertex -0.828964 27.4271 0
      vertex -0.551804 27.4804 0
    endloop
  endfacet
  facet normal 0.108262 -0.994122 0
    outer loop
      vertex -0.551804 27.4804 0
      vertex -0.258881 27.5123 3
      vertex -0.551804 27.4804 3
    endloop
  endfacet
  facet normal 0.108262 -0.994122 0
    outer loop
      vertex -0.258881 27.5123 3
      vertex -0.551804 27.4804 0
      vertex -0.258881 27.5123 0
    endloop
  endfacet
  facet normal 0.0346406 -0.9994 0
    outer loop
      vertex -0.258881 27.5123 0
      vertex 0.0498199 27.523 3
      vertex -0.258881 27.5123 3
    endloop
  endfacet
  facet normal 0.0346406 -0.9994 0
    outer loop
      vertex 0.0498199 27.523 3
      vertex -0.258881 27.5123 0
      vertex 0.0498199 27.523 0
    endloop
  endfacet
  facet normal -0.0386933 -0.999251 0
    outer loop
      vertex 0.0498199 27.523 0
      vertex 0.375214 27.5104 3
      vertex 0.0498199 27.523 3
    endloop
  endfacet
  facet normal -0.0386933 -0.999251 -0
    outer loop
      vertex 0.375214 27.5104 3
      vertex 0.0498199 27.523 0
      vertex 0.375214 27.5104 0
    endloop
  endfacet
  facet normal -0.122839 -0.992427 0
    outer loop
      vertex 0.375214 27.5104 0
      vertex 0.681412 27.4725 3
      vertex 0.375214 27.5104 3
    endloop
  endfacet
  facet normal -0.122839 -0.992427 -0
    outer loop
      vertex 0.681412 27.4725 3
      vertex 0.375214 27.5104 0
      vertex 0.681412 27.4725 0
    endloop
  endfacet
  facet normal -0.214741 -0.976671 0
    outer loop
      vertex 0.681412 27.4725 0
      vertex 0.968399 27.4094 3
      vertex 0.681412 27.4725 3
    endloop
  endfacet
  facet normal -0.214741 -0.976671 -0
    outer loop
      vertex 0.968399 27.4094 3
      vertex 0.681412 27.4725 0
      vertex 0.968399 27.4094 0
    endloop
  endfacet
  facet normal -0.31347 -0.949598 0
    outer loop
      vertex 0.968399 27.4094 0
      vertex 1.23619 27.321 3
      vertex 0.968399 27.4094 3
    endloop
  endfacet
  facet normal -0.31347 -0.949598 -0
    outer loop
      vertex 1.23619 27.321 3
      vertex 0.968399 27.4094 0
      vertex 1.23619 27.321 0
    endloop
  endfacet
  facet normal -0.415621 -0.909538 0
    outer loop
      vertex 1.23619 27.321 0
      vertex 1.48479 27.2074 3
      vertex 1.23619 27.321 3
    endloop
  endfacet
  facet normal -0.415621 -0.909538 -0
    outer loop
      vertex 1.48479 27.2074 3
      vertex 1.23619 27.321 0
      vertex 1.48479 27.2074 0
    endloop
  endfacet
  facet normal -0.517706 -0.855558 0
    outer loop
      vertex 1.48479 27.2074 0
      vertex 1.71417 27.0686 3
      vertex 1.48479 27.2074 3
    endloop
  endfacet
  facet normal -0.517706 -0.855558 -0
    outer loop
      vertex 1.71417 27.0686 3
      vertex 1.48479 27.2074 0
      vertex 1.71417 27.0686 0
    endloop
  endfacet
  facet normal -0.615386 -0.788226 0
    outer loop
      vertex 1.71417 27.0686 0
      vertex 1.92436 26.9045 3
      vertex 1.71417 27.0686 3
    endloop
  endfacet
  facet normal -0.615386 -0.788226 -0
    outer loop
      vertex 1.92436 26.9045 3
      vertex 1.71417 27.0686 0
      vertex 1.92436 26.9045 0
    endloop
  endfacet
  facet normal -0.702314 -0.711867 0
    outer loop
      vertex 1.92436 26.9045 0
      vertex 2.11066 26.7207 3
      vertex 1.92436 26.9045 3
    endloop
  endfacet
  facet normal -0.702314 -0.711867 -0
    outer loop
      vertex 2.11066 26.7207 3
      vertex 1.92436 26.9045 0
      vertex 2.11066 26.7207 0
    endloop
  endfacet
  facet normal -0.782312 -0.622886 0
    outer loop
      vertex 2.26831 26.5227 0
      vertex 2.11066 26.7207 3
      vertex 2.11066 26.7207 0
    endloop
  endfacet
  facet normal -0.782312 -0.622886 0
    outer loop
      vertex 2.11066 26.7207 3
      vertex 2.26831 26.5227 0
      vertex 2.26831 26.5227 3
    endloop
  endfacet
  facet normal -0.85453 -0.519403 0
    outer loop
      vertex 2.39729 26.3105 0
      vertex 2.26831 26.5227 3
      vertex 2.26831 26.5227 0
    endloop
  endfacet
  facet normal -0.85453 -0.519403 0
    outer loop
      vertex 2.26831 26.5227 3
      vertex 2.39729 26.3105 0
      vertex 2.39729 26.3105 3
    endloop
  endfacet
  facet normal -0.914279 -0.405085 0
    outer loop
      vertex 2.4976 26.0841 0
      vertex 2.39729 26.3105 3
      vertex 2.39729 26.3105 0
    endloop
  endfacet
  facet normal -0.914279 -0.405085 0
    outer loop
      vertex 2.39729 26.3105 3
      vertex 2.4976 26.0841 0
      vertex 2.4976 26.0841 3
    endloop
  endfacet
  facet normal -0.958384 -0.285484 0
    outer loop
      vertex 2.56927 25.8435 0
      vertex 2.4976 26.0841 3
      vertex 2.4976 26.0841 0
    endloop
  endfacet
  facet normal -0.958384 -0.285484 0
    outer loop
      vertex 2.4976 26.0841 3
      vertex 2.56927 25.8435 0
      vertex 2.56927 25.8435 3
    endloop
  endfacet
  facet normal -0.986064 -0.166369 0
    outer loop
      vertex 2.61226 25.5887 0
      vertex 2.56927 25.8435 3
      vertex 2.56927 25.8435 0
    endloop
  endfacet
  facet normal -0.986064 -0.166369 0
    outer loop
      vertex 2.56927 25.8435 3
      vertex 2.61226 25.5887 0
      vertex 2.61226 25.5887 3
    endloop
  endfacet
  facet normal -0.998582 -0.053233 0
    outer loop
      vertex 2.6266 25.3197 0
      vertex 2.61226 25.5887 3
      vertex 2.61226 25.5887 0
    endloop
  endfacet
  facet normal -0.998582 -0.053233 0
    outer loop
      vertex 2.61226 25.5887 3
      vertex 2.6266 25.3197 0
      vertex 2.6266 25.3197 3
    endloop
  endfacet
  facet normal -0.998311 0.058097 0
    outer loop
      vertex 2.60938 25.0238 0
      vertex 2.6266 25.3197 3
      vertex 2.6266 25.3197 0
    endloop
  endfacet
  facet normal -0.998311 0.058097 0
    outer loop
      vertex 2.6266 25.3197 3
      vertex 2.60938 25.0238 0
      vertex 2.60938 25.0238 3
    endloop
  endfacet
  facet normal -0.982995 0.183632 0
    outer loop
      vertex 2.55769 24.7471 0
      vertex 2.60938 25.0238 3
      vertex 2.60938 25.0238 0
    endloop
  endfacet
  facet normal -0.982995 0.183632 0
    outer loop
      vertex 2.60938 25.0238 3
      vertex 2.55769 24.7471 0
      vertex 2.55769 24.7471 3
    endloop
  endfacet
  facet normal -0.948403 0.317067 0
    outer loop
      vertex 2.47157 24.4895 0
      vertex 2.55769 24.7471 3
      vertex 2.55769 24.7471 0
    endloop
  endfacet
  facet normal -0.948403 0.317067 0
    outer loop
      vertex 2.55769 24.7471 3
      vertex 2.47157 24.4895 0
      vertex 2.47157 24.4895 3
    endloop
  endfacet
  facet normal -0.892382 0.451282 0
    outer loop
      vertex 2.35101 24.2511 0
      vertex 2.47157 24.4895 3
      vertex 2.47157 24.4895 0
    endloop
  endfacet
  facet normal -0.892382 0.451282 0
    outer loop
      vertex 2.47157 24.4895 3
      vertex 2.35101 24.2511 0
      vertex 2.35101 24.2511 3
    endloop
  endfacet
  facet normal -0.816351 0.577556 0
    outer loop
      vertex 2.196 24.032 0
      vertex 2.35101 24.2511 3
      vertex 2.35101 24.2511 0
    endloop
  endfacet
  facet normal -0.816351 0.577556 0
    outer loop
      vertex 2.35101 24.2511 3
      vertex 2.196 24.032 0
      vertex 2.196 24.032 3
    endloop
  endfacet
  facet normal -0.725959 0.687738 0
    outer loop
      vertex 2.00653 23.832 0
      vertex 2.196 24.032 3
      vertex 2.196 24.032 0
    endloop
  endfacet
  facet normal -0.725959 0.687738 0
    outer loop
      vertex 2.196 24.032 3
      vertex 2.00653 23.832 0
      vertex 2.00653 23.832 3
    endloop
  endfacet
  facet normal -0.628214 0.77804 0
    outer loop
      vertex 2.00653 23.832 0
      vertex 1.78261 23.6512 3
      vertex 2.00653 23.832 3
    endloop
  endfacet
  facet normal -0.628214 0.77804 0
    outer loop
      vertex 1.78261 23.6512 3
      vertex 2.00653 23.832 0
      vertex 1.78261 23.6512 0
    endloop
  endfacet
  facet normal -0.5277 0.849431 0
    outer loop
      vertex 1.78261 23.6512 0
      vertex 1.52667 23.4922 3
      vertex 1.78261 23.6512 3
    endloop
  endfacet
  facet normal -0.5277 0.849431 0
    outer loop
      vertex 1.52667 23.4922 3
      vertex 1.78261 23.6512 0
      vertex 1.52667 23.4922 0
    endloop
  endfacet
  facet normal -0.425983 0.904731 0
    outer loop
      vertex 1.52667 23.4922 0
      vertex 1.24101 23.3577 3
      vertex 1.52667 23.4922 3
    endloop
  endfacet
  facet normal -0.425983 0.904731 0
    outer loop
      vertex 1.24101 23.3577 3
      vertex 1.52667 23.4922 0
      vertex 1.24101 23.3577 0
    endloop
  endfacet
  facet normal -0.329342 0.944211 0
    outer loop
      vertex 1.24101 23.3577 0
      vertex 0.925644 23.2477 3
      vertex 1.24101 23.3577 3
    endloop
  endfacet
  facet normal -0.329342 0.944211 0
    outer loop
      vertex 0.925644 23.2477 3
      vertex 1.24101 23.3577 0
      vertex 0.925644 23.2477 0
    endloop
  endfacet
  facet normal -0.240743 0.970589 0
    outer loop
      vertex 0.925644 23.2477 0
      vertex 0.580536 23.1621 3
      vertex 0.925644 23.2477 3
    endloop
  endfacet
  facet normal -0.240743 0.970589 0
    outer loop
      vertex 0.580536 23.1621 3
      vertex 0.925644 23.2477 0
      vertex 0.580536 23.1621 0
    endloop
  endfacet
  facet normal -0.160896 0.986971 0
    outer loop
      vertex 0.580536 23.1621 0
      vertex 0.205734 23.101 3
      vertex 0.580536 23.1621 3
    endloop
  endfacet
  facet normal -0.160896 0.986971 0
    outer loop
      vertex 0.205734 23.101 3
      vertex 0.580536 23.1621 0
      vertex 0.205734 23.101 0
    endloop
  endfacet
  facet normal -0.0903559 0.99591 0
    outer loop
      vertex 0.205734 23.101 0
      vertex -0.198776 23.0643 3
      vertex 0.205734 23.101 3
    endloop
  endfacet
  facet normal -0.0903559 0.99591 0
    outer loop
      vertex -0.198776 23.0643 3
      vertex 0.205734 23.101 0
      vertex -0.198776 23.0643 0
    endloop
  endfacet
  facet normal -0.0280833 0.999606 0
    outer loop
      vertex -0.198776 23.0643 0
      vertex -0.633026 23.0521 3
      vertex -0.198776 23.0643 3
    endloop
  endfacet
  facet normal -0.0280833 0.999606 0
    outer loop
      vertex -0.633026 23.0521 3
      vertex -0.198776 23.0643 0
      vertex -0.633026 23.0521 0
    endloop
  endfacet
  facet normal 0 1 -0
    outer loop
      vertex -0.633026 23.0521 0
      vertex -1.81844 23.0521 3
      vertex -0.633026 23.0521 3
    endloop
  endfacet
  facet normal 0 1 0
    outer loop
      vertex -1.81844 23.0521 3
      vertex -0.633026 23.0521 0
      vertex -1.81844 23.0521 0
    endloop
  endfacet
  facet normal -1 0 0
    outer loop
      vertex -1.81844 20.1274 0
      vertex -1.81844 23.0521 3
      vertex -1.81844 23.0521 0
    endloop
  endfacet
  facet normal -1 -0 0
    outer loop
      vertex -1.81844 23.0521 3
      vertex -1.81844 20.1274 0
      vertex -1.81844 20.1274 3
    endloop
  endfacet
  facet normal 0 -1 0
    outer loop
      vertex -1.81844 20.1274 0
      vertex -0.555695 20.1274 3
      vertex -1.81844 20.1274 3
    endloop
  endfacet
  facet normal 0 -1 -0
    outer loop
      vertex -0.555695 20.1274 3
      vertex -1.81844 20.1274 0
      vertex -0.555695 20.1274 0
    endloop
  endfacet
  facet normal -0.0251741 -0.999683 0
    outer loop
      vertex -0.555695 20.1274 0
      vertex -0.0751953 20.1153 3
      vertex -0.555695 20.1274 3
    endloop
  endfacet
  facet normal -0.0251741 -0.999683 -0
    outer loop
      vertex -0.0751953 20.1153 3
      vertex -0.555695 20.1274 0
      vertex -0.0751953 20.1153 0
    endloop
  endfacet
  facet normal -0.0808309 -0.996728 0
    outer loop
      vertex -0.0751953 20.1153 0
      vertex 0.372421 20.079 3
      vertex -0.0751953 20.1153 3
    endloop
  endfacet
  facet normal -0.0808309 -0.996728 -0
    outer loop
      vertex 0.372421 20.079 3
      vertex -0.0751953 20.1153 0
      vertex 0.372421 20.079 0
    endloop
  endfacet
  facet normal -0.144338 -0.989528 0
    outer loop
      vertex 0.372421 20.079 0
      vertex 0.787186 20.0185 3
      vertex 0.372421 20.079 3
    endloop
  endfacet
  facet normal -0.144338 -0.989528 -0
    outer loop
      vertex 0.787186 20.0185 3
      vertex 0.372421 20.079 0
      vertex 0.787186 20.0185 0
    endloop
  endfacet
  facet normal -0.216284 -0.97633 0
    outer loop
      vertex 0.787186 20.0185 0
      vertex 1.16908 19.9339 3
      vertex 0.787186 20.0185 3
    endloop
  endfacet
  facet normal -0.216284 -0.97633 -0
    outer loop
      vertex 1.16908 19.9339 3
      vertex 0.787186 20.0185 0
      vertex 1.16908 19.9339 0
    endloop
  endfacet
  facet normal -0.297847 -0.954614 0
    outer loop
      vertex 1.16908 19.9339 0
      vertex 1.51811 19.825 3
      vertex 1.16908 19.9339 3
    endloop
  endfacet
  facet normal -0.297847 -0.954614 -0
    outer loop
      vertex 1.51811 19.825 3
      vertex 1.16908 19.9339 0
      vertex 1.51811 19.825 0
    endloop
  endfacet
  facet normal -0.387987 -0.921665 0
    outer loop
      vertex 1.51811 19.825 0
      vertex 1.83429 19.6919 3
      vertex 1.51811 19.825 3
    endloop
  endfacet
  facet normal -0.387987 -0.921665 -0
    outer loop
      vertex 1.83429 19.6919 3
      vertex 1.51811 19.825 0
      vertex 1.83429 19.6919 0
    endloop
  endfacet
  facet normal -0.485446 -0.874266 0
    outer loop
      vertex 1.83429 19.6919 0
      vertex 2.11758 19.5346 3
      vertex 1.83429 19.6919 3
    endloop
  endfacet
  facet normal -0.485446 -0.874266 -0
    outer loop
      vertex 2.11758 19.5346 3
      vertex 1.83429 19.6919 0
      vertex 2.11758 19.5346 0
    endloop
  endfacet
  facet normal -0.587811 -0.808999 0
    outer loop
      vertex 2.11758 19.5346 0
      vertex 2.36545 19.3545 3
      vertex 2.11758 19.5346 3
    endloop
  endfacet
  facet normal -0.587811 -0.808999 -0
    outer loop
      vertex 2.36545 19.3545 3
      vertex 2.11758 19.5346 0
      vertex 2.36545 19.3545 0
    endloop
  endfacet
  facet normal -0.693208 -0.720737 0
    outer loop
      vertex 2.36545 19.3545 0
      vertex 2.57516 19.1528 3
      vertex 2.36545 19.3545 3
    endloop
  endfacet
  facet normal -0.693208 -0.720737 -0
    outer loop
      vertex 2.57516 19.1528 3
      vertex 2.36545 19.3545 0
      vertex 2.57516 19.1528 0
    endloop
  endfacet
  facet normal -0.792765 -0.609527 0
    outer loop
      vertex 2.74677 18.9296 0
      vertex 2.57516 19.1528 3
      vertex 2.57516 19.1528 0
    endloop
  endfacet
  facet normal -0.792765 -0.609527 0
    outer loop
      vertex 2.57516 19.1528 3
      vertex 2.74677 18.9296 0
      vertex 2.74677 18.9296 3
    endloop
  endfacet
  facet normal -0.878012 -0.478639 0
    outer loop
      vertex 2.88022 18.6848 0
      vertex 2.74677 18.9296 3
      vertex 2.74677 18.9296 0
    endloop
  endfacet
  facet normal -0.878012 -0.478639 0
    outer loop
      vertex 2.74677 18.9296 3
      vertex 2.88022 18.6848 0
      vertex 2.88022 18.6848 3
    endloop
  endfacet
  facet normal -0.941521 -0.336954 0
    outer loop
      vertex 2.97556 18.4184 0
      vertex 2.88022 18.6848 3
      vertex 2.88022 18.6848 0
    endloop
  endfacet
  facet normal -0.941521 -0.336954 0
    outer loop
      vertex 2.88022 18.6848 3
      vertex 2.97556 18.4184 0
      vertex 2.97556 18.4184 3
    endloop
  endfacet
  facet normal -0.980835 -0.194838 0
    outer loop
      vertex 3.03275 18.1305 0
      vertex 2.97556 18.4184 3
      vertex 2.97556 18.4184 0
    endloop
  endfacet
  facet normal -0.980835 -0.194838 0
    outer loop
      vertex 2.97556 18.4184 3
      vertex 3.03275 18.1305 0
      vertex 3.03275 18.1305 3
    endloop
  endfacet
  facet normal -0.998107 -0.0614989 0
    outer loop
      vertex 3.05182 17.821 0
      vertex 3.03275 18.1305 3
      vertex 3.03275 18.1305 0
    endloop
  endfacet
  facet normal -0.998107 -0.0614989 0
    outer loop
      vertex 3.03275 18.1305 3
      vertex 3.05182 17.821 0
      vertex 3.05182 17.821 3
    endloop
  endfacet
  facet normal -0.998754 0.0499055 0
    outer loop
      vertex 3.0363 17.5104 0
      vertex 3.05182 17.821 3
      vertex 3.05182 17.821 0
    endloop
  endfacet
  facet normal -0.998754 0.0499055 0
    outer loop
      vertex 3.05182 17.821 3
      vertex 3.0363 17.5104 0
      vertex 3.0363 17.5104 3
    endloop
  endfacet
  facet normal -0.987493 0.15766 0
    outer loop
      vertex 2.98976 17.2189 0
      vertex 3.0363 17.5104 3
      vertex 3.0363 17.5104 0
    endloop
  endfacet
  facet normal -0.987493 0.15766 0
    outer loop
      vertex 3.0363 17.5104 3
      vertex 2.98976 17.2189 0
      vertex 2.98976 17.2189 3
    endloop
  endfacet
  facet normal -0.961712 0.274063 0
    outer loop
      vertex 2.91219 16.9467 0
      vertex 2.98976 17.2189 3
      vertex 2.98976 17.2189 0
    endloop
  endfacet
  facet normal -0.961712 0.274063 0
    outer loop
      vertex 2.98976 17.2189 3
      vertex 2.91219 16.9467 0
      vertex 2.91219 16.9467 3
    endloop
  endfacet
  facet normal -0.918976 0.394314 0
    outer loop
      vertex 2.80359 16.6936 0
      vertex 2.91219 16.9467 3
      vertex 2.91219 16.9467 0
    endloop
  endfacet
  facet normal -0.918976 0.394314 0
    outer loop
      vertex 2.91219 16.9467 3
      vertex 2.80359 16.6936 0
      vertex 2.80359 16.6936 3
    endloop
  endfacet
  facet normal -0.858641 0.512578 0
    outer loop
      vertex 2.66396 16.4597 0
      vertex 2.80359 16.6936 3
      vertex 2.80359 16.6936 0
    endloop
  endfacet
  facet normal -0.858641 0.512578 0
    outer loop
      vertex 2.80359 16.6936 3
      vertex 2.66396 16.4597 0
      vertex 2.66396 16.4597 3
    endloop
  endfacet
  facet normal -0.782821 0.622246 0
    outer loop
      vertex 2.4933 16.245 0
      vertex 2.66396 16.4597 3
      vertex 2.66396 16.4597 0
    endloop
  endfacet
  facet normal -0.782821 0.622246 0
    outer loop
      vertex 2.66396 16.4597 3
      vertex 2.4933 16.245 0
      vertex 2.4933 16.245 3
    endloop
  endfacet
  facet normal -0.696038 0.718005 0
    outer loop
      vertex 2.4933 16.245 0
      vertex 2.29163 16.0495 3
      vertex 2.4933 16.245 3
    endloop
  endfacet
  facet normal -0.696038 0.718005 0
    outer loop
      vertex 2.29163 16.0495 3
      vertex 2.4933 16.245 0
      vertex 2.29163 16.0495 0
    endloop
  endfacet
  facet normal -0.601615 0.798786 0
    outer loop
      vertex 2.29163 16.0495 0
      vertex 2.06233 15.8768 3
      vertex 2.29163 16.0495 3
    endloop
  endfacet
  facet normal -0.601615 0.798786 0
    outer loop
      vertex 2.06233 15.8768 3
      vertex 2.29163 16.0495 0
      vertex 2.06233 15.8768 0
    endloop
  endfacet
  facet normal -0.499111 0.866538 0
    outer loop
      vertex 2.06233 15.8768 0
      vertex 1.80885 15.7308 3
      vertex 2.06233 15.8768 3
    endloop
  endfacet
  facet normal -0.499111 0.866538 0
    outer loop
      vertex 1.80885 15.7308 3
      vertex 2.06233 15.8768 0
      vertex 1.80885 15.7308 0
    endloop
  endfacet
  facet normal -0.395324 0.918542 0
    outer loop
      vertex 1.80885 15.7308 0
      vertex 1.53119 15.6113 3
      vertex 1.80885 15.7308 3
    endloop
  endfacet
  facet normal -0.395324 0.918542 0
    outer loop
      vertex 1.53119 15.6113 3
      vertex 1.80885 15.7308 0
      vertex 1.53119 15.6113 0
    endloop
  endfacet
  facet normal -0.294135 0.955764 0
    outer loop
      vertex 1.53119 15.6113 0
      vertex 1.22932 15.5184 3
      vertex 1.53119 15.6113 3
    endloop
  endfacet
  facet normal -0.294135 0.955764 0
    outer loop
      vertex 1.22932 15.5184 3
      vertex 1.53119 15.6113 0
      vertex 1.22932 15.5184 0
    endloop
  endfacet
  facet normal -0.199565 0.979884 0
    outer loop
      vertex 1.22932 15.5184 0
      vertex 0.90329 15.452 3
      vertex 1.22932 15.5184 3
    endloop
  endfacet
  facet normal -0.199565 0.979884 0
    outer loop
      vertex 0.90329 15.452 3
      vertex 1.22932 15.5184 0
      vertex 0.90329 15.452 0
    endloop
  endfacet
  facet normal -0.112911 0.993605 0
    outer loop
      vertex 0.90329 15.452 0
      vertex 0.553055 15.4122 3
      vertex 0.90329 15.452 3
    endloop
  endfacet
  facet normal -0.112911 0.993605 0
    outer loop
      vertex 0.553055 15.4122 3
      vertex 0.90329 15.452 0
      vertex 0.553055 15.4122 0
    endloop
  endfacet
  facet normal -0.0354992 0.99937 0
    outer loop
      vertex 0.553055 15.4122 0
      vertex 0.178635 15.3989 3
      vertex 0.553055 15.4122 3
    endloop
  endfacet
  facet normal -0.0354992 0.99937 0
    outer loop
      vertex 0.178635 15.3989 3
      vertex 0.553055 15.4122 0
      vertex 0.178635 15.3989 0
    endloop
  endfacet
  facet normal 0.0680338 0.997683 -0
    outer loop
      vertex 0.178635 15.3989 0
      vertex -0.545792 15.4483 3
      vertex 0.178635 15.3989 3
    endloop
  endfacet
  facet normal 0.0680338 0.997683 0
    outer loop
      vertex -0.545792 15.4483 3
      vertex 0.178635 15.3989 0
      vertex -0.545792 15.4483 0
    endloop
  endfacet
  facet normal 0.230124 0.973161 -0
    outer loop
      vertex -0.545792 15.4483 0
      vertex -1.17293 15.5966 3
      vertex -0.545792 15.4483 3
    endloop
  endfacet
  facet normal 0.230124 0.973161 0
    outer loop
      vertex -1.17293 15.5966 3
      vertex -0.545792 15.4483 0
      vertex -1.17293 15.5966 0
    endloop
  endfacet
  facet normal 0.422803 0.906222 -0
    outer loop
      vertex -1.17293 15.5966 0
      vertex -1.70277 15.8438 3
      vertex -1.17293 15.5966 3
    endloop
  endfacet
  facet normal 0.422803 0.906222 0
    outer loop
      vertex -1.70277 15.8438 3
      vertex -1.17293 15.5966 0
      vertex -1.70277 15.8438 0
    endloop
  endfacet
  facet normal 0.62466 0.780897 -0
    outer loop
      vertex -1.70277 15.8438 0
      vertex -2.13531 16.1898 3
      vertex -1.70277 15.8438 3
    endloop
  endfacet
  facet normal 0.62466 0.780897 0
    outer loop
      vertex -2.13531 16.1898 3
      vertex -1.70277 15.8438 0
      vertex -2.13531 16.1898 0
    endloop
  endfacet
  facet normal 0.798632 0.601819 0
    outer loop
      vertex -2.13531 16.1898 3
      vertex -2.47057 16.6347 0
      vertex -2.47057 16.6347 3
    endloop
  endfacet
  facet normal 0.798632 0.601819 0
    outer loop
      vertex -2.47057 16.6347 0
      vertex -2.13531 16.1898 3
      vertex -2.13531 16.1898 0
    endloop
  endfacet
  facet normal 0.916101 0.400948 0
    outer loop
      vertex -2.47057 16.6347 3
      vertex -2.70853 17.1784 0
      vertex -2.70853 17.1784 3
    endloop
  endfacet
  facet normal 0.916101 0.400948 0
    outer loop
      vertex -2.70853 17.1784 0
      vertex -2.47057 16.6347 3
      vertex -2.47057 16.6347 0
    endloop
  endfacet
  facet normal 0.976868 0.213844 0
    outer loop
      vertex -2.70853 17.1784 3
      vertex -2.8492 17.821 0
      vertex -2.8492 17.821 3
    endloop
  endfacet
  facet normal 0.976868 0.213844 0
    outer loop
      vertex -2.8492 17.821 0
      vertex -2.70853 17.1784 3
      vertex -2.70853 17.1784 0
    endloop
  endfacet
  facet normal -0.0870529 0.996204 0
    outer loop
      vertex -2.8492 17.821 0
      vertex -6.53406 17.499 3
      vertex -2.8492 17.821 3
    endloop
  endfacet
  facet normal -0.0870529 0.996204 0
    outer loop
      vertex -6.53406 17.499 3
      vertex -2.8492 17.821 0
      vertex -6.53406 17.499 0
    endloop
  endfacet
  facet normal -0.98608 -0.166272 0
    outer loop
      vertex -6.42009 16.8231 0
      vertex -6.53406 17.499 3
      vertex -6.53406 17.499 0
    endloop
  endfacet
  facet normal -0.98608 -0.166272 0
    outer loop
      vertex -6.53406 17.499 3
      vertex -6.42009 16.8231 0
      vertex -6.42009 16.8231 3
    endloop
  endfacet
  facet normal -0.964345 -0.264647 0
    outer loop
      vertex -6.2475 16.1942 0
      vertex -6.42009 16.8231 3
      vertex -6.42009 16.8231 0
    endloop
  endfacet
  facet normal -0.964345 -0.264647 0
    outer loop
      vertex -6.42009 16.8231 3
      vertex -6.2475 16.1942 0
      vertex -6.2475 16.1942 3
    endloop
  endfacet
  facet normal -0.929262 -0.369421 0
    outer loop
      vertex -6.01625 15.6125 0
      vertex -6.2475 16.1942 3
      vertex -6.2475 16.1942 0
    endloop
  endfacet
  facet normal -0.929262 -0.369421 0
    outer loop
      vertex -6.2475 16.1942 3
      vertex -6.01625 15.6125 0
      vertex -6.01625 15.6125 3
    endloop
  endfacet
  facet normal -0.879112 -0.476615 0
    outer loop
      vertex -5.72636 15.0778 0
      vertex -6.01625 15.6125 3
      vertex -6.01625 15.6125 0
    endloop
  endfacet
  facet normal -0.879112 -0.476615 0
    outer loop
      vertex -6.01625 15.6125 3
      vertex -5.72636 15.0778 0
      vertex -5.72636 15.0778 3
    endloop
  endfacet
  facet normal -0.813605 -0.581418 0
    outer loop
      vertex -5.37784 14.5901 0
      vertex -5.72636 15.0778 3
      vertex -5.72636 15.0778 0
    endloop
  endfacet
  facet normal -0.813605 -0.581418 0
    outer loop
      vertex -5.72636 15.0778 3
      vertex -5.37784 14.5901 0
      vertex -5.37784 14.5901 3
    endloop
  endfacet
  facet normal -0.734419 -0.678696 0
    outer loop
      vertex -4.97067 14.1495 0
      vertex -5.37784 14.5901 3
      vertex -5.37784 14.5901 0
    endloop
  endfacet
  facet normal -0.734419 -0.678696 0
    outer loop
      vertex -5.37784 14.5901 3
      vertex -4.97067 14.1495 0
      vertex -4.97067 14.1495 3
    endloop
  endfacet
  facet normal -0.645316 -0.763916 0
    outer loop
      vertex -4.97067 14.1495 0
      vertex -4.50485 13.756 3
      vertex -4.97067 14.1495 3
    endloop
  endfacet
  facet normal -0.645316 -0.763916 -0
    outer loop
      vertex -4.50485 13.756 3
      vertex -4.97067 14.1495 0
      vertex -4.50485 13.756 0
    endloop
  endfacet
  facet normal -0.551105 -0.834436 0
    outer loop
      vertex -4.50485 13.756 0
      vertex -3.9846 13.4124 3
      vertex -4.50485 13.756 3
    endloop
  endfacet
  facet normal -0.551105 -0.834436 -0
    outer loop
      vertex -3.9846 13.4124 3
      vertex -4.50485 13.756 0
      vertex -3.9846 13.4124 0
    endloop
  endfacet
  facet normal -0.454023 -0.89099 0
    outer loop
      vertex -3.9846 13.4124 0
      vertex -3.41412 13.1217 3
      vertex -3.9846 13.4124 3
    endloop
  endfacet
  facet normal -0.454023 -0.89099 -0
    outer loop
      vertex -3.41412 13.1217 3
      vertex -3.9846 13.4124 0
      vertex -3.41412 13.1217 0
    endloop
  endfacet
  facet normal -0.357764 -0.933812 0
    outer loop
      vertex -3.41412 13.1217 0
      vertex -2.79343 12.8839 3
      vertex -3.41412 13.1217 3
    endloop
  endfacet
  facet normal -0.357764 -0.933812 -0
    outer loop
      vertex -2.79343 12.8839 3
      vertex -3.41412 13.1217 0
      vertex -2.79343 12.8839 0
    endloop
  endfacet
  facet normal -0.26582 -0.964023 0
    outer loop
      vertex -2.79343 12.8839 0
      vertex -2.12251 12.6989 3
      vertex -2.79343 12.8839 3
    endloop
  endfacet
  facet normal -0.26582 -0.964023 -0
    outer loop
      vertex -2.12251 12.6989 3
      vertex -2.79343 12.8839 0
      vertex -2.12251 12.6989 0
    endloop
  endfacet
  facet normal -0.180184 -0.983633 0
    outer loop
      vertex -2.12251 12.6989 0
      vertex -1.40137 12.5668 3
      vertex -2.12251 12.6989 3
    endloop
  endfacet
  facet normal -0.180184 -0.983633 -0
    outer loop
      vertex -1.40137 12.5668 3
      vertex -2.12251 12.6989 0
      vertex -1.40137 12.5668 0
    endloop
  endfacet
  facet normal -0.102268 -0.994757 0
    outer loop
      vertex -1.40137 12.5668 0
      vertex -0.63002 12.4875 3
      vertex -1.40137 12.5668 3
    endloop
  endfacet
  facet normal -0.102268 -0.994757 -0
    outer loop
      vertex -0.63002 12.4875 3
      vertex -1.40137 12.5668 0
      vertex -0.63002 12.4875 0
    endloop
  endfacet
  facet normal -0.0321167 -0.999484 0
    outer loop
      vertex -0.63002 12.4875 0
      vertex 0.191559 12.4611 3
      vertex -0.63002 12.4875 3
    endloop
  endfacet
  facet normal -0.0321167 -0.999484 -0
    outer loop
      vertex 0.191559 12.4611 3
      vertex -0.63002 12.4875 0
      vertex 0.191559 12.4611 0
    endloop
  endfacet
  facet normal 0.0323553 -0.999476 0
    outer loop
      vertex 0.191559 12.4611 0
      vertex 1.04414 12.4887 3
      vertex 0.191559 12.4611 3
    endloop
  endfacet
  facet normal 0.0323553 -0.999476 0
    outer loop
      vertex 1.04414 12.4887 3
      vertex 0.191559 12.4611 0
      vertex 1.04414 12.4887 0
    endloop
  endfacet
  facet normal -0.998031 -0.0627242 0
    outer loop
      vertex -11.75 0 0
      vertex -11.7756 0.407332 3
      vertex -11.7756 0.407332 0
    endloop
  endfacet
  facet normal -0.998031 -0.0627242 0
    outer loop
      vertex -11.7756 0.407332 3
      vertex -11.75 0 0
      vertex -11.75 0 3
    endloop
  endfacet
  facet normal 0.998031 -0.0627242 0
    outer loop
      vertex -18.25 0 3
      vertex -18.2244 0.407332 0
      vertex -18.2244 0.407332 3
    endloop
  endfacet
  facet normal 0.998031 -0.0627242 0
    outer loop
      vertex -18.2244 0.407332 0
      vertex -18.25 0 3
      vertex -18.25 0 0
    endloop
  endfacet
  facet normal 0 -1 0
    outer loop
      vertex -15.2041 3.24359 0
      vertex -14.7959 3.24359 3
      vertex -15.2041 3.24359 3
    endloop
  endfacet
  facet normal 0 -1 -0
    outer loop
      vertex -14.7959 3.24359 3
      vertex -15.2041 3.24359 0
      vertex -14.7959 3.24359 0
    endloop
  endfacet
  facet normal 0 1 -0
    outer loop
      vertex -14.7959 -3.24359 0
      vertex -15.2041 -3.24359 3
      vertex -14.7959 -3.24359 3
    endloop
  endfacet
  facet normal 0 1 0
    outer loop
      vertex -15.2041 -3.24359 3
      vertex -14.7959 -3.24359 0
      vertex -15.2041 -3.24359 0
    endloop
  endfacet
  facet normal -0.684572 -0.728946 0
    outer loop
      vertex -12.9284 2.50417 0
      vertex -12.6309 2.22478 3
      vertex -12.9284 2.50417 3
    endloop
  endfacet
  facet normal -0.684572 -0.728946 -0
    outer loop
      vertex -12.6309 2.22478 3
      vertex -12.9284 2.50417 0
      vertex -12.6309 2.22478 0
    endloop
  endfacet
  facet normal 0.684572 -0.728946 0
    outer loop
      vertex -17.3691 2.22478 0
      vertex -17.0716 2.50417 3
      vertex -17.3691 2.22478 3
    endloop
  endfacet
  facet normal 0.684572 -0.728946 0
    outer loop
      vertex -17.0716 2.50417 3
      vertex -17.3691 2.22478 0
      vertex -17.0716 2.50417 0
    endloop
  endfacet
  facet normal 0.368093 -0.929789 0
    outer loop
      vertex -16.3838 2.94069 0
      vertex -16.0043 3.09093 3
      vertex -16.3838 2.94069 3
    endloop
  endfacet
  facet normal 0.368093 -0.929789 0
    outer loop
      vertex -16.0043 3.09093 3
      vertex -16.3838 2.94069 0
      vertex -16.0043 3.09093 0
    endloop
  endfacet
  facet normal -0.904808 -0.425821 0
    outer loop
      vertex -11.9782 1.1964 0
      vertex -12.152 1.5657 3
      vertex -12.152 1.5657 0
    endloop
  endfacet
  facet normal -0.904808 -0.425821 0
    outer loop
      vertex -12.152 1.5657 3
      vertex -11.9782 1.1964 0
      vertex -11.9782 1.1964 3
    endloop
  endfacet
  facet normal -0.844317 -0.535845 0
    outer loop
      vertex -12.152 1.5657 0
      vertex -12.3707 1.9103 3
      vertex -12.3707 1.9103 0
    endloop
  endfacet
  facet normal -0.844317 -0.535845 0
    outer loop
      vertex -12.3707 1.9103 3
      vertex -12.152 1.5657 0
      vertex -12.152 1.5657 3
    endloop
  endfacet
  facet normal -0.368093 -0.929789 0
    outer loop
      vertex -13.9957 3.09093 0
      vertex -13.6162 2.94069 3
      vertex -13.9957 3.09093 3
    endloop
  endfacet
  facet normal -0.368093 -0.929789 -0
    outer loop
      vertex -13.6162 2.94069 3
      vertex -13.9957 3.09093 0
      vertex -13.6162 2.94069 0
    endloop
  endfacet
  facet normal -0.2487 -0.968581 0
    outer loop
      vertex -14.391 3.19243 0
      vertex -13.9957 3.09093 3
      vertex -14.391 3.19243 3
    endloop
  endfacet
  facet normal -0.2487 -0.968581 -0
    outer loop
      vertex -13.9957 3.09093 3
      vertex -14.391 3.19243 0
      vertex -13.9957 3.09093 0
    endloop
  endfacet
  facet normal -0.587778 -0.809022 0
    outer loop
      vertex -13.2586 2.74407 0
      vertex -12.9284 2.50417 3
      vertex -13.2586 2.74407 3
    endloop
  endfacet
  facet normal -0.587778 -0.809022 -0
    outer loop
      vertex -12.9284 2.50417 3
      vertex -13.2586 2.74407 0
      vertex -12.9284 2.50417 0
    endloop
  endfacet
  facet normal 0.904808 -0.425821 0
    outer loop
      vertex -18.0218 1.1964 3
      vertex -17.848 1.5657 0
      vertex -17.848 1.5657 3
    endloop
  endfacet
  facet normal 0.904808 -0.425821 0
    outer loop
      vertex -17.848 1.5657 0
      vertex -18.0218 1.1964 3
      vertex -18.0218 1.1964 0
    endloop
  endfacet
  facet normal 0.770466 -0.637481 0
    outer loop
      vertex -17.6293 1.9103 3
      vertex -17.3691 2.22478 0
      vertex -17.3691 2.22478 3
    endloop
  endfacet
  facet normal 0.770466 -0.637481 0
    outer loop
      vertex -17.3691 2.22478 0
      vertex -17.6293 1.9103 3
      vertex -17.6293 1.9103 0
    endloop
  endfacet
  facet normal 0.951071 -0.308972 0
    outer loop
      vertex -18.1479 0.808242 3
      vertex -18.0218 1.1964 0
      vertex -18.0218 1.1964 3
    endloop
  endfacet
  facet normal 0.951071 -0.308972 0
    outer loop
      vertex -18.0218 1.1964 0
      vertex -18.1479 0.808242 3
      vertex -18.1479 0.808242 0
    endloop
  endfacet
  facet normal 0.481806 -0.876278 0
    outer loop
      vertex -16.7414 2.74407 0
      vertex -16.3838 2.94069 3
      vertex -16.7414 2.74407 3
    endloop
  endfacet
  facet normal 0.481806 -0.876278 0
    outer loop
      vertex -16.3838 2.94069 3
      vertex -16.7414 2.74407 0
      vertex -16.3838 2.94069 0
    endloop
  endfacet
  facet normal 0.125356 -0.992112 0
    outer loop
      vertex -15.609 3.19243 0
      vertex -15.2041 3.24359 3
      vertex -15.609 3.19243 3
    endloop
  endfacet
  facet normal 0.125356 -0.992112 0
    outer loop
      vertex -15.2041 3.24359 3
      vertex -15.609 3.19243 0
      vertex -15.2041 3.24359 0
    endloop
  endfacet
  facet normal -0.125356 0.992112 0
    outer loop
      vertex -14.391 -3.19243 0
      vertex -14.7959 -3.24359 3
      vertex -14.391 -3.19243 3
    endloop
  endfacet
  facet normal -0.125356 0.992112 0
    outer loop
      vertex -14.7959 -3.24359 3
      vertex -14.391 -3.19243 0
      vertex -14.7959 -3.24359 0
    endloop
  endfacet
  facet normal -0.951071 -0.308972 0
    outer loop
      vertex -11.8521 0.808242 0
      vertex -11.9782 1.1964 3
      vertex -11.9782 1.1964 0
    endloop
  endfacet
  facet normal -0.951071 -0.308972 0
    outer loop
      vertex -11.9782 1.1964 3
      vertex -11.8521 0.808242 0
      vertex -11.8521 0.808242 3
    endloop
  endfacet
  facet normal -0.982277 -0.187434 0
    outer loop
      vertex -11.7756 0.407332 0
      vertex -11.8521 0.808242 3
      vertex -11.8521 0.808242 0
    endloop
  endfacet
  facet normal -0.982277 -0.187434 0
    outer loop
      vertex -11.8521 0.808242 3
      vertex -11.7756 0.407332 0
      vertex -11.7756 0.407332 3
    endloop
  endfacet
  facet normal -0.770466 -0.637481 0
    outer loop
      vertex -12.3707 1.9103 0
      vertex -12.6309 2.22478 3
      vertex -12.6309 2.22478 0
    endloop
  endfacet
  facet normal -0.770466 -0.637481 0
    outer loop
      vertex -12.6309 2.22478 3
      vertex -12.3707 1.9103 0
      vertex -12.3707 1.9103 3
    endloop
  endfacet
  facet normal -0.125356 -0.992112 0
    outer loop
      vertex -14.7959 3.24359 0
      vertex -14.391 3.19243 3
      vertex -14.7959 3.24359 3
    endloop
  endfacet
  facet normal -0.125356 -0.992112 -0
    outer loop
      vertex -14.391 3.19243 3
      vertex -14.7959 3.24359 0
      vertex -14.391 3.19243 0
    endloop
  endfacet
  facet normal -0.481806 -0.876278 0
    outer loop
      vertex -13.6162 2.94069 0
      vertex -13.2586 2.74407 3
      vertex -13.6162 2.94069 3
    endloop
  endfacet
  facet normal -0.481806 -0.876278 -0
    outer loop
      vertex -13.2586 2.74407 3
      vertex -13.6162 2.94069 0
      vertex -13.2586 2.74407 0
    endloop
  endfacet
  facet normal 0.844317 -0.535845 0
    outer loop
      vertex -17.848 1.5657 3
      vertex -17.6293 1.9103 0
      vertex -17.6293 1.9103 3
    endloop
  endfacet
  facet normal 0.844317 -0.535845 0
    outer loop
      vertex -17.6293 1.9103 0
      vertex -17.848 1.5657 3
      vertex -17.848 1.5657 0
    endloop
  endfacet
  facet normal 0.982277 -0.187434 0
    outer loop
      vertex -18.2244 0.407332 3
      vertex -18.1479 0.808242 0
      vertex -18.1479 0.808242 3
    endloop
  endfacet
  facet normal 0.982277 -0.187434 0
    outer loop
      vertex -18.1479 0.808242 0
      vertex -18.2244 0.407332 3
      vertex -18.2244 0.407332 0
    endloop
  endfacet
  facet normal 0.587778 -0.809022 0
    outer loop
      vertex -17.0716 2.50417 0
      vertex -16.7414 2.74407 3
      vertex -17.0716 2.50417 3
    endloop
  endfacet
  facet normal 0.587778 -0.809022 0
    outer loop
      vertex -16.7414 2.74407 3
      vertex -17.0716 2.50417 0
      vertex -16.7414 2.74407 0
    endloop
  endfacet
  facet normal 0.2487 -0.968581 0
    outer loop
      vertex -16.0043 3.09093 0
      vertex -15.609 3.19243 3
      vertex -16.0043 3.09093 3
    endloop
  endfacet
  facet normal 0.2487 -0.968581 0
    outer loop
      vertex -15.609 3.19243 3
      vertex -16.0043 3.09093 0
      vertex -15.609 3.19243 0
    endloop
  endfacet
  facet normal -0.951071 0.308972 0
    outer loop
      vertex -11.9782 -1.1964 0
      vertex -11.8521 -0.808242 3
      vertex -11.8521 -0.808242 0
    endloop
  endfacet
  facet normal -0.951071 0.308972 0
    outer loop
      vertex -11.8521 -0.808242 3
      vertex -11.9782 -1.1964 0
      vertex -11.9782 -1.1964 3
    endloop
  endfacet
  facet normal -0.982277 0.187434 0
    outer loop
      vertex -11.8521 -0.808242 0
      vertex -11.7756 -0.407332 3
      vertex -11.7756 -0.407332 0
    endloop
  endfacet
  facet normal -0.982277 0.187434 0
    outer loop
      vertex -11.7756 -0.407332 3
      vertex -11.8521 -0.808242 0
      vertex -11.8521 -0.808242 3
    endloop
  endfacet
  facet normal 0.904808 0.425821 0
    outer loop
      vertex -17.848 -1.5657 3
      vertex -18.0218 -1.1964 0
      vertex -18.0218 -1.1964 3
    endloop
  endfacet
  facet normal 0.904808 0.425821 0
    outer loop
      vertex -18.0218 -1.1964 0
      vertex -17.848 -1.5657 3
      vertex -17.848 -1.5657 0
    endloop
  endfacet
  facet normal -0.587778 0.809022 0
    outer loop
      vertex -12.9284 -2.50417 0
      vertex -13.2586 -2.74407 3
      vertex -12.9284 -2.50417 3
    endloop
  endfacet
  facet normal -0.587778 0.809022 0
    outer loop
      vertex -13.2586 -2.74407 3
      vertex -12.9284 -2.50417 0
      vertex -13.2586 -2.74407 0
    endloop
  endfacet
  facet normal -0.998031 0.0627242 0
    outer loop
      vertex -11.7756 -0.407332 0
      vertex -11.75 0 3
      vertex -11.75 0 0
    endloop
  endfacet
  facet normal -0.998031 0.0627242 0
    outer loop
      vertex -11.75 0 3
      vertex -11.7756 -0.407332 0
      vertex -11.7756 -0.407332 3
    endloop
  endfacet
  facet normal 0.951071 0.308972 0
    outer loop
      vertex -18.0218 -1.1964 3
      vertex -18.1479 -0.808242 0
      vertex -18.1479 -0.808242 3
    endloop
  endfacet
  facet normal 0.951071 0.308972 0
    outer loop
      vertex -18.1479 -0.808242 0
      vertex -18.0218 -1.1964 3
      vertex -18.0218 -1.1964 0
    endloop
  endfacet
  facet normal 0.998031 0.0627242 0
    outer loop
      vertex -18.2244 -0.407332 3
      vertex -18.25 0 0
      vertex -18.25 0 3
    endloop
  endfacet
  facet normal 0.998031 0.0627242 0
    outer loop
      vertex -18.25 0 0
      vertex -18.2244 -0.407332 3
      vertex -18.2244 -0.407332 0
    endloop
  endfacet
  facet normal -0.684572 0.728946 0
    outer loop
      vertex -12.6309 -2.22478 0
      vertex -12.9284 -2.50417 3
      vertex -12.6309 -2.22478 3
    endloop
  endfacet
  facet normal -0.684572 0.728946 0
    outer loop
      vertex -12.9284 -2.50417 3
      vertex -12.6309 -2.22478 0
      vertex -12.9284 -2.50417 0
    endloop
  endfacet
  facet normal -0.2487 0.968581 0
    outer loop
      vertex -13.9957 -3.09093 0
      vertex -14.391 -3.19243 3
      vertex -13.9957 -3.09093 3
    endloop
  endfacet
  facet normal -0.2487 0.968581 0
    outer loop
      vertex -14.391 -3.19243 3
      vertex -13.9957 -3.09093 0
      vertex -14.391 -3.19243 0
    endloop
  endfacet
  facet normal -0.481806 0.876278 0
    outer loop
      vertex -13.2586 -2.74407 0
      vertex -13.6162 -2.94069 3
      vertex -13.2586 -2.74407 3
    endloop
  endfacet
  facet normal -0.481806 0.876278 0
    outer loop
      vertex -13.6162 -2.94069 3
      vertex -13.2586 -2.74407 0
      vertex -13.6162 -2.94069 0
    endloop
  endfacet
  facet normal -0.904808 0.425821 0
    outer loop
      vertex -12.152 -1.5657 0
      vertex -11.9782 -1.1964 3
      vertex -11.9782 -1.1964 0
    endloop
  endfacet
  facet normal -0.904808 0.425821 0
    outer loop
      vertex -11.9782 -1.1964 3
      vertex -12.152 -1.5657 0
      vertex -12.152 -1.5657 3
    endloop
  endfacet
  facet normal -0.844317 0.535845 0
    outer loop
      vertex -12.3707 -1.9103 0
      vertex -12.152 -1.5657 3
      vertex -12.152 -1.5657 0
    endloop
  endfacet
  facet normal -0.844317 0.535845 0
    outer loop
      vertex -12.152 -1.5657 3
      vertex -12.3707 -1.9103 0
      vertex -12.3707 -1.9103 3
    endloop
  endfacet
  facet normal 0.2487 0.968581 -0
    outer loop
      vertex -15.609 -3.19243 0
      vertex -16.0043 -3.09093 3
      vertex -15.609 -3.19243 3
    endloop
  endfacet
  facet normal 0.2487 0.968581 0
    outer loop
      vertex -16.0043 -3.09093 3
      vertex -15.609 -3.19243 0
      vertex -16.0043 -3.09093 0
    endloop
  endfacet
  facet normal 0.770466 0.637481 0
    outer loop
      vertex -17.3691 -2.22478 3
      vertex -17.6293 -1.9103 0
      vertex -17.6293 -1.9103 3
    endloop
  endfacet
  facet normal 0.770466 0.637481 0
    outer loop
      vertex -17.6293 -1.9103 0
      vertex -17.3691 -2.22478 3
      vertex -17.3691 -2.22478 0
    endloop
  endfacet
  facet normal 0.684572 0.728946 -0
    outer loop
      vertex -17.0716 -2.50417 0
      vertex -17.3691 -2.22478 3
      vertex -17.0716 -2.50417 3
    endloop
  endfacet
  facet normal 0.684572 0.728946 0
    outer loop
      vertex -17.3691 -2.22478 3
      vertex -17.0716 -2.50417 0
      vertex -17.3691 -2.22478 0
    endloop
  endfacet
  facet normal 0.982277 0.187434 0
    outer loop
      vertex -18.1479 -0.808242 3
      vertex -18.2244 -0.407332 0
      vertex -18.2244 -0.407332 3
    endloop
  endfacet
  facet normal 0.982277 0.187434 0
    outer loop
      vertex -18.2244 -0.407332 0
      vertex -18.1479 -0.808242 3
      vertex -18.1479 -0.808242 0
    endloop
  endfacet
  facet normal -0.770466 0.637481 0
    outer loop
      vertex -12.6309 -2.22478 0
      vertex -12.3707 -1.9103 3
      vertex -12.3707 -1.9103 0
    endloop
  endfacet
  facet normal -0.770466 0.637481 0
    outer loop
      vertex -12.3707 -1.9103 3
      vertex -12.6309 -2.22478 0
      vertex -12.6309 -2.22478 3
    endloop
  endfacet
  facet normal 0.587778 0.809022 -0
    outer loop
      vertex -16.7414 -2.74407 0
      vertex -17.0716 -2.50417 3
      vertex -16.7414 -2.74407 3
    endloop
  endfacet
  facet normal 0.587778 0.809022 0
    outer loop
      vertex -17.0716 -2.50417 3
      vertex -16.7414 -2.74407 0
      vertex -17.0716 -2.50417 0
    endloop
  endfacet
  facet normal 0.481806 0.876278 -0
    outer loop
      vertex -16.3838 -2.94069 0
      vertex -16.7414 -2.74407 3
      vertex -16.3838 -2.94069 3
    endloop
  endfacet
  facet normal 0.481806 0.876278 0
    outer loop
      vertex -16.7414 -2.74407 3
      vertex -16.3838 -2.94069 0
      vertex -16.7414 -2.74407 0
    endloop
  endfacet
  facet normal 0.125356 0.992112 -0
    outer loop
      vertex -15.2041 -3.24359 0
      vertex -15.609 -3.19243 3
      vertex -15.2041 -3.24359 3
    endloop
  endfacet
  facet normal 0.125356 0.992112 0
    outer loop
      vertex -15.609 -3.19243 3
      vertex -15.2041 -3.24359 0
      vertex -15.609 -3.19243 0
    endloop
  endfacet
  facet normal 0.844317 0.535845 0
    outer loop
      vertex -17.6293 -1.9103 3
      vertex -17.848 -1.5657 0
      vertex -17.848 -1.5657 3
    endloop
  endfacet
  facet normal 0.844317 0.535845 0
    outer loop
      vertex -17.848 -1.5657 0
      vertex -17.6293 -1.9103 3
      vertex -17.6293 -1.9103 0
    endloop
  endfacet
  facet normal -0.368093 0.929789 0
    outer loop
      vertex -13.6162 -2.94069 0
      vertex -13.9957 -3.09093 3
      vertex -13.6162 -2.94069 3
    endloop
  endfacet
  facet normal -0.368093 0.929789 0
    outer loop
      vertex -13.9957 -3.09093 3
      vertex -13.6162 -2.94069 0
      vertex -13.9957 -3.09093 0
    endloop
  endfacet
  facet normal 0.368093 0.929789 -0
    outer loop
      vertex -16.0043 -3.09093 0
      vertex -16.3838 -2.94069 3
      vertex -16.0043 -3.09093 3
    endloop
  endfacet
  facet normal 0.368093 0.929789 0
    outer loop
      vertex -16.3838 -2.94069 3
      vertex -16.0043 -3.09093 0
      vertex -16.3838 -2.94069 0
    endloop
  endfacet
  facet normal -0.904836 -0.42576 0
    outer loop
      vertex 3.02177 1.1964 0
      vertex 2.848 1.5657 3
      vertex 2.848 1.5657 0
    endloop
  endfacet
  facet normal -0.904836 -0.42576 0
    outer loop
      vertex 2.848 1.5657 3
      vertex 3.02177 1.1964 0
      vertex 3.02177 1.1964 3
    endloop
  endfacet
  facet normal 0.951057 -0.309017 0
    outer loop
      vertex -3.14789 0.808242 3
      vertex -3.02177 1.1964 0
      vertex -3.02177 1.1964 3
    endloop
  endfacet
  facet normal 0.951057 -0.309017 0
    outer loop
      vertex -3.02177 1.1964 0
      vertex -3.14789 0.808242 3
      vertex -3.14789 0.808242 0
    endloop
  endfacet
  facet normal -0.844317 -0.535845 0
    outer loop
      vertex 2.848 1.5657 0
      vertex 2.6293 1.9103 3
      vertex 2.6293 1.9103 0
    endloop
  endfacet
  facet normal -0.844317 -0.535845 0
    outer loop
      vertex 2.6293 1.9103 3
      vertex 2.848 1.5657 0
      vertex 2.848 1.5657 3
    endloop
  endfacet
  facet normal -0.36811 -0.929782 0
    outer loop
      vertex 1.0043 3.09093 0
      vertex 1.38378 2.94069 3
      vertex 1.0043 3.09093 3
    endloop
  endfacet
  facet normal -0.36811 -0.929782 -0
    outer loop
      vertex 1.38378 2.94069 3
      vertex 1.0043 3.09093 0
      vertex 1.38378 2.94069 0
    endloop
  endfacet
  facet normal 0.36811 -0.929782 0
    outer loop
      vertex -1.38378 2.94069 0
      vertex -1.0043 3.09093 3
      vertex -1.38378 2.94069 3
    endloop
  endfacet
  facet normal 0.36811 -0.929782 0
    outer loop
      vertex -1.0043 3.09093 3
      vertex -1.38378 2.94069 0
      vertex -1.0043 3.09093 0
    endloop
  endfacet
  facet normal 0.904836 -0.42576 0
    outer loop
      vertex -3.02177 1.1964 3
      vertex -2.848 1.5657 0
      vertex -2.848 1.5657 3
    endloop
  endfacet
  facet normal 0.904836 -0.42576 0
    outer loop
      vertex -2.848 1.5657 0
      vertex -3.02177 1.1964 3
      vertex -3.02177 1.1964 0
    endloop
  endfacet
  facet normal -0.982286 0.187387 0
    outer loop
      vertex 3.14789 -0.808242 0
      vertex 3.22437 -0.407332 3
      vertex 3.22437 -0.407332 0
    endloop
  endfacet
  facet normal -0.982286 0.187387 0
    outer loop
      vertex 3.22437 -0.407332 3
      vertex 3.14789 -0.808242 0
      vertex 3.14789 -0.808242 3
    endloop
  endfacet
  facet normal -0.58779 -0.809014 0
    outer loop
      vertex 1.74144 2.74407 0
      vertex 2.07163 2.50417 3
      vertex 1.74144 2.74407 3
    endloop
  endfacet
  facet normal -0.58779 -0.809014 -0
    outer loop
      vertex 2.07163 2.50417 3
      vertex 1.74144 2.74407 0
      vertex 2.07163 2.50417 0
    endloop
  endfacet
  facet normal 0.982286 -0.187387 0
    outer loop
      vertex -3.22437 0.407332 3
      vertex -3.14789 0.808242 0
      vertex -3.14789 0.808242 3
    endloop
  endfacet
  facet normal 0.982286 -0.187387 0
    outer loop
      vertex -3.14789 0.808242 0
      vertex -3.22437 0.407332 3
      vertex -3.22437 0.407332 0
    endloop
  endfacet
  facet normal 0.770526 -0.637409 0
    outer loop
      vertex -2.6293 1.9103 3
      vertex -2.36915 2.22478 0
      vertex -2.36915 2.22478 3
    endloop
  endfacet
  facet normal 0.770526 -0.637409 0
    outer loop
      vertex -2.36915 2.22478 0
      vertex -2.6293 1.9103 3
      vertex -2.6293 1.9103 0
    endloop
  endfacet
  facet normal 0.481744 -0.876312 0
    outer loop
      vertex -1.74144 2.74407 0
      vertex -1.38378 2.94069 3
      vertex -1.74144 2.74407 3
    endloop
  endfacet
  facet normal 0.481744 -0.876312 0
    outer loop
      vertex -1.38378 2.94069 3
      vertex -1.74144 2.74407 0
      vertex -1.38378 2.94069 0
    endloop
  endfacet
  facet normal 0.125349 -0.992113 0
    outer loop
      vertex -0.608989 3.19243 0
      vertex -0.204069 3.24359 3
      vertex -0.608989 3.19243 3
    endloop
  endfacet
  facet normal 0.125349 -0.992113 0
    outer loop
      vertex -0.204069 3.24359 3
      vertex -0.608989 3.19243 0
      vertex -0.204069 3.24359 0
    endloop
  endfacet
  facet normal -0.998026 -0.0627975 0
    outer loop
      vertex 3.25 0 0
      vertex 3.22437 0.407332 3
      vertex 3.22437 0.407332 0
    endloop
  endfacet
  facet normal -0.998026 -0.0627975 0
    outer loop
      vertex 3.22437 0.407332 3
      vertex 3.25 0 0
      vertex 3.25 0 3
    endloop
  endfacet
  facet normal -0.951057 0.309017 0
    outer loop
      vertex 3.02177 -1.1964 0
      vertex 3.14789 -0.808242 3
      vertex 3.14789 -0.808242 0
    endloop
  endfacet
  facet normal -0.951057 0.309017 0
    outer loop
      vertex 3.14789 -0.808242 3
      vertex 3.02177 -1.1964 0
      vertex 3.02177 -1.1964 3
    endloop
  endfacet
  facet normal -0.58779 0.809014 0
    outer loop
      vertex 2.07163 -2.50417 0
      vertex 1.74144 -2.74407 3
      vertex 2.07163 -2.50417 3
    endloop
  endfacet
  facet normal -0.58779 0.809014 0
    outer loop
      vertex 1.74144 -2.74407 3
      vertex 2.07163 -2.50417 0
      vertex 1.74144 -2.74407 0
    endloop
  endfacet
  facet normal -0.951057 -0.309017 0
    outer loop
      vertex 3.14789 0.808242 0
      vertex 3.02177 1.1964 3
      vertex 3.02177 1.1964 0
    endloop
  endfacet
  facet normal -0.951057 -0.309017 0
    outer loop
      vertex 3.02177 1.1964 3
      vertex 3.14789 0.808242 0
      vertex 3.14789 0.808242 3
    endloop
  endfacet
  facet normal -0.684547 -0.728968 0
    outer loop
      vertex 2.07163 2.50417 0
      vertex 2.36915 2.22478 3
      vertex 2.07163 2.50417 3
    endloop
  endfacet
  facet normal -0.684547 -0.728968 -0
    outer loop
      vertex 2.36915 2.22478 3
      vertex 2.07163 2.50417 0
      vertex 2.36915 2.22478 0
    endloop
  endfacet
  facet normal -0.770526 -0.637409 0
    outer loop
      vertex 2.6293 1.9103 0
      vertex 2.36915 2.22478 3
      vertex 2.36915 2.22478 0
    endloop
  endfacet
  facet normal -0.770526 -0.637409 0
    outer loop
      vertex 2.36915 2.22478 3
      vertex 2.6293 1.9103 0
      vertex 2.6293 1.9103 3
    endloop
  endfacet
  facet normal 0 -1 0
    outer loop
      vertex -0.204069 3.24359 0
      vertex 0.204069 3.24359 3
      vertex -0.204069 3.24359 3
    endloop
  endfacet
  facet normal 0 -1 -0
    outer loop
      vertex 0.204069 3.24359 3
      vertex -0.204069 3.24359 0
      vertex 0.204069 3.24359 0
    endloop
  endfacet
  facet normal -0.248693 -0.968582 0
    outer loop
      vertex 0.608989 3.19243 0
      vertex 1.0043 3.09093 3
      vertex 0.608989 3.19243 3
    endloop
  endfacet
  facet normal -0.248693 -0.968582 -0
    outer loop
      vertex 1.0043 3.09093 3
      vertex 0.608989 3.19243 0
      vertex 1.0043 3.09093 0
    endloop
  endfacet
  facet normal -0.481744 -0.876312 0
    outer loop
      vertex 1.38378 2.94069 0
      vertex 1.74144 2.74407 3
      vertex 1.38378 2.94069 3
    endloop
  endfacet
  facet normal -0.481744 -0.876312 -0
    outer loop
      vertex 1.74144 2.74407 3
      vertex 1.38378 2.94069 0
      vertex 1.74144 2.74407 0
    endloop
  endfacet
  facet normal 0.998026 -0.0627975 0
    outer loop
      vertex -3.25 0 3
      vertex -3.22437 0.407332 0
      vertex -3.22437 0.407332 3
    endloop
  endfacet
  facet normal 0.998026 -0.0627975 0
    outer loop
      vertex -3.22437 0.407332 0
      vertex -3.25 0 3
      vertex -3.25 0 0
    endloop
  endfacet
  facet normal 0.844317 -0.535845 0
    outer loop
      vertex -2.848 1.5657 3
      vertex -2.6293 1.9103 0
      vertex -2.6293 1.9103 3
    endloop
  endfacet
  facet normal 0.844317 -0.535845 0
    outer loop
      vertex -2.6293 1.9103 0
      vertex -2.848 1.5657 3
      vertex -2.848 1.5657 0
    endloop
  endfacet
  facet normal 0.248693 -0.968582 0
    outer loop
      vertex -1.0043 3.09093 0
      vertex -0.608989 3.19243 3
      vertex -1.0043 3.09093 3
    endloop
  endfacet
  facet normal 0.248693 -0.968582 0
    outer loop
      vertex -0.608989 3.19243 3
      vertex -1.0043 3.09093 0
      vertex -0.608989 3.19243 0
    endloop
  endfacet
  facet normal 0.58779 -0.809014 0
    outer loop
      vertex -2.07163 2.50417 0
      vertex -1.74144 2.74407 3
      vertex -2.07163 2.50417 3
    endloop
  endfacet
  facet normal 0.58779 -0.809014 0
    outer loop
      vertex -1.74144 2.74407 3
      vertex -2.07163 2.50417 0
      vertex -1.74144 2.74407 0
    endloop
  endfacet
  facet normal 0.684547 -0.728968 0
    outer loop
      vertex -2.36915 2.22478 0
      vertex -2.07163 2.50417 3
      vertex -2.36915 2.22478 3
    endloop
  endfacet
  facet normal 0.684547 -0.728968 0
    outer loop
      vertex -2.07163 2.50417 3
      vertex -2.36915 2.22478 0
      vertex -2.07163 2.50417 0
    endloop
  endfacet
  facet normal -0.844317 0.535845 0
    outer loop
      vertex 2.6293 -1.9103 0
      vertex 2.848 -1.5657 3
      vertex 2.848 -1.5657 0
    endloop
  endfacet
  facet normal -0.844317 0.535845 0
    outer loop
      vertex 2.848 -1.5657 3
      vertex 2.6293 -1.9103 0
      vertex 2.6293 -1.9103 3
    endloop
  endfacet
  facet normal 0 1 -0
    outer loop
      vertex 0.204069 -3.24359 0
      vertex -0.204069 -3.24359 3
      vertex 0.204069 -3.24359 3
    endloop
  endfacet
  facet normal 0 1 0
    outer loop
      vertex -0.204069 -3.24359 3
      vertex 0.204069 -3.24359 0
      vertex -0.204069 -3.24359 0
    endloop
  endfacet
  facet normal 0.951057 0.309017 0
    outer loop
      vertex -3.02177 -1.1964 3
      vertex -3.14789 -0.808242 0
      vertex -3.14789 -0.808242 3
    endloop
  endfacet
  facet normal 0.951057 0.309017 0
    outer loop
      vertex -3.14789 -0.808242 0
      vertex -3.02177 -1.1964 3
      vertex -3.02177 -1.1964 0
    endloop
  endfacet
  facet normal 0.904836 0.42576 0
    outer loop
      vertex -2.848 -1.5657 3
      vertex -3.02177 -1.1964 0
      vertex -3.02177 -1.1964 3
    endloop
  endfacet
  facet normal 0.904836 0.42576 0
    outer loop
      vertex -3.02177 -1.1964 0
      vertex -2.848 -1.5657 3
      vertex -2.848 -1.5657 0
    endloop
  endfacet
  facet normal -0.125349 0.992113 0
    outer loop
      vertex 0.608989 -3.19243 0
      vertex 0.204069 -3.24359 3
      vertex 0.608989 -3.19243 3
    endloop
  endfacet
  facet normal -0.125349 0.992113 0
    outer loop
      vertex 0.204069 -3.24359 3
      vertex 0.608989 -3.19243 0
      vertex 0.204069 -3.24359 0
    endloop
  endfacet
  facet normal -0.982286 -0.187387 0
    outer loop
      vertex 3.22437 0.407332 0
      vertex 3.14789 0.808242 3
      vertex 3.14789 0.808242 0
    endloop
  endfacet
  facet normal -0.982286 -0.187387 0
    outer loop
      vertex 3.14789 0.808242 3
      vertex 3.22437 0.407332 0
      vertex 3.22437 0.407332 3
    endloop
  endfacet
  facet normal -0.125349 -0.992113 0
    outer loop
      vertex 0.204069 3.24359 0
      vertex 0.608989 3.19243 3
      vertex 0.204069 3.24359 3
    endloop
  endfacet
  facet normal -0.125349 -0.992113 -0
    outer loop
      vertex 0.608989 3.19243 3
      vertex 0.204069 3.24359 0
      vertex 0.608989 3.19243 0
    endloop
  endfacet
  facet normal -0.998026 0.0627975 0
    outer loop
      vertex 3.22437 -0.407332 0
      vertex 3.25 0 3
      vertex 3.25 0 0
    endloop
  endfacet
  facet normal -0.998026 0.0627975 0
    outer loop
      vertex 3.25 0 3
      vertex 3.22437 -0.407332 0
      vertex 3.22437 -0.407332 3
    endloop
  endfacet
  facet normal 0.998026 0.0627975 0
    outer loop
      vertex -3.22437 -0.407332 3
      vertex -3.25 0 0
      vertex -3.25 0 3
    endloop
  endfacet
  facet normal 0.998026 0.0627975 0
    outer loop
      vertex -3.25 0 0
      vertex -3.22437 -0.407332 3
      vertex -3.22437 -0.407332 0
    endloop
  endfacet
  facet normal -0.248693 0.968582 0
    outer loop
      vertex 1.0043 -3.09093 0
      vertex 0.608989 -3.19243 3
      vertex 1.0043 -3.09093 3
    endloop
  endfacet
  facet normal -0.248693 0.968582 0
    outer loop
      vertex 0.608989 -3.19243 3
      vertex 1.0043 -3.09093 0
      vertex 0.608989 -3.19243 0
    endloop
  endfacet
  facet normal -0.481744 0.876312 0
    outer loop
      vertex 1.74144 -2.74407 0
      vertex 1.38378 -2.94069 3
      vertex 1.74144 -2.74407 3
    endloop
  endfacet
  facet normal -0.481744 0.876312 0
    outer loop
      vertex 1.38378 -2.94069 3
      vertex 1.74144 -2.74407 0
      vertex 1.38378 -2.94069 0
    endloop
  endfacet
  facet normal -0.36811 0.929782 0
    outer loop
      vertex 1.38378 -2.94069 0
      vertex 1.0043 -3.09093 3
      vertex 1.38378 -2.94069 3
    endloop
  endfacet
  facet normal -0.36811 0.929782 0
    outer loop
      vertex 1.0043 -3.09093 3
      vertex 1.38378 -2.94069 0
      vertex 1.0043 -3.09093 0
    endloop
  endfacet
  facet normal -0.684547 0.728968 0
    outer loop
      vertex 2.36915 -2.22478 0
      vertex 2.07163 -2.50417 3
      vertex 2.36915 -2.22478 3
    endloop
  endfacet
  facet normal -0.684547 0.728968 0
    outer loop
      vertex 2.07163 -2.50417 3
      vertex 2.36915 -2.22478 0
      vertex 2.07163 -2.50417 0
    endloop
  endfacet
  facet normal -0.904836 0.42576 0
    outer loop
      vertex 2.848 -1.5657 0
      vertex 3.02177 -1.1964 3
      vertex 3.02177 -1.1964 0
    endloop
  endfacet
  facet normal -0.904836 0.42576 0
    outer loop
      vertex 3.02177 -1.1964 3
      vertex 2.848 -1.5657 0
      vertex 2.848 -1.5657 3
    endloop
  endfacet
  facet normal 0.58779 0.809014 -0
    outer loop
      vertex -1.74144 -2.74407 0
      vertex -2.07163 -2.50417 3
      vertex -1.74144 -2.74407 3
    endloop
  endfacet
  facet normal 0.58779 0.809014 0
    outer loop
      vertex -2.07163 -2.50417 3
      vertex -1.74144 -2.74407 0
      vertex -2.07163 -2.50417 0
    endloop
  endfacet
  facet normal 0.248693 0.968582 -0
    outer loop
      vertex -0.608989 -3.19243 0
      vertex -1.0043 -3.09093 3
      vertex -0.608989 -3.19243 3
    endloop
  endfacet
  facet normal 0.248693 0.968582 0
    outer loop
      vertex -1.0043 -3.09093 3
      vertex -0.608989 -3.19243 0
      vertex -1.0043 -3.09093 0
    endloop
  endfacet
  facet normal 0.125349 0.992113 -0
    outer loop
      vertex -0.204069 -3.24359 0
      vertex -0.608989 -3.19243 3
      vertex -0.204069 -3.24359 3
    endloop
  endfacet
  facet normal 0.125349 0.992113 0
    outer loop
      vertex -0.608989 -3.19243 3
      vertex -0.204069 -3.24359 0
      vertex -0.608989 -3.19243 0
    endloop
  endfacet
  facet normal 0.770526 0.637409 0
    outer loop
      vertex -2.36915 -2.22478 3
      vertex -2.6293 -1.9103 0
      vertex -2.6293 -1.9103 3
    endloop
  endfacet
  facet normal 0.770526 0.637409 0
    outer loop
      vertex -2.6293 -1.9103 0
      vertex -2.36915 -2.22478 3
      vertex -2.36915 -2.22478 0
    endloop
  endfacet
  facet normal 0.684547 0.728968 -0
    outer loop
      vertex -2.07163 -2.50417 0
      vertex -2.36915 -2.22478 3
      vertex -2.07163 -2.50417 3
    endloop
  endfacet
  facet normal 0.684547 0.728968 0
    outer loop
      vertex -2.36915 -2.22478 3
      vertex -2.07163 -2.50417 0
      vertex -2.36915 -2.22478 0
    endloop
  endfacet
  facet normal 0.982286 0.187387 0
    outer loop
      vertex -3.14789 -0.808242 3
      vertex -3.22437 -0.407332 0
      vertex -3.22437 -0.407332 3
    endloop
  endfacet
  facet normal 0.982286 0.187387 0
    outer loop
      vertex -3.22437 -0.407332 0
      vertex -3.14789 -0.808242 3
      vertex -3.14789 -0.808242 0
    endloop
  endfacet
  facet normal -0.770526 0.637409 0
    outer loop
      vertex 2.36915 -2.22478 0
      vertex 2.6293 -1.9103 3
      vertex 2.6293 -1.9103 0
    endloop
  endfacet
  facet normal -0.770526 0.637409 0
    outer loop
      vertex 2.6293 -1.9103 3
      vertex 2.36915 -2.22478 0
      vertex 2.36915 -2.22478 3
    endloop
  endfacet
  facet normal 0.481744 0.876312 -0
    outer loop
      vertex -1.38378 -2.94069 0
      vertex -1.74144 -2.74407 3
      vertex -1.38378 -2.94069 3
    endloop
  endfacet
  facet normal 0.481744 0.876312 0
    outer loop
      vertex -1.74144 -2.74407 3
      vertex -1.38378 -2.94069 0
      vertex -1.74144 -2.74407 0
    endloop
  endfacet
  facet normal 0.844317 0.535845 0
    outer loop
      vertex -2.6293 -1.9103 3
      vertex -2.848 -1.5657 0
      vertex -2.848 -1.5657 3
    endloop
  endfacet
  facet normal 0.844317 0.535845 0
    outer loop
      vertex -2.848 -1.5657 0
      vertex -2.6293 -1.9103 3
      vertex -2.6293 -1.9103 0
    endloop
  endfacet
  facet normal 0.36811 0.929782 -0
    outer loop
      vertex -1.0043 -3.09093 0
      vertex -1.38378 -2.94069 3
      vertex -1.0043 -3.09093 3
    endloop
  endfacet
  facet normal 0.36811 0.929782 0
    outer loop
      vertex -1.38378 -2.94069 3
      vertex -1.0043 -3.09093 0
      vertex -1.38378 -2.94069 0
    endloop
  endfacet
  facet normal -0.587778 -0.809022 0
    outer loop
      vertex 16.7414 2.74407 0
      vertex 17.0716 2.50417 3
      vertex 16.7414 2.74407 3
    endloop
  endfacet
  facet normal -0.587778 -0.809022 -0
    outer loop
      vertex 17.0716 2.50417 3
      vertex 16.7414 2.74407 0
      vertex 17.0716 2.50417 0
    endloop
  endfacet
  facet normal -0.982277 0.187434 0
    outer loop
      vertex 18.1479 -0.808242 0
      vertex 18.2244 -0.407332 3
      vertex 18.2244 -0.407332 0
    endloop
  endfacet
  facet normal -0.982277 0.187434 0
    outer loop
      vertex 18.2244 -0.407332 3
      vertex 18.1479 -0.808242 0
      vertex 18.1479 -0.808242 3
    endloop
  endfacet
  facet normal 0.2487 0.968581 -0
    outer loop
      vertex 14.391 -3.19243 0
      vertex 13.9957 -3.09093 3
      vertex 14.391 -3.19243 3
    endloop
  endfacet
  facet normal 0.2487 0.968581 0
    outer loop
      vertex 13.9957 -3.09093 3
      vertex 14.391 -3.19243 0
      vertex 13.9957 -3.09093 0
    endloop
  endfacet
  facet normal 0.481806 -0.876278 0
    outer loop
      vertex 13.2586 2.74407 0
      vertex 13.6162 2.94069 3
      vertex 13.2586 2.74407 3
    endloop
  endfacet
  facet normal 0.481806 -0.876278 0
    outer loop
      vertex 13.6162 2.94069 3
      vertex 13.2586 2.74407 0
      vertex 13.6162 2.94069 0
    endloop
  endfacet
  facet normal 0.951071 -0.308972 0
    outer loop
      vertex 11.8521 0.808242 3
      vertex 11.9782 1.1964 0
      vertex 11.9782 1.1964 3
    endloop
  endfacet
  facet normal 0.951071 -0.308972 0
    outer loop
      vertex 11.9782 1.1964 0
      vertex 11.8521 0.808242 3
      vertex 11.8521 0.808242 0
    endloop
  endfacet
  facet normal 0.368093 0.929789 -0
    outer loop
      vertex 13.9957 -3.09093 0
      vertex 13.6162 -2.94069 3
      vertex 13.9957 -3.09093 3
    endloop
  endfacet
  facet normal 0.368093 0.929789 0
    outer loop
      vertex 13.6162 -2.94069 3
      vertex 13.9957 -3.09093 0
      vertex 13.6162 -2.94069 0
    endloop
  endfacet
  facet normal -0.904808 -0.425821 0
    outer loop
      vertex 18.0218 1.1964 0
      vertex 17.848 1.5657 3
      vertex 17.848 1.5657 0
    endloop
  endfacet
  facet normal -0.904808 -0.425821 0
    outer loop
      vertex 17.848 1.5657 3
      vertex 18.0218 1.1964 0
      vertex 18.0218 1.1964 3
    endloop
  endfacet
  facet normal -0.844317 -0.535845 0
    outer loop
      vertex 17.848 1.5657 0
      vertex 17.6293 1.9103 3
      vertex 17.6293 1.9103 0
    endloop
  endfacet
  facet normal -0.844317 -0.535845 0
    outer loop
      vertex 17.6293 1.9103 3
      vertex 17.848 1.5657 0
      vertex 17.848 1.5657 3
    endloop
  endfacet
  facet normal -0.368093 -0.929789 0
    outer loop
      vertex 16.0043 3.09093 0
      vertex 16.3838 2.94069 3
      vertex 16.0043 3.09093 3
    endloop
  endfacet
  facet normal -0.368093 -0.929789 -0
    outer loop
      vertex 16.3838 2.94069 3
      vertex 16.0043 3.09093 0
      vertex 16.3838 2.94069 0
    endloop
  endfacet
  facet normal -0.2487 -0.968581 0
    outer loop
      vertex 15.609 3.19243 0
      vertex 16.0043 3.09093 3
      vertex 15.609 3.19243 3
    endloop
  endfacet
  facet normal -0.2487 -0.968581 -0
    outer loop
      vertex 16.0043 3.09093 3
      vertex 15.609 3.19243 0
      vertex 16.0043 3.09093 0
    endloop
  endfacet
  facet normal 0.998031 0.0627242 0
    outer loop
      vertex 11.7756 -0.407332 3
      vertex 11.75 0 0
      vertex 11.75 0 3
    endloop
  endfacet
  facet normal 0.998031 0.0627242 0
    outer loop
      vertex 11.75 0 0
      vertex 11.7756 -0.407332 3
      vertex 11.7756 -0.407332 0
    endloop
  endfacet
  facet normal 0.844317 -0.535845 0
    outer loop
      vertex 12.152 1.5657 3
      vertex 12.3707 1.9103 0
      vertex 12.3707 1.9103 3
    endloop
  endfacet
  facet normal 0.844317 -0.535845 0
    outer loop
      vertex 12.3707 1.9103 0
      vertex 12.152 1.5657 3
      vertex 12.152 1.5657 0
    endloop
  endfacet
  facet normal 0.587778 -0.809022 0
    outer loop
      vertex 12.9284 2.50417 0
      vertex 13.2586 2.74407 3
      vertex 12.9284 2.50417 3
    endloop
  endfacet
  facet normal 0.587778 -0.809022 0
    outer loop
      vertex 13.2586 2.74407 3
      vertex 12.9284 2.50417 0
      vertex 13.2586 2.74407 0
    endloop
  endfacet
  facet normal 0.2487 -0.968581 0
    outer loop
      vertex 13.9957 3.09093 0
      vertex 14.391 3.19243 3
      vertex 13.9957 3.09093 3
    endloop
  endfacet
  facet normal 0.2487 -0.968581 0
    outer loop
      vertex 14.391 3.19243 3
      vertex 13.9957 3.09093 0
      vertex 14.391 3.19243 0
    endloop
  endfacet
  facet normal -0.998031 -0.0627242 0
    outer loop
      vertex 18.25 0 0
      vertex 18.2244 0.407332 3
      vertex 18.2244 0.407332 0
    endloop
  endfacet
  facet normal -0.998031 -0.0627242 0
    outer loop
      vertex 18.2244 0.407332 3
      vertex 18.25 0 0
      vertex 18.25 0 3
    endloop
  endfacet
  facet normal -0.844317 0.535845 0
    outer loop
      vertex 17.6293 -1.9103 0
      vertex 17.848 -1.5657 3
      vertex 17.848 -1.5657 0
    endloop
  endfacet
  facet normal -0.844317 0.535845 0
    outer loop
      vertex 17.848 -1.5657 3
      vertex 17.6293 -1.9103 0
      vertex 17.6293 -1.9103 3
    endloop
  endfacet
  facet normal -0.951071 0.308972 0
    outer loop
      vertex 18.0218 -1.1964 0
      vertex 18.1479 -0.808242 3
      vertex 18.1479 -0.808242 0
    endloop
  endfacet
  facet normal -0.951071 0.308972 0
    outer loop
      vertex 18.1479 -0.808242 3
      vertex 18.0218 -1.1964 0
      vertex 18.0218 -1.1964 3
    endloop
  endfacet
  facet normal -0.587778 0.809022 0
    outer loop
      vertex 17.0716 -2.50417 0
      vertex 16.7414 -2.74407 3
      vertex 17.0716 -2.50417 3
    endloop
  endfacet
  facet normal -0.587778 0.809022 0
    outer loop
      vertex 16.7414 -2.74407 3
      vertex 17.0716 -2.50417 0
      vertex 16.7414 -2.74407 0
    endloop
  endfacet
  facet normal 0.125356 0.992112 -0
    outer loop
      vertex 14.7959 -3.24359 0
      vertex 14.391 -3.19243 3
      vertex 14.7959 -3.24359 3
    endloop
  endfacet
  facet normal 0.125356 0.992112 0
    outer loop
      vertex 14.391 -3.19243 3
      vertex 14.7959 -3.24359 0
      vertex 14.391 -3.19243 0
    endloop
  endfacet
  facet normal 0.587778 0.809022 -0
    outer loop
      vertex 13.2586 -2.74407 0
      vertex 12.9284 -2.50417 3
      vertex 13.2586 -2.74407 3
    endloop
  endfacet
  facet normal 0.587778 0.809022 0
    outer loop
      vertex 12.9284 -2.50417 3
      vertex 13.2586 -2.74407 0
      vertex 12.9284 -2.50417 0
    endloop
  endfacet
  facet normal 0.844317 0.535845 0
    outer loop
      vertex 12.3707 -1.9103 3
      vertex 12.152 -1.5657 0
      vertex 12.152 -1.5657 3
    endloop
  endfacet
  facet normal 0.844317 0.535845 0
    outer loop
      vertex 12.152 -1.5657 0
      vertex 12.3707 -1.9103 3
      vertex 12.3707 -1.9103 0
    endloop
  endfacet
  facet normal 0.951071 0.308972 0
    outer loop
      vertex 11.9782 -1.1964 3
      vertex 11.8521 -0.808242 0
      vertex 11.8521 -0.808242 3
    endloop
  endfacet
  facet normal 0.951071 0.308972 0
    outer loop
      vertex 11.8521 -0.808242 0
      vertex 11.9782 -1.1964 3
      vertex 11.9782 -1.1964 0
    endloop
  endfacet
  facet normal -0.951071 -0.308972 0
    outer loop
      vertex 18.1479 0.808242 0
      vertex 18.0218 1.1964 3
      vertex 18.0218 1.1964 0
    endloop
  endfacet
  facet normal -0.951071 -0.308972 0
    outer loop
      vertex 18.0218 1.1964 3
      vertex 18.1479 0.808242 0
      vertex 18.1479 0.808242 3
    endloop
  endfacet
  facet normal -0.770466 -0.637481 0
    outer loop
      vertex 17.6293 1.9103 0
      vertex 17.3691 2.22478 3
      vertex 17.3691 2.22478 0
    endloop
  endfacet
  facet normal -0.770466 -0.637481 0
    outer loop
      vertex 17.3691 2.22478 3
      vertex 17.6293 1.9103 0
      vertex 17.6293 1.9103 3
    endloop
  endfacet
  facet normal -0.684572 -0.728946 0
    outer loop
      vertex 17.0716 2.50417 0
      vertex 17.3691 2.22478 3
      vertex 17.0716 2.50417 3
    endloop
  endfacet
  facet normal -0.684572 -0.728946 -0
    outer loop
      vertex 17.3691 2.22478 3
      vertex 17.0716 2.50417 0
      vertex 17.3691 2.22478 0
    endloop
  endfacet
  facet normal 0 -1 0
    outer loop
      vertex 14.7959 3.24359 0
      vertex 15.2041 3.24359 3
      vertex 14.7959 3.24359 3
    endloop
  endfacet
  facet normal 0 -1 -0
    outer loop
      vertex 15.2041 3.24359 3
      vertex 14.7959 3.24359 0
      vertex 15.2041 3.24359 0
    endloop
  endfacet
  facet normal -0.481806 -0.876278 0
    outer loop
      vertex 16.3838 2.94069 0
      vertex 16.7414 2.74407 3
      vertex 16.3838 2.94069 3
    endloop
  endfacet
  facet normal -0.481806 -0.876278 -0
    outer loop
      vertex 16.7414 2.74407 3
      vertex 16.3838 2.94069 0
      vertex 16.7414 2.74407 0
    endloop
  endfacet
  facet normal 0.982277 -0.187434 0
    outer loop
      vertex 11.7756 0.407332 3
      vertex 11.8521 0.808242 0
      vertex 11.8521 0.808242 3
    endloop
  endfacet
  facet normal 0.982277 -0.187434 0
    outer loop
      vertex 11.8521 0.808242 0
      vertex 11.7756 0.407332 3
      vertex 11.7756 0.407332 0
    endloop
  endfacet
  facet normal 0.998031 -0.0627242 0
    outer loop
      vertex 11.75 0 3
      vertex 11.7756 0.407332 0
      vertex 11.7756 0.407332 3
    endloop
  endfacet
  facet normal 0.998031 -0.0627242 0
    outer loop
      vertex 11.7756 0.407332 0
      vertex 11.75 0 3
      vertex 11.75 0 0
    endloop
  endfacet
  facet normal 0.904808 -0.425821 0
    outer loop
      vertex 11.9782 1.1964 3
      vertex 12.152 1.5657 0
      vertex 12.152 1.5657 3
    endloop
  endfacet
  facet normal 0.904808 -0.425821 0
    outer loop
      vertex 12.152 1.5657 0
      vertex 11.9782 1.1964 3
      vertex 11.9782 1.1964 0
    endloop
  endfacet
  facet normal 0.368093 -0.929789 0
    outer loop
      vertex 13.6162 2.94069 0
      vertex 13.9957 3.09093 3
      vertex 13.6162 2.94069 3
    endloop
  endfacet
  facet normal 0.368093 -0.929789 0
    outer loop
      vertex 13.9957 3.09093 3
      vertex 13.6162 2.94069 0
      vertex 13.9957 3.09093 0
    endloop
  endfacet
  facet normal 0.125356 -0.992112 0
    outer loop
      vertex 14.391 3.19243 0
      vertex 14.7959 3.24359 3
      vertex 14.391 3.19243 3
    endloop
  endfacet
  facet normal 0.125356 -0.992112 0
    outer loop
      vertex 14.7959 3.24359 3
      vertex 14.391 3.19243 0
      vertex 14.7959 3.24359 0
    endloop
  endfacet
  facet normal 0.684572 -0.728946 0
    outer loop
      vertex 12.6309 2.22478 0
      vertex 12.9284 2.50417 3
      vertex 12.6309 2.22478 3
    endloop
  endfacet
  facet normal 0.684572 -0.728946 0
    outer loop
      vertex 12.9284 2.50417 3
      vertex 12.6309 2.22478 0
      vertex 12.9284 2.50417 0
    endloop
  endfacet
  facet normal 0.770466 -0.637481 0
    outer loop
      vertex 12.3707 1.9103 3
      vertex 12.6309 2.22478 0
      vertex 12.6309 2.22478 3
    endloop
  endfacet
  facet normal 0.770466 -0.637481 0
    outer loop
      vertex 12.6309 2.22478 0
      vertex 12.3707 1.9103 3
      vertex 12.3707 1.9103 0
    endloop
  endfacet
  facet normal -0.998031 0.0627242 0
    outer loop
      vertex 18.2244 -0.407332 0
      vertex 18.25 0 3
      vertex 18.25 0 0
    endloop
  endfacet
  facet normal -0.998031 0.0627242 0
    outer loop
      vertex 18.25 0 3
      vertex 18.2244 -0.407332 0
      vertex 18.2244 -0.407332 3
    endloop
  endfacet
  facet normal -0.125356 0.992112 0
    outer loop
      vertex 15.609 -3.19243 0
      vertex 15.2041 -3.24359 3
      vertex 15.609 -3.19243 3
    endloop
  endfacet
  facet normal -0.125356 0.992112 0
    outer loop
      vertex 15.2041 -3.24359 3
      vertex 15.609 -3.19243 0
      vertex 15.2041 -3.24359 0
    endloop
  endfacet
  facet normal -0.2487 0.968581 0
    outer loop
      vertex 16.0043 -3.09093 0
      vertex 15.609 -3.19243 3
      vertex 16.0043 -3.09093 3
    endloop
  endfacet
  facet normal -0.2487 0.968581 0
    outer loop
      vertex 15.609 -3.19243 3
      vertex 16.0043 -3.09093 0
      vertex 15.609 -3.19243 0
    endloop
  endfacet
  facet normal -0.368093 0.929789 0
    outer loop
      vertex 16.3838 -2.94069 0
      vertex 16.0043 -3.09093 3
      vertex 16.3838 -2.94069 3
    endloop
  endfacet
  facet normal -0.368093 0.929789 0
    outer loop
      vertex 16.0043 -3.09093 3
      vertex 16.3838 -2.94069 0
      vertex 16.0043 -3.09093 0
    endloop
  endfacet
  facet normal -0.684572 0.728946 0
    outer loop
      vertex 17.3691 -2.22478 0
      vertex 17.0716 -2.50417 3
      vertex 17.3691 -2.22478 3
    endloop
  endfacet
  facet normal -0.684572 0.728946 0
    outer loop
      vertex 17.0716 -2.50417 3
      vertex 17.3691 -2.22478 0
      vertex 17.0716 -2.50417 0
    endloop
  endfacet
  facet normal 0 1 -0
    outer loop
      vertex 15.2041 -3.24359 0
      vertex 14.7959 -3.24359 3
      vertex 15.2041 -3.24359 3
    endloop
  endfacet
  facet normal 0 1 0
    outer loop
      vertex 14.7959 -3.24359 3
      vertex 15.2041 -3.24359 0
      vertex 14.7959 -3.24359 0
    endloop
  endfacet
  facet normal 0.481806 0.876278 -0
    outer loop
      vertex 13.6162 -2.94069 0
      vertex 13.2586 -2.74407 3
      vertex 13.6162 -2.94069 3
    endloop
  endfacet
  facet normal 0.481806 0.876278 0
    outer loop
      vertex 13.2586 -2.74407 3
      vertex 13.6162 -2.94069 0
      vertex 13.2586 -2.74407 0
    endloop
  endfacet
  facet normal 0.904808 0.425821 0
    outer loop
      vertex 12.152 -1.5657 3
      vertex 11.9782 -1.1964 0
      vertex 11.9782 -1.1964 3
    endloop
  endfacet
  facet normal 0.904808 0.425821 0
    outer loop
      vertex 11.9782 -1.1964 0
      vertex 12.152 -1.5657 3
      vertex 12.152 -1.5657 0
    endloop
  endfacet
  facet normal 0.982277 0.187434 0
    outer loop
      vertex 11.8521 -0.808242 3
      vertex 11.7756 -0.407332 0
      vertex 11.7756 -0.407332 3
    endloop
  endfacet
  facet normal 0.982277 0.187434 0
    outer loop
      vertex 11.7756 -0.407332 0
      vertex 11.8521 -0.808242 3
      vertex 11.8521 -0.808242 0
    endloop
  endfacet
  facet normal 0.770466 0.637481 0
    outer loop
      vertex 12.6309 -2.22478 3
      vertex 12.3707 -1.9103 0
      vertex 12.3707 -1.9103 3
    endloop
  endfacet
  facet normal 0.770466 0.637481 0
    outer loop
      vertex 12.3707 -1.9103 0
      vertex 12.6309 -2.22478 3
      vertex 12.6309 -2.22478 0
    endloop
  endfacet
  facet normal -0.982277 -0.187434 0
    outer loop
      vertex 18.2244 0.407332 0
      vertex 18.1479 0.808242 3
      vertex 18.1479 0.808242 0
    endloop
  endfacet
  facet normal -0.982277 -0.187434 0
    outer loop
      vertex 18.1479 0.808242 3
      vertex 18.2244 0.407332 0
      vertex 18.2244 0.407332 3
    endloop
  endfacet
  facet normal -0.125356 -0.992112 0
    outer loop
      vertex 15.2041 3.24359 0
      vertex 15.609 3.19243 3
      vertex 15.2041 3.24359 3
    endloop
  endfacet
  facet normal -0.125356 -0.992112 -0
    outer loop
      vertex 15.609 3.19243 3
      vertex 15.2041 3.24359 0
      vertex 15.609 3.19243 0
    endloop
  endfacet
  facet normal -0.904808 0.425821 0
    outer loop
      vertex 17.848 -1.5657 0
      vertex 18.0218 -1.1964 3
      vertex 18.0218 -1.1964 0
    endloop
  endfacet
  facet normal -0.904808 0.425821 0
    outer loop
      vertex 18.0218 -1.1964 3
      vertex 17.848 -1.5657 0
      vertex 17.848 -1.5657 3
    endloop
  endfacet
  facet normal -0.481806 0.876278 0
    outer loop
      vertex 16.7414 -2.74407 0
      vertex 16.3838 -2.94069 3
      vertex 16.7414 -2.74407 3
    endloop
  endfacet
  facet normal -0.481806 0.876278 0
    outer loop
      vertex 16.3838 -2.94069 3
      vertex 16.7414 -2.74407 0
      vertex 16.3838 -2.94069 0
    endloop
  endfacet
  facet normal -0.770466 0.637481 0
    outer loop
      vertex 17.3691 -2.22478 0
      vertex 17.6293 -1.9103 3
      vertex 17.6293 -1.9103 0
    endloop
  endfacet
  facet normal -0.770466 0.637481 0
    outer loop
      vertex 17.6293 -1.9103 3
      vertex 17.3691 -2.22478 0
      vertex 17.3691 -2.22478 3
    endloop
  endfacet
  facet normal 0.684572 0.728946 -0
    outer loop
      vertex 12.9284 -2.50417 0
      vertex 12.6309 -2.22478 3
      vertex 12.9284 -2.50417 3
    endloop
  endfacet
  facet normal 0.684572 0.728946 0
    outer loop
      vertex 12.6309 -2.22478 3
      vertex 12.9284 -2.50417 0
      vertex 12.6309 -2.22478 0
    endloop
  endfacet
  facet normal -0.998028 -0.0627752 0
    outer loop
      vertex -5.7 0 0
      vertex -5.71419 0.225599 3
      vertex -5.71419 0.225599 0
    endloop
  endfacet
  facet normal -0.998028 -0.0627752 0
    outer loop
      vertex -5.71419 0.225599 3
      vertex -5.7 0 0
      vertex -5.7 0 3
    endloop
  endfacet
  facet normal 0.998028 -0.0627752 0
    outer loop
      vertex -9.3 0 3
      vertex -9.28581 0.225599 0
      vertex -9.28581 0.225599 3
    endloop
  endfacet
  facet normal 0.998028 -0.0627752 0
    outer loop
      vertex -9.28581 0.225599 0
      vertex -9.3 0 3
      vertex -9.3 0 0
    endloop
  endfacet
  facet normal 0 -1 0
    outer loop
      vertex -7.61302 1.79645 0
      vertex -7.38698 1.79645 3
      vertex -7.61302 1.79645 3
    endloop
  endfacet
  facet normal 0 -1 -0
    outer loop
      vertex -7.38698 1.79645 3
      vertex -7.61302 1.79645 0
      vertex -7.38698 1.79645 0
    endloop
  endfacet
  facet normal -0.68455 -0.728966 0
    outer loop
      vertex -6.35264 1.38692 0
      vertex -6.18786 1.23218 3
      vertex -6.35264 1.38692 3
    endloop
  endfacet
  facet normal -0.68455 -0.728966 -0
    outer loop
      vertex -6.18786 1.23218 3
      vertex -6.35264 1.38692 0
      vertex -6.18786 1.23218 0
    endloop
  endfacet
  facet normal 0.68455 -0.728966 0
    outer loop
      vertex -8.81214 1.23218 0
      vertex -8.64736 1.38692 3
      vertex -8.81214 1.23218 3
    endloop
  endfacet
  facet normal 0.68455 -0.728966 0
    outer loop
      vertex -8.64736 1.38692 3
      vertex -8.81214 1.23218 0
      vertex -8.64736 1.38692 0
    endloop
  endfacet
  facet normal 0.368116 -0.92978 0
    outer loop
      vertex -8.2664 1.62869 0
      vertex -8.05623 1.7119 3
      vertex -8.2664 1.62869 3
    endloop
  endfacet
  facet normal 0.368116 -0.92978 0
    outer loop
      vertex -8.05623 1.7119 3
      vertex -8.2664 1.62869 0
      vertex -8.05623 1.7119 0
    endloop
  endfacet
  facet normal -0.90482 -0.425794 0
    outer loop
      vertex -5.8264 0.662623 0
      vertex -5.92265 0.867156 3
      vertex -5.92265 0.867156 0
    endloop
  endfacet
  facet normal -0.90482 -0.425794 0
    outer loop
      vertex -5.92265 0.867156 3
      vertex -5.8264 0.662623 0
      vertex -5.8264 0.662623 3
    endloop
  endfacet
  facet normal -0.982285 -0.187395 0
    outer loop
      vertex -5.71419 0.225599 0
      vertex -5.75655 0.447641 3
      vertex -5.75655 0.447641 0
    endloop
  endfacet
  facet normal -0.982285 -0.187395 0
    outer loop
      vertex -5.75655 0.447641 3
      vertex -5.71419 0.225599 0
      vertex -5.71419 0.225599 3
    endloop
  endfacet
  facet normal -0.368116 -0.92978 0
    outer loop
      vertex -6.94377 1.7119 0
      vertex -6.7336 1.62869 3
      vertex -6.94377 1.7119 3
    endloop
  endfacet
  facet normal -0.368116 -0.92978 -0
    outer loop
      vertex -6.7336 1.62869 3
      vertex -6.94377 1.7119 0
      vertex -6.7336 1.62869 0
    endloop
  endfacet
  facet normal -0.248714 -0.968577 0
    outer loop
      vertex -7.16271 1.76812 0
      vertex -6.94377 1.7119 3
      vertex -7.16271 1.76812 3
    endloop
  endfacet
  facet normal -0.248714 -0.968577 -0
    outer loop
      vertex -6.94377 1.7119 3
      vertex -7.16271 1.76812 0
      vertex -6.94377 1.7119 0
    endloop
  endfacet
  facet normal -0.587806 -0.809002 0
    outer loop
      vertex -6.53551 1.51979 0
      vertex -6.35264 1.38692 3
      vertex -6.53551 1.51979 3
    endloop
  endfacet
  facet normal -0.587806 -0.809002 -0
    outer loop
      vertex -6.35264 1.38692 3
      vertex -6.53551 1.51979 0
      vertex -6.35264 1.38692 0
    endloop
  endfacet
  facet normal 0.90482 -0.425794 0
    outer loop
      vertex -9.1736 0.662623 3
      vertex -9.07735 0.867156 0
      vertex -9.07735 0.867156 3
    endloop
  endfacet
  facet normal 0.90482 -0.425794 0
    outer loop
      vertex -9.07735 0.867156 0
      vertex -9.1736 0.662623 3
      vertex -9.1736 0.662623 0
    endloop
  endfacet
  facet normal 0.844327 -0.535828 0
    outer loop
      vertex -9.07735 0.867156 3
      vertex -8.95623 1.05801 0
      vertex -8.95623 1.05801 3
    endloop
  endfacet
  facet normal 0.844327 -0.535828 0
    outer loop
      vertex -8.95623 1.05801 0
      vertex -9.07735 0.867156 3
      vertex -9.07735 0.867156 0
    endloop
  endfacet
  facet normal 0.951059 -0.309009 0
    outer loop
      vertex -9.24345 0.447641 3
      vertex -9.1736 0.662623 0
      vertex -9.1736 0.662623 3
    endloop
  endfacet
  facet normal 0.951059 -0.309009 0
    outer loop
      vertex -9.1736 0.662623 0
      vertex -9.24345 0.447641 3
      vertex -9.24345 0.447641 0
    endloop
  endfacet
  facet normal 0.587806 -0.809002 0
    outer loop
      vertex -8.64736 1.38692 0
      vertex -8.46449 1.51979 3
      vertex -8.64736 1.38692 3
    endloop
  endfacet
  facet normal 0.587806 -0.809002 0
    outer loop
      vertex -8.46449 1.51979 3
      vertex -8.64736 1.38692 0
      vertex -8.46449 1.51979 0
    endloop
  endfacet
  facet normal 0.125325 -0.992116 0
    outer loop
      vertex -7.83729 1.76812 0
      vertex -7.61302 1.79645 3
      vertex -7.83729 1.76812 3
    endloop
  endfacet
  facet normal 0.125325 -0.992116 0
    outer loop
      vertex -7.61302 1.79645 3
      vertex -7.83729 1.76812 0
      vertex -7.61302 1.79645 0
    endloop
  endfacet
  facet normal -0.998028 0.0627752 0
    outer loop
      vertex -5.71419 -0.225599 0
      vertex -5.7 0 3
      vertex -5.7 0 0
    endloop
  endfacet
  facet normal -0.998028 0.0627752 0
    outer loop
      vertex -5.7 0 3
      vertex -5.71419 -0.225599 0
      vertex -5.71419 -0.225599 3
    endloop
  endfacet
  facet normal -0.125325 0.992116 0
    outer loop
      vertex -7.16271 -1.76812 0
      vertex -7.38698 -1.79645 3
      vertex -7.16271 -1.76812 3
    endloop
  endfacet
  facet normal -0.125325 0.992116 0
    outer loop
      vertex -7.38698 -1.79645 3
      vertex -7.16271 -1.76812 0
      vertex -7.38698 -1.79645 0
    endloop
  endfacet
  facet normal -0.951059 -0.309009 0
    outer loop
      vertex -5.75655 0.447641 0
      vertex -5.8264 0.662623 3
      vertex -5.8264 0.662623 0
    endloop
  endfacet
  facet normal -0.951059 -0.309009 0
    outer loop
      vertex -5.8264 0.662623 3
      vertex -5.75655 0.447641 0
      vertex -5.75655 0.447641 3
    endloop
  endfacet
  facet normal -0.770504 -0.637435 0
    outer loop
      vertex -6.04377 1.05801 0
      vertex -6.18786 1.23218 3
      vertex -6.18786 1.23218 0
    endloop
  endfacet
  facet normal -0.770504 -0.637435 0
    outer loop
      vertex -6.18786 1.23218 3
      vertex -6.04377 1.05801 0
      vertex -6.04377 1.05801 3
    endloop
  endfacet
  facet normal -0.844327 -0.535828 0
    outer loop
      vertex -5.92265 0.867156 0
      vertex -6.04377 1.05801 3
      vertex -6.04377 1.05801 0
    endloop
  endfacet
  facet normal -0.844327 -0.535828 0
    outer loop
      vertex -6.04377 1.05801 3
      vertex -5.92265 0.867156 0
      vertex -5.92265 0.867156 3
    endloop
  endfacet
  facet normal -0.125325 -0.992116 0
    outer loop
      vertex -7.38698 1.79645 0
      vertex -7.16271 1.76812 3
      vertex -7.38698 1.79645 3
    endloop
  endfacet
  facet normal -0.125325 -0.992116 -0
    outer loop
      vertex -7.16271 1.76812 3
      vertex -7.38698 1.79645 0
      vertex -7.16271 1.76812 0
    endloop
  endfacet
  facet normal 0.248714 -0.968577 0
    outer loop
      vertex -8.05623 1.7119 0
      vertex -7.83729 1.76812 3
      vertex -8.05623 1.7119 3
    endloop
  endfacet
  facet normal 0.248714 -0.968577 0
    outer loop
      vertex -7.83729 1.76812 3
      vertex -8.05623 1.7119 0
      vertex -7.83729 1.76812 0
    endloop
  endfacet
  facet normal -0.982285 0.187395 0
    outer loop
      vertex -5.75655 -0.447641 0
      vertex -5.71419 -0.225599 3
      vertex -5.71419 -0.225599 0
    endloop
  endfacet
  facet normal -0.982285 0.187395 0
    outer loop
      vertex -5.71419 -0.225599 3
      vertex -5.75655 -0.447641 0
      vertex -5.75655 -0.447641 3
    endloop
  endfacet
  facet normal 0.951059 0.309009 0
    outer loop
      vertex -9.1736 -0.662623 3
      vertex -9.24345 -0.447641 0
      vertex -9.24345 -0.447641 3
    endloop
  endfacet
  facet normal 0.951059 0.309009 0
    outer loop
      vertex -9.24345 -0.447641 0
      vertex -9.1736 -0.662623 3
      vertex -9.1736 -0.662623 0
    endloop
  endfacet
  facet normal -0.368116 0.92978 0
    outer loop
      vertex -6.7336 -1.62869 0
      vertex -6.94377 -1.7119 3
      vertex -6.7336 -1.62869 3
    endloop
  endfacet
  facet normal -0.368116 0.92978 0
    outer loop
      vertex -6.94377 -1.7119 3
      vertex -6.7336 -1.62869 0
      vertex -6.94377 -1.7119 0
    endloop
  endfacet
  facet normal -0.248714 0.968577 0
    outer loop
      vertex -6.94377 -1.7119 0
      vertex -7.16271 -1.76812 3
      vertex -6.94377 -1.7119 3
    endloop
  endfacet
  facet normal -0.248714 0.968577 0
    outer loop
      vertex -7.16271 -1.76812 3
      vertex -6.94377 -1.7119 0
      vertex -7.16271 -1.76812 0
    endloop
  endfacet
  facet normal -0.481751 -0.876308 0
    outer loop
      vertex -6.7336 1.62869 0
      vertex -6.53551 1.51979 3
      vertex -6.7336 1.62869 3
    endloop
  endfacet
  facet normal -0.481751 -0.876308 -0
    outer loop
      vertex -6.53551 1.51979 3
      vertex -6.7336 1.62869 0
      vertex -6.53551 1.51979 0
    endloop
  endfacet
  facet normal 0.770504 -0.637435 0
    outer loop
      vertex -8.95623 1.05801 3
      vertex -8.81214 1.23218 0
      vertex -8.81214 1.23218 3
    endloop
  endfacet
  facet normal 0.770504 -0.637435 0
    outer loop
      vertex -8.81214 1.23218 0
      vertex -8.95623 1.05801 3
      vertex -8.95623 1.05801 0
    endloop
  endfacet
  facet normal 0.982285 -0.187395 0
    outer loop
      vertex -9.28581 0.225599 3
      vertex -9.24345 0.447641 0
      vertex -9.24345 0.447641 3
    endloop
  endfacet
  facet normal 0.982285 -0.187395 0
    outer loop
      vertex -9.24345 0.447641 0
      vertex -9.28581 0.225599 3
      vertex -9.28581 0.225599 0
    endloop
  endfacet
  facet normal 0.481751 -0.876308 0
    outer loop
      vertex -8.46449 1.51979 0
      vertex -8.2664 1.62869 3
      vertex -8.46449 1.51979 3
    endloop
  endfacet
  facet normal 0.481751 -0.876308 0
    outer loop
      vertex -8.2664 1.62869 3
      vertex -8.46449 1.51979 0
      vertex -8.2664 1.62869 0
    endloop
  endfacet
  facet normal -0.481751 0.876308 0
    outer loop
      vertex -6.53551 -1.51979 0
      vertex -6.7336 -1.62869 3
      vertex -6.53551 -1.51979 3
    endloop
  endfacet
  facet normal -0.481751 0.876308 0
    outer loop
      vertex -6.7336 -1.62869 3
      vertex -6.53551 -1.51979 0
      vertex -6.7336 -1.62869 0
    endloop
  endfacet
  facet normal -0.68455 0.728966 0
    outer loop
      vertex -6.18786 -1.23218 0
      vertex -6.35264 -1.38692 3
      vertex -6.18786 -1.23218 3
    endloop
  endfacet
  facet normal -0.68455 0.728966 0
    outer loop
      vertex -6.35264 -1.38692 3
      vertex -6.18786 -1.23218 0
      vertex -6.35264 -1.38692 0
    endloop
  endfacet
  facet normal -0.90482 0.425794 0
    outer loop
      vertex -5.92265 -0.867156 0
      vertex -5.8264 -0.662623 3
      vertex -5.8264 -0.662623 0
    endloop
  endfacet
  facet normal -0.90482 0.425794 0
    outer loop
      vertex -5.8264 -0.662623 3
      vertex -5.92265 -0.867156 0
      vertex -5.92265 -0.867156 3
    endloop
  endfacet
  facet normal -0.770504 0.637435 0
    outer loop
      vertex -6.18786 -1.23218 0
      vertex -6.04377 -1.05801 3
      vertex -6.04377 -1.05801 0
    endloop
  endfacet
  facet normal -0.770504 0.637435 0
    outer loop
      vertex -6.04377 -1.05801 3
      vertex -6.18786 -1.23218 0
      vertex -6.18786 -1.23218 3
    endloop
  endfacet
  facet normal 0.368116 0.92978 -0
    outer loop
      vertex -8.05623 -1.7119 0
      vertex -8.2664 -1.62869 3
      vertex -8.05623 -1.7119 3
    endloop
  endfacet
  facet normal 0.368116 0.92978 0
    outer loop
      vertex -8.2664 -1.62869 3
      vertex -8.05623 -1.7119 0
      vertex -8.2664 -1.62869 0
    endloop
  endfacet
  facet normal 0.770504 0.637435 0
    outer loop
      vertex -8.81214 -1.23218 3
      vertex -8.95623 -1.05801 0
      vertex -8.95623 -1.05801 3
    endloop
  endfacet
  facet normal 0.770504 0.637435 0
    outer loop
      vertex -8.95623 -1.05801 0
      vertex -8.81214 -1.23218 3
      vertex -8.81214 -1.23218 0
    endloop
  endfacet
  facet normal 0.998028 0.0627752 0
    outer loop
      vertex -9.28581 -0.225599 3
      vertex -9.3 0 0
      vertex -9.3 0 3
    endloop
  endfacet
  facet normal 0.998028 0.0627752 0
    outer loop
      vertex -9.3 0 0
      vertex -9.28581 -0.225599 3
      vertex -9.28581 -0.225599 0
    endloop
  endfacet
  facet normal -0.587806 0.809002 0
    outer loop
      vertex -6.35264 -1.38692 0
      vertex -6.53551 -1.51979 3
      vertex -6.35264 -1.38692 3
    endloop
  endfacet
  facet normal -0.587806 0.809002 0
    outer loop
      vertex -6.53551 -1.51979 3
      vertex -6.35264 -1.38692 0
      vertex -6.53551 -1.51979 0
    endloop
  endfacet
  facet normal -0.951059 0.309009 0
    outer loop
      vertex -5.8264 -0.662623 0
      vertex -5.75655 -0.447641 3
      vertex -5.75655 -0.447641 0
    endloop
  endfacet
  facet normal -0.951059 0.309009 0
    outer loop
      vertex -5.75655 -0.447641 3
      vertex -5.8264 -0.662623 0
      vertex -5.8264 -0.662623 3
    endloop
  endfacet
  facet normal -0.844327 0.535828 0
    outer loop
      vertex -6.04377 -1.05801 0
      vertex -5.92265 -0.867156 3
      vertex -5.92265 -0.867156 0
    endloop
  endfacet
  facet normal -0.844327 0.535828 0
    outer loop
      vertex -5.92265 -0.867156 3
      vertex -6.04377 -1.05801 0
      vertex -6.04377 -1.05801 3
    endloop
  endfacet
  facet normal 0 1 -0
    outer loop
      vertex -7.38698 -1.79645 0
      vertex -7.61302 -1.79645 3
      vertex -7.38698 -1.79645 3
    endloop
  endfacet
  facet normal 0 1 0
    outer loop
      vertex -7.61302 -1.79645 3
      vertex -7.38698 -1.79645 0
      vertex -7.61302 -1.79645 0
    endloop
  endfacet
  facet normal 0.125325 0.992116 -0
    outer loop
      vertex -7.61302 -1.79645 0
      vertex -7.83729 -1.76812 3
      vertex -7.61302 -1.79645 3
    endloop
  endfacet
  facet normal 0.125325 0.992116 0
    outer loop
      vertex -7.83729 -1.76812 3
      vertex -7.61302 -1.79645 0
      vertex -7.83729 -1.76812 0
    endloop
  endfacet
  facet normal 0.248714 0.968577 -0
    outer loop
      vertex -7.83729 -1.76812 0
      vertex -8.05623 -1.7119 3
      vertex -7.83729 -1.76812 3
    endloop
  endfacet
  facet normal 0.248714 0.968577 0
    outer loop
      vertex -8.05623 -1.7119 3
      vertex -7.83729 -1.76812 0
      vertex -8.05623 -1.7119 0
    endloop
  endfacet
  facet normal 0.587806 0.809002 -0
    outer loop
      vertex -8.46449 -1.51979 0
      vertex -8.64736 -1.38692 3
      vertex -8.46449 -1.51979 3
    endloop
  endfacet
  facet normal 0.587806 0.809002 0
    outer loop
      vertex -8.64736 -1.38692 3
      vertex -8.46449 -1.51979 0
      vertex -8.64736 -1.38692 0
    endloop
  endfacet
  facet normal 0.68455 0.728966 -0
    outer loop
      vertex -8.64736 -1.38692 0
      vertex -8.81214 -1.23218 3
      vertex -8.64736 -1.38692 3
    endloop
  endfacet
  facet normal 0.68455 0.728966 0
    outer loop
      vertex -8.81214 -1.23218 3
      vertex -8.64736 -1.38692 0
      vertex -8.81214 -1.23218 0
    endloop
  endfacet
  facet normal 0.90482 0.425794 0
    outer loop
      vertex -9.07735 -0.867156 3
      vertex -9.1736 -0.662623 0
      vertex -9.1736 -0.662623 3
    endloop
  endfacet
  facet normal 0.90482 0.425794 0
    outer loop
      vertex -9.1736 -0.662623 0
      vertex -9.07735 -0.867156 3
      vertex -9.07735 -0.867156 0
    endloop
  endfacet
  facet normal 0.982285 0.187395 0
    outer loop
      vertex -9.24345 -0.447641 3
      vertex -9.28581 -0.225599 0
      vertex -9.28581 -0.225599 3
    endloop
  endfacet
  facet normal 0.982285 0.187395 0
    outer loop
      vertex -9.28581 -0.225599 0
      vertex -9.24345 -0.447641 3
      vertex -9.24345 -0.447641 0
    endloop
  endfacet
  facet normal 0.481751 0.876308 -0
    outer loop
      vertex -8.2664 -1.62869 0
      vertex -8.46449 -1.51979 3
      vertex -8.2664 -1.62869 3
    endloop
  endfacet
  facet normal 0.481751 0.876308 0
    outer loop
      vertex -8.46449 -1.51979 3
      vertex -8.2664 -1.62869 0
      vertex -8.46449 -1.51979 0
    endloop
  endfacet
  facet normal 0.844327 0.535828 0
    outer loop
      vertex -8.95623 -1.05801 3
      vertex -9.07735 -0.867156 0
      vertex -9.07735 -0.867156 3
    endloop
  endfacet
  facet normal 0.844327 0.535828 0
    outer loop
      vertex -9.07735 -0.867156 0
      vertex -8.95623 -1.05801 3
      vertex -8.95623 -1.05801 0
    endloop
  endfacet
  facet normal -0.998028 -0.0627752 0
    outer loop
      vertex 9.3 0 0
      vertex 9.28581 0.225599 3
      vertex 9.28581 0.225599 0
    endloop
  endfacet
  facet normal -0.998028 -0.0627752 0
    outer loop
      vertex 9.28581 0.225599 3
      vertex 9.3 0 0
      vertex 9.3 0 3
    endloop
  endfacet
  facet normal 0.998028 -0.0627752 0
    outer loop
      vertex 5.7 0 3
      vertex 5.71419 0.225599 0
      vertex 5.71419 0.225599 3
    endloop
  endfacet
  facet normal 0.998028 -0.0627752 0
    outer loop
      vertex 5.71419 0.225599 0
      vertex 5.7 0 3
      vertex 5.7 0 0
    endloop
  endfacet
  facet normal 0 -1 0
    outer loop
      vertex 7.38698 1.79645 0
      vertex 7.61302 1.79645 3
      vertex 7.38698 1.79645 3
    endloop
  endfacet
  facet normal 0 -1 -0
    outer loop
      vertex 7.61302 1.79645 3
      vertex 7.38698 1.79645 0
      vertex 7.61302 1.79645 0
    endloop
  endfacet
  facet normal -0.68455 -0.728966 0
    outer loop
      vertex 8.64736 1.38692 0
      vertex 8.81214 1.23218 3
      vertex 8.64736 1.38692 3
    endloop
  endfacet
  facet normal -0.68455 -0.728966 -0
    outer loop
      vertex 8.81214 1.23218 3
      vertex 8.64736 1.38692 0
      vertex 8.81214 1.23218 0
    endloop
  endfacet
  facet normal 0.68455 -0.728966 0
    outer loop
      vertex 6.18786 1.23218 0
      vertex 6.35264 1.38692 3
      vertex 6.18786 1.23218 3
    endloop
  endfacet
  facet normal 0.68455 -0.728966 0
    outer loop
      vertex 6.35264 1.38692 3
      vertex 6.18786 1.23218 0
      vertex 6.35264 1.38692 0
    endloop
  endfacet
  facet normal 0.368116 -0.92978 0
    outer loop
      vertex 6.7336 1.62869 0
      vertex 6.94377 1.7119 3
      vertex 6.7336 1.62869 3
    endloop
  endfacet
  facet normal 0.368116 -0.92978 0
    outer loop
      vertex 6.94377 1.7119 3
      vertex 6.7336 1.62869 0
      vertex 6.94377 1.7119 0
    endloop
  endfacet
  facet normal -0.90482 -0.425794 0
    outer loop
      vertex 9.1736 0.662623 0
      vertex 9.07735 0.867156 3
      vertex 9.07735 0.867156 0
    endloop
  endfacet
  facet normal -0.90482 -0.425794 0
    outer loop
      vertex 9.07735 0.867156 3
      vertex 9.1736 0.662623 0
      vertex 9.1736 0.662623 3
    endloop
  endfacet
  facet normal -0.982285 -0.187395 0
    outer loop
      vertex 9.28581 0.225599 0
      vertex 9.24345 0.447641 3
      vertex 9.24345 0.447641 0
    endloop
  endfacet
  facet normal -0.982285 -0.187395 0
    outer loop
      vertex 9.24345 0.447641 3
      vertex 9.28581 0.225599 0
      vertex 9.28581 0.225599 3
    endloop
  endfacet
  facet normal -0.368116 -0.92978 0
    outer loop
      vertex 8.05623 1.7119 0
      vertex 8.2664 1.62869 3
      vertex 8.05623 1.7119 3
    endloop
  endfacet
  facet normal -0.368116 -0.92978 -0
    outer loop
      vertex 8.2664 1.62869 3
      vertex 8.05623 1.7119 0
      vertex 8.2664 1.62869 0
    endloop
  endfacet
  facet normal -0.248714 -0.968577 0
    outer loop
      vertex 7.83729 1.76812 0
      vertex 8.05623 1.7119 3
      vertex 7.83729 1.76812 3
    endloop
  endfacet
  facet normal -0.248714 -0.968577 -0
    outer loop
      vertex 8.05623 1.7119 3
      vertex 7.83729 1.76812 0
      vertex 8.05623 1.7119 0
    endloop
  endfacet
  facet normal -0.587806 -0.809002 0
    outer loop
      vertex 8.46449 1.51979 0
      vertex 8.64736 1.38692 3
      vertex 8.46449 1.51979 3
    endloop
  endfacet
  facet normal -0.587806 -0.809002 -0
    outer loop
      vertex 8.64736 1.38692 3
      vertex 8.46449 1.51979 0
      vertex 8.64736 1.38692 0
    endloop
  endfacet
  facet normal 0.90482 -0.425794 0
    outer loop
      vertex 5.8264 0.662623 3
      vertex 5.92265 0.867156 0
      vertex 5.92265 0.867156 3
    endloop
  endfacet
  facet normal 0.90482 -0.425794 0
    outer loop
      vertex 5.92265 0.867156 0
      vertex 5.8264 0.662623 3
      vertex 5.8264 0.662623 0
    endloop
  endfacet
  facet normal 0.844327 -0.535828 0
    outer loop
      vertex 5.92265 0.867156 3
      vertex 6.04377 1.05801 0
      vertex 6.04377 1.05801 3
    endloop
  endfacet
  facet normal 0.844327 -0.535828 0
    outer loop
      vertex 6.04377 1.05801 0
      vertex 5.92265 0.867156 3
      vertex 5.92265 0.867156 0
    endloop
  endfacet
  facet normal 0.951059 -0.309009 0
    outer loop
      vertex 5.75655 0.447641 3
      vertex 5.8264 0.662623 0
      vertex 5.8264 0.662623 3
    endloop
  endfacet
  facet normal 0.951059 -0.309009 0
    outer loop
      vertex 5.8264 0.662623 0
      vertex 5.75655 0.447641 3
      vertex 5.75655 0.447641 0
    endloop
  endfacet
  facet normal 0.587806 -0.809002 0
    outer loop
      vertex 6.35264 1.38692 0
      vertex 6.53551 1.51979 3
      vertex 6.35264 1.38692 3
    endloop
  endfacet
  facet normal 0.587806 -0.809002 0
    outer loop
      vertex 6.53551 1.51979 3
      vertex 6.35264 1.38692 0
      vertex 6.53551 1.51979 0
    endloop
  endfacet
  facet normal 0.125325 -0.992116 0
    outer loop
      vertex 7.16271 1.76812 0
      vertex 7.38698 1.79645 3
      vertex 7.16271 1.76812 3
    endloop
  endfacet
  facet normal 0.125325 -0.992116 0
    outer loop
      vertex 7.38698 1.79645 3
      vertex 7.16271 1.76812 0
      vertex 7.38698 1.79645 0
    endloop
  endfacet
  facet normal -0.998028 0.0627752 0
    outer loop
      vertex 9.28581 -0.225599 0
      vertex 9.3 0 3
      vertex 9.3 0 0
    endloop
  endfacet
  facet normal -0.998028 0.0627752 0
    outer loop
      vertex 9.3 0 3
      vertex 9.28581 -0.225599 0
      vertex 9.28581 -0.225599 3
    endloop
  endfacet
  facet normal 0.125325 0.992116 -0
    outer loop
      vertex 7.38698 -1.79645 0
      vertex 7.16271 -1.76812 3
      vertex 7.38698 -1.79645 3
    endloop
  endfacet
  facet normal 0.125325 0.992116 0
    outer loop
      vertex 7.16271 -1.76812 3
      vertex 7.38698 -1.79645 0
      vertex 7.16271 -1.76812 0
    endloop
  endfacet
  facet normal -0.125325 0.992116 0
    outer loop
      vertex 7.83729 -1.76812 0
      vertex 7.61302 -1.79645 3
      vertex 7.83729 -1.76812 3
    endloop
  endfacet
  facet normal -0.125325 0.992116 0
    outer loop
      vertex 7.61302 -1.79645 3
      vertex 7.83729 -1.76812 0
      vertex 7.61302 -1.79645 0
    endloop
  endfacet
  facet normal -0.951059 -0.309009 0
    outer loop
      vertex 9.24345 0.447641 0
      vertex 9.1736 0.662623 3
      vertex 9.1736 0.662623 0
    endloop
  endfacet
  facet normal -0.951059 -0.309009 0
    outer loop
      vertex 9.1736 0.662623 3
      vertex 9.24345 0.447641 0
      vertex 9.24345 0.447641 3
    endloop
  endfacet
  facet normal -0.770504 -0.637435 0
    outer loop
      vertex 8.95623 1.05801 0
      vertex 8.81214 1.23218 3
      vertex 8.81214 1.23218 0
    endloop
  endfacet
  facet normal -0.770504 -0.637435 0
    outer loop
      vertex 8.81214 1.23218 3
      vertex 8.95623 1.05801 0
      vertex 8.95623 1.05801 3
    endloop
  endfacet
  facet normal -0.844327 -0.535828 0
    outer loop
      vertex 9.07735 0.867156 0
      vertex 8.95623 1.05801 3
      vertex 8.95623 1.05801 0
    endloop
  endfacet
  facet normal -0.844327 -0.535828 0
    outer loop
      vertex 8.95623 1.05801 3
      vertex 9.07735 0.867156 0
      vertex 9.07735 0.867156 3
    endloop
  endfacet
  facet normal -0.125325 -0.992116 0
    outer loop
      vertex 7.61302 1.79645 0
      vertex 7.83729 1.76812 3
      vertex 7.61302 1.79645 3
    endloop
  endfacet
  facet normal -0.125325 -0.992116 -0
    outer loop
      vertex 7.83729 1.76812 3
      vertex 7.61302 1.79645 0
      vertex 7.83729 1.76812 0
    endloop
  endfacet
  facet normal -0.481751 -0.876308 0
    outer loop
      vertex 8.2664 1.62869 0
      vertex 8.46449 1.51979 3
      vertex 8.2664 1.62869 3
    endloop
  endfacet
  facet normal -0.481751 -0.876308 -0
    outer loop
      vertex 8.46449 1.51979 3
      vertex 8.2664 1.62869 0
      vertex 8.46449 1.51979 0
    endloop
  endfacet
  facet normal 0.982285 -0.187395 0
    outer loop
      vertex 5.71419 0.225599 3
      vertex 5.75655 0.447641 0
      vertex 5.75655 0.447641 3
    endloop
  endfacet
  facet normal 0.982285 -0.187395 0
    outer loop
      vertex 5.75655 0.447641 0
      vertex 5.71419 0.225599 3
      vertex 5.71419 0.225599 0
    endloop
  endfacet
  facet normal 0.248714 -0.968577 0
    outer loop
      vertex 6.94377 1.7119 0
      vertex 7.16271 1.76812 3
      vertex 6.94377 1.7119 3
    endloop
  endfacet
  facet normal 0.248714 -0.968577 0
    outer loop
      vertex 7.16271 1.76812 3
      vertex 6.94377 1.7119 0
      vertex 7.16271 1.76812 0
    endloop
  endfacet
  facet normal -0.982285 0.187395 0
    outer loop
      vertex 9.24345 -0.447641 0
      vertex 9.28581 -0.225599 3
      vertex 9.28581 -0.225599 0
    endloop
  endfacet
  facet normal -0.982285 0.187395 0
    outer loop
      vertex 9.28581 -0.225599 3
      vertex 9.24345 -0.447641 0
      vertex 9.24345 -0.447641 3
    endloop
  endfacet
  facet normal 0.951059 0.309009 0
    outer loop
      vertex 5.8264 -0.662623 3
      vertex 5.75655 -0.447641 0
      vertex 5.75655 -0.447641 3
    endloop
  endfacet
  facet normal 0.951059 0.309009 0
    outer loop
      vertex 5.75655 -0.447641 0
      vertex 5.8264 -0.662623 3
      vertex 5.8264 -0.662623 0
    endloop
  endfacet
  facet normal -0.368116 0.92978 0
    outer loop
      vertex 8.2664 -1.62869 0
      vertex 8.05623 -1.7119 3
      vertex 8.2664 -1.62869 3
    endloop
  endfacet
  facet normal -0.368116 0.92978 0
    outer loop
      vertex 8.05623 -1.7119 3
      vertex 8.2664 -1.62869 0
      vertex 8.05623 -1.7119 0
    endloop
  endfacet
  facet normal -0.248714 0.968577 0
    outer loop
      vertex 8.05623 -1.7119 0
      vertex 7.83729 -1.76812 3
      vertex 8.05623 -1.7119 3
    endloop
  endfacet
  facet normal -0.248714 0.968577 0
    outer loop
      vertex 7.83729 -1.76812 3
      vertex 8.05623 -1.7119 0
      vertex 7.83729 -1.76812 0
    endloop
  endfacet
  facet normal 0.770504 -0.637435 0
    outer loop
      vertex 6.04377 1.05801 3
      vertex 6.18786 1.23218 0
      vertex 6.18786 1.23218 3
    endloop
  endfacet
  facet normal 0.770504 -0.637435 0
    outer loop
      vertex 6.18786 1.23218 0
      vertex 6.04377 1.05801 3
      vertex 6.04377 1.05801 0
    endloop
  endfacet
  facet normal 0.481751 -0.876308 0
    outer loop
      vertex 6.53551 1.51979 0
      vertex 6.7336 1.62869 3
      vertex 6.53551 1.51979 3
    endloop
  endfacet
  facet normal 0.481751 -0.876308 0
    outer loop
      vertex 6.7336 1.62869 3
      vertex 6.53551 1.51979 0
      vertex 6.7336 1.62869 0
    endloop
  endfacet
  facet normal -0.481751 0.876308 0
    outer loop
      vertex 8.46449 -1.51979 0
      vertex 8.2664 -1.62869 3
      vertex 8.46449 -1.51979 3
    endloop
  endfacet
  facet normal -0.481751 0.876308 0
    outer loop
      vertex 8.2664 -1.62869 3
      vertex 8.46449 -1.51979 0
      vertex 8.2664 -1.62869 0
    endloop
  endfacet
  facet normal -0.68455 0.728966 0
    outer loop
      vertex 8.81214 -1.23218 0
      vertex 8.64736 -1.38692 3
      vertex 8.81214 -1.23218 3
    endloop
  endfacet
  facet normal -0.68455 0.728966 0
    outer loop
      vertex 8.64736 -1.38692 3
      vertex 8.81214 -1.23218 0
      vertex 8.64736 -1.38692 0
    endloop
  endfacet
  facet normal -0.90482 0.425794 0
    outer loop
      vertex 9.07735 -0.867156 0
      vertex 9.1736 -0.662623 3
      vertex 9.1736 -0.662623 0
    endloop
  endfacet
  facet normal -0.90482 0.425794 0
    outer loop
      vertex 9.1736 -0.662623 3
      vertex 9.07735 -0.867156 0
      vertex 9.07735 -0.867156 3
    endloop
  endfacet
  facet normal -0.770504 0.637435 0
    outer loop
      vertex 8.81214 -1.23218 0
      vertex 8.95623 -1.05801 3
      vertex 8.95623 -1.05801 0
    endloop
  endfacet
  facet normal -0.770504 0.637435 0
    outer loop
      vertex 8.95623 -1.05801 3
      vertex 8.81214 -1.23218 0
      vertex 8.81214 -1.23218 3
    endloop
  endfacet
  facet normal 0.368116 0.92978 -0
    outer loop
      vertex 6.94377 -1.7119 0
      vertex 6.7336 -1.62869 3
      vertex 6.94377 -1.7119 3
    endloop
  endfacet
  facet normal 0.368116 0.92978 0
    outer loop
      vertex 6.7336 -1.62869 3
      vertex 6.94377 -1.7119 0
      vertex 6.7336 -1.62869 0
    endloop
  endfacet
  facet normal 0.770504 0.637435 0
    outer loop
      vertex 6.18786 -1.23218 3
      vertex 6.04377 -1.05801 0
      vertex 6.04377 -1.05801 3
    endloop
  endfacet
  facet normal 0.770504 0.637435 0
    outer loop
      vertex 6.04377 -1.05801 0
      vertex 6.18786 -1.23218 3
      vertex 6.18786 -1.23218 0
    endloop
  endfacet
  facet normal 0.998028 0.0627752 0
    outer loop
      vertex 5.71419 -0.225599 3
      vertex 5.7 0 0
      vertex 5.7 0 3
    endloop
  endfacet
  facet normal 0.998028 0.0627752 0
    outer loop
      vertex 5.7 0 0
      vertex 5.71419 -0.225599 3
      vertex 5.71419 -0.225599 0
    endloop
  endfacet
  facet normal -0.587806 0.809002 0
    outer loop
      vertex 8.64736 -1.38692 0
      vertex 8.46449 -1.51979 3
      vertex 8.64736 -1.38692 3
    endloop
  endfacet
  facet normal -0.587806 0.809002 0
    outer loop
      vertex 8.46449 -1.51979 3
      vertex 8.64736 -1.38692 0
      vertex 8.46449 -1.51979 0
    endloop
  endfacet
  facet normal -0.951059 0.309009 0
    outer loop
      vertex 9.1736 -0.662623 0
      vertex 9.24345 -0.447641 3
      vertex 9.24345 -0.447641 0
    endloop
  endfacet
  facet normal -0.951059 0.309009 0
    outer loop
      vertex 9.24345 -0.447641 3
      vertex 9.1736 -0.662623 0
      vertex 9.1736 -0.662623 3
    endloop
  endfacet
  facet normal -0.844327 0.535828 0
    outer loop
      vertex 8.95623 -1.05801 0
      vertex 9.07735 -0.867156 3
      vertex 9.07735 -0.867156 0
    endloop
  endfacet
  facet normal -0.844327 0.535828 0
    outer loop
      vertex 9.07735 -0.867156 3
      vertex 8.95623 -1.05801 0
      vertex 8.95623 -1.05801 3
    endloop
  endfacet
  facet normal 0 1 -0
    outer loop
      vertex 7.61302 -1.79645 0
      vertex 7.38698 -1.79645 3
      vertex 7.61302 -1.79645 3
    endloop
  endfacet
  facet normal 0 1 0
    outer loop
      vertex 7.38698 -1.79645 3
      vertex 7.61302 -1.79645 0
      vertex 7.38698 -1.79645 0
    endloop
  endfacet
  facet normal 0.248714 0.968577 -0
    outer loop
      vertex 7.16271 -1.76812 0
      vertex 6.94377 -1.7119 3
      vertex 7.16271 -1.76812 3
    endloop
  endfacet
  facet normal 0.248714 0.968577 0
    outer loop
      vertex 6.94377 -1.7119 3
      vertex 7.16271 -1.76812 0
      vertex 6.94377 -1.7119 0
    endloop
  endfacet
  facet normal 0.587806 0.809002 -0
    outer loop
      vertex 6.53551 -1.51979 0
      vertex 6.35264 -1.38692 3
      vertex 6.53551 -1.51979 3
    endloop
  endfacet
  facet normal 0.587806 0.809002 0
    outer loop
      vertex 6.35264 -1.38692 3
      vertex 6.53551 -1.51979 0
      vertex 6.35264 -1.38692 0
    endloop
  endfacet
  facet normal 0.68455 0.728966 -0
    outer loop
      vertex 6.35264 -1.38692 0
      vertex 6.18786 -1.23218 3
      vertex 6.35264 -1.38692 3
    endloop
  endfacet
  facet normal 0.68455 0.728966 0
    outer loop
      vertex 6.18786 -1.23218 3
      vertex 6.35264 -1.38692 0
      vertex 6.18786 -1.23218 0
    endloop
  endfacet
  facet normal 0.90482 0.425794 0
    outer loop
      vertex 5.92265 -0.867156 3
      vertex 5.8264 -0.662623 0
      vertex 5.8264 -0.662623 3
    endloop
  endfacet
  facet normal 0.90482 0.425794 0
    outer loop
      vertex 5.8264 -0.662623 0
      vertex 5.92265 -0.867156 3
      vertex 5.92265 -0.867156 0
    endloop
  endfacet
  facet normal 0.982285 0.187395 0
    outer loop
      vertex 5.75655 -0.447641 3
      vertex 5.71419 -0.225599 0
      vertex 5.71419 -0.225599 3
    endloop
  endfacet
  facet normal 0.982285 0.187395 0
    outer loop
      vertex 5.71419 -0.225599 0
      vertex 5.75655 -0.447641 3
      vertex 5.75655 -0.447641 0
    endloop
  endfacet
  facet normal 0.481751 0.876308 -0
    outer loop
      vertex 6.7336 -1.62869 0
      vertex 6.53551 -1.51979 3
      vertex 6.7336 -1.62869 3
    endloop
  endfacet
  facet normal 0.481751 0.876308 0
    outer loop
      vertex 6.53551 -1.51979 3
      vertex 6.7336 -1.62869 0
      vertex 6.53551 -1.51979 0
    endloop
  endfacet
  facet normal 0.844327 0.535828 0
    outer loop
      vertex 6.04377 -1.05801 3
      vertex 5.92265 -0.867156 0
      vertex 5.92265 -0.867156 3
    endloop
  endfacet
  facet normal 0.844327 0.535828 0
    outer loop
      vertex 5.92265 -0.867156 0
      vertex 6.04377 -1.05801 3
      vertex 6.04377 -1.05801 0
    endloop
  endfacet
endsolid OpenSCAD_Model
