solid OpenSCAD_Model
  facet normal -1 0 0
    outer loop
      vertex -22 -2 0
      vertex -22 2 6
      vertex -22 2 0
    endloop
  endfacet
  facet normal -1 -0 0
    outer loop
      vertex -22 2 6
      vertex -22 -2 0
      vertex -22 -2 6
    endloop
  endfacet
  facet normal -0.998029 -0.0627481 0
    outer loop
      vertex -21.9606 -2.62667 0
      vertex -22 -2 6
      vertex -22 -2 0
    endloop
  endfacet
  facet normal -0.998029 -0.0627481 0
    outer loop
      vertex -22 -2 6
      vertex -21.9606 -2.62667 0
      vertex -21.9606 -2.62667 6
    endloop
  endfacet
  facet normal -0.998029 0.0627481 0
    outer loop
      vertex -22 2 0
      vertex -21.9606 2.62667 6
      vertex -21.9606 2.62667 0
    endloop
  endfacet
  facet normal -0.998029 0.0627481 0
    outer loop
      vertex -21.9606 2.62667 6
      vertex -22 2 0
      vertex -22 2 6
    endloop
  endfacet
  facet normal 0 0 1
    outer loop
      vertex 2.55138 17.1288 6
      vertex 6.51779 15.7379 6
      vertex 6.48413 16.9471 6
    endloop
  endfacet
  facet normal -0 0 1
    outer loop
      vertex 2.67549 17.7462 6
      vertex 6.48413 16.9471 6
      vertex 6.38316 18.0644 6
    endloop
  endfacet
  facet normal 0 0 1
    outer loop
      vertex 6.51779 15.7379 6
      vertex 2.96156 14.7329 6
      vertex 6.48216 14.5031 6
    endloop
  endfacet
  facet normal -0 0 1
    outer loop
      vertex 2.69101 18.0828 6
      vertex 6.38316 18.0644 6
      vertex 6.21487 19.0896 6
    endloop
  endfacet
  facet normal 0 0 1
    outer loop
      vertex 2.93753 13.991 6
      vertex 6.48216 14.5031 6
      vertex 2.96156 14.7329 6
    endloop
  endfacet
  facet normal 0 0 1
    outer loop
      vertex 2.62895 18.9311 6
      vertex 6.21487 19.0896 6
      vertex 5.97928 20.0228 6
    endloop
  endfacet
  facet normal 0 0 1
    outer loop
      vertex 6.48216 14.5031 6
      vertex 2.93753 13.991 6
      vertex 6.37527 13.3535 6
    endloop
  endfacet
  facet normal 0 0 1
    outer loop
      vertex 2.55138 19.3177 6
      vertex 5.97928 20.0228 6
      vertex 5.67636 20.864 6
    endloop
  endfacet
  facet normal 0 0 1
    outer loop
      vertex 2.88011 13.3041 6
      vertex 6.37527 13.3535 6
      vertex 2.93753 13.991 6
    endloop
  endfacet
  facet normal 0 0 1
    outer loop
      vertex 2.44278 19.6794 6
      vertex 5.67636 20.864 6
      vertex 5.30614 21.6131 6
    endloop
  endfacet
  facet normal 0 0 1
    outer loop
      vertex 6.37527 13.3535 6
      vertex 2.88011 13.3041 6
      vertex 6.19711 12.2891 6
    endloop
  endfacet
  facet normal 0 0 1
    outer loop
      vertex 2.13249 20.3279 6
      vertex 5.30614 21.6131 6
      vertex 4.86859 22.2702 6
    endloop
  endfacet
  facet normal -0 0 1
    outer loop
      vertex 2.78928 12.6721 6
      vertex 6.19711 12.2891 6
      vertex 2.88011 13.3041 6
    endloop
  endfacet
  facet normal 0 0 1
    outer loop
      vertex 1.93082 20.6146 6
      vertex 4.86859 22.2702 6
      vertex 4.3669 22.8377 6
    endloop
  endfacet
  facet normal 0 0 1
    outer loop
      vertex 6.19711 12.2891 6
      vertex 2.78928 12.6721 6
      vertex 5.94771 11.3098 6
    endloop
  endfacet
  facet normal 0 0 1
    outer loop
      vertex 1.70494 20.8692 6
      vertex 4.3669 22.8377 6
      vertex 3.80417 23.3178 6
    endloop
  endfacet
  facet normal -0 0 1
    outer loop
      vertex 2.66504 12.095 6
      vertex 5.94771 11.3098 6
      vertex 2.78928 12.6721 6
    endloop
  endfacet
  facet normal 0 0 1
    outer loop
      vertex 1.70494 20.8692 6
      vertex 3.80417 23.3178 6
      vertex 3.18045 23.7107 6
    endloop
  endfacet
  facet normal 0 0 1
    outer loop
      vertex 5.94771 11.3098 6
      vertex 2.66504 12.095 6
      vertex 5.62703 10.4158 6
    endloop
  endfacet
  facet normal -0 0 1
    outer loop
      vertex 2.5074 11.5729 6
      vertex 5.62703 10.4158 6
      vertex 2.66504 12.095 6
    endloop
  endfacet
  facet normal 0 0 1
    outer loop
      vertex 6.38316 18.0644 6
      vertex 2.69101 18.0828 6
      vertex 2.67549 17.7462 6
    endloop
  endfacet
  facet normal 0 0 1
    outer loop
      vertex 6.48413 16.9471 6
      vertex 2.67549 17.7462 6
      vertex 2.62895 17.4281 6
    endloop
  endfacet
  facet normal 0 0 1
    outer loop
      vertex 6.21487 19.0896 6
      vertex 2.67549 18.5195 6
      vertex 2.69101 18.0828 6
    endloop
  endfacet
  facet normal 0 0 1
    outer loop
      vertex 6.21487 19.0896 6
      vertex 2.62895 18.9311 6
      vertex 2.67549 18.5195 6
    endloop
  endfacet
  facet normal 0 0 1
    outer loop
      vertex 5.97928 20.0228 6
      vertex 2.55138 19.3177 6
      vertex 2.62895 18.9311 6
    endloop
  endfacet
  facet normal 0 0 1
    outer loop
      vertex 1.46173 21.0847 6
      vertex 3.18045 23.7107 6
      vertex 2.49571 24.0162 6
    endloop
  endfacet
  facet normal 0 0 1
    outer loop
      vertex 5.67636 20.864 6
      vertex 2.44278 19.6794 6
      vertex 2.55138 19.3177 6
    endloop
  endfacet
  facet normal 0 0 1
    outer loop
      vertex 5.30614 21.6131 6
      vertex 2.30315 20.0161 6
      vertex 2.44278 19.6794 6
    endloop
  endfacet
  facet normal 0 0 1
    outer loop
      vertex 5.30614 21.6131 6
      vertex 2.13249 20.3279 6
      vertex 2.30315 20.0161 6
    endloop
  endfacet
  facet normal 0 0 1
    outer loop
      vertex 4.86859 22.2702 6
      vertex 1.93082 20.6146 6
      vertex 2.13249 20.3279 6
    endloop
  endfacet
  facet normal 0 0 1
    outer loop
      vertex 0.923248 21.3982 6
      vertex 2.49571 24.0162 6
      vertex 1.74998 24.2345 6
    endloop
  endfacet
  facet normal 0 0 1
    outer loop
      vertex 4.3669 22.8377 6
      vertex 1.70494 20.8692 6
      vertex 1.93082 20.6146 6
    endloop
  endfacet
  facet normal 0 0 1
    outer loop
      vertex 3.18045 23.7107 6
      vertex 1.46173 21.0847 6
      vertex 1.70494 20.8692 6
    endloop
  endfacet
  facet normal 0 0 1
    outer loop
      vertex 2.49571 24.0162 6
      vertex 1.20116 21.261 6
      vertex 1.46173 21.0847 6
    endloop
  endfacet
  facet normal 0 0 1
    outer loop
      vertex 0.627975 21.4961 6
      vertex 1.74998 24.2345 6
      vertex 0.943222 24.3654 6
    endloop
  endfacet
  facet normal 0 0 1
    outer loop
      vertex 2.49571 24.0162 6
      vertex 0.923248 21.3982 6
      vertex 1.20116 21.261 6
    endloop
  endfacet
  facet normal 0 0 1
    outer loop
      vertex 1.74998 24.2345 6
      vertex 0.627975 21.4961 6
      vertex 0.923248 21.3982 6
    endloop
  endfacet
  facet normal 0 0 1
    outer loop
      vertex 0.943222 24.3654 6
      vertex 0.315369 21.5549 6
      vertex 0.627975 21.4961 6
    endloop
  endfacet
  facet normal 0 0 1
    outer loop
      vertex 0.07547 24.4091 6
      vertex 0.315369 21.5549 6
      vertex 0.943222 24.3654 6
    endloop
  endfacet
  facet normal 0 0 1
    outer loop
      vertex 0.07547 24.4091 6
      vertex -0.0145874 21.5745 6
      vertex 0.315369 21.5549 6
    endloop
  endfacet
  facet normal 0 0 1
    outer loop
      vertex 0.07547 24.4091 6
      vertex -0.339981 21.5575 6
      vertex -0.0145874 21.5745 6
    endloop
  endfacet
  facet normal -0 0 1
    outer loop
      vertex -0.751724 24.377 6
      vertex -0.339981 21.5575 6
      vertex 0.07547 24.4091 6
    endloop
  endfacet
  facet normal 0 0 1
    outer loop
      vertex -0.339981 21.5575 6
      vertex -0.751724 24.377 6
      vertex -0.646179 21.5066 6
    endloop
  endfacet
  facet normal -0 0 1
    outer loop
      vertex -1.5253 24.2807 6
      vertex -0.646179 21.5066 6
      vertex -0.751724 24.377 6
    endloop
  endfacet
  facet normal 0 0 1
    outer loop
      vertex -0.646179 21.5066 6
      vertex -1.5253 24.2807 6
      vertex -0.933197 21.4218 6
    endloop
  endfacet
  facet normal -0 0 1
    outer loop
      vertex -2.24524 24.1203 6
      vertex -0.933197 21.4218 6
      vertex -1.5253 24.2807 6
    endloop
  endfacet
  facet normal 0 0 1
    outer loop
      vertex -0.933197 21.4218 6
      vertex -2.24524 24.1203 6
      vertex -1.20102 21.3031 6
    endloop
  endfacet
  facet normal -0 0 1
    outer loop
      vertex -2.91154 23.8958 6
      vertex -1.20102 21.3031 6
      vertex -2.24524 24.1203 6
    endloop
  endfacet
  facet normal 0 0 1
    outer loop
      vertex -1.20102 21.3031 6
      vertex -2.91154 23.8958 6
      vertex -1.44965 21.1505 6
    endloop
  endfacet
  facet normal -0 0 1
    outer loop
      vertex -3.5242 23.6071 6
      vertex -1.44965 21.1505 6
      vertex -2.91154 23.8958 6
    endloop
  endfacet
  facet normal 0 0 1
    outer loop
      vertex -1.44965 21.1505 6
      vertex -3.5242 23.6071 6
      vertex -1.67908 20.9639 6
    endloop
  endfacet
  facet normal -0 0 1
    outer loop
      vertex -4.08324 23.2542 6
      vertex -1.67908 20.9639 6
      vertex -3.5242 23.6071 6
    endloop
  endfacet
  facet normal 0 0 1
    outer loop
      vertex -1.67908 20.9639 6
      vertex -4.08324 23.2542 6
      vertex -1.88931 20.7434 6
    endloop
  endfacet
  facet normal -0 0 1
    outer loop
      vertex -4.58864 22.8372 6
      vertex -1.88931 20.7434 6
      vertex -4.08324 23.2542 6
    endloop
  endfacet
  facet normal 0 0 1
    outer loop
      vertex -1.88931 20.7434 6
      vertex -4.58864 22.8372 6
      vertex -2.07562 20.494 6
    endloop
  endfacet
  facet normal -0 0 1
    outer loop
      vertex -5.03299 22.3642 6
      vertex -2.07562 20.494 6
      vertex -4.58864 22.8372 6
    endloop
  endfacet
  facet normal -0 0 1
    outer loop
      vertex -6.26349 18.521 6
      vertex -2.59155 18.4951 6
      vertex -2.57722 18.8881 6
    endloop
  endfacet
  facet normal 0 0 1
    outer loop
      vertex -2.07562 20.494 6
      vertex -5.03299 22.3642 6
      vertex -2.23326 20.2207 6
    endloop
  endfacet
  facet normal -0 0 1
    outer loop
      vertex -5.40898 21.8433 6
      vertex -2.23326 20.2207 6
      vertex -5.03299 22.3642 6
    endloop
  endfacet
  facet normal 0 0 1
    outer loop
      vertex -2.59155 18.4951 6
      vertex -6.2343 17.7776 6
      vertex -6.14674 17.079 6
    endloop
  endfacet
  facet normal 0 0 1
    outer loop
      vertex -2.23326 20.2207 6
      vertex -5.40898 21.8433 6
      vertex -2.36224 19.9235 6
    endloop
  endfacet
  facet normal 0 0 1
    outer loop
      vertex -2.59155 18.4951 6
      vertex -6.14674 17.079 6
      vertex -6.00081 16.425 6
    endloop
  endfacet
  facet normal -0 0 1
    outer loop
      vertex -5.7166 21.2745 6
      vertex -2.36224 19.9235 6
      vertex -5.40898 21.8433 6
    endloop
  endfacet
  facet normal 0 0 1
    outer loop
      vertex -2.59155 18.4951 6
      vertex -6.00081 16.425 6
      vertex -5.79651 15.8158 6
    endloop
  endfacet
  facet normal 0 0 1
    outer loop
      vertex -2.36224 19.9235 6
      vertex -5.7166 21.2745 6
      vertex -2.46257 19.6023 6
    endloop
  endfacet
  facet normal 0 0 1
    outer loop
      vertex -2.59155 18.4951 6
      vertex -5.79651 15.8158 6
      vertex -5.53383 15.2512 6
    endloop
  endfacet
  facet normal -0 0 1
    outer loop
      vertex -5.95587 20.6579 6
      vertex -2.46257 19.6023 6
      vertex -5.7166 21.2745 6
    endloop
  endfacet
  facet normal 0 0 1
    outer loop
      vertex -2.59155 18.4951 6
      vertex -3.9404 13.48 6
      vertex -3.43713 13.1889 6
    endloop
  endfacet
  facet normal -0 0 1
    outer loop
      vertex -6.12677 19.9935 6
      vertex -2.46257 19.6023 6
      vertex -5.95587 20.6579 6
    endloop
  endfacet
  facet normal 0 0 1
    outer loop
      vertex -2.59155 18.4951 6
      vertex -4.40582 13.8358 6
      vertex -3.9404 13.48 6
    endloop
  endfacet
  facet normal 0 0 1
    outer loop
      vertex -2.46257 19.6023 6
      vertex -6.12677 19.9935 6
      vertex -2.53423 19.2572 6
    endloop
  endfacet
  facet normal 0 0 1
    outer loop
      vertex -2.59155 18.4951 6
      vertex -3.43713 13.1889 6
      vertex -2.89598 12.9625 6
    endloop
  endfacet
  facet normal -0 0 1
    outer loop
      vertex -6.22931 19.2812 6
      vertex -2.53423 19.2572 6
      vertex -6.12677 19.9935 6
    endloop
  endfacet
  facet normal 0 0 1
    outer loop
      vertex -2.59155 18.4951 6
      vertex -4.83336 14.2562 6
      vertex -4.40582 13.8358 6
    endloop
  endfacet
  facet normal 0 0 1
    outer loop
      vertex -2.53423 19.2572 6
      vertex -6.22931 19.2812 6
      vertex -2.57722 18.8881 6
    endloop
  endfacet
  facet normal 0 0 1
    outer loop
      vertex -2.59155 18.4951 6
      vertex -5.53383 15.2512 6
      vertex -5.21278 14.7314 6
    endloop
  endfacet
  facet normal 0 0 1
    outer loop
      vertex -2.57722 18.8881 6
      vertex -6.22931 19.2812 6
      vertex -6.26349 18.521 6
    endloop
  endfacet
  facet normal 0 0 1
    outer loop
      vertex -2.59155 18.4951 6
      vertex -5.21278 14.7314 6
      vertex -4.83336 14.2562 6
    endloop
  endfacet
  facet normal 0 0 1
    outer loop
      vertex -2.59155 18.4951 6
      vertex -6.26349 18.521 6
      vertex -6.2343 17.7776 6
    endloop
  endfacet
  facet normal 0 0 1
    outer loop
      vertex 5.62703 10.4158 6
      vertex 2.5074 11.5729 6
      vertex 5.23509 9.60703 6
    endloop
  endfacet
  facet normal -0 0 1
    outer loop
      vertex 2.31638 11.1057 6
      vertex 5.23509 9.60703 6
      vertex 2.5074 11.5729 6
    endloop
  endfacet
  facet normal 0 0 1
    outer loop
      vertex 5.23509 9.60703 6
      vertex 2.31638 11.1057 6
      vertex 4.77188 8.88342 6
    endloop
  endfacet
  facet normal -0 0 1
    outer loop
      vertex 2.09193 10.6935 6
      vertex 4.77188 8.88342 6
      vertex 2.31638 11.1057 6
    endloop
  endfacet
  facet normal 0 0 1
    outer loop
      vertex 4.77188 8.88342 6
      vertex 2.09193 10.6935 6
      vertex 4.24164 8.25105 6
    endloop
  endfacet
  facet normal -0 0 1
    outer loop
      vertex 1.83804 10.3363 6
      vertex 4.24164 8.25105 6
      vertex 2.09193 10.6935 6
    endloop
  endfacet
  facet normal 0 0 1
    outer loop
      vertex 4.24164 8.25105 6
      vertex 1.83804 10.3363 6
      vertex 3.64854 7.71596 6
    endloop
  endfacet
  facet normal -0 0 1
    outer loop
      vertex 1.55867 10.0341 6
      vertex 3.64854 7.71596 6
      vertex 1.83804 10.3363 6
    endloop
  endfacet
  facet normal 0 0 1
    outer loop
      vertex 3.64854 7.71596 6
      vertex 1.55867 10.0341 6
      vertex 2.99261 7.27817 6
    endloop
  endfacet
  facet normal -0 0 1
    outer loop
      vertex 1.25378 9.78683 6
      vertex 2.99261 7.27817 6
      vertex 1.55867 10.0341 6
    endloop
  endfacet
  facet normal 0 0 1
    outer loop
      vertex 2.3846 6.99013 6
      vertex 2.07163 2.50417 6
      vertex 2.36915 2.22478 6
    endloop
  endfacet
  facet normal 0 0 1
    outer loop
      vertex 2.99261 7.27817 6
      vertex 1.25378 9.78683 6
      vertex 2.3846 6.99013 6
    endloop
  endfacet
  facet normal 0 0 1
    outer loop
      vertex 2.3846 6.99013 6
      vertex 1.74144 2.74407 6
      vertex 2.07163 2.50417 6
    endloop
  endfacet
  facet normal -0 0 1
    outer loop
      vertex 0.923401 9.5945 6
      vertex 2.3846 6.99013 6
      vertex 1.25378 9.78683 6
    endloop
  endfacet
  facet normal 0 0 1
    outer loop
      vertex 2.3846 6.99013 6
      vertex 1.38378 2.94069 6
      vertex 1.74144 2.74407 6
    endloop
  endfacet
  facet normal -0 0 1
    outer loop
      vertex 0.56752 9.45711 6
      vertex 2.3846 6.99013 6
      vertex 0.923401 9.5945 6
    endloop
  endfacet
  facet normal 0 0 1
    outer loop
      vertex 2.3846 6.99013 6
      vertex 1.0043 3.09093 6
      vertex 1.38378 2.94069 6
    endloop
  endfacet
  facet normal -0 0 1
    outer loop
      vertex 0.186127 9.37468 6
      vertex 2.3846 6.99013 6
      vertex 0.56752 9.45711 6
    endloop
  endfacet
  facet normal 0 0 1
    outer loop
      vertex 2.3846 6.99013 6
      vertex 0.608989 3.19243 6
      vertex 1.0043 3.09093 6
    endloop
  endfacet
  facet normal -0 0 1
    outer loop
      vertex -0.220734 9.34721 6
      vertex 2.3846 6.99013 6
      vertex 0.186127 9.37468 6
    endloop
  endfacet
  facet normal 0 0 1
    outer loop
      vertex 2.3846 6.99013 6
      vertex 0.204069 3.24359 6
      vertex 0.608989 3.19243 6
    endloop
  endfacet
  facet normal 0 0 1
    outer loop
      vertex -3.0689 6.99013 6
      vertex 2.3846 6.99013 6
      vertex -0.220734 9.34721 6
    endloop
  endfacet
  facet normal 0 0 1
    outer loop
      vertex 2.3846 6.99013 6
      vertex -0.204069 3.24359 6
      vertex 0.204069 3.24359 6
    endloop
  endfacet
  facet normal 0 0 1
    outer loop
      vertex 2.3846 6.99013 6
      vertex -3.0689 6.99013 6
      vertex -0.204069 3.24359 6
    endloop
  endfacet
  facet normal 0 0 1
    outer loop
      vertex -3.0689 6.99013 6
      vertex -0.220734 9.34721 6
      vertex -0.712982 9.38586 6
    endloop
  endfacet
  facet normal 0 0 1
    outer loop
      vertex -0.204069 3.24359 6
      vertex -3.0689 6.99013 6
      vertex -0.608989 3.19243 6
    endloop
  endfacet
  facet normal 0 0 1
    outer loop
      vertex -3.0689 6.99013 6
      vertex -0.712982 9.38586 6
      vertex -1.15161 9.50183 6
    endloop
  endfacet
  facet normal 0 0 1
    outer loop
      vertex -0.608989 3.19243 6
      vertex -3.0689 6.99013 6
      vertex -1.0043 3.09093 6
    endloop
  endfacet
  facet normal 0 0 1
    outer loop
      vertex -3.0689 6.99013 6
      vertex -1.15161 9.50183 6
      vertex -1.53658 9.6951 6
    endloop
  endfacet
  facet normal 0 0 1
    outer loop
      vertex -1.0043 3.09093 6
      vertex -3.0689 6.99013 6
      vertex -1.38378 2.94069 6
    endloop
  endfacet
  facet normal 0 0 1
    outer loop
      vertex -3.6057 7.25241 6
      vertex -1.53658 9.6951 6
      vertex -1.86792 9.9657 6
    endloop
  endfacet
  facet normal 0 0 1
    outer loop
      vertex -1.38378 2.94069 6
      vertex -3.0689 6.99013 6
      vertex -1.74144 2.74407 6
    endloop
  endfacet
  facet normal 0 0 1
    outer loop
      vertex -4.38741 7.84114 6
      vertex -1.86792 9.9657 6
      vertex -2.1456 10.3136 6
    endloop
  endfacet
  facet normal 0 0 1
    outer loop
      vertex -1.74144 2.74407 6
      vertex -3.0689 6.99013 6
      vertex -2.07163 2.50417 6
    endloop
  endfacet
  facet normal 0 0 1
    outer loop
      vertex -5.30995 9.08395 6
      vertex -2.1456 10.3136 6
      vertex -2.36966 10.7388 6
    endloop
  endfacet
  facet normal 0 0 1
    outer loop
      vertex -5.55278 9.59552 6
      vertex -2.36966 10.7388 6
      vertex -2.54005 11.2413 6
    endloop
  endfacet
  facet normal 0 0 1
    outer loop
      vertex -2.07163 2.50417 6
      vertex -3.0689 6.99013 6
      vertex -2.36915 2.22478 6
    endloop
  endfacet
  facet normal 0 0 1
    outer loop
      vertex -6.53551 1.51979 6
      vertex -2.36915 2.22478 6
      vertex -3.0689 6.99013 6
    endloop
  endfacet
  facet normal 0 0 1
    outer loop
      vertex -2.36915 2.22478 6
      vertex -6.53551 1.51979 6
      vertex -2.6293 1.9103 6
    endloop
  endfacet
  facet normal 0 -0 1
    outer loop
      vertex -6.35264 1.38692 6
      vertex -2.6293 1.9103 6
      vertex -6.53551 1.51979 6
    endloop
  endfacet
  facet normal 0 0 1
    outer loop
      vertex -1.53658 9.6951 6
      vertex -3.15382 7.02246 6
      vertex -3.0689 6.99013 6
    endloop
  endfacet
  facet normal 0 0 1
    outer loop
      vertex -1.53658 9.6951 6
      vertex -3.6057 7.25241 6
      vertex -3.15382 7.02246 6
    endloop
  endfacet
  facet normal 0 0 1
    outer loop
      vertex -1.86792 9.9657 6
      vertex -4.01521 7.52415 6
      vertex -3.6057 7.25241 6
    endloop
  endfacet
  facet normal 0 0 1
    outer loop
      vertex -1.86792 9.9657 6
      vertex -4.38741 7.84114 6
      vertex -4.01521 7.52415 6
    endloop
  endfacet
  facet normal 0 0 1
    outer loop
      vertex -2.1456 10.3136 6
      vertex -4.72726 8.20676 6
      vertex -4.38741 7.84114 6
    endloop
  endfacet
  facet normal 0 0 1
    outer loop
      vertex -2.1456 10.3136 6
      vertex -5.03477 8.62103 6
      vertex -4.72726 8.20676 6
    endloop
  endfacet
  facet normal 0 0 1
    outer loop
      vertex -2.1456 10.3136 6
      vertex -5.30995 9.08395 6
      vertex -5.03477 8.62103 6
    endloop
  endfacet
  facet normal 0 0 1
    outer loop
      vertex -2.36966 10.7388 6
      vertex -5.55278 9.59552 6
      vertex -5.30995 9.08395 6
    endloop
  endfacet
  facet normal 0 0 1
    outer loop
      vertex -2.54005 11.2413 6
      vertex -5.76328 10.1557 6
      vertex -5.55278 9.59552 6
    endloop
  endfacet
  facet normal 0 -0 1
    outer loop
      vertex -5.76328 10.1557 6
      vertex -2.54005 11.2413 6
      vertex -5.94144 10.7646 6
    endloop
  endfacet
  facet normal 0 0 1
    outer loop
      vertex 6.48413 16.9471 6
      vertex 2.62895 17.4281 6
      vertex 2.55138 17.1288 6
    endloop
  endfacet
  facet normal 0 0 1
    outer loop
      vertex 6.51779 15.7379 6
      vertex 2.55138 17.1288 6
      vertex 2.96156 14.7329 6
    endloop
  endfacet
  facet normal -0 0 1
    outer loop
      vertex 2.44278 16.8481 6
      vertex 2.96156 14.7329 6
      vertex 2.55138 17.1288 6
    endloop
  endfacet
  facet normal -0 0 1
    outer loop
      vertex 2.30315 16.5861 6
      vertex 2.96156 14.7329 6
      vertex 2.44278 16.8481 6
    endloop
  endfacet
  facet normal -0 0 1
    outer loop
      vertex 2.13249 16.3427 6
      vertex 2.96156 14.7329 6
      vertex 2.30315 16.5861 6
    endloop
  endfacet
  facet normal -0 0 1
    outer loop
      vertex 1.93082 16.118 6
      vertex 2.96156 14.7329 6
      vertex 2.13249 16.3427 6
    endloop
  endfacet
  facet normal -0 0 1
    outer loop
      vertex 1.7052 15.9181 6
      vertex 2.96156 14.7329 6
      vertex 1.93082 16.118 6
    endloop
  endfacet
  facet normal -0 0 1
    outer loop
      vertex 1.46278 15.7489 6
      vertex 2.96156 14.7329 6
      vertex 1.7052 15.9181 6
    endloop
  endfacet
  facet normal 0 0 1
    outer loop
      vertex 2.96156 14.7329 6
      vertex 1.46278 15.7489 6
      vertex 2.80896 14.4654 6
    endloop
  endfacet
  facet normal 0 0 1
    outer loop
      vertex 2.80896 14.4654 6
      vertex 1.46278 15.7489 6
      vertex 2.63086 14.2149 6
    endloop
  endfacet
  facet normal -0 0 1
    outer loop
      vertex 1.20354 15.6104 6
      vertex 2.63086 14.2149 6
      vertex 1.46278 15.7489 6
    endloop
  endfacet
  facet normal 0 0 1
    outer loop
      vertex 2.63086 14.2149 6
      vertex 1.20354 15.6104 6
      vertex 2.42723 13.9816 6
    endloop
  endfacet
  facet normal 0 0 1
    outer loop
      vertex 2.42723 13.9816 6
      vertex 1.20354 15.6104 6
      vertex 2.19809 13.7653 6
    endloop
  endfacet
  facet normal -0 0 1
    outer loop
      vertex 0.92746 15.5028 6
      vertex 2.19809 13.7653 6
      vertex 1.20354 15.6104 6
    endloop
  endfacet
  facet normal 0 0 1
    outer loop
      vertex 2.19809 13.7653 6
      vertex 0.92746 15.5028 6
      vertex 1.94344 13.5661 6
    endloop
  endfacet
  facet normal 0 0 1
    outer loop
      vertex 1.94344 13.5661 6
      vertex 0.92746 15.5028 6
      vertex 1.66327 13.384 6
    endloop
  endfacet
  facet normal -0 0 1
    outer loop
      vertex 0.634567 15.4258 6
      vertex 1.66327 13.384 6
      vertex 0.92746 15.5028 6
    endloop
  endfacet
  facet normal 0 0 1
    outer loop
      vertex 1.66327 13.384 6
      vertex 0.634567 15.4258 6
      vertex 1.35759 13.219 6
    endloop
  endfacet
  facet normal 0 0 1
    outer loop
      vertex 1.35759 13.219 6
      vertex 0.634567 15.4258 6
      vertex 1.0356 13.0737 6
    endloop
  endfacet
  facet normal -0 0 1
    outer loop
      vertex 0.32486 15.3797 6
      vertex 1.0356 13.0737 6
      vertex 0.634567 15.4258 6
    endloop
  endfacet
  facet normal 0 0 1
    outer loop
      vertex 1.0356 13.0737 6
      vertex 0.32486 15.3797 6
      vertex 0.706512 12.9508 6
    endloop
  endfacet
  facet normal -0 0 1
    outer loop
      vertex -0.00166321 15.3643 6
      vertex 0.706512 12.9508 6
      vertex 0.32486 15.3797 6
    endloop
  endfacet
  facet normal 0 0 1
    outer loop
      vertex 0.706512 12.9508 6
      vertex -0.00166321 15.3643 6
      vertex 0.370331 12.8503 6
    endloop
  endfacet
  facet normal 0 0 1
    outer loop
      vertex 0.370331 12.8503 6
      vertex -0.00166321 15.3643 6
      vertex 0.0270538 12.772 6
    endloop
  endfacet
  facet normal 0 0 1
    outer loop
      vertex -0.33049 15.3821 6
      vertex 0.0270538 12.772 6
      vertex -0.00166321 15.3643 6
    endloop
  endfacet
  facet normal 0 0 1
    outer loop
      vertex 0.0270538 12.772 6
      vertex -0.33049 15.3821 6
      vertex -0.323303 12.7161 6
    endloop
  endfacet
  facet normal 0 0 1
    outer loop
      vertex -0.680771 12.6826 6
      vertex -0.33049 15.3821 6
      vertex -0.639587 15.4353 6
    endloop
  endfacet
  facet normal 0 0 1
    outer loop
      vertex -0.33049 15.3821 6
      vertex -0.680771 12.6826 6
      vertex -0.323303 12.7161 6
    endloop
  endfacet
  facet normal 0 0 1
    outer loop
      vertex -1.04533 12.6714 6
      vertex -0.639587 15.4353 6
      vertex -0.928986 15.524 6
    endloop
  endfacet
  facet normal 0 0 1
    outer loop
      vertex -0.639587 15.4353 6
      vertex -1.04533 12.6714 6
      vertex -0.680771 12.6826 6
    endloop
  endfacet
  facet normal 0 0 1
    outer loop
      vertex -1.70009 12.7038 6
      vertex -0.928986 15.524 6
      vertex -1.19864 15.6483 6
    endloop
  endfacet
  facet normal 0 0 1
    outer loop
      vertex -2.31697 12.8008 6
      vertex -1.19864 15.6483 6
      vertex -1.44859 15.808 6
    endloop
  endfacet
  facet normal 0 0 1
    outer loop
      vertex -2.89598 12.9625 6
      vertex -1.44859 15.808 6
      vertex -1.6788 16.0032 6
    endloop
  endfacet
  facet normal 0 0 1
    outer loop
      vertex -0.928986 15.524 6
      vertex -1.70009 12.7038 6
      vertex -1.04533 12.6714 6
    endloop
  endfacet
  facet normal 0 0 1
    outer loop
      vertex -2.89598 12.9625 6
      vertex -1.6788 16.0032 6
      vertex -1.88931 16.2339 6
    endloop
  endfacet
  facet normal 0 0 1
    outer loop
      vertex -2.89598 12.9625 6
      vertex -1.88931 16.2339 6
      vertex -2.07562 16.4931 6
    endloop
  endfacet
  facet normal 0 0 1
    outer loop
      vertex -2.89598 12.9625 6
      vertex -2.07562 16.4931 6
      vertex -2.23326 16.7735 6
    endloop
  endfacet
  facet normal 0 0 1
    outer loop
      vertex -1.19864 15.6483 6
      vertex -2.31697 12.8008 6
      vertex -1.70009 12.7038 6
    endloop
  endfacet
  facet normal 0 0 1
    outer loop
      vertex -2.89598 12.9625 6
      vertex -2.23326 16.7735 6
      vertex -2.36224 17.0752 6
    endloop
  endfacet
  facet normal 0 0 1
    outer loop
      vertex -2.89598 12.9625 6
      vertex -2.36224 17.0752 6
      vertex -2.46257 17.3982 6
    endloop
  endfacet
  facet normal 0 0 1
    outer loop
      vertex -2.89598 12.9625 6
      vertex -2.46257 17.3982 6
      vertex -2.53423 17.7426 6
    endloop
  endfacet
  facet normal 0 0 1
    outer loop
      vertex -2.89598 12.9625 6
      vertex -2.53423 17.7426 6
      vertex -2.57722 18.1082 6
    endloop
  endfacet
  facet normal 0 0 1
    outer loop
      vertex -1.44859 15.808 6
      vertex -2.89598 12.9625 6
      vertex -2.31697 12.8008 6
    endloop
  endfacet
  facet normal 0 0 1
    outer loop
      vertex -2.89598 12.9625 6
      vertex -2.57722 18.1082 6
      vertex -2.59155 18.4951 6
    endloop
  endfacet
  facet normal 0 0 1
    outer loop
      vertex 18.0218 1.1964 6
      vertex 22 2 6
      vertex 21.9606 2.62667 6
    endloop
  endfacet
  facet normal 0 0 1
    outer loop
      vertex 22 2 6
      vertex 18.25 0 6
      vertex 22 -2 6
    endloop
  endfacet
  facet normal 0 0 1
    outer loop
      vertex 17.848 1.5657 6
      vertex 21.9606 2.62667 6
      vertex 21.8429 3.24345 6
    endloop
  endfacet
  facet normal -0 0 1
    outer loop
      vertex 18.2244 -0.407332 6
      vertex 22 -2 6
      vertex 18.25 0 6
    endloop
  endfacet
  facet normal 0 0 1
    outer loop
      vertex 17.848 1.5657 6
      vertex 21.8429 3.24345 6
      vertex 21.6489 3.84062 6
    endloop
  endfacet
  facet normal -0 0 1
    outer loop
      vertex 18.1479 -0.808242 6
      vertex 22 -2 6
      vertex 18.2244 -0.407332 6
    endloop
  endfacet
  facet normal 0 0 1
    outer loop
      vertex 17.6293 1.9103 6
      vertex 21.6489 3.84062 6
      vertex 21.3815 4.40877 6
    endloop
  endfacet
  facet normal -0 0 1
    outer loop
      vertex 18.0218 -1.1964 6
      vertex 22 -2 6
      vertex 18.1479 -0.808242 6
    endloop
  endfacet
  facet normal 0 0 1
    outer loop
      vertex 17.6293 1.9103 6
      vertex 21.3815 4.40877 6
      vertex 21.0451 4.93893 6
    endloop
  endfacet
  facet normal 0 0 1
    outer loop
      vertex 22 -2 6
      vertex 18.0218 -1.1964 6
      vertex 21.9606 -2.62667 6
    endloop
  endfacet
  facet normal 0 0 1
    outer loop
      vertex 17.3691 2.22478 6
      vertex 21.0451 4.93893 6
      vertex 20.6448 5.42274 6
    endloop
  endfacet
  facet normal -0 0 1
    outer loop
      vertex 17.848 -1.5657 6
      vertex 21.9606 -2.62667 6
      vertex 18.0218 -1.1964 6
    endloop
  endfacet
  facet normal 0 0 1
    outer loop
      vertex 17.3691 2.22478 6
      vertex 20.6448 5.42274 6
      vertex 20.1871 5.85257 6
    endloop
  endfacet
  facet normal 0 0 1
    outer loop
      vertex 21.9606 -2.62667 6
      vertex 17.848 -1.5657 6
      vertex 21.8429 -3.24345 6
    endloop
  endfacet
  facet normal 0 0 1
    outer loop
      vertex 17.0716 2.50417 6
      vertex 20.1871 5.85257 6
      vertex 19.6791 6.22164 6
    endloop
  endfacet
  facet normal 0 0 1
    outer loop
      vertex 21.8429 -3.24345 6
      vertex 17.848 -1.5657 6
      vertex 21.6489 -3.84062 6
    endloop
  endfacet
  facet normal 0 0 1
    outer loop
      vertex 17.0716 2.50417 6
      vertex 19.6791 6.22164 6
      vertex 19.1289 6.52413 6
    endloop
  endfacet
  facet normal -0 0 1
    outer loop
      vertex 17.6293 -1.9103 6
      vertex 21.6489 -3.84062 6
      vertex 17.848 -1.5657 6
    endloop
  endfacet
  facet normal 0 0 1
    outer loop
      vertex 16.7414 2.74407 6
      vertex 19.1289 6.52413 6
      vertex 18.5451 6.75528 6
    endloop
  endfacet
  facet normal 0 0 1
    outer loop
      vertex 21.6489 -3.84062 6
      vertex 17.6293 -1.9103 6
      vertex 21.3815 -4.40877 6
    endloop
  endfacet
  facet normal 0 0 1
    outer loop
      vertex 21.3815 -4.40877 6
      vertex 17.6293 -1.9103 6
      vertex 21.0451 -4.93893 6
    endloop
  endfacet
  facet normal 0 0 1
    outer loop
      vertex 22 2 6
      vertex 18.2244 0.407332 6
      vertex 18.25 0 6
    endloop
  endfacet
  facet normal 0 0 1
    outer loop
      vertex 22 2 6
      vertex 18.1479 0.808242 6
      vertex 18.2244 0.407332 6
    endloop
  endfacet
  facet normal 0 0 1
    outer loop
      vertex 22 2 6
      vertex 18.0218 1.1964 6
      vertex 18.1479 0.808242 6
    endloop
  endfacet
  facet normal 0 0 1
    outer loop
      vertex 16.7414 2.74407 6
      vertex 18.5451 6.75528 6
      vertex 17.9369 6.91144 6
    endloop
  endfacet
  facet normal 0 0 1
    outer loop
      vertex 21.9606 2.62667 6
      vertex 17.848 1.5657 6
      vertex 18.0218 1.1964 6
    endloop
  endfacet
  facet normal 0 0 1
    outer loop
      vertex 21.6489 3.84062 6
      vertex 17.6293 1.9103 6
      vertex 17.848 1.5657 6
    endloop
  endfacet
  facet normal 0 0 1
    outer loop
      vertex 21.0451 4.93893 6
      vertex 17.3691 2.22478 6
      vertex 17.6293 1.9103 6
    endloop
  endfacet
  facet normal 0 0 1
    outer loop
      vertex 16.3838 2.94069 6
      vertex 17.9369 6.91144 6
      vertex 17.314 6.99013 6
    endloop
  endfacet
  facet normal 0 0 1
    outer loop
      vertex 20.1871 5.85257 6
      vertex 17.0716 2.50417 6
      vertex 17.3691 2.22478 6
    endloop
  endfacet
  facet normal 0 0 1
    outer loop
      vertex 19.1289 6.52413 6
      vertex 16.7414 2.74407 6
      vertex 17.0716 2.50417 6
    endloop
  endfacet
  facet normal 0 0 1
    outer loop
      vertex 17.9369 6.91144 6
      vertex 16.3838 2.94069 6
      vertex 16.7414 2.74407 6
    endloop
  endfacet
  facet normal 0 0 1
    outer loop
      vertex 17.314 6.99013 6
      vertex 16.0043 3.09093 6
      vertex 16.3838 2.94069 6
    endloop
  endfacet
  facet normal 0 0 1
    outer loop
      vertex 17.314 6.99013 6
      vertex 15.609 3.19243 6
      vertex 16.0043 3.09093 6
    endloop
  endfacet
  facet normal 0 0 1
    outer loop
      vertex 17.314 6.99013 6
      vertex 15.2041 3.24359 6
      vertex 15.609 3.19243 6
    endloop
  endfacet
  facet normal 0 0 1
    outer loop
      vertex 17.314 6.99013 6
      vertex 14.7959 3.24359 6
      vertex 15.2041 3.24359 6
    endloop
  endfacet
  facet normal 0 0 1
    outer loop
      vertex 17.314 6.99013 6
      vertex 14.391 3.19243 6
      vertex 14.7959 3.24359 6
    endloop
  endfacet
  facet normal 0 0 1
    outer loop
      vertex 17.314 6.99013 6
      vertex 13.9957 3.09093 6
      vertex 14.391 3.19243 6
    endloop
  endfacet
  facet normal 0 0 1
    outer loop
      vertex 17.314 6.99013 6
      vertex 13.6162 2.94069 6
      vertex 13.9957 3.09093 6
    endloop
  endfacet
  facet normal -0 0 1
    outer loop
      vertex 2.3846 6.99013 6
      vertex 13.6162 2.94069 6
      vertex 17.314 6.99013 6
    endloop
  endfacet
  facet normal 0 0 1
    outer loop
      vertex 13.6162 2.94069 6
      vertex 2.3846 6.99013 6
      vertex 13.2586 2.74407 6
    endloop
  endfacet
  facet normal 0 -0 1
    outer loop
      vertex 7.83729 1.76812 6
      vertex 13.2586 2.74407 6
      vertex 2.3846 6.99013 6
    endloop
  endfacet
  facet normal -0 0 1
    outer loop
      vertex 9.28581 0.225599 6
      vertex 11.75 0 6
      vertex 11.7756 0.407332 6
    endloop
  endfacet
  facet normal -0 0 1
    outer loop
      vertex 9.24345 0.447641 6
      vertex 11.7756 0.407332 6
      vertex 11.8521 0.808242 6
    endloop
  endfacet
  facet normal -0 0 1
    outer loop
      vertex 9.07735 0.867156 6
      vertex 11.8521 0.808242 6
      vertex 11.9782 1.1964 6
    endloop
  endfacet
  facet normal 0 0 1
    outer loop
      vertex 8.95623 1.05801 6
      vertex 11.9782 1.1964 6
      vertex 12.152 1.5657 6
    endloop
  endfacet
  facet normal 0 0 1
    outer loop
      vertex 8.81214 1.23218 6
      vertex 12.152 1.5657 6
      vertex 12.3707 1.9103 6
    endloop
  endfacet
  facet normal 0 0 1
    outer loop
      vertex 8.46449 1.51979 6
      vertex 12.3707 1.9103 6
      vertex 12.6309 2.22478 6
    endloop
  endfacet
  facet normal 0 -0 1
    outer loop
      vertex 8.05623 1.7119 6
      vertex 13.2586 2.74407 6
      vertex 7.83729 1.76812 6
    endloop
  endfacet
  facet normal 0 0 1
    outer loop
      vertex 11.75 0 6
      vertex 9.28581 0.225599 6
      vertex 9.3 0 6
    endloop
  endfacet
  facet normal 0 0 1
    outer loop
      vertex 11.7756 0.407332 6
      vertex 9.24345 0.447641 6
      vertex 9.28581 0.225599 6
    endloop
  endfacet
  facet normal 0 0 1
    outer loop
      vertex 11.8521 0.808242 6
      vertex 9.1736 0.662623 6
      vertex 9.24345 0.447641 6
    endloop
  endfacet
  facet normal 0 0 1
    outer loop
      vertex 11.8521 0.808242 6
      vertex 9.07735 0.867156 6
      vertex 9.1736 0.662623 6
    endloop
  endfacet
  facet normal 0 0 1
    outer loop
      vertex 11.9782 1.1964 6
      vertex 8.95623 1.05801 6
      vertex 9.07735 0.867156 6
    endloop
  endfacet
  facet normal 0 0 1
    outer loop
      vertex 12.152 1.5657 6
      vertex 8.81214 1.23218 6
      vertex 8.95623 1.05801 6
    endloop
  endfacet
  facet normal 0 0 1
    outer loop
      vertex 12.3707 1.9103 6
      vertex 8.64736 1.38692 6
      vertex 8.81214 1.23218 6
    endloop
  endfacet
  facet normal 0 0 1
    outer loop
      vertex 12.3707 1.9103 6
      vertex 8.46449 1.51979 6
      vertex 8.64736 1.38692 6
    endloop
  endfacet
  facet normal 0 0 1
    outer loop
      vertex 12.6309 2.22478 6
      vertex 8.2664 1.62869 6
      vertex 8.46449 1.51979 6
    endloop
  endfacet
  facet normal 0 0 1
    outer loop
      vertex 12.9284 2.50417 6
      vertex 8.2664 1.62869 6
      vertex 12.6309 2.22478 6
    endloop
  endfacet
  facet normal 0 -0 1
    outer loop
      vertex 8.2664 1.62869 6
      vertex 12.9284 2.50417 6
      vertex 8.05623 1.7119 6
    endloop
  endfacet
  facet normal 0 0 1
    outer loop
      vertex 13.2586 2.74407 6
      vertex 8.05623 1.7119 6
      vertex 12.9284 2.50417 6
    endloop
  endfacet
  facet normal 0 0 1
    outer loop
      vertex 7.83729 1.76812 6
      vertex 2.3846 6.99013 6
      vertex 7.61302 1.79645 6
    endloop
  endfacet
  facet normal 0 0 1
    outer loop
      vertex 7.61302 1.79645 6
      vertex 2.3846 6.99013 6
      vertex 7.38698 1.79645 6
    endloop
  endfacet
  facet normal 0 0 1
    outer loop
      vertex 7.38698 1.79645 6
      vertex 2.3846 6.99013 6
      vertex 7.16271 1.76812 6
    endloop
  endfacet
  facet normal 0 0 1
    outer loop
      vertex 7.16271 1.76812 6
      vertex 2.3846 6.99013 6
      vertex 6.94377 1.7119 6
    endloop
  endfacet
  facet normal 0 0 1
    outer loop
      vertex 5.71419 0.225599 6
      vertex 3.25 0 6
      vertex 5.7 0 6
    endloop
  endfacet
  facet normal -0 0 1
    outer loop
      vertex 3.22437 0.407332 6
      vertex 5.71419 0.225599 6
      vertex 5.75655 0.447641 6
    endloop
  endfacet
  facet normal 0 0 1
    outer loop
      vertex 3.14789 0.808242 6
      vertex 5.75655 0.447641 6
      vertex 5.8264 0.662623 6
    endloop
  endfacet
  facet normal -0 0 1
    outer loop
      vertex 3.14789 0.808242 6
      vertex 5.8264 0.662623 6
      vertex 5.92265 0.867156 6
    endloop
  endfacet
  facet normal 0 0 1
    outer loop
      vertex 3.02177 1.1964 6
      vertex 5.92265 0.867156 6
      vertex 6.04377 1.05801 6
    endloop
  endfacet
  facet normal 0 0 1
    outer loop
      vertex 2.848 1.5657 6
      vertex 6.04377 1.05801 6
      vertex 6.18786 1.23218 6
    endloop
  endfacet
  facet normal 0 0 1
    outer loop
      vertex 2.6293 1.9103 6
      vertex 6.18786 1.23218 6
      vertex 6.35264 1.38692 6
    endloop
  endfacet
  facet normal 0 0 1
    outer loop
      vertex 2.6293 1.9103 6
      vertex 6.35264 1.38692 6
      vertex 6.53551 1.51979 6
    endloop
  endfacet
  facet normal 0 0 1
    outer loop
      vertex 2.3846 6.99013 6
      vertex 6.53551 1.51979 6
      vertex 6.7336 1.62869 6
    endloop
  endfacet
  facet normal 0 0 1
    outer loop
      vertex 6.94377 1.7119 6
      vertex 2.3846 6.99013 6
      vertex 6.7336 1.62869 6
    endloop
  endfacet
  facet normal 0 0 1
    outer loop
      vertex 5.71419 0.225599 6
      vertex 3.22437 0.407332 6
      vertex 3.25 0 6
    endloop
  endfacet
  facet normal 0 0 1
    outer loop
      vertex 5.75655 0.447641 6
      vertex 3.14789 0.808242 6
      vertex 3.22437 0.407332 6
    endloop
  endfacet
  facet normal 0 0 1
    outer loop
      vertex 5.92265 0.867156 6
      vertex 3.02177 1.1964 6
      vertex 3.14789 0.808242 6
    endloop
  endfacet
  facet normal 0 0 1
    outer loop
      vertex 6.04377 1.05801 6
      vertex 2.848 1.5657 6
      vertex 3.02177 1.1964 6
    endloop
  endfacet
  facet normal 0 0 1
    outer loop
      vertex 6.53551 1.51979 6
      vertex 2.3846 6.99013 6
      vertex 2.36915 2.22478 6
    endloop
  endfacet
  facet normal 0 0 1
    outer loop
      vertex 6.18786 1.23218 6
      vertex 2.6293 1.9103 6
      vertex 2.848 1.5657 6
    endloop
  endfacet
  facet normal 0 0 1
    outer loop
      vertex 6.53551 1.51979 6
      vertex 2.36915 2.22478 6
      vertex 2.6293 1.9103 6
    endloop
  endfacet
  facet normal -0 0 1
    outer loop
      vertex 17.3691 -2.22478 6
      vertex 21.0451 -4.93893 6
      vertex 17.6293 -1.9103 6
    endloop
  endfacet
  facet normal 0 0 1
    outer loop
      vertex 21.0451 -4.93893 6
      vertex 17.3691 -2.22478 6
      vertex 20.6448 -5.42274 6
    endloop
  endfacet
  facet normal 0 0 1
    outer loop
      vertex 20.6448 -5.42274 6
      vertex 17.3691 -2.22478 6
      vertex 20.1871 -5.85257 6
    endloop
  endfacet
  facet normal -0 0 1
    outer loop
      vertex 17.0716 -2.50417 6
      vertex 20.1871 -5.85257 6
      vertex 17.3691 -2.22478 6
    endloop
  endfacet
  facet normal 0 0 1
    outer loop
      vertex 20.1871 -5.85257 6
      vertex 17.0716 -2.50417 6
      vertex 19.6791 -6.22164 6
    endloop
  endfacet
  facet normal 0 0 1
    outer loop
      vertex 19.6791 -6.22164 6
      vertex 17.0716 -2.50417 6
      vertex 19.1289 -6.52413 6
    endloop
  endfacet
  facet normal -0 0 1
    outer loop
      vertex 16.7414 -2.74407 6
      vertex 19.1289 -6.52413 6
      vertex 17.0716 -2.50417 6
    endloop
  endfacet
  facet normal 0 0 1
    outer loop
      vertex 19.1289 -6.52413 6
      vertex 16.7414 -2.74407 6
      vertex 18.5451 -6.75528 6
    endloop
  endfacet
  facet normal 0 0 1
    outer loop
      vertex 18.5451 -6.75528 6
      vertex 16.7414 -2.74407 6
      vertex 17.9369 -6.91144 6
    endloop
  endfacet
  facet normal -0 0 1
    outer loop
      vertex 16.3838 -2.94069 6
      vertex 17.9369 -6.91144 6
      vertex 16.7414 -2.74407 6
    endloop
  endfacet
  facet normal 0 0 1
    outer loop
      vertex 17.9369 -6.91144 6
      vertex 16.3838 -2.94069 6
      vertex 17.314 -6.99013 6
    endloop
  endfacet
  facet normal -0 0 1
    outer loop
      vertex 16.0043 -3.09093 6
      vertex 17.314 -6.99013 6
      vertex 16.3838 -2.94069 6
    endloop
  endfacet
  facet normal -0 0 1
    outer loop
      vertex 15.609 -3.19243 6
      vertex 17.314 -6.99013 6
      vertex 16.0043 -3.09093 6
    endloop
  endfacet
  facet normal -0 0 1
    outer loop
      vertex 15.2041 -3.24359 6
      vertex 17.314 -6.99013 6
      vertex 15.609 -3.19243 6
    endloop
  endfacet
  facet normal -0 0 1
    outer loop
      vertex 14.7959 -3.24359 6
      vertex 17.314 -6.99013 6
      vertex 15.2041 -3.24359 6
    endloop
  endfacet
  facet normal 0 0 1
    outer loop
      vertex 14.391 -3.19243 6
      vertex 17.314 -6.99013 6
      vertex 14.7959 -3.24359 6
    endloop
  endfacet
  facet normal 0 0 1
    outer loop
      vertex 13.9957 -3.09093 6
      vertex 17.314 -6.99013 6
      vertex 14.391 -3.19243 6
    endloop
  endfacet
  facet normal 0 0 1
    outer loop
      vertex 13.6162 -2.94069 6
      vertex 17.314 -6.99013 6
      vertex 13.9957 -3.09093 6
    endloop
  endfacet
  facet normal 0 0 1
    outer loop
      vertex 13.2586 -2.74407 6
      vertex 17.314 -6.99013 6
      vertex 13.6162 -2.94069 6
    endloop
  endfacet
  facet normal 0 0 1
    outer loop
      vertex 8.05623 -1.7119 6
      vertex 13.2586 -2.74407 6
      vertex 12.9284 -2.50417 6
    endloop
  endfacet
  facet normal 0 0 1
    outer loop
      vertex 8.2664 -1.62869 6
      vertex 12.9284 -2.50417 6
      vertex 12.6309 -2.22478 6
    endloop
  endfacet
  facet normal 0 0 1
    outer loop
      vertex 9.28581 -0.225599 6
      vertex 11.75 0 6
      vertex 9.3 0 6
    endloop
  endfacet
  facet normal 0 0 1
    outer loop
      vertex 11.75 0 6
      vertex 9.28581 -0.225599 6
      vertex 11.7756 -0.407332 6
    endloop
  endfacet
  facet normal 0 0 1
    outer loop
      vertex 9.24345 -0.447641 6
      vertex 11.7756 -0.407332 6
      vertex 9.28581 -0.225599 6
    endloop
  endfacet
  facet normal 0 0 1
    outer loop
      vertex 11.7756 -0.407332 6
      vertex 9.24345 -0.447641 6
      vertex 11.8521 -0.808242 6
    endloop
  endfacet
  facet normal -0 0 1
    outer loop
      vertex 9.1736 -0.662623 6
      vertex 11.8521 -0.808242 6
      vertex 9.24345 -0.447641 6
    endloop
  endfacet
  facet normal 0 0 1
    outer loop
      vertex 9.07735 -0.867156 6
      vertex 11.8521 -0.808242 6
      vertex 9.1736 -0.662623 6
    endloop
  endfacet
  facet normal 0 0 1
    outer loop
      vertex 11.8521 -0.808242 6
      vertex 9.07735 -0.867156 6
      vertex 11.9782 -1.1964 6
    endloop
  endfacet
  facet normal -0 0 1
    outer loop
      vertex 8.95623 -1.05801 6
      vertex 11.9782 -1.1964 6
      vertex 9.07735 -0.867156 6
    endloop
  endfacet
  facet normal 0 0 1
    outer loop
      vertex 11.9782 -1.1964 6
      vertex 8.95623 -1.05801 6
      vertex 12.152 -1.5657 6
    endloop
  endfacet
  facet normal -0 0 1
    outer loop
      vertex 8.81214 -1.23218 6
      vertex 12.152 -1.5657 6
      vertex 8.95623 -1.05801 6
    endloop
  endfacet
  facet normal 0 0 1
    outer loop
      vertex 12.152 -1.5657 6
      vertex 8.81214 -1.23218 6
      vertex 12.3707 -1.9103 6
    endloop
  endfacet
  facet normal -0 0 1
    outer loop
      vertex 8.64736 -1.38692 6
      vertex 12.3707 -1.9103 6
      vertex 8.81214 -1.23218 6
    endloop
  endfacet
  facet normal -0 0 1
    outer loop
      vertex 8.46449 -1.51979 6
      vertex 12.3707 -1.9103 6
      vertex 8.64736 -1.38692 6
    endloop
  endfacet
  facet normal 0 0 1
    outer loop
      vertex 12.3707 -1.9103 6
      vertex 8.46449 -1.51979 6
      vertex 12.6309 -2.22478 6
    endloop
  endfacet
  facet normal -0 0 1
    outer loop
      vertex 8.2664 -1.62869 6
      vertex 12.6309 -2.22478 6
      vertex 8.46449 -1.51979 6
    endloop
  endfacet
  facet normal 0 0 1
    outer loop
      vertex 12.9284 -2.50417 6
      vertex 8.2664 -1.62869 6
      vertex 8.05623 -1.7119 6
    endloop
  endfacet
  facet normal 0 0 1
    outer loop
      vertex 13.2586 -2.74407 6
      vertex 8.05623 -1.7119 6
      vertex 7.83729 -1.76812 6
    endloop
  endfacet
  facet normal 0 0 1
    outer loop
      vertex 13.2586 -2.74407 6
      vertex 7.83729 -1.76812 6
      vertex 17.314 -6.99013 6
    endloop
  endfacet
  facet normal -0 0 1
    outer loop
      vertex 7.61302 -1.79645 6
      vertex 17.314 -6.99013 6
      vertex 7.83729 -1.76812 6
    endloop
  endfacet
  facet normal -0 0 1
    outer loop
      vertex 7.38698 -1.79645 6
      vertex 17.314 -6.99013 6
      vertex 7.61302 -1.79645 6
    endloop
  endfacet
  facet normal 0 0 1
    outer loop
      vertex 1.38378 -2.94069 6
      vertex 7.38698 -1.79645 6
      vertex 7.16271 -1.76812 6
    endloop
  endfacet
  facet normal 0 0 1
    outer loop
      vertex 1.74144 -2.74407 6
      vertex 7.16271 -1.76812 6
      vertex 6.94377 -1.7119 6
    endloop
  endfacet
  facet normal 0 0 1
    outer loop
      vertex 2.07163 -2.50417 6
      vertex 6.94377 -1.7119 6
      vertex 6.7336 -1.62869 6
    endloop
  endfacet
  facet normal -0 0 1
    outer loop
      vertex 3.25 0 6
      vertex 5.71419 -0.225599 6
      vertex 5.7 0 6
    endloop
  endfacet
  facet normal 0 0 1
    outer loop
      vertex 3.22437 -0.407332 6
      vertex 5.71419 -0.225599 6
      vertex 3.25 0 6
    endloop
  endfacet
  facet normal 0 0 1
    outer loop
      vertex 5.71419 -0.225599 6
      vertex 3.22437 -0.407332 6
      vertex 5.75655 -0.447641 6
    endloop
  endfacet
  facet normal 0 0 1
    outer loop
      vertex 3.14789 -0.808242 6
      vertex 5.75655 -0.447641 6
      vertex 3.22437 -0.407332 6
    endloop
  endfacet
  facet normal 0 0 1
    outer loop
      vertex 5.75655 -0.447641 6
      vertex 3.14789 -0.808242 6
      vertex 5.8264 -0.662623 6
    endloop
  endfacet
  facet normal 0 0 1
    outer loop
      vertex 5.8264 -0.662623 6
      vertex 3.14789 -0.808242 6
      vertex 5.92265 -0.867156 6
    endloop
  endfacet
  facet normal 0 0 1
    outer loop
      vertex 3.02177 -1.1964 6
      vertex 5.92265 -0.867156 6
      vertex 3.14789 -0.808242 6
    endloop
  endfacet
  facet normal 0 0 1
    outer loop
      vertex 5.92265 -0.867156 6
      vertex 3.02177 -1.1964 6
      vertex 6.04377 -1.05801 6
    endloop
  endfacet
  facet normal 0 0 1
    outer loop
      vertex 2.848 -1.5657 6
      vertex 6.04377 -1.05801 6
      vertex 3.02177 -1.1964 6
    endloop
  endfacet
  facet normal 0 0 1
    outer loop
      vertex 6.04377 -1.05801 6
      vertex 2.848 -1.5657 6
      vertex 6.18786 -1.23218 6
    endloop
  endfacet
  facet normal 0 0 1
    outer loop
      vertex 2.6293 -1.9103 6
      vertex 6.18786 -1.23218 6
      vertex 2.848 -1.5657 6
    endloop
  endfacet
  facet normal 0 0 1
    outer loop
      vertex 6.18786 -1.23218 6
      vertex 2.6293 -1.9103 6
      vertex 6.35264 -1.38692 6
    endloop
  endfacet
  facet normal 0 0 1
    outer loop
      vertex 6.35264 -1.38692 6
      vertex 2.6293 -1.9103 6
      vertex 6.53551 -1.51979 6
    endloop
  endfacet
  facet normal 0 0 1
    outer loop
      vertex 2.36915 -2.22478 6
      vertex 6.53551 -1.51979 6
      vertex 2.6293 -1.9103 6
    endloop
  endfacet
  facet normal 0 0 1
    outer loop
      vertex 6.53551 -1.51979 6
      vertex 2.36915 -2.22478 6
      vertex 6.7336 -1.62869 6
    endloop
  endfacet
  facet normal 0 0 1
    outer loop
      vertex 2.07163 -2.50417 6
      vertex 6.7336 -1.62869 6
      vertex 2.36915 -2.22478 6
    endloop
  endfacet
  facet normal 0 0 1
    outer loop
      vertex 6.94377 -1.7119 6
      vertex 2.07163 -2.50417 6
      vertex 1.74144 -2.74407 6
    endloop
  endfacet
  facet normal 0 0 1
    outer loop
      vertex 7.16271 -1.76812 6
      vertex 1.74144 -2.74407 6
      vertex 1.38378 -2.94069 6
    endloop
  endfacet
  facet normal 0 0 1
    outer loop
      vertex 7.38698 -1.79645 6
      vertex 1.38378 -2.94069 6
      vertex 17.314 -6.99013 6
    endloop
  endfacet
  facet normal -0 0 1
    outer loop
      vertex 1.0043 -3.09093 6
      vertex 17.314 -6.99013 6
      vertex 1.38378 -2.94069 6
    endloop
  endfacet
  facet normal -0 0 1
    outer loop
      vertex 0.608989 -3.19243 6
      vertex 17.314 -6.99013 6
      vertex 1.0043 -3.09093 6
    endloop
  endfacet
  facet normal -0 0 1
    outer loop
      vertex 0.204069 -3.24359 6
      vertex 17.314 -6.99013 6
      vertex 0.608989 -3.19243 6
    endloop
  endfacet
  facet normal -0 0 1
    outer loop
      vertex -0.204069 -3.24359 6
      vertex 17.314 -6.99013 6
      vertex 0.204069 -3.24359 6
    endloop
  endfacet
  facet normal 0 0 1
    outer loop
      vertex -17.314 -6.99013 6
      vertex -0.204069 -3.24359 6
      vertex -0.608989 -3.19243 6
    endloop
  endfacet
  facet normal 0 0 1
    outer loop
      vertex -5.71419 -0.225599 6
      vertex -3.25 0 6
      vertex -5.7 0 6
    endloop
  endfacet
  facet normal 0 0 1
    outer loop
      vertex -3.25 0 6
      vertex -5.71419 -0.225599 6
      vertex -3.22437 -0.407332 6
    endloop
  endfacet
  facet normal 0 0 1
    outer loop
      vertex -5.75655 -0.447641 6
      vertex -3.22437 -0.407332 6
      vertex -5.71419 -0.225599 6
    endloop
  endfacet
  facet normal 0 0 1
    outer loop
      vertex -3.22437 -0.407332 6
      vertex -5.75655 -0.447641 6
      vertex -3.14789 -0.808242 6
    endloop
  endfacet
  facet normal -0 0 1
    outer loop
      vertex -5.8264 -0.662623 6
      vertex -3.14789 -0.808242 6
      vertex -5.75655 -0.447641 6
    endloop
  endfacet
  facet normal 0 0 1
    outer loop
      vertex -5.92265 -0.867156 6
      vertex -3.14789 -0.808242 6
      vertex -5.8264 -0.662623 6
    endloop
  endfacet
  facet normal 0 0 1
    outer loop
      vertex -3.14789 -0.808242 6
      vertex -5.92265 -0.867156 6
      vertex -3.02177 -1.1964 6
    endloop
  endfacet
  facet normal -0 0 1
    outer loop
      vertex -6.04377 -1.05801 6
      vertex -3.02177 -1.1964 6
      vertex -5.92265 -0.867156 6
    endloop
  endfacet
  facet normal 0 0 1
    outer loop
      vertex -3.02177 -1.1964 6
      vertex -6.04377 -1.05801 6
      vertex -2.848 -1.5657 6
    endloop
  endfacet
  facet normal -0 0 1
    outer loop
      vertex -6.18786 -1.23218 6
      vertex -2.848 -1.5657 6
      vertex -6.04377 -1.05801 6
    endloop
  endfacet
  facet normal 0 0 1
    outer loop
      vertex -2.848 -1.5657 6
      vertex -6.18786 -1.23218 6
      vertex -2.6293 -1.9103 6
    endloop
  endfacet
  facet normal -0 0 1
    outer loop
      vertex -6.35264 -1.38692 6
      vertex -2.6293 -1.9103 6
      vertex -6.18786 -1.23218 6
    endloop
  endfacet
  facet normal -0 0 1
    outer loop
      vertex -6.53551 -1.51979 6
      vertex -2.6293 -1.9103 6
      vertex -6.35264 -1.38692 6
    endloop
  endfacet
  facet normal 0 0 1
    outer loop
      vertex -2.6293 -1.9103 6
      vertex -6.53551 -1.51979 6
      vertex -2.36915 -2.22478 6
    endloop
  endfacet
  facet normal -0 0 1
    outer loop
      vertex -6.7336 -1.62869 6
      vertex -2.36915 -2.22478 6
      vertex -6.53551 -1.51979 6
    endloop
  endfacet
  facet normal 0 0 1
    outer loop
      vertex -2.36915 -2.22478 6
      vertex -6.7336 -1.62869 6
      vertex -2.07163 -2.50417 6
    endloop
  endfacet
  facet normal -0 0 1
    outer loop
      vertex -6.94377 -1.7119 6
      vertex -2.07163 -2.50417 6
      vertex -6.7336 -1.62869 6
    endloop
  endfacet
  facet normal 0 0 1
    outer loop
      vertex -2.07163 -2.50417 6
      vertex -6.94377 -1.7119 6
      vertex -1.74144 -2.74407 6
    endloop
  endfacet
  facet normal -0 0 1
    outer loop
      vertex -7.16271 -1.76812 6
      vertex -1.74144 -2.74407 6
      vertex -6.94377 -1.7119 6
    endloop
  endfacet
  facet normal 0 0 1
    outer loop
      vertex -1.74144 -2.74407 6
      vertex -7.16271 -1.76812 6
      vertex -1.38378 -2.94069 6
    endloop
  endfacet
  facet normal -0 0 1
    outer loop
      vertex -7.38698 -1.79645 6
      vertex -1.38378 -2.94069 6
      vertex -7.16271 -1.76812 6
    endloop
  endfacet
  facet normal 0 0 1
    outer loop
      vertex -17.314 -6.99013 6
      vertex -1.38378 -2.94069 6
      vertex -7.38698 -1.79645 6
    endloop
  endfacet
  facet normal 0 0 1
    outer loop
      vertex -1.38378 -2.94069 6
      vertex -17.314 -6.99013 6
      vertex -1.0043 -3.09093 6
    endloop
  endfacet
  facet normal 0 0 1
    outer loop
      vertex -1.0043 -3.09093 6
      vertex -17.314 -6.99013 6
      vertex -0.608989 -3.19243 6
    endloop
  endfacet
  facet normal 0 0 1
    outer loop
      vertex -17.314 -6.99013 6
      vertex -7.38698 -1.79645 6
      vertex -7.61302 -1.79645 6
    endloop
  endfacet
  facet normal 0 0 1
    outer loop
      vertex -17.314 -6.99013 6
      vertex -7.61302 -1.79645 6
      vertex -7.83729 -1.76812 6
    endloop
  endfacet
  facet normal -0 0 1
    outer loop
      vertex -11.75 0 6
      vertex -9.28581 -0.225599 6
      vertex -9.3 0 6
    endloop
  endfacet
  facet normal 0 0 1
    outer loop
      vertex -11.7756 -0.407332 6
      vertex -9.28581 -0.225599 6
      vertex -11.75 0 6
    endloop
  endfacet
  facet normal 0 0 1
    outer loop
      vertex -9.28581 -0.225599 6
      vertex -11.7756 -0.407332 6
      vertex -9.24345 -0.447641 6
    endloop
  endfacet
  facet normal 0 0 1
    outer loop
      vertex -11.8521 -0.808242 6
      vertex -9.24345 -0.447641 6
      vertex -11.7756 -0.407332 6
    endloop
  endfacet
  facet normal 0 0 1
    outer loop
      vertex -9.24345 -0.447641 6
      vertex -11.8521 -0.808242 6
      vertex -9.1736 -0.662623 6
    endloop
  endfacet
  facet normal 0 0 1
    outer loop
      vertex -9.1736 -0.662623 6
      vertex -11.8521 -0.808242 6
      vertex -9.07735 -0.867156 6
    endloop
  endfacet
  facet normal 0 0 1
    outer loop
      vertex -11.9782 -1.1964 6
      vertex -9.07735 -0.867156 6
      vertex -11.8521 -0.808242 6
    endloop
  endfacet
  facet normal 0 0 1
    outer loop
      vertex -9.07735 -0.867156 6
      vertex -11.9782 -1.1964 6
      vertex -8.95623 -1.05801 6
    endloop
  endfacet
  facet normal 0 0 1
    outer loop
      vertex -12.152 -1.5657 6
      vertex -8.95623 -1.05801 6
      vertex -11.9782 -1.1964 6
    endloop
  endfacet
  facet normal 0 0 1
    outer loop
      vertex -8.95623 -1.05801 6
      vertex -12.152 -1.5657 6
      vertex -8.81214 -1.23218 6
    endloop
  endfacet
  facet normal 0 0 1
    outer loop
      vertex -12.3707 -1.9103 6
      vertex -8.81214 -1.23218 6
      vertex -12.152 -1.5657 6
    endloop
  endfacet
  facet normal 0 0 1
    outer loop
      vertex -8.81214 -1.23218 6
      vertex -12.3707 -1.9103 6
      vertex -8.64736 -1.38692 6
    endloop
  endfacet
  facet normal 0 0 1
    outer loop
      vertex -8.64736 -1.38692 6
      vertex -12.3707 -1.9103 6
      vertex -8.46449 -1.51979 6
    endloop
  endfacet
  facet normal 0 0 1
    outer loop
      vertex -12.6309 -2.22478 6
      vertex -8.46449 -1.51979 6
      vertex -12.3707 -1.9103 6
    endloop
  endfacet
  facet normal 0 0 1
    outer loop
      vertex -8.46449 -1.51979 6
      vertex -12.6309 -2.22478 6
      vertex -8.2664 -1.62869 6
    endloop
  endfacet
  facet normal 0 0 1
    outer loop
      vertex -12.9284 -2.50417 6
      vertex -8.2664 -1.62869 6
      vertex -12.6309 -2.22478 6
    endloop
  endfacet
  facet normal 0 0 1
    outer loop
      vertex -8.2664 -1.62869 6
      vertex -12.9284 -2.50417 6
      vertex -8.05623 -1.7119 6
    endloop
  endfacet
  facet normal 0 0 1
    outer loop
      vertex -13.2586 -2.74407 6
      vertex -8.05623 -1.7119 6
      vertex -12.9284 -2.50417 6
    endloop
  endfacet
  facet normal 0 0 1
    outer loop
      vertex -8.05623 -1.7119 6
      vertex -13.2586 -2.74407 6
      vertex -7.83729 -1.76812 6
    endloop
  endfacet
  facet normal 0 0 1
    outer loop
      vertex -7.83729 -1.76812 6
      vertex -13.2586 -2.74407 6
      vertex -17.314 -6.99013 6
    endloop
  endfacet
  facet normal 0 0 1
    outer loop
      vertex -17.314 -6.99013 6
      vertex -13.2586 -2.74407 6
      vertex -13.6162 -2.94069 6
    endloop
  endfacet
  facet normal 0 0 1
    outer loop
      vertex -17.314 -6.99013 6
      vertex -13.6162 -2.94069 6
      vertex -13.9957 -3.09093 6
    endloop
  endfacet
  facet normal 0 0 1
    outer loop
      vertex -17.314 -6.99013 6
      vertex -13.9957 -3.09093 6
      vertex -14.391 -3.19243 6
    endloop
  endfacet
  facet normal 0 0 1
    outer loop
      vertex -17.314 -6.99013 6
      vertex -14.391 -3.19243 6
      vertex -14.7959 -3.24359 6
    endloop
  endfacet
  facet normal 0 0 1
    outer loop
      vertex -17.314 -6.99013 6
      vertex -14.7959 -3.24359 6
      vertex -15.2041 -3.24359 6
    endloop
  endfacet
  facet normal 0 0 1
    outer loop
      vertex -0.204069 -3.24359 6
      vertex -17.314 -6.99013 6
      vertex 17.314 -6.99013 6
    endloop
  endfacet
  facet normal 0 0 1
    outer loop
      vertex -15.609 -3.19243 6
      vertex -17.314 -6.99013 6
      vertex -15.2041 -3.24359 6
    endloop
  endfacet
  facet normal 0 0 1
    outer loop
      vertex -16.0043 -3.09093 6
      vertex -17.314 -6.99013 6
      vertex -15.609 -3.19243 6
    endloop
  endfacet
  facet normal 0 0 1
    outer loop
      vertex -16.3838 -2.94069 6
      vertex -17.314 -6.99013 6
      vertex -16.0043 -3.09093 6
    endloop
  endfacet
  facet normal 0 0 1
    outer loop
      vertex -17.9369 -6.91144 6
      vertex -16.3838 -2.94069 6
      vertex -16.7414 -2.74407 6
    endloop
  endfacet
  facet normal 0 0 1
    outer loop
      vertex -19.1289 -6.52413 6
      vertex -16.7414 -2.74407 6
      vertex -17.0716 -2.50417 6
    endloop
  endfacet
  facet normal 0 0 1
    outer loop
      vertex -20.1871 -5.85257 6
      vertex -17.0716 -2.50417 6
      vertex -17.3691 -2.22478 6
    endloop
  endfacet
  facet normal 0 0 1
    outer loop
      vertex -21.0451 -4.93893 6
      vertex -17.3691 -2.22478 6
      vertex -17.6293 -1.9103 6
    endloop
  endfacet
  facet normal 0 0 1
    outer loop
      vertex -21.6489 -3.84062 6
      vertex -17.6293 -1.9103 6
      vertex -17.848 -1.5657 6
    endloop
  endfacet
  facet normal 0 0 1
    outer loop
      vertex -16.3838 -2.94069 6
      vertex -17.9369 -6.91144 6
      vertex -17.314 -6.99013 6
    endloop
  endfacet
  facet normal 0 0 1
    outer loop
      vertex -21.9606 -2.62667 6
      vertex -17.848 -1.5657 6
      vertex -18.0218 -1.1964 6
    endloop
  endfacet
  facet normal 0 0 1
    outer loop
      vertex -22 -2 6
      vertex -18.0218 -1.1964 6
      vertex -18.1479 -0.808242 6
    endloop
  endfacet
  facet normal 0 0 1
    outer loop
      vertex -22 -2 6
      vertex -18.1479 -0.808242 6
      vertex -18.2244 -0.407332 6
    endloop
  endfacet
  facet normal 0 0 1
    outer loop
      vertex -22 -2 6
      vertex -18.2244 -0.407332 6
      vertex -18.25 0 6
    endloop
  endfacet
  facet normal 0 0 1
    outer loop
      vertex -16.7414 -2.74407 6
      vertex -18.5451 -6.75528 6
      vertex -17.9369 -6.91144 6
    endloop
  endfacet
  facet normal -0 0 1
    outer loop
      vertex -21.3815 4.40877 6
      vertex -17.6293 1.9103 6
      vertex -21.0451 4.93893 6
    endloop
  endfacet
  facet normal -0 0 1
    outer loop
      vertex -21.6489 3.84062 6
      vertex -17.6293 1.9103 6
      vertex -21.3815 4.40877 6
    endloop
  endfacet
  facet normal 0 0 1
    outer loop
      vertex -22 -2 6
      vertex -18.25 0 6
      vertex -22 2 6
    endloop
  endfacet
  facet normal 0 0 1
    outer loop
      vertex -17.6293 1.9103 6
      vertex -21.6489 3.84062 6
      vertex -17.848 1.5657 6
    endloop
  endfacet
  facet normal 0 0 1
    outer loop
      vertex -18.0218 -1.1964 6
      vertex -22 -2 6
      vertex -21.9606 -2.62667 6
    endloop
  endfacet
  facet normal -0 0 1
    outer loop
      vertex -21.8429 3.24345 6
      vertex -17.848 1.5657 6
      vertex -21.6489 3.84062 6
    endloop
  endfacet
  facet normal 0 0 1
    outer loop
      vertex -16.7414 -2.74407 6
      vertex -19.1289 -6.52413 6
      vertex -18.5451 -6.75528 6
    endloop
  endfacet
  facet normal -0 0 1
    outer loop
      vertex -21.9606 2.62667 6
      vertex -17.848 1.5657 6
      vertex -21.8429 3.24345 6
    endloop
  endfacet
  facet normal 0 0 1
    outer loop
      vertex -17.0716 -2.50417 6
      vertex -19.6791 -6.22164 6
      vertex -19.1289 -6.52413 6
    endloop
  endfacet
  facet normal 0 0 1
    outer loop
      vertex -17.848 1.5657 6
      vertex -21.9606 2.62667 6
      vertex -18.0218 1.1964 6
    endloop
  endfacet
  facet normal 0 0 1
    outer loop
      vertex -17.0716 -2.50417 6
      vertex -20.1871 -5.85257 6
      vertex -19.6791 -6.22164 6
    endloop
  endfacet
  facet normal -0 0 1
    outer loop
      vertex -22 2 6
      vertex -18.0218 1.1964 6
      vertex -21.9606 2.62667 6
    endloop
  endfacet
  facet normal 0 0 1
    outer loop
      vertex -17.3691 -2.22478 6
      vertex -20.6448 -5.42274 6
      vertex -20.1871 -5.85257 6
    endloop
  endfacet
  facet normal 0 0 1
    outer loop
      vertex -18.0218 1.1964 6
      vertex -22 2 6
      vertex -18.1479 0.808242 6
    endloop
  endfacet
  facet normal 0 0 1
    outer loop
      vertex -17.3691 -2.22478 6
      vertex -21.0451 -4.93893 6
      vertex -20.6448 -5.42274 6
    endloop
  endfacet
  facet normal 0 0 1
    outer loop
      vertex -18.1479 0.808242 6
      vertex -22 2 6
      vertex -18.2244 0.407332 6
    endloop
  endfacet
  facet normal 0 0 1
    outer loop
      vertex -17.6293 -1.9103 6
      vertex -21.3815 -4.40877 6
      vertex -21.0451 -4.93893 6
    endloop
  endfacet
  facet normal 0 0 1
    outer loop
      vertex -18.2244 0.407332 6
      vertex -22 2 6
      vertex -18.25 0 6
    endloop
  endfacet
  facet normal 0 0 1
    outer loop
      vertex -17.6293 -1.9103 6
      vertex -21.6489 -3.84062 6
      vertex -21.3815 -4.40877 6
    endloop
  endfacet
  facet normal 0 0 1
    outer loop
      vertex -17.848 -1.5657 6
      vertex -21.8429 -3.24345 6
      vertex -21.6489 -3.84062 6
    endloop
  endfacet
  facet normal 0 0 1
    outer loop
      vertex -17.848 -1.5657 6
      vertex -21.9606 -2.62667 6
      vertex -21.8429 -3.24345 6
    endloop
  endfacet
  facet normal 0 0 1
    outer loop
      vertex -2.6293 1.9103 6
      vertex -6.18786 1.23218 6
      vertex -2.848 1.5657 6
    endloop
  endfacet
  facet normal 0 -0 1
    outer loop
      vertex -6.04377 1.05801 6
      vertex -2.848 1.5657 6
      vertex -6.18786 1.23218 6
    endloop
  endfacet
  facet normal 0 -0 1
    outer loop
      vertex -5.92265 0.867156 6
      vertex -3.02177 1.1964 6
      vertex -6.04377 1.05801 6
    endloop
  endfacet
  facet normal 0 0 1
    outer loop
      vertex -3.02177 1.1964 6
      vertex -5.92265 0.867156 6
      vertex -3.14789 0.808242 6
    endloop
  endfacet
  facet normal 0 0 1
    outer loop
      vertex -3.25 0 6
      vertex -5.71419 0.225599 6
      vertex -5.7 0 6
    endloop
  endfacet
  facet normal 0 0 1
    outer loop
      vertex -3.22437 0.407332 6
      vertex -5.71419 0.225599 6
      vertex -3.25 0 6
    endloop
  endfacet
  facet normal 0 -0 1
    outer loop
      vertex -5.71419 0.225599 6
      vertex -3.22437 0.407332 6
      vertex -5.75655 0.447641 6
    endloop
  endfacet
  facet normal 0 0 1
    outer loop
      vertex -3.14789 0.808242 6
      vertex -5.75655 0.447641 6
      vertex -3.22437 0.407332 6
    endloop
  endfacet
  facet normal 0 -0 1
    outer loop
      vertex -5.75655 0.447641 6
      vertex -3.14789 0.808242 6
      vertex -5.8264 0.662623 6
    endloop
  endfacet
  facet normal 0 -0 1
    outer loop
      vertex -5.8264 0.662623 6
      vertex -3.14789 0.808242 6
      vertex -5.92265 0.867156 6
    endloop
  endfacet
  facet normal 0 0 1
    outer loop
      vertex -2.848 1.5657 6
      vertex -6.04377 1.05801 6
      vertex -3.02177 1.1964 6
    endloop
  endfacet
  facet normal 0 -0 1
    outer loop
      vertex -6.18786 1.23218 6
      vertex -2.6293 1.9103 6
      vertex -6.35264 1.38692 6
    endloop
  endfacet
  facet normal 0 0 1
    outer loop
      vertex -3.0689 6.99013 6
      vertex -6.7336 1.62869 6
      vertex -6.53551 1.51979 6
    endloop
  endfacet
  facet normal 0 0 1
    outer loop
      vertex -3.0689 6.99013 6
      vertex -6.94377 1.7119 6
      vertex -6.7336 1.62869 6
    endloop
  endfacet
  facet normal 0 0 1
    outer loop
      vertex -3.0689 6.99013 6
      vertex -7.16271 1.76812 6
      vertex -6.94377 1.7119 6
    endloop
  endfacet
  facet normal 0 0 1
    outer loop
      vertex -3.0689 6.99013 6
      vertex -7.38698 1.79645 6
      vertex -7.16271 1.76812 6
    endloop
  endfacet
  facet normal 0 0 1
    outer loop
      vertex -3.0689 6.99013 6
      vertex -7.61302 1.79645 6
      vertex -7.38698 1.79645 6
    endloop
  endfacet
  facet normal 0 0 1
    outer loop
      vertex -3.0689 6.99013 6
      vertex -7.83729 1.76812 6
      vertex -7.61302 1.79645 6
    endloop
  endfacet
  facet normal -0 0 1
    outer loop
      vertex -13.2586 2.74407 6
      vertex -7.83729 1.76812 6
      vertex -3.0689 6.99013 6
    endloop
  endfacet
  facet normal 0 0 1
    outer loop
      vertex -7.83729 1.76812 6
      vertex -13.2586 2.74407 6
      vertex -8.05623 1.7119 6
    endloop
  endfacet
  facet normal -0 -0 1
    outer loop
      vertex -12.9284 2.50417 6
      vertex -8.05623 1.7119 6
      vertex -13.2586 2.74407 6
    endloop
  endfacet
  facet normal 0 0 1
    outer loop
      vertex -8.05623 1.7119 6
      vertex -12.9284 2.50417 6
      vertex -8.2664 1.62869 6
    endloop
  endfacet
  facet normal 0 0 1
    outer loop
      vertex -8.2664 1.62869 6
      vertex -12.6309 2.22478 6
      vertex -8.46449 1.51979 6
    endloop
  endfacet
  facet normal 0 0 1
    outer loop
      vertex -9.28581 0.225599 6
      vertex -11.75 0 6
      vertex -9.3 0 6
    endloop
  endfacet
  facet normal -0 0 1
    outer loop
      vertex -11.7756 0.407332 6
      vertex -9.28581 0.225599 6
      vertex -9.24345 0.447641 6
    endloop
  endfacet
  facet normal 0 0 1
    outer loop
      vertex -11.8521 0.808242 6
      vertex -9.24345 0.447641 6
      vertex -9.1736 0.662623 6
    endloop
  endfacet
  facet normal -0 0 1
    outer loop
      vertex -11.8521 0.808242 6
      vertex -9.1736 0.662623 6
      vertex -9.07735 0.867156 6
    endloop
  endfacet
  facet normal 0 0 1
    outer loop
      vertex -11.9782 1.1964 6
      vertex -9.07735 0.867156 6
      vertex -8.95623 1.05801 6
    endloop
  endfacet
  facet normal 0 0 1
    outer loop
      vertex -12.152 1.5657 6
      vertex -8.95623 1.05801 6
      vertex -8.81214 1.23218 6
    endloop
  endfacet
  facet normal -0 -0 1
    outer loop
      vertex -12.3707 1.9103 6
      vertex -8.46449 1.51979 6
      vertex -12.6309 2.22478 6
    endloop
  endfacet
  facet normal 0 0 1
    outer loop
      vertex -9.28581 0.225599 6
      vertex -11.7756 0.407332 6
      vertex -11.75 0 6
    endloop
  endfacet
  facet normal 0 0 1
    outer loop
      vertex -9.24345 0.447641 6
      vertex -11.8521 0.808242 6
      vertex -11.7756 0.407332 6
    endloop
  endfacet
  facet normal 0 0 1
    outer loop
      vertex -9.07735 0.867156 6
      vertex -11.9782 1.1964 6
      vertex -11.8521 0.808242 6
    endloop
  endfacet
  facet normal 0 0 1
    outer loop
      vertex -8.95623 1.05801 6
      vertex -12.152 1.5657 6
      vertex -11.9782 1.1964 6
    endloop
  endfacet
  facet normal 0 0 1
    outer loop
      vertex -8.81214 1.23218 6
      vertex -12.3707 1.9103 6
      vertex -12.152 1.5657 6
    endloop
  endfacet
  facet normal 0 0 1
    outer loop
      vertex -8.64736 1.38692 6
      vertex -12.3707 1.9103 6
      vertex -8.81214 1.23218 6
    endloop
  endfacet
  facet normal 0 0 1
    outer loop
      vertex -8.46449 1.51979 6
      vertex -12.3707 1.9103 6
      vertex -8.64736 1.38692 6
    endloop
  endfacet
  facet normal -0 -0 1
    outer loop
      vertex -12.6309 2.22478 6
      vertex -8.2664 1.62869 6
      vertex -12.9284 2.50417 6
    endloop
  endfacet
  facet normal 0 0 1
    outer loop
      vertex -3.0689 6.99013 6
      vertex -13.6162 2.94069 6
      vertex -13.2586 2.74407 6
    endloop
  endfacet
  facet normal -0 0 1
    outer loop
      vertex -17.314 6.99013 6
      vertex -13.6162 2.94069 6
      vertex -3.0689 6.99013 6
    endloop
  endfacet
  facet normal 0 0 1
    outer loop
      vertex -13.6162 2.94069 6
      vertex -17.314 6.99013 6
      vertex -13.9957 3.09093 6
    endloop
  endfacet
  facet normal 0 0 1
    outer loop
      vertex -13.9957 3.09093 6
      vertex -17.314 6.99013 6
      vertex -14.391 3.19243 6
    endloop
  endfacet
  facet normal 0 0 1
    outer loop
      vertex -14.391 3.19243 6
      vertex -17.314 6.99013 6
      vertex -14.7959 3.24359 6
    endloop
  endfacet
  facet normal 0 0 1
    outer loop
      vertex -14.7959 3.24359 6
      vertex -17.314 6.99013 6
      vertex -15.2041 3.24359 6
    endloop
  endfacet
  facet normal 0 0 1
    outer loop
      vertex -15.2041 3.24359 6
      vertex -17.314 6.99013 6
      vertex -15.609 3.19243 6
    endloop
  endfacet
  facet normal 0 0 1
    outer loop
      vertex -15.609 3.19243 6
      vertex -17.314 6.99013 6
      vertex -16.0043 3.09093 6
    endloop
  endfacet
  facet normal 0 0 1
    outer loop
      vertex -17.314 6.99013 6
      vertex -16.3838 2.94069 6
      vertex -16.0043 3.09093 6
    endloop
  endfacet
  facet normal -0 0 1
    outer loop
      vertex -17.9369 6.91144 6
      vertex -16.3838 2.94069 6
      vertex -17.314 6.99013 6
    endloop
  endfacet
  facet normal 0 0 1
    outer loop
      vertex -16.3838 2.94069 6
      vertex -17.9369 6.91144 6
      vertex -16.7414 2.74407 6
    endloop
  endfacet
  facet normal -0 0 1
    outer loop
      vertex -18.5451 6.75528 6
      vertex -16.7414 2.74407 6
      vertex -17.9369 6.91144 6
    endloop
  endfacet
  facet normal -0 0 1
    outer loop
      vertex -19.1289 6.52413 6
      vertex -16.7414 2.74407 6
      vertex -18.5451 6.75528 6
    endloop
  endfacet
  facet normal 0 0 1
    outer loop
      vertex -16.7414 2.74407 6
      vertex -19.1289 6.52413 6
      vertex -17.0716 2.50417 6
    endloop
  endfacet
  facet normal -0 0 1
    outer loop
      vertex -19.6791 6.22164 6
      vertex -17.0716 2.50417 6
      vertex -19.1289 6.52413 6
    endloop
  endfacet
  facet normal -0 0 1
    outer loop
      vertex -20.1871 5.85257 6
      vertex -17.0716 2.50417 6
      vertex -19.6791 6.22164 6
    endloop
  endfacet
  facet normal 0 0 1
    outer loop
      vertex -17.0716 2.50417 6
      vertex -20.1871 5.85257 6
      vertex -17.3691 2.22478 6
    endloop
  endfacet
  facet normal -0 0 1
    outer loop
      vertex -20.6448 5.42274 6
      vertex -17.3691 2.22478 6
      vertex -20.1871 5.85257 6
    endloop
  endfacet
  facet normal -0 0 1
    outer loop
      vertex -21.0451 4.93893 6
      vertex -17.3691 2.22478 6
      vertex -20.6448 5.42274 6
    endloop
  endfacet
  facet normal 0 0 1
    outer loop
      vertex -17.3691 2.22478 6
      vertex -21.0451 4.93893 6
      vertex -17.6293 1.9103 6
    endloop
  endfacet
  facet normal 0.998029 -0.0627481 0
    outer loop
      vertex 21.9606 -2.62667 6
      vertex 22 -2 0
      vertex 22 -2 6
    endloop
  endfacet
  facet normal 0.998029 -0.0627481 0
    outer loop
      vertex 22 -2 0
      vertex 21.9606 -2.62667 6
      vertex 21.9606 -2.62667 0
    endloop
  endfacet
  facet normal 0 1 -0
    outer loop
      vertex -3.0689 6.99013 0
      vertex -17.314 6.99013 6
      vertex -3.0689 6.99013 6
    endloop
  endfacet
  facet normal 0 1 0
    outer loop
      vertex -17.314 6.99013 6
      vertex -3.0689 6.99013 0
      vertex -17.314 6.99013 0
    endloop
  endfacet
  facet normal 0 1 -0
    outer loop
      vertex 17.314 6.99013 0
      vertex 2.3846 6.99013 6
      vertex 17.314 6.99013 6
    endloop
  endfacet
  facet normal 0 1 0
    outer loop
      vertex 2.3846 6.99013 6
      vertex 17.314 6.99013 0
      vertex 2.3846 6.99013 0
    endloop
  endfacet
  facet normal 0.125332 0.992115 -0
    outer loop
      vertex 17.9369 6.91144 0
      vertex 17.314 6.99013 6
      vertex 17.9369 6.91144 6
    endloop
  endfacet
  facet normal 0.125332 0.992115 0
    outer loop
      vertex 17.314 6.99013 6
      vertex 17.9369 6.91144 0
      vertex 17.314 6.99013 0
    endloop
  endfacet
  facet normal 0 -1 0
    outer loop
      vertex -17.314 -6.99013 0
      vertex 17.314 -6.99013 6
      vertex -17.314 -6.99013 6
    endloop
  endfacet
  facet normal 0 -1 -0
    outer loop
      vertex 17.314 -6.99013 6
      vertex -17.314 -6.99013 0
      vertex 17.314 -6.99013 0
    endloop
  endfacet
  facet normal -0.125332 0.992115 0
    outer loop
      vertex -17.314 6.99013 0
      vertex -17.9369 6.91144 6
      vertex -17.314 6.99013 6
    endloop
  endfacet
  facet normal -0.125332 0.992115 0
    outer loop
      vertex -17.9369 6.91144 6
      vertex -17.314 6.99013 0
      vertex -17.9369 6.91144 0
    endloop
  endfacet
  facet normal -0.125332 -0.992115 0
    outer loop
      vertex -17.9369 -6.91144 0
      vertex -17.314 -6.99013 6
      vertex -17.9369 -6.91144 6
    endloop
  endfacet
  facet normal -0.125332 -0.992115 -0
    outer loop
      vertex -17.314 -6.99013 6
      vertex -17.9369 -6.91144 0
      vertex -17.314 -6.99013 0
    endloop
  endfacet
  facet normal 0.770468 -0.637478 0
    outer loop
      vertex 20.6448 -5.42274 6
      vertex 21.0451 -4.93893 0
      vertex 21.0451 -4.93893 6
    endloop
  endfacet
  facet normal 0.770468 -0.637478 0
    outer loop
      vertex 21.0451 -4.93893 0
      vertex 20.6448 -5.42274 6
      vertex 20.6448 -5.42274 0
    endloop
  endfacet
  facet normal 1 -0 0
    outer loop
      vertex 22 -2 6
      vertex 22 2 0
      vertex 22 2 6
    endloop
  endfacet
  facet normal 1 0 0
    outer loop
      vertex 22 2 0
      vertex 22 -2 6
      vertex 22 -2 0
    endloop
  endfacet
  facet normal -0.481772 0.876297 0
    outer loop
      vertex -19.1289 6.52413 0
      vertex -19.6791 6.22164 6
      vertex -19.1289 6.52413 6
    endloop
  endfacet
  facet normal -0.481772 0.876297 0
    outer loop
      vertex -19.6791 6.22164 6
      vertex -19.1289 6.52413 0
      vertex -19.6791 6.22164 0
    endloop
  endfacet
  facet normal -0.770468 0.637478 0
    outer loop
      vertex -21.0451 4.93893 0
      vertex -20.6448 5.42274 6
      vertex -20.6448 5.42274 0
    endloop
  endfacet
  facet normal -0.770468 0.637478 0
    outer loop
      vertex -20.6448 5.42274 6
      vertex -21.0451 4.93893 0
      vertex -21.0451 4.93893 6
    endloop
  endfacet
  facet normal 0.998029 0.0627481 0
    outer loop
      vertex 22 2 6
      vertex 21.9606 2.62667 0
      vertex 21.9606 2.62667 6
    endloop
  endfacet
  facet normal 0.998029 0.0627481 0
    outer loop
      vertex 21.9606 2.62667 0
      vertex 22 2 6
      vertex 22 2 0
    endloop
  endfacet
  facet normal 0.587771 0.809027 -0
    outer loop
      vertex 20.1871 5.85257 0
      vertex 19.6791 6.22164 6
      vertex 20.1871 5.85257 6
    endloop
  endfacet
  facet normal 0.587771 0.809027 0
    outer loop
      vertex 19.6791 6.22164 6
      vertex 20.1871 5.85257 0
      vertex 19.6791 6.22164 0
    endloop
  endfacet
  facet normal -0.248691 -0.968583 0
    outer loop
      vertex -18.5451 -6.75528 0
      vertex -17.9369 -6.91144 6
      vertex -18.5451 -6.75528 6
    endloop
  endfacet
  facet normal -0.248691 -0.968583 -0
    outer loop
      vertex -17.9369 -6.91144 6
      vertex -18.5451 -6.75528 0
      vertex -17.9369 -6.91144 0
    endloop
  endfacet
  facet normal 0.904797 -0.425843 0
    outer loop
      vertex 21.3815 -4.40877 6
      vertex 21.6489 -3.84062 0
      vertex 21.6489 -3.84062 6
    endloop
  endfacet
  facet normal 0.904797 -0.425843 0
    outer loop
      vertex 21.6489 -3.84062 0
      vertex 21.3815 -4.40877 6
      vertex 21.3815 -4.40877 0
    endloop
  endfacet
  facet normal -0.951072 0.30897 0
    outer loop
      vertex -21.8429 3.24345 0
      vertex -21.6489 3.84062 6
      vertex -21.6489 3.84062 0
    endloop
  endfacet
  facet normal -0.951072 0.30897 0
    outer loop
      vertex -21.6489 3.84062 6
      vertex -21.8429 3.24345 0
      vertex -21.8429 3.24345 6
    endloop
  endfacet
  facet normal -0.844364 0.53577 0
    outer loop
      vertex -21.3815 4.40877 0
      vertex -21.0451 4.93893 6
      vertex -21.0451 4.93893 0
    endloop
  endfacet
  facet normal -0.844364 0.53577 0
    outer loop
      vertex -21.0451 4.93893 6
      vertex -21.3815 4.40877 0
      vertex -21.3815 4.40877 6
    endloop
  endfacet
  facet normal -0.368135 0.929773 0
    outer loop
      vertex -18.5451 6.75528 0
      vertex -19.1289 6.52413 6
      vertex -18.5451 6.75528 6
    endloop
  endfacet
  facet normal -0.368135 0.929773 0
    outer loop
      vertex -19.1289 6.52413 6
      vertex -18.5451 6.75528 0
      vertex -19.1289 6.52413 0
    endloop
  endfacet
  facet normal -0.248691 0.968583 0
    outer loop
      vertex -17.9369 6.91144 0
      vertex -18.5451 6.75528 6
      vertex -17.9369 6.91144 6
    endloop
  endfacet
  facet normal -0.248691 0.968583 0
    outer loop
      vertex -18.5451 6.75528 6
      vertex -17.9369 6.91144 0
      vertex -18.5451 6.75528 0
    endloop
  endfacet
  facet normal 0.248691 0.968583 -0
    outer loop
      vertex 18.5451 6.75528 0
      vertex 17.9369 6.91144 6
      vertex 18.5451 6.75528 6
    endloop
  endfacet
  facet normal 0.248691 0.968583 0
    outer loop
      vertex 17.9369 6.91144 6
      vertex 18.5451 6.75528 0
      vertex 17.9369 6.91144 0
    endloop
  endfacet
  facet normal 0.982275 0.187447 0
    outer loop
      vertex 21.9606 2.62667 6
      vertex 21.8429 3.24345 0
      vertex 21.8429 3.24345 6
    endloop
  endfacet
  facet normal 0.982275 0.187447 0
    outer loop
      vertex 21.8429 3.24345 0
      vertex 21.9606 2.62667 6
      vertex 21.9606 2.62667 0
    endloop
  endfacet
  facet normal 0.904797 0.425843 0
    outer loop
      vertex 21.6489 3.84062 6
      vertex 21.3815 4.40877 0
      vertex 21.3815 4.40877 6
    endloop
  endfacet
  facet normal 0.904797 0.425843 0
    outer loop
      vertex 21.3815 4.40877 0
      vertex 21.6489 3.84062 6
      vertex 21.6489 3.84062 0
    endloop
  endfacet
  facet normal 0.770468 0.637478 0
    outer loop
      vertex 21.0451 4.93893 6
      vertex 20.6448 5.42274 0
      vertex 20.6448 5.42274 6
    endloop
  endfacet
  facet normal 0.770468 0.637478 0
    outer loop
      vertex 20.6448 5.42274 0
      vertex 21.0451 4.93893 6
      vertex 21.0451 4.93893 0
    endloop
  endfacet
  facet normal 0.844364 0.53577 0
    outer loop
      vertex 21.3815 4.40877 6
      vertex 21.0451 4.93893 0
      vertex 21.0451 4.93893 6
    endloop
  endfacet
  facet normal 0.844364 0.53577 0
    outer loop
      vertex 21.0451 4.93893 0
      vertex 21.3815 4.40877 6
      vertex 21.3815 4.40877 0
    endloop
  endfacet
  facet normal 0.684565 0.728952 -0
    outer loop
      vertex 20.6448 5.42274 0
      vertex 20.1871 5.85257 6
      vertex 20.6448 5.42274 6
    endloop
  endfacet
  facet normal 0.684565 0.728952 0
    outer loop
      vertex 20.1871 5.85257 6
      vertex 20.6448 5.42274 0
      vertex 20.1871 5.85257 0
    endloop
  endfacet
  facet normal 0 0 -1
    outer loop
      vertex 18.0218 -1.1964 0
      vertex 22 -2 0
      vertex 21.9606 -2.62667 0
    endloop
  endfacet
  facet normal 0 0 -1
    outer loop
      vertex 22 -2 0
      vertex 18.25 0 0
      vertex 22 2 0
    endloop
  endfacet
  facet normal 0 0 -1
    outer loop
      vertex 17.848 -1.5657 0
      vertex 21.9606 -2.62667 0
      vertex 21.8429 -3.24345 0
    endloop
  endfacet
  facet normal 0 0 -1
    outer loop
      vertex 18.2244 0.407332 0
      vertex 22 2 0
      vertex 18.25 0 0
    endloop
  endfacet
  facet normal 0 0 -1
    outer loop
      vertex 17.848 -1.5657 0
      vertex 21.8429 -3.24345 0
      vertex 21.6489 -3.84062 0
    endloop
  endfacet
  facet normal 0 0 -1
    outer loop
      vertex 18.1479 0.808242 0
      vertex 22 2 0
      vertex 18.2244 0.407332 0
    endloop
  endfacet
  facet normal 0 0 -1
    outer loop
      vertex 17.6293 -1.9103 0
      vertex 21.6489 -3.84062 0
      vertex 21.3815 -4.40877 0
    endloop
  endfacet
  facet normal 0 0 -1
    outer loop
      vertex 18.0218 1.1964 0
      vertex 22 2 0
      vertex 18.1479 0.808242 0
    endloop
  endfacet
  facet normal 0 0 -1
    outer loop
      vertex 17.6293 -1.9103 0
      vertex 21.3815 -4.40877 0
      vertex 21.0451 -4.93893 0
    endloop
  endfacet
  facet normal -0 0 -1
    outer loop
      vertex 22 2 0
      vertex 18.0218 1.1964 0
      vertex 21.9606 2.62667 0
    endloop
  endfacet
  facet normal 0 0 -1
    outer loop
      vertex 17.3691 -2.22478 0
      vertex 21.0451 -4.93893 0
      vertex 20.6448 -5.42274 0
    endloop
  endfacet
  facet normal 0 0 -1
    outer loop
      vertex 17.848 1.5657 0
      vertex 21.9606 2.62667 0
      vertex 18.0218 1.1964 0
    endloop
  endfacet
  facet normal 0 0 -1
    outer loop
      vertex 17.3691 -2.22478 0
      vertex 20.6448 -5.42274 0
      vertex 20.1871 -5.85257 0
    endloop
  endfacet
  facet normal -0 0 -1
    outer loop
      vertex 21.9606 2.62667 0
      vertex 17.848 1.5657 0
      vertex 21.8429 3.24345 0
    endloop
  endfacet
  facet normal 0 0 -1
    outer loop
      vertex 17.0716 -2.50417 0
      vertex 20.1871 -5.85257 0
      vertex 19.6791 -6.22164 0
    endloop
  endfacet
  facet normal -0 0 -1
    outer loop
      vertex 21.8429 3.24345 0
      vertex 17.848 1.5657 0
      vertex 21.6489 3.84062 0
    endloop
  endfacet
  facet normal 0 0 -1
    outer loop
      vertex 17.0716 -2.50417 0
      vertex 19.6791 -6.22164 0
      vertex 19.1289 -6.52413 0
    endloop
  endfacet
  facet normal 0 0 -1
    outer loop
      vertex 17.6293 1.9103 0
      vertex 21.6489 3.84062 0
      vertex 17.848 1.5657 0
    endloop
  endfacet
  facet normal 0 0 -1
    outer loop
      vertex 16.7414 -2.74407 0
      vertex 19.1289 -6.52413 0
      vertex 18.5451 -6.75528 0
    endloop
  endfacet
  facet normal -0 0 -1
    outer loop
      vertex 21.6489 3.84062 0
      vertex 17.6293 1.9103 0
      vertex 21.3815 4.40877 0
    endloop
  endfacet
  facet normal -0 0 -1
    outer loop
      vertex 21.3815 4.40877 0
      vertex 17.6293 1.9103 0
      vertex 21.0451 4.93893 0
    endloop
  endfacet
  facet normal 0 0 -1
    outer loop
      vertex 22 -2 0
      vertex 18.2244 -0.407332 0
      vertex 18.25 0 0
    endloop
  endfacet
  facet normal 0 0 -1
    outer loop
      vertex 22 -2 0
      vertex 18.1479 -0.808242 0
      vertex 18.2244 -0.407332 0
    endloop
  endfacet
  facet normal 0 0 -1
    outer loop
      vertex 22 -2 0
      vertex 18.0218 -1.1964 0
      vertex 18.1479 -0.808242 0
    endloop
  endfacet
  facet normal 0 0 -1
    outer loop
      vertex 16.7414 -2.74407 0
      vertex 18.5451 -6.75528 0
      vertex 17.9369 -6.91144 0
    endloop
  endfacet
  facet normal 0 0 -1
    outer loop
      vertex 21.9606 -2.62667 0
      vertex 17.848 -1.5657 0
      vertex 18.0218 -1.1964 0
    endloop
  endfacet
  facet normal 0 0 -1
    outer loop
      vertex 21.6489 -3.84062 0
      vertex 17.6293 -1.9103 0
      vertex 17.848 -1.5657 0
    endloop
  endfacet
  facet normal 0 0 -1
    outer loop
      vertex 21.0451 -4.93893 0
      vertex 17.3691 -2.22478 0
      vertex 17.6293 -1.9103 0
    endloop
  endfacet
  facet normal 0 0 -1
    outer loop
      vertex 16.3838 -2.94069 0
      vertex 17.9369 -6.91144 0
      vertex 17.314 -6.99013 0
    endloop
  endfacet
  facet normal 0 0 -1
    outer loop
      vertex 20.1871 -5.85257 0
      vertex 17.0716 -2.50417 0
      vertex 17.3691 -2.22478 0
    endloop
  endfacet
  facet normal 0 0 -1
    outer loop
      vertex 19.1289 -6.52413 0
      vertex 16.7414 -2.74407 0
      vertex 17.0716 -2.50417 0
    endloop
  endfacet
  facet normal 0 0 -1
    outer loop
      vertex 17.9369 -6.91144 0
      vertex 16.3838 -2.94069 0
      vertex 16.7414 -2.74407 0
    endloop
  endfacet
  facet normal 0 0 -1
    outer loop
      vertex 17.314 -6.99013 0
      vertex 16.0043 -3.09093 0
      vertex 16.3838 -2.94069 0
    endloop
  endfacet
  facet normal 0 0 -1
    outer loop
      vertex 17.314 -6.99013 0
      vertex 15.609 -3.19243 0
      vertex 16.0043 -3.09093 0
    endloop
  endfacet
  facet normal 0 0 -1
    outer loop
      vertex 17.314 -6.99013 0
      vertex 15.2041 -3.24359 0
      vertex 15.609 -3.19243 0
    endloop
  endfacet
  facet normal 0 0 -1
    outer loop
      vertex 17.314 -6.99013 0
      vertex 14.7959 -3.24359 0
      vertex 15.2041 -3.24359 0
    endloop
  endfacet
  facet normal 0 0 -1
    outer loop
      vertex 17.314 -6.99013 0
      vertex 14.391 -3.19243 0
      vertex 14.7959 -3.24359 0
    endloop
  endfacet
  facet normal 0 0 -1
    outer loop
      vertex 17.314 -6.99013 0
      vertex 13.9957 -3.09093 0
      vertex 14.391 -3.19243 0
    endloop
  endfacet
  facet normal 0 0 -1
    outer loop
      vertex 17.314 -6.99013 0
      vertex 13.6162 -2.94069 0
      vertex 13.9957 -3.09093 0
    endloop
  endfacet
  facet normal 0 0 -1
    outer loop
      vertex 17.314 -6.99013 0
      vertex 13.2586 -2.74407 0
      vertex 13.6162 -2.94069 0
    endloop
  endfacet
  facet normal 0 0 -1
    outer loop
      vertex 7.83729 -1.76812 0
      vertex 13.2586 -2.74407 0
      vertex 17.314 -6.99013 0
    endloop
  endfacet
  facet normal 0 -0 -1
    outer loop
      vertex 8.05623 -1.7119 0
      vertex 13.2586 -2.74407 0
      vertex 7.83729 -1.76812 0
    endloop
  endfacet
  facet normal 0 0 -1
    outer loop
      vertex 9.28581 -0.225599 0
      vertex 11.75 0 0
      vertex 11.7756 -0.407332 0
    endloop
  endfacet
  facet normal 0 0 -1
    outer loop
      vertex 9.24345 -0.447641 0
      vertex 11.7756 -0.407332 0
      vertex 11.8521 -0.808242 0
    endloop
  endfacet
  facet normal 0 0 -1
    outer loop
      vertex 9.07735 -0.867156 0
      vertex 11.8521 -0.808242 0
      vertex 11.9782 -1.1964 0
    endloop
  endfacet
  facet normal 0 0 -1
    outer loop
      vertex 8.95623 -1.05801 0
      vertex 11.9782 -1.1964 0
      vertex 12.152 -1.5657 0
    endloop
  endfacet
  facet normal 0 0 -1
    outer loop
      vertex 8.81214 -1.23218 0
      vertex 12.152 -1.5657 0
      vertex 12.3707 -1.9103 0
    endloop
  endfacet
  facet normal 0 0 -1
    outer loop
      vertex 8.46449 -1.51979 0
      vertex 12.3707 -1.9103 0
      vertex 12.6309 -2.22478 0
    endloop
  endfacet
  facet normal 0 0 -1
    outer loop
      vertex 13.2586 -2.74407 0
      vertex 8.05623 -1.7119 0
      vertex 12.9284 -2.50417 0
    endloop
  endfacet
  facet normal -0 0 -1
    outer loop
      vertex 11.75 0 0
      vertex 9.28581 -0.225599 0
      vertex 9.3 0 0
    endloop
  endfacet
  facet normal -0 0 -1
    outer loop
      vertex 11.7756 -0.407332 0
      vertex 9.24345 -0.447641 0
      vertex 9.28581 -0.225599 0
    endloop
  endfacet
  facet normal 0 0 -1
    outer loop
      vertex 11.8521 -0.808242 0
      vertex 9.1736 -0.662623 0
      vertex 9.24345 -0.447641 0
    endloop
  endfacet
  facet normal -0 0 -1
    outer loop
      vertex 11.8521 -0.808242 0
      vertex 9.07735 -0.867156 0
      vertex 9.1736 -0.662623 0
    endloop
  endfacet
  facet normal 0 0 -1
    outer loop
      vertex 11.9782 -1.1964 0
      vertex 8.95623 -1.05801 0
      vertex 9.07735 -0.867156 0
    endloop
  endfacet
  facet normal 0 0 -1
    outer loop
      vertex 12.152 -1.5657 0
      vertex 8.81214 -1.23218 0
      vertex 8.95623 -1.05801 0
    endloop
  endfacet
  facet normal 0 0 -1
    outer loop
      vertex 12.3707 -1.9103 0
      vertex 8.64736 -1.38692 0
      vertex 8.81214 -1.23218 0
    endloop
  endfacet
  facet normal 0 0 -1
    outer loop
      vertex 12.3707 -1.9103 0
      vertex 8.46449 -1.51979 0
      vertex 8.64736 -1.38692 0
    endloop
  endfacet
  facet normal 0 0 -1
    outer loop
      vertex 12.6309 -2.22478 0
      vertex 8.2664 -1.62869 0
      vertex 8.46449 -1.51979 0
    endloop
  endfacet
  facet normal 0 0 -1
    outer loop
      vertex 12.9284 -2.50417 0
      vertex 8.2664 -1.62869 0
      vertex 12.6309 -2.22478 0
    endloop
  endfacet
  facet normal 0 -0 -1
    outer loop
      vertex 8.2664 -1.62869 0
      vertex 12.9284 -2.50417 0
      vertex 8.05623 -1.7119 0
    endloop
  endfacet
  facet normal 0 0 -1
    outer loop
      vertex 17.314 -6.99013 0
      vertex 7.61302 -1.79645 0
      vertex 7.83729 -1.76812 0
    endloop
  endfacet
  facet normal 0 0 -1
    outer loop
      vertex 17.314 -6.99013 0
      vertex 7.38698 -1.79645 0
      vertex 7.61302 -1.79645 0
    endloop
  endfacet
  facet normal 0 0 -1
    outer loop
      vertex 1.38378 -2.94069 0
      vertex 7.38698 -1.79645 0
      vertex 17.314 -6.99013 0
    endloop
  endfacet
  facet normal -0 0 -1
    outer loop
      vertex 7.38698 -1.79645 0
      vertex 1.38378 -2.94069 0
      vertex 7.16271 -1.76812 0
    endloop
  endfacet
  facet normal 0 -0 -1
    outer loop
      vertex 1.74144 -2.74407 0
      vertex 7.16271 -1.76812 0
      vertex 1.38378 -2.94069 0
    endloop
  endfacet
  facet normal 0 0 -1
    outer loop
      vertex 5.71419 -0.225599 0
      vertex 3.25 0 0
      vertex 5.7 0 0
    endloop
  endfacet
  facet normal 0 0 -1
    outer loop
      vertex 3.22437 -0.407332 0
      vertex 5.71419 -0.225599 0
      vertex 5.75655 -0.447641 0
    endloop
  endfacet
  facet normal 0 0 -1
    outer loop
      vertex 3.14789 -0.808242 0
      vertex 5.75655 -0.447641 0
      vertex 5.8264 -0.662623 0
    endloop
  endfacet
  facet normal 0 0 -1
    outer loop
      vertex 3.14789 -0.808242 0
      vertex 5.8264 -0.662623 0
      vertex 5.92265 -0.867156 0
    endloop
  endfacet
  facet normal 0 0 -1
    outer loop
      vertex 3.02177 -1.1964 0
      vertex 5.92265 -0.867156 0
      vertex 6.04377 -1.05801 0
    endloop
  endfacet
  facet normal 0 0 -1
    outer loop
      vertex 2.848 -1.5657 0
      vertex 6.04377 -1.05801 0
      vertex 6.18786 -1.23218 0
    endloop
  endfacet
  facet normal 0 0 -1
    outer loop
      vertex 2.6293 -1.9103 0
      vertex 6.18786 -1.23218 0
      vertex 6.35264 -1.38692 0
    endloop
  endfacet
  facet normal 0 0 -1
    outer loop
      vertex 2.6293 -1.9103 0
      vertex 6.35264 -1.38692 0
      vertex 6.53551 -1.51979 0
    endloop
  endfacet
  facet normal 0 0 -1
    outer loop
      vertex 2.36915 -2.22478 0
      vertex 6.53551 -1.51979 0
      vertex 6.7336 -1.62869 0
    endloop
  endfacet
  facet normal -0 0 -1
    outer loop
      vertex 7.16271 -1.76812 0
      vertex 1.74144 -2.74407 0
      vertex 6.94377 -1.7119 0
    endloop
  endfacet
  facet normal -0 0 -1
    outer loop
      vertex 5.71419 -0.225599 0
      vertex 3.22437 -0.407332 0
      vertex 3.25 0 0
    endloop
  endfacet
  facet normal -0 0 -1
    outer loop
      vertex 5.75655 -0.447641 0
      vertex 3.14789 -0.808242 0
      vertex 3.22437 -0.407332 0
    endloop
  endfacet
  facet normal -0 0 -1
    outer loop
      vertex 5.92265 -0.867156 0
      vertex 3.02177 -1.1964 0
      vertex 3.14789 -0.808242 0
    endloop
  endfacet
  facet normal 0 0 -1
    outer loop
      vertex 6.04377 -1.05801 0
      vertex 2.848 -1.5657 0
      vertex 3.02177 -1.1964 0
    endloop
  endfacet
  facet normal 0 0 -1
    outer loop
      vertex 6.18786 -1.23218 0
      vertex 2.6293 -1.9103 0
      vertex 2.848 -1.5657 0
    endloop
  endfacet
  facet normal 0 0 -1
    outer loop
      vertex 6.53551 -1.51979 0
      vertex 2.36915 -2.22478 0
      vertex 2.6293 -1.9103 0
    endloop
  endfacet
  facet normal 0 0 -1
    outer loop
      vertex 6.7336 -1.62869 0
      vertex 2.07163 -2.50417 0
      vertex 2.36915 -2.22478 0
    endloop
  endfacet
  facet normal -0 0 -1
    outer loop
      vertex 6.94377 -1.7119 0
      vertex 2.07163 -2.50417 0
      vertex 6.7336 -1.62869 0
    endloop
  endfacet
  facet normal 0 -0 -1
    outer loop
      vertex 2.07163 -2.50417 0
      vertex 6.94377 -1.7119 0
      vertex 1.74144 -2.74407 0
    endloop
  endfacet
  facet normal 0 0 -1
    outer loop
      vertex 17.314 -6.99013 0
      vertex 1.0043 -3.09093 0
      vertex 1.38378 -2.94069 0
    endloop
  endfacet
  facet normal 0 0 -1
    outer loop
      vertex 17.314 -6.99013 0
      vertex 0.608989 -3.19243 0
      vertex 1.0043 -3.09093 0
    endloop
  endfacet
  facet normal 0 0 -1
    outer loop
      vertex 17.314 -6.99013 0
      vertex 0.204069 -3.24359 0
      vertex 0.608989 -3.19243 0
    endloop
  endfacet
  facet normal 0 0 -1
    outer loop
      vertex 17.314 -6.99013 0
      vertex -0.204069 -3.24359 0
      vertex 0.204069 -3.24359 0
    endloop
  endfacet
  facet normal 0 0 -1
    outer loop
      vertex -17.314 -6.99013 0
      vertex -0.204069 -3.24359 0
      vertex 17.314 -6.99013 0
    endloop
  endfacet
  facet normal 0 0 -1
    outer loop
      vertex -5.71419 -0.225599 0
      vertex -3.25 0 0
      vertex -3.22437 -0.407332 0
    endloop
  endfacet
  facet normal 0 0 -1
    outer loop
      vertex -5.75655 -0.447641 0
      vertex -3.22437 -0.407332 0
      vertex -3.14789 -0.808242 0
    endloop
  endfacet
  facet normal 0 0 -1
    outer loop
      vertex -5.92265 -0.867156 0
      vertex -3.14789 -0.808242 0
      vertex -3.02177 -1.1964 0
    endloop
  endfacet
  facet normal 0 0 -1
    outer loop
      vertex -6.04377 -1.05801 0
      vertex -3.02177 -1.1964 0
      vertex -2.848 -1.5657 0
    endloop
  endfacet
  facet normal 0 0 -1
    outer loop
      vertex -6.18786 -1.23218 0
      vertex -2.848 -1.5657 0
      vertex -2.6293 -1.9103 0
    endloop
  endfacet
  facet normal 0 0 -1
    outer loop
      vertex -6.53551 -1.51979 0
      vertex -2.6293 -1.9103 0
      vertex -2.36915 -2.22478 0
    endloop
  endfacet
  facet normal 0 0 -1
    outer loop
      vertex -6.7336 -1.62869 0
      vertex -2.36915 -2.22478 0
      vertex -2.07163 -2.50417 0
    endloop
  endfacet
  facet normal 0 0 -1
    outer loop
      vertex -6.94377 -1.7119 0
      vertex -2.07163 -2.50417 0
      vertex -1.74144 -2.74407 0
    endloop
  endfacet
  facet normal -0 0 -1
    outer loop
      vertex -3.25 0 0
      vertex -5.71419 -0.225599 0
      vertex -5.7 0 0
    endloop
  endfacet
  facet normal -0 0 -1
    outer loop
      vertex -3.22437 -0.407332 0
      vertex -5.75655 -0.447641 0
      vertex -5.71419 -0.225599 0
    endloop
  endfacet
  facet normal 0 0 -1
    outer loop
      vertex -3.14789 -0.808242 0
      vertex -5.8264 -0.662623 0
      vertex -5.75655 -0.447641 0
    endloop
  endfacet
  facet normal 0 0 -1
    outer loop
      vertex -7.16271 -1.76812 0
      vertex -1.74144 -2.74407 0
      vertex -1.38378 -2.94069 0
    endloop
  endfacet
  facet normal -0 0 -1
    outer loop
      vertex -3.14789 -0.808242 0
      vertex -5.92265 -0.867156 0
      vertex -5.8264 -0.662623 0
    endloop
  endfacet
  facet normal 0 0 -1
    outer loop
      vertex -3.02177 -1.1964 0
      vertex -6.04377 -1.05801 0
      vertex -5.92265 -0.867156 0
    endloop
  endfacet
  facet normal 0 0 -1
    outer loop
      vertex -2.848 -1.5657 0
      vertex -6.18786 -1.23218 0
      vertex -6.04377 -1.05801 0
    endloop
  endfacet
  facet normal 0 0 -1
    outer loop
      vertex -17.314 -6.99013 0
      vertex -1.38378 -2.94069 0
      vertex -1.0043 -3.09093 0
    endloop
  endfacet
  facet normal 0 0 -1
    outer loop
      vertex -2.6293 -1.9103 0
      vertex -6.35264 -1.38692 0
      vertex -6.18786 -1.23218 0
    endloop
  endfacet
  facet normal 0 0 -1
    outer loop
      vertex -2.6293 -1.9103 0
      vertex -6.53551 -1.51979 0
      vertex -6.35264 -1.38692 0
    endloop
  endfacet
  facet normal 0 0 -1
    outer loop
      vertex -2.36915 -2.22478 0
      vertex -6.7336 -1.62869 0
      vertex -6.53551 -1.51979 0
    endloop
  endfacet
  facet normal 0 0 -1
    outer loop
      vertex -17.314 -6.99013 0
      vertex -1.0043 -3.09093 0
      vertex -0.608989 -3.19243 0
    endloop
  endfacet
  facet normal 0 0 -1
    outer loop
      vertex -2.07163 -2.50417 0
      vertex -6.94377 -1.7119 0
      vertex -6.7336 -1.62869 0
    endloop
  endfacet
  facet normal 0 0 -1
    outer loop
      vertex -1.74144 -2.74407 0
      vertex -7.16271 -1.76812 0
      vertex -6.94377 -1.7119 0
    endloop
  endfacet
  facet normal 0 0 -1
    outer loop
      vertex -1.38378 -2.94069 0
      vertex -7.38698 -1.79645 0
      vertex -7.16271 -1.76812 0
    endloop
  endfacet
  facet normal -0 0 -1
    outer loop
      vertex -0.204069 -3.24359 0
      vertex -17.314 -6.99013 0
      vertex -0.608989 -3.19243 0
    endloop
  endfacet
  facet normal -0 0 -1
    outer loop
      vertex -1.38378 -2.94069 0
      vertex -17.314 -6.99013 0
      vertex -7.38698 -1.79645 0
    endloop
  endfacet
  facet normal -0 0 -1
    outer loop
      vertex -7.38698 -1.79645 0
      vertex -17.314 -6.99013 0
      vertex -7.61302 -1.79645 0
    endloop
  endfacet
  facet normal 0 0 -1
    outer loop
      vertex -9.28581 -0.225599 0
      vertex -11.75 0 0
      vertex -9.3 0 0
    endloop
  endfacet
  facet normal 0 0 -1
    outer loop
      vertex -11.7756 -0.407332 0
      vertex -9.28581 -0.225599 0
      vertex -9.24345 -0.447641 0
    endloop
  endfacet
  facet normal 0 0 -1
    outer loop
      vertex -11.8521 -0.808242 0
      vertex -9.24345 -0.447641 0
      vertex -9.1736 -0.662623 0
    endloop
  endfacet
  facet normal 0 0 -1
    outer loop
      vertex -11.8521 -0.808242 0
      vertex -9.1736 -0.662623 0
      vertex -9.07735 -0.867156 0
    endloop
  endfacet
  facet normal 0 0 -1
    outer loop
      vertex -11.9782 -1.1964 0
      vertex -9.07735 -0.867156 0
      vertex -8.95623 -1.05801 0
    endloop
  endfacet
  facet normal 0 0 -1
    outer loop
      vertex -12.152 -1.5657 0
      vertex -8.95623 -1.05801 0
      vertex -8.81214 -1.23218 0
    endloop
  endfacet
  facet normal 0 0 -1
    outer loop
      vertex -12.3707 -1.9103 0
      vertex -8.81214 -1.23218 0
      vertex -8.64736 -1.38692 0
    endloop
  endfacet
  facet normal 0 0 -1
    outer loop
      vertex -12.3707 -1.9103 0
      vertex -8.64736 -1.38692 0
      vertex -8.46449 -1.51979 0
    endloop
  endfacet
  facet normal 0 0 -1
    outer loop
      vertex -12.6309 -2.22478 0
      vertex -8.46449 -1.51979 0
      vertex -8.2664 -1.62869 0
    endloop
  endfacet
  facet normal -0 0 -1
    outer loop
      vertex -9.28581 -0.225599 0
      vertex -11.7756 -0.407332 0
      vertex -11.75 0 0
    endloop
  endfacet
  facet normal 0 0 -1
    outer loop
      vertex -12.9284 -2.50417 0
      vertex -8.2664 -1.62869 0
      vertex -8.05623 -1.7119 0
    endloop
  endfacet
  facet normal -0 0 -1
    outer loop
      vertex -9.24345 -0.447641 0
      vertex -11.8521 -0.808242 0
      vertex -11.7756 -0.407332 0
    endloop
  endfacet
  facet normal 0 0 -1
    outer loop
      vertex -13.2586 -2.74407 0
      vertex -8.05623 -1.7119 0
      vertex -7.83729 -1.76812 0
    endloop
  endfacet
  facet normal -0 0 -1
    outer loop
      vertex -9.07735 -0.867156 0
      vertex -11.9782 -1.1964 0
      vertex -11.8521 -0.808242 0
    endloop
  endfacet
  facet normal -0 0 -1
    outer loop
      vertex -7.61302 -1.79645 0
      vertex -17.314 -6.99013 0
      vertex -7.83729 -1.76812 0
    endloop
  endfacet
  facet normal 0 0 -1
    outer loop
      vertex -8.95623 -1.05801 0
      vertex -12.152 -1.5657 0
      vertex -11.9782 -1.1964 0
    endloop
  endfacet
  facet normal 0 0 -1
    outer loop
      vertex -8.81214 -1.23218 0
      vertex -12.3707 -1.9103 0
      vertex -12.152 -1.5657 0
    endloop
  endfacet
  facet normal 0 0 -1
    outer loop
      vertex -8.46449 -1.51979 0
      vertex -12.6309 -2.22478 0
      vertex -12.3707 -1.9103 0
    endloop
  endfacet
  facet normal 0 0 -1
    outer loop
      vertex -8.2664 -1.62869 0
      vertex -12.9284 -2.50417 0
      vertex -12.6309 -2.22478 0
    endloop
  endfacet
  facet normal 0 -0 -1
    outer loop
      vertex -13.2586 -2.74407 0
      vertex -7.83729 -1.76812 0
      vertex -17.314 -6.99013 0
    endloop
  endfacet
  facet normal 0 0 -1
    outer loop
      vertex -8.05623 -1.7119 0
      vertex -13.2586 -2.74407 0
      vertex -12.9284 -2.50417 0
    endloop
  endfacet
  facet normal 0 0 -1
    outer loop
      vertex -13.2586 -2.74407 0
      vertex -17.314 -6.99013 0
      vertex -13.6162 -2.94069 0
    endloop
  endfacet
  facet normal 0 0 -1
    outer loop
      vertex -13.6162 -2.94069 0
      vertex -17.314 -6.99013 0
      vertex -13.9957 -3.09093 0
    endloop
  endfacet
  facet normal 0 0 -1
    outer loop
      vertex -13.9957 -3.09093 0
      vertex -17.314 -6.99013 0
      vertex -14.391 -3.19243 0
    endloop
  endfacet
  facet normal 0 0 -1
    outer loop
      vertex -14.391 -3.19243 0
      vertex -17.314 -6.99013 0
      vertex -14.7959 -3.24359 0
    endloop
  endfacet
  facet normal -0 0 -1
    outer loop
      vertex -14.7959 -3.24359 0
      vertex -17.314 -6.99013 0
      vertex -15.2041 -3.24359 0
    endloop
  endfacet
  facet normal 0 0 -1
    outer loop
      vertex -17.314 -6.99013 0
      vertex -15.609 -3.19243 0
      vertex -15.2041 -3.24359 0
    endloop
  endfacet
  facet normal 0 0 -1
    outer loop
      vertex -17.314 -6.99013 0
      vertex -16.0043 -3.09093 0
      vertex -15.609 -3.19243 0
    endloop
  endfacet
  facet normal 0 0 -1
    outer loop
      vertex -17.314 -6.99013 0
      vertex -16.3838 -2.94069 0
      vertex -16.0043 -3.09093 0
    endloop
  endfacet
  facet normal 0 0 -1
    outer loop
      vertex -17.9369 -6.91144 0
      vertex -16.3838 -2.94069 0
      vertex -17.314 -6.99013 0
    endloop
  endfacet
  facet normal -0 0 -1
    outer loop
      vertex -16.3838 -2.94069 0
      vertex -17.9369 -6.91144 0
      vertex -16.7414 -2.74407 0
    endloop
  endfacet
  facet normal 0 0 -1
    outer loop
      vertex -18.5451 -6.75528 0
      vertex -16.7414 -2.74407 0
      vertex -17.9369 -6.91144 0
    endloop
  endfacet
  facet normal 0 0 -1
    outer loop
      vertex -19.1289 -6.52413 0
      vertex -16.7414 -2.74407 0
      vertex -18.5451 -6.75528 0
    endloop
  endfacet
  facet normal -0 0 -1
    outer loop
      vertex -16.7414 -2.74407 0
      vertex -19.1289 -6.52413 0
      vertex -17.0716 -2.50417 0
    endloop
  endfacet
  facet normal 0 0 -1
    outer loop
      vertex -19.6791 -6.22164 0
      vertex -17.0716 -2.50417 0
      vertex -19.1289 -6.52413 0
    endloop
  endfacet
  facet normal 0 0 -1
    outer loop
      vertex -20.1871 -5.85257 0
      vertex -17.0716 -2.50417 0
      vertex -19.6791 -6.22164 0
    endloop
  endfacet
  facet normal -0 0 -1
    outer loop
      vertex -17.0716 -2.50417 0
      vertex -20.1871 -5.85257 0
      vertex -17.3691 -2.22478 0
    endloop
  endfacet
  facet normal 0 0 -1
    outer loop
      vertex -20.6448 -5.42274 0
      vertex -17.3691 -2.22478 0
      vertex -20.1871 -5.85257 0
    endloop
  endfacet
  facet normal 0 0 -1
    outer loop
      vertex -21.0451 -4.93893 0
      vertex -17.3691 -2.22478 0
      vertex -20.6448 -5.42274 0
    endloop
  endfacet
  facet normal -0 0 -1
    outer loop
      vertex -17.3691 -2.22478 0
      vertex -21.0451 -4.93893 0
      vertex -17.6293 -1.9103 0
    endloop
  endfacet
  facet normal 0 0 -1
    outer loop
      vertex 17.3691 2.22478 0
      vertex 21.0451 4.93893 0
      vertex 17.6293 1.9103 0
    endloop
  endfacet
  facet normal -0 0 -1
    outer loop
      vertex 21.0451 4.93893 0
      vertex 17.3691 2.22478 0
      vertex 20.6448 5.42274 0
    endloop
  endfacet
  facet normal -0 0 -1
    outer loop
      vertex 20.6448 5.42274 0
      vertex 17.3691 2.22478 0
      vertex 20.1871 5.85257 0
    endloop
  endfacet
  facet normal 0 0 -1
    outer loop
      vertex 17.0716 2.50417 0
      vertex 20.1871 5.85257 0
      vertex 17.3691 2.22478 0
    endloop
  endfacet
  facet normal -0 0 -1
    outer loop
      vertex 20.1871 5.85257 0
      vertex 17.0716 2.50417 0
      vertex 19.6791 6.22164 0
    endloop
  endfacet
  facet normal -0 0 -1
    outer loop
      vertex 19.6791 6.22164 0
      vertex 17.0716 2.50417 0
      vertex 19.1289 6.52413 0
    endloop
  endfacet
  facet normal 0 0 -1
    outer loop
      vertex 16.7414 2.74407 0
      vertex 19.1289 6.52413 0
      vertex 17.0716 2.50417 0
    endloop
  endfacet
  facet normal -0 0 -1
    outer loop
      vertex 19.1289 6.52413 0
      vertex 16.7414 2.74407 0
      vertex 18.5451 6.75528 0
    endloop
  endfacet
  facet normal -0 0 -1
    outer loop
      vertex 18.5451 6.75528 0
      vertex 16.7414 2.74407 0
      vertex 17.9369 6.91144 0
    endloop
  endfacet
  facet normal 0 0 -1
    outer loop
      vertex 16.3838 2.94069 0
      vertex 17.9369 6.91144 0
      vertex 16.7414 2.74407 0
    endloop
  endfacet
  facet normal -0 0 -1
    outer loop
      vertex 17.9369 6.91144 0
      vertex 16.3838 2.94069 0
      vertex 17.314 6.99013 0
    endloop
  endfacet
  facet normal 0 0 -1
    outer loop
      vertex 16.0043 3.09093 0
      vertex 17.314 6.99013 0
      vertex 16.3838 2.94069 0
    endloop
  endfacet
  facet normal 0 0 -1
    outer loop
      vertex 15.609 3.19243 0
      vertex 17.314 6.99013 0
      vertex 16.0043 3.09093 0
    endloop
  endfacet
  facet normal 0 0 -1
    outer loop
      vertex 15.2041 3.24359 0
      vertex 17.314 6.99013 0
      vertex 15.609 3.19243 0
    endloop
  endfacet
  facet normal 0 0 -1
    outer loop
      vertex 14.7959 3.24359 0
      vertex 17.314 6.99013 0
      vertex 15.2041 3.24359 0
    endloop
  endfacet
  facet normal 0 0 -1
    outer loop
      vertex 14.391 3.19243 0
      vertex 17.314 6.99013 0
      vertex 14.7959 3.24359 0
    endloop
  endfacet
  facet normal 0 0 -1
    outer loop
      vertex 13.9957 3.09093 0
      vertex 17.314 6.99013 0
      vertex 14.391 3.19243 0
    endloop
  endfacet
  facet normal 0 0 -1
    outer loop
      vertex 13.6162 2.94069 0
      vertex 17.314 6.99013 0
      vertex 13.9957 3.09093 0
    endloop
  endfacet
  facet normal 0 0 -1
    outer loop
      vertex 2.3846 6.99013 0
      vertex 13.6162 2.94069 0
      vertex 13.2586 2.74407 0
    endloop
  endfacet
  facet normal 0 0 -1
    outer loop
      vertex 8.05623 1.7119 0
      vertex 13.2586 2.74407 0
      vertex 12.9284 2.50417 0
    endloop
  endfacet
  facet normal 0 0 -1
    outer loop
      vertex 8.2664 1.62869 0
      vertex 12.9284 2.50417 0
      vertex 12.6309 2.22478 0
    endloop
  endfacet
  facet normal 0 0 -1
    outer loop
      vertex 9.28581 0.225599 0
      vertex 11.75 0 0
      vertex 9.3 0 0
    endloop
  endfacet
  facet normal 0 0 -1
    outer loop
      vertex 11.75 0 0
      vertex 9.28581 0.225599 0
      vertex 11.7756 0.407332 0
    endloop
  endfacet
  facet normal 0 0 -1
    outer loop
      vertex 9.24345 0.447641 0
      vertex 11.7756 0.407332 0
      vertex 9.28581 0.225599 0
    endloop
  endfacet
  facet normal 0 0 -1
    outer loop
      vertex 11.7756 0.407332 0
      vertex 9.24345 0.447641 0
      vertex 11.8521 0.808242 0
    endloop
  endfacet
  facet normal 0 0 -1
    outer loop
      vertex 9.1736 0.662623 0
      vertex 11.8521 0.808242 0
      vertex 9.24345 0.447641 0
    endloop
  endfacet
  facet normal 0 0 -1
    outer loop
      vertex 9.07735 0.867156 0
      vertex 11.8521 0.808242 0
      vertex 9.1736 0.662623 0
    endloop
  endfacet
  facet normal 0 0 -1
    outer loop
      vertex 11.8521 0.808242 0
      vertex 9.07735 0.867156 0
      vertex 11.9782 1.1964 0
    endloop
  endfacet
  facet normal 0 0 -1
    outer loop
      vertex 8.95623 1.05801 0
      vertex 11.9782 1.1964 0
      vertex 9.07735 0.867156 0
    endloop
  endfacet
  facet normal -0 0 -1
    outer loop
      vertex 11.9782 1.1964 0
      vertex 8.95623 1.05801 0
      vertex 12.152 1.5657 0
    endloop
  endfacet
  facet normal 0 0 -1
    outer loop
      vertex 8.81214 1.23218 0
      vertex 12.152 1.5657 0
      vertex 8.95623 1.05801 0
    endloop
  endfacet
  facet normal -0 0 -1
    outer loop
      vertex 12.152 1.5657 0
      vertex 8.81214 1.23218 0
      vertex 12.3707 1.9103 0
    endloop
  endfacet
  facet normal 0 0 -1
    outer loop
      vertex 8.64736 1.38692 0
      vertex 12.3707 1.9103 0
      vertex 8.81214 1.23218 0
    endloop
  endfacet
  facet normal 0 0 -1
    outer loop
      vertex 8.46449 1.51979 0
      vertex 12.3707 1.9103 0
      vertex 8.64736 1.38692 0
    endloop
  endfacet
  facet normal -0 0 -1
    outer loop
      vertex 12.3707 1.9103 0
      vertex 8.46449 1.51979 0
      vertex 12.6309 2.22478 0
    endloop
  endfacet
  facet normal 0 0 -1
    outer loop
      vertex 8.2664 1.62869 0
      vertex 12.6309 2.22478 0
      vertex 8.46449 1.51979 0
    endloop
  endfacet
  facet normal 0 0 -1
    outer loop
      vertex 12.9284 2.50417 0
      vertex 8.2664 1.62869 0
      vertex 8.05623 1.7119 0
    endloop
  endfacet
  facet normal 0 0 -1
    outer loop
      vertex 13.2586 2.74407 0
      vertex 8.05623 1.7119 0
      vertex 7.83729 1.76812 0
    endloop
  endfacet
  facet normal -0 0 -1
    outer loop
      vertex 13.2586 2.74407 0
      vertex 7.83729 1.76812 0
      vertex 2.3846 6.99013 0
    endloop
  endfacet
  facet normal 0 0 -1
    outer loop
      vertex 2.3846 6.99013 0
      vertex 7.83729 1.76812 0
      vertex 7.61302 1.79645 0
    endloop
  endfacet
  facet normal 0 0 -1
    outer loop
      vertex 2.3846 6.99013 0
      vertex 7.61302 1.79645 0
      vertex 7.38698 1.79645 0
    endloop
  endfacet
  facet normal 0 0 -1
    outer loop
      vertex 2.3846 6.99013 0
      vertex 7.38698 1.79645 0
      vertex 7.16271 1.76812 0
    endloop
  endfacet
  facet normal 0 0 -1
    outer loop
      vertex 2.3846 6.99013 0
      vertex 7.16271 1.76812 0
      vertex 6.94377 1.7119 0
    endloop
  endfacet
  facet normal 0 0 -1
    outer loop
      vertex 2.3846 6.99013 0
      vertex 6.94377 1.7119 0
      vertex 6.7336 1.62869 0
    endloop
  endfacet
  facet normal 0 0 -1
    outer loop
      vertex 3.25 0 0
      vertex 5.71419 0.225599 0
      vertex 5.7 0 0
    endloop
  endfacet
  facet normal 0 0 -1
    outer loop
      vertex 3.22437 0.407332 0
      vertex 5.71419 0.225599 0
      vertex 3.25 0 0
    endloop
  endfacet
  facet normal 0 0 -1
    outer loop
      vertex 5.71419 0.225599 0
      vertex 3.22437 0.407332 0
      vertex 5.75655 0.447641 0
    endloop
  endfacet
  facet normal 0 0 -1
    outer loop
      vertex 3.14789 0.808242 0
      vertex 5.75655 0.447641 0
      vertex 3.22437 0.407332 0
    endloop
  endfacet
  facet normal 0 0 -1
    outer loop
      vertex 5.75655 0.447641 0
      vertex 3.14789 0.808242 0
      vertex 5.8264 0.662623 0
    endloop
  endfacet
  facet normal 0 0 -1
    outer loop
      vertex 5.8264 0.662623 0
      vertex 3.14789 0.808242 0
      vertex 5.92265 0.867156 0
    endloop
  endfacet
  facet normal 0 0 -1
    outer loop
      vertex 3.02177 1.1964 0
      vertex 5.92265 0.867156 0
      vertex 3.14789 0.808242 0
    endloop
  endfacet
  facet normal 0 0 -1
    outer loop
      vertex 5.92265 0.867156 0
      vertex 3.02177 1.1964 0
      vertex 6.04377 1.05801 0
    endloop
  endfacet
  facet normal 0 0 -1
    outer loop
      vertex 2.848 1.5657 0
      vertex 6.04377 1.05801 0
      vertex 3.02177 1.1964 0
    endloop
  endfacet
  facet normal 0 0 -1
    outer loop
      vertex 6.04377 1.05801 0
      vertex 2.848 1.5657 0
      vertex 6.18786 1.23218 0
    endloop
  endfacet
  facet normal 0 0 -1
    outer loop
      vertex 2.6293 1.9103 0
      vertex 6.18786 1.23218 0
      vertex 2.848 1.5657 0
    endloop
  endfacet
  facet normal 0 0 -1
    outer loop
      vertex 6.18786 1.23218 0
      vertex 2.6293 1.9103 0
      vertex 6.35264 1.38692 0
    endloop
  endfacet
  facet normal 0 0 -1
    outer loop
      vertex 6.35264 1.38692 0
      vertex 2.6293 1.9103 0
      vertex 6.53551 1.51979 0
    endloop
  endfacet
  facet normal 0 0 -1
    outer loop
      vertex 2.36915 2.22478 0
      vertex 6.53551 1.51979 0
      vertex 2.6293 1.9103 0
    endloop
  endfacet
  facet normal 0 -0 -1
    outer loop
      vertex 2.3846 6.99013 0
      vertex 6.53551 1.51979 0
      vertex 2.36915 2.22478 0
    endloop
  endfacet
  facet normal 0 0 -1
    outer loop
      vertex 13.6162 2.94069 0
      vertex 2.3846 6.99013 0
      vertex 17.314 6.99013 0
    endloop
  endfacet
  facet normal 0 0 -1
    outer loop
      vertex 6.53551 1.51979 0
      vertex 2.3846 6.99013 0
      vertex 6.7336 1.62869 0
    endloop
  endfacet
  facet normal -0 0 -1
    outer loop
      vertex 6.38316 18.0644 0
      vertex 2.67549 17.7462 0
      vertex 2.69101 18.0828 0
    endloop
  endfacet
  facet normal 0 0 -1
    outer loop
      vertex 1.46278 15.7489 0
      vertex 2.80896 14.4654 0
      vertex 2.63086 14.2149 0
    endloop
  endfacet
  facet normal 0 0 -1
    outer loop
      vertex 2.96156 14.7329 0
      vertex 2.62895 17.4281 0
      vertex 2.67549 17.7462 0
    endloop
  endfacet
  facet normal 0 0 -1
    outer loop
      vertex 2.96156 14.7329 0
      vertex 2.55138 17.1288 0
      vertex 2.62895 17.4281 0
    endloop
  endfacet
  facet normal 0 0 -1
    outer loop
      vertex 2.96156 14.7329 0
      vertex 2.44278 16.8481 0
      vertex 2.55138 17.1288 0
    endloop
  endfacet
  facet normal 0 0 -1
    outer loop
      vertex 1.20354 15.6104 0
      vertex 2.63086 14.2149 0
      vertex 2.42723 13.9816 0
    endloop
  endfacet
  facet normal 0 0 -1
    outer loop
      vertex 2.96156 14.7329 0
      vertex 2.30315 16.5861 0
      vertex 2.44278 16.8481 0
    endloop
  endfacet
  facet normal 0 0 -1
    outer loop
      vertex 1.20354 15.6104 0
      vertex 2.42723 13.9816 0
      vertex 2.19809 13.7653 0
    endloop
  endfacet
  facet normal 0 0 -1
    outer loop
      vertex 2.96156 14.7329 0
      vertex 2.13249 16.3427 0
      vertex 2.30315 16.5861 0
    endloop
  endfacet
  facet normal 0 0 -1
    outer loop
      vertex 0.92746 15.5028 0
      vertex 2.19809 13.7653 0
      vertex 1.94344 13.5661 0
    endloop
  endfacet
  facet normal 0 0 -1
    outer loop
      vertex 2.96156 14.7329 0
      vertex 1.93082 16.118 0
      vertex 2.13249 16.3427 0
    endloop
  endfacet
  facet normal 0 0 -1
    outer loop
      vertex 2.96156 14.7329 0
      vertex 1.7052 15.9181 0
      vertex 1.93082 16.118 0
    endloop
  endfacet
  facet normal 0 0 -1
    outer loop
      vertex 0.92746 15.5028 0
      vertex 1.94344 13.5661 0
      vertex 1.66327 13.384 0
    endloop
  endfacet
  facet normal 0 0 -1
    outer loop
      vertex 2.96156 14.7329 0
      vertex 1.46278 15.7489 0
      vertex 1.7052 15.9181 0
    endloop
  endfacet
  facet normal 0 0 -1
    outer loop
      vertex 0.634567 15.4258 0
      vertex 1.66327 13.384 0
      vertex 1.35759 13.219 0
    endloop
  endfacet
  facet normal 0 0 -1
    outer loop
      vertex 2.63086 14.2149 0
      vertex 1.20354 15.6104 0
      vertex 1.46278 15.7489 0
    endloop
  endfacet
  facet normal 0 0 -1
    outer loop
      vertex 0.634567 15.4258 0
      vertex 1.35759 13.219 0
      vertex 1.0356 13.0737 0
    endloop
  endfacet
  facet normal 0 0 -1
    outer loop
      vertex 2.19809 13.7653 0
      vertex 0.92746 15.5028 0
      vertex 1.20354 15.6104 0
    endloop
  endfacet
  facet normal 0 0 -1
    outer loop
      vertex 0.32486 15.3797 0
      vertex 1.0356 13.0737 0
      vertex 0.706512 12.9508 0
    endloop
  endfacet
  facet normal 0 0 -1
    outer loop
      vertex 1.66327 13.384 0
      vertex 0.634567 15.4258 0
      vertex 0.92746 15.5028 0
    endloop
  endfacet
  facet normal 0 0 -1
    outer loop
      vertex -0.00166321 15.3643 0
      vertex 0.706512 12.9508 0
      vertex 0.370331 12.8503 0
    endloop
  endfacet
  facet normal 0 0 -1
    outer loop
      vertex 1.0356 13.0737 0
      vertex 0.32486 15.3797 0
      vertex 0.634567 15.4258 0
    endloop
  endfacet
  facet normal 0 0 -1
    outer loop
      vertex -0.00166321 15.3643 0
      vertex 0.370331 12.8503 0
      vertex 0.0270538 12.772 0
    endloop
  endfacet
  facet normal 0 0 -1
    outer loop
      vertex 0.706512 12.9508 0
      vertex -0.00166321 15.3643 0
      vertex 0.32486 15.3797 0
    endloop
  endfacet
  facet normal 0 0 -1
    outer loop
      vertex -0.33049 15.3821 0
      vertex 0.0270538 12.772 0
      vertex -0.323303 12.7161 0
    endloop
  endfacet
  facet normal 0 0 -1
    outer loop
      vertex 0.0270538 12.772 0
      vertex -0.33049 15.3821 0
      vertex -0.00166321 15.3643 0
    endloop
  endfacet
  facet normal 0 0 -1
    outer loop
      vertex -0.680771 12.6826 0
      vertex -0.33049 15.3821 0
      vertex -0.323303 12.7161 0
    endloop
  endfacet
  facet normal -0 0 -1
    outer loop
      vertex -0.33049 15.3821 0
      vertex -0.680771 12.6826 0
      vertex -0.639587 15.4353 0
    endloop
  endfacet
  facet normal 0 0 -1
    outer loop
      vertex -1.04533 12.6714 0
      vertex -0.639587 15.4353 0
      vertex -0.680771 12.6826 0
    endloop
  endfacet
  facet normal -0 0 -1
    outer loop
      vertex -0.639587 15.4353 0
      vertex -1.04533 12.6714 0
      vertex -0.928986 15.524 0
    endloop
  endfacet
  facet normal 0 0 -1
    outer loop
      vertex -1.70009 12.7038 0
      vertex -0.928986 15.524 0
      vertex -1.04533 12.6714 0
    endloop
  endfacet
  facet normal -0 0 -1
    outer loop
      vertex -0.928986 15.524 0
      vertex -1.70009 12.7038 0
      vertex -1.19864 15.6483 0
    endloop
  endfacet
  facet normal 0 0 -1
    outer loop
      vertex -2.31697 12.8008 0
      vertex -1.19864 15.6483 0
      vertex -1.70009 12.7038 0
    endloop
  endfacet
  facet normal -0 0 -1
    outer loop
      vertex -1.19864 15.6483 0
      vertex -2.31697 12.8008 0
      vertex -1.44859 15.808 0
    endloop
  endfacet
  facet normal 0 0 -1
    outer loop
      vertex -2.89598 12.9625 0
      vertex -1.44859 15.808 0
      vertex -2.31697 12.8008 0
    endloop
  endfacet
  facet normal 0 0 -1
    outer loop
      vertex -3.43713 13.1889 0
      vertex -1.44859 15.808 0
      vertex -2.89598 12.9625 0
    endloop
  endfacet
  facet normal -0 0 -1
    outer loop
      vertex -1.44859 15.808 0
      vertex -3.43713 13.1889 0
      vertex -1.6788 16.0032 0
    endloop
  endfacet
  facet normal 0 0 -1
    outer loop
      vertex -3.9404 13.48 0
      vertex -1.6788 16.0032 0
      vertex -3.43713 13.1889 0
    endloop
  endfacet
  facet normal -0 0 -1
    outer loop
      vertex -1.6788 16.0032 0
      vertex -3.9404 13.48 0
      vertex -1.88931 16.2339 0
    endloop
  endfacet
  facet normal 0 0 -1
    outer loop
      vertex -4.40582 13.8358 0
      vertex -1.88931 16.2339 0
      vertex -3.9404 13.48 0
    endloop
  endfacet
  facet normal 0 0 -1
    outer loop
      vertex -4.83336 14.2562 0
      vertex -1.88931 16.2339 0
      vertex -4.40582 13.8358 0
    endloop
  endfacet
  facet normal -0 0 -1
    outer loop
      vertex -1.88931 16.2339 0
      vertex -4.83336 14.2562 0
      vertex -2.07562 16.4931 0
    endloop
  endfacet
  facet normal -0 0 -1
    outer loop
      vertex -2.07562 16.4931 0
      vertex -5.21278 14.7314 0
      vertex -2.23326 16.7735 0
    endloop
  endfacet
  facet normal 0 0 -1
    outer loop
      vertex -5.21278 14.7314 0
      vertex -2.07562 16.4931 0
      vertex -4.83336 14.2562 0
    endloop
  endfacet
  facet normal -0 0 -1
    outer loop
      vertex 6.48216 14.5031 0
      vertex 2.93753 13.991 0
      vertex 2.96156 14.7329 0
    endloop
  endfacet
  facet normal 0 0 -1
    outer loop
      vertex 3.64854 7.71596 0
      vertex 2.88011 13.3041 0
      vertex 2.93753 13.991 0
    endloop
  endfacet
  facet normal 0 0 -1
    outer loop
      vertex 3.64854 7.71596 0
      vertex 2.78928 12.6721 0
      vertex 2.88011 13.3041 0
    endloop
  endfacet
  facet normal 0 0 -1
    outer loop
      vertex 3.64854 7.71596 0
      vertex 2.66504 12.095 0
      vertex 2.78928 12.6721 0
    endloop
  endfacet
  facet normal 0 0 -1
    outer loop
      vertex 3.64854 7.71596 0
      vertex 2.5074 11.5729 0
      vertex 2.66504 12.095 0
    endloop
  endfacet
  facet normal 0 0 -1
    outer loop
      vertex 1.25378 9.78683 0
      vertex 2.99261 7.27817 0
      vertex 2.3846 6.99013 0
    endloop
  endfacet
  facet normal 0 0 -1
    outer loop
      vertex 3.64854 7.71596 0
      vertex 2.31638 11.1057 0
      vertex 2.5074 11.5729 0
    endloop
  endfacet
  facet normal 0 0 -1
    outer loop
      vertex 2.07163 2.50417 0
      vertex 2.3846 6.99013 0
      vertex 2.36915 2.22478 0
    endloop
  endfacet
  facet normal 0 0 -1
    outer loop
      vertex 3.64854 7.71596 0
      vertex 2.09193 10.6935 0
      vertex 2.31638 11.1057 0
    endloop
  endfacet
  facet normal 0 0 -1
    outer loop
      vertex 1.74144 2.74407 0
      vertex 2.3846 6.99013 0
      vertex 2.07163 2.50417 0
    endloop
  endfacet
  facet normal 0 0 -1
    outer loop
      vertex 3.64854 7.71596 0
      vertex 1.83804 10.3363 0
      vertex 2.09193 10.6935 0
    endloop
  endfacet
  facet normal 0 0 -1
    outer loop
      vertex 1.38378 2.94069 0
      vertex 2.3846 6.99013 0
      vertex 1.74144 2.74407 0
    endloop
  endfacet
  facet normal 0 0 -1
    outer loop
      vertex 3.64854 7.71596 0
      vertex 1.55867 10.0341 0
      vertex 1.83804 10.3363 0
    endloop
  endfacet
  facet normal 0 0 -1
    outer loop
      vertex 1.0043 3.09093 0
      vertex 2.3846 6.99013 0
      vertex 1.38378 2.94069 0
    endloop
  endfacet
  facet normal 0 0 -1
    outer loop
      vertex 2.99261 7.27817 0
      vertex 1.25378 9.78683 0
      vertex 1.55867 10.0341 0
    endloop
  endfacet
  facet normal 0 0 -1
    outer loop
      vertex 0.608989 3.19243 0
      vertex 2.3846 6.99013 0
      vertex 1.0043 3.09093 0
    endloop
  endfacet
  facet normal 0 0 -1
    outer loop
      vertex 2.3846 6.99013 0
      vertex 0.923401 9.5945 0
      vertex 1.25378 9.78683 0
    endloop
  endfacet
  facet normal 0 0 -1
    outer loop
      vertex 0.204069 3.24359 0
      vertex 2.3846 6.99013 0
      vertex 0.608989 3.19243 0
    endloop
  endfacet
  facet normal 0 0 -1
    outer loop
      vertex 2.3846 6.99013 0
      vertex 0.56752 9.45711 0
      vertex 0.923401 9.5945 0
    endloop
  endfacet
  facet normal 0 0 -1
    outer loop
      vertex -0.204069 3.24359 0
      vertex 2.3846 6.99013 0
      vertex 0.204069 3.24359 0
    endloop
  endfacet
  facet normal 0 0 -1
    outer loop
      vertex 2.3846 6.99013 0
      vertex 0.186127 9.37468 0
      vertex 0.56752 9.45711 0
    endloop
  endfacet
  facet normal 0 0 -1
    outer loop
      vertex -3.0689 6.99013 0
      vertex 2.3846 6.99013 0
      vertex -0.204069 3.24359 0
    endloop
  endfacet
  facet normal 0 0 -1
    outer loop
      vertex 2.3846 6.99013 0
      vertex -0.220734 9.34721 0
      vertex 0.186127 9.37468 0
    endloop
  endfacet
  facet normal 0 0 -1
    outer loop
      vertex -3.0689 6.99013 0
      vertex -0.204069 3.24359 0
      vertex -0.608989 3.19243 0
    endloop
  endfacet
  facet normal 0 0 -1
    outer loop
      vertex 2.3846 6.99013 0
      vertex -3.0689 6.99013 0
      vertex -0.220734 9.34721 0
    endloop
  endfacet
  facet normal 0 0 -1
    outer loop
      vertex -3.0689 6.99013 0
      vertex -0.608989 3.19243 0
      vertex -1.0043 3.09093 0
    endloop
  endfacet
  facet normal -0 0 -1
    outer loop
      vertex -0.220734 9.34721 0
      vertex -3.0689 6.99013 0
      vertex -0.712982 9.38586 0
    endloop
  endfacet
  facet normal 0 0 -1
    outer loop
      vertex -3.0689 6.99013 0
      vertex -1.0043 3.09093 0
      vertex -1.38378 2.94069 0
    endloop
  endfacet
  facet normal -0 0 -1
    outer loop
      vertex -0.712982 9.38586 0
      vertex -3.0689 6.99013 0
      vertex -1.15161 9.50183 0
    endloop
  endfacet
  facet normal 0 0 -1
    outer loop
      vertex -3.0689 6.99013 0
      vertex -1.38378 2.94069 0
      vertex -1.74144 2.74407 0
    endloop
  endfacet
  facet normal -0 0 -1
    outer loop
      vertex -1.15161 9.50183 0
      vertex -3.0689 6.99013 0
      vertex -1.53658 9.6951 0
    endloop
  endfacet
  facet normal 0 0 -1
    outer loop
      vertex -3.0689 6.99013 0
      vertex -1.74144 2.74407 0
      vertex -2.07163 2.50417 0
    endloop
  endfacet
  facet normal 0 0 -1
    outer loop
      vertex -3.15382 7.02246 0
      vertex -1.53658 9.6951 0
      vertex -3.0689 6.99013 0
    endloop
  endfacet
  facet normal 0 0 -1
    outer loop
      vertex -3.0689 6.99013 0
      vertex -2.07163 2.50417 0
      vertex -2.36915 2.22478 0
    endloop
  endfacet
  facet normal 0 0 -1
    outer loop
      vertex -3.6057 7.25241 0
      vertex -1.53658 9.6951 0
      vertex -3.15382 7.02246 0
    endloop
  endfacet
  facet normal -0 0 -1
    outer loop
      vertex -1.53658 9.6951 0
      vertex -3.6057 7.25241 0
      vertex -1.86792 9.9657 0
    endloop
  endfacet
  facet normal 0 0 -1
    outer loop
      vertex -6.53551 1.51979 0
      vertex -2.36915 2.22478 0
      vertex -2.6293 1.9103 0
    endloop
  endfacet
  facet normal 0 0 -1
    outer loop
      vertex -6.18786 1.23218 0
      vertex -2.6293 1.9103 0
      vertex -2.848 1.5657 0
    endloop
  endfacet
  facet normal 0 0 -1
    outer loop
      vertex -6.04377 1.05801 0
      vertex -2.848 1.5657 0
      vertex -3.02177 1.1964 0
    endloop
  endfacet
  facet normal 0 0 -1
    outer loop
      vertex -4.01521 7.52415 0
      vertex -1.86792 9.9657 0
      vertex -3.6057 7.25241 0
    endloop
  endfacet
  facet normal 0 0 -1
    outer loop
      vertex -4.38741 7.84114 0
      vertex -1.86792 9.9657 0
      vertex -4.01521 7.52415 0
    endloop
  endfacet
  facet normal -0 0 -1
    outer loop
      vertex -1.86792 9.9657 0
      vertex -4.38741 7.84114 0
      vertex -2.1456 10.3136 0
    endloop
  endfacet
  facet normal 0 0 -1
    outer loop
      vertex -4.72726 8.20676 0
      vertex -2.1456 10.3136 0
      vertex -4.38741 7.84114 0
    endloop
  endfacet
  facet normal 0 0 -1
    outer loop
      vertex -5.03477 8.62103 0
      vertex -2.1456 10.3136 0
      vertex -4.72726 8.20676 0
    endloop
  endfacet
  facet normal 0 0 -1
    outer loop
      vertex -5.30995 9.08395 0
      vertex -2.1456 10.3136 0
      vertex -5.03477 8.62103 0
    endloop
  endfacet
  facet normal -0 0 -1
    outer loop
      vertex -2.1456 10.3136 0
      vertex -5.30995 9.08395 0
      vertex -2.36966 10.7388 0
    endloop
  endfacet
  facet normal 0 0 -1
    outer loop
      vertex -5.55278 9.59552 0
      vertex -2.36966 10.7388 0
      vertex -5.30995 9.08395 0
    endloop
  endfacet
  facet normal -0 0 -1
    outer loop
      vertex -2.36966 10.7388 0
      vertex -5.55278 9.59552 0
      vertex -2.54005 11.2413 0
    endloop
  endfacet
  facet normal 0 0 -1
    outer loop
      vertex -5.76328 10.1557 0
      vertex -2.54005 11.2413 0
      vertex -5.55278 9.59552 0
    endloop
  endfacet
  facet normal 0 0 -1
    outer loop
      vertex -2.54005 11.2413 0
      vertex -5.76328 10.1557 0
      vertex -5.94144 10.7646 0
    endloop
  endfacet
  facet normal 0 0 -1
    outer loop
      vertex 2.96156 14.7329 0
      vertex 6.51779 15.7379 0
      vertex 6.48216 14.5031 0
    endloop
  endfacet
  facet normal -0 0 -1
    outer loop
      vertex 6.51779 15.7379 0
      vertex 2.96156 14.7329 0
      vertex 6.48413 16.9471 0
    endloop
  endfacet
  facet normal 0 0 -1
    outer loop
      vertex 2.93753 13.991 0
      vertex 6.48216 14.5031 0
      vertex 6.37527 13.3535 0
    endloop
  endfacet
  facet normal 0 0 -1
    outer loop
      vertex 2.67549 17.7462 0
      vertex 6.48413 16.9471 0
      vertex 2.96156 14.7329 0
    endloop
  endfacet
  facet normal 0 0 -1
    outer loop
      vertex 2.93753 13.991 0
      vertex 6.37527 13.3535 0
      vertex 6.19711 12.2891 0
    endloop
  endfacet
  facet normal 0 0 -1
    outer loop
      vertex 2.67549 17.7462 0
      vertex 6.38316 18.0644 0
      vertex 6.48413 16.9471 0
    endloop
  endfacet
  facet normal 0 0 -1
    outer loop
      vertex 2.93753 13.991 0
      vertex 6.19711 12.2891 0
      vertex 5.94771 11.3098 0
    endloop
  endfacet
  facet normal 0 0 -1
    outer loop
      vertex 6.38316 18.0644 0
      vertex 2.69101 18.0828 0
      vertex 6.21487 19.0896 0
    endloop
  endfacet
  facet normal 0 0 -1
    outer loop
      vertex 2.93753 13.991 0
      vertex 5.94771 11.3098 0
      vertex 5.62703 10.4158 0
    endloop
  endfacet
  facet normal 0 0 -1
    outer loop
      vertex 2.67549 18.5195 0
      vertex 6.21487 19.0896 0
      vertex 2.69101 18.0828 0
    endloop
  endfacet
  facet normal 0 0 -1
    outer loop
      vertex 2.93753 13.991 0
      vertex 5.62703 10.4158 0
      vertex 5.23509 9.60703 0
    endloop
  endfacet
  facet normal 0 0 -1
    outer loop
      vertex 2.62895 18.9311 0
      vertex 6.21487 19.0896 0
      vertex 2.67549 18.5195 0
    endloop
  endfacet
  facet normal 0 0 -1
    outer loop
      vertex 2.93753 13.991 0
      vertex 5.23509 9.60703 0
      vertex 4.77188 8.88342 0
    endloop
  endfacet
  facet normal -0 0 -1
    outer loop
      vertex 6.21487 19.0896 0
      vertex 2.62895 18.9311 0
      vertex 5.97928 20.0228 0
    endloop
  endfacet
  facet normal 0 0 -1
    outer loop
      vertex 2.93753 13.991 0
      vertex 4.77188 8.88342 0
      vertex 4.24164 8.25105 0
    endloop
  endfacet
  facet normal 0 0 -1
    outer loop
      vertex 2.55138 19.3177 0
      vertex 5.97928 20.0228 0
      vertex 2.62895 18.9311 0
    endloop
  endfacet
  facet normal 0 0 -1
    outer loop
      vertex 2.93753 13.991 0
      vertex 4.24164 8.25105 0
      vertex 3.64854 7.71596 0
    endloop
  endfacet
  facet normal -0 0 -1
    outer loop
      vertex 5.97928 20.0228 0
      vertex 2.55138 19.3177 0
      vertex 5.67636 20.864 0
    endloop
  endfacet
  facet normal 0 0 -1
    outer loop
      vertex 1.55867 10.0341 0
      vertex 3.64854 7.71596 0
      vertex 2.99261 7.27817 0
    endloop
  endfacet
  facet normal 0 0 -1
    outer loop
      vertex 2.44278 19.6794 0
      vertex 5.67636 20.864 0
      vertex 2.55138 19.3177 0
    endloop
  endfacet
  facet normal 0 0 -1
    outer loop
      vertex 1.46278 15.7489 0
      vertex 2.96156 14.7329 0
      vertex 2.80896 14.4654 0
    endloop
  endfacet
  facet normal -0 0 -1
    outer loop
      vertex 5.67636 20.864 0
      vertex 2.44278 19.6794 0
      vertex 5.30614 21.6131 0
    endloop
  endfacet
  facet normal 0 0 -1
    outer loop
      vertex 2.30315 20.0161 0
      vertex 5.30614 21.6131 0
      vertex 2.44278 19.6794 0
    endloop
  endfacet
  facet normal 0 0 -1
    outer loop
      vertex 2.13249 20.3279 0
      vertex 5.30614 21.6131 0
      vertex 2.30315 20.0161 0
    endloop
  endfacet
  facet normal -0 0 -1
    outer loop
      vertex 5.30614 21.6131 0
      vertex 2.13249 20.3279 0
      vertex 4.86859 22.2702 0
    endloop
  endfacet
  facet normal 0 0 -1
    outer loop
      vertex 1.93082 20.6146 0
      vertex 4.86859 22.2702 0
      vertex 2.13249 20.3279 0
    endloop
  endfacet
  facet normal -0 0 -1
    outer loop
      vertex 4.86859 22.2702 0
      vertex 1.93082 20.6146 0
      vertex 4.3669 22.8377 0
    endloop
  endfacet
  facet normal 0 0 -1
    outer loop
      vertex 1.70494 20.8692 0
      vertex 4.3669 22.8377 0
      vertex 1.93082 20.6146 0
    endloop
  endfacet
  facet normal -0 0 -1
    outer loop
      vertex 4.3669 22.8377 0
      vertex 1.70494 20.8692 0
      vertex 3.80417 23.3178 0
    endloop
  endfacet
  facet normal -0 0 -1
    outer loop
      vertex 3.80417 23.3178 0
      vertex 1.70494 20.8692 0
      vertex 3.18045 23.7107 0
    endloop
  endfacet
  facet normal 0 0 -1
    outer loop
      vertex 1.46173 21.0847 0
      vertex 3.18045 23.7107 0
      vertex 1.70494 20.8692 0
    endloop
  endfacet
  facet normal -0 0 -1
    outer loop
      vertex 3.18045 23.7107 0
      vertex 1.46173 21.0847 0
      vertex 2.49571 24.0162 0
    endloop
  endfacet
  facet normal 0 0 -1
    outer loop
      vertex 1.20116 21.261 0
      vertex 2.49571 24.0162 0
      vertex 1.46173 21.0847 0
    endloop
  endfacet
  facet normal 0 0 -1
    outer loop
      vertex 0.923248 21.3982 0
      vertex 2.49571 24.0162 0
      vertex 1.20116 21.261 0
    endloop
  endfacet
  facet normal -0 0 -1
    outer loop
      vertex 2.49571 24.0162 0
      vertex 0.923248 21.3982 0
      vertex 1.74998 24.2345 0
    endloop
  endfacet
  facet normal 0 0 -1
    outer loop
      vertex 0.627975 21.4961 0
      vertex 1.74998 24.2345 0
      vertex 0.923248 21.3982 0
    endloop
  endfacet
  facet normal -0 0 -1
    outer loop
      vertex 1.74998 24.2345 0
      vertex 0.627975 21.4961 0
      vertex 0.943222 24.3654 0
    endloop
  endfacet
  facet normal 0 0 -1
    outer loop
      vertex 0.315369 21.5549 0
      vertex 0.943222 24.3654 0
      vertex 0.627975 21.4961 0
    endloop
  endfacet
  facet normal 0 0 -1
    outer loop
      vertex 0.315369 21.5549 0
      vertex 0.07547 24.4091 0
      vertex 0.943222 24.3654 0
    endloop
  endfacet
  facet normal 0 0 -1
    outer loop
      vertex -0.0145874 21.5745 0
      vertex 0.07547 24.4091 0
      vertex 0.315369 21.5549 0
    endloop
  endfacet
  facet normal 0 0 -1
    outer loop
      vertex -0.339981 21.5575 0
      vertex 0.07547 24.4091 0
      vertex -0.0145874 21.5745 0
    endloop
  endfacet
  facet normal 0 0 -1
    outer loop
      vertex -0.751724 24.377 0
      vertex -0.339981 21.5575 0
      vertex -0.646179 21.5066 0
    endloop
  endfacet
  facet normal 0 0 -1
    outer loop
      vertex -0.339981 21.5575 0
      vertex -0.751724 24.377 0
      vertex 0.07547 24.4091 0
    endloop
  endfacet
  facet normal 0 0 -1
    outer loop
      vertex -1.5253 24.2807 0
      vertex -0.646179 21.5066 0
      vertex -0.933197 21.4218 0
    endloop
  endfacet
  facet normal 0 0 -1
    outer loop
      vertex -2.24524 24.1203 0
      vertex -0.933197 21.4218 0
      vertex -1.20102 21.3031 0
    endloop
  endfacet
  facet normal 0 0 -1
    outer loop
      vertex -2.91154 23.8958 0
      vertex -1.20102 21.3031 0
      vertex -1.44965 21.1505 0
    endloop
  endfacet
  facet normal 0 0 -1
    outer loop
      vertex -0.646179 21.5066 0
      vertex -1.5253 24.2807 0
      vertex -0.751724 24.377 0
    endloop
  endfacet
  facet normal 0 0 -1
    outer loop
      vertex -3.5242 23.6071 0
      vertex -1.44965 21.1505 0
      vertex -1.67908 20.9639 0
    endloop
  endfacet
  facet normal 0 0 -1
    outer loop
      vertex -4.08324 23.2542 0
      vertex -1.67908 20.9639 0
      vertex -1.88931 20.7434 0
    endloop
  endfacet
  facet normal 0 0 -1
    outer loop
      vertex -4.58864 22.8372 0
      vertex -1.88931 20.7434 0
      vertex -2.07562 20.494 0
    endloop
  endfacet
  facet normal 0 0 -1
    outer loop
      vertex -5.03299 22.3642 0
      vertex -2.07562 20.494 0
      vertex -2.23326 20.2207 0
    endloop
  endfacet
  facet normal 0 0 -1
    outer loop
      vertex -0.933197 21.4218 0
      vertex -2.24524 24.1203 0
      vertex -1.5253 24.2807 0
    endloop
  endfacet
  facet normal 0 0 -1
    outer loop
      vertex -5.40898 21.8433 0
      vertex -2.23326 20.2207 0
      vertex -2.36224 19.9235 0
    endloop
  endfacet
  facet normal 0 0 -1
    outer loop
      vertex -5.7166 21.2745 0
      vertex -2.36224 19.9235 0
      vertex -2.46257 19.6023 0
    endloop
  endfacet
  facet normal 0 0 -1
    outer loop
      vertex -6.12677 19.9935 0
      vertex -2.46257 19.6023 0
      vertex -2.53423 19.2572 0
    endloop
  endfacet
  facet normal 0 0 -1
    outer loop
      vertex -6.22931 19.2812 0
      vertex -2.53423 19.2572 0
      vertex -2.57722 18.8881 0
    endloop
  endfacet
  facet normal 0 0 -1
    outer loop
      vertex -5.53383 15.2512 0
      vertex -2.23326 16.7735 0
      vertex -5.21278 14.7314 0
    endloop
  endfacet
  facet normal 0 0 -1
    outer loop
      vertex -1.20102 21.3031 0
      vertex -2.91154 23.8958 0
      vertex -2.24524 24.1203 0
    endloop
  endfacet
  facet normal -0 0 -1
    outer loop
      vertex -2.23326 16.7735 0
      vertex -5.53383 15.2512 0
      vertex -2.36224 17.0752 0
    endloop
  endfacet
  facet normal 0 0 -1
    outer loop
      vertex -5.79651 15.8158 0
      vertex -2.36224 17.0752 0
      vertex -5.53383 15.2512 0
    endloop
  endfacet
  facet normal 0 0 -1
    outer loop
      vertex -2.59155 18.4951 0
      vertex -6.26349 18.521 0
      vertex -2.57722 18.8881 0
    endloop
  endfacet
  facet normal -0 0 -1
    outer loop
      vertex -2.36224 17.0752 0
      vertex -5.79651 15.8158 0
      vertex -2.46257 17.3982 0
    endloop
  endfacet
  facet normal 0 -0 -1
    outer loop
      vertex -6.22931 19.2812 0
      vertex -2.57722 18.8881 0
      vertex -6.26349 18.521 0
    endloop
  endfacet
  facet normal 0 0 -1
    outer loop
      vertex -6.00081 16.425 0
      vertex -2.46257 17.3982 0
      vertex -5.79651 15.8158 0
    endloop
  endfacet
  facet normal 0 0 -1
    outer loop
      vertex -2.53423 19.2572 0
      vertex -6.22931 19.2812 0
      vertex -6.12677 19.9935 0
    endloop
  endfacet
  facet normal 0 0 -1
    outer loop
      vertex -6.14674 17.079 0
      vertex -2.46257 17.3982 0
      vertex -6.00081 16.425 0
    endloop
  endfacet
  facet normal 0 0 -1
    outer loop
      vertex -2.46257 19.6023 0
      vertex -6.12677 19.9935 0
      vertex -5.95587 20.6579 0
    endloop
  endfacet
  facet normal -0 0 -1
    outer loop
      vertex -2.46257 17.3982 0
      vertex -6.14674 17.079 0
      vertex -2.53423 17.7426 0
    endloop
  endfacet
  facet normal 0 0 -1
    outer loop
      vertex -1.44965 21.1505 0
      vertex -3.5242 23.6071 0
      vertex -2.91154 23.8958 0
    endloop
  endfacet
  facet normal 0 0 -1
    outer loop
      vertex -6.2343 17.7776 0
      vertex -2.53423 17.7426 0
      vertex -6.14674 17.079 0
    endloop
  endfacet
  facet normal 0 0 -1
    outer loop
      vertex -2.46257 19.6023 0
      vertex -5.95587 20.6579 0
      vertex -5.7166 21.2745 0
    endloop
  endfacet
  facet normal 0 0 -1
    outer loop
      vertex -2.53423 17.7426 0
      vertex -6.2343 17.7776 0
      vertex -2.57722 18.1082 0
    endloop
  endfacet
  facet normal 0 0 -1
    outer loop
      vertex -1.67908 20.9639 0
      vertex -4.08324 23.2542 0
      vertex -3.5242 23.6071 0
    endloop
  endfacet
  facet normal -0 0 -1
    outer loop
      vertex -2.57722 18.1082 0
      vertex -6.2343 17.7776 0
      vertex -2.59155 18.4951 0
    endloop
  endfacet
  facet normal 0 0 -1
    outer loop
      vertex -6.26349 18.521 0
      vertex -2.59155 18.4951 0
      vertex -6.2343 17.7776 0
    endloop
  endfacet
  facet normal 0 0 -1
    outer loop
      vertex -1.88931 20.7434 0
      vertex -4.58864 22.8372 0
      vertex -4.08324 23.2542 0
    endloop
  endfacet
  facet normal 0 0 -1
    outer loop
      vertex -2.23326 20.2207 0
      vertex -5.40898 21.8433 0
      vertex -5.03299 22.3642 0
    endloop
  endfacet
  facet normal 0 0 -1
    outer loop
      vertex -2.07562 20.494 0
      vertex -5.03299 22.3642 0
      vertex -4.58864 22.8372 0
    endloop
  endfacet
  facet normal 0 0 -1
    outer loop
      vertex -2.36224 19.9235 0
      vertex -5.7166 21.2745 0
      vertex -5.40898 21.8433 0
    endloop
  endfacet
  facet normal 0 0 -1
    outer loop
      vertex -5.92265 0.867156 0
      vertex -3.02177 1.1964 0
      vertex -3.14789 0.808242 0
    endloop
  endfacet
  facet normal 0 0 -1
    outer loop
      vertex -5.75655 0.447641 0
      vertex -3.14789 0.808242 0
      vertex -3.22437 0.407332 0
    endloop
  endfacet
  facet normal 0 0 -1
    outer loop
      vertex -5.71419 0.225599 0
      vertex -3.22437 0.407332 0
      vertex -3.25 0 0
    endloop
  endfacet
  facet normal 0 0 -1
    outer loop
      vertex -5.71419 0.225599 0
      vertex -3.25 0 0
      vertex -5.7 0 0
    endloop
  endfacet
  facet normal -0 0 -1
    outer loop
      vertex -3.22437 0.407332 0
      vertex -5.71419 0.225599 0
      vertex -5.75655 0.447641 0
    endloop
  endfacet
  facet normal 0 0 -1
    outer loop
      vertex -3.14789 0.808242 0
      vertex -5.75655 0.447641 0
      vertex -5.8264 0.662623 0
    endloop
  endfacet
  facet normal -0 0 -1
    outer loop
      vertex -3.14789 0.808242 0
      vertex -5.8264 0.662623 0
      vertex -5.92265 0.867156 0
    endloop
  endfacet
  facet normal 0 0 -1
    outer loop
      vertex -3.02177 1.1964 0
      vertex -5.92265 0.867156 0
      vertex -6.04377 1.05801 0
    endloop
  endfacet
  facet normal 0 0 -1
    outer loop
      vertex -2.848 1.5657 0
      vertex -6.04377 1.05801 0
      vertex -6.18786 1.23218 0
    endloop
  endfacet
  facet normal 0 0 -1
    outer loop
      vertex -2.6293 1.9103 0
      vertex -6.18786 1.23218 0
      vertex -6.35264 1.38692 0
    endloop
  endfacet
  facet normal 0 0 -1
    outer loop
      vertex -2.6293 1.9103 0
      vertex -6.35264 1.38692 0
      vertex -6.53551 1.51979 0
    endloop
  endfacet
  facet normal -0 0 -1
    outer loop
      vertex -2.36915 2.22478 0
      vertex -6.53551 1.51979 0
      vertex -3.0689 6.99013 0
    endloop
  endfacet
  facet normal 0 0 -1
    outer loop
      vertex -6.7336 1.62869 0
      vertex -3.0689 6.99013 0
      vertex -6.53551 1.51979 0
    endloop
  endfacet
  facet normal 0 0 -1
    outer loop
      vertex -6.94377 1.7119 0
      vertex -3.0689 6.99013 0
      vertex -6.7336 1.62869 0
    endloop
  endfacet
  facet normal 0 0 -1
    outer loop
      vertex -7.16271 1.76812 0
      vertex -3.0689 6.99013 0
      vertex -6.94377 1.7119 0
    endloop
  endfacet
  facet normal 0 0 -1
    outer loop
      vertex -7.38698 1.79645 0
      vertex -3.0689 6.99013 0
      vertex -7.16271 1.76812 0
    endloop
  endfacet
  facet normal 0 0 -1
    outer loop
      vertex -7.61302 1.79645 0
      vertex -3.0689 6.99013 0
      vertex -7.38698 1.79645 0
    endloop
  endfacet
  facet normal 0 0 -1
    outer loop
      vertex -7.83729 1.76812 0
      vertex -3.0689 6.99013 0
      vertex -7.61302 1.79645 0
    endloop
  endfacet
  facet normal 0 0 -1
    outer loop
      vertex -13.2586 2.74407 0
      vertex -7.83729 1.76812 0
      vertex -8.05623 1.7119 0
    endloop
  endfacet
  facet normal 0 0 -1
    outer loop
      vertex -12.9284 2.50417 0
      vertex -8.05623 1.7119 0
      vertex -8.2664 1.62869 0
    endloop
  endfacet
  facet normal 0 0 -1
    outer loop
      vertex -12.6309 2.22478 0
      vertex -8.2664 1.62869 0
      vertex -8.46449 1.51979 0
    endloop
  endfacet
  facet normal 0 0 -1
    outer loop
      vertex -12.3707 1.9103 0
      vertex -8.46449 1.51979 0
      vertex -8.64736 1.38692 0
    endloop
  endfacet
  facet normal 0 0 -1
    outer loop
      vertex -12.3707 1.9103 0
      vertex -8.64736 1.38692 0
      vertex -8.81214 1.23218 0
    endloop
  endfacet
  facet normal 0 0 -1
    outer loop
      vertex -11.75 0 0
      vertex -9.28581 0.225599 0
      vertex -9.3 0 0
    endloop
  endfacet
  facet normal 0 0 -1
    outer loop
      vertex -11.7756 0.407332 0
      vertex -9.28581 0.225599 0
      vertex -11.75 0 0
    endloop
  endfacet
  facet normal 0 0 -1
    outer loop
      vertex -9.28581 0.225599 0
      vertex -11.7756 0.407332 0
      vertex -9.24345 0.447641 0
    endloop
  endfacet
  facet normal 0 0 -1
    outer loop
      vertex -11.8521 0.808242 0
      vertex -9.24345 0.447641 0
      vertex -11.7756 0.407332 0
    endloop
  endfacet
  facet normal 0 0 -1
    outer loop
      vertex -9.24345 0.447641 0
      vertex -11.8521 0.808242 0
      vertex -9.1736 0.662623 0
    endloop
  endfacet
  facet normal 0 0 -1
    outer loop
      vertex -9.1736 0.662623 0
      vertex -11.8521 0.808242 0
      vertex -9.07735 0.867156 0
    endloop
  endfacet
  facet normal 0 0 -1
    outer loop
      vertex -11.9782 1.1964 0
      vertex -9.07735 0.867156 0
      vertex -11.8521 0.808242 0
    endloop
  endfacet
  facet normal 0 0 -1
    outer loop
      vertex -9.07735 0.867156 0
      vertex -11.9782 1.1964 0
      vertex -8.95623 1.05801 0
    endloop
  endfacet
  facet normal 0 0 -1
    outer loop
      vertex -12.152 1.5657 0
      vertex -8.95623 1.05801 0
      vertex -11.9782 1.1964 0
    endloop
  endfacet
  facet normal 0 0 -1
    outer loop
      vertex -8.95623 1.05801 0
      vertex -12.152 1.5657 0
      vertex -8.81214 1.23218 0
    endloop
  endfacet
  facet normal 0 0 -1
    outer loop
      vertex -12.3707 1.9103 0
      vertex -8.81214 1.23218 0
      vertex -12.152 1.5657 0
    endloop
  endfacet
  facet normal 0 0 -1
    outer loop
      vertex -8.46449 1.51979 0
      vertex -12.3707 1.9103 0
      vertex -12.6309 2.22478 0
    endloop
  endfacet
  facet normal 0 0 -1
    outer loop
      vertex -8.2664 1.62869 0
      vertex -12.6309 2.22478 0
      vertex -12.9284 2.50417 0
    endloop
  endfacet
  facet normal 0 0 -1
    outer loop
      vertex -8.05623 1.7119 0
      vertex -12.9284 2.50417 0
      vertex -13.2586 2.74407 0
    endloop
  endfacet
  facet normal 0 0 -1
    outer loop
      vertex -7.83729 1.76812 0
      vertex -13.2586 2.74407 0
      vertex -3.0689 6.99013 0
    endloop
  endfacet
  facet normal 0 0 -1
    outer loop
      vertex -13.6162 2.94069 0
      vertex -3.0689 6.99013 0
      vertex -13.2586 2.74407 0
    endloop
  endfacet
  facet normal 0 0 -1
    outer loop
      vertex -17.314 6.99013 0
      vertex -13.6162 2.94069 0
      vertex -13.9957 3.09093 0
    endloop
  endfacet
  facet normal 0 0 -1
    outer loop
      vertex -17.314 6.99013 0
      vertex -13.9957 3.09093 0
      vertex -14.391 3.19243 0
    endloop
  endfacet
  facet normal 0 0 -1
    outer loop
      vertex -17.314 6.99013 0
      vertex -14.391 3.19243 0
      vertex -14.7959 3.24359 0
    endloop
  endfacet
  facet normal 0 0 -1
    outer loop
      vertex -17.314 6.99013 0
      vertex -14.7959 3.24359 0
      vertex -15.2041 3.24359 0
    endloop
  endfacet
  facet normal 0 0 -1
    outer loop
      vertex -17.314 6.99013 0
      vertex -15.2041 3.24359 0
      vertex -15.609 3.19243 0
    endloop
  endfacet
  facet normal 0 0 -1
    outer loop
      vertex -17.314 6.99013 0
      vertex -15.609 3.19243 0
      vertex -16.0043 3.09093 0
    endloop
  endfacet
  facet normal 0 0 -1
    outer loop
      vertex -13.6162 2.94069 0
      vertex -17.314 6.99013 0
      vertex -3.0689 6.99013 0
    endloop
  endfacet
  facet normal 0 0 -1
    outer loop
      vertex -16.3838 2.94069 0
      vertex -17.314 6.99013 0
      vertex -16.0043 3.09093 0
    endloop
  endfacet
  facet normal 0 0 -1
    outer loop
      vertex -17.9369 6.91144 0
      vertex -16.3838 2.94069 0
      vertex -16.7414 2.74407 0
    endloop
  endfacet
  facet normal 0 0 -1
    outer loop
      vertex -19.1289 6.52413 0
      vertex -16.7414 2.74407 0
      vertex -17.0716 2.50417 0
    endloop
  endfacet
  facet normal 0 0 -1
    outer loop
      vertex -20.1871 5.85257 0
      vertex -17.0716 2.50417 0
      vertex -17.3691 2.22478 0
    endloop
  endfacet
  facet normal 0 0 -1
    outer loop
      vertex -21.0451 4.93893 0
      vertex -17.3691 2.22478 0
      vertex -17.6293 1.9103 0
    endloop
  endfacet
  facet normal 0 0 -1
    outer loop
      vertex -21.6489 3.84062 0
      vertex -17.6293 1.9103 0
      vertex -17.848 1.5657 0
    endloop
  endfacet
  facet normal 0 0 -1
    outer loop
      vertex -16.3838 2.94069 0
      vertex -17.9369 6.91144 0
      vertex -17.314 6.99013 0
    endloop
  endfacet
  facet normal 0 0 -1
    outer loop
      vertex -21.9606 2.62667 0
      vertex -17.848 1.5657 0
      vertex -18.0218 1.1964 0
    endloop
  endfacet
  facet normal 0 0 -1
    outer loop
      vertex -22 2 0
      vertex -18.0218 1.1964 0
      vertex -18.1479 0.808242 0
    endloop
  endfacet
  facet normal 0 0 -1
    outer loop
      vertex -22 2 0
      vertex -18.1479 0.808242 0
      vertex -18.2244 0.407332 0
    endloop
  endfacet
  facet normal 0 0 -1
    outer loop
      vertex -22 2 0
      vertex -18.2244 0.407332 0
      vertex -18.25 0 0
    endloop
  endfacet
  facet normal 0 0 -1
    outer loop
      vertex -16.7414 2.74407 0
      vertex -18.5451 6.75528 0
      vertex -17.9369 6.91144 0
    endloop
  endfacet
  facet normal 0 0 -1
    outer loop
      vertex -21.3815 -4.40877 0
      vertex -17.6293 -1.9103 0
      vertex -21.0451 -4.93893 0
    endloop
  endfacet
  facet normal 0 0 -1
    outer loop
      vertex -21.6489 -3.84062 0
      vertex -17.6293 -1.9103 0
      vertex -21.3815 -4.40877 0
    endloop
  endfacet
  facet normal 0 0 -1
    outer loop
      vertex -22 2 0
      vertex -18.25 0 0
      vertex -22 -2 0
    endloop
  endfacet
  facet normal -0 0 -1
    outer loop
      vertex -17.6293 -1.9103 0
      vertex -21.6489 -3.84062 0
      vertex -17.848 -1.5657 0
    endloop
  endfacet
  facet normal 0 0 -1
    outer loop
      vertex -18.0218 1.1964 0
      vertex -22 2 0
      vertex -21.9606 2.62667 0
    endloop
  endfacet
  facet normal 0 0 -1
    outer loop
      vertex -21.8429 -3.24345 0
      vertex -17.848 -1.5657 0
      vertex -21.6489 -3.84062 0
    endloop
  endfacet
  facet normal 0 0 -1
    outer loop
      vertex -16.7414 2.74407 0
      vertex -19.1289 6.52413 0
      vertex -18.5451 6.75528 0
    endloop
  endfacet
  facet normal 0 0 -1
    outer loop
      vertex -21.9606 -2.62667 0
      vertex -17.848 -1.5657 0
      vertex -21.8429 -3.24345 0
    endloop
  endfacet
  facet normal 0 0 -1
    outer loop
      vertex -17.0716 2.50417 0
      vertex -19.6791 6.22164 0
      vertex -19.1289 6.52413 0
    endloop
  endfacet
  facet normal -0 0 -1
    outer loop
      vertex -17.848 -1.5657 0
      vertex -21.9606 -2.62667 0
      vertex -18.0218 -1.1964 0
    endloop
  endfacet
  facet normal 0 0 -1
    outer loop
      vertex -17.0716 2.50417 0
      vertex -20.1871 5.85257 0
      vertex -19.6791 6.22164 0
    endloop
  endfacet
  facet normal 0 0 -1
    outer loop
      vertex -22 -2 0
      vertex -18.0218 -1.1964 0
      vertex -21.9606 -2.62667 0
    endloop
  endfacet
  facet normal 0 0 -1
    outer loop
      vertex -17.3691 2.22478 0
      vertex -20.6448 5.42274 0
      vertex -20.1871 5.85257 0
    endloop
  endfacet
  facet normal -0 0 -1
    outer loop
      vertex -18.0218 -1.1964 0
      vertex -22 -2 0
      vertex -18.1479 -0.808242 0
    endloop
  endfacet
  facet normal 0 0 -1
    outer loop
      vertex -17.3691 2.22478 0
      vertex -21.0451 4.93893 0
      vertex -20.6448 5.42274 0
    endloop
  endfacet
  facet normal -0 0 -1
    outer loop
      vertex -18.1479 -0.808242 0
      vertex -22 -2 0
      vertex -18.2244 -0.407332 0
    endloop
  endfacet
  facet normal 0 0 -1
    outer loop
      vertex -17.6293 1.9103 0
      vertex -21.3815 4.40877 0
      vertex -21.0451 4.93893 0
    endloop
  endfacet
  facet normal -0 0 -1
    outer loop
      vertex -18.2244 -0.407332 0
      vertex -22 -2 0
      vertex -18.25 0 0
    endloop
  endfacet
  facet normal 0 0 -1
    outer loop
      vertex -17.6293 1.9103 0
      vertex -21.6489 3.84062 0
      vertex -21.3815 4.40877 0
    endloop
  endfacet
  facet normal 0 0 -1
    outer loop
      vertex -17.848 1.5657 0
      vertex -21.8429 3.24345 0
      vertex -21.6489 3.84062 0
    endloop
  endfacet
  facet normal 0 0 -1
    outer loop
      vertex -17.848 1.5657 0
      vertex -21.9606 2.62667 0
      vertex -21.8429 3.24345 0
    endloop
  endfacet
  facet normal -0.951072 -0.30897 0
    outer loop
      vertex -21.6489 -3.84062 0
      vertex -21.8429 -3.24345 6
      vertex -21.8429 -3.24345 0
    endloop
  endfacet
  facet normal -0.951072 -0.30897 0
    outer loop
      vertex -21.8429 -3.24345 6
      vertex -21.6489 -3.84062 0
      vertex -21.6489 -3.84062 6
    endloop
  endfacet
  facet normal -0.770468 -0.637478 0
    outer loop
      vertex -20.6448 -5.42274 0
      vertex -21.0451 -4.93893 6
      vertex -21.0451 -4.93893 0
    endloop
  endfacet
  facet normal -0.770468 -0.637478 0
    outer loop
      vertex -21.0451 -4.93893 6
      vertex -20.6448 -5.42274 0
      vertex -20.6448 -5.42274 6
    endloop
  endfacet
  facet normal -0.904797 -0.425843 0
    outer loop
      vertex -21.3815 -4.40877 0
      vertex -21.6489 -3.84062 6
      vertex -21.6489 -3.84062 0
    endloop
  endfacet
  facet normal -0.904797 -0.425843 0
    outer loop
      vertex -21.6489 -3.84062 6
      vertex -21.3815 -4.40877 0
      vertex -21.3815 -4.40877 6
    endloop
  endfacet
  facet normal -0.368135 -0.929773 0
    outer loop
      vertex -19.1289 -6.52413 0
      vertex -18.5451 -6.75528 6
      vertex -19.1289 -6.52413 6
    endloop
  endfacet
  facet normal -0.368135 -0.929773 -0
    outer loop
      vertex -18.5451 -6.75528 6
      vertex -19.1289 -6.52413 0
      vertex -18.5451 -6.75528 0
    endloop
  endfacet
  facet normal -0.684565 -0.728952 0
    outer loop
      vertex -20.6448 -5.42274 0
      vertex -20.1871 -5.85257 6
      vertex -20.6448 -5.42274 6
    endloop
  endfacet
  facet normal -0.684565 -0.728952 -0
    outer loop
      vertex -20.1871 -5.85257 6
      vertex -20.6448 -5.42274 0
      vertex -20.1871 -5.85257 0
    endloop
  endfacet
  facet normal 0.587771 -0.809027 0
    outer loop
      vertex 19.6791 -6.22164 0
      vertex 20.1871 -5.85257 6
      vertex 19.6791 -6.22164 6
    endloop
  endfacet
  facet normal 0.587771 -0.809027 0
    outer loop
      vertex 20.1871 -5.85257 6
      vertex 19.6791 -6.22164 0
      vertex 20.1871 -5.85257 0
    endloop
  endfacet
  facet normal 0.982275 -0.187447 0
    outer loop
      vertex 21.8429 -3.24345 6
      vertex 21.9606 -2.62667 0
      vertex 21.9606 -2.62667 6
    endloop
  endfacet
  facet normal 0.982275 -0.187447 0
    outer loop
      vertex 21.9606 -2.62667 0
      vertex 21.8429 -3.24345 6
      vertex 21.8429 -3.24345 0
    endloop
  endfacet
  facet normal -0.982275 0.187447 0
    outer loop
      vertex -21.9606 2.62667 0
      vertex -21.8429 3.24345 6
      vertex -21.8429 3.24345 0
    endloop
  endfacet
  facet normal -0.982275 0.187447 0
    outer loop
      vertex -21.8429 3.24345 6
      vertex -21.9606 2.62667 0
      vertex -21.9606 2.62667 6
    endloop
  endfacet
  facet normal -0.904797 0.425843 0
    outer loop
      vertex -21.6489 3.84062 0
      vertex -21.3815 4.40877 6
      vertex -21.3815 4.40877 0
    endloop
  endfacet
  facet normal -0.904797 0.425843 0
    outer loop
      vertex -21.3815 4.40877 6
      vertex -21.6489 3.84062 0
      vertex -21.6489 3.84062 6
    endloop
  endfacet
  facet normal -0.684565 0.728952 0
    outer loop
      vertex -20.1871 5.85257 0
      vertex -20.6448 5.42274 6
      vertex -20.1871 5.85257 6
    endloop
  endfacet
  facet normal -0.684565 0.728952 0
    outer loop
      vertex -20.6448 5.42274 6
      vertex -20.1871 5.85257 0
      vertex -20.6448 5.42274 0
    endloop
  endfacet
  facet normal -0.587771 0.809027 0
    outer loop
      vertex -19.6791 6.22164 0
      vertex -20.1871 5.85257 6
      vertex -19.6791 6.22164 6
    endloop
  endfacet
  facet normal -0.587771 0.809027 0
    outer loop
      vertex -20.1871 5.85257 6
      vertex -19.6791 6.22164 0
      vertex -20.1871 5.85257 0
    endloop
  endfacet
  facet normal 0.951072 0.30897 0
    outer loop
      vertex 21.8429 3.24345 6
      vertex 21.6489 3.84062 0
      vertex 21.6489 3.84062 6
    endloop
  endfacet
  facet normal 0.951072 0.30897 0
    outer loop
      vertex 21.6489 3.84062 0
      vertex 21.8429 3.24345 6
      vertex 21.8429 3.24345 0
    endloop
  endfacet
  facet normal 0.368135 0.929773 -0
    outer loop
      vertex 19.1289 6.52413 0
      vertex 18.5451 6.75528 6
      vertex 19.1289 6.52413 6
    endloop
  endfacet
  facet normal 0.368135 0.929773 0
    outer loop
      vertex 18.5451 6.75528 6
      vertex 19.1289 6.52413 0
      vertex 18.5451 6.75528 0
    endloop
  endfacet
  facet normal 0.481772 0.876297 -0
    outer loop
      vertex 19.6791 6.22164 0
      vertex 19.1289 6.52413 6
      vertex 19.6791 6.22164 6
    endloop
  endfacet
  facet normal 0.481772 0.876297 0
    outer loop
      vertex 19.1289 6.52413 6
      vertex 19.6791 6.22164 0
      vertex 19.1289 6.52413 0
    endloop
  endfacet
  facet normal -0.982275 -0.187447 0
    outer loop
      vertex -21.8429 -3.24345 0
      vertex -21.9606 -2.62667 6
      vertex -21.9606 -2.62667 0
    endloop
  endfacet
  facet normal -0.982275 -0.187447 0
    outer loop
      vertex -21.9606 -2.62667 6
      vertex -21.8429 -3.24345 0
      vertex -21.8429 -3.24345 6
    endloop
  endfacet
  facet normal -0.844364 -0.53577 0
    outer loop
      vertex -21.0451 -4.93893 0
      vertex -21.3815 -4.40877 6
      vertex -21.3815 -4.40877 0
    endloop
  endfacet
  facet normal -0.844364 -0.53577 0
    outer loop
      vertex -21.3815 -4.40877 6
      vertex -21.0451 -4.93893 0
      vertex -21.0451 -4.93893 6
    endloop
  endfacet
  facet normal -0.481772 -0.876297 0
    outer loop
      vertex -19.6791 -6.22164 0
      vertex -19.1289 -6.52413 6
      vertex -19.6791 -6.22164 6
    endloop
  endfacet
  facet normal -0.481772 -0.876297 -0
    outer loop
      vertex -19.1289 -6.52413 6
      vertex -19.6791 -6.22164 0
      vertex -19.1289 -6.52413 0
    endloop
  endfacet
  facet normal -0.587771 -0.809027 0
    outer loop
      vertex -20.1871 -5.85257 0
      vertex -19.6791 -6.22164 6
      vertex -20.1871 -5.85257 6
    endloop
  endfacet
  facet normal -0.587771 -0.809027 -0
    outer loop
      vertex -19.6791 -6.22164 6
      vertex -20.1871 -5.85257 0
      vertex -19.6791 -6.22164 0
    endloop
  endfacet
  facet normal 0.684565 -0.728952 0
    outer loop
      vertex 20.1871 -5.85257 0
      vertex 20.6448 -5.42274 6
      vertex 20.1871 -5.85257 6
    endloop
  endfacet
  facet normal 0.684565 -0.728952 0
    outer loop
      vertex 20.6448 -5.42274 6
      vertex 20.1871 -5.85257 0
      vertex 20.6448 -5.42274 0
    endloop
  endfacet
  facet normal 0.125332 -0.992115 0
    outer loop
      vertex 17.314 -6.99013 0
      vertex 17.9369 -6.91144 6
      vertex 17.314 -6.99013 6
    endloop
  endfacet
  facet normal 0.125332 -0.992115 0
    outer loop
      vertex 17.9369 -6.91144 6
      vertex 17.314 -6.99013 0
      vertex 17.9369 -6.91144 0
    endloop
  endfacet
  facet normal 0.951072 -0.30897 0
    outer loop
      vertex 21.6489 -3.84062 6
      vertex 21.8429 -3.24345 0
      vertex 21.8429 -3.24345 6
    endloop
  endfacet
  facet normal 0.951072 -0.30897 0
    outer loop
      vertex 21.8429 -3.24345 0
      vertex 21.6489 -3.84062 6
      vertex 21.6489 -3.84062 0
    endloop
  endfacet
  facet normal 0.844364 -0.53577 0
    outer loop
      vertex 21.0451 -4.93893 6
      vertex 21.3815 -4.40877 0
      vertex 21.3815 -4.40877 6
    endloop
  endfacet
  facet normal 0.844364 -0.53577 0
    outer loop
      vertex 21.3815 -4.40877 0
      vertex 21.0451 -4.93893 6
      vertex 21.0451 -4.93893 0
    endloop
  endfacet
  facet normal 0.248691 -0.968583 0
    outer loop
      vertex 17.9369 -6.91144 0
      vertex 18.5451 -6.75528 6
      vertex 17.9369 -6.91144 6
    endloop
  endfacet
  facet normal 0.248691 -0.968583 0
    outer loop
      vertex 18.5451 -6.75528 6
      vertex 17.9369 -6.91144 0
      vertex 18.5451 -6.75528 0
    endloop
  endfacet
  facet normal 0.368135 -0.929773 0
    outer loop
      vertex 18.5451 -6.75528 0
      vertex 19.1289 -6.52413 6
      vertex 18.5451 -6.75528 6
    endloop
  endfacet
  facet normal 0.368135 -0.929773 0
    outer loop
      vertex 19.1289 -6.52413 6
      vertex 18.5451 -6.75528 0
      vertex 19.1289 -6.52413 0
    endloop
  endfacet
  facet normal 0.481772 -0.876297 0
    outer loop
      vertex 19.1289 -6.52413 0
      vertex 19.6791 -6.22164 6
      vertex 19.1289 -6.52413 6
    endloop
  endfacet
  facet normal 0.481772 -0.876297 0
    outer loop
      vertex 19.6791 -6.22164 6
      vertex 19.1289 -6.52413 0
      vertex 19.6791 -6.22164 0
    endloop
  endfacet
  facet normal 0.428129 -0.903718 0
    outer loop
      vertex 2.3846 6.99013 0
      vertex 2.99261 7.27817 6
      vertex 2.3846 6.99013 6
    endloop
  endfacet
  facet normal 0.428129 -0.903718 0
    outer loop
      vertex 2.99261 7.27817 6
      vertex 2.3846 6.99013 0
      vertex 2.99261 7.27817 0
    endloop
  endfacet
  facet normal 0.555142 -0.831756 0
    outer loop
      vertex 2.99261 7.27817 0
      vertex 3.64854 7.71596 6
      vertex 2.99261 7.27817 6
    endloop
  endfacet
  facet normal 0.555142 -0.831756 0
    outer loop
      vertex 3.64854 7.71596 6
      vertex 2.99261 7.27817 0
      vertex 3.64854 7.71596 0
    endloop
  endfacet
  facet normal 0.669863 -0.742484 0
    outer loop
      vertex 3.64854 7.71596 0
      vertex 4.24164 8.25105 6
      vertex 3.64854 7.71596 6
    endloop
  endfacet
  facet normal 0.669863 -0.742484 0
    outer loop
      vertex 4.24164 8.25105 6
      vertex 3.64854 7.71596 0
      vertex 4.24164 8.25105 0
    endloop
  endfacet
  facet normal 0.766272 -0.642516 0
    outer loop
      vertex 4.24164 8.25105 6
      vertex 4.77188 8.88342 0
      vertex 4.77188 8.88342 6
    endloop
  endfacet
  facet normal 0.766272 -0.642516 0
    outer loop
      vertex 4.77188 8.88342 0
      vertex 4.24164 8.25105 6
      vertex 4.24164 8.25105 0
    endloop
  endfacet
  facet normal 0.842219 -0.539136 0
    outer loop
      vertex 4.77188 8.88342 6
      vertex 5.23509 9.60703 0
      vertex 5.23509 9.60703 6
    endloop
  endfacet
  facet normal 0.842219 -0.539136 0
    outer loop
      vertex 5.23509 9.60703 0
      vertex 4.77188 8.88342 6
      vertex 4.77188 8.88342 0
    endloop
  endfacet
  facet normal 0.899897 -0.436102 0
    outer loop
      vertex 5.23509 9.60703 6
      vertex 5.62703 10.4158 0
      vertex 5.62703 10.4158 6
    endloop
  endfacet
  facet normal 0.899897 -0.436102 0
    outer loop
      vertex 5.62703 10.4158 0
      vertex 5.23509 9.60703 6
      vertex 5.23509 9.60703 0
    endloop
  endfacet
  facet normal 0.941276 -0.337638 0
    outer loop
      vertex 5.62703 10.4158 6
      vertex 5.94771 11.3098 0
      vertex 5.94771 11.3098 6
    endloop
  endfacet
  facet normal 0.941276 -0.337638 0
    outer loop
      vertex 5.94771 11.3098 0
      vertex 5.62703 10.4158 6
      vertex 5.62703 10.4158 0
    endloop
  endfacet
  facet normal 0.969068 -0.246794 0
    outer loop
      vertex 5.94771 11.3098 6
      vertex 6.19711 12.2891 0
      vertex 6.19711 12.2891 6
    endloop
  endfacet
  facet normal 0.969068 -0.246794 0
    outer loop
      vertex 6.19711 12.2891 0
      vertex 5.94771 11.3098 6
      vertex 5.94771 11.3098 0
    endloop
  endfacet
  facet normal 0.986279 -0.165084 0
    outer loop
      vertex 6.19711 12.2891 6
      vertex 6.37527 13.3535 0
      vertex 6.37527 13.3535 6
    endloop
  endfacet
  facet normal 0.986279 -0.165084 0
    outer loop
      vertex 6.37527 13.3535 0
      vertex 6.19711 12.2891 6
      vertex 6.19711 12.2891 0
    endloop
  endfacet
  facet normal 0.995705 -0.0925808 0
    outer loop
      vertex 6.37527 13.3535 6
      vertex 6.48216 14.5031 0
      vertex 6.48216 14.5031 6
    endloop
  endfacet
  facet normal 0.995705 -0.0925808 0
    outer loop
      vertex 6.48216 14.5031 0
      vertex 6.37527 13.3535 6
      vertex 6.37527 13.3535 0
    endloop
  endfacet
  facet normal 0.999584 -0.0288429 0
    outer loop
      vertex 6.48216 14.5031 6
      vertex 6.51779 15.7379 0
      vertex 6.51779 15.7379 6
    endloop
  endfacet
  facet normal 0.999584 -0.0288429 0
    outer loop
      vertex 6.51779 15.7379 0
      vertex 6.48216 14.5031 6
      vertex 6.48216 14.5031 0
    endloop
  endfacet
  facet normal 0.999613 0.0278258 0
    outer loop
      vertex 6.51779 15.7379 6
      vertex 6.48413 16.9471 0
      vertex 6.48413 16.9471 6
    endloop
  endfacet
  facet normal 0.999613 0.0278258 0
    outer loop
      vertex 6.48413 16.9471 0
      vertex 6.51779 15.7379 6
      vertex 6.51779 15.7379 0
    endloop
  endfacet
  facet normal 0.995942 0.0900029 0
    outer loop
      vertex 6.48413 16.9471 6
      vertex 6.38316 18.0644 0
      vertex 6.38316 18.0644 6
    endloop
  endfacet
  facet normal 0.995942 0.0900029 0
    outer loop
      vertex 6.38316 18.0644 0
      vertex 6.48413 16.9471 6
      vertex 6.48413 16.9471 0
    endloop
  endfacet
  facet normal 0.986793 0.161985 0
    outer loop
      vertex 6.38316 18.0644 6
      vertex 6.21487 19.0896 0
      vertex 6.21487 19.0896 6
    endloop
  endfacet
  facet normal 0.986793 0.161985 0
    outer loop
      vertex 6.21487 19.0896 0
      vertex 6.38316 18.0644 6
      vertex 6.38316 18.0644 0
    endloop
  endfacet
  facet normal 0.96958 0.244774 0
    outer loop
      vertex 6.21487 19.0896 6
      vertex 5.97928 20.0228 0
      vertex 5.97928 20.0228 6
    endloop
  endfacet
  facet normal 0.96958 0.244774 0
    outer loop
      vertex 5.97928 20.0228 0
      vertex 6.21487 19.0896 6
      vertex 6.21487 19.0896 0
    endloop
  endfacet
  facet normal 0.940856 0.338807 0
    outer loop
      vertex 5.97928 20.0228 6
      vertex 5.67636 20.864 0
      vertex 5.67636 20.864 6
    endloop
  endfacet
  facet normal 0.940856 0.338807 0
    outer loop
      vertex 5.67636 20.864 0
      vertex 5.97928 20.0228 6
      vertex 5.97928 20.0228 0
    endloop
  endfacet
  facet normal 0.89649 0.443063 0
    outer loop
      vertex 5.67636 20.864 6
      vertex 5.30614 21.6131 0
      vertex 5.30614 21.6131 6
    endloop
  endfacet
  facet normal 0.89649 0.443063 0
    outer loop
      vertex 5.30614 21.6131 0
      vertex 5.67636 20.864 6
      vertex 5.67636 20.864 0
    endloop
  endfacet
  facet normal 0.832352 0.554247 0
    outer loop
      vertex 5.30614 21.6131 6
      vertex 4.86859 22.2702 0
      vertex 4.86859 22.2702 6
    endloop
  endfacet
  facet normal 0.832352 0.554247 0
    outer loop
      vertex 4.86859 22.2702 0
      vertex 5.30614 21.6131 6
      vertex 5.30614 21.6131 0
    endloop
  endfacet
  facet normal 0.749212 0.66233 0
    outer loop
      vertex 4.86859 22.2702 6
      vertex 4.3669 22.8377 0
      vertex 4.3669 22.8377 6
    endloop
  endfacet
  facet normal 0.749212 0.66233 0
    outer loop
      vertex 4.3669 22.8377 0
      vertex 4.86859 22.2702 6
      vertex 4.86859 22.2702 0
    endloop
  endfacet
  facet normal 0.649044 0.760751 -0
    outer loop
      vertex 4.3669 22.8377 0
      vertex 3.80417 23.3178 6
      vertex 4.3669 22.8377 6
    endloop
  endfacet
  facet normal 0.649044 0.760751 0
    outer loop
      vertex 3.80417 23.3178 6
      vertex 4.3669 22.8377 0
      vertex 3.80417 23.3178 0
    endloop
  endfacet
  facet normal 0.532995 0.846118 -0
    outer loop
      vertex 3.80417 23.3178 0
      vertex 3.18045 23.7107 6
      vertex 3.80417 23.3178 6
    endloop
  endfacet
  facet normal 0.532995 0.846118 0
    outer loop
      vertex 3.18045 23.7107 6
      vertex 3.80417 23.3178 0
      vertex 3.18045 23.7107 0
    endloop
  endfacet
  facet normal 0.407442 0.913231 -0
    outer loop
      vertex 3.18045 23.7107 0
      vertex 2.49571 24.0162 6
      vertex 3.18045 23.7107 6
    endloop
  endfacet
  facet normal 0.407442 0.913231 0
    outer loop
      vertex 2.49571 24.0162 6
      vertex 3.18045 23.7107 0
      vertex 2.49571 24.0162 0
    endloop
  endfacet
  facet normal 0.280943 0.959724 -0
    outer loop
      vertex 2.49571 24.0162 0
      vertex 1.74998 24.2345 6
      vertex 2.49571 24.0162 6
    endloop
  endfacet
  facet normal 0.280943 0.959724 0
    outer loop
      vertex 1.74998 24.2345 6
      vertex 2.49571 24.0162 0
      vertex 1.74998 24.2345 0
    endloop
  endfacet
  facet normal 0.16016 0.987091 -0
    outer loop
      vertex 1.74998 24.2345 0
      vertex 0.943222 24.3654 6
      vertex 1.74998 24.2345 6
    endloop
  endfacet
  facet normal 0.16016 0.987091 0
    outer loop
      vertex 0.943222 24.3654 6
      vertex 1.74998 24.2345 0
      vertex 0.943222 24.3654 0
    endloop
  endfacet
  facet normal 0.0502963 0.998734 -0
    outer loop
      vertex 0.943222 24.3654 0
      vertex 0.07547 24.4091 6
      vertex 0.943222 24.3654 6
    endloop
  endfacet
  facet normal 0.0502963 0.998734 0
    outer loop
      vertex 0.07547 24.4091 6
      vertex 0.943222 24.3654 0
      vertex 0.07547 24.4091 0
    endloop
  endfacet
  facet normal -0.0387767 0.999248 0
    outer loop
      vertex 0.07547 24.4091 0
      vertex -0.751724 24.377 6
      vertex 0.07547 24.4091 6
    endloop
  endfacet
  facet normal -0.0387767 0.999248 0
    outer loop
      vertex -0.751724 24.377 6
      vertex 0.07547 24.4091 0
      vertex -0.751724 24.377 0
    endloop
  endfacet
  facet normal -0.123533 0.99234 0
    outer loop
      vertex -0.751724 24.377 0
      vertex -1.5253 24.2807 6
      vertex -0.751724 24.377 6
    endloop
  endfacet
  facet normal -0.123533 0.99234 0
    outer loop
      vertex -1.5253 24.2807 6
      vertex -0.751724 24.377 0
      vertex -1.5253 24.2807 0
    endloop
  endfacet
  facet normal -0.217464 0.976068 0
    outer loop
      vertex -1.5253 24.2807 0
      vertex -2.24524 24.1203 6
      vertex -1.5253 24.2807 6
    endloop
  endfacet
  facet normal -0.217464 0.976068 0
    outer loop
      vertex -2.24524 24.1203 6
      vertex -1.5253 24.2807 0
      vertex -2.24524 24.1203 0
    endloop
  endfacet
  facet normal -0.319298 0.947654 0
    outer loop
      vertex -2.24524 24.1203 0
      vertex -2.91154 23.8958 6
      vertex -2.24524 24.1203 6
    endloop
  endfacet
  facet normal -0.319298 0.947654 0
    outer loop
      vertex -2.91154 23.8958 6
      vertex -2.24524 24.1203 0
      vertex -2.91154 23.8958 0
    endloop
  endfacet
  facet normal -0.426268 0.904597 0
    outer loop
      vertex -2.91154 23.8958 0
      vertex -3.5242 23.6071 6
      vertex -2.91154 23.8958 6
    endloop
  endfacet
  facet normal -0.426268 0.904597 0
    outer loop
      vertex -3.5242 23.6071 6
      vertex -2.91154 23.8958 0
      vertex -3.5242 23.6071 0
    endloop
  endfacet
  facet normal -0.533801 0.84561 0
    outer loop
      vertex -3.5242 23.6071 0
      vertex -4.08324 23.2542 6
      vertex -3.5242 23.6071 6
    endloop
  endfacet
  facet normal -0.533801 0.84561 0
    outer loop
      vertex -4.08324 23.2542 6
      vertex -3.5242 23.6071 0
      vertex -4.08324 23.2542 0
    endloop
  endfacet
  facet normal -0.636424 0.77134 0
    outer loop
      vertex -4.08324 23.2542 0
      vertex -4.58864 22.8372 6
      vertex -4.08324 23.2542 6
    endloop
  endfacet
  facet normal -0.636424 0.77134 0
    outer loop
      vertex -4.58864 22.8372 6
      vertex -4.08324 23.2542 0
      vertex -4.58864 22.8372 0
    endloop
  endfacet
  facet normal -0.728835 0.684689 0
    outer loop
      vertex -5.03299 22.3642 0
      vertex -4.58864 22.8372 6
      vertex -4.58864 22.8372 0
    endloop
  endfacet
  facet normal -0.728835 0.684689 0
    outer loop
      vertex -4.58864 22.8372 6
      vertex -5.03299 22.3642 0
      vertex -5.03299 22.3642 6
    endloop
  endfacet
  facet normal -0.810838 0.58527 0
    outer loop
      vertex -5.40898 21.8433 0
      vertex -5.03299 22.3642 6
      vertex -5.03299 22.3642 0
    endloop
  endfacet
  facet normal -0.810838 0.58527 0
    outer loop
      vertex -5.03299 22.3642 6
      vertex -5.40898 21.8433 0
      vertex -5.40898 21.8433 6
    endloop
  endfacet
  facet normal -0.879603 0.475709 0
    outer loop
      vertex -5.7166 21.2745 0
      vertex -5.40898 21.8433 6
      vertex -5.40898 21.8433 0
    endloop
  endfacet
  facet normal -0.879603 0.475709 0
    outer loop
      vertex -5.40898 21.8433 6
      vertex -5.7166 21.2745 0
      vertex -5.7166 21.2745 6
    endloop
  endfacet
  facet normal -0.932269 0.361765 0
    outer loop
      vertex -5.95587 20.6579 0
      vertex -5.7166 21.2745 6
      vertex -5.7166 21.2745 0
    endloop
  endfacet
  facet normal -0.932269 0.361765 0
    outer loop
      vertex -5.7166 21.2745 6
      vertex -5.95587 20.6579 0
      vertex -5.95587 20.6579 6
    endloop
  endfacet
  facet normal -0.968474 0.249115 0
    outer loop
      vertex -6.12677 19.9935 0
      vertex -5.95587 20.6579 6
      vertex -5.95587 20.6579 0
    endloop
  endfacet
  facet normal -0.968474 0.249115 0
    outer loop
      vertex -5.95587 20.6579 6
      vertex -6.12677 19.9935 0
      vertex -6.12677 19.9935 6
    endloop
  endfacet
  facet normal -0.989797 0.142487 0
    outer loop
      vertex -6.22931 19.2812 0
      vertex -6.12677 19.9935 6
      vertex -6.12677 19.9935 0
    endloop
  endfacet
  facet normal -0.989797 0.142487 0
    outer loop
      vertex -6.12677 19.9935 6
      vertex -6.22931 19.2812 0
      vertex -6.22931 19.2812 6
    endloop
  endfacet
  facet normal -0.998991 0.0449165 0
    outer loop
      vertex -6.26349 18.521 0
      vertex -6.22931 19.2812 6
      vertex -6.22931 19.2812 0
    endloop
  endfacet
  facet normal -0.998991 0.0449165 0
    outer loop
      vertex -6.22931 19.2812 6
      vertex -6.26349 18.521 0
      vertex -6.26349 18.521 6
    endloop
  endfacet
  facet normal -0.99923 -0.0392353 0
    outer loop
      vertex -6.2343 17.7776 0
      vertex -6.26349 18.521 6
      vertex -6.26349 18.521 0
    endloop
  endfacet
  facet normal -0.99923 -0.0392353 0
    outer loop
      vertex -6.26349 18.521 6
      vertex -6.2343 17.7776 0
      vertex -6.2343 17.7776 6
    endloop
  endfacet
  facet normal -0.992237 -0.124363 0
    outer loop
      vertex -6.14674 17.079 0
      vertex -6.2343 17.7776 6
      vertex -6.2343 17.7776 0
    endloop
  endfacet
  facet normal -0.992237 -0.124363 0
    outer loop
      vertex -6.2343 17.7776 6
      vertex -6.14674 17.079 0
      vertex -6.14674 17.079 6
    endloop
  endfacet
  facet normal -0.975998 -0.217779 0
    outer loop
      vertex -6.00081 16.425 0
      vertex -6.14674 17.079 6
      vertex -6.14674 17.079 0
    endloop
  endfacet
  facet normal -0.975998 -0.217779 0
    outer loop
      vertex -6.14674 17.079 6
      vertex -6.00081 16.425 0
      vertex -6.00081 16.425 6
    endloop
  endfacet
  facet normal -0.948106 -0.317955 0
    outer loop
      vertex -5.79651 15.8158 0
      vertex -6.00081 16.425 6
      vertex -6.00081 16.425 0
    endloop
  endfacet
  facet normal -0.948106 -0.317955 0
    outer loop
      vertex -6.00081 16.425 6
      vertex -5.79651 15.8158 0
      vertex -5.79651 15.8158 6
    endloop
  endfacet
  facet normal -0.906675 -0.42183 0
    outer loop
      vertex -5.53383 15.2512 0
      vertex -5.79651 15.8158 6
      vertex -5.79651 15.8158 0
    endloop
  endfacet
  facet normal -0.906675 -0.42183 0
    outer loop
      vertex -5.79651 15.8158 6
      vertex -5.53383 15.2512 0
      vertex -5.53383 15.2512 6
    endloop
  endfacet
  facet normal -0.8508 -0.525489 0
    outer loop
      vertex -5.21278 14.7314 0
      vertex -5.53383 15.2512 6
      vertex -5.53383 15.2512 0
    endloop
  endfacet
  facet normal -0.8508 -0.525489 0
    outer loop
      vertex -5.53383 15.2512 6
      vertex -5.21278 14.7314 0
      vertex -5.21278 14.7314 6
    endloop
  endfacet
  facet normal -0.781462 -0.623953 0
    outer loop
      vertex -4.83336 14.2562 0
      vertex -5.21278 14.7314 6
      vertex -5.21278 14.7314 0
    endloop
  endfacet
  facet normal -0.781462 -0.623953 0
    outer loop
      vertex -5.21278 14.7314 6
      vertex -4.83336 14.2562 0
      vertex -4.83336 14.2562 6
    endloop
  endfacet
  facet normal -0.701128 -0.713036 0
    outer loop
      vertex -4.83336 14.2562 0
      vertex -4.40582 13.8358 6
      vertex -4.83336 14.2562 6
    endloop
  endfacet
  facet normal -0.701128 -0.713036 -0
    outer loop
      vertex -4.40582 13.8358 6
      vertex -4.83336 14.2562 0
      vertex -4.40582 13.8358 0
    endloop
  endfacet
  facet normal -0.607332 -0.794448 0
    outer loop
      vertex -4.40582 13.8358 0
      vertex -3.9404 13.48 6
      vertex -4.40582 13.8358 6
    endloop
  endfacet
  facet normal -0.607332 -0.794448 -0
    outer loop
      vertex -3.9404 13.48 6
      vertex -4.40582 13.8358 0
      vertex -3.9404 13.48 0
    endloop
  endfacet
  facet normal -0.500692 -0.865625 0
    outer loop
      vertex -3.9404 13.48 0
      vertex -3.43713 13.1889 6
      vertex -3.9404 13.48 6
    endloop
  endfacet
  facet normal -0.500692 -0.865625 -0
    outer loop
      vertex -3.43713 13.1889 6
      vertex -3.9404 13.48 0
      vertex -3.43713 13.1889 0
    endloop
  endfacet
  facet normal -0.385953 -0.922519 0
    outer loop
      vertex -3.43713 13.1889 0
      vertex -2.89598 12.9625 6
      vertex -3.43713 13.1889 6
    endloop
  endfacet
  facet normal -0.385953 -0.922519 -0
    outer loop
      vertex -2.89598 12.9625 6
      vertex -3.43713 13.1889 0
      vertex -2.89598 12.9625 0
    endloop
  endfacet
  facet normal -0.268978 -0.963146 0
    outer loop
      vertex -2.89598 12.9625 0
      vertex -2.31697 12.8008 6
      vertex -2.89598 12.9625 6
    endloop
  endfacet
  facet normal -0.268978 -0.963146 -0
    outer loop
      vertex -2.31697 12.8008 6
      vertex -2.89598 12.9625 0
      vertex -2.31697 12.8008 0
    endloop
  endfacet
  facet normal -0.155334 -0.987862 0
    outer loop
      vertex -2.31697 12.8008 0
      vertex -1.70009 12.7038 6
      vertex -2.31697 12.8008 6
    endloop
  endfacet
  facet normal -0.155334 -0.987862 -0
    outer loop
      vertex -1.70009 12.7038 6
      vertex -2.31697 12.8008 0
      vertex -1.70009 12.7038 0
    endloop
  endfacet
  facet normal -0.0494233 -0.998778 0
    outer loop
      vertex -1.70009 12.7038 0
      vertex -1.04533 12.6714 6
      vertex -1.70009 12.7038 6
    endloop
  endfacet
  facet normal -0.0494233 -0.998778 -0
    outer loop
      vertex -1.04533 12.6714 6
      vertex -1.70009 12.7038 0
      vertex -1.04533 12.6714 0
    endloop
  endfacet
  facet normal 0.0307076 -0.999528 0
    outer loop
      vertex -1.04533 12.6714 0
      vertex -0.680771 12.6826 6
      vertex -1.04533 12.6714 6
    endloop
  endfacet
  facet normal 0.0307076 -0.999528 0
    outer loop
      vertex -0.680771 12.6826 6
      vertex -1.04533 12.6714 0
      vertex -0.680771 12.6826 0
    endloop
  endfacet
  facet normal 0.0933059 -0.995637 0
    outer loop
      vertex -0.680771 12.6826 0
      vertex -0.323303 12.7161 6
      vertex -0.680771 12.6826 6
    endloop
  endfacet
  facet normal 0.0933059 -0.995637 0
    outer loop
      vertex -0.323303 12.7161 6
      vertex -0.680771 12.6826 0
      vertex -0.323303 12.7161 0
    endloop
  endfacet
  facet normal 0.157559 -0.98751 0
    outer loop
      vertex -0.323303 12.7161 0
      vertex 0.0270538 12.772 6
      vertex -0.323303 12.7161 6
    endloop
  endfacet
  facet normal 0.157559 -0.98751 0
    outer loop
      vertex 0.0270538 12.772 6
      vertex -0.323303 12.7161 0
      vertex 0.0270538 12.772 0
    endloop
  endfacet
  facet normal 0.222384 -0.974959 0
    outer loop
      vertex 0.0270538 12.772 0
      vertex 0.370331 12.8503 6
      vertex 0.0270538 12.772 6
    endloop
  endfacet
  facet normal 0.222384 -0.974959 0
    outer loop
      vertex 0.370331 12.8503 6
      vertex 0.0270538 12.772 0
      vertex 0.370331 12.8503 0
    endloop
  endfacet
  facet normal 0.286421 -0.958104 0
    outer loop
      vertex 0.370331 12.8503 0
      vertex 0.706512 12.9508 6
      vertex 0.370331 12.8503 6
    endloop
  endfacet
  facet normal 0.286421 -0.958104 0
    outer loop
      vertex 0.706512 12.9508 6
      vertex 0.370331 12.8503 0
      vertex 0.706512 12.9508 0
    endloop
  endfacet
  facet normal 0.349855 -0.936804 0
    outer loop
      vertex 0.706512 12.9508 0
      vertex 1.0356 13.0737 6
      vertex 0.706512 12.9508 6
    endloop
  endfacet
  facet normal 0.349855 -0.936804 0
    outer loop
      vertex 1.0356 13.0737 6
      vertex 0.706512 12.9508 0
      vertex 1.0356 13.0737 0
    endloop
  endfacet
  facet normal 0.411317 -0.911493 0
    outer loop
      vertex 1.0356 13.0737 0
      vertex 1.35759 13.219 6
      vertex 1.0356 13.0737 6
    endloop
  endfacet
  facet normal 0.411317 -0.911493 0
    outer loop
      vertex 1.35759 13.219 6
      vertex 1.0356 13.0737 0
      vertex 1.35759 13.219 0
    endloop
  endfacet
  facet normal 0.474999 -0.879986 0
    outer loop
      vertex 1.35759 13.219 0
      vertex 1.66327 13.384 6
      vertex 1.35759 13.219 6
    endloop
  endfacet
  facet normal 0.474999 -0.879986 0
    outer loop
      vertex 1.66327 13.384 6
      vertex 1.35759 13.219 0
      vertex 1.66327 13.384 0
    endloop
  endfacet
  facet normal 0.544966 -0.838458 0
    outer loop
      vertex 1.66327 13.384 0
      vertex 1.94344 13.5661 6
      vertex 1.66327 13.384 6
    endloop
  endfacet
  facet normal 0.544966 -0.838458 0
    outer loop
      vertex 1.94344 13.5661 6
      vertex 1.66327 13.384 0
      vertex 1.94344 13.5661 0
    endloop
  endfacet
  facet normal 0.616133 -0.787642 0
    outer loop
      vertex 1.94344 13.5661 0
      vertex 2.19809 13.7653 6
      vertex 1.94344 13.5661 6
    endloop
  endfacet
  facet normal 0.616133 -0.787642 0
    outer loop
      vertex 2.19809 13.7653 6
      vertex 1.94344 13.5661 0
      vertex 2.19809 13.7653 0
    endloop
  endfacet
  facet normal 0.686439 -0.727187 0
    outer loop
      vertex 2.19809 13.7653 0
      vertex 2.42723 13.9816 6
      vertex 2.19809 13.7653 6
    endloop
  endfacet
  facet normal 0.686439 -0.727187 0
    outer loop
      vertex 2.42723 13.9816 6
      vertex 2.19809 13.7653 0
      vertex 2.42723 13.9816 0
    endloop
  endfacet
  facet normal 0.753388 -0.657576 0
    outer loop
      vertex 2.42723 13.9816 6
      vertex 2.63086 14.2149 0
      vertex 2.63086 14.2149 6
    endloop
  endfacet
  facet normal 0.753388 -0.657576 0
    outer loop
      vertex 2.63086 14.2149 0
      vertex 2.42723 13.9816 6
      vertex 2.42723 13.9816 0
    endloop
  endfacet
  facet normal 0.815007 -0.579452 0
    outer loop
      vertex 2.63086 14.2149 6
      vertex 2.80896 14.4654 0
      vertex 2.80896 14.4654 6
    endloop
  endfacet
  facet normal 0.815007 -0.579452 0
    outer loop
      vertex 2.80896 14.4654 0
      vertex 2.63086 14.2149 6
      vertex 2.63086 14.2149 0
    endloop
  endfacet
  facet normal 0.868603 -0.495509 0
    outer loop
      vertex 2.80896 14.4654 6
      vertex 2.96156 14.7329 0
      vertex 2.96156 14.7329 6
    endloop
  endfacet
  facet normal 0.868603 -0.495509 0
    outer loop
      vertex 2.96156 14.7329 0
      vertex 2.80896 14.4654 6
      vertex 2.80896 14.4654 0
    endloop
  endfacet
  facet normal -0.999476 0.0323728 0
    outer loop
      vertex 2.93753 13.991 0
      vertex 2.96156 14.7329 6
      vertex 2.96156 14.7329 0
    endloop
  endfacet
  facet normal -0.999476 0.0323728 0
    outer loop
      vertex 2.96156 14.7329 6
      vertex 2.93753 13.991 0
      vertex 2.93753 13.991 6
    endloop
  endfacet
  facet normal -0.996524 0.0833024 0
    outer loop
      vertex 2.88011 13.3041 0
      vertex 2.93753 13.991 6
      vertex 2.93753 13.991 0
    endloop
  endfacet
  facet normal -0.996524 0.0833024 0
    outer loop
      vertex 2.93753 13.991 6
      vertex 2.88011 13.3041 0
      vertex 2.88011 13.3041 6
    endloop
  endfacet
  facet normal -0.98983 0.142257 0
    outer loop
      vertex 2.78928 12.6721 0
      vertex 2.88011 13.3041 6
      vertex 2.88011 13.3041 0
    endloop
  endfacet
  facet normal -0.98983 0.142257 0
    outer loop
      vertex 2.88011 13.3041 6
      vertex 2.78928 12.6721 0
      vertex 2.78928 12.6721 6
    endloop
  endfacet
  facet normal -0.977602 0.210461 0
    outer loop
      vertex 2.66504 12.095 0
      vertex 2.78928 12.6721 6
      vertex 2.78928 12.6721 0
    endloop
  endfacet
  facet normal -0.977602 0.210461 0
    outer loop
      vertex 2.78928 12.6721 6
      vertex 2.66504 12.095 0
      vertex 2.66504 12.095 6
    endloop
  endfacet
  facet normal -0.957315 0.289046 0
    outer loop
      vertex 2.5074 11.5729 0
      vertex 2.66504 12.095 6
      vertex 2.66504 12.095 0
    endloop
  endfacet
  facet normal -0.957315 0.289046 0
    outer loop
      vertex 2.66504 12.095 6
      vertex 2.5074 11.5729 0
      vertex 2.5074 11.5729 6
    endloop
  endfacet
  facet normal -0.925621 0.378451 0
    outer loop
      vertex 2.31638 11.1057 0
      vertex 2.5074 11.5729 6
      vertex 2.5074 11.5729 0
    endloop
  endfacet
  facet normal -0.925621 0.378451 0
    outer loop
      vertex 2.5074 11.5729 6
      vertex 2.31638 11.1057 0
      vertex 2.31638 11.1057 6
    endloop
  endfacet
  facet normal -0.878241 0.478218 0
    outer loop
      vertex 2.09193 10.6935 0
      vertex 2.31638 11.1057 6
      vertex 2.31638 11.1057 0
    endloop
  endfacet
  facet normal -0.878241 0.478218 0
    outer loop
      vertex 2.31638 11.1057 6
      vertex 2.09193 10.6935 0
      vertex 2.09193 10.6935 6
    endloop
  endfacet
  facet normal -0.815083 0.579344 0
    outer loop
      vertex 1.83804 10.3363 0
      vertex 2.09193 10.6935 6
      vertex 2.09193 10.6935 0
    endloop
  endfacet
  facet normal -0.815083 0.579344 0
    outer loop
      vertex 2.09193 10.6935 6
      vertex 1.83804 10.3363 0
      vertex 1.83804 10.3363 6
    endloop
  endfacet
  facet normal -0.734299 0.678826 0
    outer loop
      vertex 1.55867 10.0341 0
      vertex 1.83804 10.3363 6
      vertex 1.83804 10.3363 0
    endloop
  endfacet
  facet normal -0.734299 0.678826 0
    outer loop
      vertex 1.83804 10.3363 6
      vertex 1.55867 10.0341 0
      vertex 1.55867 10.0341 6
    endloop
  endfacet
  facet normal -0.629897 0.776679 0
    outer loop
      vertex 1.55867 10.0341 0
      vertex 1.25378 9.78683 6
      vertex 1.55867 10.0341 6
    endloop
  endfacet
  facet normal -0.629897 0.776679 0
    outer loop
      vertex 1.25378 9.78683 6
      vertex 1.55867 10.0341 0
      vertex 1.25378 9.78683 0
    endloop
  endfacet
  facet normal -0.503108 0.864224 0
    outer loop
      vertex 1.25378 9.78683 0
      vertex 0.923401 9.5945 6
      vertex 1.25378 9.78683 6
    endloop
  endfacet
  facet normal -0.503108 0.864224 0
    outer loop
      vertex 0.923401 9.5945 6
      vertex 1.25378 9.78683 0
      vertex 0.923401 9.5945 0
    endloop
  endfacet
  facet normal -0.36015 0.932895 0
    outer loop
      vertex 0.923401 9.5945 0
      vertex 0.56752 9.45711 6
      vertex 0.923401 9.5945 6
    endloop
  endfacet
  facet normal -0.36015 0.932895 0
    outer loop
      vertex 0.56752 9.45711 6
      vertex 0.923401 9.5945 0
      vertex 0.56752 9.45711 0
    endloop
  endfacet
  facet normal -0.211251 0.977432 0
    outer loop
      vertex 0.56752 9.45711 0
      vertex 0.186127 9.37468 6
      vertex 0.56752 9.45711 6
    endloop
  endfacet
  facet normal -0.211251 0.977432 0
    outer loop
      vertex 0.186127 9.37468 6
      vertex 0.56752 9.45711 0
      vertex 0.186127 9.37468 0
    endloop
  endfacet
  facet normal -0.0673636 0.997728 0
    outer loop
      vertex 0.186127 9.37468 0
      vertex -0.220734 9.34721 6
      vertex 0.186127 9.37468 6
    endloop
  endfacet
  facet normal -0.0673636 0.997728 0
    outer loop
      vertex -0.220734 9.34721 6
      vertex 0.186127 9.37468 0
      vertex -0.220734 9.34721 0
    endloop
  endfacet
  facet normal 0.0782764 0.996932 -0
    outer loop
      vertex -0.220734 9.34721 0
      vertex -0.712982 9.38586 6
      vertex -0.220734 9.34721 6
    endloop
  endfacet
  facet normal 0.0782764 0.996932 0
    outer loop
      vertex -0.712982 9.38586 6
      vertex -0.220734 9.34721 0
      vertex -0.712982 9.38586 0
    endloop
  endfacet
  facet normal 0.25561 0.96678 -0
    outer loop
      vertex -0.712982 9.38586 0
      vertex -1.15161 9.50183 6
      vertex -0.712982 9.38586 6
    endloop
  endfacet
  facet normal 0.25561 0.96678 0
    outer loop
      vertex -1.15161 9.50183 6
      vertex -0.712982 9.38586 0
      vertex -1.15161 9.50183 0
    endloop
  endfacet
  facet normal 0.448671 0.893697 -0
    outer loop
      vertex -1.15161 9.50183 0
      vertex -1.53658 9.6951 6
      vertex -1.15161 9.50183 6
    endloop
  endfacet
  facet normal 0.448671 0.893697 0
    outer loop
      vertex -1.53658 9.6951 6
      vertex -1.15161 9.50183 0
      vertex -1.53658 9.6951 0
    endloop
  endfacet
  facet normal 0.632543 0.774526 -0
    outer loop
      vertex -1.53658 9.6951 0
      vertex -1.86792 9.9657 6
      vertex -1.53658 9.6951 6
    endloop
  endfacet
  facet normal 0.632543 0.774526 0
    outer loop
      vertex -1.86792 9.9657 6
      vertex -1.53658 9.6951 0
      vertex -1.86792 9.9657 0
    endloop
  endfacet
  facet normal 0.78157 0.623818 0
    outer loop
      vertex -1.86792 9.9657 6
      vertex -2.1456 10.3136 0
      vertex -2.1456 10.3136 6
    endloop
  endfacet
  facet normal 0.78157 0.623818 0
    outer loop
      vertex -2.1456 10.3136 0
      vertex -1.86792 9.9657 6
      vertex -1.86792 9.9657 0
    endloop
  endfacet
  facet normal 0.884686 0.466187 0
    outer loop
      vertex -2.1456 10.3136 6
      vertex -2.36966 10.7388 0
      vertex -2.36966 10.7388 6
    endloop
  endfacet
  facet normal 0.884686 0.466187 0
    outer loop
      vertex -2.36966 10.7388 0
      vertex -2.1456 10.3136 6
      vertex -2.1456 10.3136 0
    endloop
  endfacet
  facet normal 0.947037 0.321126 0
    outer loop
      vertex -2.36966 10.7388 6
      vertex -2.54005 11.2413 0
      vertex -2.54005 11.2413 6
    endloop
  endfacet
  facet normal 0.947037 0.321126 0
    outer loop
      vertex -2.54005 11.2413 0
      vertex -2.36966 10.7388 6
      vertex -2.36966 10.7388 0
    endloop
  endfacet
  facet normal -0.138792 0.990322 0
    outer loop
      vertex -2.54005 11.2413 0
      vertex -5.94144 10.7646 6
      vertex -2.54005 11.2413 6
    endloop
  endfacet
  facet normal -0.138792 0.990322 0
    outer loop
      vertex -5.94144 10.7646 6
      vertex -2.54005 11.2413 0
      vertex -5.94144 10.7646 0
    endloop
  endfacet
  facet normal -0.959761 -0.280819 0
    outer loop
      vertex -5.76328 10.1557 0
      vertex -5.94144 10.7646 6
      vertex -5.94144 10.7646 0
    endloop
  endfacet
  facet normal -0.959761 -0.280819 0
    outer loop
      vertex -5.94144 10.7646 6
      vertex -5.76328 10.1557 0
      vertex -5.76328 10.1557 6
    endloop
  endfacet
  facet normal -0.936091 -0.351757 0
    outer loop
      vertex -5.55278 9.59552 0
      vertex -5.76328 10.1557 6
      vertex -5.76328 10.1557 0
    endloop
  endfacet
  facet normal -0.936091 -0.351757 0
    outer loop
      vertex -5.76328 10.1557 6
      vertex -5.55278 9.59552 0
      vertex -5.55278 9.59552 6
    endloop
  endfacet
  facet normal -0.903391 -0.428818 0
    outer loop
      vertex -5.30995 9.08395 0
      vertex -5.55278 9.59552 6
      vertex -5.55278 9.59552 0
    endloop
  endfacet
  facet normal -0.903391 -0.428818 0
    outer loop
      vertex -5.55278 9.59552 6
      vertex -5.30995 9.08395 0
      vertex -5.30995 9.08395 6
    endloop
  endfacet
  facet normal -0.859593 -0.51098 0
    outer loop
      vertex -5.03477 8.62103 0
      vertex -5.30995 9.08395 6
      vertex -5.30995 9.08395 0
    endloop
  endfacet
  facet normal -0.859593 -0.51098 0
    outer loop
      vertex -5.30995 9.08395 6
      vertex -5.03477 8.62103 0
      vertex -5.03477 8.62103 6
    endloop
  endfacet
  facet normal -0.80296 -0.596032 0
    outer loop
      vertex -4.72726 8.20676 0
      vertex -5.03477 8.62103 6
      vertex -5.03477 8.62103 0
    endloop
  endfacet
  facet normal -0.80296 -0.596032 0
    outer loop
      vertex -5.03477 8.62103 6
      vertex -4.72726 8.20676 0
      vertex -4.72726 8.20676 6
    endloop
  endfacet
  facet normal -0.732448 -0.680823 0
    outer loop
      vertex -4.38741 7.84114 0
      vertex -4.72726 8.20676 6
      vertex -4.72726 8.20676 0
    endloop
  endfacet
  facet normal -0.732448 -0.680823 0
    outer loop
      vertex -4.72726 8.20676 6
      vertex -4.38741 7.84114 0
      vertex -4.38741 7.84114 6
    endloop
  endfacet
  facet normal -0.648384 -0.761313 0
    outer loop
      vertex -4.38741 7.84114 0
      vertex -4.01521 7.52415 6
      vertex -4.38741 7.84114 6
    endloop
  endfacet
  facet normal -0.648384 -0.761313 -0
    outer loop
      vertex -4.01521 7.52415 6
      vertex -4.38741 7.84114 0
      vertex -4.01521 7.52415 0
    endloop
  endfacet
  facet normal -0.552915 -0.833238 0
    outer loop
      vertex -4.01521 7.52415 0
      vertex -3.6057 7.25241 6
      vertex -4.01521 7.52415 6
    endloop
  endfacet
  facet normal -0.552915 -0.833238 -0
    outer loop
      vertex -3.6057 7.25241 6
      vertex -4.01521 7.52415 0
      vertex -3.6057 7.25241 0
    endloop
  endfacet
  facet normal -0.45353 -0.891241 0
    outer loop
      vertex -3.6057 7.25241 0
      vertex -3.15382 7.02246 6
      vertex -3.6057 7.25241 6
    endloop
  endfacet
  facet normal -0.45353 -0.891241 -0
    outer loop
      vertex -3.15382 7.02246 6
      vertex -3.6057 7.25241 0
      vertex -3.15382 7.02246 0
    endloop
  endfacet
  facet normal -0.355799 -0.934563 0
    outer loop
      vertex -3.15382 7.02246 0
      vertex -3.0689 6.99013 6
      vertex -3.15382 7.02246 6
    endloop
  endfacet
  facet normal -0.355799 -0.934563 -0
    outer loop
      vertex -3.0689 6.99013 6
      vertex -3.15382 7.02246 0
      vertex -3.0689 6.99013 0
    endloop
  endfacet
  facet normal 0.16962 0.98551 -0
    outer loop
      vertex -0.33049 15.3821 0
      vertex -0.639587 15.4353 6
      vertex -0.33049 15.3821 6
    endloop
  endfacet
  facet normal 0.16962 0.98551 0
    outer loop
      vertex -0.639587 15.4353 6
      vertex -0.33049 15.3821 0
      vertex -0.639587 15.4353 0
    endloop
  endfacet
  facet normal 0.293042 0.9561 -0
    outer loop
      vertex -0.639587 15.4353 0
      vertex -0.928986 15.524 6
      vertex -0.639587 15.4353 6
    endloop
  endfacet
  facet normal 0.293042 0.9561 0
    outer loop
      vertex -0.928986 15.524 6
      vertex -0.639587 15.4353 0
      vertex -0.928986 15.524 0
    endloop
  endfacet
  facet normal 0.418626 0.908159 -0
    outer loop
      vertex -0.928986 15.524 0
      vertex -1.19864 15.6483 6
      vertex -0.928986 15.524 6
    endloop
  endfacet
  facet normal 0.418626 0.908159 0
    outer loop
      vertex -1.19864 15.6483 6
      vertex -0.928986 15.524 0
      vertex -1.19864 15.6483 0
    endloop
  endfacet
  facet normal 0.538413 0.842681 -0
    outer loop
      vertex -1.19864 15.6483 0
      vertex -1.44859 15.808 6
      vertex -1.19864 15.6483 6
    endloop
  endfacet
  facet normal 0.538413 0.842681 0
    outer loop
      vertex -1.44859 15.808 6
      vertex -1.19864 15.6483 0
      vertex -1.44859 15.808 0
    endloop
  endfacet
  facet normal 0.646728 0.762721 -0
    outer loop
      vertex -1.44859 15.808 0
      vertex -1.6788 16.0032 6
      vertex -1.44859 15.808 6
    endloop
  endfacet
  facet normal 0.646728 0.762721 0
    outer loop
      vertex -1.6788 16.0032 6
      vertex -1.44859 15.808 0
      vertex -1.6788 16.0032 0
    endloop
  endfacet
  facet normal 0.738691 0.674044 0
    outer loop
      vertex -1.6788 16.0032 6
      vertex -1.88931 16.2339 0
      vertex -1.88931 16.2339 6
    endloop
  endfacet
  facet normal 0.738691 0.674044 0
    outer loop
      vertex -1.88931 16.2339 0
      vertex -1.6788 16.0032 6
      vertex -1.6788 16.0032 0
    endloop
  endfacet
  facet normal 0.812001 0.583657 0
    outer loop
      vertex -1.88931 16.2339 6
      vertex -2.07562 16.4931 0
      vertex -2.07562 16.4931 6
    endloop
  endfacet
  facet normal 0.812001 0.583657 0
    outer loop
      vertex -2.07562 16.4931 0
      vertex -1.88931 16.2339 6
      vertex -1.88931 16.2339 0
    endloop
  endfacet
  facet normal 0.871688 0.49006 0
    outer loop
      vertex -2.07562 16.4931 6
      vertex -2.23326 16.7735 0
      vertex -2.23326 16.7735 6
    endloop
  endfacet
  facet normal 0.871688 0.49006 0
    outer loop
      vertex -2.23326 16.7735 0
      vertex -2.07562 16.4931 6
      vertex -2.07562 16.4931 0
    endloop
  endfacet
  facet normal 0.919498 0.393095 0
    outer loop
      vertex -2.23326 16.7735 6
      vertex -2.36224 17.0752 0
      vertex -2.36224 17.0752 6
    endloop
  endfacet
  facet normal 0.919498 0.393095 0
    outer loop
      vertex -2.36224 17.0752 0
      vertex -2.23326 16.7735 6
      vertex -2.23326 16.7735 0
    endloop
  endfacet
  facet normal 0.95499 0.296638 0
    outer loop
      vertex -2.36224 17.0752 6
      vertex -2.46257 17.3982 0
      vertex -2.46257 17.3982 6
    endloop
  endfacet
  facet normal 0.95499 0.296638 0
    outer loop
      vertex -2.46257 17.3982 0
      vertex -2.36224 17.0752 6
      vertex -2.36224 17.0752 0
    endloop
  endfacet
  facet normal 0.979031 0.203709 0
    outer loop
      vertex -2.46257 17.3982 6
      vertex -2.53423 17.7426 0
      vertex -2.53423 17.7426 6
    endloop
  endfacet
  facet normal 0.979031 0.203709 0
    outer loop
      vertex -2.53423 17.7426 0
      vertex -2.46257 17.3982 6
      vertex -2.46257 17.3982 0
    endloop
  endfacet
  facet normal 0.993157 0.116783 0
    outer loop
      vertex -2.53423 17.7426 6
      vertex -2.57722 18.1082 0
      vertex -2.57722 18.1082 6
    endloop
  endfacet
  facet normal 0.993157 0.116783 0
    outer loop
      vertex -2.57722 18.1082 0
      vertex -2.53423 17.7426 6
      vertex -2.53423 17.7426 0
    endloop
  endfacet
  facet normal 0.999315 0.0370126 0
    outer loop
      vertex -2.57722 18.1082 6
      vertex -2.59155 18.4951 0
      vertex -2.59155 18.4951 6
    endloop
  endfacet
  facet normal 0.999315 0.0370126 0
    outer loop
      vertex -2.59155 18.4951 0
      vertex -2.57722 18.1082 6
      vertex -2.57722 18.1082 0
    endloop
  endfacet
  facet normal 0.999336 -0.0364389 0
    outer loop
      vertex -2.59155 18.4951 6
      vertex -2.57722 18.8881 0
      vertex -2.57722 18.8881 6
    endloop
  endfacet
  facet normal 0.999336 -0.0364389 0
    outer loop
      vertex -2.57722 18.8881 0
      vertex -2.59155 18.4951 6
      vertex -2.59155 18.4951 0
    endloop
  endfacet
  facet normal 0.993285 -0.11569 0
    outer loop
      vertex -2.57722 18.8881 6
      vertex -2.53423 19.2572 0
      vertex -2.53423 19.2572 6
    endloop
  endfacet
  facet normal 0.993285 -0.11569 0
    outer loop
      vertex -2.53423 19.2572 0
      vertex -2.57722 18.8881 6
      vertex -2.57722 18.8881 0
    endloop
  endfacet
  facet normal 0.979114 -0.203313 0
    outer loop
      vertex -2.53423 19.2572 6
      vertex -2.46257 19.6023 0
      vertex -2.46257 19.6023 6
    endloop
  endfacet
  facet normal 0.979114 -0.203313 0
    outer loop
      vertex -2.46257 19.6023 0
      vertex -2.53423 19.2572 6
      vertex -2.53423 19.2572 0
    endloop
  endfacet
  facet normal 0.954518 -0.298153 0
    outer loop
      vertex -2.46257 19.6023 6
      vertex -2.36224 19.9235 0
      vertex -2.36224 19.9235 6
    endloop
  endfacet
  facet normal 0.954518 -0.298153 0
    outer loop
      vertex -2.36224 19.9235 0
      vertex -2.46257 19.6023 6
      vertex -2.46257 19.6023 0
    endloop
  endfacet
  facet normal 0.917338 -0.39811 0
    outer loop
      vertex -2.36224 19.9235 6
      vertex -2.23326 20.2207 0
      vertex -2.23326 20.2207 6
    endloop
  endfacet
  facet normal 0.917338 -0.39811 0
    outer loop
      vertex -2.23326 20.2207 0
      vertex -2.36224 19.9235 6
      vertex -2.36224 19.9235 0
    endloop
  endfacet
  facet normal 0.866231 -0.499644 0
    outer loop
      vertex -2.23326 20.2207 6
      vertex -2.07562 20.494 0
      vertex -2.07562 20.494 6
    endloop
  endfacet
  facet normal 0.866231 -0.499644 0
    outer loop
      vertex -2.07562 20.494 0
      vertex -2.23326 20.2207 6
      vertex -2.23326 20.2207 0
    endloop
  endfacet
  facet normal 0.80114 -0.598478 0
    outer loop
      vertex -2.07562 20.494 6
      vertex -1.88931 20.7434 0
      vertex -1.88931 20.7434 6
    endloop
  endfacet
  facet normal 0.80114 -0.598478 0
    outer loop
      vertex -1.88931 20.7434 0
      vertex -2.07562 20.494 6
      vertex -2.07562 20.494 0
    endloop
  endfacet
  facet normal 0.723761 -0.690051 0
    outer loop
      vertex -1.88931 20.7434 6
      vertex -1.67908 20.9639 0
      vertex -1.67908 20.9639 6
    endloop
  endfacet
  facet normal 0.723761 -0.690051 0
    outer loop
      vertex -1.67908 20.9639 0
      vertex -1.88931 20.7434 6
      vertex -1.88931 20.7434 0
    endloop
  endfacet
  facet normal 0.630976 -0.775803 0
    outer loop
      vertex -1.67908 20.9639 0
      vertex -1.44965 21.1505 6
      vertex -1.67908 20.9639 6
    endloop
  endfacet
  facet normal 0.630976 -0.775803 0
    outer loop
      vertex -1.44965 21.1505 6
      vertex -1.67908 20.9639 0
      vertex -1.44965 21.1505 0
    endloop
  endfacet
  facet normal 0.523095 -0.852274 0
    outer loop
      vertex -1.44965 21.1505 0
      vertex -1.20102 21.3031 6
      vertex -1.44965 21.1505 6
    endloop
  endfacet
  facet normal 0.523095 -0.852274 0
    outer loop
      vertex -1.20102 21.3031 6
      vertex -1.44965 21.1505 0
      vertex -1.20102 21.3031 0
    endloop
  endfacet
  facet normal 0.405191 -0.914232 0
    outer loop
      vertex -1.20102 21.3031 0
      vertex -0.933197 21.4218 6
      vertex -1.20102 21.3031 6
    endloop
  endfacet
  facet normal 0.405191 -0.914232 0
    outer loop
      vertex -0.933197 21.4218 6
      vertex -1.20102 21.3031 0
      vertex -0.933197 21.4218 0
    endloop
  endfacet
  facet normal 0.283344 -0.959018 0
    outer loop
      vertex -0.933197 21.4218 0
      vertex -0.646179 21.5066 6
      vertex -0.933197 21.4218 6
    endloop
  endfacet
  facet normal 0.283344 -0.959018 0
    outer loop
      vertex -0.646179 21.5066 6
      vertex -0.933197 21.4218 0
      vertex -0.646179 21.5066 0
    endloop
  endfacet
  facet normal 0.163982 -0.986463 0
    outer loop
      vertex -0.646179 21.5066 0
      vertex -0.339981 21.5575 6
      vertex -0.646179 21.5066 6
    endloop
  endfacet
  facet normal 0.163982 -0.986463 0
    outer loop
      vertex -0.339981 21.5575 6
      vertex -0.646179 21.5066 0
      vertex -0.339981 21.5575 0
    endloop
  endfacet
  facet normal 0.0521733 -0.998638 0
    outer loop
      vertex -0.339981 21.5575 0
      vertex -0.0145874 21.5745 6
      vertex -0.339981 21.5575 6
    endloop
  endfacet
  facet normal 0.0521733 -0.998638 0
    outer loop
      vertex -0.0145874 21.5745 6
      vertex -0.339981 21.5575 0
      vertex -0.0145874 21.5745 0
    endloop
  endfacet
  facet normal -0.0592973 -0.99824 0
    outer loop
      vertex -0.0145874 21.5745 0
      vertex 0.315369 21.5549 6
      vertex -0.0145874 21.5745 6
    endloop
  endfacet
  facet normal -0.0592973 -0.99824 -0
    outer loop
      vertex 0.315369 21.5549 6
      vertex -0.0145874 21.5745 0
      vertex 0.315369 21.5549 0
    endloop
  endfacet
  facet normal -0.184855 -0.982766 0
    outer loop
      vertex 0.315369 21.5549 0
      vertex 0.627975 21.4961 6
      vertex 0.315369 21.5549 6
    endloop
  endfacet
  facet normal -0.184855 -0.982766 -0
    outer loop
      vertex 0.627975 21.4961 6
      vertex 0.315369 21.5549 0
      vertex 0.627975 21.4961 0
    endloop
  endfacet
  facet normal -0.31471 -0.949188 0
    outer loop
      vertex 0.627975 21.4961 0
      vertex 0.923248 21.3982 6
      vertex 0.627975 21.4961 6
    endloop
  endfacet
  facet normal -0.31471 -0.949188 -0
    outer loop
      vertex 0.923248 21.3982 6
      vertex 0.627975 21.4961 0
      vertex 0.923248 21.3982 0
    endloop
  endfacet
  facet normal -0.442675 -0.896682 0
    outer loop
      vertex 0.923248 21.3982 0
      vertex 1.20116 21.261 6
      vertex 0.923248 21.3982 6
    endloop
  endfacet
  facet normal -0.442675 -0.896682 -0
    outer loop
      vertex 1.20116 21.261 6
      vertex 0.923248 21.3982 0
      vertex 1.20116 21.261 0
    endloop
  endfacet
  facet normal -0.560379 -0.828236 0
    outer loop
      vertex 1.20116 21.261 0
      vertex 1.46173 21.0847 6
      vertex 1.20116 21.261 6
    endloop
  endfacet
  facet normal -0.560379 -0.828236 -0
    outer loop
      vertex 1.46173 21.0847 6
      vertex 1.20116 21.261 0
      vertex 1.46173 21.0847 0
    endloop
  endfacet
  facet normal -0.663183 -0.748458 0
    outer loop
      vertex 1.46173 21.0847 0
      vertex 1.70494 20.8692 6
      vertex 1.46173 21.0847 6
    endloop
  endfacet
  facet normal -0.663183 -0.748458 -0
    outer loop
      vertex 1.70494 20.8692 6
      vertex 1.46173 21.0847 0
      vertex 1.70494 20.8692 0
    endloop
  endfacet
  facet normal -0.748038 -0.663656 0
    outer loop
      vertex 1.93082 20.6146 0
      vertex 1.70494 20.8692 6
      vertex 1.70494 20.8692 0
    endloop
  endfacet
  facet normal -0.748038 -0.663656 0
    outer loop
      vertex 1.70494 20.8692 6
      vertex 1.93082 20.6146 0
      vertex 1.93082 20.6146 6
    endloop
  endfacet
  facet normal -0.817916 -0.575337 0
    outer loop
      vertex 2.13249 20.3279 0
      vertex 1.93082 20.6146 6
      vertex 1.93082 20.6146 0
    endloop
  endfacet
  facet normal -0.817916 -0.575337 0
    outer loop
      vertex 1.93082 20.6146 6
      vertex 2.13249 20.3279 0
      vertex 2.13249 20.3279 6
    endloop
  endfacet
  facet normal -0.8772 -0.480125 0
    outer loop
      vertex 2.30315 20.0161 0
      vertex 2.13249 20.3279 6
      vertex 2.13249 20.3279 0
    endloop
  endfacet
  facet normal -0.8772 -0.480125 0
    outer loop
      vertex 2.13249 20.3279 6
      vertex 2.30315 20.0161 0
      vertex 2.30315 20.0161 6
    endloop
  endfacet
  facet normal -0.92372 -0.383068 0
    outer loop
      vertex 2.44278 19.6794 0
      vertex 2.30315 20.0161 6
      vertex 2.30315 20.0161 0
    endloop
  endfacet
  facet normal -0.92372 -0.383068 0
    outer loop
      vertex 2.30315 20.0161 6
      vertex 2.44278 19.6794 0
      vertex 2.44278 19.6794 6
    endloop
  endfacet
  facet normal -0.957761 -0.287567 0
    outer loop
      vertex 2.55138 19.3177 0
      vertex 2.44278 19.6794 6
      vertex 2.44278 19.6794 0
    endloop
  endfacet
  facet normal -0.957761 -0.287567 0
    outer loop
      vertex 2.44278 19.6794 6
      vertex 2.55138 19.3177 0
      vertex 2.55138 19.3177 6
    endloop
  endfacet
  facet normal -0.980459 -0.196726 0
    outer loop
      vertex 2.62895 18.9311 0
      vertex 2.55138 19.3177 6
      vertex 2.55138 19.3177 0
    endloop
  endfacet
  facet normal -0.980459 -0.196726 0
    outer loop
      vertex 2.55138 19.3177 6
      vertex 2.62895 18.9311 0
      vertex 2.62895 18.9311 6
    endloop
  endfacet
  facet normal -0.993668 -0.112355 0
    outer loop
      vertex 2.67549 18.5195 0
      vertex 2.62895 18.9311 6
      vertex 2.62895 18.9311 0
    endloop
  endfacet
  facet normal -0.993668 -0.112355 0
    outer loop
      vertex 2.62895 18.9311 6
      vertex 2.67549 18.5195 0
      vertex 2.67549 18.5195 6
    endloop
  endfacet
  facet normal -0.999369 -0.0355168 0
    outer loop
      vertex 2.69101 18.0828 0
      vertex 2.67549 18.5195 6
      vertex 2.67549 18.5195 0
    endloop
  endfacet
  facet normal -0.999369 -0.0355168 0
    outer loop
      vertex 2.67549 18.5195 6
      vertex 2.69101 18.0828 0
      vertex 2.69101 18.0828 6
    endloop
  endfacet
  facet normal -0.998939 0.0460592 0
    outer loop
      vertex 2.67549 17.7462 0
      vertex 2.69101 18.0828 6
      vertex 2.69101 18.0828 0
    endloop
  endfacet
  facet normal -0.998939 0.0460592 0
    outer loop
      vertex 2.69101 18.0828 6
      vertex 2.67549 17.7462 0
      vertex 2.67549 17.7462 6
    endloop
  endfacet
  facet normal -0.989466 0.144765 0
    outer loop
      vertex 2.62895 17.4281 0
      vertex 2.67549 17.7462 6
      vertex 2.67549 17.7462 0
    endloop
  endfacet
  facet normal -0.989466 0.144765 0
    outer loop
      vertex 2.67549 17.7462 6
      vertex 2.62895 17.4281 0
      vertex 2.62895 17.4281 6
    endloop
  endfacet
  facet normal -0.968018 0.250882 0
    outer loop
      vertex 2.55138 17.1288 0
      vertex 2.62895 17.4281 6
      vertex 2.62895 17.4281 0
    endloop
  endfacet
  facet normal -0.968018 0.250882 0
    outer loop
      vertex 2.62895 17.4281 6
      vertex 2.55138 17.1288 0
      vertex 2.55138 17.1288 6
    endloop
  endfacet
  facet normal -0.932633 0.360826 0
    outer loop
      vertex 2.44278 16.8481 0
      vertex 2.55138 17.1288 6
      vertex 2.55138 17.1288 0
    endloop
  endfacet
  facet normal -0.932633 0.360826 0
    outer loop
      vertex 2.55138 17.1288 6
      vertex 2.44278 16.8481 0
      vertex 2.44278 16.8481 6
    endloop
  endfacet
  facet normal -0.882497 0.470317 0
    outer loop
      vertex 2.30315 16.5861 0
      vertex 2.44278 16.8481 6
      vertex 2.44278 16.8481 0
    endloop
  endfacet
  facet normal -0.882497 0.470317 0
    outer loop
      vertex 2.44278 16.8481 6
      vertex 2.30315 16.5861 0
      vertex 2.30315 16.5861 6
    endloop
  endfacet
  facet normal -0.818789 0.574094 0
    outer loop
      vertex 2.13249 16.3427 0
      vertex 2.30315 16.5861 6
      vertex 2.30315 16.5861 0
    endloop
  endfacet
  facet normal -0.818789 0.574094 0
    outer loop
      vertex 2.30315 16.5861 6
      vertex 2.13249 16.3427 0
      vertex 2.13249 16.3427 6
    endloop
  endfacet
  facet normal -0.744216 0.667939 0
    outer loop
      vertex 1.93082 16.118 0
      vertex 2.13249 16.3427 6
      vertex 2.13249 16.3427 0
    endloop
  endfacet
  facet normal -0.744216 0.667939 0
    outer loop
      vertex 2.13249 16.3427 6
      vertex 1.93082 16.118 0
      vertex 1.93082 16.118 6
    endloop
  endfacet
  facet normal -0.663156 0.748481 0
    outer loop
      vertex 1.93082 16.118 0
      vertex 1.7052 15.9181 6
      vertex 1.93082 16.118 6
    endloop
  endfacet
  facet normal -0.663156 0.748481 0
    outer loop
      vertex 1.7052 15.9181 6
      vertex 1.93082 16.118 0
      vertex 1.7052 15.9181 0
    endloop
  endfacet
  facet normal -0.57234 0.820016 0
    outer loop
      vertex 1.7052 15.9181 0
      vertex 1.46278 15.7489 6
      vertex 1.7052 15.9181 6
    endloop
  endfacet
  facet normal -0.57234 0.820016 0
    outer loop
      vertex 1.46278 15.7489 6
      vertex 1.7052 15.9181 0
      vertex 1.46278 15.7489 0
    endloop
  endfacet
  facet normal -0.47122 0.882016 0
    outer loop
      vertex 1.46278 15.7489 0
      vertex 1.20354 15.6104 6
      vertex 1.46278 15.7489 6
    endloop
  endfacet
  facet normal -0.47122 0.882016 0
    outer loop
      vertex 1.20354 15.6104 6
      vertex 1.46278 15.7489 0
      vertex 1.20354 15.6104 0
    endloop
  endfacet
  facet normal -0.363137 0.931736 0
    outer loop
      vertex 1.20354 15.6104 0
      vertex 0.92746 15.5028 6
      vertex 1.20354 15.6104 6
    endloop
  endfacet
  facet normal -0.363137 0.931736 0
    outer loop
      vertex 0.92746 15.5028 6
      vertex 1.20354 15.6104 0
      vertex 0.92746 15.5028 0
    endloop
  endfacet
  facet normal -0.254255 0.967137 0
    outer loop
      vertex 0.92746 15.5028 0
      vertex 0.634567 15.4258 6
      vertex 0.92746 15.5028 6
    endloop
  endfacet
  facet normal -0.254255 0.967137 0
    outer loop
      vertex 0.634567 15.4258 6
      vertex 0.92746 15.5028 0
      vertex 0.634567 15.4258 0
    endloop
  endfacet
  facet normal -0.147228 0.989103 0
    outer loop
      vertex 0.634567 15.4258 0
      vertex 0.32486 15.3797 6
      vertex 0.634567 15.4258 6
    endloop
  endfacet
  facet normal -0.147228 0.989103 0
    outer loop
      vertex 0.32486 15.3797 6
      vertex 0.634567 15.4258 0
      vertex 0.32486 15.3797 0
    endloop
  endfacet
  facet normal -0.0471112 0.99889 0
    outer loop
      vertex 0.32486 15.3797 0
      vertex -0.00166321 15.3643 6
      vertex 0.32486 15.3797 6
    endloop
  endfacet
  facet normal -0.0471112 0.99889 0
    outer loop
      vertex -0.00166321 15.3643 6
      vertex 0.32486 15.3797 0
      vertex -0.00166321 15.3643 0
    endloop
  endfacet
  facet normal 0.0540527 0.998538 -0
    outer loop
      vertex -0.00166321 15.3643 0
      vertex -0.33049 15.3821 6
      vertex -0.00166321 15.3643 6
    endloop
  endfacet
  facet normal 0.0540527 0.998538 0
    outer loop
      vertex -0.33049 15.3821 6
      vertex -0.00166321 15.3643 0
      vertex -0.33049 15.3821 0
    endloop
  endfacet
  facet normal -0.904808 -0.425821 0
    outer loop
      vertex -11.9782 1.1964 0
      vertex -12.152 1.5657 6
      vertex -12.152 1.5657 0
    endloop
  endfacet
  facet normal -0.904808 -0.425821 0
    outer loop
      vertex -12.152 1.5657 6
      vertex -11.9782 1.1964 0
      vertex -11.9782 1.1964 6
    endloop
  endfacet
  facet normal 0.951071 -0.308972 0
    outer loop
      vertex -18.1479 0.808242 6
      vertex -18.0218 1.1964 0
      vertex -18.0218 1.1964 6
    endloop
  endfacet
  facet normal 0.951071 -0.308972 0
    outer loop
      vertex -18.0218 1.1964 0
      vertex -18.1479 0.808242 6
      vertex -18.1479 0.808242 0
    endloop
  endfacet
  facet normal -0.844317 -0.535845 0
    outer loop
      vertex -12.152 1.5657 0
      vertex -12.3707 1.9103 6
      vertex -12.3707 1.9103 0
    endloop
  endfacet
  facet normal -0.844317 -0.535845 0
    outer loop
      vertex -12.3707 1.9103 6
      vertex -12.152 1.5657 0
      vertex -12.152 1.5657 6
    endloop
  endfacet
  facet normal -0.2487 -0.968581 0
    outer loop
      vertex -14.391 3.19243 0
      vertex -13.9957 3.09093 6
      vertex -14.391 3.19243 6
    endloop
  endfacet
  facet normal -0.2487 -0.968581 -0
    outer loop
      vertex -13.9957 3.09093 6
      vertex -14.391 3.19243 0
      vertex -13.9957 3.09093 0
    endloop
  endfacet
  facet normal -0.368093 -0.929789 0
    outer loop
      vertex -13.9957 3.09093 0
      vertex -13.6162 2.94069 6
      vertex -13.9957 3.09093 6
    endloop
  endfacet
  facet normal -0.368093 -0.929789 -0
    outer loop
      vertex -13.6162 2.94069 6
      vertex -13.9957 3.09093 0
      vertex -13.6162 2.94069 0
    endloop
  endfacet
  facet normal 0.368093 -0.929789 0
    outer loop
      vertex -16.3838 2.94069 0
      vertex -16.0043 3.09093 6
      vertex -16.3838 2.94069 6
    endloop
  endfacet
  facet normal 0.368093 -0.929789 0
    outer loop
      vertex -16.0043 3.09093 6
      vertex -16.3838 2.94069 0
      vertex -16.0043 3.09093 0
    endloop
  endfacet
  facet normal 0.904808 -0.425821 0
    outer loop
      vertex -18.0218 1.1964 6
      vertex -17.848 1.5657 0
      vertex -17.848 1.5657 6
    endloop
  endfacet
  facet normal 0.904808 -0.425821 0
    outer loop
      vertex -17.848 1.5657 0
      vertex -18.0218 1.1964 6
      vertex -18.0218 1.1964 0
    endloop
  endfacet
  facet normal -0.998031 0.0627242 0
    outer loop
      vertex -11.7756 -0.407332 0
      vertex -11.75 0 6
      vertex -11.75 0 0
    endloop
  endfacet
  facet normal -0.998031 0.0627242 0
    outer loop
      vertex -11.75 0 6
      vertex -11.7756 -0.407332 0
      vertex -11.7756 -0.407332 6
    endloop
  endfacet
  facet normal -0.481806 0.876278 0
    outer loop
      vertex -13.2586 -2.74407 0
      vertex -13.6162 -2.94069 6
      vertex -13.2586 -2.74407 6
    endloop
  endfacet
  facet normal -0.481806 0.876278 0
    outer loop
      vertex -13.6162 -2.94069 6
      vertex -13.2586 -2.74407 0
      vertex -13.6162 -2.94069 0
    endloop
  endfacet
  facet normal -0.125356 -0.992112 0
    outer loop
      vertex -14.7959 3.24359 0
      vertex -14.391 3.19243 6
      vertex -14.7959 3.24359 6
    endloop
  endfacet
  facet normal -0.125356 -0.992112 -0
    outer loop
      vertex -14.391 3.19243 6
      vertex -14.7959 3.24359 0
      vertex -14.391 3.19243 0
    endloop
  endfacet
  facet normal -0.587778 -0.809022 0
    outer loop
      vertex -13.2586 2.74407 0
      vertex -12.9284 2.50417 6
      vertex -13.2586 2.74407 6
    endloop
  endfacet
  facet normal -0.587778 -0.809022 -0
    outer loop
      vertex -12.9284 2.50417 6
      vertex -13.2586 2.74407 0
      vertex -12.9284 2.50417 0
    endloop
  endfacet
  facet normal 0.770466 -0.637481 0
    outer loop
      vertex -17.6293 1.9103 6
      vertex -17.3691 2.22478 0
      vertex -17.3691 2.22478 6
    endloop
  endfacet
  facet normal 0.770466 -0.637481 0
    outer loop
      vertex -17.3691 2.22478 0
      vertex -17.6293 1.9103 6
      vertex -17.6293 1.9103 0
    endloop
  endfacet
  facet normal 0.481806 -0.876278 0
    outer loop
      vertex -16.7414 2.74407 0
      vertex -16.3838 2.94069 6
      vertex -16.7414 2.74407 6
    endloop
  endfacet
  facet normal 0.481806 -0.876278 0
    outer loop
      vertex -16.3838 2.94069 6
      vertex -16.7414 2.74407 0
      vertex -16.3838 2.94069 0
    endloop
  endfacet
  facet normal 0.125356 -0.992112 0
    outer loop
      vertex -15.609 3.19243 0
      vertex -15.2041 3.24359 6
      vertex -15.609 3.19243 6
    endloop
  endfacet
  facet normal 0.125356 -0.992112 0
    outer loop
      vertex -15.2041 3.24359 6
      vertex -15.609 3.19243 0
      vertex -15.2041 3.24359 0
    endloop
  endfacet
  facet normal 0.587778 -0.809022 0
    outer loop
      vertex -17.0716 2.50417 0
      vertex -16.7414 2.74407 6
      vertex -17.0716 2.50417 6
    endloop
  endfacet
  facet normal 0.587778 -0.809022 0
    outer loop
      vertex -16.7414 2.74407 6
      vertex -17.0716 2.50417 0
      vertex -16.7414 2.74407 0
    endloop
  endfacet
  facet normal -0.998031 -0.0627242 0
    outer loop
      vertex -11.75 0 0
      vertex -11.7756 0.407332 6
      vertex -11.7756 0.407332 0
    endloop
  endfacet
  facet normal -0.998031 -0.0627242 0
    outer loop
      vertex -11.7756 0.407332 6
      vertex -11.75 0 0
      vertex -11.75 0 6
    endloop
  endfacet
  facet normal -0.587778 0.809022 0
    outer loop
      vertex -12.9284 -2.50417 0
      vertex -13.2586 -2.74407 6
      vertex -12.9284 -2.50417 6
    endloop
  endfacet
  facet normal -0.587778 0.809022 0
    outer loop
      vertex -13.2586 -2.74407 6
      vertex -12.9284 -2.50417 0
      vertex -13.2586 -2.74407 0
    endloop
  endfacet
  facet normal -0.951071 0.308972 0
    outer loop
      vertex -11.9782 -1.1964 0
      vertex -11.8521 -0.808242 6
      vertex -11.8521 -0.808242 0
    endloop
  endfacet
  facet normal -0.951071 0.308972 0
    outer loop
      vertex -11.8521 -0.808242 6
      vertex -11.9782 -1.1964 0
      vertex -11.9782 -1.1964 6
    endloop
  endfacet
  facet normal 0.2487 0.968581 -0
    outer loop
      vertex -15.609 -3.19243 0
      vertex -16.0043 -3.09093 6
      vertex -15.609 -3.19243 6
    endloop
  endfacet
  facet normal 0.2487 0.968581 0
    outer loop
      vertex -16.0043 -3.09093 6
      vertex -15.609 -3.19243 0
      vertex -16.0043 -3.09093 0
    endloop
  endfacet
  facet normal -0.951071 -0.308972 0
    outer loop
      vertex -11.8521 0.808242 0
      vertex -11.9782 1.1964 6
      vertex -11.9782 1.1964 0
    endloop
  endfacet
  facet normal -0.951071 -0.308972 0
    outer loop
      vertex -11.9782 1.1964 6
      vertex -11.8521 0.808242 0
      vertex -11.8521 0.808242 6
    endloop
  endfacet
  facet normal -0.684572 -0.728946 0
    outer loop
      vertex -12.9284 2.50417 0
      vertex -12.6309 2.22478 6
      vertex -12.9284 2.50417 6
    endloop
  endfacet
  facet normal -0.684572 -0.728946 -0
    outer loop
      vertex -12.6309 2.22478 6
      vertex -12.9284 2.50417 0
      vertex -12.6309 2.22478 0
    endloop
  endfacet
  facet normal 0 -1 0
    outer loop
      vertex -15.2041 3.24359 0
      vertex -14.7959 3.24359 6
      vertex -15.2041 3.24359 6
    endloop
  endfacet
  facet normal 0 -1 -0
    outer loop
      vertex -14.7959 3.24359 6
      vertex -15.2041 3.24359 0
      vertex -14.7959 3.24359 0
    endloop
  endfacet
  facet normal -0.481806 -0.876278 0
    outer loop
      vertex -13.6162 2.94069 0
      vertex -13.2586 2.74407 6
      vertex -13.6162 2.94069 6
    endloop
  endfacet
  facet normal -0.481806 -0.876278 -0
    outer loop
      vertex -13.2586 2.74407 6
      vertex -13.6162 2.94069 0
      vertex -13.2586 2.74407 0
    endloop
  endfacet
  facet normal 0.998031 -0.0627242 0
    outer loop
      vertex -18.25 0 6
      vertex -18.2244 0.407332 0
      vertex -18.2244 0.407332 6
    endloop
  endfacet
  facet normal 0.998031 -0.0627242 0
    outer loop
      vertex -18.2244 0.407332 0
      vertex -18.25 0 6
      vertex -18.25 0 0
    endloop
  endfacet
  facet normal 0.844317 -0.535845 0
    outer loop
      vertex -17.848 1.5657 6
      vertex -17.6293 1.9103 0
      vertex -17.6293 1.9103 6
    endloop
  endfacet
  facet normal 0.844317 -0.535845 0
    outer loop
      vertex -17.6293 1.9103 0
      vertex -17.848 1.5657 6
      vertex -17.848 1.5657 0
    endloop
  endfacet
  facet normal 0.2487 -0.968581 0
    outer loop
      vertex -16.0043 3.09093 0
      vertex -15.609 3.19243 6
      vertex -16.0043 3.09093 6
    endloop
  endfacet
  facet normal 0.2487 -0.968581 0
    outer loop
      vertex -15.609 3.19243 6
      vertex -16.0043 3.09093 0
      vertex -15.609 3.19243 0
    endloop
  endfacet
  facet normal 0.684572 -0.728946 0
    outer loop
      vertex -17.3691 2.22478 0
      vertex -17.0716 2.50417 6
      vertex -17.3691 2.22478 6
    endloop
  endfacet
  facet normal 0.684572 -0.728946 0
    outer loop
      vertex -17.0716 2.50417 6
      vertex -17.3691 2.22478 0
      vertex -17.0716 2.50417 0
    endloop
  endfacet
  facet normal -0.982277 0.187434 0
    outer loop
      vertex -11.8521 -0.808242 0
      vertex -11.7756 -0.407332 6
      vertex -11.7756 -0.407332 0
    endloop
  endfacet
  facet normal -0.982277 0.187434 0
    outer loop
      vertex -11.7756 -0.407332 6
      vertex -11.8521 -0.808242 0
      vertex -11.8521 -0.808242 6
    endloop
  endfacet
  facet normal -0.844317 0.535845 0
    outer loop
      vertex -12.3707 -1.9103 0
      vertex -12.152 -1.5657 6
      vertex -12.152 -1.5657 0
    endloop
  endfacet
  facet normal -0.844317 0.535845 0
    outer loop
      vertex -12.152 -1.5657 6
      vertex -12.3707 -1.9103 0
      vertex -12.3707 -1.9103 6
    endloop
  endfacet
  facet normal -0.904808 0.425821 0
    outer loop
      vertex -12.152 -1.5657 0
      vertex -11.9782 -1.1964 6
      vertex -11.9782 -1.1964 0
    endloop
  endfacet
  facet normal -0.904808 0.425821 0
    outer loop
      vertex -11.9782 -1.1964 6
      vertex -12.152 -1.5657 0
      vertex -12.152 -1.5657 6
    endloop
  endfacet
  facet normal -0.125356 0.992112 0
    outer loop
      vertex -14.391 -3.19243 0
      vertex -14.7959 -3.24359 6
      vertex -14.391 -3.19243 6
    endloop
  endfacet
  facet normal -0.125356 0.992112 0
    outer loop
      vertex -14.7959 -3.24359 6
      vertex -14.391 -3.19243 0
      vertex -14.7959 -3.24359 0
    endloop
  endfacet
  facet normal -0.982277 -0.187434 0
    outer loop
      vertex -11.7756 0.407332 0
      vertex -11.8521 0.808242 6
      vertex -11.8521 0.808242 0
    endloop
  endfacet
  facet normal -0.982277 -0.187434 0
    outer loop
      vertex -11.8521 0.808242 6
      vertex -11.7756 0.407332 0
      vertex -11.7756 0.407332 6
    endloop
  endfacet
  facet normal -0.770466 -0.637481 0
    outer loop
      vertex -12.3707 1.9103 0
      vertex -12.6309 2.22478 6
      vertex -12.6309 2.22478 0
    endloop
  endfacet
  facet normal -0.770466 -0.637481 0
    outer loop
      vertex -12.6309 2.22478 6
      vertex -12.3707 1.9103 0
      vertex -12.3707 1.9103 6
    endloop
  endfacet
  facet normal 0.982277 -0.187434 0
    outer loop
      vertex -18.2244 0.407332 6
      vertex -18.1479 0.808242 0
      vertex -18.1479 0.808242 6
    endloop
  endfacet
  facet normal 0.982277 -0.187434 0
    outer loop
      vertex -18.1479 0.808242 0
      vertex -18.2244 0.407332 6
      vertex -18.2244 0.407332 0
    endloop
  endfacet
  facet normal 0.125356 0.992112 -0
    outer loop
      vertex -15.2041 -3.24359 0
      vertex -15.609 -3.19243 6
      vertex -15.2041 -3.24359 6
    endloop
  endfacet
  facet normal 0.125356 0.992112 0
    outer loop
      vertex -15.609 -3.19243 6
      vertex -15.2041 -3.24359 0
      vertex -15.609 -3.19243 0
    endloop
  endfacet
  facet normal 0.998031 0.0627242 0
    outer loop
      vertex -18.2244 -0.407332 6
      vertex -18.25 0 0
      vertex -18.25 0 6
    endloop
  endfacet
  facet normal 0.998031 0.0627242 0
    outer loop
      vertex -18.25 0 0
      vertex -18.2244 -0.407332 6
      vertex -18.2244 -0.407332 0
    endloop
  endfacet
  facet normal 0.951071 0.308972 0
    outer loop
      vertex -18.0218 -1.1964 6
      vertex -18.1479 -0.808242 0
      vertex -18.1479 -0.808242 6
    endloop
  endfacet
  facet normal 0.951071 0.308972 0
    outer loop
      vertex -18.1479 -0.808242 0
      vertex -18.0218 -1.1964 6
      vertex -18.0218 -1.1964 0
    endloop
  endfacet
  facet normal 0.770466 0.637481 0
    outer loop
      vertex -17.3691 -2.22478 6
      vertex -17.6293 -1.9103 0
      vertex -17.6293 -1.9103 6
    endloop
  endfacet
  facet normal 0.770466 0.637481 0
    outer loop
      vertex -17.6293 -1.9103 0
      vertex -17.3691 -2.22478 6
      vertex -17.3691 -2.22478 0
    endloop
  endfacet
  facet normal -0.684572 0.728946 0
    outer loop
      vertex -12.6309 -2.22478 0
      vertex -12.9284 -2.50417 6
      vertex -12.6309 -2.22478 6
    endloop
  endfacet
  facet normal -0.684572 0.728946 0
    outer loop
      vertex -12.9284 -2.50417 6
      vertex -12.6309 -2.22478 0
      vertex -12.9284 -2.50417 0
    endloop
  endfacet
  facet normal 0.587778 0.809022 -0
    outer loop
      vertex -16.7414 -2.74407 0
      vertex -17.0716 -2.50417 6
      vertex -16.7414 -2.74407 6
    endloop
  endfacet
  facet normal 0.587778 0.809022 0
    outer loop
      vertex -17.0716 -2.50417 6
      vertex -16.7414 -2.74407 0
      vertex -17.0716 -2.50417 0
    endloop
  endfacet
  facet normal 0 1 -0
    outer loop
      vertex -14.7959 -3.24359 0
      vertex -15.2041 -3.24359 6
      vertex -14.7959 -3.24359 6
    endloop
  endfacet
  facet normal 0 1 0
    outer loop
      vertex -15.2041 -3.24359 6
      vertex -14.7959 -3.24359 0
      vertex -15.2041 -3.24359 0
    endloop
  endfacet
  facet normal 0.982277 0.187434 0
    outer loop
      vertex -18.1479 -0.808242 6
      vertex -18.2244 -0.407332 0
      vertex -18.2244 -0.407332 6
    endloop
  endfacet
  facet normal 0.982277 0.187434 0
    outer loop
      vertex -18.2244 -0.407332 0
      vertex -18.1479 -0.808242 6
      vertex -18.1479 -0.808242 0
    endloop
  endfacet
  facet normal 0.684572 0.728946 -0
    outer loop
      vertex -17.0716 -2.50417 0
      vertex -17.3691 -2.22478 6
      vertex -17.0716 -2.50417 6
    endloop
  endfacet
  facet normal 0.684572 0.728946 0
    outer loop
      vertex -17.3691 -2.22478 6
      vertex -17.0716 -2.50417 0
      vertex -17.3691 -2.22478 0
    endloop
  endfacet
  facet normal 0.904808 0.425821 0
    outer loop
      vertex -17.848 -1.5657 6
      vertex -18.0218 -1.1964 0
      vertex -18.0218 -1.1964 6
    endloop
  endfacet
  facet normal 0.904808 0.425821 0
    outer loop
      vertex -18.0218 -1.1964 0
      vertex -17.848 -1.5657 6
      vertex -17.848 -1.5657 0
    endloop
  endfacet
  facet normal -0.2487 0.968581 0
    outer loop
      vertex -13.9957 -3.09093 0
      vertex -14.391 -3.19243 6
      vertex -13.9957 -3.09093 6
    endloop
  endfacet
  facet normal -0.2487 0.968581 0
    outer loop
      vertex -14.391 -3.19243 6
      vertex -13.9957 -3.09093 0
      vertex -14.391 -3.19243 0
    endloop
  endfacet
  facet normal -0.368093 0.929789 0
    outer loop
      vertex -13.6162 -2.94069 0
      vertex -13.9957 -3.09093 6
      vertex -13.6162 -2.94069 6
    endloop
  endfacet
  facet normal -0.368093 0.929789 0
    outer loop
      vertex -13.9957 -3.09093 6
      vertex -13.6162 -2.94069 0
      vertex -13.9957 -3.09093 0
    endloop
  endfacet
  facet normal -0.770466 0.637481 0
    outer loop
      vertex -12.6309 -2.22478 0
      vertex -12.3707 -1.9103 6
      vertex -12.3707 -1.9103 0
    endloop
  endfacet
  facet normal -0.770466 0.637481 0
    outer loop
      vertex -12.3707 -1.9103 6
      vertex -12.6309 -2.22478 0
      vertex -12.6309 -2.22478 6
    endloop
  endfacet
  facet normal 0.481806 0.876278 -0
    outer loop
      vertex -16.3838 -2.94069 0
      vertex -16.7414 -2.74407 6
      vertex -16.3838 -2.94069 6
    endloop
  endfacet
  facet normal 0.481806 0.876278 0
    outer loop
      vertex -16.7414 -2.74407 6
      vertex -16.3838 -2.94069 0
      vertex -16.7414 -2.74407 0
    endloop
  endfacet
  facet normal 0.368093 0.929789 -0
    outer loop
      vertex -16.0043 -3.09093 0
      vertex -16.3838 -2.94069 6
      vertex -16.0043 -3.09093 6
    endloop
  endfacet
  facet normal 0.368093 0.929789 0
    outer loop
      vertex -16.3838 -2.94069 6
      vertex -16.0043 -3.09093 0
      vertex -16.3838 -2.94069 0
    endloop
  endfacet
  facet normal 0.844317 0.535845 0
    outer loop
      vertex -17.6293 -1.9103 6
      vertex -17.848 -1.5657 0
      vertex -17.848 -1.5657 6
    endloop
  endfacet
  facet normal 0.844317 0.535845 0
    outer loop
      vertex -17.848 -1.5657 0
      vertex -17.6293 -1.9103 6
      vertex -17.6293 -1.9103 0
    endloop
  endfacet
  facet normal -0.904836 -0.42576 0
    outer loop
      vertex 3.02177 1.1964 0
      vertex 2.848 1.5657 6
      vertex 2.848 1.5657 0
    endloop
  endfacet
  facet normal -0.904836 -0.42576 0
    outer loop
      vertex 2.848 1.5657 6
      vertex 3.02177 1.1964 0
      vertex 3.02177 1.1964 6
    endloop
  endfacet
  facet normal 0.951057 -0.309017 0
    outer loop
      vertex -3.14789 0.808242 6
      vertex -3.02177 1.1964 0
      vertex -3.02177 1.1964 6
    endloop
  endfacet
  facet normal 0.951057 -0.309017 0
    outer loop
      vertex -3.02177 1.1964 0
      vertex -3.14789 0.808242 6
      vertex -3.14789 0.808242 0
    endloop
  endfacet
  facet normal -0.844317 -0.535845 0
    outer loop
      vertex 2.848 1.5657 0
      vertex 2.6293 1.9103 6
      vertex 2.6293 1.9103 0
    endloop
  endfacet
  facet normal -0.844317 -0.535845 0
    outer loop
      vertex 2.6293 1.9103 6
      vertex 2.848 1.5657 0
      vertex 2.848 1.5657 6
    endloop
  endfacet
  facet normal -0.36811 -0.929782 0
    outer loop
      vertex 1.0043 3.09093 0
      vertex 1.38378 2.94069 6
      vertex 1.0043 3.09093 6
    endloop
  endfacet
  facet normal -0.36811 -0.929782 -0
    outer loop
      vertex 1.38378 2.94069 6
      vertex 1.0043 3.09093 0
      vertex 1.38378 2.94069 0
    endloop
  endfacet
  facet normal 0.36811 -0.929782 0
    outer loop
      vertex -1.38378 2.94069 0
      vertex -1.0043 3.09093 6
      vertex -1.38378 2.94069 6
    endloop
  endfacet
  facet normal 0.36811 -0.929782 0
    outer loop
      vertex -1.0043 3.09093 6
      vertex -1.38378 2.94069 0
      vertex -1.0043 3.09093 0
    endloop
  endfacet
  facet normal 0.904836 -0.42576 0
    outer loop
      vertex -3.02177 1.1964 6
      vertex -2.848 1.5657 0
      vertex -2.848 1.5657 6
    endloop
  endfacet
  facet normal 0.904836 -0.42576 0
    outer loop
      vertex -2.848 1.5657 0
      vertex -3.02177 1.1964 6
      vertex -3.02177 1.1964 0
    endloop
  endfacet
  facet normal -0.982286 0.187387 0
    outer loop
      vertex 3.14789 -0.808242 0
      vertex 3.22437 -0.407332 6
      vertex 3.22437 -0.407332 0
    endloop
  endfacet
  facet normal -0.982286 0.187387 0
    outer loop
      vertex 3.22437 -0.407332 6
      vertex 3.14789 -0.808242 0
      vertex 3.14789 -0.808242 6
    endloop
  endfacet
  facet normal -0.58779 -0.809014 0
    outer loop
      vertex 1.74144 2.74407 0
      vertex 2.07163 2.50417 6
      vertex 1.74144 2.74407 6
    endloop
  endfacet
  facet normal -0.58779 -0.809014 -0
    outer loop
      vertex 2.07163 2.50417 6
      vertex 1.74144 2.74407 0
      vertex 2.07163 2.50417 0
    endloop
  endfacet
  facet normal 0.982286 -0.187387 0
    outer loop
      vertex -3.22437 0.407332 6
      vertex -3.14789 0.808242 0
      vertex -3.14789 0.808242 6
    endloop
  endfacet
  facet normal 0.982286 -0.187387 0
    outer loop
      vertex -3.14789 0.808242 0
      vertex -3.22437 0.407332 6
      vertex -3.22437 0.407332 0
    endloop
  endfacet
  facet normal 0.770526 -0.637409 0
    outer loop
      vertex -2.6293 1.9103 6
      vertex -2.36915 2.22478 0
      vertex -2.36915 2.22478 6
    endloop
  endfacet
  facet normal 0.770526 -0.637409 0
    outer loop
      vertex -2.36915 2.22478 0
      vertex -2.6293 1.9103 6
      vertex -2.6293 1.9103 0
    endloop
  endfacet
  facet normal 0.481744 -0.876312 0
    outer loop
      vertex -1.74144 2.74407 0
      vertex -1.38378 2.94069 6
      vertex -1.74144 2.74407 6
    endloop
  endfacet
  facet normal 0.481744 -0.876312 0
    outer loop
      vertex -1.38378 2.94069 6
      vertex -1.74144 2.74407 0
      vertex -1.38378 2.94069 0
    endloop
  endfacet
  facet normal 0.125349 -0.992113 0
    outer loop
      vertex -0.608989 3.19243 0
      vertex -0.204069 3.24359 6
      vertex -0.608989 3.19243 6
    endloop
  endfacet
  facet normal 0.125349 -0.992113 0
    outer loop
      vertex -0.204069 3.24359 6
      vertex -0.608989 3.19243 0
      vertex -0.204069 3.24359 0
    endloop
  endfacet
  facet normal -0.998026 -0.0627975 0
    outer loop
      vertex 3.25 0 0
      vertex 3.22437 0.407332 6
      vertex 3.22437 0.407332 0
    endloop
  endfacet
  facet normal -0.998026 -0.0627975 0
    outer loop
      vertex 3.22437 0.407332 6
      vertex 3.25 0 0
      vertex 3.25 0 6
    endloop
  endfacet
  facet normal -0.951057 0.309017 0
    outer loop
      vertex 3.02177 -1.1964 0
      vertex 3.14789 -0.808242 6
      vertex 3.14789 -0.808242 0
    endloop
  endfacet
  facet normal -0.951057 0.309017 0
    outer loop
      vertex 3.14789 -0.808242 6
      vertex 3.02177 -1.1964 0
      vertex 3.02177 -1.1964 6
    endloop
  endfacet
  facet normal -0.58779 0.809014 0
    outer loop
      vertex 2.07163 -2.50417 0
      vertex 1.74144 -2.74407 6
      vertex 2.07163 -2.50417 6
    endloop
  endfacet
  facet normal -0.58779 0.809014 0
    outer loop
      vertex 1.74144 -2.74407 6
      vertex 2.07163 -2.50417 0
      vertex 1.74144 -2.74407 0
    endloop
  endfacet
  facet normal -0.951057 -0.309017 0
    outer loop
      vertex 3.14789 0.808242 0
      vertex 3.02177 1.1964 6
      vertex 3.02177 1.1964 0
    endloop
  endfacet
  facet normal -0.951057 -0.309017 0
    outer loop
      vertex 3.02177 1.1964 6
      vertex 3.14789 0.808242 0
      vertex 3.14789 0.808242 6
    endloop
  endfacet
  facet normal -0.684547 -0.728968 0
    outer loop
      vertex 2.07163 2.50417 0
      vertex 2.36915 2.22478 6
      vertex 2.07163 2.50417 6
    endloop
  endfacet
  facet normal -0.684547 -0.728968 -0
    outer loop
      vertex 2.36915 2.22478 6
      vertex 2.07163 2.50417 0
      vertex 2.36915 2.22478 0
    endloop
  endfacet
  facet normal -0.770526 -0.637409 0
    outer loop
      vertex 2.6293 1.9103 0
      vertex 2.36915 2.22478 6
      vertex 2.36915 2.22478 0
    endloop
  endfacet
  facet normal -0.770526 -0.637409 0
    outer loop
      vertex 2.36915 2.22478 6
      vertex 2.6293 1.9103 0
      vertex 2.6293 1.9103 6
    endloop
  endfacet
  facet normal 0 -1 0
    outer loop
      vertex -0.204069 3.24359 0
      vertex 0.204069 3.24359 6
      vertex -0.204069 3.24359 6
    endloop
  endfacet
  facet normal 0 -1 -0
    outer loop
      vertex 0.204069 3.24359 6
      vertex -0.204069 3.24359 0
      vertex 0.204069 3.24359 0
    endloop
  endfacet
  facet normal -0.248693 -0.968582 0
    outer loop
      vertex 0.608989 3.19243 0
      vertex 1.0043 3.09093 6
      vertex 0.608989 3.19243 6
    endloop
  endfacet
  facet normal -0.248693 -0.968582 -0
    outer loop
      vertex 1.0043 3.09093 6
      vertex 0.608989 3.19243 0
      vertex 1.0043 3.09093 0
    endloop
  endfacet
  facet normal -0.481744 -0.876312 0
    outer loop
      vertex 1.38378 2.94069 0
      vertex 1.74144 2.74407 6
      vertex 1.38378 2.94069 6
    endloop
  endfacet
  facet normal -0.481744 -0.876312 -0
    outer loop
      vertex 1.74144 2.74407 6
      vertex 1.38378 2.94069 0
      vertex 1.74144 2.74407 0
    endloop
  endfacet
  facet normal 0.998026 -0.0627975 0
    outer loop
      vertex -3.25 0 6
      vertex -3.22437 0.407332 0
      vertex -3.22437 0.407332 6
    endloop
  endfacet
  facet normal 0.998026 -0.0627975 0
    outer loop
      vertex -3.22437 0.407332 0
      vertex -3.25 0 6
      vertex -3.25 0 0
    endloop
  endfacet
  facet normal 0.844317 -0.535845 0
    outer loop
      vertex -2.848 1.5657 6
      vertex -2.6293 1.9103 0
      vertex -2.6293 1.9103 6
    endloop
  endfacet
  facet normal 0.844317 -0.535845 0
    outer loop
      vertex -2.6293 1.9103 0
      vertex -2.848 1.5657 6
      vertex -2.848 1.5657 0
    endloop
  endfacet
  facet normal 0.248693 -0.968582 0
    outer loop
      vertex -1.0043 3.09093 0
      vertex -0.608989 3.19243 6
      vertex -1.0043 3.09093 6
    endloop
  endfacet
  facet normal 0.248693 -0.968582 0
    outer loop
      vertex -0.608989 3.19243 6
      vertex -1.0043 3.09093 0
      vertex -0.608989 3.19243 0
    endloop
  endfacet
  facet normal 0.58779 -0.809014 0
    outer loop
      vertex -2.07163 2.50417 0
      vertex -1.74144 2.74407 6
      vertex -2.07163 2.50417 6
    endloop
  endfacet
  facet normal 0.58779 -0.809014 0
    outer loop
      vertex -1.74144 2.74407 6
      vertex -2.07163 2.50417 0
      vertex -1.74144 2.74407 0
    endloop
  endfacet
  facet normal 0.684547 -0.728968 0
    outer loop
      vertex -2.36915 2.22478 0
      vertex -2.07163 2.50417 6
      vertex -2.36915 2.22478 6
    endloop
  endfacet
  facet normal 0.684547 -0.728968 0
    outer loop
      vertex -2.07163 2.50417 6
      vertex -2.36915 2.22478 0
      vertex -2.07163 2.50417 0
    endloop
  endfacet
  facet normal -0.844317 0.535845 0
    outer loop
      vertex 2.6293 -1.9103 0
      vertex 2.848 -1.5657 6
      vertex 2.848 -1.5657 0
    endloop
  endfacet
  facet normal -0.844317 0.535845 0
    outer loop
      vertex 2.848 -1.5657 6
      vertex 2.6293 -1.9103 0
      vertex 2.6293 -1.9103 6
    endloop
  endfacet
  facet normal 0 1 -0
    outer loop
      vertex 0.204069 -3.24359 0
      vertex -0.204069 -3.24359 6
      vertex 0.204069 -3.24359 6
    endloop
  endfacet
  facet normal 0 1 0
    outer loop
      vertex -0.204069 -3.24359 6
      vertex 0.204069 -3.24359 0
      vertex -0.204069 -3.24359 0
    endloop
  endfacet
  facet normal 0.951057 0.309017 0
    outer loop
      vertex -3.02177 -1.1964 6
      vertex -3.14789 -0.808242 0
      vertex -3.14789 -0.808242 6
    endloop
  endfacet
  facet normal 0.951057 0.309017 0
    outer loop
      vertex -3.14789 -0.808242 0
      vertex -3.02177 -1.1964 6
      vertex -3.02177 -1.1964 0
    endloop
  endfacet
  facet normal 0.904836 0.42576 0
    outer loop
      vertex -2.848 -1.5657 6
      vertex -3.02177 -1.1964 0
      vertex -3.02177 -1.1964 6
    endloop
  endfacet
  facet normal 0.904836 0.42576 0
    outer loop
      vertex -3.02177 -1.1964 0
      vertex -2.848 -1.5657 6
      vertex -2.848 -1.5657 0
    endloop
  endfacet
  facet normal -0.125349 0.992113 0
    outer loop
      vertex 0.608989 -3.19243 0
      vertex 0.204069 -3.24359 6
      vertex 0.608989 -3.19243 6
    endloop
  endfacet
  facet normal -0.125349 0.992113 0
    outer loop
      vertex 0.204069 -3.24359 6
      vertex 0.608989 -3.19243 0
      vertex 0.204069 -3.24359 0
    endloop
  endfacet
  facet normal -0.982286 -0.187387 0
    outer loop
      vertex 3.22437 0.407332 0
      vertex 3.14789 0.808242 6
      vertex 3.14789 0.808242 0
    endloop
  endfacet
  facet normal -0.982286 -0.187387 0
    outer loop
      vertex 3.14789 0.808242 6
      vertex 3.22437 0.407332 0
      vertex 3.22437 0.407332 6
    endloop
  endfacet
  facet normal -0.125349 -0.992113 0
    outer loop
      vertex 0.204069 3.24359 0
      vertex 0.608989 3.19243 6
      vertex 0.204069 3.24359 6
    endloop
  endfacet
  facet normal -0.125349 -0.992113 -0
    outer loop
      vertex 0.608989 3.19243 6
      vertex 0.204069 3.24359 0
      vertex 0.608989 3.19243 0
    endloop
  endfacet
  facet normal -0.998026 0.0627975 0
    outer loop
      vertex 3.22437 -0.407332 0
      vertex 3.25 0 6
      vertex 3.25 0 0
    endloop
  endfacet
  facet normal -0.998026 0.0627975 0
    outer loop
      vertex 3.25 0 6
      vertex 3.22437 -0.407332 0
      vertex 3.22437 -0.407332 6
    endloop
  endfacet
  facet normal 0.36811 0.929782 -0
    outer loop
      vertex -1.0043 -3.09093 0
      vertex -1.38378 -2.94069 6
      vertex -1.0043 -3.09093 6
    endloop
  endfacet
  facet normal 0.36811 0.929782 0
    outer loop
      vertex -1.38378 -2.94069 6
      vertex -1.0043 -3.09093 0
      vertex -1.38378 -2.94069 0
    endloop
  endfacet
  facet normal 0.998026 0.0627975 0
    outer loop
      vertex -3.22437 -0.407332 6
      vertex -3.25 0 0
      vertex -3.25 0 6
    endloop
  endfacet
  facet normal 0.998026 0.0627975 0
    outer loop
      vertex -3.25 0 0
      vertex -3.22437 -0.407332 6
      vertex -3.22437 -0.407332 0
    endloop
  endfacet
  facet normal -0.248693 0.968582 0
    outer loop
      vertex 1.0043 -3.09093 0
      vertex 0.608989 -3.19243 6
      vertex 1.0043 -3.09093 6
    endloop
  endfacet
  facet normal -0.248693 0.968582 0
    outer loop
      vertex 0.608989 -3.19243 6
      vertex 1.0043 -3.09093 0
      vertex 0.608989 -3.19243 0
    endloop
  endfacet
  facet normal -0.481744 0.876312 0
    outer loop
      vertex 1.74144 -2.74407 0
      vertex 1.38378 -2.94069 6
      vertex 1.74144 -2.74407 6
    endloop
  endfacet
  facet normal -0.481744 0.876312 0
    outer loop
      vertex 1.38378 -2.94069 6
      vertex 1.74144 -2.74407 0
      vertex 1.38378 -2.94069 0
    endloop
  endfacet
  facet normal -0.684547 0.728968 0
    outer loop
      vertex 2.36915 -2.22478 0
      vertex 2.07163 -2.50417 6
      vertex 2.36915 -2.22478 6
    endloop
  endfacet
  facet normal -0.684547 0.728968 0
    outer loop
      vertex 2.07163 -2.50417 6
      vertex 2.36915 -2.22478 0
      vertex 2.07163 -2.50417 0
    endloop
  endfacet
  facet normal -0.904836 0.42576 0
    outer loop
      vertex 2.848 -1.5657 0
      vertex 3.02177 -1.1964 6
      vertex 3.02177 -1.1964 0
    endloop
  endfacet
  facet normal -0.904836 0.42576 0
    outer loop
      vertex 3.02177 -1.1964 6
      vertex 2.848 -1.5657 0
      vertex 2.848 -1.5657 6
    endloop
  endfacet
  facet normal 0.58779 0.809014 -0
    outer loop
      vertex -1.74144 -2.74407 0
      vertex -2.07163 -2.50417 6
      vertex -1.74144 -2.74407 6
    endloop
  endfacet
  facet normal 0.58779 0.809014 0
    outer loop
      vertex -2.07163 -2.50417 6
      vertex -1.74144 -2.74407 0
      vertex -2.07163 -2.50417 0
    endloop
  endfacet
  facet normal 0.248693 0.968582 -0
    outer loop
      vertex -0.608989 -3.19243 0
      vertex -1.0043 -3.09093 6
      vertex -0.608989 -3.19243 6
    endloop
  endfacet
  facet normal 0.248693 0.968582 0
    outer loop
      vertex -1.0043 -3.09093 6
      vertex -0.608989 -3.19243 0
      vertex -1.0043 -3.09093 0
    endloop
  endfacet
  facet normal 0.770526 0.637409 0
    outer loop
      vertex -2.36915 -2.22478 6
      vertex -2.6293 -1.9103 0
      vertex -2.6293 -1.9103 6
    endloop
  endfacet
  facet normal 0.770526 0.637409 0
    outer loop
      vertex -2.6293 -1.9103 0
      vertex -2.36915 -2.22478 6
      vertex -2.36915 -2.22478 0
    endloop
  endfacet
  facet normal 0.844317 0.535845 0
    outer loop
      vertex -2.6293 -1.9103 6
      vertex -2.848 -1.5657 0
      vertex -2.848 -1.5657 6
    endloop
  endfacet
  facet normal 0.844317 0.535845 0
    outer loop
      vertex -2.848 -1.5657 0
      vertex -2.6293 -1.9103 6
      vertex -2.6293 -1.9103 0
    endloop
  endfacet
  facet normal 0.684547 0.728968 -0
    outer loop
      vertex -2.07163 -2.50417 0
      vertex -2.36915 -2.22478 6
      vertex -2.07163 -2.50417 6
    endloop
  endfacet
  facet normal 0.684547 0.728968 0
    outer loop
      vertex -2.36915 -2.22478 6
      vertex -2.07163 -2.50417 0
      vertex -2.36915 -2.22478 0
    endloop
  endfacet
  facet normal 0.982286 0.187387 0
    outer loop
      vertex -3.14789 -0.808242 6
      vertex -3.22437 -0.407332 0
      vertex -3.22437 -0.407332 6
    endloop
  endfacet
  facet normal 0.982286 0.187387 0
    outer loop
      vertex -3.22437 -0.407332 0
      vertex -3.14789 -0.808242 6
      vertex -3.14789 -0.808242 0
    endloop
  endfacet
  facet normal -0.770526 0.637409 0
    outer loop
      vertex 2.36915 -2.22478 0
      vertex 2.6293 -1.9103 6
      vertex 2.6293 -1.9103 0
    endloop
  endfacet
  facet normal -0.770526 0.637409 0
    outer loop
      vertex 2.6293 -1.9103 6
      vertex 2.36915 -2.22478 0
      vertex 2.36915 -2.22478 6
    endloop
  endfacet
  facet normal 0.481744 0.876312 -0
    outer loop
      vertex -1.38378 -2.94069 0
      vertex -1.74144 -2.74407 6
      vertex -1.38378 -2.94069 6
    endloop
  endfacet
  facet normal 0.481744 0.876312 0
    outer loop
      vertex -1.74144 -2.74407 6
      vertex -1.38378 -2.94069 0
      vertex -1.74144 -2.74407 0
    endloop
  endfacet
  facet normal 0.125349 0.992113 -0
    outer loop
      vertex -0.204069 -3.24359 0
      vertex -0.608989 -3.19243 6
      vertex -0.204069 -3.24359 6
    endloop
  endfacet
  facet normal 0.125349 0.992113 0
    outer loop
      vertex -0.608989 -3.19243 6
      vertex -0.204069 -3.24359 0
      vertex -0.608989 -3.19243 0
    endloop
  endfacet
  facet normal -0.36811 0.929782 0
    outer loop
      vertex 1.38378 -2.94069 0
      vertex 1.0043 -3.09093 6
      vertex 1.38378 -2.94069 6
    endloop
  endfacet
  facet normal -0.36811 0.929782 0
    outer loop
      vertex 1.0043 -3.09093 6
      vertex 1.38378 -2.94069 0
      vertex 1.0043 -3.09093 0
    endloop
  endfacet
  facet normal -0.587778 -0.809022 0
    outer loop
      vertex 16.7414 2.74407 0
      vertex 17.0716 2.50417 6
      vertex 16.7414 2.74407 6
    endloop
  endfacet
  facet normal -0.587778 -0.809022 -0
    outer loop
      vertex 17.0716 2.50417 6
      vertex 16.7414 2.74407 0
      vertex 17.0716 2.50417 0
    endloop
  endfacet
  facet normal -0.998031 0.0627242 0
    outer loop
      vertex 18.2244 -0.407332 0
      vertex 18.25 0 6
      vertex 18.25 0 0
    endloop
  endfacet
  facet normal -0.998031 0.0627242 0
    outer loop
      vertex 18.25 0 6
      vertex 18.2244 -0.407332 0
      vertex 18.2244 -0.407332 6
    endloop
  endfacet
  facet normal 0.2487 0.968581 -0
    outer loop
      vertex 14.391 -3.19243 0
      vertex 13.9957 -3.09093 6
      vertex 14.391 -3.19243 6
    endloop
  endfacet
  facet normal 0.2487 0.968581 0
    outer loop
      vertex 13.9957 -3.09093 6
      vertex 14.391 -3.19243 0
      vertex 13.9957 -3.09093 0
    endloop
  endfacet
  facet normal 0.481806 -0.876278 0
    outer loop
      vertex 13.2586 2.74407 0
      vertex 13.6162 2.94069 6
      vertex 13.2586 2.74407 6
    endloop
  endfacet
  facet normal 0.481806 -0.876278 0
    outer loop
      vertex 13.6162 2.94069 6
      vertex 13.2586 2.74407 0
      vertex 13.6162 2.94069 0
    endloop
  endfacet
  facet normal 0.951071 -0.308972 0
    outer loop
      vertex 11.8521 0.808242 6
      vertex 11.9782 1.1964 0
      vertex 11.9782 1.1964 6
    endloop
  endfacet
  facet normal 0.951071 -0.308972 0
    outer loop
      vertex 11.9782 1.1964 0
      vertex 11.8521 0.808242 6
      vertex 11.8521 0.808242 0
    endloop
  endfacet
  facet normal 0.844317 0.535845 0
    outer loop
      vertex 12.3707 -1.9103 6
      vertex 12.152 -1.5657 0
      vertex 12.152 -1.5657 6
    endloop
  endfacet
  facet normal 0.844317 0.535845 0
    outer loop
      vertex 12.152 -1.5657 0
      vertex 12.3707 -1.9103 6
      vertex 12.3707 -1.9103 0
    endloop
  endfacet
  facet normal -0.951071 -0.308972 0
    outer loop
      vertex 18.1479 0.808242 0
      vertex 18.0218 1.1964 6
      vertex 18.0218 1.1964 0
    endloop
  endfacet
  facet normal -0.951071 -0.308972 0
    outer loop
      vertex 18.0218 1.1964 6
      vertex 18.1479 0.808242 0
      vertex 18.1479 0.808242 6
    endloop
  endfacet
  facet normal -0.904808 -0.425821 0
    outer loop
      vertex 18.0218 1.1964 0
      vertex 17.848 1.5657 6
      vertex 17.848 1.5657 0
    endloop
  endfacet
  facet normal -0.904808 -0.425821 0
    outer loop
      vertex 17.848 1.5657 6
      vertex 18.0218 1.1964 0
      vertex 18.0218 1.1964 6
    endloop
  endfacet
  facet normal -0.844317 -0.535845 0
    outer loop
      vertex 17.848 1.5657 0
      vertex 17.6293 1.9103 6
      vertex 17.6293 1.9103 0
    endloop
  endfacet
  facet normal -0.844317 -0.535845 0
    outer loop
      vertex 17.6293 1.9103 6
      vertex 17.848 1.5657 0
      vertex 17.848 1.5657 6
    endloop
  endfacet
  facet normal -0.770466 -0.637481 0
    outer loop
      vertex 17.6293 1.9103 0
      vertex 17.3691 2.22478 6
      vertex 17.3691 2.22478 0
    endloop
  endfacet
  facet normal -0.770466 -0.637481 0
    outer loop
      vertex 17.3691 2.22478 6
      vertex 17.6293 1.9103 0
      vertex 17.6293 1.9103 6
    endloop
  endfacet
  facet normal -0.481806 -0.876278 0
    outer loop
      vertex 16.3838 2.94069 0
      vertex 16.7414 2.74407 6
      vertex 16.3838 2.94069 6
    endloop
  endfacet
  facet normal -0.481806 -0.876278 -0
    outer loop
      vertex 16.7414 2.74407 6
      vertex 16.3838 2.94069 0
      vertex 16.7414 2.74407 0
    endloop
  endfacet
  facet normal -0.2487 -0.968581 0
    outer loop
      vertex 15.609 3.19243 0
      vertex 16.0043 3.09093 6
      vertex 15.609 3.19243 6
    endloop
  endfacet
  facet normal -0.2487 -0.968581 -0
    outer loop
      vertex 16.0043 3.09093 6
      vertex 15.609 3.19243 0
      vertex 16.0043 3.09093 0
    endloop
  endfacet
  facet normal 0.998031 -0.0627242 0
    outer loop
      vertex 11.75 0 6
      vertex 11.7756 0.407332 0
      vertex 11.7756 0.407332 6
    endloop
  endfacet
  facet normal 0.998031 -0.0627242 0
    outer loop
      vertex 11.7756 0.407332 0
      vertex 11.75 0 6
      vertex 11.75 0 0
    endloop
  endfacet
  facet normal 0.844317 -0.535845 0
    outer loop
      vertex 12.152 1.5657 6
      vertex 12.3707 1.9103 0
      vertex 12.3707 1.9103 6
    endloop
  endfacet
  facet normal 0.844317 -0.535845 0
    outer loop
      vertex 12.3707 1.9103 0
      vertex 12.152 1.5657 6
      vertex 12.152 1.5657 0
    endloop
  endfacet
  facet normal 0.587778 -0.809022 0
    outer loop
      vertex 12.9284 2.50417 0
      vertex 13.2586 2.74407 6
      vertex 12.9284 2.50417 6
    endloop
  endfacet
  facet normal 0.587778 -0.809022 0
    outer loop
      vertex 13.2586 2.74407 6
      vertex 12.9284 2.50417 0
      vertex 13.2586 2.74407 0
    endloop
  endfacet
  facet normal 0.684572 -0.728946 0
    outer loop
      vertex 12.6309 2.22478 0
      vertex 12.9284 2.50417 6
      vertex 12.6309 2.22478 6
    endloop
  endfacet
  facet normal 0.684572 -0.728946 0
    outer loop
      vertex 12.9284 2.50417 6
      vertex 12.6309 2.22478 0
      vertex 12.9284 2.50417 0
    endloop
  endfacet
  facet normal -0.998031 -0.0627242 0
    outer loop
      vertex 18.25 0 0
      vertex 18.2244 0.407332 6
      vertex 18.2244 0.407332 0
    endloop
  endfacet
  facet normal -0.998031 -0.0627242 0
    outer loop
      vertex 18.2244 0.407332 6
      vertex 18.25 0 0
      vertex 18.25 0 6
    endloop
  endfacet
  facet normal -0.844317 0.535845 0
    outer loop
      vertex 17.6293 -1.9103 0
      vertex 17.848 -1.5657 6
      vertex 17.848 -1.5657 0
    endloop
  endfacet
  facet normal -0.844317 0.535845 0
    outer loop
      vertex 17.848 -1.5657 6
      vertex 17.6293 -1.9103 0
      vertex 17.6293 -1.9103 6
    endloop
  endfacet
  facet normal -0.368093 0.929789 0
    outer loop
      vertex 16.3838 -2.94069 0
      vertex 16.0043 -3.09093 6
      vertex 16.3838 -2.94069 6
    endloop
  endfacet
  facet normal -0.368093 0.929789 0
    outer loop
      vertex 16.0043 -3.09093 6
      vertex 16.3838 -2.94069 0
      vertex 16.0043 -3.09093 0
    endloop
  endfacet
  facet normal -0.770466 0.637481 0
    outer loop
      vertex 17.3691 -2.22478 0
      vertex 17.6293 -1.9103 6
      vertex 17.6293 -1.9103 0
    endloop
  endfacet
  facet normal -0.770466 0.637481 0
    outer loop
      vertex 17.6293 -1.9103 6
      vertex 17.3691 -2.22478 0
      vertex 17.3691 -2.22478 6
    endloop
  endfacet
  facet normal -0.587778 0.809022 0
    outer loop
      vertex 17.0716 -2.50417 0
      vertex 16.7414 -2.74407 6
      vertex 17.0716 -2.50417 6
    endloop
  endfacet
  facet normal -0.587778 0.809022 0
    outer loop
      vertex 16.7414 -2.74407 6
      vertex 17.0716 -2.50417 0
      vertex 16.7414 -2.74407 0
    endloop
  endfacet
  facet normal 0 1 -0
    outer loop
      vertex 15.2041 -3.24359 0
      vertex 14.7959 -3.24359 6
      vertex 15.2041 -3.24359 6
    endloop
  endfacet
  facet normal 0 1 0
    outer loop
      vertex 14.7959 -3.24359 6
      vertex 15.2041 -3.24359 0
      vertex 14.7959 -3.24359 0
    endloop
  endfacet
  facet normal 0.481806 0.876278 -0
    outer loop
      vertex 13.6162 -2.94069 0
      vertex 13.2586 -2.74407 6
      vertex 13.6162 -2.94069 6
    endloop
  endfacet
  facet normal 0.481806 0.876278 0
    outer loop
      vertex 13.2586 -2.74407 6
      vertex 13.6162 -2.94069 0
      vertex 13.2586 -2.74407 0
    endloop
  endfacet
  facet normal 0.587778 0.809022 -0
    outer loop
      vertex 13.2586 -2.74407 0
      vertex 12.9284 -2.50417 6
      vertex 13.2586 -2.74407 6
    endloop
  endfacet
  facet normal 0.587778 0.809022 0
    outer loop
      vertex 12.9284 -2.50417 6
      vertex 13.2586 -2.74407 0
      vertex 12.9284 -2.50417 0
    endloop
  endfacet
  facet normal -0.684572 -0.728946 0
    outer loop
      vertex 17.0716 2.50417 0
      vertex 17.3691 2.22478 6
      vertex 17.0716 2.50417 6
    endloop
  endfacet
  facet normal -0.684572 -0.728946 -0
    outer loop
      vertex 17.3691 2.22478 6
      vertex 17.0716 2.50417 0
      vertex 17.3691 2.22478 0
    endloop
  endfacet
  facet normal 0 -1 0
    outer loop
      vertex 14.7959 3.24359 0
      vertex 15.2041 3.24359 6
      vertex 14.7959 3.24359 6
    endloop
  endfacet
  facet normal 0 -1 -0
    outer loop
      vertex 15.2041 3.24359 6
      vertex 14.7959 3.24359 0
      vertex 15.2041 3.24359 0
    endloop
  endfacet
  facet normal -0.368093 -0.929789 0
    outer loop
      vertex 16.0043 3.09093 0
      vertex 16.3838 2.94069 6
      vertex 16.0043 3.09093 6
    endloop
  endfacet
  facet normal -0.368093 -0.929789 -0
    outer loop
      vertex 16.3838 2.94069 6
      vertex 16.0043 3.09093 0
      vertex 16.3838 2.94069 0
    endloop
  endfacet
  facet normal -0.125356 -0.992112 0
    outer loop
      vertex 15.2041 3.24359 0
      vertex 15.609 3.19243 6
      vertex 15.2041 3.24359 6
    endloop
  endfacet
  facet normal -0.125356 -0.992112 -0
    outer loop
      vertex 15.609 3.19243 6
      vertex 15.2041 3.24359 0
      vertex 15.609 3.19243 0
    endloop
  endfacet
  facet normal 0.998031 0.0627242 0
    outer loop
      vertex 11.7756 -0.407332 6
      vertex 11.75 0 0
      vertex 11.75 0 6
    endloop
  endfacet
  facet normal 0.998031 0.0627242 0
    outer loop
      vertex 11.75 0 0
      vertex 11.7756 -0.407332 6
      vertex 11.7756 -0.407332 0
    endloop
  endfacet
  facet normal 0.982277 -0.187434 0
    outer loop
      vertex 11.7756 0.407332 6
      vertex 11.8521 0.808242 0
      vertex 11.8521 0.808242 6
    endloop
  endfacet
  facet normal 0.982277 -0.187434 0
    outer loop
      vertex 11.8521 0.808242 0
      vertex 11.7756 0.407332 6
      vertex 11.7756 0.407332 0
    endloop
  endfacet
  facet normal 0.904808 -0.425821 0
    outer loop
      vertex 11.9782 1.1964 6
      vertex 12.152 1.5657 0
      vertex 12.152 1.5657 6
    endloop
  endfacet
  facet normal 0.904808 -0.425821 0
    outer loop
      vertex 12.152 1.5657 0
      vertex 11.9782 1.1964 6
      vertex 11.9782 1.1964 0
    endloop
  endfacet
  facet normal 0.125356 -0.992112 0
    outer loop
      vertex 14.391 3.19243 0
      vertex 14.7959 3.24359 6
      vertex 14.391 3.19243 6
    endloop
  endfacet
  facet normal 0.125356 -0.992112 0
    outer loop
      vertex 14.7959 3.24359 6
      vertex 14.391 3.19243 0
      vertex 14.7959 3.24359 0
    endloop
  endfacet
  facet normal 0.2487 -0.968581 0
    outer loop
      vertex 13.9957 3.09093 0
      vertex 14.391 3.19243 6
      vertex 13.9957 3.09093 6
    endloop
  endfacet
  facet normal 0.2487 -0.968581 0
    outer loop
      vertex 14.391 3.19243 6
      vertex 13.9957 3.09093 0
      vertex 14.391 3.19243 0
    endloop
  endfacet
  facet normal 0.770466 -0.637481 0
    outer loop
      vertex 12.3707 1.9103 6
      vertex 12.6309 2.22478 0
      vertex 12.6309 2.22478 6
    endloop
  endfacet
  facet normal 0.770466 -0.637481 0
    outer loop
      vertex 12.6309 2.22478 0
      vertex 12.3707 1.9103 6
      vertex 12.3707 1.9103 0
    endloop
  endfacet
  facet normal -0.125356 0.992112 0
    outer loop
      vertex 15.609 -3.19243 0
      vertex 15.2041 -3.24359 6
      vertex 15.609 -3.19243 6
    endloop
  endfacet
  facet normal -0.125356 0.992112 0
    outer loop
      vertex 15.2041 -3.24359 6
      vertex 15.609 -3.19243 0
      vertex 15.2041 -3.24359 0
    endloop
  endfacet
  facet normal -0.982277 0.187434 0
    outer loop
      vertex 18.1479 -0.808242 0
      vertex 18.2244 -0.407332 6
      vertex 18.2244 -0.407332 0
    endloop
  endfacet
  facet normal -0.982277 0.187434 0
    outer loop
      vertex 18.2244 -0.407332 6
      vertex 18.1479 -0.808242 0
      vertex 18.1479 -0.808242 6
    endloop
  endfacet
  facet normal -0.951071 0.308972 0
    outer loop
      vertex 18.0218 -1.1964 0
      vertex 18.1479 -0.808242 6
      vertex 18.1479 -0.808242 0
    endloop
  endfacet
  facet normal -0.951071 0.308972 0
    outer loop
      vertex 18.1479 -0.808242 6
      vertex 18.0218 -1.1964 0
      vertex 18.0218 -1.1964 6
    endloop
  endfacet
  facet normal -0.2487 0.968581 0
    outer loop
      vertex 16.0043 -3.09093 0
      vertex 15.609 -3.19243 6
      vertex 16.0043 -3.09093 6
    endloop
  endfacet
  facet normal -0.2487 0.968581 0
    outer loop
      vertex 15.609 -3.19243 6
      vertex 16.0043 -3.09093 0
      vertex 15.609 -3.19243 0
    endloop
  endfacet
  facet normal -0.684572 0.728946 0
    outer loop
      vertex 17.3691 -2.22478 0
      vertex 17.0716 -2.50417 6
      vertex 17.3691 -2.22478 6
    endloop
  endfacet
  facet normal -0.684572 0.728946 0
    outer loop
      vertex 17.0716 -2.50417 6
      vertex 17.3691 -2.22478 0
      vertex 17.0716 -2.50417 0
    endloop
  endfacet
  facet normal 0.125356 0.992112 -0
    outer loop
      vertex 14.7959 -3.24359 0
      vertex 14.391 -3.19243 6
      vertex 14.7959 -3.24359 6
    endloop
  endfacet
  facet normal 0.125356 0.992112 0
    outer loop
      vertex 14.391 -3.19243 6
      vertex 14.7959 -3.24359 0
      vertex 14.391 -3.19243 0
    endloop
  endfacet
  facet normal 0.368093 0.929789 -0
    outer loop
      vertex 13.9957 -3.09093 0
      vertex 13.6162 -2.94069 6
      vertex 13.9957 -3.09093 6
    endloop
  endfacet
  facet normal 0.368093 0.929789 0
    outer loop
      vertex 13.6162 -2.94069 6
      vertex 13.9957 -3.09093 0
      vertex 13.6162 -2.94069 0
    endloop
  endfacet
  facet normal 0.904808 0.425821 0
    outer loop
      vertex 12.152 -1.5657 6
      vertex 11.9782 -1.1964 0
      vertex 11.9782 -1.1964 6
    endloop
  endfacet
  facet normal 0.904808 0.425821 0
    outer loop
      vertex 11.9782 -1.1964 0
      vertex 12.152 -1.5657 6
      vertex 12.152 -1.5657 0
    endloop
  endfacet
  facet normal 0.982277 0.187434 0
    outer loop
      vertex 11.8521 -0.808242 6
      vertex 11.7756 -0.407332 0
      vertex 11.7756 -0.407332 6
    endloop
  endfacet
  facet normal 0.982277 0.187434 0
    outer loop
      vertex 11.7756 -0.407332 0
      vertex 11.8521 -0.808242 6
      vertex 11.8521 -0.808242 0
    endloop
  endfacet
  facet normal 0.770466 0.637481 0
    outer loop
      vertex 12.6309 -2.22478 6
      vertex 12.3707 -1.9103 0
      vertex 12.3707 -1.9103 6
    endloop
  endfacet
  facet normal 0.770466 0.637481 0
    outer loop
      vertex 12.3707 -1.9103 0
      vertex 12.6309 -2.22478 6
      vertex 12.6309 -2.22478 0
    endloop
  endfacet
  facet normal 0.684572 0.728946 -0
    outer loop
      vertex 12.9284 -2.50417 0
      vertex 12.6309 -2.22478 6
      vertex 12.9284 -2.50417 6
    endloop
  endfacet
  facet normal 0.684572 0.728946 0
    outer loop
      vertex 12.6309 -2.22478 6
      vertex 12.9284 -2.50417 0
      vertex 12.6309 -2.22478 0
    endloop
  endfacet
  facet normal -0.982277 -0.187434 0
    outer loop
      vertex 18.2244 0.407332 0
      vertex 18.1479 0.808242 6
      vertex 18.1479 0.808242 0
    endloop
  endfacet
  facet normal -0.982277 -0.187434 0
    outer loop
      vertex 18.1479 0.808242 6
      vertex 18.2244 0.407332 0
      vertex 18.2244 0.407332 6
    endloop
  endfacet
  facet normal 0.368093 -0.929789 0
    outer loop
      vertex 13.6162 2.94069 0
      vertex 13.9957 3.09093 6
      vertex 13.6162 2.94069 6
    endloop
  endfacet
  facet normal 0.368093 -0.929789 0
    outer loop
      vertex 13.9957 3.09093 6
      vertex 13.6162 2.94069 0
      vertex 13.9957 3.09093 0
    endloop
  endfacet
  facet normal -0.904808 0.425821 0
    outer loop
      vertex 17.848 -1.5657 0
      vertex 18.0218 -1.1964 6
      vertex 18.0218 -1.1964 0
    endloop
  endfacet
  facet normal -0.904808 0.425821 0
    outer loop
      vertex 18.0218 -1.1964 6
      vertex 17.848 -1.5657 0
      vertex 17.848 -1.5657 6
    endloop
  endfacet
  facet normal -0.481806 0.876278 0
    outer loop
      vertex 16.7414 -2.74407 0
      vertex 16.3838 -2.94069 6
      vertex 16.7414 -2.74407 6
    endloop
  endfacet
  facet normal -0.481806 0.876278 0
    outer loop
      vertex 16.3838 -2.94069 6
      vertex 16.7414 -2.74407 0
      vertex 16.3838 -2.94069 0
    endloop
  endfacet
  facet normal 0.951071 0.308972 0
    outer loop
      vertex 11.9782 -1.1964 6
      vertex 11.8521 -0.808242 0
      vertex 11.8521 -0.808242 6
    endloop
  endfacet
  facet normal 0.951071 0.308972 0
    outer loop
      vertex 11.8521 -0.808242 0
      vertex 11.9782 -1.1964 6
      vertex 11.9782 -1.1964 0
    endloop
  endfacet
  facet normal 0.951059 -0.309009 0
    outer loop
      vertex -9.24345 0.447641 6
      vertex -9.1736 0.662623 0
      vertex -9.1736 0.662623 6
    endloop
  endfacet
  facet normal 0.951059 -0.309009 0
    outer loop
      vertex -9.1736 0.662623 0
      vertex -9.24345 0.447641 6
      vertex -9.24345 0.447641 0
    endloop
  endfacet
  facet normal -0.844327 -0.535828 0
    outer loop
      vertex -5.92265 0.867156 0
      vertex -6.04377 1.05801 6
      vertex -6.04377 1.05801 0
    endloop
  endfacet
  facet normal -0.844327 -0.535828 0
    outer loop
      vertex -6.04377 1.05801 6
      vertex -5.92265 0.867156 0
      vertex -5.92265 0.867156 6
    endloop
  endfacet
  facet normal -0.368116 -0.92978 0
    outer loop
      vertex -6.94377 1.7119 0
      vertex -6.7336 1.62869 6
      vertex -6.94377 1.7119 6
    endloop
  endfacet
  facet normal -0.368116 -0.92978 -0
    outer loop
      vertex -6.7336 1.62869 6
      vertex -6.94377 1.7119 0
      vertex -6.7336 1.62869 0
    endloop
  endfacet
  facet normal 0.368116 -0.92978 0
    outer loop
      vertex -8.2664 1.62869 0
      vertex -8.05623 1.7119 6
      vertex -8.2664 1.62869 6
    endloop
  endfacet
  facet normal 0.368116 -0.92978 0
    outer loop
      vertex -8.05623 1.7119 6
      vertex -8.2664 1.62869 0
      vertex -8.05623 1.7119 0
    endloop
  endfacet
  facet normal 0.90482 -0.425794 0
    outer loop
      vertex -9.1736 0.662623 6
      vertex -9.07735 0.867156 0
      vertex -9.07735 0.867156 6
    endloop
  endfacet
  facet normal 0.90482 -0.425794 0
    outer loop
      vertex -9.07735 0.867156 0
      vertex -9.1736 0.662623 6
      vertex -9.1736 0.662623 0
    endloop
  endfacet
  facet normal -0.982285 0.187395 0
    outer loop
      vertex -5.75655 -0.447641 0
      vertex -5.71419 -0.225599 6
      vertex -5.71419 -0.225599 0
    endloop
  endfacet
  facet normal -0.982285 0.187395 0
    outer loop
      vertex -5.71419 -0.225599 6
      vertex -5.75655 -0.447641 0
      vertex -5.75655 -0.447641 6
    endloop
  endfacet
  facet normal -0.68455 -0.728966 0
    outer loop
      vertex -6.35264 1.38692 0
      vertex -6.18786 1.23218 6
      vertex -6.35264 1.38692 6
    endloop
  endfacet
  facet normal -0.68455 -0.728966 -0
    outer loop
      vertex -6.18786 1.23218 6
      vertex -6.35264 1.38692 0
      vertex -6.18786 1.23218 0
    endloop
  endfacet
  facet normal -0.587806 -0.809002 0
    outer loop
      vertex -6.53551 1.51979 0
      vertex -6.35264 1.38692 6
      vertex -6.53551 1.51979 6
    endloop
  endfacet
  facet normal -0.587806 -0.809002 -0
    outer loop
      vertex -6.35264 1.38692 6
      vertex -6.53551 1.51979 0
      vertex -6.35264 1.38692 0
    endloop
  endfacet
  facet normal 0.982285 -0.187395 0
    outer loop
      vertex -9.28581 0.225599 6
      vertex -9.24345 0.447641 0
      vertex -9.24345 0.447641 6
    endloop
  endfacet
  facet normal 0.982285 -0.187395 0
    outer loop
      vertex -9.24345 0.447641 0
      vertex -9.28581 0.225599 6
      vertex -9.28581 0.225599 0
    endloop
  endfacet
  facet normal 0.770504 -0.637435 0
    outer loop
      vertex -8.95623 1.05801 6
      vertex -8.81214 1.23218 0
      vertex -8.81214 1.23218 6
    endloop
  endfacet
  facet normal 0.770504 -0.637435 0
    outer loop
      vertex -8.81214 1.23218 0
      vertex -8.95623 1.05801 6
      vertex -8.95623 1.05801 0
    endloop
  endfacet
  facet normal 0.248714 -0.968577 0
    outer loop
      vertex -8.05623 1.7119 0
      vertex -7.83729 1.76812 6
      vertex -8.05623 1.7119 6
    endloop
  endfacet
  facet normal 0.248714 -0.968577 0
    outer loop
      vertex -7.83729 1.76812 6
      vertex -8.05623 1.7119 0
      vertex -7.83729 1.76812 0
    endloop
  endfacet
  facet normal 0.68455 -0.728966 0
    outer loop
      vertex -8.81214 1.23218 0
      vertex -8.64736 1.38692 6
      vertex -8.81214 1.23218 6
    endloop
  endfacet
  facet normal 0.68455 -0.728966 0
    outer loop
      vertex -8.64736 1.38692 6
      vertex -8.81214 1.23218 0
      vertex -8.64736 1.38692 0
    endloop
  endfacet
  facet normal -0.998028 -0.0627752 0
    outer loop
      vertex -5.7 0 0
      vertex -5.71419 0.225599 6
      vertex -5.71419 0.225599 0
    endloop
  endfacet
  facet normal -0.998028 -0.0627752 0
    outer loop
      vertex -5.71419 0.225599 6
      vertex -5.7 0 0
      vertex -5.7 0 6
    endloop
  endfacet
  facet normal -0.481751 0.876308 0
    outer loop
      vertex -6.53551 -1.51979 0
      vertex -6.7336 -1.62869 6
      vertex -6.53551 -1.51979 6
    endloop
  endfacet
  facet normal -0.481751 0.876308 0
    outer loop
      vertex -6.7336 -1.62869 6
      vertex -6.53551 -1.51979 0
      vertex -6.7336 -1.62869 0
    endloop
  endfacet
  facet normal -0.770504 -0.637435 0
    outer loop
      vertex -6.04377 1.05801 0
      vertex -6.18786 1.23218 6
      vertex -6.18786 1.23218 0
    endloop
  endfacet
  facet normal -0.770504 -0.637435 0
    outer loop
      vertex -6.18786 1.23218 6
      vertex -6.04377 1.05801 0
      vertex -6.04377 1.05801 6
    endloop
  endfacet
  facet normal 0 -1 0
    outer loop
      vertex -7.61302 1.79645 0
      vertex -7.38698 1.79645 6
      vertex -7.61302 1.79645 6
    endloop
  endfacet
  facet normal 0 -1 -0
    outer loop
      vertex -7.38698 1.79645 6
      vertex -7.61302 1.79645 0
      vertex -7.38698 1.79645 0
    endloop
  endfacet
  facet normal -0.248714 -0.968577 0
    outer loop
      vertex -7.16271 1.76812 0
      vertex -6.94377 1.7119 6
      vertex -7.16271 1.76812 6
    endloop
  endfacet
  facet normal -0.248714 -0.968577 -0
    outer loop
      vertex -6.94377 1.7119 6
      vertex -7.16271 1.76812 0
      vertex -6.94377 1.7119 0
    endloop
  endfacet
  facet normal -0.481751 -0.876308 0
    outer loop
      vertex -6.7336 1.62869 0
      vertex -6.53551 1.51979 6
      vertex -6.7336 1.62869 6
    endloop
  endfacet
  facet normal -0.481751 -0.876308 -0
    outer loop
      vertex -6.53551 1.51979 6
      vertex -6.7336 1.62869 0
      vertex -6.53551 1.51979 0
    endloop
  endfacet
  facet normal 0.998028 -0.0627752 0
    outer loop
      vertex -9.3 0 6
      vertex -9.28581 0.225599 0
      vertex -9.28581 0.225599 6
    endloop
  endfacet
  facet normal 0.998028 -0.0627752 0
    outer loop
      vertex -9.28581 0.225599 0
      vertex -9.3 0 6
      vertex -9.3 0 0
    endloop
  endfacet
  facet normal 0.844327 -0.535828 0
    outer loop
      vertex -9.07735 0.867156 6
      vertex -8.95623 1.05801 0
      vertex -8.95623 1.05801 6
    endloop
  endfacet
  facet normal 0.844327 -0.535828 0
    outer loop
      vertex -8.95623 1.05801 0
      vertex -9.07735 0.867156 6
      vertex -9.07735 0.867156 0
    endloop
  endfacet
  facet normal 0.125325 -0.992116 0
    outer loop
      vertex -7.83729 1.76812 0
      vertex -7.61302 1.79645 6
      vertex -7.83729 1.76812 6
    endloop
  endfacet
  facet normal 0.125325 -0.992116 0
    outer loop
      vertex -7.61302 1.79645 6
      vertex -7.83729 1.76812 0
      vertex -7.61302 1.79645 0
    endloop
  endfacet
  facet normal 0.587806 -0.809002 0
    outer loop
      vertex -8.64736 1.38692 0
      vertex -8.46449 1.51979 6
      vertex -8.64736 1.38692 6
    endloop
  endfacet
  facet normal 0.587806 -0.809002 0
    outer loop
      vertex -8.46449 1.51979 6
      vertex -8.64736 1.38692 0
      vertex -8.46449 1.51979 0
    endloop
  endfacet
  facet normal 0.481751 -0.876308 0
    outer loop
      vertex -8.46449 1.51979 0
      vertex -8.2664 1.62869 6
      vertex -8.46449 1.51979 6
    endloop
  endfacet
  facet normal 0.481751 -0.876308 0
    outer loop
      vertex -8.2664 1.62869 6
      vertex -8.46449 1.51979 0
      vertex -8.2664 1.62869 0
    endloop
  endfacet
  facet normal -0.998028 0.0627752 0
    outer loop
      vertex -5.71419 -0.225599 0
      vertex -5.7 0 6
      vertex -5.7 0 0
    endloop
  endfacet
  facet normal -0.998028 0.0627752 0
    outer loop
      vertex -5.7 0 6
      vertex -5.71419 -0.225599 0
      vertex -5.71419 -0.225599 6
    endloop
  endfacet
  facet normal 0 1 -0
    outer loop
      vertex -7.38698 -1.79645 0
      vertex -7.61302 -1.79645 6
      vertex -7.38698 -1.79645 6
    endloop
  endfacet
  facet normal 0 1 0
    outer loop
      vertex -7.61302 -1.79645 6
      vertex -7.38698 -1.79645 0
      vertex -7.61302 -1.79645 0
    endloop
  endfacet
  facet normal 0.951059 0.309009 0
    outer loop
      vertex -9.1736 -0.662623 6
      vertex -9.24345 -0.447641 0
      vertex -9.24345 -0.447641 6
    endloop
  endfacet
  facet normal 0.951059 0.309009 0
    outer loop
      vertex -9.24345 -0.447641 0
      vertex -9.1736 -0.662623 6
      vertex -9.1736 -0.662623 0
    endloop
  endfacet
  facet normal 0.90482 0.425794 0
    outer loop
      vertex -9.07735 -0.867156 6
      vertex -9.1736 -0.662623 0
      vertex -9.1736 -0.662623 6
    endloop
  endfacet
  facet normal 0.90482 0.425794 0
    outer loop
      vertex -9.1736 -0.662623 0
      vertex -9.07735 -0.867156 6
      vertex -9.07735 -0.867156 0
    endloop
  endfacet
  facet normal -0.125325 0.992116 0
    outer loop
      vertex -7.16271 -1.76812 0
      vertex -7.38698 -1.79645 6
      vertex -7.16271 -1.76812 6
    endloop
  endfacet
  facet normal -0.125325 0.992116 0
    outer loop
      vertex -7.38698 -1.79645 6
      vertex -7.16271 -1.76812 0
      vertex -7.38698 -1.79645 0
    endloop
  endfacet
  facet normal -0.368116 0.92978 0
    outer loop
      vertex -6.7336 -1.62869 0
      vertex -6.94377 -1.7119 6
      vertex -6.7336 -1.62869 6
    endloop
  endfacet
  facet normal -0.368116 0.92978 0
    outer loop
      vertex -6.94377 -1.7119 6
      vertex -6.7336 -1.62869 0
      vertex -6.94377 -1.7119 0
    endloop
  endfacet
  facet normal -0.90482 -0.425794 0
    outer loop
      vertex -5.8264 0.662623 0
      vertex -5.92265 0.867156 6
      vertex -5.92265 0.867156 0
    endloop
  endfacet
  facet normal -0.90482 -0.425794 0
    outer loop
      vertex -5.92265 0.867156 6
      vertex -5.8264 0.662623 0
      vertex -5.8264 0.662623 6
    endloop
  endfacet
  facet normal -0.951059 -0.309009 0
    outer loop
      vertex -5.75655 0.447641 0
      vertex -5.8264 0.662623 6
      vertex -5.8264 0.662623 0
    endloop
  endfacet
  facet normal -0.951059 -0.309009 0
    outer loop
      vertex -5.8264 0.662623 6
      vertex -5.75655 0.447641 0
      vertex -5.75655 0.447641 6
    endloop
  endfacet
  facet normal -0.982285 -0.187395 0
    outer loop
      vertex -5.71419 0.225599 0
      vertex -5.75655 0.447641 6
      vertex -5.75655 0.447641 0
    endloop
  endfacet
  facet normal -0.982285 -0.187395 0
    outer loop
      vertex -5.75655 0.447641 6
      vertex -5.71419 0.225599 0
      vertex -5.71419 0.225599 6
    endloop
  endfacet
  facet normal -0.125325 -0.992116 0
    outer loop
      vertex -7.38698 1.79645 0
      vertex -7.16271 1.76812 6
      vertex -7.38698 1.79645 6
    endloop
  endfacet
  facet normal -0.125325 -0.992116 -0
    outer loop
      vertex -7.16271 1.76812 6
      vertex -7.38698 1.79645 0
      vertex -7.16271 1.76812 0
    endloop
  endfacet
  facet normal -0.90482 0.425794 0
    outer loop
      vertex -5.92265 -0.867156 0
      vertex -5.8264 -0.662623 6
      vertex -5.8264 -0.662623 0
    endloop
  endfacet
  facet normal -0.90482 0.425794 0
    outer loop
      vertex -5.8264 -0.662623 6
      vertex -5.92265 -0.867156 0
      vertex -5.92265 -0.867156 6
    endloop
  endfacet
  facet normal -0.951059 0.309009 0
    outer loop
      vertex -5.8264 -0.662623 0
      vertex -5.75655 -0.447641 6
      vertex -5.75655 -0.447641 0
    endloop
  endfacet
  facet normal -0.951059 0.309009 0
    outer loop
      vertex -5.75655 -0.447641 6
      vertex -5.8264 -0.662623 0
      vertex -5.8264 -0.662623 6
    endloop
  endfacet
  facet normal -0.68455 0.728966 0
    outer loop
      vertex -6.18786 -1.23218 0
      vertex -6.35264 -1.38692 6
      vertex -6.18786 -1.23218 6
    endloop
  endfacet
  facet normal -0.68455 0.728966 0
    outer loop
      vertex -6.35264 -1.38692 6
      vertex -6.18786 -1.23218 0
      vertex -6.35264 -1.38692 0
    endloop
  endfacet
  facet normal -0.770504 0.637435 0
    outer loop
      vertex -6.18786 -1.23218 0
      vertex -6.04377 -1.05801 6
      vertex -6.04377 -1.05801 0
    endloop
  endfacet
  facet normal -0.770504 0.637435 0
    outer loop
      vertex -6.04377 -1.05801 6
      vertex -6.18786 -1.23218 0
      vertex -6.18786 -1.23218 6
    endloop
  endfacet
  facet normal -0.844327 0.535828 0
    outer loop
      vertex -6.04377 -1.05801 0
      vertex -5.92265 -0.867156 6
      vertex -5.92265 -0.867156 0
    endloop
  endfacet
  facet normal -0.844327 0.535828 0
    outer loop
      vertex -5.92265 -0.867156 6
      vertex -6.04377 -1.05801 0
      vertex -6.04377 -1.05801 6
    endloop
  endfacet
  facet normal 0.481751 0.876308 -0
    outer loop
      vertex -8.2664 -1.62869 0
      vertex -8.46449 -1.51979 6
      vertex -8.2664 -1.62869 6
    endloop
  endfacet
  facet normal 0.481751 0.876308 0
    outer loop
      vertex -8.46449 -1.51979 6
      vertex -8.2664 -1.62869 0
      vertex -8.46449 -1.51979 0
    endloop
  endfacet
  facet normal 0.998028 0.0627752 0
    outer loop
      vertex -9.28581 -0.225599 6
      vertex -9.3 0 0
      vertex -9.3 0 6
    endloop
  endfacet
  facet normal 0.998028 0.0627752 0
    outer loop
      vertex -9.3 0 0
      vertex -9.28581 -0.225599 6
      vertex -9.28581 -0.225599 0
    endloop
  endfacet
  facet normal 0.844327 0.535828 0
    outer loop
      vertex -8.95623 -1.05801 6
      vertex -9.07735 -0.867156 0
      vertex -9.07735 -0.867156 6
    endloop
  endfacet
  facet normal 0.844327 0.535828 0
    outer loop
      vertex -9.07735 -0.867156 0
      vertex -8.95623 -1.05801 6
      vertex -8.95623 -1.05801 0
    endloop
  endfacet
  facet normal -0.248714 0.968577 0
    outer loop
      vertex -6.94377 -1.7119 0
      vertex -7.16271 -1.76812 6
      vertex -6.94377 -1.7119 6
    endloop
  endfacet
  facet normal -0.248714 0.968577 0
    outer loop
      vertex -7.16271 -1.76812 6
      vertex -6.94377 -1.7119 0
      vertex -7.16271 -1.76812 0
    endloop
  endfacet
  facet normal -0.587806 0.809002 0
    outer loop
      vertex -6.35264 -1.38692 0
      vertex -6.53551 -1.51979 6
      vertex -6.35264 -1.38692 6
    endloop
  endfacet
  facet normal -0.587806 0.809002 0
    outer loop
      vertex -6.53551 -1.51979 6
      vertex -6.35264 -1.38692 0
      vertex -6.53551 -1.51979 0
    endloop
  endfacet
  facet normal 0.587806 0.809002 -0
    outer loop
      vertex -8.46449 -1.51979 0
      vertex -8.64736 -1.38692 6
      vertex -8.46449 -1.51979 6
    endloop
  endfacet
  facet normal 0.587806 0.809002 0
    outer loop
      vertex -8.64736 -1.38692 6
      vertex -8.46449 -1.51979 0
      vertex -8.64736 -1.38692 0
    endloop
  endfacet
  facet normal 0.248714 0.968577 -0
    outer loop
      vertex -7.83729 -1.76812 0
      vertex -8.05623 -1.7119 6
      vertex -7.83729 -1.76812 6
    endloop
  endfacet
  facet normal 0.248714 0.968577 0
    outer loop
      vertex -8.05623 -1.7119 6
      vertex -7.83729 -1.76812 0
      vertex -8.05623 -1.7119 0
    endloop
  endfacet
  facet normal 0.125325 0.992116 -0
    outer loop
      vertex -7.61302 -1.79645 0
      vertex -7.83729 -1.76812 6
      vertex -7.61302 -1.79645 6
    endloop
  endfacet
  facet normal 0.125325 0.992116 0
    outer loop
      vertex -7.83729 -1.76812 6
      vertex -7.61302 -1.79645 0
      vertex -7.83729 -1.76812 0
    endloop
  endfacet
  facet normal 0.68455 0.728966 -0
    outer loop
      vertex -8.64736 -1.38692 0
      vertex -8.81214 -1.23218 6
      vertex -8.64736 -1.38692 6
    endloop
  endfacet
  facet normal 0.68455 0.728966 0
    outer loop
      vertex -8.81214 -1.23218 6
      vertex -8.64736 -1.38692 0
      vertex -8.81214 -1.23218 0
    endloop
  endfacet
  facet normal 0.982285 0.187395 0
    outer loop
      vertex -9.24345 -0.447641 6
      vertex -9.28581 -0.225599 0
      vertex -9.28581 -0.225599 6
    endloop
  endfacet
  facet normal 0.982285 0.187395 0
    outer loop
      vertex -9.28581 -0.225599 0
      vertex -9.24345 -0.447641 6
      vertex -9.24345 -0.447641 0
    endloop
  endfacet
  facet normal 0.368116 0.92978 -0
    outer loop
      vertex -8.05623 -1.7119 0
      vertex -8.2664 -1.62869 6
      vertex -8.05623 -1.7119 6
    endloop
  endfacet
  facet normal 0.368116 0.92978 0
    outer loop
      vertex -8.2664 -1.62869 6
      vertex -8.05623 -1.7119 0
      vertex -8.2664 -1.62869 0
    endloop
  endfacet
  facet normal 0.770504 0.637435 0
    outer loop
      vertex -8.81214 -1.23218 6
      vertex -8.95623 -1.05801 0
      vertex -8.95623 -1.05801 6
    endloop
  endfacet
  facet normal 0.770504 0.637435 0
    outer loop
      vertex -8.95623 -1.05801 0
      vertex -8.81214 -1.23218 6
      vertex -8.81214 -1.23218 0
    endloop
  endfacet
  facet normal -0.998028 -0.0627752 0
    outer loop
      vertex 9.3 0 0
      vertex 9.28581 0.225599 6
      vertex 9.28581 0.225599 0
    endloop
  endfacet
  facet normal -0.998028 -0.0627752 0
    outer loop
      vertex 9.28581 0.225599 6
      vertex 9.3 0 0
      vertex 9.3 0 6
    endloop
  endfacet
  facet normal 0.998028 -0.0627752 0
    outer loop
      vertex 5.7 0 6
      vertex 5.71419 0.225599 0
      vertex 5.71419 0.225599 6
    endloop
  endfacet
  facet normal 0.998028 -0.0627752 0
    outer loop
      vertex 5.71419 0.225599 0
      vertex 5.7 0 6
      vertex 5.7 0 0
    endloop
  endfacet
  facet normal 0 -1 0
    outer loop
      vertex 7.38698 1.79645 0
      vertex 7.61302 1.79645 6
      vertex 7.38698 1.79645 6
    endloop
  endfacet
  facet normal 0 -1 -0
    outer loop
      vertex 7.61302 1.79645 6
      vertex 7.38698 1.79645 0
      vertex 7.61302 1.79645 0
    endloop
  endfacet
  facet normal 0 1 -0
    outer loop
      vertex 7.61302 -1.79645 0
      vertex 7.38698 -1.79645 6
      vertex 7.61302 -1.79645 6
    endloop
  endfacet
  facet normal 0 1 0
    outer loop
      vertex 7.38698 -1.79645 6
      vertex 7.61302 -1.79645 0
      vertex 7.38698 -1.79645 0
    endloop
  endfacet
  facet normal -0.68455 -0.728966 0
    outer loop
      vertex 8.64736 1.38692 0
      vertex 8.81214 1.23218 6
      vertex 8.64736 1.38692 6
    endloop
  endfacet
  facet normal -0.68455 -0.728966 -0
    outer loop
      vertex 8.81214 1.23218 6
      vertex 8.64736 1.38692 0
      vertex 8.81214 1.23218 0
    endloop
  endfacet
  facet normal 0.68455 -0.728966 0
    outer loop
      vertex 6.18786 1.23218 0
      vertex 6.35264 1.38692 6
      vertex 6.18786 1.23218 6
    endloop
  endfacet
  facet normal 0.68455 -0.728966 0
    outer loop
      vertex 6.35264 1.38692 6
      vertex 6.18786 1.23218 0
      vertex 6.35264 1.38692 0
    endloop
  endfacet
  facet normal 0.368116 -0.92978 0
    outer loop
      vertex 6.7336 1.62869 0
      vertex 6.94377 1.7119 6
      vertex 6.7336 1.62869 6
    endloop
  endfacet
  facet normal 0.368116 -0.92978 0
    outer loop
      vertex 6.94377 1.7119 6
      vertex 6.7336 1.62869 0
      vertex 6.94377 1.7119 0
    endloop
  endfacet
  facet normal -0.90482 -0.425794 0
    outer loop
      vertex 9.1736 0.662623 0
      vertex 9.07735 0.867156 6
      vertex 9.07735 0.867156 0
    endloop
  endfacet
  facet normal -0.90482 -0.425794 0
    outer loop
      vertex 9.07735 0.867156 6
      vertex 9.1736 0.662623 0
      vertex 9.1736 0.662623 6
    endloop
  endfacet
  facet normal -0.982285 -0.187395 0
    outer loop
      vertex 9.28581 0.225599 0
      vertex 9.24345 0.447641 6
      vertex 9.24345 0.447641 0
    endloop
  endfacet
  facet normal -0.982285 -0.187395 0
    outer loop
      vertex 9.24345 0.447641 6
      vertex 9.28581 0.225599 0
      vertex 9.28581 0.225599 6
    endloop
  endfacet
  facet normal -0.368116 -0.92978 0
    outer loop
      vertex 8.05623 1.7119 0
      vertex 8.2664 1.62869 6
      vertex 8.05623 1.7119 6
    endloop
  endfacet
  facet normal -0.368116 -0.92978 -0
    outer loop
      vertex 8.2664 1.62869 6
      vertex 8.05623 1.7119 0
      vertex 8.2664 1.62869 0
    endloop
  endfacet
  facet normal -0.248714 -0.968577 0
    outer loop
      vertex 7.83729 1.76812 0
      vertex 8.05623 1.7119 6
      vertex 7.83729 1.76812 6
    endloop
  endfacet
  facet normal -0.248714 -0.968577 -0
    outer loop
      vertex 8.05623 1.7119 6
      vertex 7.83729 1.76812 0
      vertex 8.05623 1.7119 0
    endloop
  endfacet
  facet normal -0.587806 -0.809002 0
    outer loop
      vertex 8.46449 1.51979 0
      vertex 8.64736 1.38692 6
      vertex 8.46449 1.51979 6
    endloop
  endfacet
  facet normal -0.587806 -0.809002 -0
    outer loop
      vertex 8.64736 1.38692 6
      vertex 8.46449 1.51979 0
      vertex 8.64736 1.38692 0
    endloop
  endfacet
  facet normal 0.90482 -0.425794 0
    outer loop
      vertex 5.8264 0.662623 6
      vertex 5.92265 0.867156 0
      vertex 5.92265 0.867156 6
    endloop
  endfacet
  facet normal 0.90482 -0.425794 0
    outer loop
      vertex 5.92265 0.867156 0
      vertex 5.8264 0.662623 6
      vertex 5.8264 0.662623 0
    endloop
  endfacet
  facet normal 0.844327 -0.535828 0
    outer loop
      vertex 5.92265 0.867156 6
      vertex 6.04377 1.05801 0
      vertex 6.04377 1.05801 6
    endloop
  endfacet
  facet normal 0.844327 -0.535828 0
    outer loop
      vertex 6.04377 1.05801 0
      vertex 5.92265 0.867156 6
      vertex 5.92265 0.867156 0
    endloop
  endfacet
  facet normal 0.951059 -0.309009 0
    outer loop
      vertex 5.75655 0.447641 6
      vertex 5.8264 0.662623 0
      vertex 5.8264 0.662623 6
    endloop
  endfacet
  facet normal 0.951059 -0.309009 0
    outer loop
      vertex 5.8264 0.662623 0
      vertex 5.75655 0.447641 6
      vertex 5.75655 0.447641 0
    endloop
  endfacet
  facet normal 0.587806 -0.809002 0
    outer loop
      vertex 6.35264 1.38692 0
      vertex 6.53551 1.51979 6
      vertex 6.35264 1.38692 6
    endloop
  endfacet
  facet normal 0.587806 -0.809002 0
    outer loop
      vertex 6.53551 1.51979 6
      vertex 6.35264 1.38692 0
      vertex 6.53551 1.51979 0
    endloop
  endfacet
  facet normal 0.248714 -0.968577 0
    outer loop
      vertex 6.94377 1.7119 0
      vertex 7.16271 1.76812 6
      vertex 6.94377 1.7119 6
    endloop
  endfacet
  facet normal 0.248714 -0.968577 0
    outer loop
      vertex 7.16271 1.76812 6
      vertex 6.94377 1.7119 0
      vertex 7.16271 1.76812 0
    endloop
  endfacet
  facet normal -0.951059 0.309009 0
    outer loop
      vertex 9.1736 -0.662623 0
      vertex 9.24345 -0.447641 6
      vertex 9.24345 -0.447641 0
    endloop
  endfacet
  facet normal -0.951059 0.309009 0
    outer loop
      vertex 9.24345 -0.447641 6
      vertex 9.1736 -0.662623 0
      vertex 9.1736 -0.662623 6
    endloop
  endfacet
  facet normal -0.125325 0.992116 0
    outer loop
      vertex 7.83729 -1.76812 0
      vertex 7.61302 -1.79645 6
      vertex 7.83729 -1.76812 6
    endloop
  endfacet
  facet normal -0.125325 0.992116 0
    outer loop
      vertex 7.61302 -1.79645 6
      vertex 7.83729 -1.76812 0
      vertex 7.61302 -1.79645 0
    endloop
  endfacet
  facet normal -0.951059 -0.309009 0
    outer loop
      vertex 9.24345 0.447641 0
      vertex 9.1736 0.662623 6
      vertex 9.1736 0.662623 0
    endloop
  endfacet
  facet normal -0.951059 -0.309009 0
    outer loop
      vertex 9.1736 0.662623 6
      vertex 9.24345 0.447641 0
      vertex 9.24345 0.447641 6
    endloop
  endfacet
  facet normal -0.770504 -0.637435 0
    outer loop
      vertex 8.95623 1.05801 0
      vertex 8.81214 1.23218 6
      vertex 8.81214 1.23218 0
    endloop
  endfacet
  facet normal -0.770504 -0.637435 0
    outer loop
      vertex 8.81214 1.23218 6
      vertex 8.95623 1.05801 0
      vertex 8.95623 1.05801 6
    endloop
  endfacet
  facet normal -0.844327 -0.535828 0
    outer loop
      vertex 9.07735 0.867156 0
      vertex 8.95623 1.05801 6
      vertex 8.95623 1.05801 0
    endloop
  endfacet
  facet normal -0.844327 -0.535828 0
    outer loop
      vertex 8.95623 1.05801 6
      vertex 9.07735 0.867156 0
      vertex 9.07735 0.867156 6
    endloop
  endfacet
  facet normal -0.125325 -0.992116 0
    outer loop
      vertex 7.61302 1.79645 0
      vertex 7.83729 1.76812 6
      vertex 7.61302 1.79645 6
    endloop
  endfacet
  facet normal -0.125325 -0.992116 -0
    outer loop
      vertex 7.83729 1.76812 6
      vertex 7.61302 1.79645 0
      vertex 7.83729 1.76812 0
    endloop
  endfacet
  facet normal 0.770504 -0.637435 0
    outer loop
      vertex 6.04377 1.05801 6
      vertex 6.18786 1.23218 0
      vertex 6.18786 1.23218 6
    endloop
  endfacet
  facet normal 0.770504 -0.637435 0
    outer loop
      vertex 6.18786 1.23218 0
      vertex 6.04377 1.05801 6
      vertex 6.04377 1.05801 0
    endloop
  endfacet
  facet normal 0.982285 -0.187395 0
    outer loop
      vertex 5.71419 0.225599 6
      vertex 5.75655 0.447641 0
      vertex 5.75655 0.447641 6
    endloop
  endfacet
  facet normal 0.982285 -0.187395 0
    outer loop
      vertex 5.75655 0.447641 0
      vertex 5.71419 0.225599 6
      vertex 5.71419 0.225599 0
    endloop
  endfacet
  facet normal 0.481751 -0.876308 0
    outer loop
      vertex 6.53551 1.51979 0
      vertex 6.7336 1.62869 6
      vertex 6.53551 1.51979 6
    endloop
  endfacet
  facet normal 0.481751 -0.876308 0
    outer loop
      vertex 6.7336 1.62869 6
      vertex 6.53551 1.51979 0
      vertex 6.7336 1.62869 0
    endloop
  endfacet
  facet normal 0.125325 -0.992116 0
    outer loop
      vertex 7.16271 1.76812 0
      vertex 7.38698 1.79645 6
      vertex 7.16271 1.76812 6
    endloop
  endfacet
  facet normal 0.125325 -0.992116 0
    outer loop
      vertex 7.38698 1.79645 6
      vertex 7.16271 1.76812 0
      vertex 7.38698 1.79645 0
    endloop
  endfacet
  facet normal -0.998028 0.0627752 0
    outer loop
      vertex 9.28581 -0.225599 0
      vertex 9.3 0 6
      vertex 9.3 0 0
    endloop
  endfacet
  facet normal -0.998028 0.0627752 0
    outer loop
      vertex 9.3 0 6
      vertex 9.28581 -0.225599 0
      vertex 9.28581 -0.225599 6
    endloop
  endfacet
  facet normal -0.68455 0.728966 0
    outer loop
      vertex 8.81214 -1.23218 0
      vertex 8.64736 -1.38692 6
      vertex 8.81214 -1.23218 6
    endloop
  endfacet
  facet normal -0.68455 0.728966 0
    outer loop
      vertex 8.64736 -1.38692 6
      vertex 8.81214 -1.23218 0
      vertex 8.64736 -1.38692 0
    endloop
  endfacet
  facet normal -0.982285 0.187395 0
    outer loop
      vertex 9.24345 -0.447641 0
      vertex 9.28581 -0.225599 6
      vertex 9.28581 -0.225599 0
    endloop
  endfacet
  facet normal -0.982285 0.187395 0
    outer loop
      vertex 9.28581 -0.225599 6
      vertex 9.24345 -0.447641 0
      vertex 9.24345 -0.447641 6
    endloop
  endfacet
  facet normal -0.368116 0.92978 0
    outer loop
      vertex 8.2664 -1.62869 0
      vertex 8.05623 -1.7119 6
      vertex 8.2664 -1.62869 6
    endloop
  endfacet
  facet normal -0.368116 0.92978 0
    outer loop
      vertex 8.05623 -1.7119 6
      vertex 8.2664 -1.62869 0
      vertex 8.05623 -1.7119 0
    endloop
  endfacet
  facet normal -0.481751 -0.876308 0
    outer loop
      vertex 8.2664 1.62869 0
      vertex 8.46449 1.51979 6
      vertex 8.2664 1.62869 6
    endloop
  endfacet
  facet normal -0.481751 -0.876308 -0
    outer loop
      vertex 8.46449 1.51979 6
      vertex 8.2664 1.62869 0
      vertex 8.46449 1.51979 0
    endloop
  endfacet
  facet normal -0.481751 0.876308 0
    outer loop
      vertex 8.46449 -1.51979 0
      vertex 8.2664 -1.62869 6
      vertex 8.46449 -1.51979 6
    endloop
  endfacet
  facet normal -0.481751 0.876308 0
    outer loop
      vertex 8.2664 -1.62869 6
      vertex 8.46449 -1.51979 0
      vertex 8.2664 -1.62869 0
    endloop
  endfacet
  facet normal -0.90482 0.425794 0
    outer loop
      vertex 9.07735 -0.867156 0
      vertex 9.1736 -0.662623 6
      vertex 9.1736 -0.662623 0
    endloop
  endfacet
  facet normal -0.90482 0.425794 0
    outer loop
      vertex 9.1736 -0.662623 6
      vertex 9.07735 -0.867156 0
      vertex 9.07735 -0.867156 6
    endloop
  endfacet
  facet normal -0.770504 0.637435 0
    outer loop
      vertex 8.81214 -1.23218 0
      vertex 8.95623 -1.05801 6
      vertex 8.95623 -1.05801 0
    endloop
  endfacet
  facet normal -0.770504 0.637435 0
    outer loop
      vertex 8.95623 -1.05801 6
      vertex 8.81214 -1.23218 0
      vertex 8.81214 -1.23218 6
    endloop
  endfacet
  facet normal 0.368116 0.92978 -0
    outer loop
      vertex 6.94377 -1.7119 0
      vertex 6.7336 -1.62869 6
      vertex 6.94377 -1.7119 6
    endloop
  endfacet
  facet normal 0.368116 0.92978 0
    outer loop
      vertex 6.7336 -1.62869 6
      vertex 6.94377 -1.7119 0
      vertex 6.7336 -1.62869 0
    endloop
  endfacet
  facet normal 0.248714 0.968577 -0
    outer loop
      vertex 7.16271 -1.76812 0
      vertex 6.94377 -1.7119 6
      vertex 7.16271 -1.76812 6
    endloop
  endfacet
  facet normal 0.248714 0.968577 0
    outer loop
      vertex 6.94377 -1.7119 6
      vertex 7.16271 -1.76812 0
      vertex 6.94377 -1.7119 0
    endloop
  endfacet
  facet normal 0.770504 0.637435 0
    outer loop
      vertex 6.18786 -1.23218 6
      vertex 6.04377 -1.05801 0
      vertex 6.04377 -1.05801 6
    endloop
  endfacet
  facet normal 0.770504 0.637435 0
    outer loop
      vertex 6.04377 -1.05801 0
      vertex 6.18786 -1.23218 6
      vertex 6.18786 -1.23218 0
    endloop
  endfacet
  facet normal 0.951059 0.309009 0
    outer loop
      vertex 5.8264 -0.662623 6
      vertex 5.75655 -0.447641 0
      vertex 5.75655 -0.447641 6
    endloop
  endfacet
  facet normal 0.951059 0.309009 0
    outer loop
      vertex 5.75655 -0.447641 0
      vertex 5.8264 -0.662623 6
      vertex 5.8264 -0.662623 0
    endloop
  endfacet
  facet normal -0.248714 0.968577 0
    outer loop
      vertex 8.05623 -1.7119 0
      vertex 7.83729 -1.76812 6
      vertex 8.05623 -1.7119 6
    endloop
  endfacet
  facet normal -0.248714 0.968577 0
    outer loop
      vertex 7.83729 -1.76812 6
      vertex 8.05623 -1.7119 0
      vertex 7.83729 -1.76812 0
    endloop
  endfacet
  facet normal -0.587806 0.809002 0
    outer loop
      vertex 8.64736 -1.38692 0
      vertex 8.46449 -1.51979 6
      vertex 8.64736 -1.38692 6
    endloop
  endfacet
  facet normal -0.587806 0.809002 0
    outer loop
      vertex 8.46449 -1.51979 6
      vertex 8.64736 -1.38692 0
      vertex 8.46449 -1.51979 0
    endloop
  endfacet
  facet normal -0.844327 0.535828 0
    outer loop
      vertex 8.95623 -1.05801 0
      vertex 9.07735 -0.867156 6
      vertex 9.07735 -0.867156 0
    endloop
  endfacet
  facet normal -0.844327 0.535828 0
    outer loop
      vertex 9.07735 -0.867156 6
      vertex 8.95623 -1.05801 0
      vertex 8.95623 -1.05801 6
    endloop
  endfacet
  facet normal 0.125325 0.992116 -0
    outer loop
      vertex 7.38698 -1.79645 0
      vertex 7.16271 -1.76812 6
      vertex 7.38698 -1.79645 6
    endloop
  endfacet
  facet normal 0.125325 0.992116 0
    outer loop
      vertex 7.16271 -1.76812 6
      vertex 7.38698 -1.79645 0
      vertex 7.16271 -1.76812 0
    endloop
  endfacet
  facet normal 0.587806 0.809002 -0
    outer loop
      vertex 6.53551 -1.51979 0
      vertex 6.35264 -1.38692 6
      vertex 6.53551 -1.51979 6
    endloop
  endfacet
  facet normal 0.587806 0.809002 0
    outer loop
      vertex 6.35264 -1.38692 6
      vertex 6.53551 -1.51979 0
      vertex 6.35264 -1.38692 0
    endloop
  endfacet
  facet normal 0.68455 0.728966 -0
    outer loop
      vertex 6.35264 -1.38692 0
      vertex 6.18786 -1.23218 6
      vertex 6.35264 -1.38692 6
    endloop
  endfacet
  facet normal 0.68455 0.728966 0
    outer loop
      vertex 6.18786 -1.23218 6
      vertex 6.35264 -1.38692 0
      vertex 6.18786 -1.23218 0
    endloop
  endfacet
  facet normal 0.982285 0.187395 0
    outer loop
      vertex 5.75655 -0.447641 6
      vertex 5.71419 -0.225599 0
      vertex 5.71419 -0.225599 6
    endloop
  endfacet
  facet normal 0.982285 0.187395 0
    outer loop
      vertex 5.71419 -0.225599 0
      vertex 5.75655 -0.447641 6
      vertex 5.75655 -0.447641 0
    endloop
  endfacet
  facet normal 0.998028 0.0627752 0
    outer loop
      vertex 5.71419 -0.225599 6
      vertex 5.7 0 0
      vertex 5.7 0 6
    endloop
  endfacet
  facet normal 0.998028 0.0627752 0
    outer loop
      vertex 5.7 0 0
      vertex 5.71419 -0.225599 6
      vertex 5.71419 -0.225599 0
    endloop
  endfacet
  facet normal 0.481751 0.876308 -0
    outer loop
      vertex 6.7336 -1.62869 0
      vertex 6.53551 -1.51979 6
      vertex 6.7336 -1.62869 6
    endloop
  endfacet
  facet normal 0.481751 0.876308 0
    outer loop
      vertex 6.53551 -1.51979 6
      vertex 6.7336 -1.62869 0
      vertex 6.53551 -1.51979 0
    endloop
  endfacet
  facet normal 0.844327 0.535828 0
    outer loop
      vertex 6.04377 -1.05801 6
      vertex 5.92265 -0.867156 0
      vertex 5.92265 -0.867156 6
    endloop
  endfacet
  facet normal 0.844327 0.535828 0
    outer loop
      vertex 5.92265 -0.867156 0
      vertex 6.04377 -1.05801 6
      vertex 6.04377 -1.05801 0
    endloop
  endfacet
  facet normal 0.90482 0.425794 0
    outer loop
      vertex 5.92265 -0.867156 6
      vertex 5.8264 -0.662623 0
      vertex 5.8264 -0.662623 6
    endloop
  endfacet
  facet normal 0.90482 0.425794 0
    outer loop
      vertex 5.8264 -0.662623 0
      vertex 5.92265 -0.867156 6
      vertex 5.92265 -0.867156 0
    endloop
  endfacet
endsolid OpenSCAD_Model
