solid OpenSCAD_Model
  facet normal -1 0 0
    outer loop
      vertex -37 -2 0
      vertex -37 2 6
      vertex -37 2 0
    endloop
  endfacet
  facet normal -1 -0 0
    outer loop
      vertex -37 2 6
      vertex -37 -2 0
      vertex -37 -2 6
    endloop
  endfacet
  facet normal -0.998029 -0.0627481 0
    outer loop
      vertex -36.9606 -2.62667 0
      vertex -37 -2 6
      vertex -37 -2 0
    endloop
  endfacet
  facet normal -0.998029 -0.0627481 0
    outer loop
      vertex -37 -2 6
      vertex -36.9606 -2.62667 0
      vertex -36.9606 -2.62667 6
    endloop
  endfacet
  facet normal -0.998029 0.0627481 0
    outer loop
      vertex -37 2 0
      vertex -36.9606 2.62667 6
      vertex -36.9606 2.62667 0
    endloop
  endfacet
  facet normal -0.998029 0.0627481 0
    outer loop
      vertex -36.9606 2.62667 6
      vertex -37 2 0
      vertex -37 2 6
    endloop
  endfacet
  facet normal 0 0 1
    outer loop
      vertex -18.25 0 6
      vertex -20.7142 0.225599 6
      vertex -20.7 0 6
    endloop
  endfacet
  facet normal 0 0 1
    outer loop
      vertex -17.6293 1.9103 6
      vertex -20.7565 0.447641 6
      vertex -20.7142 0.225599 6
    endloop
  endfacet
  facet normal 0 0 1
    outer loop
      vertex -17.6293 1.9103 6
      vertex -20.8264 0.662623 6
      vertex -20.7565 0.447641 6
    endloop
  endfacet
  facet normal 0 0 1
    outer loop
      vertex -17.6293 1.9103 6
      vertex -20.9226 0.867156 6
      vertex -20.8264 0.662623 6
    endloop
  endfacet
  facet normal 0 0 1
    outer loop
      vertex -17.6293 1.9103 6
      vertex -21.0438 1.05801 6
      vertex -20.9226 0.867156 6
    endloop
  endfacet
  facet normal 0 0 1
    outer loop
      vertex -17.6293 1.9103 6
      vertex -21.1879 1.23218 6
      vertex -21.0438 1.05801 6
    endloop
  endfacet
  facet normal 0 0 1
    outer loop
      vertex -17.6293 1.9103 6
      vertex -21.3526 1.38692 6
      vertex -21.1879 1.23218 6
    endloop
  endfacet
  facet normal 0 0 1
    outer loop
      vertex -17.6293 1.9103 6
      vertex -21.5355 1.51979 6
      vertex -21.3526 1.38692 6
    endloop
  endfacet
  facet normal 0 0 1
    outer loop
      vertex -20.3255 6.99013 6
      vertex -21.7336 1.62869 6
      vertex -21.5355 1.51979 6
    endloop
  endfacet
  facet normal 0 0 1
    outer loop
      vertex -20.3255 6.99013 6
      vertex -21.9438 1.7119 6
      vertex -21.7336 1.62869 6
    endloop
  endfacet
  facet normal 0 0 1
    outer loop
      vertex -20.3255 6.99013 6
      vertex -22.1627 1.76812 6
      vertex -21.9438 1.7119 6
    endloop
  endfacet
  facet normal 0 0 1
    outer loop
      vertex -20.3255 6.99013 6
      vertex -22.387 1.79645 6
      vertex -22.1627 1.76812 6
    endloop
  endfacet
  facet normal 0 0 1
    outer loop
      vertex -20.3255 6.99013 6
      vertex -22.613 1.79645 6
      vertex -22.387 1.79645 6
    endloop
  endfacet
  facet normal 0 0 1
    outer loop
      vertex -20.3255 6.99013 6
      vertex -22.8373 1.76812 6
      vertex -22.613 1.79645 6
    endloop
  endfacet
  facet normal 0 0 1
    outer loop
      vertex -20.3255 6.99013 6
      vertex -23.0562 1.7119 6
      vertex -22.8373 1.76812 6
    endloop
  endfacet
  facet normal 0 0 1
    outer loop
      vertex -20.3255 6.99013 6
      vertex -23.2664 1.62869 6
      vertex -23.0562 1.7119 6
    endloop
  endfacet
  facet normal -0 0 1
    outer loop
      vertex -27.9284 2.50417 6
      vertex -23.2664 1.62869 6
      vertex -20.3255 6.99013 6
    endloop
  endfacet
  facet normal -0 -0 1
    outer loop
      vertex -27.6309 2.22478 6
      vertex -23.2664 1.62869 6
      vertex -27.9284 2.50417 6
    endloop
  endfacet
  facet normal 0 0 1
    outer loop
      vertex -23.2664 1.62869 6
      vertex -27.6309 2.22478 6
      vertex -23.4645 1.51979 6
    endloop
  endfacet
  facet normal 0 0 1
    outer loop
      vertex -23.4645 1.51979 6
      vertex -27.3707 1.9103 6
      vertex -23.6474 1.38692 6
    endloop
  endfacet
  facet normal 0 0 1
    outer loop
      vertex -23.6474 1.38692 6
      vertex -27.3707 1.9103 6
      vertex -23.8121 1.23218 6
    endloop
  endfacet
  facet normal 0 0 1
    outer loop
      vertex -24.2858 0.225599 6
      vertex -26.75 0 6
      vertex -24.3 0 6
    endloop
  endfacet
  facet normal -0 0 1
    outer loop
      vertex -26.7756 0.407332 6
      vertex -24.2858 0.225599 6
      vertex -24.2435 0.447641 6
    endloop
  endfacet
  facet normal 0 0 1
    outer loop
      vertex -26.8521 0.808242 6
      vertex -24.2435 0.447641 6
      vertex -24.1736 0.662623 6
    endloop
  endfacet
  facet normal -0 0 1
    outer loop
      vertex -26.8521 0.808242 6
      vertex -24.1736 0.662623 6
      vertex -24.0774 0.867156 6
    endloop
  endfacet
  facet normal -0 -0 1
    outer loop
      vertex -27.152 1.5657 6
      vertex -23.8121 1.23218 6
      vertex -27.3707 1.9103 6
    endloop
  endfacet
  facet normal 0 0 1
    outer loop
      vertex -24.2858 0.225599 6
      vertex -26.7756 0.407332 6
      vertex -26.75 0 6
    endloop
  endfacet
  facet normal 0 0 1
    outer loop
      vertex -24.2435 0.447641 6
      vertex -26.8521 0.808242 6
      vertex -26.7756 0.407332 6
    endloop
  endfacet
  facet normal 0 0 1
    outer loop
      vertex -24.0774 0.867156 6
      vertex -26.9782 1.1964 6
      vertex -26.8521 0.808242 6
    endloop
  endfacet
  facet normal 0 0 1
    outer loop
      vertex -23.9562 1.05801 6
      vertex -26.9782 1.1964 6
      vertex -24.0774 0.867156 6
    endloop
  endfacet
  facet normal -0 -0 1
    outer loop
      vertex -26.9782 1.1964 6
      vertex -23.9562 1.05801 6
      vertex -27.152 1.5657 6
    endloop
  endfacet
  facet normal 0 0 1
    outer loop
      vertex -23.8121 1.23218 6
      vertex -27.152 1.5657 6
      vertex -23.9562 1.05801 6
    endloop
  endfacet
  facet normal -0 -0 1
    outer loop
      vertex -27.3707 1.9103 6
      vertex -23.4645 1.51979 6
      vertex -27.6309 2.22478 6
    endloop
  endfacet
  facet normal 0 0 1
    outer loop
      vertex -20.3255 6.99013 6
      vertex -28.2586 2.74407 6
      vertex -27.9284 2.50417 6
    endloop
  endfacet
  facet normal 0 0 1
    outer loop
      vertex -20.3255 6.99013 6
      vertex -28.6162 2.94069 6
      vertex -28.2586 2.74407 6
    endloop
  endfacet
  facet normal -0 0 1
    outer loop
      vertex -32.314 6.99013 6
      vertex -28.6162 2.94069 6
      vertex -20.3255 6.99013 6
    endloop
  endfacet
  facet normal 0 0 1
    outer loop
      vertex -28.6162 2.94069 6
      vertex -32.314 6.99013 6
      vertex -28.9957 3.09093 6
    endloop
  endfacet
  facet normal 0 0 1
    outer loop
      vertex -28.9957 3.09093 6
      vertex -32.314 6.99013 6
      vertex -29.391 3.19243 6
    endloop
  endfacet
  facet normal 0 0 1
    outer loop
      vertex -29.391 3.19243 6
      vertex -32.314 6.99013 6
      vertex -29.7959 3.24359 6
    endloop
  endfacet
  facet normal 0 0 1
    outer loop
      vertex -29.7959 3.24359 6
      vertex -32.314 6.99013 6
      vertex -30.2041 3.24359 6
    endloop
  endfacet
  facet normal 0 0 1
    outer loop
      vertex -30.2041 3.24359 6
      vertex -32.314 6.99013 6
      vertex -30.609 3.19243 6
    endloop
  endfacet
  facet normal 0 0 1
    outer loop
      vertex -30.609 3.19243 6
      vertex -32.314 6.99013 6
      vertex -31.0043 3.09093 6
    endloop
  endfacet
  facet normal 0 0 1
    outer loop
      vertex -32.314 6.99013 6
      vertex -31.3838 2.94069 6
      vertex -31.0043 3.09093 6
    endloop
  endfacet
  facet normal -0 0 1
    outer loop
      vertex -32.9369 6.91144 6
      vertex -31.3838 2.94069 6
      vertex -32.314 6.99013 6
    endloop
  endfacet
  facet normal 0 0 1
    outer loop
      vertex -31.3838 2.94069 6
      vertex -32.9369 6.91144 6
      vertex -31.7414 2.74407 6
    endloop
  endfacet
  facet normal -0 0 1
    outer loop
      vertex -33.5451 6.75528 6
      vertex -31.7414 2.74407 6
      vertex -32.9369 6.91144 6
    endloop
  endfacet
  facet normal -0 0 1
    outer loop
      vertex -34.1289 6.52413 6
      vertex -31.7414 2.74407 6
      vertex -33.5451 6.75528 6
    endloop
  endfacet
  facet normal 0 0 1
    outer loop
      vertex -31.7414 2.74407 6
      vertex -34.1289 6.52413 6
      vertex -32.0716 2.50417 6
    endloop
  endfacet
  facet normal -0 0 1
    outer loop
      vertex -34.6791 6.22164 6
      vertex -32.0716 2.50417 6
      vertex -34.1289 6.52413 6
    endloop
  endfacet
  facet normal -0 0 1
    outer loop
      vertex -35.1871 5.85257 6
      vertex -32.0716 2.50417 6
      vertex -34.6791 6.22164 6
    endloop
  endfacet
  facet normal 0 0 1
    outer loop
      vertex -32.0716 2.50417 6
      vertex -35.1871 5.85257 6
      vertex -32.3691 2.22478 6
    endloop
  endfacet
  facet normal -0 0 1
    outer loop
      vertex -35.6448 5.42274 6
      vertex -32.3691 2.22478 6
      vertex -35.1871 5.85257 6
    endloop
  endfacet
  facet normal -0 0 1
    outer loop
      vertex -36.0451 4.93893 6
      vertex -32.3691 2.22478 6
      vertex -35.6448 5.42274 6
    endloop
  endfacet
  facet normal 0 0 1
    outer loop
      vertex -32.3691 2.22478 6
      vertex -36.0451 4.93893 6
      vertex -32.6293 1.9103 6
    endloop
  endfacet
  facet normal -0 0 1
    outer loop
      vertex -14.7128 15.5776 6
      vertex -15.853 9.41248 6
      vertex -11.7172 15.5776 6
    endloop
  endfacet
  facet normal 0 0 1
    outer loop
      vertex -14.2551 6.99013 6
      vertex -16.3838 2.94069 6
      vertex -16.0043 3.09093 6
    endloop
  endfacet
  facet normal 0 0 1
    outer loop
      vertex -14.2551 6.99013 6
      vertex -17.0504 6.99013 6
      vertex -16.3838 2.94069 6
    endloop
  endfacet
  facet normal -0 0 1
    outer loop
      vertex -17.4392 6.99013 6
      vertex -16.3838 2.94069 6
      vertex -17.0504 6.99013 6
    endloop
  endfacet
  facet normal -0 0 1
    outer loop
      vertex -17.2445 11.4224 6
      vertex -15.853 9.41248 6
      vertex -14.7128 15.5776 6
    endloop
  endfacet
  facet normal 0 0 1
    outer loop
      vertex -18.7617 9.41248 6
      vertex -15.853 9.41248 6
      vertex -17.2445 11.4224 6
    endloop
  endfacet
  facet normal 0 0 1
    outer loop
      vertex -15.853 9.41248 6
      vertex -17.2445 7.30591 6
      vertex -17.0504 6.99013 6
    endloop
  endfacet
  facet normal 0 0 1
    outer loop
      vertex -15.853 9.41248 6
      vertex -18.7617 9.41248 6
      vertex -17.2445 7.30591 6
    endloop
  endfacet
  facet normal 0 0 1
    outer loop
      vertex -17.3691 2.22478 6
      vertex -20.3255 6.99013 6
      vertex -17.6293 1.9103 6
    endloop
  endfacet
  facet normal 0 0 1
    outer loop
      vertex -17.2445 7.30591 6
      vertex -18.7617 9.41248 6
      vertex -17.4392 6.99013 6
    endloop
  endfacet
  facet normal 0 0 1
    outer loop
      vertex -20.3255 6.99013 6
      vertex -17.4392 6.99013 6
      vertex -18.7617 9.41248 6
    endloop
  endfacet
  facet normal 0 0 1
    outer loop
      vertex -21.5355 1.51979 6
      vertex -17.6293 1.9103 6
      vertex -20.3255 6.99013 6
    endloop
  endfacet
  facet normal 0 0 1
    outer loop
      vertex -17.6293 1.9103 6
      vertex -20.7142 0.225599 6
      vertex -17.848 1.5657 6
    endloop
  endfacet
  facet normal 0 0 1
    outer loop
      vertex -20.7142 0.225599 6
      vertex -18.1479 0.808242 6
      vertex -18.0218 1.1964 6
    endloop
  endfacet
  facet normal 0 0 1
    outer loop
      vertex -20.7142 0.225599 6
      vertex -18.0218 1.1964 6
      vertex -17.848 1.5657 6
    endloop
  endfacet
  facet normal 0 0 1
    outer loop
      vertex -19.786 15.5776 6
      vertex -18.7617 9.41248 6
      vertex -17.2445 11.4224 6
    endloop
  endfacet
  facet normal 0 0 1
    outer loop
      vertex -18.7617 9.41248 6
      vertex -19.786 15.5776 6
      vertex -22.801 15.5776 6
    endloop
  endfacet
  facet normal 0 0 1
    outer loop
      vertex -3.25 0 6
      vertex -5.71419 0.225599 6
      vertex -5.7 0 6
    endloop
  endfacet
  facet normal 0 0 1
    outer loop
      vertex -2.6293 1.9103 6
      vertex -5.75655 0.447641 6
      vertex -5.71419 0.225599 6
    endloop
  endfacet
  facet normal 0 0 1
    outer loop
      vertex -2.6293 1.9103 6
      vertex -5.8264 0.662623 6
      vertex -5.75655 0.447641 6
    endloop
  endfacet
  facet normal 0 0 1
    outer loop
      vertex -6.7336 1.62869 6
      vertex -5.45184 6.99013 6
      vertex -5.84064 6.99013 6
    endloop
  endfacet
  facet normal 0 0 1
    outer loop
      vertex -2.6293 1.9103 6
      vertex -5.92265 0.867156 6
      vertex -5.8264 0.662623 6
    endloop
  endfacet
  facet normal -0 0 1
    outer loop
      vertex -3.11427 15.5776 6
      vertex -4.25441 9.41248 6
      vertex -0.118637 15.5776 6
    endloop
  endfacet
  facet normal -0 0 1
    outer loop
      vertex -5.64592 11.4224 6
      vertex -4.25441 9.41248 6
      vertex -3.11427 15.5776 6
    endloop
  endfacet
  facet normal 0 0 1
    outer loop
      vertex -7.16312 9.41248 6
      vertex -4.25441 9.41248 6
      vertex -5.64592 11.4224 6
    endloop
  endfacet
  facet normal 0 0 1
    outer loop
      vertex -4.25441 9.41248 6
      vertex -5.64592 7.30591 6
      vertex -5.45184 6.99013 6
    endloop
  endfacet
  facet normal 0 0 1
    outer loop
      vertex -4.25441 9.41248 6
      vertex -7.16312 9.41248 6
      vertex -5.64592 7.30591 6
    endloop
  endfacet
  facet normal 0 0 1
    outer loop
      vertex -2.6293 1.9103 6
      vertex -6.04377 1.05801 6
      vertex -5.92265 0.867156 6
    endloop
  endfacet
  facet normal 0 0 1
    outer loop
      vertex -2.6293 1.9103 6
      vertex -6.18786 1.23218 6
      vertex -6.04377 1.05801 6
    endloop
  endfacet
  facet normal 0 0 1
    outer loop
      vertex -5.64592 7.30591 6
      vertex -7.16312 9.41248 6
      vertex -5.84064 6.99013 6
    endloop
  endfacet
  facet normal 0 0 1
    outer loop
      vertex -8.7269 6.99013 6
      vertex -5.84064 6.99013 6
      vertex -7.16312 9.41248 6
    endloop
  endfacet
  facet normal 0 0 1
    outer loop
      vertex -2.6293 1.9103 6
      vertex -6.35264 1.38692 6
      vertex -6.18786 1.23218 6
    endloop
  endfacet
  facet normal 0 0 1
    outer loop
      vertex -2.6293 1.9103 6
      vertex -6.53551 1.51979 6
      vertex -6.35264 1.38692 6
    endloop
  endfacet
  facet normal 0 -0 1
    outer loop
      vertex -7.38698 1.79645 6
      vertex -5.84064 6.99013 6
      vertex -8.7269 6.99013 6
    endloop
  endfacet
  facet normal 0 0 1
    outer loop
      vertex -5.45184 6.99013 6
      vertex -6.7336 1.62869 6
      vertex -6.53551 1.51979 6
    endloop
  endfacet
  facet normal 0 0 1
    outer loop
      vertex -5.84064 6.99013 6
      vertex -6.94377 1.7119 6
      vertex -6.7336 1.62869 6
    endloop
  endfacet
  facet normal 0 0 1
    outer loop
      vertex -8.18741 15.5776 6
      vertex -7.16312 9.41248 6
      vertex -5.64592 11.4224 6
    endloop
  endfacet
  facet normal 0 0 1
    outer loop
      vertex -7.16312 9.41248 6
      vertex -8.18741 15.5776 6
      vertex -11.2024 15.5776 6
    endloop
  endfacet
  facet normal 0 0 1
    outer loop
      vertex 5.71419 0.225599 6
      vertex 3.22437 0.407332 6
      vertex 3.25 0 6
    endloop
  endfacet
  facet normal 0 0 1
    outer loop
      vertex 5.75793 6.99013 6
      vertex 3.14789 0.808242 6
      vertex 3.22437 0.407332 6
    endloop
  endfacet
  facet normal 0 0 1
    outer loop
      vertex 5.75793 6.99013 6
      vertex 3.02177 1.1964 6
      vertex 3.14789 0.808242 6
    endloop
  endfacet
  facet normal 0 0 1
    outer loop
      vertex 2.36915 2.22478 6
      vertex 5.75793 6.99013 6
      vertex 2.87166 6.99013 6
    endloop
  endfacet
  facet normal 0 0 1
    outer loop
      vertex 5.75793 6.99013 6
      vertex 2.848 1.5657 6
      vertex 3.02177 1.1964 6
    endloop
  endfacet
  facet normal 0 0 1
    outer loop
      vertex 5.75793 6.99013 6
      vertex 2.6293 1.9103 6
      vertex 2.848 1.5657 6
    endloop
  endfacet
  facet normal 0 0 1
    outer loop
      vertex 5.75793 6.99013 6
      vertex 2.36915 2.22478 6
      vertex 2.6293 1.9103 6
    endloop
  endfacet
  facet normal 0 0 1
    outer loop
      vertex 2.87166 6.99013 6
      vertex 2.07163 2.50417 6
      vertex 2.36915 2.22478 6
    endloop
  endfacet
  facet normal 0 0 1
    outer loop
      vertex 2.87166 6.99013 6
      vertex 1.74144 2.74407 6
      vertex 2.07163 2.50417 6
    endloop
  endfacet
  facet normal 0 0 1
    outer loop
      vertex 2.87166 6.99013 6
      vertex 1.38378 2.94069 6
      vertex 1.74144 2.74407 6
    endloop
  endfacet
  facet normal 0 0 1
    outer loop
      vertex 2.87166 6.99013 6
      vertex 1.0043 3.09093 6
      vertex 1.38378 2.94069 6
    endloop
  endfacet
  facet normal 0 0 1
    outer loop
      vertex 2.87166 6.99013 6
      vertex 0.608989 3.19243 6
      vertex 1.0043 3.09093 6
    endloop
  endfacet
  facet normal 0 0 1
    outer loop
      vertex 2.87166 6.99013 6
      vertex 0.204069 3.24359 6
      vertex 0.608989 3.19243 6
    endloop
  endfacet
  facet normal -0 0 1
    outer loop
      vertex -2.65656 6.99013 6
      vertex 0.204069 3.24359 6
      vertex 2.87166 6.99013 6
    endloop
  endfacet
  facet normal 0 0 1
    outer loop
      vertex 0.204069 3.24359 6
      vertex -2.65656 6.99013 6
      vertex -0.204069 3.24359 6
    endloop
  endfacet
  facet normal 0 0 1
    outer loop
      vertex -0.204069 3.24359 6
      vertex -2.65656 6.99013 6
      vertex -0.608989 3.19243 6
    endloop
  endfacet
  facet normal 0 0 1
    outer loop
      vertex -0.608989 3.19243 6
      vertex -2.65656 6.99013 6
      vertex -1.0043 3.09093 6
    endloop
  endfacet
  facet normal 0 0 1
    outer loop
      vertex -1.0043 3.09093 6
      vertex -2.65656 6.99013 6
      vertex -1.38378 2.94069 6
    endloop
  endfacet
  facet normal 0 0 1
    outer loop
      vertex -1.38378 2.94069 6
      vertex -2.65656 6.99013 6
      vertex -1.74144 2.74407 6
    endloop
  endfacet
  facet normal 0 0 1
    outer loop
      vertex -1.74144 2.74407 6
      vertex -2.65656 6.99013 6
      vertex -2.07163 2.50417 6
    endloop
  endfacet
  facet normal -0 0 1
    outer loop
      vertex -5.45184 6.99013 6
      vertex -2.07163 2.50417 6
      vertex -2.65656 6.99013 6
    endloop
  endfacet
  facet normal 0 0 1
    outer loop
      vertex -2.07163 2.50417 6
      vertex -5.45184 6.99013 6
      vertex -2.36915 2.22478 6
    endloop
  endfacet
  facet normal 0 0 1
    outer loop
      vertex -6.53551 1.51979 6
      vertex -2.36915 2.22478 6
      vertex -5.45184 6.99013 6
    endloop
  endfacet
  facet normal 0 0 1
    outer loop
      vertex -2.36915 2.22478 6
      vertex -6.53551 1.51979 6
      vertex -2.6293 1.9103 6
    endloop
  endfacet
  facet normal 0 0 1
    outer loop
      vertex -2.6293 1.9103 6
      vertex -5.71419 0.225599 6
      vertex -2.848 1.5657 6
    endloop
  endfacet
  facet normal 0 0 1
    outer loop
      vertex -5.71419 0.225599 6
      vertex -3.02177 1.1964 6
      vertex -2.848 1.5657 6
    endloop
  endfacet
  facet normal 0 0 1
    outer loop
      vertex -5.71419 0.225599 6
      vertex -3.14789 0.808242 6
      vertex -3.02177 1.1964 6
    endloop
  endfacet
  facet normal 0 0 1
    outer loop
      vertex -5.45184 6.99013 6
      vertex -2.65656 6.99013 6
      vertex -4.25441 9.41248 6
    endloop
  endfacet
  facet normal -0 0 1
    outer loop
      vertex 8.4843 15.5776 6
      vertex 7.34416 9.41248 6
      vertex 11.4799 15.5776 6
    endloop
  endfacet
  facet normal 0 0 1
    outer loop
      vertex 8.94201 6.99013 6
      vertex 6.94377 1.7119 6
      vertex 7.16271 1.76812 6
    endloop
  endfacet
  facet normal 0 0 1
    outer loop
      vertex 8.94201 6.99013 6
      vertex 6.14673 6.99013 6
      vertex 6.94377 1.7119 6
    endloop
  endfacet
  facet normal -0 0 1
    outer loop
      vertex 5.75793 6.99013 6
      vertex 6.94377 1.7119 6
      vertex 6.14673 6.99013 6
    endloop
  endfacet
  facet normal 0 0 1
    outer loop
      vertex 6.94377 1.7119 6
      vertex 5.75793 6.99013 6
      vertex 6.7336 1.62869 6
    endloop
  endfacet
  facet normal 0 0 1
    outer loop
      vertex 6.7336 1.62869 6
      vertex 5.75793 6.99013 6
      vertex 6.53551 1.51979 6
    endloop
  endfacet
  facet normal 0 0 1
    outer loop
      vertex 6.53551 1.51979 6
      vertex 5.75793 6.99013 6
      vertex 6.35264 1.38692 6
    endloop
  endfacet
  facet normal -0 0 1
    outer loop
      vertex 5.95265 11.4224 6
      vertex 7.34416 9.41248 6
      vertex 8.4843 15.5776 6
    endloop
  endfacet
  facet normal 0 0 1
    outer loop
      vertex 4.43544 9.41248 6
      vertex 7.34416 9.41248 6
      vertex 5.95265 11.4224 6
    endloop
  endfacet
  facet normal 0 0 1
    outer loop
      vertex 7.34416 9.41248 6
      vertex 5.95265 7.30591 6
      vertex 6.14673 6.99013 6
    endloop
  endfacet
  facet normal 0 0 1
    outer loop
      vertex 7.34416 9.41248 6
      vertex 4.43544 9.41248 6
      vertex 5.95265 7.30591 6
    endloop
  endfacet
  facet normal 0 0 1
    outer loop
      vertex 3.22437 0.407332 6
      vertex 5.75655 0.447641 6
      vertex 5.8264 0.662623 6
    endloop
  endfacet
  facet normal -0 0 1
    outer loop
      vertex 3.22437 0.407332 6
      vertex 5.71419 0.225599 6
      vertex 5.75655 0.447641 6
    endloop
  endfacet
  facet normal 0 0 1
    outer loop
      vertex 2.87166 6.99013 6
      vertex 5.75793 6.99013 6
      vertex 4.43544 9.41248 6
    endloop
  endfacet
  facet normal 0 0 1
    outer loop
      vertex 5.95265 7.30591 6
      vertex 4.43544 9.41248 6
      vertex 5.75793 6.99013 6
    endloop
  endfacet
  facet normal 0 0 1
    outer loop
      vertex 3.41116 15.5776 6
      vertex 4.43544 9.41248 6
      vertex 5.95265 11.4224 6
    endloop
  endfacet
  facet normal 0 0 1
    outer loop
      vertex 4.43544 9.41248 6
      vertex 3.41116 15.5776 6
      vertex 0.396149 15.5776 6
    endloop
  endfacet
  facet normal 0 0 1
    outer loop
      vertex 13.6375 6.99013 6
      vertex 16.4882 6.99013 6
      vertex 16.4882 15.5776 6
    endloop
  endfacet
  facet normal 0 -0 1
    outer loop
      vertex 15.2041 3.24359 6
      vertex 16.4882 6.99013 6
      vertex 13.6375 6.99013 6
    endloop
  endfacet
  facet normal 0 0 1
    outer loop
      vertex 16.4882 6.99013 6
      vertex 16.0043 3.09093 6
      vertex 16.3838 2.94069 6
    endloop
  endfacet
  facet normal 0 0 1
    outer loop
      vertex 16.4882 6.99013 6
      vertex 15.609 3.19243 6
      vertex 16.0043 3.09093 6
    endloop
  endfacet
  facet normal 0 0 1
    outer loop
      vertex 16.4882 6.99013 6
      vertex 15.2041 3.24359 6
      vertex 15.609 3.19243 6
    endloop
  endfacet
  facet normal 0 0 1
    outer loop
      vertex 15.2041 3.24359 6
      vertex 13.6375 6.99013 6
      vertex 14.7959 3.24359 6
    endloop
  endfacet
  facet normal 0 0 1
    outer loop
      vertex 14.7959 3.24359 6
      vertex 13.6375 6.99013 6
      vertex 14.391 3.19243 6
    endloop
  endfacet
  facet normal 0 0 1
    outer loop
      vertex 13.6375 6.99013 6
      vertex 16.4882 15.5776 6
      vertex 13.6375 15.5776 6
    endloop
  endfacet
  facet normal 0 0 1
    outer loop
      vertex 14.391 3.19243 6
      vertex 13.6375 6.99013 6
      vertex 13.9957 3.09093 6
    endloop
  endfacet
  facet normal 0 0 1
    outer loop
      vertex 13.6375 6.99013 6
      vertex 13.6162 2.94069 6
      vertex 13.9957 3.09093 6
    endloop
  endfacet
  facet normal 0 0 1
    outer loop
      vertex 13.6375 6.99013 6
      vertex 13.2586 2.74407 6
      vertex 13.6162 2.94069 6
    endloop
  endfacet
  facet normal 0 0 1
    outer loop
      vertex 13.6375 6.99013 6
      vertex 12.9284 2.50417 6
      vertex 13.2586 2.74407 6
    endloop
  endfacet
  facet normal -0 0 1
    outer loop
      vertex 8.94201 6.99013 6
      vertex 12.9284 2.50417 6
      vertex 13.6375 6.99013 6
    endloop
  endfacet
  facet normal 0 0 1
    outer loop
      vertex 12.9284 2.50417 6
      vertex 8.94201 6.99013 6
      vertex 12.6309 2.22478 6
    endloop
  endfacet
  facet normal 0 0 1
    outer loop
      vertex 8.46449 1.51979 6
      vertex 12.6309 2.22478 6
      vertex 8.94201 6.99013 6
    endloop
  endfacet
  facet normal 0 0 1
    outer loop
      vertex 12.6309 2.22478 6
      vertex 8.46449 1.51979 6
      vertex 12.3707 1.9103 6
    endloop
  endfacet
  facet normal 0 -0 1
    outer loop
      vertex 8.64736 1.38692 6
      vertex 12.3707 1.9103 6
      vertex 8.46449 1.51979 6
    endloop
  endfacet
  facet normal -0 0 1
    outer loop
      vertex 9.28581 0.225599 6
      vertex 11.75 0 6
      vertex 11.7756 0.407332 6
    endloop
  endfacet
  facet normal -0 0 1
    outer loop
      vertex 9.24345 0.447641 6
      vertex 11.7756 0.407332 6
      vertex 11.8521 0.808242 6
    endloop
  endfacet
  facet normal 0 0 1
    outer loop
      vertex 12.3707 1.9103 6
      vertex 8.81214 1.23218 6
      vertex 12.152 1.5657 6
    endloop
  endfacet
  facet normal 0 0 1
    outer loop
      vertex 11.75 0 6
      vertex 9.28581 0.225599 6
      vertex 9.3 0 6
    endloop
  endfacet
  facet normal 0 0 1
    outer loop
      vertex 11.7756 0.407332 6
      vertex 9.24345 0.447641 6
      vertex 9.28581 0.225599 6
    endloop
  endfacet
  facet normal 0 0 1
    outer loop
      vertex 11.8521 0.808242 6
      vertex 9.1736 0.662623 6
      vertex 9.24345 0.447641 6
    endloop
  endfacet
  facet normal 0 0 1
    outer loop
      vertex 11.8521 0.808242 6
      vertex 9.07735 0.867156 6
      vertex 9.1736 0.662623 6
    endloop
  endfacet
  facet normal 0 0 1
    outer loop
      vertex 11.9782 1.1964 6
      vertex 9.07735 0.867156 6
      vertex 11.8521 0.808242 6
    endloop
  endfacet
  facet normal 0 -0 1
    outer loop
      vertex 8.95623 1.05801 6
      vertex 12.152 1.5657 6
      vertex 8.81214 1.23218 6
    endloop
  endfacet
  facet normal 0 -0 1
    outer loop
      vertex 9.07735 0.867156 6
      vertex 11.9782 1.1964 6
      vertex 8.95623 1.05801 6
    endloop
  endfacet
  facet normal 0 0 1
    outer loop
      vertex 12.152 1.5657 6
      vertex 8.95623 1.05801 6
      vertex 11.9782 1.1964 6
    endloop
  endfacet
  facet normal 0 -0 1
    outer loop
      vertex 8.81214 1.23218 6
      vertex 12.3707 1.9103 6
      vertex 8.64736 1.38692 6
    endloop
  endfacet
  facet normal 0 0 1
    outer loop
      vertex 8.94201 6.99013 6
      vertex 8.2664 1.62869 6
      vertex 8.46449 1.51979 6
    endloop
  endfacet
  facet normal 0 0 1
    outer loop
      vertex 8.94201 6.99013 6
      vertex 8.05623 1.7119 6
      vertex 8.2664 1.62869 6
    endloop
  endfacet
  facet normal 0 0 1
    outer loop
      vertex 8.94201 6.99013 6
      vertex 7.83729 1.76812 6
      vertex 8.05623 1.7119 6
    endloop
  endfacet
  facet normal 0 0 1
    outer loop
      vertex 8.94201 6.99013 6
      vertex 7.61302 1.79645 6
      vertex 7.83729 1.76812 6
    endloop
  endfacet
  facet normal 0 0 1
    outer loop
      vertex 8.94201 6.99013 6
      vertex 7.38698 1.79645 6
      vertex 7.61302 1.79645 6
    endloop
  endfacet
  facet normal 0 0 1
    outer loop
      vertex 6.14673 6.99013 6
      vertex 8.94201 6.99013 6
      vertex 7.34416 9.41248 6
    endloop
  endfacet
  facet normal 0 0 1
    outer loop
      vertex 8.94201 6.99013 6
      vertex 7.16271 1.76812 6
      vertex 7.38698 1.79645 6
    endloop
  endfacet
  facet normal 0 0 1
    outer loop
      vertex 33.0218 1.1964 6
      vertex 37 2 6
      vertex 36.9606 2.62667 6
    endloop
  endfacet
  facet normal 0 0 1
    outer loop
      vertex 37 2 6
      vertex 33.25 0 6
      vertex 37 -2 6
    endloop
  endfacet
  facet normal 0 0 1
    outer loop
      vertex 32.848 1.5657 6
      vertex 36.9606 2.62667 6
      vertex 36.8429 3.24345 6
    endloop
  endfacet
  facet normal -0 0 1
    outer loop
      vertex 33.2244 -0.407332 6
      vertex 37 -2 6
      vertex 33.25 0 6
    endloop
  endfacet
  facet normal 0 0 1
    outer loop
      vertex 32.848 1.5657 6
      vertex 36.8429 3.24345 6
      vertex 36.6489 3.84062 6
    endloop
  endfacet
  facet normal -0 0 1
    outer loop
      vertex 33.1479 -0.808242 6
      vertex 37 -2 6
      vertex 33.2244 -0.407332 6
    endloop
  endfacet
  facet normal 0 0 1
    outer loop
      vertex 32.6293 1.9103 6
      vertex 36.6489 3.84062 6
      vertex 36.3815 4.40877 6
    endloop
  endfacet
  facet normal -0 0 1
    outer loop
      vertex 33.0218 -1.1964 6
      vertex 37 -2 6
      vertex 33.1479 -0.808242 6
    endloop
  endfacet
  facet normal 0 0 1
    outer loop
      vertex 32.6293 1.9103 6
      vertex 36.3815 4.40877 6
      vertex 36.0451 4.93893 6
    endloop
  endfacet
  facet normal 0 0 1
    outer loop
      vertex 37 -2 6
      vertex 33.0218 -1.1964 6
      vertex 36.9606 -2.62667 6
    endloop
  endfacet
  facet normal 0 0 1
    outer loop
      vertex 32.3691 2.22478 6
      vertex 36.0451 4.93893 6
      vertex 35.6448 5.42274 6
    endloop
  endfacet
  facet normal -0 0 1
    outer loop
      vertex 32.848 -1.5657 6
      vertex 36.9606 -2.62667 6
      vertex 33.0218 -1.1964 6
    endloop
  endfacet
  facet normal 0 0 1
    outer loop
      vertex 32.3691 2.22478 6
      vertex 35.6448 5.42274 6
      vertex 35.1871 5.85257 6
    endloop
  endfacet
  facet normal 0 0 1
    outer loop
      vertex 36.9606 -2.62667 6
      vertex 32.848 -1.5657 6
      vertex 36.8429 -3.24345 6
    endloop
  endfacet
  facet normal 0 0 1
    outer loop
      vertex 32.0716 2.50417 6
      vertex 35.1871 5.85257 6
      vertex 34.6791 6.22164 6
    endloop
  endfacet
  facet normal 0 0 1
    outer loop
      vertex 36.8429 -3.24345 6
      vertex 32.848 -1.5657 6
      vertex 36.6489 -3.84062 6
    endloop
  endfacet
  facet normal 0 0 1
    outer loop
      vertex 32.0716 2.50417 6
      vertex 34.6791 6.22164 6
      vertex 34.1289 6.52413 6
    endloop
  endfacet
  facet normal -0 0 1
    outer loop
      vertex 32.6293 -1.9103 6
      vertex 36.6489 -3.84062 6
      vertex 32.848 -1.5657 6
    endloop
  endfacet
  facet normal 0 0 1
    outer loop
      vertex 31.7414 2.74407 6
      vertex 34.1289 6.52413 6
      vertex 33.5451 6.75528 6
    endloop
  endfacet
  facet normal 0 0 1
    outer loop
      vertex 36.6489 -3.84062 6
      vertex 32.6293 -1.9103 6
      vertex 36.3815 -4.40877 6
    endloop
  endfacet
  facet normal 0 0 1
    outer loop
      vertex 36.3815 -4.40877 6
      vertex 32.6293 -1.9103 6
      vertex 36.0451 -4.93893 6
    endloop
  endfacet
  facet normal 0 0 1
    outer loop
      vertex 37 2 6
      vertex 33.2244 0.407332 6
      vertex 33.25 0 6
    endloop
  endfacet
  facet normal 0 0 1
    outer loop
      vertex 37 2 6
      vertex 33.1479 0.808242 6
      vertex 33.2244 0.407332 6
    endloop
  endfacet
  facet normal 0 0 1
    outer loop
      vertex 37 2 6
      vertex 33.0218 1.1964 6
      vertex 33.1479 0.808242 6
    endloop
  endfacet
  facet normal 0 0 1
    outer loop
      vertex 31.7414 2.74407 6
      vertex 33.5451 6.75528 6
      vertex 32.9369 6.91144 6
    endloop
  endfacet
  facet normal 0 0 1
    outer loop
      vertex 36.9606 2.62667 6
      vertex 32.848 1.5657 6
      vertex 33.0218 1.1964 6
    endloop
  endfacet
  facet normal 0 0 1
    outer loop
      vertex 36.6489 3.84062 6
      vertex 32.6293 1.9103 6
      vertex 32.848 1.5657 6
    endloop
  endfacet
  facet normal 0 0 1
    outer loop
      vertex 36.0451 4.93893 6
      vertex 32.3691 2.22478 6
      vertex 32.6293 1.9103 6
    endloop
  endfacet
  facet normal 0 0 1
    outer loop
      vertex 31.3838 2.94069 6
      vertex 32.9369 6.91144 6
      vertex 32.314 6.99013 6
    endloop
  endfacet
  facet normal 0 0 1
    outer loop
      vertex 35.1871 5.85257 6
      vertex 32.0716 2.50417 6
      vertex 32.3691 2.22478 6
    endloop
  endfacet
  facet normal 0 0 1
    outer loop
      vertex 34.1289 6.52413 6
      vertex 31.7414 2.74407 6
      vertex 32.0716 2.50417 6
    endloop
  endfacet
  facet normal 0 0 1
    outer loop
      vertex 32.9369 6.91144 6
      vertex 31.3838 2.94069 6
      vertex 31.7414 2.74407 6
    endloop
  endfacet
  facet normal 0 0 1
    outer loop
      vertex 32.314 6.99013 6
      vertex 31.0043 3.09093 6
      vertex 31.3838 2.94069 6
    endloop
  endfacet
  facet normal 0 0 1
    outer loop
      vertex 32.314 6.99013 6
      vertex 30.609 3.19243 6
      vertex 31.0043 3.09093 6
    endloop
  endfacet
  facet normal 0 0 1
    outer loop
      vertex 32.314 6.99013 6
      vertex 30.2041 3.24359 6
      vertex 30.609 3.19243 6
    endloop
  endfacet
  facet normal 0 0 1
    outer loop
      vertex 32.314 6.99013 6
      vertex 29.7959 3.24359 6
      vertex 30.2041 3.24359 6
    endloop
  endfacet
  facet normal 0 0 1
    outer loop
      vertex 32.314 6.99013 6
      vertex 29.391 3.19243 6
      vertex 29.7959 3.24359 6
    endloop
  endfacet
  facet normal 0 0 1
    outer loop
      vertex 32.314 6.99013 6
      vertex 28.9957 3.09093 6
      vertex 29.391 3.19243 6
    endloop
  endfacet
  facet normal 0 0 1
    outer loop
      vertex 32.314 6.99013 6
      vertex 28.6162 2.94069 6
      vertex 28.9957 3.09093 6
    endloop
  endfacet
  facet normal -0 0 1
    outer loop
      vertex 16.4882 6.99013 6
      vertex 28.6162 2.94069 6
      vertex 32.314 6.99013 6
    endloop
  endfacet
  facet normal 0 0 1
    outer loop
      vertex 28.6162 2.94069 6
      vertex 16.4882 6.99013 6
      vertex 28.2586 2.74407 6
    endloop
  endfacet
  facet normal 0 -0 1
    outer loop
      vertex 22.8373 1.76812 6
      vertex 28.2586 2.74407 6
      vertex 16.4882 6.99013 6
    endloop
  endfacet
  facet normal -0 0 1
    outer loop
      vertex 24.2858 0.225599 6
      vertex 26.75 0 6
      vertex 26.7756 0.407332 6
    endloop
  endfacet
  facet normal -0 0 1
    outer loop
      vertex 24.2435 0.447641 6
      vertex 26.7756 0.407332 6
      vertex 26.8521 0.808242 6
    endloop
  endfacet
  facet normal -0 0 1
    outer loop
      vertex 24.0774 0.867156 6
      vertex 26.8521 0.808242 6
      vertex 26.9782 1.1964 6
    endloop
  endfacet
  facet normal 0 0 1
    outer loop
      vertex 23.9562 1.05801 6
      vertex 26.9782 1.1964 6
      vertex 27.152 1.5657 6
    endloop
  endfacet
  facet normal 0 0 1
    outer loop
      vertex 23.8121 1.23218 6
      vertex 27.152 1.5657 6
      vertex 27.3707 1.9103 6
    endloop
  endfacet
  facet normal 0 0 1
    outer loop
      vertex 23.4645 1.51979 6
      vertex 27.3707 1.9103 6
      vertex 27.6309 2.22478 6
    endloop
  endfacet
  facet normal 0 0 1
    outer loop
      vertex 28.2586 2.74407 6
      vertex 23.0562 1.7119 6
      vertex 27.9284 2.50417 6
    endloop
  endfacet
  facet normal 0 0 1
    outer loop
      vertex 26.75 0 6
      vertex 24.2858 0.225599 6
      vertex 24.3 0 6
    endloop
  endfacet
  facet normal 0 0 1
    outer loop
      vertex 26.7756 0.407332 6
      vertex 24.2435 0.447641 6
      vertex 24.2858 0.225599 6
    endloop
  endfacet
  facet normal 0 0 1
    outer loop
      vertex 26.8521 0.808242 6
      vertex 24.1736 0.662623 6
      vertex 24.2435 0.447641 6
    endloop
  endfacet
  facet normal 0 0 1
    outer loop
      vertex 26.8521 0.808242 6
      vertex 24.0774 0.867156 6
      vertex 24.1736 0.662623 6
    endloop
  endfacet
  facet normal 0 0 1
    outer loop
      vertex 26.9782 1.1964 6
      vertex 23.9562 1.05801 6
      vertex 24.0774 0.867156 6
    endloop
  endfacet
  facet normal 0 0 1
    outer loop
      vertex 27.152 1.5657 6
      vertex 23.8121 1.23218 6
      vertex 23.9562 1.05801 6
    endloop
  endfacet
  facet normal 0 0 1
    outer loop
      vertex 27.3707 1.9103 6
      vertex 23.6474 1.38692 6
      vertex 23.8121 1.23218 6
    endloop
  endfacet
  facet normal 0 0 1
    outer loop
      vertex 27.3707 1.9103 6
      vertex 23.4645 1.51979 6
      vertex 23.6474 1.38692 6
    endloop
  endfacet
  facet normal 0 0 1
    outer loop
      vertex 27.6309 2.22478 6
      vertex 23.2664 1.62869 6
      vertex 23.4645 1.51979 6
    endloop
  endfacet
  facet normal 0 0 1
    outer loop
      vertex 27.9284 2.50417 6
      vertex 23.2664 1.62869 6
      vertex 27.6309 2.22478 6
    endloop
  endfacet
  facet normal 0 -0 1
    outer loop
      vertex 23.2664 1.62869 6
      vertex 27.9284 2.50417 6
      vertex 23.0562 1.7119 6
    endloop
  endfacet
  facet normal 0 -0 1
    outer loop
      vertex 23.0562 1.7119 6
      vertex 28.2586 2.74407 6
      vertex 22.8373 1.76812 6
    endloop
  endfacet
  facet normal 0 0 1
    outer loop
      vertex 22.8373 1.76812 6
      vertex 16.4882 6.99013 6
      vertex 22.613 1.79645 6
    endloop
  endfacet
  facet normal 0 0 1
    outer loop
      vertex 22.613 1.79645 6
      vertex 16.4882 6.99013 6
      vertex 22.387 1.79645 6
    endloop
  endfacet
  facet normal 0 0 1
    outer loop
      vertex 22.387 1.79645 6
      vertex 16.4882 6.99013 6
      vertex 22.1627 1.76812 6
    endloop
  endfacet
  facet normal 0 0 1
    outer loop
      vertex 22.1627 1.76812 6
      vertex 16.4882 6.99013 6
      vertex 21.9438 1.7119 6
    endloop
  endfacet
  facet normal 0 0 1
    outer loop
      vertex 20.7142 0.225599 6
      vertex 18.25 0 6
      vertex 20.7 0 6
    endloop
  endfacet
  facet normal -0 0 1
    outer loop
      vertex 18.2244 0.407332 6
      vertex 20.7142 0.225599 6
      vertex 20.7565 0.447641 6
    endloop
  endfacet
  facet normal 0 0 1
    outer loop
      vertex 18.1479 0.808242 6
      vertex 20.7565 0.447641 6
      vertex 20.8264 0.662623 6
    endloop
  endfacet
  facet normal -0 0 1
    outer loop
      vertex 18.1479 0.808242 6
      vertex 20.8264 0.662623 6
      vertex 20.9226 0.867156 6
    endloop
  endfacet
  facet normal 0 0 1
    outer loop
      vertex 18.0218 1.1964 6
      vertex 20.9226 0.867156 6
      vertex 21.0438 1.05801 6
    endloop
  endfacet
  facet normal 0 0 1
    outer loop
      vertex 17.848 1.5657 6
      vertex 21.0438 1.05801 6
      vertex 21.1879 1.23218 6
    endloop
  endfacet
  facet normal 0 0 1
    outer loop
      vertex 17.6293 1.9103 6
      vertex 21.1879 1.23218 6
      vertex 21.3526 1.38692 6
    endloop
  endfacet
  facet normal 0 0 1
    outer loop
      vertex 17.6293 1.9103 6
      vertex 21.3526 1.38692 6
      vertex 21.5355 1.51979 6
    endloop
  endfacet
  facet normal 0 0 1
    outer loop
      vertex 17.3691 2.22478 6
      vertex 21.5355 1.51979 6
      vertex 21.7336 1.62869 6
    endloop
  endfacet
  facet normal 0 0 1
    outer loop
      vertex 21.9438 1.7119 6
      vertex 16.4882 6.99013 6
      vertex 21.7336 1.62869 6
    endloop
  endfacet
  facet normal 0 0 1
    outer loop
      vertex 20.7142 0.225599 6
      vertex 18.2244 0.407332 6
      vertex 18.25 0 6
    endloop
  endfacet
  facet normal 0 0 1
    outer loop
      vertex 20.7565 0.447641 6
      vertex 18.1479 0.808242 6
      vertex 18.2244 0.407332 6
    endloop
  endfacet
  facet normal 0 0 1
    outer loop
      vertex 20.9226 0.867156 6
      vertex 18.0218 1.1964 6
      vertex 18.1479 0.808242 6
    endloop
  endfacet
  facet normal 0 0 1
    outer loop
      vertex 21.0438 1.05801 6
      vertex 17.848 1.5657 6
      vertex 18.0218 1.1964 6
    endloop
  endfacet
  facet normal 0 0 1
    outer loop
      vertex 21.1879 1.23218 6
      vertex 17.6293 1.9103 6
      vertex 17.848 1.5657 6
    endloop
  endfacet
  facet normal -0 -0 1
    outer loop
      vertex 17.3691 2.22478 6
      vertex 21.7336 1.62869 6
      vertex 16.4882 6.99013 6
    endloop
  endfacet
  facet normal 0 0 1
    outer loop
      vertex 21.5355 1.51979 6
      vertex 17.3691 2.22478 6
      vertex 17.6293 1.9103 6
    endloop
  endfacet
  facet normal 0 0 1
    outer loop
      vertex 17.3691 2.22478 6
      vertex 16.4882 6.99013 6
      vertex 17.0716 2.50417 6
    endloop
  endfacet
  facet normal 0 0 1
    outer loop
      vertex 17.0716 2.50417 6
      vertex 16.4882 6.99013 6
      vertex 16.7414 2.74407 6
    endloop
  endfacet
  facet normal 0 0 1
    outer loop
      vertex 16.7414 2.74407 6
      vertex 16.4882 6.99013 6
      vertex 16.3838 2.94069 6
    endloop
  endfacet
  facet normal -0 0 1
    outer loop
      vertex 32.3691 -2.22478 6
      vertex 36.0451 -4.93893 6
      vertex 32.6293 -1.9103 6
    endloop
  endfacet
  facet normal 0 0 1
    outer loop
      vertex 36.0451 -4.93893 6
      vertex 32.3691 -2.22478 6
      vertex 35.6448 -5.42274 6
    endloop
  endfacet
  facet normal 0 0 1
    outer loop
      vertex 35.6448 -5.42274 6
      vertex 32.3691 -2.22478 6
      vertex 35.1871 -5.85257 6
    endloop
  endfacet
  facet normal -0 0 1
    outer loop
      vertex 32.0716 -2.50417 6
      vertex 35.1871 -5.85257 6
      vertex 32.3691 -2.22478 6
    endloop
  endfacet
  facet normal 0 0 1
    outer loop
      vertex 35.1871 -5.85257 6
      vertex 32.0716 -2.50417 6
      vertex 34.6791 -6.22164 6
    endloop
  endfacet
  facet normal 0 0 1
    outer loop
      vertex 34.6791 -6.22164 6
      vertex 32.0716 -2.50417 6
      vertex 34.1289 -6.52413 6
    endloop
  endfacet
  facet normal -0 0 1
    outer loop
      vertex 31.7414 -2.74407 6
      vertex 34.1289 -6.52413 6
      vertex 32.0716 -2.50417 6
    endloop
  endfacet
  facet normal 0 0 1
    outer loop
      vertex 34.1289 -6.52413 6
      vertex 31.7414 -2.74407 6
      vertex 33.5451 -6.75528 6
    endloop
  endfacet
  facet normal 0 0 1
    outer loop
      vertex 33.5451 -6.75528 6
      vertex 31.7414 -2.74407 6
      vertex 32.9369 -6.91144 6
    endloop
  endfacet
  facet normal -0 0 1
    outer loop
      vertex 31.3838 -2.94069 6
      vertex 32.9369 -6.91144 6
      vertex 31.7414 -2.74407 6
    endloop
  endfacet
  facet normal 0 0 1
    outer loop
      vertex 32.9369 -6.91144 6
      vertex 31.3838 -2.94069 6
      vertex 32.314 -6.99013 6
    endloop
  endfacet
  facet normal -0 0 1
    outer loop
      vertex 31.0043 -3.09093 6
      vertex 32.314 -6.99013 6
      vertex 31.3838 -2.94069 6
    endloop
  endfacet
  facet normal -0 0 1
    outer loop
      vertex 30.609 -3.19243 6
      vertex 32.314 -6.99013 6
      vertex 31.0043 -3.09093 6
    endloop
  endfacet
  facet normal -0 0 1
    outer loop
      vertex 30.2041 -3.24359 6
      vertex 32.314 -6.99013 6
      vertex 30.609 -3.19243 6
    endloop
  endfacet
  facet normal -0 0 1
    outer loop
      vertex 29.7959 -3.24359 6
      vertex 32.314 -6.99013 6
      vertex 30.2041 -3.24359 6
    endloop
  endfacet
  facet normal 0 0 1
    outer loop
      vertex 29.391 -3.19243 6
      vertex 32.314 -6.99013 6
      vertex 29.7959 -3.24359 6
    endloop
  endfacet
  facet normal 0 0 1
    outer loop
      vertex 28.9957 -3.09093 6
      vertex 32.314 -6.99013 6
      vertex 29.391 -3.19243 6
    endloop
  endfacet
  facet normal 0 0 1
    outer loop
      vertex 28.6162 -2.94069 6
      vertex 32.314 -6.99013 6
      vertex 28.9957 -3.09093 6
    endloop
  endfacet
  facet normal 0 0 1
    outer loop
      vertex 28.2586 -2.74407 6
      vertex 32.314 -6.99013 6
      vertex 28.6162 -2.94069 6
    endloop
  endfacet
  facet normal 0 0 1
    outer loop
      vertex 23.0562 -1.7119 6
      vertex 28.2586 -2.74407 6
      vertex 27.9284 -2.50417 6
    endloop
  endfacet
  facet normal 0 0 1
    outer loop
      vertex 23.2664 -1.62869 6
      vertex 27.9284 -2.50417 6
      vertex 27.6309 -2.22478 6
    endloop
  endfacet
  facet normal 0 0 1
    outer loop
      vertex 24.2858 -0.225599 6
      vertex 26.75 0 6
      vertex 24.3 0 6
    endloop
  endfacet
  facet normal 0 0 1
    outer loop
      vertex 26.75 0 6
      vertex 24.2858 -0.225599 6
      vertex 26.7756 -0.407332 6
    endloop
  endfacet
  facet normal 0 0 1
    outer loop
      vertex 24.2435 -0.447641 6
      vertex 26.7756 -0.407332 6
      vertex 24.2858 -0.225599 6
    endloop
  endfacet
  facet normal 0 0 1
    outer loop
      vertex 26.7756 -0.407332 6
      vertex 24.2435 -0.447641 6
      vertex 26.8521 -0.808242 6
    endloop
  endfacet
  facet normal -0 0 1
    outer loop
      vertex 24.1736 -0.662623 6
      vertex 26.8521 -0.808242 6
      vertex 24.2435 -0.447641 6
    endloop
  endfacet
  facet normal 0 0 1
    outer loop
      vertex 24.0774 -0.867156 6
      vertex 26.8521 -0.808242 6
      vertex 24.1736 -0.662623 6
    endloop
  endfacet
  facet normal 0 0 1
    outer loop
      vertex 26.8521 -0.808242 6
      vertex 24.0774 -0.867156 6
      vertex 26.9782 -1.1964 6
    endloop
  endfacet
  facet normal -0 0 1
    outer loop
      vertex 23.9562 -1.05801 6
      vertex 26.9782 -1.1964 6
      vertex 24.0774 -0.867156 6
    endloop
  endfacet
  facet normal 0 0 1
    outer loop
      vertex 26.9782 -1.1964 6
      vertex 23.9562 -1.05801 6
      vertex 27.152 -1.5657 6
    endloop
  endfacet
  facet normal -0 0 1
    outer loop
      vertex 23.8121 -1.23218 6
      vertex 27.152 -1.5657 6
      vertex 23.9562 -1.05801 6
    endloop
  endfacet
  facet normal 0 0 1
    outer loop
      vertex 27.152 -1.5657 6
      vertex 23.8121 -1.23218 6
      vertex 27.3707 -1.9103 6
    endloop
  endfacet
  facet normal -0 0 1
    outer loop
      vertex 23.6474 -1.38692 6
      vertex 27.3707 -1.9103 6
      vertex 23.8121 -1.23218 6
    endloop
  endfacet
  facet normal -0 0 1
    outer loop
      vertex 23.4645 -1.51979 6
      vertex 27.3707 -1.9103 6
      vertex 23.6474 -1.38692 6
    endloop
  endfacet
  facet normal 0 0 1
    outer loop
      vertex 27.3707 -1.9103 6
      vertex 23.4645 -1.51979 6
      vertex 27.6309 -2.22478 6
    endloop
  endfacet
  facet normal -0 0 1
    outer loop
      vertex 23.2664 -1.62869 6
      vertex 27.6309 -2.22478 6
      vertex 23.4645 -1.51979 6
    endloop
  endfacet
  facet normal 0 0 1
    outer loop
      vertex 27.9284 -2.50417 6
      vertex 23.2664 -1.62869 6
      vertex 23.0562 -1.7119 6
    endloop
  endfacet
  facet normal 0 0 1
    outer loop
      vertex 28.2586 -2.74407 6
      vertex 23.0562 -1.7119 6
      vertex 22.8373 -1.76812 6
    endloop
  endfacet
  facet normal 0 0 1
    outer loop
      vertex 28.2586 -2.74407 6
      vertex 22.8373 -1.76812 6
      vertex 32.314 -6.99013 6
    endloop
  endfacet
  facet normal -0 0 1
    outer loop
      vertex 22.613 -1.79645 6
      vertex 32.314 -6.99013 6
      vertex 22.8373 -1.76812 6
    endloop
  endfacet
  facet normal -0 0 1
    outer loop
      vertex 22.387 -1.79645 6
      vertex 32.314 -6.99013 6
      vertex 22.613 -1.79645 6
    endloop
  endfacet
  facet normal 0 0 1
    outer loop
      vertex 16.3838 -2.94069 6
      vertex 22.387 -1.79645 6
      vertex 22.1627 -1.76812 6
    endloop
  endfacet
  facet normal 0 0 1
    outer loop
      vertex 16.7414 -2.74407 6
      vertex 22.1627 -1.76812 6
      vertex 21.9438 -1.7119 6
    endloop
  endfacet
  facet normal 0 0 1
    outer loop
      vertex 17.0716 -2.50417 6
      vertex 21.9438 -1.7119 6
      vertex 21.7336 -1.62869 6
    endloop
  endfacet
  facet normal -0 0 1
    outer loop
      vertex 18.25 0 6
      vertex 20.7142 -0.225599 6
      vertex 20.7 0 6
    endloop
  endfacet
  facet normal 0 0 1
    outer loop
      vertex 18.2244 -0.407332 6
      vertex 20.7142 -0.225599 6
      vertex 18.25 0 6
    endloop
  endfacet
  facet normal 0 0 1
    outer loop
      vertex 20.7142 -0.225599 6
      vertex 18.2244 -0.407332 6
      vertex 20.7565 -0.447641 6
    endloop
  endfacet
  facet normal 0 0 1
    outer loop
      vertex 18.1479 -0.808242 6
      vertex 20.7565 -0.447641 6
      vertex 18.2244 -0.407332 6
    endloop
  endfacet
  facet normal 0 0 1
    outer loop
      vertex 20.7565 -0.447641 6
      vertex 18.1479 -0.808242 6
      vertex 20.8264 -0.662623 6
    endloop
  endfacet
  facet normal 0 0 1
    outer loop
      vertex 20.8264 -0.662623 6
      vertex 18.1479 -0.808242 6
      vertex 20.9226 -0.867156 6
    endloop
  endfacet
  facet normal 0 0 1
    outer loop
      vertex 18.0218 -1.1964 6
      vertex 20.9226 -0.867156 6
      vertex 18.1479 -0.808242 6
    endloop
  endfacet
  facet normal 0 0 1
    outer loop
      vertex 20.9226 -0.867156 6
      vertex 18.0218 -1.1964 6
      vertex 21.0438 -1.05801 6
    endloop
  endfacet
  facet normal 0 0 1
    outer loop
      vertex 17.848 -1.5657 6
      vertex 21.0438 -1.05801 6
      vertex 18.0218 -1.1964 6
    endloop
  endfacet
  facet normal 0 0 1
    outer loop
      vertex 21.0438 -1.05801 6
      vertex 17.848 -1.5657 6
      vertex 21.1879 -1.23218 6
    endloop
  endfacet
  facet normal 0 0 1
    outer loop
      vertex 17.6293 -1.9103 6
      vertex 21.1879 -1.23218 6
      vertex 17.848 -1.5657 6
    endloop
  endfacet
  facet normal 0 0 1
    outer loop
      vertex 21.1879 -1.23218 6
      vertex 17.6293 -1.9103 6
      vertex 21.3526 -1.38692 6
    endloop
  endfacet
  facet normal 0 0 1
    outer loop
      vertex 21.3526 -1.38692 6
      vertex 17.6293 -1.9103 6
      vertex 21.5355 -1.51979 6
    endloop
  endfacet
  facet normal 0 0 1
    outer loop
      vertex 17.3691 -2.22478 6
      vertex 21.5355 -1.51979 6
      vertex 17.6293 -1.9103 6
    endloop
  endfacet
  facet normal 0 0 1
    outer loop
      vertex 21.5355 -1.51979 6
      vertex 17.3691 -2.22478 6
      vertex 21.7336 -1.62869 6
    endloop
  endfacet
  facet normal 0 0 1
    outer loop
      vertex 17.0716 -2.50417 6
      vertex 21.7336 -1.62869 6
      vertex 17.3691 -2.22478 6
    endloop
  endfacet
  facet normal 0 0 1
    outer loop
      vertex 21.9438 -1.7119 6
      vertex 17.0716 -2.50417 6
      vertex 16.7414 -2.74407 6
    endloop
  endfacet
  facet normal 0 0 1
    outer loop
      vertex 22.1627 -1.76812 6
      vertex 16.7414 -2.74407 6
      vertex 16.3838 -2.94069 6
    endloop
  endfacet
  facet normal 0 0 1
    outer loop
      vertex 22.387 -1.79645 6
      vertex 16.3838 -2.94069 6
      vertex 32.314 -6.99013 6
    endloop
  endfacet
  facet normal -0 0 1
    outer loop
      vertex 16.0043 -3.09093 6
      vertex 32.314 -6.99013 6
      vertex 16.3838 -2.94069 6
    endloop
  endfacet
  facet normal -0 0 1
    outer loop
      vertex 15.609 -3.19243 6
      vertex 32.314 -6.99013 6
      vertex 16.0043 -3.09093 6
    endloop
  endfacet
  facet normal -0 0 1
    outer loop
      vertex 15.2041 -3.24359 6
      vertex 32.314 -6.99013 6
      vertex 15.609 -3.19243 6
    endloop
  endfacet
  facet normal -0 0 1
    outer loop
      vertex 14.7959 -3.24359 6
      vertex 32.314 -6.99013 6
      vertex 15.2041 -3.24359 6
    endloop
  endfacet
  facet normal 0 0 1
    outer loop
      vertex 0.204069 -3.24359 6
      vertex 14.7959 -3.24359 6
      vertex 14.391 -3.19243 6
    endloop
  endfacet
  facet normal 0 0 1
    outer loop
      vertex 9.28581 -0.225599 6
      vertex 11.75 0 6
      vertex 9.3 0 6
    endloop
  endfacet
  facet normal 0 0 1
    outer loop
      vertex 11.75 0 6
      vertex 9.28581 -0.225599 6
      vertex 11.7756 -0.407332 6
    endloop
  endfacet
  facet normal 0 0 1
    outer loop
      vertex 9.24345 -0.447641 6
      vertex 11.7756 -0.407332 6
      vertex 9.28581 -0.225599 6
    endloop
  endfacet
  facet normal 0 0 1
    outer loop
      vertex 11.7756 -0.407332 6
      vertex 9.24345 -0.447641 6
      vertex 11.8521 -0.808242 6
    endloop
  endfacet
  facet normal -0 0 1
    outer loop
      vertex 9.1736 -0.662623 6
      vertex 11.8521 -0.808242 6
      vertex 9.24345 -0.447641 6
    endloop
  endfacet
  facet normal 0 0 1
    outer loop
      vertex 9.07735 -0.867156 6
      vertex 11.8521 -0.808242 6
      vertex 9.1736 -0.662623 6
    endloop
  endfacet
  facet normal 0 0 1
    outer loop
      vertex 11.8521 -0.808242 6
      vertex 9.07735 -0.867156 6
      vertex 11.9782 -1.1964 6
    endloop
  endfacet
  facet normal -0 0 1
    outer loop
      vertex 8.95623 -1.05801 6
      vertex 11.9782 -1.1964 6
      vertex 9.07735 -0.867156 6
    endloop
  endfacet
  facet normal 0 0 1
    outer loop
      vertex 11.9782 -1.1964 6
      vertex 8.95623 -1.05801 6
      vertex 12.152 -1.5657 6
    endloop
  endfacet
  facet normal -0 0 1
    outer loop
      vertex 8.81214 -1.23218 6
      vertex 12.152 -1.5657 6
      vertex 8.95623 -1.05801 6
    endloop
  endfacet
  facet normal 0 0 1
    outer loop
      vertex 12.152 -1.5657 6
      vertex 8.81214 -1.23218 6
      vertex 12.3707 -1.9103 6
    endloop
  endfacet
  facet normal -0 0 1
    outer loop
      vertex 8.64736 -1.38692 6
      vertex 12.3707 -1.9103 6
      vertex 8.81214 -1.23218 6
    endloop
  endfacet
  facet normal -0 0 1
    outer loop
      vertex 8.46449 -1.51979 6
      vertex 12.3707 -1.9103 6
      vertex 8.64736 -1.38692 6
    endloop
  endfacet
  facet normal 0 0 1
    outer loop
      vertex 12.3707 -1.9103 6
      vertex 8.46449 -1.51979 6
      vertex 12.6309 -2.22478 6
    endloop
  endfacet
  facet normal -0 0 1
    outer loop
      vertex 8.2664 -1.62869 6
      vertex 12.6309 -2.22478 6
      vertex 8.46449 -1.51979 6
    endloop
  endfacet
  facet normal 0 0 1
    outer loop
      vertex 12.6309 -2.22478 6
      vertex 8.2664 -1.62869 6
      vertex 12.9284 -2.50417 6
    endloop
  endfacet
  facet normal -0 0 1
    outer loop
      vertex 8.05623 -1.7119 6
      vertex 12.9284 -2.50417 6
      vertex 8.2664 -1.62869 6
    endloop
  endfacet
  facet normal 0 0 1
    outer loop
      vertex 12.9284 -2.50417 6
      vertex 8.05623 -1.7119 6
      vertex 13.2586 -2.74407 6
    endloop
  endfacet
  facet normal -0 0 1
    outer loop
      vertex 7.83729 -1.76812 6
      vertex 13.2586 -2.74407 6
      vertex 8.05623 -1.7119 6
    endloop
  endfacet
  facet normal 0 0 1
    outer loop
      vertex 13.2586 -2.74407 6
      vertex 7.83729 -1.76812 6
      vertex 13.6162 -2.94069 6
    endloop
  endfacet
  facet normal -0 0 1
    outer loop
      vertex 7.61302 -1.79645 6
      vertex 13.6162 -2.94069 6
      vertex 7.83729 -1.76812 6
    endloop
  endfacet
  facet normal 0 0 1
    outer loop
      vertex 13.6162 -2.94069 6
      vertex 7.61302 -1.79645 6
      vertex 13.9957 -3.09093 6
    endloop
  endfacet
  facet normal 0 0 1
    outer loop
      vertex 1.0043 -3.09093 6
      vertex 13.9957 -3.09093 6
      vertex 7.61302 -1.79645 6
    endloop
  endfacet
  facet normal 0 0 1
    outer loop
      vertex 13.9957 -3.09093 6
      vertex 1.0043 -3.09093 6
      vertex 14.391 -3.19243 6
    endloop
  endfacet
  facet normal 0 0 1
    outer loop
      vertex 1.0043 -3.09093 6
      vertex 7.61302 -1.79645 6
      vertex 7.38698 -1.79645 6
    endloop
  endfacet
  facet normal 0 0 1
    outer loop
      vertex 1.38378 -2.94069 6
      vertex 7.38698 -1.79645 6
      vertex 7.16271 -1.76812 6
    endloop
  endfacet
  facet normal 0 0 1
    outer loop
      vertex 5.71419 0.225599 6
      vertex 3.25 0 6
      vertex 5.7 0 6
    endloop
  endfacet
  facet normal 0 0 1
    outer loop
      vertex 5.7 0 6
      vertex 3.25 0 6
      vertex 5.71419 -0.225599 6
    endloop
  endfacet
  facet normal 0 0 1
    outer loop
      vertex 3.22437 -0.407332 6
      vertex 5.71419 -0.225599 6
      vertex 3.25 0 6
    endloop
  endfacet
  facet normal 0 0 1
    outer loop
      vertex 5.71419 -0.225599 6
      vertex 3.22437 -0.407332 6
      vertex 5.75655 -0.447641 6
    endloop
  endfacet
  facet normal 0 0 1
    outer loop
      vertex 3.14789 -0.808242 6
      vertex 5.75655 -0.447641 6
      vertex 3.22437 -0.407332 6
    endloop
  endfacet
  facet normal 0 0 1
    outer loop
      vertex 5.75655 -0.447641 6
      vertex 3.14789 -0.808242 6
      vertex 5.8264 -0.662623 6
    endloop
  endfacet
  facet normal 0 0 1
    outer loop
      vertex 5.8264 -0.662623 6
      vertex 3.14789 -0.808242 6
      vertex 5.92265 -0.867156 6
    endloop
  endfacet
  facet normal 0 0 1
    outer loop
      vertex 3.02177 -1.1964 6
      vertex 5.92265 -0.867156 6
      vertex 3.14789 -0.808242 6
    endloop
  endfacet
  facet normal 0 0 1
    outer loop
      vertex 5.92265 -0.867156 6
      vertex 3.02177 -1.1964 6
      vertex 6.04377 -1.05801 6
    endloop
  endfacet
  facet normal 0 0 1
    outer loop
      vertex 2.848 -1.5657 6
      vertex 6.04377 -1.05801 6
      vertex 3.02177 -1.1964 6
    endloop
  endfacet
  facet normal 0 0 1
    outer loop
      vertex 6.04377 -1.05801 6
      vertex 2.848 -1.5657 6
      vertex 6.18786 -1.23218 6
    endloop
  endfacet
  facet normal 0 0 1
    outer loop
      vertex 2.6293 -1.9103 6
      vertex 6.18786 -1.23218 6
      vertex 2.848 -1.5657 6
    endloop
  endfacet
  facet normal 0 0 1
    outer loop
      vertex 6.18786 -1.23218 6
      vertex 2.6293 -1.9103 6
      vertex 6.35264 -1.38692 6
    endloop
  endfacet
  facet normal 0 0 1
    outer loop
      vertex 6.35264 -1.38692 6
      vertex 2.6293 -1.9103 6
      vertex 6.53551 -1.51979 6
    endloop
  endfacet
  facet normal 0 0 1
    outer loop
      vertex 2.36915 -2.22478 6
      vertex 6.53551 -1.51979 6
      vertex 2.6293 -1.9103 6
    endloop
  endfacet
  facet normal 0 0 1
    outer loop
      vertex 6.53551 -1.51979 6
      vertex 2.36915 -2.22478 6
      vertex 6.7336 -1.62869 6
    endloop
  endfacet
  facet normal 0 0 1
    outer loop
      vertex 2.07163 -2.50417 6
      vertex 6.7336 -1.62869 6
      vertex 2.36915 -2.22478 6
    endloop
  endfacet
  facet normal 0 0 1
    outer loop
      vertex 6.7336 -1.62869 6
      vertex 2.07163 -2.50417 6
      vertex 6.94377 -1.7119 6
    endloop
  endfacet
  facet normal 0 0 1
    outer loop
      vertex 1.74144 -2.74407 6
      vertex 6.94377 -1.7119 6
      vertex 2.07163 -2.50417 6
    endloop
  endfacet
  facet normal 0 0 1
    outer loop
      vertex 6.94377 -1.7119 6
      vertex 1.74144 -2.74407 6
      vertex 7.16271 -1.76812 6
    endloop
  endfacet
  facet normal 0 0 1
    outer loop
      vertex 1.38378 -2.94069 6
      vertex 7.16271 -1.76812 6
      vertex 1.74144 -2.74407 6
    endloop
  endfacet
  facet normal 0 0 1
    outer loop
      vertex 7.38698 -1.79645 6
      vertex 1.38378 -2.94069 6
      vertex 1.0043 -3.09093 6
    endloop
  endfacet
  facet normal 0 0 1
    outer loop
      vertex 0.608989 -3.19243 6
      vertex 14.391 -3.19243 6
      vertex 1.0043 -3.09093 6
    endloop
  endfacet
  facet normal 0 0 1
    outer loop
      vertex 0.204069 -3.24359 6
      vertex 14.391 -3.19243 6
      vertex 0.608989 -3.19243 6
    endloop
  endfacet
  facet normal 0 0 1
    outer loop
      vertex 14.7959 -3.24359 6
      vertex 0.204069 -3.24359 6
      vertex 32.314 -6.99013 6
    endloop
  endfacet
  facet normal -0 0 1
    outer loop
      vertex -0.204069 -3.24359 6
      vertex 32.314 -6.99013 6
      vertex 0.204069 -3.24359 6
    endloop
  endfacet
  facet normal 0 0 1
    outer loop
      vertex -5.71419 0.225599 6
      vertex -3.22437 0.407332 6
      vertex -3.14789 0.808242 6
    endloop
  endfacet
  facet normal -0 0 1
    outer loop
      vertex -5.71419 0.225599 6
      vertex -3.25 0 6
      vertex -3.22437 0.407332 6
    endloop
  endfacet
  facet normal 0 0 1
    outer loop
      vertex -5.71419 -0.225599 6
      vertex -3.25 0 6
      vertex -5.7 0 6
    endloop
  endfacet
  facet normal 0 0 1
    outer loop
      vertex -3.25 0 6
      vertex -5.71419 -0.225599 6
      vertex -3.22437 -0.407332 6
    endloop
  endfacet
  facet normal 0 0 1
    outer loop
      vertex -5.75655 -0.447641 6
      vertex -3.22437 -0.407332 6
      vertex -5.71419 -0.225599 6
    endloop
  endfacet
  facet normal 0 0 1
    outer loop
      vertex -3.22437 -0.407332 6
      vertex -5.75655 -0.447641 6
      vertex -3.14789 -0.808242 6
    endloop
  endfacet
  facet normal -0 0 1
    outer loop
      vertex -5.8264 -0.662623 6
      vertex -3.14789 -0.808242 6
      vertex -5.75655 -0.447641 6
    endloop
  endfacet
  facet normal 0 0 1
    outer loop
      vertex -5.92265 -0.867156 6
      vertex -3.14789 -0.808242 6
      vertex -5.8264 -0.662623 6
    endloop
  endfacet
  facet normal 0 0 1
    outer loop
      vertex -3.14789 -0.808242 6
      vertex -5.92265 -0.867156 6
      vertex -3.02177 -1.1964 6
    endloop
  endfacet
  facet normal -0 0 1
    outer loop
      vertex -6.04377 -1.05801 6
      vertex -3.02177 -1.1964 6
      vertex -5.92265 -0.867156 6
    endloop
  endfacet
  facet normal 0 0 1
    outer loop
      vertex -3.02177 -1.1964 6
      vertex -6.04377 -1.05801 6
      vertex -2.848 -1.5657 6
    endloop
  endfacet
  facet normal -0 0 1
    outer loop
      vertex -6.18786 -1.23218 6
      vertex -2.848 -1.5657 6
      vertex -6.04377 -1.05801 6
    endloop
  endfacet
  facet normal 0 0 1
    outer loop
      vertex -2.848 -1.5657 6
      vertex -6.18786 -1.23218 6
      vertex -2.6293 -1.9103 6
    endloop
  endfacet
  facet normal -0 0 1
    outer loop
      vertex -6.35264 -1.38692 6
      vertex -2.6293 -1.9103 6
      vertex -6.18786 -1.23218 6
    endloop
  endfacet
  facet normal -0 0 1
    outer loop
      vertex -6.53551 -1.51979 6
      vertex -2.6293 -1.9103 6
      vertex -6.35264 -1.38692 6
    endloop
  endfacet
  facet normal 0 0 1
    outer loop
      vertex -2.6293 -1.9103 6
      vertex -6.53551 -1.51979 6
      vertex -2.36915 -2.22478 6
    endloop
  endfacet
  facet normal -0 0 1
    outer loop
      vertex -6.7336 -1.62869 6
      vertex -2.36915 -2.22478 6
      vertex -6.53551 -1.51979 6
    endloop
  endfacet
  facet normal 0 0 1
    outer loop
      vertex -2.36915 -2.22478 6
      vertex -6.7336 -1.62869 6
      vertex -2.07163 -2.50417 6
    endloop
  endfacet
  facet normal -0 0 1
    outer loop
      vertex -6.94377 -1.7119 6
      vertex -2.07163 -2.50417 6
      vertex -6.7336 -1.62869 6
    endloop
  endfacet
  facet normal 0 0 1
    outer loop
      vertex -2.07163 -2.50417 6
      vertex -6.94377 -1.7119 6
      vertex -1.74144 -2.74407 6
    endloop
  endfacet
  facet normal -0 0 1
    outer loop
      vertex -7.16271 -1.76812 6
      vertex -1.74144 -2.74407 6
      vertex -6.94377 -1.7119 6
    endloop
  endfacet
  facet normal 0 0 1
    outer loop
      vertex -1.74144 -2.74407 6
      vertex -7.16271 -1.76812 6
      vertex -1.38378 -2.94069 6
    endloop
  endfacet
  facet normal -0 0 1
    outer loop
      vertex -7.38698 -1.79645 6
      vertex -1.38378 -2.94069 6
      vertex -7.16271 -1.76812 6
    endloop
  endfacet
  facet normal 0 0 1
    outer loop
      vertex -1.38378 -2.94069 6
      vertex -7.38698 -1.79645 6
      vertex -1.0043 -3.09093 6
    endloop
  endfacet
  facet normal -0 0 1
    outer loop
      vertex -7.61302 -1.79645 6
      vertex -1.0043 -3.09093 6
      vertex -7.38698 -1.79645 6
    endloop
  endfacet
  facet normal -0 0 1
    outer loop
      vertex -13.6162 -2.94069 6
      vertex -1.0043 -3.09093 6
      vertex -7.61302 -1.79645 6
    endloop
  endfacet
  facet normal 0 0 1
    outer loop
      vertex -13.6162 -2.94069 6
      vertex -7.61302 -1.79645 6
      vertex -7.83729 -1.76812 6
    endloop
  endfacet
  facet normal -0 0 1
    outer loop
      vertex -11.75 0 6
      vertex -9.28581 -0.225599 6
      vertex -9.3 0 6
    endloop
  endfacet
  facet normal 0 0 1
    outer loop
      vertex -11.7756 -0.407332 6
      vertex -9.28581 -0.225599 6
      vertex -11.75 0 6
    endloop
  endfacet
  facet normal 0 0 1
    outer loop
      vertex -9.28581 -0.225599 6
      vertex -11.7756 -0.407332 6
      vertex -9.24345 -0.447641 6
    endloop
  endfacet
  facet normal 0 0 1
    outer loop
      vertex -11.8521 -0.808242 6
      vertex -9.24345 -0.447641 6
      vertex -11.7756 -0.407332 6
    endloop
  endfacet
  facet normal 0 0 1
    outer loop
      vertex -9.24345 -0.447641 6
      vertex -11.8521 -0.808242 6
      vertex -9.1736 -0.662623 6
    endloop
  endfacet
  facet normal 0 0 1
    outer loop
      vertex -9.1736 -0.662623 6
      vertex -11.8521 -0.808242 6
      vertex -9.07735 -0.867156 6
    endloop
  endfacet
  facet normal 0 0 1
    outer loop
      vertex -11.9782 -1.1964 6
      vertex -9.07735 -0.867156 6
      vertex -11.8521 -0.808242 6
    endloop
  endfacet
  facet normal 0 0 1
    outer loop
      vertex -9.07735 -0.867156 6
      vertex -11.9782 -1.1964 6
      vertex -8.95623 -1.05801 6
    endloop
  endfacet
  facet normal 0 0 1
    outer loop
      vertex -12.152 -1.5657 6
      vertex -8.95623 -1.05801 6
      vertex -11.9782 -1.1964 6
    endloop
  endfacet
  facet normal 0 0 1
    outer loop
      vertex -8.95623 -1.05801 6
      vertex -12.152 -1.5657 6
      vertex -8.81214 -1.23218 6
    endloop
  endfacet
  facet normal 0 0 1
    outer loop
      vertex -12.3707 -1.9103 6
      vertex -8.81214 -1.23218 6
      vertex -12.152 -1.5657 6
    endloop
  endfacet
  facet normal 0 0 1
    outer loop
      vertex -8.81214 -1.23218 6
      vertex -12.3707 -1.9103 6
      vertex -8.64736 -1.38692 6
    endloop
  endfacet
  facet normal 0 0 1
    outer loop
      vertex -8.64736 -1.38692 6
      vertex -12.3707 -1.9103 6
      vertex -8.46449 -1.51979 6
    endloop
  endfacet
  facet normal 0 0 1
    outer loop
      vertex -12.6309 -2.22478 6
      vertex -8.46449 -1.51979 6
      vertex -12.3707 -1.9103 6
    endloop
  endfacet
  facet normal 0 0 1
    outer loop
      vertex -8.46449 -1.51979 6
      vertex -12.6309 -2.22478 6
      vertex -8.2664 -1.62869 6
    endloop
  endfacet
  facet normal 0 0 1
    outer loop
      vertex -12.9284 -2.50417 6
      vertex -8.2664 -1.62869 6
      vertex -12.6309 -2.22478 6
    endloop
  endfacet
  facet normal 0 0 1
    outer loop
      vertex -8.2664 -1.62869 6
      vertex -12.9284 -2.50417 6
      vertex -8.05623 -1.7119 6
    endloop
  endfacet
  facet normal 0 0 1
    outer loop
      vertex -13.2586 -2.74407 6
      vertex -8.05623 -1.7119 6
      vertex -12.9284 -2.50417 6
    endloop
  endfacet
  facet normal 0 0 1
    outer loop
      vertex -8.05623 -1.7119 6
      vertex -13.2586 -2.74407 6
      vertex -7.83729 -1.76812 6
    endloop
  endfacet
  facet normal 0 0 1
    outer loop
      vertex -13.6162 -2.94069 6
      vertex -7.83729 -1.76812 6
      vertex -13.2586 -2.74407 6
    endloop
  endfacet
  facet normal 0 0 1
    outer loop
      vertex -13.9957 -3.09093 6
      vertex -1.0043 -3.09093 6
      vertex -13.6162 -2.94069 6
    endloop
  endfacet
  facet normal 0 0 1
    outer loop
      vertex -1.0043 -3.09093 6
      vertex -13.9957 -3.09093 6
      vertex -0.608989 -3.19243 6
    endloop
  endfacet
  facet normal 0 0 1
    outer loop
      vertex -14.391 -3.19243 6
      vertex -0.608989 -3.19243 6
      vertex -13.9957 -3.09093 6
    endloop
  endfacet
  facet normal 0 0 1
    outer loop
      vertex -0.608989 -3.19243 6
      vertex -14.391 -3.19243 6
      vertex -0.204069 -3.24359 6
    endloop
  endfacet
  facet normal 0 0 1
    outer loop
      vertex -14.7959 -3.24359 6
      vertex -0.204069 -3.24359 6
      vertex -14.391 -3.19243 6
    endloop
  endfacet
  facet normal 0 0 1
    outer loop
      vertex -32.314 -6.99013 6
      vertex -0.204069 -3.24359 6
      vertex -14.7959 -3.24359 6
    endloop
  endfacet
  facet normal 0 0 1
    outer loop
      vertex -32.314 -6.99013 6
      vertex -14.7959 -3.24359 6
      vertex -15.2041 -3.24359 6
    endloop
  endfacet
  facet normal 0 0 1
    outer loop
      vertex -20.7142 0.225599 6
      vertex -18.2244 0.407332 6
      vertex -18.1479 0.808242 6
    endloop
  endfacet
  facet normal -0 0 1
    outer loop
      vertex -20.7142 0.225599 6
      vertex -18.25 0 6
      vertex -18.2244 0.407332 6
    endloop
  endfacet
  facet normal 0 0 1
    outer loop
      vertex -20.7142 -0.225599 6
      vertex -18.25 0 6
      vertex -20.7 0 6
    endloop
  endfacet
  facet normal 0 0 1
    outer loop
      vertex -18.25 0 6
      vertex -20.7142 -0.225599 6
      vertex -18.2244 -0.407332 6
    endloop
  endfacet
  facet normal 0 0 1
    outer loop
      vertex -20.7565 -0.447641 6
      vertex -18.2244 -0.407332 6
      vertex -20.7142 -0.225599 6
    endloop
  endfacet
  facet normal 0 0 1
    outer loop
      vertex -18.2244 -0.407332 6
      vertex -20.7565 -0.447641 6
      vertex -18.1479 -0.808242 6
    endloop
  endfacet
  facet normal -0 0 1
    outer loop
      vertex -20.8264 -0.662623 6
      vertex -18.1479 -0.808242 6
      vertex -20.7565 -0.447641 6
    endloop
  endfacet
  facet normal 0 0 1
    outer loop
      vertex -20.9226 -0.867156 6
      vertex -18.1479 -0.808242 6
      vertex -20.8264 -0.662623 6
    endloop
  endfacet
  facet normal 0 0 1
    outer loop
      vertex -18.1479 -0.808242 6
      vertex -20.9226 -0.867156 6
      vertex -18.0218 -1.1964 6
    endloop
  endfacet
  facet normal -0 0 1
    outer loop
      vertex -21.0438 -1.05801 6
      vertex -18.0218 -1.1964 6
      vertex -20.9226 -0.867156 6
    endloop
  endfacet
  facet normal 0 0 1
    outer loop
      vertex -18.0218 -1.1964 6
      vertex -21.0438 -1.05801 6
      vertex -17.848 -1.5657 6
    endloop
  endfacet
  facet normal -0 0 1
    outer loop
      vertex -21.1879 -1.23218 6
      vertex -17.848 -1.5657 6
      vertex -21.0438 -1.05801 6
    endloop
  endfacet
  facet normal 0 0 1
    outer loop
      vertex -17.848 -1.5657 6
      vertex -21.1879 -1.23218 6
      vertex -17.6293 -1.9103 6
    endloop
  endfacet
  facet normal -0 0 1
    outer loop
      vertex -21.3526 -1.38692 6
      vertex -17.6293 -1.9103 6
      vertex -21.1879 -1.23218 6
    endloop
  endfacet
  facet normal -0 0 1
    outer loop
      vertex -21.5355 -1.51979 6
      vertex -17.6293 -1.9103 6
      vertex -21.3526 -1.38692 6
    endloop
  endfacet
  facet normal 0 0 1
    outer loop
      vertex -17.6293 -1.9103 6
      vertex -21.5355 -1.51979 6
      vertex -17.3691 -2.22478 6
    endloop
  endfacet
  facet normal -0 0 1
    outer loop
      vertex -21.7336 -1.62869 6
      vertex -17.3691 -2.22478 6
      vertex -21.5355 -1.51979 6
    endloop
  endfacet
  facet normal 0 0 1
    outer loop
      vertex -17.3691 -2.22478 6
      vertex -21.7336 -1.62869 6
      vertex -17.0716 -2.50417 6
    endloop
  endfacet
  facet normal -0 0 1
    outer loop
      vertex -21.9438 -1.7119 6
      vertex -17.0716 -2.50417 6
      vertex -21.7336 -1.62869 6
    endloop
  endfacet
  facet normal 0 0 1
    outer loop
      vertex -17.0716 -2.50417 6
      vertex -21.9438 -1.7119 6
      vertex -16.7414 -2.74407 6
    endloop
  endfacet
  facet normal -0 0 1
    outer loop
      vertex -22.1627 -1.76812 6
      vertex -16.7414 -2.74407 6
      vertex -21.9438 -1.7119 6
    endloop
  endfacet
  facet normal 0 0 1
    outer loop
      vertex -16.7414 -2.74407 6
      vertex -22.1627 -1.76812 6
      vertex -16.3838 -2.94069 6
    endloop
  endfacet
  facet normal -0 0 1
    outer loop
      vertex -22.387 -1.79645 6
      vertex -16.3838 -2.94069 6
      vertex -22.1627 -1.76812 6
    endloop
  endfacet
  facet normal 0 0 1
    outer loop
      vertex -32.314 -6.99013 6
      vertex -16.3838 -2.94069 6
      vertex -22.387 -1.79645 6
    endloop
  endfacet
  facet normal 0 0 1
    outer loop
      vertex -16.3838 -2.94069 6
      vertex -32.314 -6.99013 6
      vertex -16.0043 -3.09093 6
    endloop
  endfacet
  facet normal 0 0 1
    outer loop
      vertex -32.314 -6.99013 6
      vertex -22.387 -1.79645 6
      vertex -22.613 -1.79645 6
    endloop
  endfacet
  facet normal 0 0 1
    outer loop
      vertex -32.314 -6.99013 6
      vertex -22.613 -1.79645 6
      vertex -22.8373 -1.76812 6
    endloop
  endfacet
  facet normal -0 0 1
    outer loop
      vertex -26.75 0 6
      vertex -24.2858 -0.225599 6
      vertex -24.3 0 6
    endloop
  endfacet
  facet normal 0 0 1
    outer loop
      vertex -26.7756 -0.407332 6
      vertex -24.2858 -0.225599 6
      vertex -26.75 0 6
    endloop
  endfacet
  facet normal 0 0 1
    outer loop
      vertex -24.2858 -0.225599 6
      vertex -26.7756 -0.407332 6
      vertex -24.2435 -0.447641 6
    endloop
  endfacet
  facet normal 0 0 1
    outer loop
      vertex -26.8521 -0.808242 6
      vertex -24.2435 -0.447641 6
      vertex -26.7756 -0.407332 6
    endloop
  endfacet
  facet normal 0 0 1
    outer loop
      vertex -24.2435 -0.447641 6
      vertex -26.8521 -0.808242 6
      vertex -24.1736 -0.662623 6
    endloop
  endfacet
  facet normal 0 0 1
    outer loop
      vertex -24.1736 -0.662623 6
      vertex -26.8521 -0.808242 6
      vertex -24.0774 -0.867156 6
    endloop
  endfacet
  facet normal 0 0 1
    outer loop
      vertex -26.9782 -1.1964 6
      vertex -24.0774 -0.867156 6
      vertex -26.8521 -0.808242 6
    endloop
  endfacet
  facet normal 0 0 1
    outer loop
      vertex -24.0774 -0.867156 6
      vertex -26.9782 -1.1964 6
      vertex -23.9562 -1.05801 6
    endloop
  endfacet
  facet normal 0 0 1
    outer loop
      vertex -27.152 -1.5657 6
      vertex -23.9562 -1.05801 6
      vertex -26.9782 -1.1964 6
    endloop
  endfacet
  facet normal 0 0 1
    outer loop
      vertex -23.9562 -1.05801 6
      vertex -27.152 -1.5657 6
      vertex -23.8121 -1.23218 6
    endloop
  endfacet
  facet normal 0 0 1
    outer loop
      vertex -27.3707 -1.9103 6
      vertex -23.8121 -1.23218 6
      vertex -27.152 -1.5657 6
    endloop
  endfacet
  facet normal 0 0 1
    outer loop
      vertex -23.8121 -1.23218 6
      vertex -27.3707 -1.9103 6
      vertex -23.6474 -1.38692 6
    endloop
  endfacet
  facet normal 0 0 1
    outer loop
      vertex -23.6474 -1.38692 6
      vertex -27.3707 -1.9103 6
      vertex -23.4645 -1.51979 6
    endloop
  endfacet
  facet normal 0 0 1
    outer loop
      vertex -27.6309 -2.22478 6
      vertex -23.4645 -1.51979 6
      vertex -27.3707 -1.9103 6
    endloop
  endfacet
  facet normal 0 0 1
    outer loop
      vertex -23.4645 -1.51979 6
      vertex -27.6309 -2.22478 6
      vertex -23.2664 -1.62869 6
    endloop
  endfacet
  facet normal 0 0 1
    outer loop
      vertex -27.9284 -2.50417 6
      vertex -23.2664 -1.62869 6
      vertex -27.6309 -2.22478 6
    endloop
  endfacet
  facet normal 0 0 1
    outer loop
      vertex -23.2664 -1.62869 6
      vertex -27.9284 -2.50417 6
      vertex -23.0562 -1.7119 6
    endloop
  endfacet
  facet normal 0 0 1
    outer loop
      vertex -28.2586 -2.74407 6
      vertex -23.0562 -1.7119 6
      vertex -27.9284 -2.50417 6
    endloop
  endfacet
  facet normal 0 0 1
    outer loop
      vertex -23.0562 -1.7119 6
      vertex -28.2586 -2.74407 6
      vertex -22.8373 -1.76812 6
    endloop
  endfacet
  facet normal 0 0 1
    outer loop
      vertex -32.314 -6.99013 6
      vertex -22.8373 -1.76812 6
      vertex -28.2586 -2.74407 6
    endloop
  endfacet
  facet normal 0 0 1
    outer loop
      vertex -16.0043 -3.09093 6
      vertex -32.314 -6.99013 6
      vertex -15.609 -3.19243 6
    endloop
  endfacet
  facet normal 0 0 1
    outer loop
      vertex -15.609 -3.19243 6
      vertex -32.314 -6.99013 6
      vertex -15.2041 -3.24359 6
    endloop
  endfacet
  facet normal 0 0 1
    outer loop
      vertex -32.314 -6.99013 6
      vertex -28.2586 -2.74407 6
      vertex -28.6162 -2.94069 6
    endloop
  endfacet
  facet normal 0 0 1
    outer loop
      vertex -32.314 -6.99013 6
      vertex -28.6162 -2.94069 6
      vertex -28.9957 -3.09093 6
    endloop
  endfacet
  facet normal 0 0 1
    outer loop
      vertex -32.314 -6.99013 6
      vertex -28.9957 -3.09093 6
      vertex -29.391 -3.19243 6
    endloop
  endfacet
  facet normal 0 0 1
    outer loop
      vertex -32.314 -6.99013 6
      vertex -29.391 -3.19243 6
      vertex -29.7959 -3.24359 6
    endloop
  endfacet
  facet normal 0 0 1
    outer loop
      vertex -32.314 -6.99013 6
      vertex -29.7959 -3.24359 6
      vertex -30.2041 -3.24359 6
    endloop
  endfacet
  facet normal 0 0 1
    outer loop
      vertex -0.204069 -3.24359 6
      vertex -32.314 -6.99013 6
      vertex 32.314 -6.99013 6
    endloop
  endfacet
  facet normal 0 0 1
    outer loop
      vertex -30.609 -3.19243 6
      vertex -32.314 -6.99013 6
      vertex -30.2041 -3.24359 6
    endloop
  endfacet
  facet normal 0 0 1
    outer loop
      vertex -31.0043 -3.09093 6
      vertex -32.314 -6.99013 6
      vertex -30.609 -3.19243 6
    endloop
  endfacet
  facet normal 0 0 1
    outer loop
      vertex -31.3838 -2.94069 6
      vertex -32.314 -6.99013 6
      vertex -31.0043 -3.09093 6
    endloop
  endfacet
  facet normal 0 0 1
    outer loop
      vertex -32.9369 -6.91144 6
      vertex -31.3838 -2.94069 6
      vertex -31.7414 -2.74407 6
    endloop
  endfacet
  facet normal 0 0 1
    outer loop
      vertex -34.1289 -6.52413 6
      vertex -31.7414 -2.74407 6
      vertex -32.0716 -2.50417 6
    endloop
  endfacet
  facet normal 0 0 1
    outer loop
      vertex -35.1871 -5.85257 6
      vertex -32.0716 -2.50417 6
      vertex -32.3691 -2.22478 6
    endloop
  endfacet
  facet normal 0 0 1
    outer loop
      vertex -36.0451 -4.93893 6
      vertex -32.3691 -2.22478 6
      vertex -32.6293 -1.9103 6
    endloop
  endfacet
  facet normal 0 0 1
    outer loop
      vertex -36.6489 -3.84062 6
      vertex -32.6293 -1.9103 6
      vertex -32.848 -1.5657 6
    endloop
  endfacet
  facet normal 0 0 1
    outer loop
      vertex -31.3838 -2.94069 6
      vertex -32.9369 -6.91144 6
      vertex -32.314 -6.99013 6
    endloop
  endfacet
  facet normal 0 0 1
    outer loop
      vertex -36.9606 -2.62667 6
      vertex -32.848 -1.5657 6
      vertex -33.0218 -1.1964 6
    endloop
  endfacet
  facet normal 0 0 1
    outer loop
      vertex -37 -2 6
      vertex -33.0218 -1.1964 6
      vertex -33.1479 -0.808242 6
    endloop
  endfacet
  facet normal 0 0 1
    outer loop
      vertex -37 -2 6
      vertex -33.1479 -0.808242 6
      vertex -33.2244 -0.407332 6
    endloop
  endfacet
  facet normal 0 0 1
    outer loop
      vertex -37 -2 6
      vertex -33.2244 -0.407332 6
      vertex -33.25 0 6
    endloop
  endfacet
  facet normal 0 0 1
    outer loop
      vertex -31.7414 -2.74407 6
      vertex -33.5451 -6.75528 6
      vertex -32.9369 -6.91144 6
    endloop
  endfacet
  facet normal -0 0 1
    outer loop
      vertex -36.3815 4.40877 6
      vertex -32.6293 1.9103 6
      vertex -36.0451 4.93893 6
    endloop
  endfacet
  facet normal -0 0 1
    outer loop
      vertex -36.6489 3.84062 6
      vertex -32.6293 1.9103 6
      vertex -36.3815 4.40877 6
    endloop
  endfacet
  facet normal 0 0 1
    outer loop
      vertex -37 -2 6
      vertex -33.25 0 6
      vertex -37 2 6
    endloop
  endfacet
  facet normal 0 0 1
    outer loop
      vertex -32.6293 1.9103 6
      vertex -36.6489 3.84062 6
      vertex -32.848 1.5657 6
    endloop
  endfacet
  facet normal 0 0 1
    outer loop
      vertex -33.0218 -1.1964 6
      vertex -37 -2 6
      vertex -36.9606 -2.62667 6
    endloop
  endfacet
  facet normal -0 0 1
    outer loop
      vertex -36.8429 3.24345 6
      vertex -32.848 1.5657 6
      vertex -36.6489 3.84062 6
    endloop
  endfacet
  facet normal 0 0 1
    outer loop
      vertex -31.7414 -2.74407 6
      vertex -34.1289 -6.52413 6
      vertex -33.5451 -6.75528 6
    endloop
  endfacet
  facet normal -0 0 1
    outer loop
      vertex -36.9606 2.62667 6
      vertex -32.848 1.5657 6
      vertex -36.8429 3.24345 6
    endloop
  endfacet
  facet normal 0 0 1
    outer loop
      vertex -32.0716 -2.50417 6
      vertex -34.6791 -6.22164 6
      vertex -34.1289 -6.52413 6
    endloop
  endfacet
  facet normal 0 0 1
    outer loop
      vertex -32.848 1.5657 6
      vertex -36.9606 2.62667 6
      vertex -33.0218 1.1964 6
    endloop
  endfacet
  facet normal 0 0 1
    outer loop
      vertex -32.0716 -2.50417 6
      vertex -35.1871 -5.85257 6
      vertex -34.6791 -6.22164 6
    endloop
  endfacet
  facet normal -0 0 1
    outer loop
      vertex -37 2 6
      vertex -33.0218 1.1964 6
      vertex -36.9606 2.62667 6
    endloop
  endfacet
  facet normal 0 0 1
    outer loop
      vertex -32.3691 -2.22478 6
      vertex -35.6448 -5.42274 6
      vertex -35.1871 -5.85257 6
    endloop
  endfacet
  facet normal 0 0 1
    outer loop
      vertex -33.0218 1.1964 6
      vertex -37 2 6
      vertex -33.1479 0.808242 6
    endloop
  endfacet
  facet normal 0 0 1
    outer loop
      vertex -32.3691 -2.22478 6
      vertex -36.0451 -4.93893 6
      vertex -35.6448 -5.42274 6
    endloop
  endfacet
  facet normal 0 0 1
    outer loop
      vertex -33.1479 0.808242 6
      vertex -37 2 6
      vertex -33.2244 0.407332 6
    endloop
  endfacet
  facet normal 0 0 1
    outer loop
      vertex -32.6293 -1.9103 6
      vertex -36.3815 -4.40877 6
      vertex -36.0451 -4.93893 6
    endloop
  endfacet
  facet normal 0 0 1
    outer loop
      vertex -33.2244 0.407332 6
      vertex -37 2 6
      vertex -33.25 0 6
    endloop
  endfacet
  facet normal 0 0 1
    outer loop
      vertex -32.6293 -1.9103 6
      vertex -36.6489 -3.84062 6
      vertex -36.3815 -4.40877 6
    endloop
  endfacet
  facet normal 0 0 1
    outer loop
      vertex -32.848 -1.5657 6
      vertex -36.8429 -3.24345 6
      vertex -36.6489 -3.84062 6
    endloop
  endfacet
  facet normal 0 0 1
    outer loop
      vertex -32.848 -1.5657 6
      vertex -36.9606 -2.62667 6
      vertex -36.8429 -3.24345 6
    endloop
  endfacet
  facet normal 0 0 1
    outer loop
      vertex 6.35264 1.38692 6
      vertex 5.75793 6.99013 6
      vertex 6.18786 1.23218 6
    endloop
  endfacet
  facet normal 0 0 1
    outer loop
      vertex 3.22437 0.407332 6
      vertex 6.18786 1.23218 6
      vertex 5.75793 6.99013 6
    endloop
  endfacet
  facet normal 0 0 1
    outer loop
      vertex 3.22437 0.407332 6
      vertex 6.04377 1.05801 6
      vertex 6.18786 1.23218 6
    endloop
  endfacet
  facet normal 0 0 1
    outer loop
      vertex 3.22437 0.407332 6
      vertex 5.92265 0.867156 6
      vertex 6.04377 1.05801 6
    endloop
  endfacet
  facet normal 0 0 1
    outer loop
      vertex 3.22437 0.407332 6
      vertex 5.8264 0.662623 6
      vertex 5.92265 0.867156 6
    endloop
  endfacet
  facet normal 0 0 1
    outer loop
      vertex -5.84064 6.99013 6
      vertex -7.16271 1.76812 6
      vertex -6.94377 1.7119 6
    endloop
  endfacet
  facet normal 0 0 1
    outer loop
      vertex -5.84064 6.99013 6
      vertex -7.38698 1.79645 6
      vertex -7.16271 1.76812 6
    endloop
  endfacet
  facet normal 0 0 1
    outer loop
      vertex -7.38698 1.79645 6
      vertex -8.7269 6.99013 6
      vertex -7.61302 1.79645 6
    endloop
  endfacet
  facet normal 0 0 1
    outer loop
      vertex -7.61302 1.79645 6
      vertex -8.7269 6.99013 6
      vertex -7.83729 1.76812 6
    endloop
  endfacet
  facet normal 0 0 1
    outer loop
      vertex -7.83729 1.76812 6
      vertex -8.7269 6.99013 6
      vertex -8.05623 1.7119 6
    endloop
  endfacet
  facet normal 0 0 1
    outer loop
      vertex -8.05623 1.7119 6
      vertex -8.7269 6.99013 6
      vertex -8.2664 1.62869 6
    endloop
  endfacet
  facet normal 0 0 1
    outer loop
      vertex -8.2664 1.62869 6
      vertex -8.7269 6.99013 6
      vertex -8.46449 1.51979 6
    endloop
  endfacet
  facet normal -0 0 1
    outer loop
      vertex -12.6309 2.22478 6
      vertex -8.46449 1.51979 6
      vertex -8.7269 6.99013 6
    endloop
  endfacet
  facet normal -0 -0 1
    outer loop
      vertex -12.3707 1.9103 6
      vertex -8.46449 1.51979 6
      vertex -12.6309 2.22478 6
    endloop
  endfacet
  facet normal 0 0 1
    outer loop
      vertex -8.46449 1.51979 6
      vertex -12.3707 1.9103 6
      vertex -8.64736 1.38692 6
    endloop
  endfacet
  facet normal -0 -0 1
    outer loop
      vertex -12.152 1.5657 6
      vertex -8.81214 1.23218 6
      vertex -12.3707 1.9103 6
    endloop
  endfacet
  facet normal 0 0 1
    outer loop
      vertex -8.81214 1.23218 6
      vertex -12.152 1.5657 6
      vertex -8.95623 1.05801 6
    endloop
  endfacet
  facet normal -0 -0 1
    outer loop
      vertex -11.9782 1.1964 6
      vertex -8.95623 1.05801 6
      vertex -12.152 1.5657 6
    endloop
  endfacet
  facet normal 0 0 1
    outer loop
      vertex -8.95623 1.05801 6
      vertex -11.9782 1.1964 6
      vertex -9.07735 0.867156 6
    endloop
  endfacet
  facet normal 0 0 1
    outer loop
      vertex -9.28581 0.225599 6
      vertex -11.75 0 6
      vertex -9.3 0 6
    endloop
  endfacet
  facet normal 0 -0 1
    outer loop
      vertex -11.8521 0.808242 6
      vertex -9.07735 0.867156 6
      vertex -11.9782 1.1964 6
    endloop
  endfacet
  facet normal 0 0 1
    outer loop
      vertex -9.28581 0.225599 6
      vertex -11.7756 0.407332 6
      vertex -11.75 0 6
    endloop
  endfacet
  facet normal 0 0 1
    outer loop
      vertex -9.24345 0.447641 6
      vertex -11.7756 0.407332 6
      vertex -9.28581 0.225599 6
    endloop
  endfacet
  facet normal 0 -0 1
    outer loop
      vertex -11.7756 0.407332 6
      vertex -9.24345 0.447641 6
      vertex -11.8521 0.808242 6
    endloop
  endfacet
  facet normal 0 0 1
    outer loop
      vertex -9.1736 0.662623 6
      vertex -11.8521 0.808242 6
      vertex -9.24345 0.447641 6
    endloop
  endfacet
  facet normal 0 0 1
    outer loop
      vertex -9.07735 0.867156 6
      vertex -11.8521 0.808242 6
      vertex -9.1736 0.662623 6
    endloop
  endfacet
  facet normal 0 0 1
    outer loop
      vertex -8.64736 1.38692 6
      vertex -12.3707 1.9103 6
      vertex -8.81214 1.23218 6
    endloop
  endfacet
  facet normal 0 0 1
    outer loop
      vertex -8.7269 6.99013 6
      vertex -12.9284 2.50417 6
      vertex -12.6309 2.22478 6
    endloop
  endfacet
  facet normal 0 0 1
    outer loop
      vertex -8.7269 6.99013 6
      vertex -13.2586 2.74407 6
      vertex -12.9284 2.50417 6
    endloop
  endfacet
  facet normal -0 0 1
    outer loop
      vertex -14.2551 6.99013 6
      vertex -13.2586 2.74407 6
      vertex -8.7269 6.99013 6
    endloop
  endfacet
  facet normal 0 0 1
    outer loop
      vertex -13.2586 2.74407 6
      vertex -14.2551 6.99013 6
      vertex -13.6162 2.94069 6
    endloop
  endfacet
  facet normal 0 0 1
    outer loop
      vertex -13.6162 2.94069 6
      vertex -14.2551 6.99013 6
      vertex -13.9957 3.09093 6
    endloop
  endfacet
  facet normal 0 0 1
    outer loop
      vertex -14.2551 6.99013 6
      vertex -14.391 3.19243 6
      vertex -13.9957 3.09093 6
    endloop
  endfacet
  facet normal 0 0 1
    outer loop
      vertex -14.2551 6.99013 6
      vertex -14.7959 3.24359 6
      vertex -14.391 3.19243 6
    endloop
  endfacet
  facet normal 0 0 1
    outer loop
      vertex -14.2551 6.99013 6
      vertex -15.2041 3.24359 6
      vertex -14.7959 3.24359 6
    endloop
  endfacet
  facet normal 0 0 1
    outer loop
      vertex -14.2551 6.99013 6
      vertex -15.609 3.19243 6
      vertex -15.2041 3.24359 6
    endloop
  endfacet
  facet normal 0 0 1
    outer loop
      vertex -17.0504 6.99013 6
      vertex -14.2551 6.99013 6
      vertex -15.853 9.41248 6
    endloop
  endfacet
  facet normal 0 0 1
    outer loop
      vertex -14.2551 6.99013 6
      vertex -16.0043 3.09093 6
      vertex -15.609 3.19243 6
    endloop
  endfacet
  facet normal 0 0 1
    outer loop
      vertex -16.3838 2.94069 6
      vertex -17.4392 6.99013 6
      vertex -16.7414 2.74407 6
    endloop
  endfacet
  facet normal 0 0 1
    outer loop
      vertex -16.7414 2.74407 6
      vertex -17.4392 6.99013 6
      vertex -17.0716 2.50417 6
    endloop
  endfacet
  facet normal -0 0 1
    outer loop
      vertex -20.3255 6.99013 6
      vertex -17.0716 2.50417 6
      vertex -17.4392 6.99013 6
    endloop
  endfacet
  facet normal 0 0 1
    outer loop
      vertex -17.0716 2.50417 6
      vertex -20.3255 6.99013 6
      vertex -17.3691 2.22478 6
    endloop
  endfacet
  facet normal 0 -1 0
    outer loop
      vertex -32.314 -6.99013 0
      vertex 32.314 -6.99013 6
      vertex -32.314 -6.99013 6
    endloop
  endfacet
  facet normal 0 -1 -0
    outer loop
      vertex 32.314 -6.99013 6
      vertex -32.314 -6.99013 0
      vertex 32.314 -6.99013 0
    endloop
  endfacet
  facet normal 0 1 -0
    outer loop
      vertex -20.3255 6.99013 0
      vertex -32.314 6.99013 6
      vertex -20.3255 6.99013 6
    endloop
  endfacet
  facet normal 0 1 0
    outer loop
      vertex -32.314 6.99013 6
      vertex -20.3255 6.99013 0
      vertex -32.314 6.99013 0
    endloop
  endfacet
  facet normal 0 1 -0
    outer loop
      vertex 32.314 6.99013 0
      vertex 16.4882 6.99013 6
      vertex 32.314 6.99013 6
    endloop
  endfacet
  facet normal 0 1 0
    outer loop
      vertex 16.4882 6.99013 6
      vertex 32.314 6.99013 0
      vertex 16.4882 6.99013 0
    endloop
  endfacet
  facet normal 0 1 -0
    outer loop
      vertex -17.0504 6.99013 0
      vertex -17.4392 6.99013 6
      vertex -17.0504 6.99013 6
    endloop
  endfacet
  facet normal 0 1 0
    outer loop
      vertex -17.4392 6.99013 6
      vertex -17.0504 6.99013 0
      vertex -17.4392 6.99013 0
    endloop
  endfacet
  facet normal 0 1 -0
    outer loop
      vertex -8.7269 6.99013 0
      vertex -14.2551 6.99013 6
      vertex -8.7269 6.99013 6
    endloop
  endfacet
  facet normal 0 1 0
    outer loop
      vertex -14.2551 6.99013 6
      vertex -8.7269 6.99013 0
      vertex -14.2551 6.99013 0
    endloop
  endfacet
  facet normal 0 1 -0
    outer loop
      vertex -5.45184 6.99013 0
      vertex -5.84064 6.99013 6
      vertex -5.45184 6.99013 6
    endloop
  endfacet
  facet normal 0 1 0
    outer loop
      vertex -5.84064 6.99013 6
      vertex -5.45184 6.99013 0
      vertex -5.84064 6.99013 0
    endloop
  endfacet
  facet normal 0 1 -0
    outer loop
      vertex 2.87166 6.99013 0
      vertex -2.65656 6.99013 6
      vertex 2.87166 6.99013 6
    endloop
  endfacet
  facet normal 0 1 0
    outer loop
      vertex -2.65656 6.99013 6
      vertex 2.87166 6.99013 0
      vertex -2.65656 6.99013 0
    endloop
  endfacet
  facet normal 0 1 -0
    outer loop
      vertex 6.14673 6.99013 0
      vertex 5.75793 6.99013 6
      vertex 6.14673 6.99013 6
    endloop
  endfacet
  facet normal 0 1 0
    outer loop
      vertex 5.75793 6.99013 6
      vertex 6.14673 6.99013 0
      vertex 5.75793 6.99013 0
    endloop
  endfacet
  facet normal 0 1 -0
    outer loop
      vertex 13.6375 6.99013 0
      vertex 8.94201 6.99013 6
      vertex 13.6375 6.99013 6
    endloop
  endfacet
  facet normal 0 1 0
    outer loop
      vertex 8.94201 6.99013 6
      vertex 13.6375 6.99013 0
      vertex 8.94201 6.99013 0
    endloop
  endfacet
  facet normal 0.904797 -0.425843 0
    outer loop
      vertex 36.3815 -4.40877 6
      vertex 36.6489 -3.84062 0
      vertex 36.6489 -3.84062 6
    endloop
  endfacet
  facet normal 0.904797 -0.425843 0
    outer loop
      vertex 36.6489 -3.84062 0
      vertex 36.3815 -4.40877 6
      vertex 36.3815 -4.40877 0
    endloop
  endfacet
  facet normal -0.125332 0.992115 0
    outer loop
      vertex -32.314 6.99013 0
      vertex -32.9369 6.91144 6
      vertex -32.314 6.99013 6
    endloop
  endfacet
  facet normal -0.125332 0.992115 0
    outer loop
      vertex -32.9369 6.91144 6
      vertex -32.314 6.99013 0
      vertex -32.9369 6.91144 0
    endloop
  endfacet
  facet normal -0.368135 -0.929773 0
    outer loop
      vertex -34.1289 -6.52413 0
      vertex -33.5451 -6.75528 6
      vertex -34.1289 -6.52413 6
    endloop
  endfacet
  facet normal -0.368135 -0.929773 -0
    outer loop
      vertex -33.5451 -6.75528 6
      vertex -34.1289 -6.52413 0
      vertex -33.5451 -6.75528 0
    endloop
  endfacet
  facet normal -0.125332 -0.992115 0
    outer loop
      vertex -32.9369 -6.91144 0
      vertex -32.314 -6.99013 6
      vertex -32.9369 -6.91144 6
    endloop
  endfacet
  facet normal -0.125332 -0.992115 -0
    outer loop
      vertex -32.314 -6.99013 6
      vertex -32.9369 -6.91144 0
      vertex -32.314 -6.99013 0
    endloop
  endfacet
  facet normal -0.481772 -0.876297 0
    outer loop
      vertex -34.6791 -6.22164 0
      vertex -34.1289 -6.52413 6
      vertex -34.6791 -6.22164 6
    endloop
  endfacet
  facet normal -0.481772 -0.876297 -0
    outer loop
      vertex -34.1289 -6.52413 6
      vertex -34.6791 -6.22164 0
      vertex -34.1289 -6.52413 0
    endloop
  endfacet
  facet normal -0.684565 -0.728952 0
    outer loop
      vertex -35.6448 -5.42274 0
      vertex -35.1871 -5.85257 6
      vertex -35.6448 -5.42274 6
    endloop
  endfacet
  facet normal -0.684565 -0.728952 -0
    outer loop
      vertex -35.1871 -5.85257 6
      vertex -35.6448 -5.42274 0
      vertex -35.1871 -5.85257 0
    endloop
  endfacet
  facet normal 1 -0 0
    outer loop
      vertex 37 -2 6
      vertex 37 2 0
      vertex 37 2 6
    endloop
  endfacet
  facet normal 1 0 0
    outer loop
      vertex 37 2 0
      vertex 37 -2 6
      vertex 37 -2 0
    endloop
  endfacet
  facet normal 0.951072 -0.30897 0
    outer loop
      vertex 36.6489 -3.84062 6
      vertex 36.8429 -3.24345 0
      vertex 36.8429 -3.24345 6
    endloop
  endfacet
  facet normal 0.951072 -0.30897 0
    outer loop
      vertex 36.8429 -3.24345 0
      vertex 36.6489 -3.84062 6
      vertex 36.6489 -3.84062 0
    endloop
  endfacet
  facet normal 0.481772 -0.876297 0
    outer loop
      vertex 34.1289 -6.52413 0
      vertex 34.6791 -6.22164 6
      vertex 34.1289 -6.52413 6
    endloop
  endfacet
  facet normal 0.481772 -0.876297 0
    outer loop
      vertex 34.6791 -6.22164 6
      vertex 34.1289 -6.52413 0
      vertex 34.6791 -6.22164 0
    endloop
  endfacet
  facet normal 0.904797 0.425843 0
    outer loop
      vertex 36.6489 3.84062 6
      vertex 36.3815 4.40877 0
      vertex 36.3815 4.40877 6
    endloop
  endfacet
  facet normal 0.904797 0.425843 0
    outer loop
      vertex 36.3815 4.40877 0
      vertex 36.6489 3.84062 6
      vertex 36.6489 3.84062 0
    endloop
  endfacet
  facet normal 0.951072 0.30897 0
    outer loop
      vertex 36.8429 3.24345 6
      vertex 36.6489 3.84062 0
      vertex 36.6489 3.84062 6
    endloop
  endfacet
  facet normal 0.951072 0.30897 0
    outer loop
      vertex 36.6489 3.84062 0
      vertex 36.8429 3.24345 6
      vertex 36.8429 3.24345 0
    endloop
  endfacet
  facet normal 0.684565 0.728952 -0
    outer loop
      vertex 35.6448 5.42274 0
      vertex 35.1871 5.85257 6
      vertex 35.6448 5.42274 6
    endloop
  endfacet
  facet normal 0.684565 0.728952 0
    outer loop
      vertex 35.1871 5.85257 6
      vertex 35.6448 5.42274 0
      vertex 35.1871 5.85257 0
    endloop
  endfacet
  facet normal 0.368135 0.929773 -0
    outer loop
      vertex 34.1289 6.52413 0
      vertex 33.5451 6.75528 6
      vertex 34.1289 6.52413 6
    endloop
  endfacet
  facet normal 0.368135 0.929773 0
    outer loop
      vertex 33.5451 6.75528 6
      vertex 34.1289 6.52413 0
      vertex 33.5451 6.75528 0
    endloop
  endfacet
  facet normal 0.248691 0.968583 -0
    outer loop
      vertex 33.5451 6.75528 0
      vertex 32.9369 6.91144 6
      vertex 33.5451 6.75528 6
    endloop
  endfacet
  facet normal 0.248691 0.968583 0
    outer loop
      vertex 32.9369 6.91144 6
      vertex 33.5451 6.75528 0
      vertex 32.9369 6.91144 0
    endloop
  endfacet
  facet normal 0.125332 0.992115 -0
    outer loop
      vertex 32.9369 6.91144 0
      vertex 32.314 6.99013 6
      vertex 32.9369 6.91144 6
    endloop
  endfacet
  facet normal 0.125332 0.992115 0
    outer loop
      vertex 32.314 6.99013 6
      vertex 32.9369 6.91144 0
      vertex 32.314 6.99013 0
    endloop
  endfacet
  facet normal 0 0 -1
    outer loop
      vertex -8.7269 6.99013 0
      vertex -5.84064 6.99013 0
      vertex -7.38698 1.79645 0
    endloop
  endfacet
  facet normal 0 0 -1
    outer loop
      vertex -8.7269 6.99013 0
      vertex -7.38698 1.79645 0
      vertex -7.61302 1.79645 0
    endloop
  endfacet
  facet normal 0 0 -1
    outer loop
      vertex -8.7269 6.99013 0
      vertex -7.61302 1.79645 0
      vertex -7.83729 1.76812 0
    endloop
  endfacet
  facet normal 0 0 -1
    outer loop
      vertex -8.7269 6.99013 0
      vertex -7.83729 1.76812 0
      vertex -8.05623 1.7119 0
    endloop
  endfacet
  facet normal 0 0 -1
    outer loop
      vertex -8.7269 6.99013 0
      vertex -8.05623 1.7119 0
      vertex -8.2664 1.62869 0
    endloop
  endfacet
  facet normal 0 0 -1
    outer loop
      vertex -8.7269 6.99013 0
      vertex -8.2664 1.62869 0
      vertex -8.46449 1.51979 0
    endloop
  endfacet
  facet normal 0 0 -1
    outer loop
      vertex -12.3707 1.9103 0
      vertex -8.46449 1.51979 0
      vertex -8.64736 1.38692 0
    endloop
  endfacet
  facet normal 0 0 -1
    outer loop
      vertex -5.84064 6.99013 0
      vertex -8.7269 6.99013 0
      vertex -7.16312 9.41248 0
    endloop
  endfacet
  facet normal 0 0 -1
    outer loop
      vertex -12.3707 1.9103 0
      vertex -8.64736 1.38692 0
      vertex -8.81214 1.23218 0
    endloop
  endfacet
  facet normal 0 0 -1
    outer loop
      vertex -12.152 1.5657 0
      vertex -8.81214 1.23218 0
      vertex -8.95623 1.05801 0
    endloop
  endfacet
  facet normal 0 0 -1
    outer loop
      vertex -11.9782 1.1964 0
      vertex -8.95623 1.05801 0
      vertex -9.07735 0.867156 0
    endloop
  endfacet
  facet normal 0 0 -1
    outer loop
      vertex -11.8521 0.808242 0
      vertex -9.07735 0.867156 0
      vertex -9.1736 0.662623 0
    endloop
  endfacet
  facet normal 0 0 -1
    outer loop
      vertex -11.8521 0.808242 0
      vertex -9.1736 0.662623 0
      vertex -9.24345 0.447641 0
    endloop
  endfacet
  facet normal 0 0 -1
    outer loop
      vertex -11.7756 0.407332 0
      vertex -9.24345 0.447641 0
      vertex -9.28581 0.225599 0
    endloop
  endfacet
  facet normal 0 0 -1
    outer loop
      vertex -11.75 0 0
      vertex -9.28581 0.225599 0
      vertex -9.3 0 0
    endloop
  endfacet
  facet normal 0 0 -1
    outer loop
      vertex -11.7756 0.407332 0
      vertex -9.28581 0.225599 0
      vertex -11.75 0 0
    endloop
  endfacet
  facet normal -0 0 -1
    outer loop
      vertex -9.24345 0.447641 0
      vertex -11.7756 0.407332 0
      vertex -11.8521 0.808242 0
    endloop
  endfacet
  facet normal -0 0 -1
    outer loop
      vertex -9.07735 0.867156 0
      vertex -11.8521 0.808242 0
      vertex -11.9782 1.1964 0
    endloop
  endfacet
  facet normal 0 0 -1
    outer loop
      vertex -8.95623 1.05801 0
      vertex -11.9782 1.1964 0
      vertex -12.152 1.5657 0
    endloop
  endfacet
  facet normal 0 0 -1
    outer loop
      vertex -8.81214 1.23218 0
      vertex -12.152 1.5657 0
      vertex -12.3707 1.9103 0
    endloop
  endfacet
  facet normal 0 0 -1
    outer loop
      vertex -8.46449 1.51979 0
      vertex -12.3707 1.9103 0
      vertex -12.6309 2.22478 0
    endloop
  endfacet
  facet normal 0 0 -1
    outer loop
      vertex -8.46449 1.51979 0
      vertex -12.6309 2.22478 0
      vertex -8.7269 6.99013 0
    endloop
  endfacet
  facet normal 0 0 -1
    outer loop
      vertex -12.9284 2.50417 0
      vertex -8.7269 6.99013 0
      vertex -12.6309 2.22478 0
    endloop
  endfacet
  facet normal 0 0 -1
    outer loop
      vertex -13.2586 2.74407 0
      vertex -8.7269 6.99013 0
      vertex -12.9284 2.50417 0
    endloop
  endfacet
  facet normal 0 0 -1
    outer loop
      vertex -14.2551 6.99013 0
      vertex -13.2586 2.74407 0
      vertex -13.6162 2.94069 0
    endloop
  endfacet
  facet normal 0 0 -1
    outer loop
      vertex -14.2551 6.99013 0
      vertex -13.6162 2.94069 0
      vertex -13.9957 3.09093 0
    endloop
  endfacet
  facet normal 0 0 -1
    outer loop
      vertex -13.2586 2.74407 0
      vertex -14.2551 6.99013 0
      vertex -8.7269 6.99013 0
    endloop
  endfacet
  facet normal 0 0 -1
    outer loop
      vertex -14.391 3.19243 0
      vertex -14.2551 6.99013 0
      vertex -13.9957 3.09093 0
    endloop
  endfacet
  facet normal 0 0 -1
    outer loop
      vertex -14.7959 3.24359 0
      vertex -14.2551 6.99013 0
      vertex -14.391 3.19243 0
    endloop
  endfacet
  facet normal 0 0 -1
    outer loop
      vertex -15.2041 3.24359 0
      vertex -14.2551 6.99013 0
      vertex -14.7959 3.24359 0
    endloop
  endfacet
  facet normal 0 0 -1
    outer loop
      vertex -17.0504 6.99013 0
      vertex -15.2041 3.24359 0
      vertex -15.609 3.19243 0
    endloop
  endfacet
  facet normal 0 0 -1
    outer loop
      vertex -15.2041 3.24359 0
      vertex -17.0504 6.99013 0
      vertex -14.2551 6.99013 0
    endloop
  endfacet
  facet normal 0 0 -1
    outer loop
      vertex -17.0504 6.99013 0
      vertex -15.609 3.19243 0
      vertex -16.0043 3.09093 0
    endloop
  endfacet
  facet normal 0 0 -1
    outer loop
      vertex 13.6162 2.94069 0
      vertex 13.6375 6.99013 0
      vertex 13.9957 3.09093 0
    endloop
  endfacet
  facet normal 0 0 -1
    outer loop
      vertex 13.2586 2.74407 0
      vertex 13.6375 6.99013 0
      vertex 13.6162 2.94069 0
    endloop
  endfacet
  facet normal 0 0 -1
    outer loop
      vertex 12.9284 2.50417 0
      vertex 13.6375 6.99013 0
      vertex 13.2586 2.74407 0
    endloop
  endfacet
  facet normal 0 0 -1
    outer loop
      vertex 8.94201 6.99013 0
      vertex 12.9284 2.50417 0
      vertex 12.6309 2.22478 0
    endloop
  endfacet
  facet normal 0 0 -1
    outer loop
      vertex 8.46449 1.51979 0
      vertex 12.6309 2.22478 0
      vertex 12.3707 1.9103 0
    endloop
  endfacet
  facet normal 0 0 -1
    outer loop
      vertex 8.81214 1.23218 0
      vertex 12.3707 1.9103 0
      vertex 12.152 1.5657 0
    endloop
  endfacet
  facet normal 0 0 -1
    outer loop
      vertex 8.95623 1.05801 0
      vertex 12.152 1.5657 0
      vertex 11.9782 1.1964 0
    endloop
  endfacet
  facet normal 0 0 -1
    outer loop
      vertex 9.07735 0.867156 0
      vertex 11.9782 1.1964 0
      vertex 11.8521 0.808242 0
    endloop
  endfacet
  facet normal 0 0 -1
    outer loop
      vertex 9.28581 0.225599 0
      vertex 11.75 0 0
      vertex 9.3 0 0
    endloop
  endfacet
  facet normal 0 0 -1
    outer loop
      vertex 11.75 0 0
      vertex 9.28581 0.225599 0
      vertex 11.7756 0.407332 0
    endloop
  endfacet
  facet normal 0 0 -1
    outer loop
      vertex 9.24345 0.447641 0
      vertex 11.7756 0.407332 0
      vertex 9.28581 0.225599 0
    endloop
  endfacet
  facet normal 0 0 -1
    outer loop
      vertex 11.7756 0.407332 0
      vertex 9.24345 0.447641 0
      vertex 11.8521 0.808242 0
    endloop
  endfacet
  facet normal 0 0 -1
    outer loop
      vertex 9.1736 0.662623 0
      vertex 11.8521 0.808242 0
      vertex 9.24345 0.447641 0
    endloop
  endfacet
  facet normal 0 0 -1
    outer loop
      vertex 9.07735 0.867156 0
      vertex 11.8521 0.808242 0
      vertex 9.1736 0.662623 0
    endloop
  endfacet
  facet normal 0 0 -1
    outer loop
      vertex 11.9782 1.1964 0
      vertex 9.07735 0.867156 0
      vertex 8.95623 1.05801 0
    endloop
  endfacet
  facet normal 0 0 -1
    outer loop
      vertex 12.152 1.5657 0
      vertex 8.95623 1.05801 0
      vertex 8.81214 1.23218 0
    endloop
  endfacet
  facet normal 0 0 -1
    outer loop
      vertex 12.3707 1.9103 0
      vertex 8.81214 1.23218 0
      vertex 8.64736 1.38692 0
    endloop
  endfacet
  facet normal 0 0 -1
    outer loop
      vertex 12.9284 2.50417 0
      vertex 8.94201 6.99013 0
      vertex 13.6375 6.99013 0
    endloop
  endfacet
  facet normal 0 0 -1
    outer loop
      vertex 12.3707 1.9103 0
      vertex 8.64736 1.38692 0
      vertex 8.46449 1.51979 0
    endloop
  endfacet
  facet normal -0 0 -1
    outer loop
      vertex 12.6309 2.22478 0
      vertex 8.46449 1.51979 0
      vertex 8.94201 6.99013 0
    endloop
  endfacet
  facet normal 0 0 -1
    outer loop
      vertex 8.2664 1.62869 0
      vertex 8.94201 6.99013 0
      vertex 8.46449 1.51979 0
    endloop
  endfacet
  facet normal 0 0 -1
    outer loop
      vertex 8.05623 1.7119 0
      vertex 8.94201 6.99013 0
      vertex 8.2664 1.62869 0
    endloop
  endfacet
  facet normal 0 0 -1
    outer loop
      vertex 7.83729 1.76812 0
      vertex 8.94201 6.99013 0
      vertex 8.05623 1.7119 0
    endloop
  endfacet
  facet normal 0 0 -1
    outer loop
      vertex 7.61302 1.79645 0
      vertex 8.94201 6.99013 0
      vertex 7.83729 1.76812 0
    endloop
  endfacet
  facet normal 0 0 -1
    outer loop
      vertex 6.14673 6.99013 0
      vertex 7.61302 1.79645 0
      vertex 7.38698 1.79645 0
    endloop
  endfacet
  facet normal 0 0 -1
    outer loop
      vertex 7.61302 1.79645 0
      vertex 6.14673 6.99013 0
      vertex 8.94201 6.99013 0
    endloop
  endfacet
  facet normal 0 0 -1
    outer loop
      vertex 6.14673 6.99013 0
      vertex 7.38698 1.79645 0
      vertex 7.16271 1.76812 0
    endloop
  endfacet
  facet normal 0 0 -1
    outer loop
      vertex 33.0218 -1.1964 0
      vertex 37 -2 0
      vertex 36.9606 -2.62667 0
    endloop
  endfacet
  facet normal 0 0 -1
    outer loop
      vertex 37 -2 0
      vertex 33.25 0 0
      vertex 37 2 0
    endloop
  endfacet
  facet normal 0 0 -1
    outer loop
      vertex 32.848 -1.5657 0
      vertex 36.9606 -2.62667 0
      vertex 36.8429 -3.24345 0
    endloop
  endfacet
  facet normal 0 0 -1
    outer loop
      vertex 33.2244 0.407332 0
      vertex 37 2 0
      vertex 33.25 0 0
    endloop
  endfacet
  facet normal 0 0 -1
    outer loop
      vertex 32.848 -1.5657 0
      vertex 36.8429 -3.24345 0
      vertex 36.6489 -3.84062 0
    endloop
  endfacet
  facet normal 0 0 -1
    outer loop
      vertex 33.1479 0.808242 0
      vertex 37 2 0
      vertex 33.2244 0.407332 0
    endloop
  endfacet
  facet normal 0 0 -1
    outer loop
      vertex 32.6293 -1.9103 0
      vertex 36.6489 -3.84062 0
      vertex 36.3815 -4.40877 0
    endloop
  endfacet
  facet normal 0 0 -1
    outer loop
      vertex 33.0218 1.1964 0
      vertex 37 2 0
      vertex 33.1479 0.808242 0
    endloop
  endfacet
  facet normal 0 0 -1
    outer loop
      vertex 32.6293 -1.9103 0
      vertex 36.3815 -4.40877 0
      vertex 36.0451 -4.93893 0
    endloop
  endfacet
  facet normal -0 0 -1
    outer loop
      vertex 37 2 0
      vertex 33.0218 1.1964 0
      vertex 36.9606 2.62667 0
    endloop
  endfacet
  facet normal 0 0 -1
    outer loop
      vertex 32.3691 -2.22478 0
      vertex 36.0451 -4.93893 0
      vertex 35.6448 -5.42274 0
    endloop
  endfacet
  facet normal 0 0 -1
    outer loop
      vertex 32.848 1.5657 0
      vertex 36.9606 2.62667 0
      vertex 33.0218 1.1964 0
    endloop
  endfacet
  facet normal 0 0 -1
    outer loop
      vertex 32.3691 -2.22478 0
      vertex 35.6448 -5.42274 0
      vertex 35.1871 -5.85257 0
    endloop
  endfacet
  facet normal -0 0 -1
    outer loop
      vertex 36.9606 2.62667 0
      vertex 32.848 1.5657 0
      vertex 36.8429 3.24345 0
    endloop
  endfacet
  facet normal 0 0 -1
    outer loop
      vertex 32.0716 -2.50417 0
      vertex 35.1871 -5.85257 0
      vertex 34.6791 -6.22164 0
    endloop
  endfacet
  facet normal -0 0 -1
    outer loop
      vertex 36.8429 3.24345 0
      vertex 32.848 1.5657 0
      vertex 36.6489 3.84062 0
    endloop
  endfacet
  facet normal 0 0 -1
    outer loop
      vertex 32.0716 -2.50417 0
      vertex 34.6791 -6.22164 0
      vertex 34.1289 -6.52413 0
    endloop
  endfacet
  facet normal 0 0 -1
    outer loop
      vertex 32.6293 1.9103 0
      vertex 36.6489 3.84062 0
      vertex 32.848 1.5657 0
    endloop
  endfacet
  facet normal 0 0 -1
    outer loop
      vertex 31.7414 -2.74407 0
      vertex 34.1289 -6.52413 0
      vertex 33.5451 -6.75528 0
    endloop
  endfacet
  facet normal -0 0 -1
    outer loop
      vertex 36.6489 3.84062 0
      vertex 32.6293 1.9103 0
      vertex 36.3815 4.40877 0
    endloop
  endfacet
  facet normal -0 0 -1
    outer loop
      vertex 36.3815 4.40877 0
      vertex 32.6293 1.9103 0
      vertex 36.0451 4.93893 0
    endloop
  endfacet
  facet normal 0 0 -1
    outer loop
      vertex 37 -2 0
      vertex 33.2244 -0.407332 0
      vertex 33.25 0 0
    endloop
  endfacet
  facet normal 0 0 -1
    outer loop
      vertex 37 -2 0
      vertex 33.1479 -0.808242 0
      vertex 33.2244 -0.407332 0
    endloop
  endfacet
  facet normal 0 0 -1
    outer loop
      vertex 37 -2 0
      vertex 33.0218 -1.1964 0
      vertex 33.1479 -0.808242 0
    endloop
  endfacet
  facet normal 0 0 -1
    outer loop
      vertex 31.7414 -2.74407 0
      vertex 33.5451 -6.75528 0
      vertex 32.9369 -6.91144 0
    endloop
  endfacet
  facet normal 0 0 -1
    outer loop
      vertex 36.9606 -2.62667 0
      vertex 32.848 -1.5657 0
      vertex 33.0218 -1.1964 0
    endloop
  endfacet
  facet normal 0 0 -1
    outer loop
      vertex 36.6489 -3.84062 0
      vertex 32.6293 -1.9103 0
      vertex 32.848 -1.5657 0
    endloop
  endfacet
  facet normal 0 0 -1
    outer loop
      vertex 36.0451 -4.93893 0
      vertex 32.3691 -2.22478 0
      vertex 32.6293 -1.9103 0
    endloop
  endfacet
  facet normal 0 0 -1
    outer loop
      vertex 31.3838 -2.94069 0
      vertex 32.9369 -6.91144 0
      vertex 32.314 -6.99013 0
    endloop
  endfacet
  facet normal 0 0 -1
    outer loop
      vertex 35.1871 -5.85257 0
      vertex 32.0716 -2.50417 0
      vertex 32.3691 -2.22478 0
    endloop
  endfacet
  facet normal 0 0 -1
    outer loop
      vertex 34.1289 -6.52413 0
      vertex 31.7414 -2.74407 0
      vertex 32.0716 -2.50417 0
    endloop
  endfacet
  facet normal 0 0 -1
    outer loop
      vertex 32.9369 -6.91144 0
      vertex 31.3838 -2.94069 0
      vertex 31.7414 -2.74407 0
    endloop
  endfacet
  facet normal 0 0 -1
    outer loop
      vertex 32.314 -6.99013 0
      vertex 31.0043 -3.09093 0
      vertex 31.3838 -2.94069 0
    endloop
  endfacet
  facet normal 0 0 -1
    outer loop
      vertex 32.314 -6.99013 0
      vertex 30.609 -3.19243 0
      vertex 31.0043 -3.09093 0
    endloop
  endfacet
  facet normal 0 0 -1
    outer loop
      vertex 32.314 -6.99013 0
      vertex 30.2041 -3.24359 0
      vertex 30.609 -3.19243 0
    endloop
  endfacet
  facet normal 0 0 -1
    outer loop
      vertex 32.314 -6.99013 0
      vertex 29.7959 -3.24359 0
      vertex 30.2041 -3.24359 0
    endloop
  endfacet
  facet normal 0 0 -1
    outer loop
      vertex 32.314 -6.99013 0
      vertex 29.391 -3.19243 0
      vertex 29.7959 -3.24359 0
    endloop
  endfacet
  facet normal 0 0 -1
    outer loop
      vertex 32.314 -6.99013 0
      vertex 28.9957 -3.09093 0
      vertex 29.391 -3.19243 0
    endloop
  endfacet
  facet normal 0 0 -1
    outer loop
      vertex 32.314 -6.99013 0
      vertex 28.6162 -2.94069 0
      vertex 28.9957 -3.09093 0
    endloop
  endfacet
  facet normal 0 0 -1
    outer loop
      vertex 32.314 -6.99013 0
      vertex 28.2586 -2.74407 0
      vertex 28.6162 -2.94069 0
    endloop
  endfacet
  facet normal 0 0 -1
    outer loop
      vertex 22.8373 -1.76812 0
      vertex 28.2586 -2.74407 0
      vertex 32.314 -6.99013 0
    endloop
  endfacet
  facet normal 0 -0 -1
    outer loop
      vertex 23.0562 -1.7119 0
      vertex 28.2586 -2.74407 0
      vertex 22.8373 -1.76812 0
    endloop
  endfacet
  facet normal 0 0 -1
    outer loop
      vertex 24.2858 -0.225599 0
      vertex 26.75 0 0
      vertex 26.7756 -0.407332 0
    endloop
  endfacet
  facet normal 0 0 -1
    outer loop
      vertex 24.2435 -0.447641 0
      vertex 26.7756 -0.407332 0
      vertex 26.8521 -0.808242 0
    endloop
  endfacet
  facet normal 0 0 -1
    outer loop
      vertex 24.0774 -0.867156 0
      vertex 26.8521 -0.808242 0
      vertex 26.9782 -1.1964 0
    endloop
  endfacet
  facet normal 0 0 -1
    outer loop
      vertex 23.9562 -1.05801 0
      vertex 26.9782 -1.1964 0
      vertex 27.152 -1.5657 0
    endloop
  endfacet
  facet normal 0 0 -1
    outer loop
      vertex 23.8121 -1.23218 0
      vertex 27.152 -1.5657 0
      vertex 27.3707 -1.9103 0
    endloop
  endfacet
  facet normal 0 0 -1
    outer loop
      vertex 23.4645 -1.51979 0
      vertex 27.3707 -1.9103 0
      vertex 27.6309 -2.22478 0
    endloop
  endfacet
  facet normal 0 0 -1
    outer loop
      vertex 28.2586 -2.74407 0
      vertex 23.0562 -1.7119 0
      vertex 27.9284 -2.50417 0
    endloop
  endfacet
  facet normal -0 0 -1
    outer loop
      vertex 26.75 0 0
      vertex 24.2858 -0.225599 0
      vertex 24.3 0 0
    endloop
  endfacet
  facet normal -0 0 -1
    outer loop
      vertex 26.7756 -0.407332 0
      vertex 24.2435 -0.447641 0
      vertex 24.2858 -0.225599 0
    endloop
  endfacet
  facet normal 0 0 -1
    outer loop
      vertex 26.8521 -0.808242 0
      vertex 24.1736 -0.662623 0
      vertex 24.2435 -0.447641 0
    endloop
  endfacet
  facet normal -0 0 -1
    outer loop
      vertex 26.8521 -0.808242 0
      vertex 24.0774 -0.867156 0
      vertex 24.1736 -0.662623 0
    endloop
  endfacet
  facet normal 0 0 -1
    outer loop
      vertex 26.9782 -1.1964 0
      vertex 23.9562 -1.05801 0
      vertex 24.0774 -0.867156 0
    endloop
  endfacet
  facet normal 0 0 -1
    outer loop
      vertex 27.152 -1.5657 0
      vertex 23.8121 -1.23218 0
      vertex 23.9562 -1.05801 0
    endloop
  endfacet
  facet normal 0 0 -1
    outer loop
      vertex 27.3707 -1.9103 0
      vertex 23.6474 -1.38692 0
      vertex 23.8121 -1.23218 0
    endloop
  endfacet
  facet normal 0 0 -1
    outer loop
      vertex 27.3707 -1.9103 0
      vertex 23.4645 -1.51979 0
      vertex 23.6474 -1.38692 0
    endloop
  endfacet
  facet normal 0 0 -1
    outer loop
      vertex 27.6309 -2.22478 0
      vertex 23.2664 -1.62869 0
      vertex 23.4645 -1.51979 0
    endloop
  endfacet
  facet normal 0 0 -1
    outer loop
      vertex 27.9284 -2.50417 0
      vertex 23.2664 -1.62869 0
      vertex 27.6309 -2.22478 0
    endloop
  endfacet
  facet normal 0 -0 -1
    outer loop
      vertex 23.2664 -1.62869 0
      vertex 27.9284 -2.50417 0
      vertex 23.0562 -1.7119 0
    endloop
  endfacet
  facet normal 0 0 -1
    outer loop
      vertex 32.314 -6.99013 0
      vertex 22.613 -1.79645 0
      vertex 22.8373 -1.76812 0
    endloop
  endfacet
  facet normal 0 0 -1
    outer loop
      vertex 32.314 -6.99013 0
      vertex 22.387 -1.79645 0
      vertex 22.613 -1.79645 0
    endloop
  endfacet
  facet normal 0 0 -1
    outer loop
      vertex 16.3838 -2.94069 0
      vertex 22.387 -1.79645 0
      vertex 32.314 -6.99013 0
    endloop
  endfacet
  facet normal -0 0 -1
    outer loop
      vertex 22.387 -1.79645 0
      vertex 16.3838 -2.94069 0
      vertex 22.1627 -1.76812 0
    endloop
  endfacet
  facet normal 0 -0 -1
    outer loop
      vertex 16.7414 -2.74407 0
      vertex 22.1627 -1.76812 0
      vertex 16.3838 -2.94069 0
    endloop
  endfacet
  facet normal 0 0 -1
    outer loop
      vertex 20.7142 -0.225599 0
      vertex 18.25 0 0
      vertex 20.7 0 0
    endloop
  endfacet
  facet normal 0 0 -1
    outer loop
      vertex 18.2244 -0.407332 0
      vertex 20.7142 -0.225599 0
      vertex 20.7565 -0.447641 0
    endloop
  endfacet
  facet normal 0 0 -1
    outer loop
      vertex 18.1479 -0.808242 0
      vertex 20.7565 -0.447641 0
      vertex 20.8264 -0.662623 0
    endloop
  endfacet
  facet normal 0 0 -1
    outer loop
      vertex 18.1479 -0.808242 0
      vertex 20.8264 -0.662623 0
      vertex 20.9226 -0.867156 0
    endloop
  endfacet
  facet normal 0 0 -1
    outer loop
      vertex 18.0218 -1.1964 0
      vertex 20.9226 -0.867156 0
      vertex 21.0438 -1.05801 0
    endloop
  endfacet
  facet normal 0 0 -1
    outer loop
      vertex 17.848 -1.5657 0
      vertex 21.0438 -1.05801 0
      vertex 21.1879 -1.23218 0
    endloop
  endfacet
  facet normal 0 0 -1
    outer loop
      vertex 17.6293 -1.9103 0
      vertex 21.1879 -1.23218 0
      vertex 21.3526 -1.38692 0
    endloop
  endfacet
  facet normal 0 0 -1
    outer loop
      vertex 17.6293 -1.9103 0
      vertex 21.3526 -1.38692 0
      vertex 21.5355 -1.51979 0
    endloop
  endfacet
  facet normal 0 0 -1
    outer loop
      vertex 17.3691 -2.22478 0
      vertex 21.5355 -1.51979 0
      vertex 21.7336 -1.62869 0
    endloop
  endfacet
  facet normal -0 0 -1
    outer loop
      vertex 22.1627 -1.76812 0
      vertex 16.7414 -2.74407 0
      vertex 21.9438 -1.7119 0
    endloop
  endfacet
  facet normal -0 0 -1
    outer loop
      vertex 20.7142 -0.225599 0
      vertex 18.2244 -0.407332 0
      vertex 18.25 0 0
    endloop
  endfacet
  facet normal -0 0 -1
    outer loop
      vertex 20.7565 -0.447641 0
      vertex 18.1479 -0.808242 0
      vertex 18.2244 -0.407332 0
    endloop
  endfacet
  facet normal -0 0 -1
    outer loop
      vertex 20.9226 -0.867156 0
      vertex 18.0218 -1.1964 0
      vertex 18.1479 -0.808242 0
    endloop
  endfacet
  facet normal 0 0 -1
    outer loop
      vertex 21.0438 -1.05801 0
      vertex 17.848 -1.5657 0
      vertex 18.0218 -1.1964 0
    endloop
  endfacet
  facet normal 0 0 -1
    outer loop
      vertex 21.1879 -1.23218 0
      vertex 17.6293 -1.9103 0
      vertex 17.848 -1.5657 0
    endloop
  endfacet
  facet normal 0 0 -1
    outer loop
      vertex 21.5355 -1.51979 0
      vertex 17.3691 -2.22478 0
      vertex 17.6293 -1.9103 0
    endloop
  endfacet
  facet normal 0 0 -1
    outer loop
      vertex 21.7336 -1.62869 0
      vertex 17.0716 -2.50417 0
      vertex 17.3691 -2.22478 0
    endloop
  endfacet
  facet normal -0 0 -1
    outer loop
      vertex 21.9438 -1.7119 0
      vertex 17.0716 -2.50417 0
      vertex 21.7336 -1.62869 0
    endloop
  endfacet
  facet normal 0 -0 -1
    outer loop
      vertex 17.0716 -2.50417 0
      vertex 21.9438 -1.7119 0
      vertex 16.7414 -2.74407 0
    endloop
  endfacet
  facet normal 0 0 -1
    outer loop
      vertex 32.314 -6.99013 0
      vertex 16.0043 -3.09093 0
      vertex 16.3838 -2.94069 0
    endloop
  endfacet
  facet normal 0 0 -1
    outer loop
      vertex 32.314 -6.99013 0
      vertex 15.609 -3.19243 0
      vertex 16.0043 -3.09093 0
    endloop
  endfacet
  facet normal 0 0 -1
    outer loop
      vertex 32.314 -6.99013 0
      vertex 15.2041 -3.24359 0
      vertex 15.609 -3.19243 0
    endloop
  endfacet
  facet normal 0 0 -1
    outer loop
      vertex 32.314 -6.99013 0
      vertex 14.7959 -3.24359 0
      vertex 15.2041 -3.24359 0
    endloop
  endfacet
  facet normal 0 0 -1
    outer loop
      vertex 0.204069 -3.24359 0
      vertex 14.7959 -3.24359 0
      vertex 32.314 -6.99013 0
    endloop
  endfacet
  facet normal 0 0 -1
    outer loop
      vertex 9.28581 -0.225599 0
      vertex 11.75 0 0
      vertex 11.7756 -0.407332 0
    endloop
  endfacet
  facet normal 0 0 -1
    outer loop
      vertex 9.24345 -0.447641 0
      vertex 11.7756 -0.407332 0
      vertex 11.8521 -0.808242 0
    endloop
  endfacet
  facet normal 0 0 -1
    outer loop
      vertex 9.07735 -0.867156 0
      vertex 11.8521 -0.808242 0
      vertex 11.9782 -1.1964 0
    endloop
  endfacet
  facet normal 0 0 -1
    outer loop
      vertex 8.95623 -1.05801 0
      vertex 11.9782 -1.1964 0
      vertex 12.152 -1.5657 0
    endloop
  endfacet
  facet normal 0 0 -1
    outer loop
      vertex 8.81214 -1.23218 0
      vertex 12.152 -1.5657 0
      vertex 12.3707 -1.9103 0
    endloop
  endfacet
  facet normal 0 0 -1
    outer loop
      vertex 8.46449 -1.51979 0
      vertex 12.3707 -1.9103 0
      vertex 12.6309 -2.22478 0
    endloop
  endfacet
  facet normal 0 0 -1
    outer loop
      vertex 8.2664 -1.62869 0
      vertex 12.6309 -2.22478 0
      vertex 12.9284 -2.50417 0
    endloop
  endfacet
  facet normal 0 0 -1
    outer loop
      vertex 8.05623 -1.7119 0
      vertex 12.9284 -2.50417 0
      vertex 13.2586 -2.74407 0
    endloop
  endfacet
  facet normal -0 0 -1
    outer loop
      vertex 11.75 0 0
      vertex 9.28581 -0.225599 0
      vertex 9.3 0 0
    endloop
  endfacet
  facet normal -0 0 -1
    outer loop
      vertex 11.7756 -0.407332 0
      vertex 9.24345 -0.447641 0
      vertex 9.28581 -0.225599 0
    endloop
  endfacet
  facet normal 0 0 -1
    outer loop
      vertex 11.8521 -0.808242 0
      vertex 9.1736 -0.662623 0
      vertex 9.24345 -0.447641 0
    endloop
  endfacet
  facet normal 0 0 -1
    outer loop
      vertex 7.83729 -1.76812 0
      vertex 13.2586 -2.74407 0
      vertex 13.6162 -2.94069 0
    endloop
  endfacet
  facet normal -0 0 -1
    outer loop
      vertex 11.8521 -0.808242 0
      vertex 9.07735 -0.867156 0
      vertex 9.1736 -0.662623 0
    endloop
  endfacet
  facet normal 0 0 -1
    outer loop
      vertex 11.9782 -1.1964 0
      vertex 8.95623 -1.05801 0
      vertex 9.07735 -0.867156 0
    endloop
  endfacet
  facet normal 0 0 -1
    outer loop
      vertex 12.152 -1.5657 0
      vertex 8.81214 -1.23218 0
      vertex 8.95623 -1.05801 0
    endloop
  endfacet
  facet normal 0 0 -1
    outer loop
      vertex 7.61302 -1.79645 0
      vertex 13.6162 -2.94069 0
      vertex 13.9957 -3.09093 0
    endloop
  endfacet
  facet normal 0 0 -1
    outer loop
      vertex 12.3707 -1.9103 0
      vertex 8.64736 -1.38692 0
      vertex 8.81214 -1.23218 0
    endloop
  endfacet
  facet normal 0 0 -1
    outer loop
      vertex 12.3707 -1.9103 0
      vertex 8.46449 -1.51979 0
      vertex 8.64736 -1.38692 0
    endloop
  endfacet
  facet normal 0 0 -1
    outer loop
      vertex 12.6309 -2.22478 0
      vertex 8.2664 -1.62869 0
      vertex 8.46449 -1.51979 0
    endloop
  endfacet
  facet normal 0 0 -1
    outer loop
      vertex 1.0043 -3.09093 0
      vertex 13.9957 -3.09093 0
      vertex 14.391 -3.19243 0
    endloop
  endfacet
  facet normal 0 0 -1
    outer loop
      vertex 12.9284 -2.50417 0
      vertex 8.05623 -1.7119 0
      vertex 8.2664 -1.62869 0
    endloop
  endfacet
  facet normal 0 0 -1
    outer loop
      vertex 13.2586 -2.74407 0
      vertex 7.83729 -1.76812 0
      vertex 8.05623 -1.7119 0
    endloop
  endfacet
  facet normal 0 0 -1
    outer loop
      vertex 13.6162 -2.94069 0
      vertex 7.61302 -1.79645 0
      vertex 7.83729 -1.76812 0
    endloop
  endfacet
  facet normal 0 0 -1
    outer loop
      vertex 14.7959 -3.24359 0
      vertex 0.204069 -3.24359 0
      vertex 14.391 -3.19243 0
    endloop
  endfacet
  facet normal 0 0 -1
    outer loop
      vertex 13.9957 -3.09093 0
      vertex 1.0043 -3.09093 0
      vertex 7.61302 -1.79645 0
    endloop
  endfacet
  facet normal -0 0 -1
    outer loop
      vertex 7.61302 -1.79645 0
      vertex 1.0043 -3.09093 0
      vertex 7.38698 -1.79645 0
    endloop
  endfacet
  facet normal 0 0 -1
    outer loop
      vertex 3.25 0 0
      vertex 5.7 0 0
      vertex 5.71419 -0.225599 0
    endloop
  endfacet
  facet normal 0 0 -1
    outer loop
      vertex 5.7 0 0
      vertex 3.25 0 0
      vertex 3.22437 0.407332 0
    endloop
  endfacet
  facet normal 0 0 -1
    outer loop
      vertex 3.22437 -0.407332 0
      vertex 5.71419 -0.225599 0
      vertex 5.75655 -0.447641 0
    endloop
  endfacet
  facet normal 0 0 -1
    outer loop
      vertex 3.14789 -0.808242 0
      vertex 5.75655 -0.447641 0
      vertex 5.8264 -0.662623 0
    endloop
  endfacet
  facet normal 0 0 -1
    outer loop
      vertex 3.14789 -0.808242 0
      vertex 5.8264 -0.662623 0
      vertex 5.92265 -0.867156 0
    endloop
  endfacet
  facet normal 0 0 -1
    outer loop
      vertex 3.02177 -1.1964 0
      vertex 5.92265 -0.867156 0
      vertex 6.04377 -1.05801 0
    endloop
  endfacet
  facet normal 0 0 -1
    outer loop
      vertex 2.848 -1.5657 0
      vertex 6.04377 -1.05801 0
      vertex 6.18786 -1.23218 0
    endloop
  endfacet
  facet normal 0 0 -1
    outer loop
      vertex 2.6293 -1.9103 0
      vertex 6.18786 -1.23218 0
      vertex 6.35264 -1.38692 0
    endloop
  endfacet
  facet normal 0 0 -1
    outer loop
      vertex 2.6293 -1.9103 0
      vertex 6.35264 -1.38692 0
      vertex 6.53551 -1.51979 0
    endloop
  endfacet
  facet normal 0 0 -1
    outer loop
      vertex 2.36915 -2.22478 0
      vertex 6.53551 -1.51979 0
      vertex 6.7336 -1.62869 0
    endloop
  endfacet
  facet normal -0 0 -1
    outer loop
      vertex 5.71419 -0.225599 0
      vertex 3.22437 -0.407332 0
      vertex 3.25 0 0
    endloop
  endfacet
  facet normal 0 0 -1
    outer loop
      vertex 2.07163 -2.50417 0
      vertex 6.7336 -1.62869 0
      vertex 6.94377 -1.7119 0
    endloop
  endfacet
  facet normal -0 0 -1
    outer loop
      vertex 5.75655 -0.447641 0
      vertex 3.14789 -0.808242 0
      vertex 3.22437 -0.407332 0
    endloop
  endfacet
  facet normal 0 0 -1
    outer loop
      vertex 1.74144 -2.74407 0
      vertex 6.94377 -1.7119 0
      vertex 7.16271 -1.76812 0
    endloop
  endfacet
  facet normal -0 0 -1
    outer loop
      vertex 5.92265 -0.867156 0
      vertex 3.02177 -1.1964 0
      vertex 3.14789 -0.808242 0
    endloop
  endfacet
  facet normal 0 -0 -1
    outer loop
      vertex 1.38378 -2.94069 0
      vertex 7.38698 -1.79645 0
      vertex 1.0043 -3.09093 0
    endloop
  endfacet
  facet normal 0 0 -1
    outer loop
      vertex 6.04377 -1.05801 0
      vertex 2.848 -1.5657 0
      vertex 3.02177 -1.1964 0
    endloop
  endfacet
  facet normal 0 0 -1
    outer loop
      vertex 6.18786 -1.23218 0
      vertex 2.6293 -1.9103 0
      vertex 2.848 -1.5657 0
    endloop
  endfacet
  facet normal 0 0 -1
    outer loop
      vertex 6.53551 -1.51979 0
      vertex 2.36915 -2.22478 0
      vertex 2.6293 -1.9103 0
    endloop
  endfacet
  facet normal 0 0 -1
    outer loop
      vertex 6.7336 -1.62869 0
      vertex 2.07163 -2.50417 0
      vertex 2.36915 -2.22478 0
    endloop
  endfacet
  facet normal 0 0 -1
    outer loop
      vertex 6.94377 -1.7119 0
      vertex 1.74144 -2.74407 0
      vertex 2.07163 -2.50417 0
    endloop
  endfacet
  facet normal 0 0 -1
    outer loop
      vertex 7.16271 -1.76812 0
      vertex 1.38378 -2.94069 0
      vertex 1.74144 -2.74407 0
    endloop
  endfacet
  facet normal -0 0 -1
    outer loop
      vertex 7.38698 -1.79645 0
      vertex 1.38378 -2.94069 0
      vertex 7.16271 -1.76812 0
    endloop
  endfacet
  facet normal 0 0 -1
    outer loop
      vertex 14.391 -3.19243 0
      vertex 0.608989 -3.19243 0
      vertex 1.0043 -3.09093 0
    endloop
  endfacet
  facet normal -0 0 -1
    outer loop
      vertex 14.391 -3.19243 0
      vertex 0.204069 -3.24359 0
      vertex 0.608989 -3.19243 0
    endloop
  endfacet
  facet normal 0 0 -1
    outer loop
      vertex 32.314 -6.99013 0
      vertex -0.204069 -3.24359 0
      vertex 0.204069 -3.24359 0
    endloop
  endfacet
  facet normal 0 0 -1
    outer loop
      vertex -5.71419 -0.225599 0
      vertex -3.25 0 0
      vertex -3.22437 -0.407332 0
    endloop
  endfacet
  facet normal 0 0 -1
    outer loop
      vertex -3.25 0 0
      vertex -5.45184 6.99013 0
      vertex -4.25441 9.41248 0
    endloop
  endfacet
  facet normal 0 0 -1
    outer loop
      vertex -5.75655 -0.447641 0
      vertex -3.22437 -0.407332 0
      vertex -3.14789 -0.808242 0
    endloop
  endfacet
  facet normal 0 0 -1
    outer loop
      vertex -3.25 0 0
      vertex -5.7 0 0
      vertex -5.71419 0.225599 0
    endloop
  endfacet
  facet normal 0 0 -1
    outer loop
      vertex -5.92265 -0.867156 0
      vertex -3.14789 -0.808242 0
      vertex -3.02177 -1.1964 0
    endloop
  endfacet
  facet normal 0 0 -1
    outer loop
      vertex -6.04377 -1.05801 0
      vertex -3.02177 -1.1964 0
      vertex -2.848 -1.5657 0
    endloop
  endfacet
  facet normal 0 0 -1
    outer loop
      vertex -6.18786 -1.23218 0
      vertex -2.848 -1.5657 0
      vertex -2.6293 -1.9103 0
    endloop
  endfacet
  facet normal 0 0 -1
    outer loop
      vertex -6.53551 -1.51979 0
      vertex -2.6293 -1.9103 0
      vertex -2.36915 -2.22478 0
    endloop
  endfacet
  facet normal 0 0 -1
    outer loop
      vertex -6.7336 -1.62869 0
      vertex -2.36915 -2.22478 0
      vertex -2.07163 -2.50417 0
    endloop
  endfacet
  facet normal 0 0 -1
    outer loop
      vertex -6.94377 -1.7119 0
      vertex -2.07163 -2.50417 0
      vertex -1.74144 -2.74407 0
    endloop
  endfacet
  facet normal -0 0 -1
    outer loop
      vertex -3.25 0 0
      vertex -5.71419 -0.225599 0
      vertex -5.7 0 0
    endloop
  endfacet
  facet normal -0 0 -1
    outer loop
      vertex -3.22437 -0.407332 0
      vertex -5.75655 -0.447641 0
      vertex -5.71419 -0.225599 0
    endloop
  endfacet
  facet normal 0 0 -1
    outer loop
      vertex -3.14789 -0.808242 0
      vertex -5.8264 -0.662623 0
      vertex -5.75655 -0.447641 0
    endloop
  endfacet
  facet normal 0 0 -1
    outer loop
      vertex -7.16271 -1.76812 0
      vertex -1.74144 -2.74407 0
      vertex -1.38378 -2.94069 0
    endloop
  endfacet
  facet normal -0 0 -1
    outer loop
      vertex -3.14789 -0.808242 0
      vertex -5.92265 -0.867156 0
      vertex -5.8264 -0.662623 0
    endloop
  endfacet
  facet normal 0 0 -1
    outer loop
      vertex -3.02177 -1.1964 0
      vertex -6.04377 -1.05801 0
      vertex -5.92265 -0.867156 0
    endloop
  endfacet
  facet normal 0 0 -1
    outer loop
      vertex -2.848 -1.5657 0
      vertex -6.18786 -1.23218 0
      vertex -6.04377 -1.05801 0
    endloop
  endfacet
  facet normal 0 0 -1
    outer loop
      vertex -7.38698 -1.79645 0
      vertex -1.38378 -2.94069 0
      vertex -1.0043 -3.09093 0
    endloop
  endfacet
  facet normal 0 0 -1
    outer loop
      vertex -2.6293 -1.9103 0
      vertex -6.35264 -1.38692 0
      vertex -6.18786 -1.23218 0
    endloop
  endfacet
  facet normal 0 0 -1
    outer loop
      vertex -2.6293 -1.9103 0
      vertex -6.53551 -1.51979 0
      vertex -6.35264 -1.38692 0
    endloop
  endfacet
  facet normal 0 0 -1
    outer loop
      vertex -2.36915 -2.22478 0
      vertex -6.7336 -1.62869 0
      vertex -6.53551 -1.51979 0
    endloop
  endfacet
  facet normal 0 0 -1
    outer loop
      vertex -13.9957 -3.09093 0
      vertex -1.0043 -3.09093 0
      vertex -0.608989 -3.19243 0
    endloop
  endfacet
  facet normal 0 0 -1
    outer loop
      vertex -2.07163 -2.50417 0
      vertex -6.94377 -1.7119 0
      vertex -6.7336 -1.62869 0
    endloop
  endfacet
  facet normal 0 0 -1
    outer loop
      vertex -1.74144 -2.74407 0
      vertex -7.16271 -1.76812 0
      vertex -6.94377 -1.7119 0
    endloop
  endfacet
  facet normal 0 0 -1
    outer loop
      vertex -1.38378 -2.94069 0
      vertex -7.38698 -1.79645 0
      vertex -7.16271 -1.76812 0
    endloop
  endfacet
  facet normal 0 0 -1
    outer loop
      vertex -1.0043 -3.09093 0
      vertex -7.61302 -1.79645 0
      vertex -7.38698 -1.79645 0
    endloop
  endfacet
  facet normal 0 0 -1
    outer loop
      vertex -1.0043 -3.09093 0
      vertex -13.6162 -2.94069 0
      vertex -7.61302 -1.79645 0
    endloop
  endfacet
  facet normal 0 0 -1
    outer loop
      vertex -9.28581 -0.225599 0
      vertex -11.75 0 0
      vertex -9.3 0 0
    endloop
  endfacet
  facet normal 0 0 -1
    outer loop
      vertex -11.7756 -0.407332 0
      vertex -9.28581 -0.225599 0
      vertex -9.24345 -0.447641 0
    endloop
  endfacet
  facet normal 0 0 -1
    outer loop
      vertex -11.8521 -0.808242 0
      vertex -9.24345 -0.447641 0
      vertex -9.1736 -0.662623 0
    endloop
  endfacet
  facet normal 0 0 -1
    outer loop
      vertex -11.8521 -0.808242 0
      vertex -9.1736 -0.662623 0
      vertex -9.07735 -0.867156 0
    endloop
  endfacet
  facet normal 0 0 -1
    outer loop
      vertex -11.9782 -1.1964 0
      vertex -9.07735 -0.867156 0
      vertex -8.95623 -1.05801 0
    endloop
  endfacet
  facet normal 0 0 -1
    outer loop
      vertex -12.152 -1.5657 0
      vertex -8.95623 -1.05801 0
      vertex -8.81214 -1.23218 0
    endloop
  endfacet
  facet normal 0 0 -1
    outer loop
      vertex -12.3707 -1.9103 0
      vertex -8.81214 -1.23218 0
      vertex -8.64736 -1.38692 0
    endloop
  endfacet
  facet normal 0 0 -1
    outer loop
      vertex -12.3707 -1.9103 0
      vertex -8.64736 -1.38692 0
      vertex -8.46449 -1.51979 0
    endloop
  endfacet
  facet normal 0 0 -1
    outer loop
      vertex -12.6309 -2.22478 0
      vertex -8.46449 -1.51979 0
      vertex -8.2664 -1.62869 0
    endloop
  endfacet
  facet normal -0 0 -1
    outer loop
      vertex -9.28581 -0.225599 0
      vertex -11.7756 -0.407332 0
      vertex -11.75 0 0
    endloop
  endfacet
  facet normal 0 0 -1
    outer loop
      vertex -12.9284 -2.50417 0
      vertex -8.2664 -1.62869 0
      vertex -8.05623 -1.7119 0
    endloop
  endfacet
  facet normal -0 0 -1
    outer loop
      vertex -9.24345 -0.447641 0
      vertex -11.8521 -0.808242 0
      vertex -11.7756 -0.407332 0
    endloop
  endfacet
  facet normal 0 0 -1
    outer loop
      vertex -13.2586 -2.74407 0
      vertex -8.05623 -1.7119 0
      vertex -7.83729 -1.76812 0
    endloop
  endfacet
  facet normal -0 0 -1
    outer loop
      vertex -9.07735 -0.867156 0
      vertex -11.9782 -1.1964 0
      vertex -11.8521 -0.808242 0
    endloop
  endfacet
  facet normal -0 0 -1
    outer loop
      vertex -7.61302 -1.79645 0
      vertex -13.6162 -2.94069 0
      vertex -7.83729 -1.76812 0
    endloop
  endfacet
  facet normal 0 0 -1
    outer loop
      vertex -8.95623 -1.05801 0
      vertex -12.152 -1.5657 0
      vertex -11.9782 -1.1964 0
    endloop
  endfacet
  facet normal 0 0 -1
    outer loop
      vertex -8.81214 -1.23218 0
      vertex -12.3707 -1.9103 0
      vertex -12.152 -1.5657 0
    endloop
  endfacet
  facet normal 0 0 -1
    outer loop
      vertex -14.391 -3.19243 0
      vertex -0.608989 -3.19243 0
      vertex -0.204069 -3.24359 0
    endloop
  endfacet
  facet normal 0 0 -1
    outer loop
      vertex -32.314 -6.99013 0
      vertex -0.204069 -3.24359 0
      vertex 32.314 -6.99013 0
    endloop
  endfacet
  facet normal 0 0 -1
    outer loop
      vertex -8.46449 -1.51979 0
      vertex -12.6309 -2.22478 0
      vertex -12.3707 -1.9103 0
    endloop
  endfacet
  facet normal 0 0 -1
    outer loop
      vertex -8.2664 -1.62869 0
      vertex -12.9284 -2.50417 0
      vertex -12.6309 -2.22478 0
    endloop
  endfacet
  facet normal 0 0 -1
    outer loop
      vertex -8.05623 -1.7119 0
      vertex -13.2586 -2.74407 0
      vertex -12.9284 -2.50417 0
    endloop
  endfacet
  facet normal 0 0 -1
    outer loop
      vertex -7.83729 -1.76812 0
      vertex -13.6162 -2.94069 0
      vertex -13.2586 -2.74407 0
    endloop
  endfacet
  facet normal 0 0 -1
    outer loop
      vertex -1.0043 -3.09093 0
      vertex -13.9957 -3.09093 0
      vertex -13.6162 -2.94069 0
    endloop
  endfacet
  facet normal 0 0 -1
    outer loop
      vertex -0.608989 -3.19243 0
      vertex -14.391 -3.19243 0
      vertex -13.9957 -3.09093 0
    endloop
  endfacet
  facet normal 0 0 -1
    outer loop
      vertex -0.204069 -3.24359 0
      vertex -14.7959 -3.24359 0
      vertex -14.391 -3.19243 0
    endloop
  endfacet
  facet normal -0 0 -1
    outer loop
      vertex -0.204069 -3.24359 0
      vertex -32.314 -6.99013 0
      vertex -14.7959 -3.24359 0
    endloop
  endfacet
  facet normal 0 0 -1
    outer loop
      vertex -17.4392 6.99013 0
      vertex -20.3255 6.99013 0
      vertex -18.7617 9.41248 0
    endloop
  endfacet
  facet normal 0 0 -1
    outer loop
      vertex -20.7142 -0.225599 0
      vertex -18.25 0 0
      vertex -18.2244 -0.407332 0
    endloop
  endfacet
  facet normal 0 0 -1
    outer loop
      vertex -20.7565 -0.447641 0
      vertex -18.2244 -0.407332 0
      vertex -18.1479 -0.808242 0
    endloop
  endfacet
  facet normal 0 0 -1
    outer loop
      vertex -18.25 0 0
      vertex -20.7 0 0
      vertex -20.7142 0.225599 0
    endloop
  endfacet
  facet normal 0 0 -1
    outer loop
      vertex -20.9226 -0.867156 0
      vertex -18.1479 -0.808242 0
      vertex -18.0218 -1.1964 0
    endloop
  endfacet
  facet normal 0 0 -1
    outer loop
      vertex -21.0438 -1.05801 0
      vertex -18.0218 -1.1964 0
      vertex -17.848 -1.5657 0
    endloop
  endfacet
  facet normal 0 0 -1
    outer loop
      vertex -21.1879 -1.23218 0
      vertex -17.848 -1.5657 0
      vertex -17.6293 -1.9103 0
    endloop
  endfacet
  facet normal 0 0 -1
    outer loop
      vertex -21.5355 -1.51979 0
      vertex -17.6293 -1.9103 0
      vertex -17.3691 -2.22478 0
    endloop
  endfacet
  facet normal 0 0 -1
    outer loop
      vertex -21.7336 -1.62869 0
      vertex -17.3691 -2.22478 0
      vertex -17.0716 -2.50417 0
    endloop
  endfacet
  facet normal 0 0 -1
    outer loop
      vertex -21.9438 -1.7119 0
      vertex -17.0716 -2.50417 0
      vertex -16.7414 -2.74407 0
    endloop
  endfacet
  facet normal -0 0 -1
    outer loop
      vertex -18.25 0 0
      vertex -20.7142 -0.225599 0
      vertex -20.7 0 0
    endloop
  endfacet
  facet normal -0 0 -1
    outer loop
      vertex -18.2244 -0.407332 0
      vertex -20.7565 -0.447641 0
      vertex -20.7142 -0.225599 0
    endloop
  endfacet
  facet normal 0 0 -1
    outer loop
      vertex -18.1479 -0.808242 0
      vertex -20.8264 -0.662623 0
      vertex -20.7565 -0.447641 0
    endloop
  endfacet
  facet normal 0 0 -1
    outer loop
      vertex -22.1627 -1.76812 0
      vertex -16.7414 -2.74407 0
      vertex -16.3838 -2.94069 0
    endloop
  endfacet
  facet normal -0 0 -1
    outer loop
      vertex -18.1479 -0.808242 0
      vertex -20.9226 -0.867156 0
      vertex -20.8264 -0.662623 0
    endloop
  endfacet
  facet normal 0 0 -1
    outer loop
      vertex -18.0218 -1.1964 0
      vertex -21.0438 -1.05801 0
      vertex -20.9226 -0.867156 0
    endloop
  endfacet
  facet normal 0 0 -1
    outer loop
      vertex -17.848 -1.5657 0
      vertex -21.1879 -1.23218 0
      vertex -21.0438 -1.05801 0
    endloop
  endfacet
  facet normal 0 0 -1
    outer loop
      vertex -32.314 -6.99013 0
      vertex -16.3838 -2.94069 0
      vertex -16.0043 -3.09093 0
    endloop
  endfacet
  facet normal 0 0 -1
    outer loop
      vertex -17.6293 -1.9103 0
      vertex -21.3526 -1.38692 0
      vertex -21.1879 -1.23218 0
    endloop
  endfacet
  facet normal 0 0 -1
    outer loop
      vertex -17.6293 -1.9103 0
      vertex -21.5355 -1.51979 0
      vertex -21.3526 -1.38692 0
    endloop
  endfacet
  facet normal 0 0 -1
    outer loop
      vertex -17.3691 -2.22478 0
      vertex -21.7336 -1.62869 0
      vertex -21.5355 -1.51979 0
    endloop
  endfacet
  facet normal 0 0 -1
    outer loop
      vertex -32.314 -6.99013 0
      vertex -16.0043 -3.09093 0
      vertex -15.609 -3.19243 0
    endloop
  endfacet
  facet normal 0 0 -1
    outer loop
      vertex -17.0716 -2.50417 0
      vertex -21.9438 -1.7119 0
      vertex -21.7336 -1.62869 0
    endloop
  endfacet
  facet normal 0 0 -1
    outer loop
      vertex -16.7414 -2.74407 0
      vertex -22.1627 -1.76812 0
      vertex -21.9438 -1.7119 0
    endloop
  endfacet
  facet normal 0 0 -1
    outer loop
      vertex -16.3838 -2.94069 0
      vertex -22.387 -1.79645 0
      vertex -22.1627 -1.76812 0
    endloop
  endfacet
  facet normal -0 0 -1
    outer loop
      vertex -16.3838 -2.94069 0
      vertex -32.314 -6.99013 0
      vertex -22.387 -1.79645 0
    endloop
  endfacet
  facet normal -0 0 -1
    outer loop
      vertex -22.387 -1.79645 0
      vertex -32.314 -6.99013 0
      vertex -22.613 -1.79645 0
    endloop
  endfacet
  facet normal 0 0 -1
    outer loop
      vertex -24.2858 -0.225599 0
      vertex -26.75 0 0
      vertex -24.3 0 0
    endloop
  endfacet
  facet normal 0 0 -1
    outer loop
      vertex -26.7756 -0.407332 0
      vertex -24.2858 -0.225599 0
      vertex -24.2435 -0.447641 0
    endloop
  endfacet
  facet normal 0 0 -1
    outer loop
      vertex -26.8521 -0.808242 0
      vertex -24.2435 -0.447641 0
      vertex -24.1736 -0.662623 0
    endloop
  endfacet
  facet normal 0 0 -1
    outer loop
      vertex -26.8521 -0.808242 0
      vertex -24.1736 -0.662623 0
      vertex -24.0774 -0.867156 0
    endloop
  endfacet
  facet normal 0 0 -1
    outer loop
      vertex -26.9782 -1.1964 0
      vertex -24.0774 -0.867156 0
      vertex -23.9562 -1.05801 0
    endloop
  endfacet
  facet normal 0 0 -1
    outer loop
      vertex -27.152 -1.5657 0
      vertex -23.9562 -1.05801 0
      vertex -23.8121 -1.23218 0
    endloop
  endfacet
  facet normal 0 0 -1
    outer loop
      vertex -27.3707 -1.9103 0
      vertex -23.8121 -1.23218 0
      vertex -23.6474 -1.38692 0
    endloop
  endfacet
  facet normal 0 0 -1
    outer loop
      vertex -27.3707 -1.9103 0
      vertex -23.6474 -1.38692 0
      vertex -23.4645 -1.51979 0
    endloop
  endfacet
  facet normal 0 0 -1
    outer loop
      vertex -27.6309 -2.22478 0
      vertex -23.4645 -1.51979 0
      vertex -23.2664 -1.62869 0
    endloop
  endfacet
  facet normal -0 0 -1
    outer loop
      vertex -24.2858 -0.225599 0
      vertex -26.7756 -0.407332 0
      vertex -26.75 0 0
    endloop
  endfacet
  facet normal 0 0 -1
    outer loop
      vertex -27.9284 -2.50417 0
      vertex -23.2664 -1.62869 0
      vertex -23.0562 -1.7119 0
    endloop
  endfacet
  facet normal -0 0 -1
    outer loop
      vertex -24.2435 -0.447641 0
      vertex -26.8521 -0.808242 0
      vertex -26.7756 -0.407332 0
    endloop
  endfacet
  facet normal 0 0 -1
    outer loop
      vertex -28.2586 -2.74407 0
      vertex -23.0562 -1.7119 0
      vertex -22.8373 -1.76812 0
    endloop
  endfacet
  facet normal -0 0 -1
    outer loop
      vertex -24.0774 -0.867156 0
      vertex -26.9782 -1.1964 0
      vertex -26.8521 -0.808242 0
    endloop
  endfacet
  facet normal -0 0 -1
    outer loop
      vertex -22.613 -1.79645 0
      vertex -32.314 -6.99013 0
      vertex -22.8373 -1.76812 0
    endloop
  endfacet
  facet normal 0 0 -1
    outer loop
      vertex -23.9562 -1.05801 0
      vertex -27.152 -1.5657 0
      vertex -26.9782 -1.1964 0
    endloop
  endfacet
  facet normal 0 0 -1
    outer loop
      vertex -23.8121 -1.23218 0
      vertex -27.3707 -1.9103 0
      vertex -27.152 -1.5657 0
    endloop
  endfacet
  facet normal 0 0 -1
    outer loop
      vertex -32.314 -6.99013 0
      vertex -15.609 -3.19243 0
      vertex -15.2041 -3.24359 0
    endloop
  endfacet
  facet normal 0 0 -1
    outer loop
      vertex -23.4645 -1.51979 0
      vertex -27.6309 -2.22478 0
      vertex -27.3707 -1.9103 0
    endloop
  endfacet
  facet normal 0 0 -1
    outer loop
      vertex -23.2664 -1.62869 0
      vertex -27.9284 -2.50417 0
      vertex -27.6309 -2.22478 0
    endloop
  endfacet
  facet normal -0 0 -1
    outer loop
      vertex -14.7959 -3.24359 0
      vertex -32.314 -6.99013 0
      vertex -15.2041 -3.24359 0
    endloop
  endfacet
  facet normal 0 0 -1
    outer loop
      vertex -22.8373 -1.76812 0
      vertex -32.314 -6.99013 0
      vertex -28.2586 -2.74407 0
    endloop
  endfacet
  facet normal 0 0 -1
    outer loop
      vertex -23.0562 -1.7119 0
      vertex -28.2586 -2.74407 0
      vertex -27.9284 -2.50417 0
    endloop
  endfacet
  facet normal 0 0 -1
    outer loop
      vertex -28.2586 -2.74407 0
      vertex -32.314 -6.99013 0
      vertex -28.6162 -2.94069 0
    endloop
  endfacet
  facet normal 0 0 -1
    outer loop
      vertex -28.6162 -2.94069 0
      vertex -32.314 -6.99013 0
      vertex -28.9957 -3.09093 0
    endloop
  endfacet
  facet normal 0 0 -1
    outer loop
      vertex -28.9957 -3.09093 0
      vertex -32.314 -6.99013 0
      vertex -29.391 -3.19243 0
    endloop
  endfacet
  facet normal 0 0 -1
    outer loop
      vertex -29.391 -3.19243 0
      vertex -32.314 -6.99013 0
      vertex -29.7959 -3.24359 0
    endloop
  endfacet
  facet normal -0 0 -1
    outer loop
      vertex -29.7959 -3.24359 0
      vertex -32.314 -6.99013 0
      vertex -30.2041 -3.24359 0
    endloop
  endfacet
  facet normal 0 0 -1
    outer loop
      vertex -32.314 -6.99013 0
      vertex -30.609 -3.19243 0
      vertex -30.2041 -3.24359 0
    endloop
  endfacet
  facet normal 0 0 -1
    outer loop
      vertex -32.314 -6.99013 0
      vertex -31.0043 -3.09093 0
      vertex -30.609 -3.19243 0
    endloop
  endfacet
  facet normal 0 0 -1
    outer loop
      vertex -32.314 -6.99013 0
      vertex -31.3838 -2.94069 0
      vertex -31.0043 -3.09093 0
    endloop
  endfacet
  facet normal 0 0 -1
    outer loop
      vertex -32.9369 -6.91144 0
      vertex -31.3838 -2.94069 0
      vertex -32.314 -6.99013 0
    endloop
  endfacet
  facet normal -0 0 -1
    outer loop
      vertex -31.3838 -2.94069 0
      vertex -32.9369 -6.91144 0
      vertex -31.7414 -2.74407 0
    endloop
  endfacet
  facet normal 0 0 -1
    outer loop
      vertex -33.5451 -6.75528 0
      vertex -31.7414 -2.74407 0
      vertex -32.9369 -6.91144 0
    endloop
  endfacet
  facet normal 0 0 -1
    outer loop
      vertex -34.1289 -6.52413 0
      vertex -31.7414 -2.74407 0
      vertex -33.5451 -6.75528 0
    endloop
  endfacet
  facet normal -0 0 -1
    outer loop
      vertex -31.7414 -2.74407 0
      vertex -34.1289 -6.52413 0
      vertex -32.0716 -2.50417 0
    endloop
  endfacet
  facet normal 0 0 -1
    outer loop
      vertex -34.6791 -6.22164 0
      vertex -32.0716 -2.50417 0
      vertex -34.1289 -6.52413 0
    endloop
  endfacet
  facet normal 0 0 -1
    outer loop
      vertex -35.1871 -5.85257 0
      vertex -32.0716 -2.50417 0
      vertex -34.6791 -6.22164 0
    endloop
  endfacet
  facet normal -0 0 -1
    outer loop
      vertex -32.0716 -2.50417 0
      vertex -35.1871 -5.85257 0
      vertex -32.3691 -2.22478 0
    endloop
  endfacet
  facet normal 0 0 -1
    outer loop
      vertex -35.6448 -5.42274 0
      vertex -32.3691 -2.22478 0
      vertex -35.1871 -5.85257 0
    endloop
  endfacet
  facet normal 0 0 -1
    outer loop
      vertex -36.0451 -4.93893 0
      vertex -32.3691 -2.22478 0
      vertex -35.6448 -5.42274 0
    endloop
  endfacet
  facet normal -0 0 -1
    outer loop
      vertex -32.3691 -2.22478 0
      vertex -36.0451 -4.93893 0
      vertex -32.6293 -1.9103 0
    endloop
  endfacet
  facet normal 0 0 -1
    outer loop
      vertex 32.3691 2.22478 0
      vertex 36.0451 4.93893 0
      vertex 32.6293 1.9103 0
    endloop
  endfacet
  facet normal -0 0 -1
    outer loop
      vertex 36.0451 4.93893 0
      vertex 32.3691 2.22478 0
      vertex 35.6448 5.42274 0
    endloop
  endfacet
  facet normal -0 0 -1
    outer loop
      vertex 35.6448 5.42274 0
      vertex 32.3691 2.22478 0
      vertex 35.1871 5.85257 0
    endloop
  endfacet
  facet normal 0 0 -1
    outer loop
      vertex 32.0716 2.50417 0
      vertex 35.1871 5.85257 0
      vertex 32.3691 2.22478 0
    endloop
  endfacet
  facet normal -0 0 -1
    outer loop
      vertex 35.1871 5.85257 0
      vertex 32.0716 2.50417 0
      vertex 34.6791 6.22164 0
    endloop
  endfacet
  facet normal -0 0 -1
    outer loop
      vertex 34.6791 6.22164 0
      vertex 32.0716 2.50417 0
      vertex 34.1289 6.52413 0
    endloop
  endfacet
  facet normal 0 0 -1
    outer loop
      vertex 31.7414 2.74407 0
      vertex 34.1289 6.52413 0
      vertex 32.0716 2.50417 0
    endloop
  endfacet
  facet normal -0 0 -1
    outer loop
      vertex 34.1289 6.52413 0
      vertex 31.7414 2.74407 0
      vertex 33.5451 6.75528 0
    endloop
  endfacet
  facet normal -0 0 -1
    outer loop
      vertex 33.5451 6.75528 0
      vertex 31.7414 2.74407 0
      vertex 32.9369 6.91144 0
    endloop
  endfacet
  facet normal 0 0 -1
    outer loop
      vertex 31.3838 2.94069 0
      vertex 32.9369 6.91144 0
      vertex 31.7414 2.74407 0
    endloop
  endfacet
  facet normal -0 0 -1
    outer loop
      vertex 32.9369 6.91144 0
      vertex 31.3838 2.94069 0
      vertex 32.314 6.99013 0
    endloop
  endfacet
  facet normal 0 0 -1
    outer loop
      vertex 31.0043 3.09093 0
      vertex 32.314 6.99013 0
      vertex 31.3838 2.94069 0
    endloop
  endfacet
  facet normal 0 0 -1
    outer loop
      vertex 30.609 3.19243 0
      vertex 32.314 6.99013 0
      vertex 31.0043 3.09093 0
    endloop
  endfacet
  facet normal 0 0 -1
    outer loop
      vertex 30.2041 3.24359 0
      vertex 32.314 6.99013 0
      vertex 30.609 3.19243 0
    endloop
  endfacet
  facet normal 0 0 -1
    outer loop
      vertex 29.7959 3.24359 0
      vertex 32.314 6.99013 0
      vertex 30.2041 3.24359 0
    endloop
  endfacet
  facet normal 0 0 -1
    outer loop
      vertex 29.391 3.19243 0
      vertex 32.314 6.99013 0
      vertex 29.7959 3.24359 0
    endloop
  endfacet
  facet normal 0 0 -1
    outer loop
      vertex 28.9957 3.09093 0
      vertex 32.314 6.99013 0
      vertex 29.391 3.19243 0
    endloop
  endfacet
  facet normal 0 0 -1
    outer loop
      vertex 28.6162 2.94069 0
      vertex 32.314 6.99013 0
      vertex 28.9957 3.09093 0
    endloop
  endfacet
  facet normal 0 0 -1
    outer loop
      vertex 16.4882 6.99013 0
      vertex 28.6162 2.94069 0
      vertex 28.2586 2.74407 0
    endloop
  endfacet
  facet normal 0 0 -1
    outer loop
      vertex 23.0562 1.7119 0
      vertex 28.2586 2.74407 0
      vertex 27.9284 2.50417 0
    endloop
  endfacet
  facet normal 0 0 -1
    outer loop
      vertex 23.2664 1.62869 0
      vertex 27.9284 2.50417 0
      vertex 27.6309 2.22478 0
    endloop
  endfacet
  facet normal 0 0 -1
    outer loop
      vertex 24.2858 0.225599 0
      vertex 26.75 0 0
      vertex 24.3 0 0
    endloop
  endfacet
  facet normal 0 0 -1
    outer loop
      vertex 26.75 0 0
      vertex 24.2858 0.225599 0
      vertex 26.7756 0.407332 0
    endloop
  endfacet
  facet normal 0 0 -1
    outer loop
      vertex 24.2435 0.447641 0
      vertex 26.7756 0.407332 0
      vertex 24.2858 0.225599 0
    endloop
  endfacet
  facet normal 0 0 -1
    outer loop
      vertex 26.7756 0.407332 0
      vertex 24.2435 0.447641 0
      vertex 26.8521 0.808242 0
    endloop
  endfacet
  facet normal 0 0 -1
    outer loop
      vertex 24.1736 0.662623 0
      vertex 26.8521 0.808242 0
      vertex 24.2435 0.447641 0
    endloop
  endfacet
  facet normal 0 0 -1
    outer loop
      vertex 24.0774 0.867156 0
      vertex 26.8521 0.808242 0
      vertex 24.1736 0.662623 0
    endloop
  endfacet
  facet normal 0 0 -1
    outer loop
      vertex 26.8521 0.808242 0
      vertex 24.0774 0.867156 0
      vertex 26.9782 1.1964 0
    endloop
  endfacet
  facet normal 0 0 -1
    outer loop
      vertex 23.9562 1.05801 0
      vertex 26.9782 1.1964 0
      vertex 24.0774 0.867156 0
    endloop
  endfacet
  facet normal -0 0 -1
    outer loop
      vertex 26.9782 1.1964 0
      vertex 23.9562 1.05801 0
      vertex 27.152 1.5657 0
    endloop
  endfacet
  facet normal 0 0 -1
    outer loop
      vertex 23.8121 1.23218 0
      vertex 27.152 1.5657 0
      vertex 23.9562 1.05801 0
    endloop
  endfacet
  facet normal -0 0 -1
    outer loop
      vertex 27.152 1.5657 0
      vertex 23.8121 1.23218 0
      vertex 27.3707 1.9103 0
    endloop
  endfacet
  facet normal 0 0 -1
    outer loop
      vertex 23.6474 1.38692 0
      vertex 27.3707 1.9103 0
      vertex 23.8121 1.23218 0
    endloop
  endfacet
  facet normal 0 0 -1
    outer loop
      vertex 23.4645 1.51979 0
      vertex 27.3707 1.9103 0
      vertex 23.6474 1.38692 0
    endloop
  endfacet
  facet normal -0 0 -1
    outer loop
      vertex 27.3707 1.9103 0
      vertex 23.4645 1.51979 0
      vertex 27.6309 2.22478 0
    endloop
  endfacet
  facet normal 0 0 -1
    outer loop
      vertex 23.2664 1.62869 0
      vertex 27.6309 2.22478 0
      vertex 23.4645 1.51979 0
    endloop
  endfacet
  facet normal 0 0 -1
    outer loop
      vertex 27.9284 2.50417 0
      vertex 23.2664 1.62869 0
      vertex 23.0562 1.7119 0
    endloop
  endfacet
  facet normal 0 0 -1
    outer loop
      vertex 28.2586 2.74407 0
      vertex 23.0562 1.7119 0
      vertex 22.8373 1.76812 0
    endloop
  endfacet
  facet normal -0 0 -1
    outer loop
      vertex 28.2586 2.74407 0
      vertex 22.8373 1.76812 0
      vertex 16.4882 6.99013 0
    endloop
  endfacet
  facet normal 0 0 -1
    outer loop
      vertex 16.4882 6.99013 0
      vertex 22.8373 1.76812 0
      vertex 22.613 1.79645 0
    endloop
  endfacet
  facet normal 0 0 -1
    outer loop
      vertex 16.4882 6.99013 0
      vertex 22.613 1.79645 0
      vertex 22.387 1.79645 0
    endloop
  endfacet
  facet normal 0 0 -1
    outer loop
      vertex 16.4882 6.99013 0
      vertex 22.387 1.79645 0
      vertex 22.1627 1.76812 0
    endloop
  endfacet
  facet normal 0 0 -1
    outer loop
      vertex 16.4882 6.99013 0
      vertex 22.1627 1.76812 0
      vertex 21.9438 1.7119 0
    endloop
  endfacet
  facet normal 0 0 -1
    outer loop
      vertex 16.4882 6.99013 0
      vertex 21.9438 1.7119 0
      vertex 21.7336 1.62869 0
    endloop
  endfacet
  facet normal 0 0 -1
    outer loop
      vertex 18.25 0 0
      vertex 20.7142 0.225599 0
      vertex 20.7 0 0
    endloop
  endfacet
  facet normal 0 0 -1
    outer loop
      vertex 18.2244 0.407332 0
      vertex 20.7142 0.225599 0
      vertex 18.25 0 0
    endloop
  endfacet
  facet normal 0 0 -1
    outer loop
      vertex 20.7142 0.225599 0
      vertex 18.2244 0.407332 0
      vertex 20.7565 0.447641 0
    endloop
  endfacet
  facet normal 0 0 -1
    outer loop
      vertex 18.1479 0.808242 0
      vertex 20.7565 0.447641 0
      vertex 18.2244 0.407332 0
    endloop
  endfacet
  facet normal 0 0 -1
    outer loop
      vertex 20.7565 0.447641 0
      vertex 18.1479 0.808242 0
      vertex 20.8264 0.662623 0
    endloop
  endfacet
  facet normal 0 0 -1
    outer loop
      vertex 20.8264 0.662623 0
      vertex 18.1479 0.808242 0
      vertex 20.9226 0.867156 0
    endloop
  endfacet
  facet normal 0 0 -1
    outer loop
      vertex 18.0218 1.1964 0
      vertex 20.9226 0.867156 0
      vertex 18.1479 0.808242 0
    endloop
  endfacet
  facet normal 0 0 -1
    outer loop
      vertex 20.9226 0.867156 0
      vertex 18.0218 1.1964 0
      vertex 21.0438 1.05801 0
    endloop
  endfacet
  facet normal 0 0 -1
    outer loop
      vertex 17.848 1.5657 0
      vertex 21.0438 1.05801 0
      vertex 18.0218 1.1964 0
    endloop
  endfacet
  facet normal 0 0 -1
    outer loop
      vertex 21.0438 1.05801 0
      vertex 17.848 1.5657 0
      vertex 21.1879 1.23218 0
    endloop
  endfacet
  facet normal 0 0 -1
    outer loop
      vertex 17.6293 1.9103 0
      vertex 21.1879 1.23218 0
      vertex 17.848 1.5657 0
    endloop
  endfacet
  facet normal 0 0 -1
    outer loop
      vertex 21.1879 1.23218 0
      vertex 17.6293 1.9103 0
      vertex 21.3526 1.38692 0
    endloop
  endfacet
  facet normal 0 0 -1
    outer loop
      vertex 21.3526 1.38692 0
      vertex 17.6293 1.9103 0
      vertex 21.5355 1.51979 0
    endloop
  endfacet
  facet normal 0 0 -1
    outer loop
      vertex 17.3691 2.22478 0
      vertex 21.5355 1.51979 0
      vertex 17.6293 1.9103 0
    endloop
  endfacet
  facet normal 0 0 -1
    outer loop
      vertex 21.5355 1.51979 0
      vertex 17.3691 2.22478 0
      vertex 21.7336 1.62869 0
    endloop
  endfacet
  facet normal 0 0 -1
    outer loop
      vertex 21.7336 1.62869 0
      vertex 17.3691 2.22478 0
      vertex 16.4882 6.99013 0
    endloop
  endfacet
  facet normal 0 0 -1
    outer loop
      vertex 16.4882 6.99013 0
      vertex 17.3691 2.22478 0
      vertex 17.0716 2.50417 0
    endloop
  endfacet
  facet normal 0 0 -1
    outer loop
      vertex 16.4882 6.99013 0
      vertex 17.0716 2.50417 0
      vertex 16.7414 2.74407 0
    endloop
  endfacet
  facet normal 0 0 -1
    outer loop
      vertex 28.6162 2.94069 0
      vertex 16.4882 6.99013 0
      vertex 32.314 6.99013 0
    endloop
  endfacet
  facet normal 0 0 -1
    outer loop
      vertex 16.3838 2.94069 0
      vertex 16.4882 6.99013 0
      vertex 16.7414 2.74407 0
    endloop
  endfacet
  facet normal 0 0 -1
    outer loop
      vertex 16.0043 3.09093 0
      vertex 16.4882 6.99013 0
      vertex 16.3838 2.94069 0
    endloop
  endfacet
  facet normal 0 0 -1
    outer loop
      vertex 15.609 3.19243 0
      vertex 16.4882 6.99013 0
      vertex 16.0043 3.09093 0
    endloop
  endfacet
  facet normal 0 0 -1
    outer loop
      vertex 15.2041 3.24359 0
      vertex 16.4882 6.99013 0
      vertex 15.609 3.19243 0
    endloop
  endfacet
  facet normal -0 0 -1
    outer loop
      vertex 16.4882 6.99013 0
      vertex 15.2041 3.24359 0
      vertex 13.6375 6.99013 0
    endloop
  endfacet
  facet normal 0 0 -1
    outer loop
      vertex 13.6375 6.99013 0
      vertex 15.2041 3.24359 0
      vertex 14.7959 3.24359 0
    endloop
  endfacet
  facet normal 0 0 -1
    outer loop
      vertex 13.6375 6.99013 0
      vertex 14.7959 3.24359 0
      vertex 14.391 3.19243 0
    endloop
  endfacet
  facet normal 0 0 -1
    outer loop
      vertex 13.6375 6.99013 0
      vertex 14.391 3.19243 0
      vertex 13.9957 3.09093 0
    endloop
  endfacet
  facet normal 0 0 -1
    outer loop
      vertex 16.4882 6.99013 0
      vertex 13.6375 6.99013 0
      vertex 16.4882 15.5776 0
    endloop
  endfacet
  facet normal -0 0 -1
    outer loop
      vertex 16.4882 15.5776 0
      vertex 13.6375 6.99013 0
      vertex 13.6375 15.5776 0
    endloop
  endfacet
  facet normal 0 0 -1
    outer loop
      vertex 7.34416 9.41248 0
      vertex 8.4843 15.5776 0
      vertex 11.4799 15.5776 0
    endloop
  endfacet
  facet normal 0 0 -1
    outer loop
      vertex 6.14673 6.99013 0
      vertex 7.16271 1.76812 0
      vertex 6.94377 1.7119 0
    endloop
  endfacet
  facet normal 0 0 -1
    outer loop
      vertex 5.75793 6.99013 0
      vertex 6.94377 1.7119 0
      vertex 6.7336 1.62869 0
    endloop
  endfacet
  facet normal 0 0 -1
    outer loop
      vertex 5.75793 6.99013 0
      vertex 6.7336 1.62869 0
      vertex 6.53551 1.51979 0
    endloop
  endfacet
  facet normal 0 0 -1
    outer loop
      vertex 5.75793 6.99013 0
      vertex 6.53551 1.51979 0
      vertex 6.35264 1.38692 0
    endloop
  endfacet
  facet normal 0 0 -1
    outer loop
      vertex 5.75793 6.99013 0
      vertex 6.35264 1.38692 0
      vertex 6.18786 1.23218 0
    endloop
  endfacet
  facet normal 0 0 -1
    outer loop
      vertex 8.94201 6.99013 0
      vertex 6.14673 6.99013 0
      vertex 7.34416 9.41248 0
    endloop
  endfacet
  facet normal 0 0 -1
    outer loop
      vertex 5.95265 7.30591 0
      vertex 7.34416 9.41248 0
      vertex 6.14673 6.99013 0
    endloop
  endfacet
  facet normal 0 0 -1
    outer loop
      vertex 4.43544 9.41248 0
      vertex 7.34416 9.41248 0
      vertex 5.95265 7.30591 0
    endloop
  endfacet
  facet normal 0 0 -1
    outer loop
      vertex 7.34416 9.41248 0
      vertex 5.95265 11.4224 0
      vertex 8.4843 15.5776 0
    endloop
  endfacet
  facet normal 0 0 -1
    outer loop
      vertex 4.43544 9.41248 0
      vertex 5.95265 7.30591 0
      vertex 5.75793 6.99013 0
    endloop
  endfacet
  facet normal 0 0 -1
    outer loop
      vertex 4.43544 9.41248 0
      vertex 5.75655 0.447641 0
      vertex 5.71419 0.225599 0
    endloop
  endfacet
  facet normal 0 0 -1
    outer loop
      vertex 4.43544 9.41248 0
      vertex 5.71419 0.225599 0
      vertex 5.7 0 0
    endloop
  endfacet
  facet normal 0 0 -1
    outer loop
      vertex 5.75655 0.447641 0
      vertex 4.43544 9.41248 0
      vertex 5.75793 6.99013 0
    endloop
  endfacet
  facet normal 0 0 -1
    outer loop
      vertex 7.34416 9.41248 0
      vertex 4.43544 9.41248 0
      vertex 5.95265 11.4224 0
    endloop
  endfacet
  facet normal 0 0 -1
    outer loop
      vertex 4.43544 9.41248 0
      vertex 3.41116 15.5776 0
      vertex 5.95265 11.4224 0
    endloop
  endfacet
  facet normal -0 -0 -1
    outer loop
      vertex 3.41116 15.5776 0
      vertex 4.43544 9.41248 0
      vertex 0.396149 15.5776 0
    endloop
  endfacet
  facet normal 0 0 -1
    outer loop
      vertex -15.853 9.41248 0
      vertex -14.7128 15.5776 0
      vertex -11.7172 15.5776 0
    endloop
  endfacet
  facet normal 0 0 -1
    outer loop
      vertex -17.0504 6.99013 0
      vertex -16.0043 3.09093 0
      vertex -16.3838 2.94069 0
    endloop
  endfacet
  facet normal 0 0 -1
    outer loop
      vertex -17.4392 6.99013 0
      vertex -16.3838 2.94069 0
      vertex -16.7414 2.74407 0
    endloop
  endfacet
  facet normal 0 0 -1
    outer loop
      vertex -14.2551 6.99013 0
      vertex -17.0504 6.99013 0
      vertex -15.853 9.41248 0
    endloop
  endfacet
  facet normal 0 0 -1
    outer loop
      vertex -17.2445 7.30591 0
      vertex -15.853 9.41248 0
      vertex -17.0504 6.99013 0
    endloop
  endfacet
  facet normal 0 0 -1
    outer loop
      vertex -18.7617 9.41248 0
      vertex -15.853 9.41248 0
      vertex -17.2445 7.30591 0
    endloop
  endfacet
  facet normal 0 0 -1
    outer loop
      vertex -15.853 9.41248 0
      vertex -17.2445 11.4224 0
      vertex -14.7128 15.5776 0
    endloop
  endfacet
  facet normal 0 0 -1
    outer loop
      vertex -18.7617 9.41248 0
      vertex -17.2445 7.30591 0
      vertex -17.4392 6.99013 0
    endloop
  endfacet
  facet normal 0 0 -1
    outer loop
      vertex -20.3255 6.99013 0
      vertex -17.6293 1.9103 0
      vertex -17.848 1.5657 0
    endloop
  endfacet
  facet normal 0 0 -1
    outer loop
      vertex -17.0716 2.50417 0
      vertex -20.3255 6.99013 0
      vertex -17.4392 6.99013 0
    endloop
  endfacet
  facet normal 0 0 -1
    outer loop
      vertex -20.3255 6.99013 0
      vertex -17.848 1.5657 0
      vertex -18.0218 1.1964 0
    endloop
  endfacet
  facet normal 0 0 -1
    outer loop
      vertex -20.3255 6.99013 0
      vertex -18.0218 1.1964 0
      vertex -18.1479 0.808242 0
    endloop
  endfacet
  facet normal 0 0 -1
    outer loop
      vertex -20.3255 6.99013 0
      vertex -18.1479 0.808242 0
      vertex -18.2244 0.407332 0
    endloop
  endfacet
  facet normal 0 0 -1
    outer loop
      vertex -20.7142 0.225599 0
      vertex -18.2244 0.407332 0
      vertex -18.25 0 0
    endloop
  endfacet
  facet normal 0 0 -1
    outer loop
      vertex -15.853 9.41248 0
      vertex -18.7617 9.41248 0
      vertex -17.2445 11.4224 0
    endloop
  endfacet
  facet normal 0 0 -1
    outer loop
      vertex -18.7617 9.41248 0
      vertex -19.786 15.5776 0
      vertex -17.2445 11.4224 0
    endloop
  endfacet
  facet normal -0 -0 -1
    outer loop
      vertex -19.786 15.5776 0
      vertex -18.7617 9.41248 0
      vertex -22.801 15.5776 0
    endloop
  endfacet
  facet normal -0 0 -1
    outer loop
      vertex -18.2244 0.407332 0
      vertex -20.7142 0.225599 0
      vertex -20.7565 0.447641 0
    endloop
  endfacet
  facet normal 0 0 -1
    outer loop
      vertex -18.2244 0.407332 0
      vertex -20.7565 0.447641 0
      vertex -20.8264 0.662623 0
    endloop
  endfacet
  facet normal 0 0 -1
    outer loop
      vertex -18.2244 0.407332 0
      vertex -20.8264 0.662623 0
      vertex -20.9226 0.867156 0
    endloop
  endfacet
  facet normal 0 0 -1
    outer loop
      vertex -18.2244 0.407332 0
      vertex -20.9226 0.867156 0
      vertex -21.0438 1.05801 0
    endloop
  endfacet
  facet normal 0 0 -1
    outer loop
      vertex -18.2244 0.407332 0
      vertex -21.0438 1.05801 0
      vertex -21.1879 1.23218 0
    endloop
  endfacet
  facet normal 0 0 -1
    outer loop
      vertex -18.2244 0.407332 0
      vertex -21.1879 1.23218 0
      vertex -20.3255 6.99013 0
    endloop
  endfacet
  facet normal 0 0 -1
    outer loop
      vertex -21.3526 1.38692 0
      vertex -20.3255 6.99013 0
      vertex -21.1879 1.23218 0
    endloop
  endfacet
  facet normal 0 0 -1
    outer loop
      vertex -21.5355 1.51979 0
      vertex -20.3255 6.99013 0
      vertex -21.3526 1.38692 0
    endloop
  endfacet
  facet normal 0 0 -1
    outer loop
      vertex -21.7336 1.62869 0
      vertex -20.3255 6.99013 0
      vertex -21.5355 1.51979 0
    endloop
  endfacet
  facet normal 0 0 -1
    outer loop
      vertex -21.9438 1.7119 0
      vertex -20.3255 6.99013 0
      vertex -21.7336 1.62869 0
    endloop
  endfacet
  facet normal 0 0 -1
    outer loop
      vertex -22.1627 1.76812 0
      vertex -20.3255 6.99013 0
      vertex -21.9438 1.7119 0
    endloop
  endfacet
  facet normal 0 0 -1
    outer loop
      vertex -22.387 1.79645 0
      vertex -20.3255 6.99013 0
      vertex -22.1627 1.76812 0
    endloop
  endfacet
  facet normal 0 0 -1
    outer loop
      vertex -22.613 1.79645 0
      vertex -20.3255 6.99013 0
      vertex -22.387 1.79645 0
    endloop
  endfacet
  facet normal 0 0 -1
    outer loop
      vertex -22.8373 1.76812 0
      vertex -20.3255 6.99013 0
      vertex -22.613 1.79645 0
    endloop
  endfacet
  facet normal 0 0 -1
    outer loop
      vertex -23.0562 1.7119 0
      vertex -20.3255 6.99013 0
      vertex -22.8373 1.76812 0
    endloop
  endfacet
  facet normal 0 0 -1
    outer loop
      vertex -23.2664 1.62869 0
      vertex -20.3255 6.99013 0
      vertex -23.0562 1.7119 0
    endloop
  endfacet
  facet normal 0 0 -1
    outer loop
      vertex -27.6309 2.22478 0
      vertex -23.2664 1.62869 0
      vertex -23.4645 1.51979 0
    endloop
  endfacet
  facet normal 0 0 -1
    outer loop
      vertex -27.3707 1.9103 0
      vertex -23.4645 1.51979 0
      vertex -23.6474 1.38692 0
    endloop
  endfacet
  facet normal 0 0 -1
    outer loop
      vertex -27.3707 1.9103 0
      vertex -23.6474 1.38692 0
      vertex -23.8121 1.23218 0
    endloop
  endfacet
  facet normal 0 0 -1
    outer loop
      vertex -27.152 1.5657 0
      vertex -23.8121 1.23218 0
      vertex -23.9562 1.05801 0
    endloop
  endfacet
  facet normal 0 0 -1
    outer loop
      vertex -26.9782 1.1964 0
      vertex -23.9562 1.05801 0
      vertex -24.0774 0.867156 0
    endloop
  endfacet
  facet normal 0 0 -1
    outer loop
      vertex -26.75 0 0
      vertex -24.2858 0.225599 0
      vertex -24.3 0 0
    endloop
  endfacet
  facet normal 0 0 -1
    outer loop
      vertex -26.7756 0.407332 0
      vertex -24.2858 0.225599 0
      vertex -26.75 0 0
    endloop
  endfacet
  facet normal 0 0 -1
    outer loop
      vertex -24.2858 0.225599 0
      vertex -26.7756 0.407332 0
      vertex -24.2435 0.447641 0
    endloop
  endfacet
  facet normal 0 0 -1
    outer loop
      vertex -26.8521 0.808242 0
      vertex -24.2435 0.447641 0
      vertex -26.7756 0.407332 0
    endloop
  endfacet
  facet normal 0 0 -1
    outer loop
      vertex -24.2435 0.447641 0
      vertex -26.8521 0.808242 0
      vertex -24.1736 0.662623 0
    endloop
  endfacet
  facet normal 0 0 -1
    outer loop
      vertex -24.1736 0.662623 0
      vertex -26.8521 0.808242 0
      vertex -24.0774 0.867156 0
    endloop
  endfacet
  facet normal 0 0 -1
    outer loop
      vertex -26.9782 1.1964 0
      vertex -24.0774 0.867156 0
      vertex -26.8521 0.808242 0
    endloop
  endfacet
  facet normal 0 0 -1
    outer loop
      vertex -23.9562 1.05801 0
      vertex -26.9782 1.1964 0
      vertex -27.152 1.5657 0
    endloop
  endfacet
  facet normal 0 0 -1
    outer loop
      vertex -23.8121 1.23218 0
      vertex -27.152 1.5657 0
      vertex -27.3707 1.9103 0
    endloop
  endfacet
  facet normal 0 0 -1
    outer loop
      vertex -23.4645 1.51979 0
      vertex -27.3707 1.9103 0
      vertex -27.6309 2.22478 0
    endloop
  endfacet
  facet normal 0 0 -1
    outer loop
      vertex -23.2664 1.62869 0
      vertex -27.6309 2.22478 0
      vertex -27.9284 2.50417 0
    endloop
  endfacet
  facet normal 0 0 -1
    outer loop
      vertex -23.2664 1.62869 0
      vertex -27.9284 2.50417 0
      vertex -20.3255 6.99013 0
    endloop
  endfacet
  facet normal 0 0 -1
    outer loop
      vertex -28.2586 2.74407 0
      vertex -20.3255 6.99013 0
      vertex -27.9284 2.50417 0
    endloop
  endfacet
  facet normal 0 0 -1
    outer loop
      vertex -28.6162 2.94069 0
      vertex -20.3255 6.99013 0
      vertex -28.2586 2.74407 0
    endloop
  endfacet
  facet normal 0 0 -1
    outer loop
      vertex -32.314 6.99013 0
      vertex -28.6162 2.94069 0
      vertex -28.9957 3.09093 0
    endloop
  endfacet
  facet normal 0 0 -1
    outer loop
      vertex -32.314 6.99013 0
      vertex -28.9957 3.09093 0
      vertex -29.391 3.19243 0
    endloop
  endfacet
  facet normal 0 0 -1
    outer loop
      vertex -32.314 6.99013 0
      vertex -29.391 3.19243 0
      vertex -29.7959 3.24359 0
    endloop
  endfacet
  facet normal 0 0 -1
    outer loop
      vertex -32.314 6.99013 0
      vertex -29.7959 3.24359 0
      vertex -30.2041 3.24359 0
    endloop
  endfacet
  facet normal 0 0 -1
    outer loop
      vertex -32.314 6.99013 0
      vertex -30.2041 3.24359 0
      vertex -30.609 3.19243 0
    endloop
  endfacet
  facet normal 0 0 -1
    outer loop
      vertex -32.314 6.99013 0
      vertex -30.609 3.19243 0
      vertex -31.0043 3.09093 0
    endloop
  endfacet
  facet normal 0 0 -1
    outer loop
      vertex -28.6162 2.94069 0
      vertex -32.314 6.99013 0
      vertex -20.3255 6.99013 0
    endloop
  endfacet
  facet normal 0 0 -1
    outer loop
      vertex -31.3838 2.94069 0
      vertex -32.314 6.99013 0
      vertex -31.0043 3.09093 0
    endloop
  endfacet
  facet normal 0 0 -1
    outer loop
      vertex -32.9369 6.91144 0
      vertex -31.3838 2.94069 0
      vertex -31.7414 2.74407 0
    endloop
  endfacet
  facet normal 0 0 -1
    outer loop
      vertex -34.1289 6.52413 0
      vertex -31.7414 2.74407 0
      vertex -32.0716 2.50417 0
    endloop
  endfacet
  facet normal 0 0 -1
    outer loop
      vertex -35.1871 5.85257 0
      vertex -32.0716 2.50417 0
      vertex -32.3691 2.22478 0
    endloop
  endfacet
  facet normal 0 0 -1
    outer loop
      vertex -36.0451 4.93893 0
      vertex -32.3691 2.22478 0
      vertex -32.6293 1.9103 0
    endloop
  endfacet
  facet normal 0 0 -1
    outer loop
      vertex -36.6489 3.84062 0
      vertex -32.6293 1.9103 0
      vertex -32.848 1.5657 0
    endloop
  endfacet
  facet normal 0 0 -1
    outer loop
      vertex -31.3838 2.94069 0
      vertex -32.9369 6.91144 0
      vertex -32.314 6.99013 0
    endloop
  endfacet
  facet normal 0 0 -1
    outer loop
      vertex -36.9606 2.62667 0
      vertex -32.848 1.5657 0
      vertex -33.0218 1.1964 0
    endloop
  endfacet
  facet normal 0 0 -1
    outer loop
      vertex -37 2 0
      vertex -33.0218 1.1964 0
      vertex -33.1479 0.808242 0
    endloop
  endfacet
  facet normal 0 0 -1
    outer loop
      vertex -37 2 0
      vertex -33.1479 0.808242 0
      vertex -33.2244 0.407332 0
    endloop
  endfacet
  facet normal 0 0 -1
    outer loop
      vertex -37 2 0
      vertex -33.2244 0.407332 0
      vertex -33.25 0 0
    endloop
  endfacet
  facet normal 0 0 -1
    outer loop
      vertex -31.7414 2.74407 0
      vertex -33.5451 6.75528 0
      vertex -32.9369 6.91144 0
    endloop
  endfacet
  facet normal 0 0 -1
    outer loop
      vertex -36.3815 -4.40877 0
      vertex -32.6293 -1.9103 0
      vertex -36.0451 -4.93893 0
    endloop
  endfacet
  facet normal 0 0 -1
    outer loop
      vertex -36.6489 -3.84062 0
      vertex -32.6293 -1.9103 0
      vertex -36.3815 -4.40877 0
    endloop
  endfacet
  facet normal 0 0 -1
    outer loop
      vertex -37 2 0
      vertex -33.25 0 0
      vertex -37 -2 0
    endloop
  endfacet
  facet normal -0 0 -1
    outer loop
      vertex -32.6293 -1.9103 0
      vertex -36.6489 -3.84062 0
      vertex -32.848 -1.5657 0
    endloop
  endfacet
  facet normal 0 0 -1
    outer loop
      vertex -33.0218 1.1964 0
      vertex -37 2 0
      vertex -36.9606 2.62667 0
    endloop
  endfacet
  facet normal 0 0 -1
    outer loop
      vertex -36.8429 -3.24345 0
      vertex -32.848 -1.5657 0
      vertex -36.6489 -3.84062 0
    endloop
  endfacet
  facet normal 0 0 -1
    outer loop
      vertex -31.7414 2.74407 0
      vertex -34.1289 6.52413 0
      vertex -33.5451 6.75528 0
    endloop
  endfacet
  facet normal 0 0 -1
    outer loop
      vertex -36.9606 -2.62667 0
      vertex -32.848 -1.5657 0
      vertex -36.8429 -3.24345 0
    endloop
  endfacet
  facet normal 0 0 -1
    outer loop
      vertex -32.0716 2.50417 0
      vertex -34.6791 6.22164 0
      vertex -34.1289 6.52413 0
    endloop
  endfacet
  facet normal -0 0 -1
    outer loop
      vertex -32.848 -1.5657 0
      vertex -36.9606 -2.62667 0
      vertex -33.0218 -1.1964 0
    endloop
  endfacet
  facet normal 0 0 -1
    outer loop
      vertex -32.0716 2.50417 0
      vertex -35.1871 5.85257 0
      vertex -34.6791 6.22164 0
    endloop
  endfacet
  facet normal 0 0 -1
    outer loop
      vertex -37 -2 0
      vertex -33.0218 -1.1964 0
      vertex -36.9606 -2.62667 0
    endloop
  endfacet
  facet normal 0 0 -1
    outer loop
      vertex -32.3691 2.22478 0
      vertex -35.6448 5.42274 0
      vertex -35.1871 5.85257 0
    endloop
  endfacet
  facet normal -0 0 -1
    outer loop
      vertex -33.0218 -1.1964 0
      vertex -37 -2 0
      vertex -33.1479 -0.808242 0
    endloop
  endfacet
  facet normal 0 0 -1
    outer loop
      vertex -32.3691 2.22478 0
      vertex -36.0451 4.93893 0
      vertex -35.6448 5.42274 0
    endloop
  endfacet
  facet normal -0 0 -1
    outer loop
      vertex -33.1479 -0.808242 0
      vertex -37 -2 0
      vertex -33.2244 -0.407332 0
    endloop
  endfacet
  facet normal 0 0 -1
    outer loop
      vertex -32.6293 1.9103 0
      vertex -36.3815 4.40877 0
      vertex -36.0451 4.93893 0
    endloop
  endfacet
  facet normal -0 0 -1
    outer loop
      vertex -33.2244 -0.407332 0
      vertex -37 -2 0
      vertex -33.25 0 0
    endloop
  endfacet
  facet normal 0 0 -1
    outer loop
      vertex -32.6293 1.9103 0
      vertex -36.6489 3.84062 0
      vertex -36.3815 4.40877 0
    endloop
  endfacet
  facet normal 0 0 -1
    outer loop
      vertex -32.848 1.5657 0
      vertex -36.8429 3.24345 0
      vertex -36.6489 3.84062 0
    endloop
  endfacet
  facet normal 0 0 -1
    outer loop
      vertex -32.848 1.5657 0
      vertex -36.9606 2.62667 0
      vertex -36.8429 3.24345 0
    endloop
  endfacet
  facet normal 0 0 -1
    outer loop
      vertex -17.4392 6.99013 0
      vertex -16.7414 2.74407 0
      vertex -17.0716 2.50417 0
    endloop
  endfacet
  facet normal 0 0 -1
    outer loop
      vertex -20.3255 6.99013 0
      vertex -17.0716 2.50417 0
      vertex -17.3691 2.22478 0
    endloop
  endfacet
  facet normal 0 0 -1
    outer loop
      vertex -16.3838 2.94069 0
      vertex -17.4392 6.99013 0
      vertex -17.0504 6.99013 0
    endloop
  endfacet
  facet normal 0 0 -1
    outer loop
      vertex -20.3255 6.99013 0
      vertex -17.3691 2.22478 0
      vertex -17.6293 1.9103 0
    endloop
  endfacet
  facet normal 0 0 -1
    outer loop
      vertex 5.7 0 0
      vertex 3.22437 0.407332 0
      vertex 3.14789 0.808242 0
    endloop
  endfacet
  facet normal 0 0 -1
    outer loop
      vertex 5.7 0 0
      vertex 3.14789 0.808242 0
      vertex 3.02177 1.1964 0
    endloop
  endfacet
  facet normal 0 0 -1
    outer loop
      vertex 5.7 0 0
      vertex 3.02177 1.1964 0
      vertex 2.848 1.5657 0
    endloop
  endfacet
  facet normal 0 0 -1
    outer loop
      vertex 5.7 0 0
      vertex 2.87166 6.99013 0
      vertex 4.43544 9.41248 0
    endloop
  endfacet
  facet normal 0 0 -1
    outer loop
      vertex 5.7 0 0
      vertex 2.848 1.5657 0
      vertex 2.6293 1.9103 0
    endloop
  endfacet
  facet normal 0 0 -1
    outer loop
      vertex 5.7 0 0
      vertex 2.6293 1.9103 0
      vertex 2.87166 6.99013 0
    endloop
  endfacet
  facet normal 0 0 -1
    outer loop
      vertex 2.36915 2.22478 0
      vertex 2.87166 6.99013 0
      vertex 2.6293 1.9103 0
    endloop
  endfacet
  facet normal 0 0 -1
    outer loop
      vertex 2.07163 2.50417 0
      vertex 2.87166 6.99013 0
      vertex 2.36915 2.22478 0
    endloop
  endfacet
  facet normal 0 0 -1
    outer loop
      vertex 1.74144 2.74407 0
      vertex 2.87166 6.99013 0
      vertex 2.07163 2.50417 0
    endloop
  endfacet
  facet normal 0 0 -1
    outer loop
      vertex 1.38378 2.94069 0
      vertex 2.87166 6.99013 0
      vertex 1.74144 2.74407 0
    endloop
  endfacet
  facet normal 0 0 -1
    outer loop
      vertex 1.0043 3.09093 0
      vertex 2.87166 6.99013 0
      vertex 1.38378 2.94069 0
    endloop
  endfacet
  facet normal 0 0 -1
    outer loop
      vertex 0.608989 3.19243 0
      vertex 2.87166 6.99013 0
      vertex 1.0043 3.09093 0
    endloop
  endfacet
  facet normal 0 0 -1
    outer loop
      vertex 0.204069 3.24359 0
      vertex 2.87166 6.99013 0
      vertex 0.608989 3.19243 0
    endloop
  endfacet
  facet normal 0 0 -1
    outer loop
      vertex -2.65656 6.99013 0
      vertex 0.204069 3.24359 0
      vertex -0.204069 3.24359 0
    endloop
  endfacet
  facet normal 0 0 -1
    outer loop
      vertex -2.65656 6.99013 0
      vertex -0.204069 3.24359 0
      vertex -0.608989 3.19243 0
    endloop
  endfacet
  facet normal 0 0 -1
    outer loop
      vertex -2.65656 6.99013 0
      vertex -0.608989 3.19243 0
      vertex -1.0043 3.09093 0
    endloop
  endfacet
  facet normal 0 0 -1
    outer loop
      vertex -2.65656 6.99013 0
      vertex -1.0043 3.09093 0
      vertex -1.38378 2.94069 0
    endloop
  endfacet
  facet normal 0 0 -1
    outer loop
      vertex -2.65656 6.99013 0
      vertex -1.38378 2.94069 0
      vertex -1.74144 2.74407 0
    endloop
  endfacet
  facet normal 0 0 -1
    outer loop
      vertex -2.65656 6.99013 0
      vertex -1.74144 2.74407 0
      vertex -2.07163 2.50417 0
    endloop
  endfacet
  facet normal 0 0 -1
    outer loop
      vertex 0.204069 3.24359 0
      vertex -2.65656 6.99013 0
      vertex 2.87166 6.99013 0
    endloop
  endfacet
  facet normal 0 0 -1
    outer loop
      vertex -2.36915 2.22478 0
      vertex -2.65656 6.99013 0
      vertex -2.07163 2.50417 0
    endloop
  endfacet
  facet normal 0 0 -1
    outer loop
      vertex -2.6293 1.9103 0
      vertex -2.65656 6.99013 0
      vertex -2.36915 2.22478 0
    endloop
  endfacet
  facet normal 0 0 -1
    outer loop
      vertex -2.848 1.5657 0
      vertex -2.65656 6.99013 0
      vertex -2.6293 1.9103 0
    endloop
  endfacet
  facet normal 0 0 -1
    outer loop
      vertex -4.25441 9.41248 0
      vertex -2.848 1.5657 0
      vertex -3.02177 1.1964 0
    endloop
  endfacet
  facet normal 0 0 -1
    outer loop
      vertex -4.25441 9.41248 0
      vertex -3.02177 1.1964 0
      vertex -3.14789 0.808242 0
    endloop
  endfacet
  facet normal 0 0 -1
    outer loop
      vertex -4.25441 9.41248 0
      vertex -3.14789 0.808242 0
      vertex -3.22437 0.407332 0
    endloop
  endfacet
  facet normal 0 0 -1
    outer loop
      vertex -2.848 1.5657 0
      vertex -4.25441 9.41248 0
      vertex -2.65656 6.99013 0
    endloop
  endfacet
  facet normal 0 0 -1
    outer loop
      vertex -4.25441 9.41248 0
      vertex -3.22437 0.407332 0
      vertex -3.25 0 0
    endloop
  endfacet
  facet normal 0 0 -1
    outer loop
      vertex -4.25441 9.41248 0
      vertex -3.11427 15.5776 0
      vertex -0.118637 15.5776 0
    endloop
  endfacet
  facet normal 0 0 -1
    outer loop
      vertex -5.64592 7.30591 0
      vertex -4.25441 9.41248 0
      vertex -5.45184 6.99013 0
    endloop
  endfacet
  facet normal 0 0 -1
    outer loop
      vertex -7.16312 9.41248 0
      vertex -4.25441 9.41248 0
      vertex -5.64592 7.30591 0
    endloop
  endfacet
  facet normal 0 0 -1
    outer loop
      vertex -4.25441 9.41248 0
      vertex -5.64592 11.4224 0
      vertex -3.11427 15.5776 0
    endloop
  endfacet
  facet normal 0 0 -1
    outer loop
      vertex -7.16312 9.41248 0
      vertex -5.64592 7.30591 0
      vertex -5.84064 6.99013 0
    endloop
  endfacet
  facet normal 0 0 -1
    outer loop
      vertex -3.25 0 0
      vertex -6.18786 1.23218 0
      vertex -5.45184 6.99013 0
    endloop
  endfacet
  facet normal 0 0 -1
    outer loop
      vertex -6.35264 1.38692 0
      vertex -5.45184 6.99013 0
      vertex -6.18786 1.23218 0
    endloop
  endfacet
  facet normal 0 0 -1
    outer loop
      vertex -6.53551 1.51979 0
      vertex -5.45184 6.99013 0
      vertex -6.35264 1.38692 0
    endloop
  endfacet
  facet normal 0 0 -1
    outer loop
      vertex -6.7336 1.62869 0
      vertex -5.45184 6.99013 0
      vertex -6.53551 1.51979 0
    endloop
  endfacet
  facet normal -0 0 -1
    outer loop
      vertex -5.45184 6.99013 0
      vertex -6.7336 1.62869 0
      vertex -5.84064 6.99013 0
    endloop
  endfacet
  facet normal 0 0 -1
    outer loop
      vertex -6.94377 1.7119 0
      vertex -5.84064 6.99013 0
      vertex -6.7336 1.62869 0
    endloop
  endfacet
  facet normal 0 0 -1
    outer loop
      vertex -7.16271 1.76812 0
      vertex -5.84064 6.99013 0
      vertex -6.94377 1.7119 0
    endloop
  endfacet
  facet normal 0 0 -1
    outer loop
      vertex -7.38698 1.79645 0
      vertex -5.84064 6.99013 0
      vertex -7.16271 1.76812 0
    endloop
  endfacet
  facet normal 0 0 -1
    outer loop
      vertex -4.25441 9.41248 0
      vertex -7.16312 9.41248 0
      vertex -5.64592 11.4224 0
    endloop
  endfacet
  facet normal 0 0 -1
    outer loop
      vertex -7.16312 9.41248 0
      vertex -8.18741 15.5776 0
      vertex -5.64592 11.4224 0
    endloop
  endfacet
  facet normal -0 -0 -1
    outer loop
      vertex -8.18741 15.5776 0
      vertex -7.16312 9.41248 0
      vertex -11.2024 15.5776 0
    endloop
  endfacet
  facet normal 0 0 -1
    outer loop
      vertex -3.25 0 0
      vertex -5.71419 0.225599 0
      vertex -5.75655 0.447641 0
    endloop
  endfacet
  facet normal 0 0 -1
    outer loop
      vertex -3.25 0 0
      vertex -5.75655 0.447641 0
      vertex -5.8264 0.662623 0
    endloop
  endfacet
  facet normal 0 0 -1
    outer loop
      vertex -3.25 0 0
      vertex -5.8264 0.662623 0
      vertex -5.92265 0.867156 0
    endloop
  endfacet
  facet normal 0 0 -1
    outer loop
      vertex -3.25 0 0
      vertex -5.92265 0.867156 0
      vertex -6.04377 1.05801 0
    endloop
  endfacet
  facet normal 0 0 -1
    outer loop
      vertex -6.18786 1.23218 0
      vertex -3.25 0 0
      vertex -6.04377 1.05801 0
    endloop
  endfacet
  facet normal 0 0 -1
    outer loop
      vertex 5.75793 6.99013 0
      vertex 6.18786 1.23218 0
      vertex 6.04377 1.05801 0
    endloop
  endfacet
  facet normal 0 0 -1
    outer loop
      vertex 5.75793 6.99013 0
      vertex 6.04377 1.05801 0
      vertex 5.92265 0.867156 0
    endloop
  endfacet
  facet normal 0 0 -1
    outer loop
      vertex 5.75793 6.99013 0
      vertex 5.92265 0.867156 0
      vertex 5.8264 0.662623 0
    endloop
  endfacet
  facet normal 0 0 -1
    outer loop
      vertex 6.94377 1.7119 0
      vertex 5.75793 6.99013 0
      vertex 6.14673 6.99013 0
    endloop
  endfacet
  facet normal 0 -0 -1
    outer loop
      vertex 5.75793 6.99013 0
      vertex 5.8264 0.662623 0
      vertex 5.75655 0.447641 0
    endloop
  endfacet
  facet normal -0.951072 -0.30897 0
    outer loop
      vertex -36.6489 -3.84062 0
      vertex -36.8429 -3.24345 6
      vertex -36.8429 -3.24345 0
    endloop
  endfacet
  facet normal -0.951072 -0.30897 0
    outer loop
      vertex -36.8429 -3.24345 6
      vertex -36.6489 -3.84062 0
      vertex -36.6489 -3.84062 6
    endloop
  endfacet
  facet normal -0.904797 -0.425843 0
    outer loop
      vertex -36.3815 -4.40877 0
      vertex -36.6489 -3.84062 6
      vertex -36.6489 -3.84062 0
    endloop
  endfacet
  facet normal -0.904797 -0.425843 0
    outer loop
      vertex -36.6489 -3.84062 6
      vertex -36.3815 -4.40877 0
      vertex -36.3815 -4.40877 6
    endloop
  endfacet
  facet normal -0.770468 -0.637478 0
    outer loop
      vertex -35.6448 -5.42274 0
      vertex -36.0451 -4.93893 6
      vertex -36.0451 -4.93893 0
    endloop
  endfacet
  facet normal -0.770468 -0.637478 0
    outer loop
      vertex -36.0451 -4.93893 6
      vertex -35.6448 -5.42274 0
      vertex -35.6448 -5.42274 6
    endloop
  endfacet
  facet normal -0.844364 -0.53577 0
    outer loop
      vertex -36.0451 -4.93893 0
      vertex -36.3815 -4.40877 6
      vertex -36.3815 -4.40877 0
    endloop
  endfacet
  facet normal -0.844364 -0.53577 0
    outer loop
      vertex -36.3815 -4.40877 6
      vertex -36.0451 -4.93893 0
      vertex -36.0451 -4.93893 6
    endloop
  endfacet
  facet normal -0.248691 -0.968583 0
    outer loop
      vertex -33.5451 -6.75528 0
      vertex -32.9369 -6.91144 6
      vertex -33.5451 -6.75528 6
    endloop
  endfacet
  facet normal -0.248691 -0.968583 -0
    outer loop
      vertex -32.9369 -6.91144 6
      vertex -33.5451 -6.75528 0
      vertex -32.9369 -6.91144 0
    endloop
  endfacet
  facet normal -0.587771 -0.809027 0
    outer loop
      vertex -35.1871 -5.85257 0
      vertex -34.6791 -6.22164 6
      vertex -35.1871 -5.85257 6
    endloop
  endfacet
  facet normal -0.587771 -0.809027 -0
    outer loop
      vertex -34.6791 -6.22164 6
      vertex -35.1871 -5.85257 0
      vertex -34.6791 -6.22164 0
    endloop
  endfacet
  facet normal 0.998029 -0.0627481 0
    outer loop
      vertex 36.9606 -2.62667 6
      vertex 37 -2 0
      vertex 37 -2 6
    endloop
  endfacet
  facet normal 0.998029 -0.0627481 0
    outer loop
      vertex 37 -2 0
      vertex 36.9606 -2.62667 6
      vertex 36.9606 -2.62667 0
    endloop
  endfacet
  facet normal 0.844364 -0.53577 0
    outer loop
      vertex 36.0451 -4.93893 6
      vertex 36.3815 -4.40877 0
      vertex 36.3815 -4.40877 6
    endloop
  endfacet
  facet normal 0.844364 -0.53577 0
    outer loop
      vertex 36.3815 -4.40877 0
      vertex 36.0451 -4.93893 6
      vertex 36.0451 -4.93893 0
    endloop
  endfacet
  facet normal 0.684565 -0.728952 0
    outer loop
      vertex 35.1871 -5.85257 0
      vertex 35.6448 -5.42274 6
      vertex 35.1871 -5.85257 6
    endloop
  endfacet
  facet normal 0.684565 -0.728952 0
    outer loop
      vertex 35.6448 -5.42274 6
      vertex 35.1871 -5.85257 0
      vertex 35.6448 -5.42274 0
    endloop
  endfacet
  facet normal 0.587771 -0.809027 0
    outer loop
      vertex 34.6791 -6.22164 0
      vertex 35.1871 -5.85257 6
      vertex 34.6791 -6.22164 6
    endloop
  endfacet
  facet normal 0.587771 -0.809027 0
    outer loop
      vertex 35.1871 -5.85257 6
      vertex 34.6791 -6.22164 0
      vertex 35.1871 -5.85257 0
    endloop
  endfacet
  facet normal 0.770468 -0.637478 0
    outer loop
      vertex 35.6448 -5.42274 6
      vertex 36.0451 -4.93893 0
      vertex 36.0451 -4.93893 6
    endloop
  endfacet
  facet normal 0.770468 -0.637478 0
    outer loop
      vertex 36.0451 -4.93893 0
      vertex 35.6448 -5.42274 6
      vertex 35.6448 -5.42274 0
    endloop
  endfacet
  facet normal 0.248691 -0.968583 0
    outer loop
      vertex 32.9369 -6.91144 0
      vertex 33.5451 -6.75528 6
      vertex 32.9369 -6.91144 6
    endloop
  endfacet
  facet normal 0.248691 -0.968583 0
    outer loop
      vertex 33.5451 -6.75528 6
      vertex 32.9369 -6.91144 0
      vertex 33.5451 -6.75528 0
    endloop
  endfacet
  facet normal 0.368135 -0.929773 0
    outer loop
      vertex 33.5451 -6.75528 0
      vertex 34.1289 -6.52413 6
      vertex 33.5451 -6.75528 6
    endloop
  endfacet
  facet normal 0.368135 -0.929773 0
    outer loop
      vertex 34.1289 -6.52413 6
      vertex 33.5451 -6.75528 0
      vertex 34.1289 -6.52413 0
    endloop
  endfacet
  facet normal 0.125332 -0.992115 0
    outer loop
      vertex 32.314 -6.99013 0
      vertex 32.9369 -6.91144 6
      vertex 32.314 -6.99013 6
    endloop
  endfacet
  facet normal 0.125332 -0.992115 0
    outer loop
      vertex 32.9369 -6.91144 6
      vertex 32.314 -6.99013 0
      vertex 32.9369 -6.91144 0
    endloop
  endfacet
  facet normal 0.770468 0.637478 0
    outer loop
      vertex 36.0451 4.93893 6
      vertex 35.6448 5.42274 0
      vertex 35.6448 5.42274 6
    endloop
  endfacet
  facet normal 0.770468 0.637478 0
    outer loop
      vertex 35.6448 5.42274 0
      vertex 36.0451 4.93893 6
      vertex 36.0451 4.93893 0
    endloop
  endfacet
  facet normal 0.481772 0.876297 -0
    outer loop
      vertex 34.6791 6.22164 0
      vertex 34.1289 6.52413 6
      vertex 34.6791 6.22164 6
    endloop
  endfacet
  facet normal 0.481772 0.876297 0
    outer loop
      vertex 34.1289 6.52413 6
      vertex 34.6791 6.22164 0
      vertex 34.1289 6.52413 0
    endloop
  endfacet
  facet normal -0.951072 0.30897 0
    outer loop
      vertex -36.8429 3.24345 0
      vertex -36.6489 3.84062 6
      vertex -36.6489 3.84062 0
    endloop
  endfacet
  facet normal -0.951072 0.30897 0
    outer loop
      vertex -36.6489 3.84062 6
      vertex -36.8429 3.24345 0
      vertex -36.8429 3.24345 6
    endloop
  endfacet
  facet normal -0.368135 0.929773 0
    outer loop
      vertex -33.5451 6.75528 0
      vertex -34.1289 6.52413 6
      vertex -33.5451 6.75528 6
    endloop
  endfacet
  facet normal -0.368135 0.929773 0
    outer loop
      vertex -34.1289 6.52413 6
      vertex -33.5451 6.75528 0
      vertex -34.1289 6.52413 0
    endloop
  endfacet
  facet normal -0.684565 0.728952 0
    outer loop
      vertex -35.1871 5.85257 0
      vertex -35.6448 5.42274 6
      vertex -35.1871 5.85257 6
    endloop
  endfacet
  facet normal -0.684565 0.728952 0
    outer loop
      vertex -35.6448 5.42274 6
      vertex -35.1871 5.85257 0
      vertex -35.6448 5.42274 0
    endloop
  endfacet
  facet normal -0.481772 0.876297 0
    outer loop
      vertex -34.1289 6.52413 0
      vertex -34.6791 6.22164 6
      vertex -34.1289 6.52413 6
    endloop
  endfacet
  facet normal -0.481772 0.876297 0
    outer loop
      vertex -34.6791 6.22164 6
      vertex -34.1289 6.52413 0
      vertex -34.6791 6.22164 0
    endloop
  endfacet
  facet normal -0.982275 -0.187447 0
    outer loop
      vertex -36.8429 -3.24345 0
      vertex -36.9606 -2.62667 6
      vertex -36.9606 -2.62667 0
    endloop
  endfacet
  facet normal -0.982275 -0.187447 0
    outer loop
      vertex -36.9606 -2.62667 6
      vertex -36.8429 -3.24345 0
      vertex -36.8429 -3.24345 6
    endloop
  endfacet
  facet normal 0.844364 0.53577 0
    outer loop
      vertex 36.3815 4.40877 6
      vertex 36.0451 4.93893 0
      vertex 36.0451 4.93893 6
    endloop
  endfacet
  facet normal 0.844364 0.53577 0
    outer loop
      vertex 36.0451 4.93893 0
      vertex 36.3815 4.40877 6
      vertex 36.3815 4.40877 0
    endloop
  endfacet
  facet normal 0.587771 0.809027 -0
    outer loop
      vertex 35.1871 5.85257 0
      vertex 34.6791 6.22164 6
      vertex 35.1871 5.85257 6
    endloop
  endfacet
  facet normal 0.587771 0.809027 0
    outer loop
      vertex 34.6791 6.22164 6
      vertex 35.1871 5.85257 0
      vertex 34.6791 6.22164 0
    endloop
  endfacet
  facet normal -0.982275 0.187447 0
    outer loop
      vertex -36.9606 2.62667 0
      vertex -36.8429 3.24345 6
      vertex -36.8429 3.24345 0
    endloop
  endfacet
  facet normal -0.982275 0.187447 0
    outer loop
      vertex -36.8429 3.24345 6
      vertex -36.9606 2.62667 0
      vertex -36.9606 2.62667 6
    endloop
  endfacet
  facet normal -0.770468 0.637478 0
    outer loop
      vertex -36.0451 4.93893 0
      vertex -35.6448 5.42274 6
      vertex -35.6448 5.42274 0
    endloop
  endfacet
  facet normal -0.770468 0.637478 0
    outer loop
      vertex -35.6448 5.42274 6
      vertex -36.0451 4.93893 0
      vertex -36.0451 4.93893 6
    endloop
  endfacet
  facet normal -0.844364 0.53577 0
    outer loop
      vertex -36.3815 4.40877 0
      vertex -36.0451 4.93893 6
      vertex -36.0451 4.93893 0
    endloop
  endfacet
  facet normal -0.844364 0.53577 0
    outer loop
      vertex -36.0451 4.93893 6
      vertex -36.3815 4.40877 0
      vertex -36.3815 4.40877 6
    endloop
  endfacet
  facet normal -0.904797 0.425843 0
    outer loop
      vertex -36.6489 3.84062 0
      vertex -36.3815 4.40877 6
      vertex -36.3815 4.40877 0
    endloop
  endfacet
  facet normal -0.904797 0.425843 0
    outer loop
      vertex -36.3815 4.40877 6
      vertex -36.6489 3.84062 0
      vertex -36.6489 3.84062 6
    endloop
  endfacet
  facet normal -0.248691 0.968583 0
    outer loop
      vertex -32.9369 6.91144 0
      vertex -33.5451 6.75528 6
      vertex -32.9369 6.91144 6
    endloop
  endfacet
  facet normal -0.248691 0.968583 0
    outer loop
      vertex -33.5451 6.75528 6
      vertex -32.9369 6.91144 0
      vertex -33.5451 6.75528 0
    endloop
  endfacet
  facet normal -0.587771 0.809027 0
    outer loop
      vertex -34.6791 6.22164 0
      vertex -35.1871 5.85257 6
      vertex -34.6791 6.22164 6
    endloop
  endfacet
  facet normal -0.587771 0.809027 0
    outer loop
      vertex -35.1871 5.85257 6
      vertex -34.6791 6.22164 0
      vertex -35.1871 5.85257 0
    endloop
  endfacet
  facet normal 0.982275 0.187447 0
    outer loop
      vertex 36.9606 2.62667 6
      vertex 36.8429 3.24345 0
      vertex 36.8429 3.24345 6
    endloop
  endfacet
  facet normal 0.982275 0.187447 0
    outer loop
      vertex 36.8429 3.24345 0
      vertex 36.9606 2.62667 6
      vertex 36.9606 2.62667 0
    endloop
  endfacet
  facet normal 0.998029 0.0627481 0
    outer loop
      vertex 37 2 6
      vertex 36.9606 2.62667 0
      vertex 36.9606 2.62667 6
    endloop
  endfacet
  facet normal 0.998029 0.0627481 0
    outer loop
      vertex 36.9606 2.62667 0
      vertex 37 2 6
      vertex 37 2 0
    endloop
  endfacet
  facet normal 0.982275 -0.187447 0
    outer loop
      vertex 36.8429 -3.24345 6
      vertex 36.9606 -2.62667 0
      vertex 36.9606 -2.62667 6
    endloop
  endfacet
  facet normal 0.982275 -0.187447 0
    outer loop
      vertex 36.9606 -2.62667 0
      vertex 36.8429 -3.24345 6
      vertex 36.8429 -3.24345 0
    endloop
  endfacet
  facet normal -0.851955 -0.523616 0
    outer loop
      vertex -5.45184 6.99013 0
      vertex -5.64592 7.30591 6
      vertex -5.64592 7.30591 0
    endloop
  endfacet
  facet normal -0.851955 -0.523616 0
    outer loop
      vertex -5.64592 7.30591 6
      vertex -5.45184 6.99013 0
      vertex -5.45184 6.99013 6
    endloop
  endfacet
  facet normal 0.851184 -0.524867 0
    outer loop
      vertex 5.75793 6.99013 6
      vertex 5.95265 7.30591 0
      vertex 5.95265 7.30591 6
    endloop
  endfacet
  facet normal 0.851184 -0.524867 0
    outer loop
      vertex 5.95265 7.30591 0
      vertex 5.75793 6.99013 6
      vertex 5.75793 6.99013 0
    endloop
  endfacet
  facet normal -0.851955 -0.523616 0
    outer loop
      vertex 6.14673 6.99013 0
      vertex 5.95265 7.30591 6
      vertex 5.95265 7.30591 0
    endloop
  endfacet
  facet normal -0.851955 -0.523616 0
    outer loop
      vertex 5.95265 7.30591 6
      vertex 6.14673 6.99013 0
      vertex 6.14673 6.99013 6
    endloop
  endfacet
  facet normal 0.834752 0.550626 0
    outer loop
      vertex 8.94201 6.99013 6
      vertex 7.34416 9.41248 0
      vertex 7.34416 9.41248 6
    endloop
  endfacet
  facet normal 0.834752 0.550626 0
    outer loop
      vertex 7.34416 9.41248 0
      vertex 8.94201 6.99013 6
      vertex 8.94201 6.99013 0
    endloop
  endfacet
  facet normal 0.830452 -0.557091 0
    outer loop
      vertex 7.34416 9.41248 6
      vertex 11.4799 15.5776 0
      vertex 11.4799 15.5776 6
    endloop
  endfacet
  facet normal 0.830452 -0.557091 0
    outer loop
      vertex 11.4799 15.5776 0
      vertex 7.34416 9.41248 6
      vertex 7.34416 9.41248 0
    endloop
  endfacet
  facet normal 0 1 -0
    outer loop
      vertex 11.4799 15.5776 0
      vertex 8.4843 15.5776 6
      vertex 11.4799 15.5776 6
    endloop
  endfacet
  facet normal 0 1 0
    outer loop
      vertex 8.4843 15.5776 6
      vertex 11.4799 15.5776 0
      vertex 8.4843 15.5776 0
    endloop
  endfacet
  facet normal -0.85398 0.520306 0
    outer loop
      vertex 5.95265 11.4224 0
      vertex 8.4843 15.5776 6
      vertex 8.4843 15.5776 0
    endloop
  endfacet
  facet normal -0.85398 0.520306 0
    outer loop
      vertex 8.4843 15.5776 6
      vertex 5.95265 11.4224 0
      vertex 5.95265 11.4224 6
    endloop
  endfacet
  facet normal 0.853081 0.521779 0
    outer loop
      vertex 5.95265 11.4224 6
      vertex 3.41116 15.5776 0
      vertex 3.41116 15.5776 6
    endloop
  endfacet
  facet normal 0.853081 0.521779 0
    outer loop
      vertex 3.41116 15.5776 0
      vertex 5.95265 11.4224 6
      vertex 5.95265 11.4224 0
    endloop
  endfacet
  facet normal 0 1 -0
    outer loop
      vertex 3.41116 15.5776 0
      vertex 0.396149 15.5776 6
      vertex 3.41116 15.5776 6
    endloop
  endfacet
  facet normal 0 1 0
    outer loop
      vertex 0.396149 15.5776 6
      vertex 3.41116 15.5776 0
      vertex 0.396149 15.5776 0
    endloop
  endfacet
  facet normal -0.836456 -0.548033 0
    outer loop
      vertex 4.43544 9.41248 0
      vertex 0.396149 15.5776 6
      vertex 0.396149 15.5776 0
    endloop
  endfacet
  facet normal -0.836456 -0.548033 0
    outer loop
      vertex 0.396149 15.5776 6
      vertex 4.43544 9.41248 0
      vertex 4.43544 9.41248 6
    endloop
  endfacet
  facet normal -0.840143 0.542365 0
    outer loop
      vertex 2.87166 6.99013 0
      vertex 4.43544 9.41248 6
      vertex 4.43544 9.41248 0
    endloop
  endfacet
  facet normal -0.840143 0.542365 0
    outer loop
      vertex 4.43544 9.41248 6
      vertex 2.87166 6.99013 0
      vertex 2.87166 6.99013 6
    endloop
  endfacet
  facet normal 0.834752 0.550626 0
    outer loop
      vertex -2.65656 6.99013 6
      vertex -4.25441 9.41248 0
      vertex -4.25441 9.41248 6
    endloop
  endfacet
  facet normal 0.834752 0.550626 0
    outer loop
      vertex -4.25441 9.41248 0
      vertex -2.65656 6.99013 6
      vertex -2.65656 6.99013 0
    endloop
  endfacet
  facet normal 0.83045 -0.557094 0
    outer loop
      vertex -4.25441 9.41248 6
      vertex -0.118637 15.5776 0
      vertex -0.118637 15.5776 6
    endloop
  endfacet
  facet normal 0.83045 -0.557094 0
    outer loop
      vertex -0.118637 15.5776 0
      vertex -4.25441 9.41248 6
      vertex -4.25441 9.41248 0
    endloop
  endfacet
  facet normal 0 1 -0
    outer loop
      vertex -0.118637 15.5776 0
      vertex -3.11427 15.5776 6
      vertex -0.118637 15.5776 6
    endloop
  endfacet
  facet normal 0 1 0
    outer loop
      vertex -3.11427 15.5776 6
      vertex -0.118637 15.5776 0
      vertex -3.11427 15.5776 0
    endloop
  endfacet
  facet normal -0.85398 0.520306 0
    outer loop
      vertex -5.64592 11.4224 0
      vertex -3.11427 15.5776 6
      vertex -3.11427 15.5776 0
    endloop
  endfacet
  facet normal -0.85398 0.520306 0
    outer loop
      vertex -3.11427 15.5776 6
      vertex -5.64592 11.4224 0
      vertex -5.64592 11.4224 6
    endloop
  endfacet
  facet normal 0.853081 0.521779 0
    outer loop
      vertex -5.64592 11.4224 6
      vertex -8.18741 15.5776 0
      vertex -8.18741 15.5776 6
    endloop
  endfacet
  facet normal 0.853081 0.521779 0
    outer loop
      vertex -8.18741 15.5776 0
      vertex -5.64592 11.4224 6
      vertex -5.64592 11.4224 0
    endloop
  endfacet
  facet normal 0 1 -0
    outer loop
      vertex -8.18741 15.5776 0
      vertex -11.2024 15.5776 6
      vertex -8.18741 15.5776 6
    endloop
  endfacet
  facet normal 0 1 0
    outer loop
      vertex -11.2024 15.5776 6
      vertex -8.18741 15.5776 0
      vertex -11.2024 15.5776 0
    endloop
  endfacet
  facet normal -0.836457 -0.548032 0
    outer loop
      vertex -7.16312 9.41248 0
      vertex -11.2024 15.5776 6
      vertex -11.2024 15.5776 0
    endloop
  endfacet
  facet normal -0.836457 -0.548032 0
    outer loop
      vertex -11.2024 15.5776 6
      vertex -7.16312 9.41248 0
      vertex -7.16312 9.41248 6
    endloop
  endfacet
  facet normal -0.840143 0.542365 0
    outer loop
      vertex -8.7269 6.99013 0
      vertex -7.16312 9.41248 6
      vertex -7.16312 9.41248 0
    endloop
  endfacet
  facet normal -0.840143 0.542365 0
    outer loop
      vertex -7.16312 9.41248 6
      vertex -8.7269 6.99013 0
      vertex -8.7269 6.99013 6
    endloop
  endfacet
  facet normal 0.834744 0.550638 0
    outer loop
      vertex -14.2551 6.99013 6
      vertex -15.853 9.41248 0
      vertex -15.853 9.41248 6
    endloop
  endfacet
  facet normal 0.834744 0.550638 0
    outer loop
      vertex -15.853 9.41248 0
      vertex -14.2551 6.99013 6
      vertex -14.2551 6.99013 0
    endloop
  endfacet
  facet normal 0.830448 -0.557096 0
    outer loop
      vertex -15.853 9.41248 6
      vertex -11.7172 15.5776 0
      vertex -11.7172 15.5776 6
    endloop
  endfacet
  facet normal 0.830448 -0.557096 0
    outer loop
      vertex -11.7172 15.5776 0
      vertex -15.853 9.41248 6
      vertex -15.853 9.41248 0
    endloop
  endfacet
  facet normal 0 1 -0
    outer loop
      vertex -11.7172 15.5776 0
      vertex -14.7128 15.5776 6
      vertex -11.7172 15.5776 6
    endloop
  endfacet
  facet normal 0 1 0
    outer loop
      vertex -14.7128 15.5776 6
      vertex -11.7172 15.5776 0
      vertex -14.7128 15.5776 0
    endloop
  endfacet
  facet normal -0.853975 0.520314 0
    outer loop
      vertex -17.2445 11.4224 0
      vertex -14.7128 15.5776 6
      vertex -14.7128 15.5776 0
    endloop
  endfacet
  facet normal -0.853975 0.520314 0
    outer loop
      vertex -14.7128 15.5776 6
      vertex -17.2445 11.4224 0
      vertex -17.2445 11.4224 6
    endloop
  endfacet
  facet normal 0.85308 0.52178 0
    outer loop
      vertex -17.2445 11.4224 6
      vertex -19.786 15.5776 0
      vertex -19.786 15.5776 6
    endloop
  endfacet
  facet normal 0.85308 0.52178 0
    outer loop
      vertex -19.786 15.5776 0
      vertex -17.2445 11.4224 6
      vertex -17.2445 11.4224 0
    endloop
  endfacet
  facet normal 0 1 -0
    outer loop
      vertex -19.786 15.5776 0
      vertex -22.801 15.5776 6
      vertex -19.786 15.5776 6
    endloop
  endfacet
  facet normal 0 1 0
    outer loop
      vertex -22.801 15.5776 6
      vertex -19.786 15.5776 0
      vertex -22.801 15.5776 0
    endloop
  endfacet
  facet normal -0.836456 -0.548034 0
    outer loop
      vertex -18.7617 9.41248 0
      vertex -22.801 15.5776 6
      vertex -22.801 15.5776 0
    endloop
  endfacet
  facet normal -0.836456 -0.548034 0
    outer loop
      vertex -22.801 15.5776 6
      vertex -18.7617 9.41248 0
      vertex -18.7617 9.41248 6
    endloop
  endfacet
  facet normal -0.84014 0.54237 0
    outer loop
      vertex -20.3255 6.99013 0
      vertex -18.7617 9.41248 6
      vertex -18.7617 9.41248 0
    endloop
  endfacet
  facet normal -0.84014 0.54237 0
    outer loop
      vertex -18.7617 9.41248 6
      vertex -20.3255 6.99013 0
      vertex -20.3255 6.99013 6
    endloop
  endfacet
  facet normal 0.851208 -0.524828 0
    outer loop
      vertex -17.4392 6.99013 6
      vertex -17.2445 7.30591 0
      vertex -17.2445 7.30591 6
    endloop
  endfacet
  facet normal 0.851208 -0.524828 0
    outer loop
      vertex -17.2445 7.30591 0
      vertex -17.4392 6.99013 6
      vertex -17.4392 6.99013 0
    endloop
  endfacet
  facet normal -0.851931 -0.523655 0
    outer loop
      vertex -17.0504 6.99013 0
      vertex -17.2445 7.30591 6
      vertex -17.2445 7.30591 0
    endloop
  endfacet
  facet normal -0.851931 -0.523655 0
    outer loop
      vertex -17.2445 7.30591 6
      vertex -17.0504 6.99013 0
      vertex -17.0504 6.99013 6
    endloop
  endfacet
  facet normal 0.851184 -0.524867 0
    outer loop
      vertex -5.84064 6.99013 6
      vertex -5.64592 7.30591 0
      vertex -5.64592 7.30591 6
    endloop
  endfacet
  facet normal 0.851184 -0.524867 0
    outer loop
      vertex -5.64592 7.30591 0
      vertex -5.84064 6.99013 6
      vertex -5.84064 6.99013 0
    endloop
  endfacet
  facet normal 1 -0 0
    outer loop
      vertex 16.4882 6.99013 6
      vertex 16.4882 15.5776 0
      vertex 16.4882 15.5776 6
    endloop
  endfacet
  facet normal 1 0 0
    outer loop
      vertex 16.4882 15.5776 0
      vertex 16.4882 6.99013 6
      vertex 16.4882 6.99013 0
    endloop
  endfacet
  facet normal 0 1 -0
    outer loop
      vertex 16.4882 15.5776 0
      vertex 13.6375 15.5776 6
      vertex 16.4882 15.5776 6
    endloop
  endfacet
  facet normal 0 1 0
    outer loop
      vertex 13.6375 15.5776 6
      vertex 16.4882 15.5776 0
      vertex 13.6375 15.5776 0
    endloop
  endfacet
  facet normal -1 0 0
    outer loop
      vertex 13.6375 6.99013 0
      vertex 13.6375 15.5776 6
      vertex 13.6375 15.5776 0
    endloop
  endfacet
  facet normal -1 -0 0
    outer loop
      vertex 13.6375 15.5776 6
      vertex 13.6375 6.99013 0
      vertex 13.6375 6.99013 6
    endloop
  endfacet
  facet normal -0.904808 -0.425821 0
    outer loop
      vertex -26.9782 1.1964 0
      vertex -27.152 1.5657 6
      vertex -27.152 1.5657 0
    endloop
  endfacet
  facet normal -0.904808 -0.425821 0
    outer loop
      vertex -27.152 1.5657 6
      vertex -26.9782 1.1964 0
      vertex -26.9782 1.1964 6
    endloop
  endfacet
  facet normal 0.951071 -0.308972 0
    outer loop
      vertex -33.1479 0.808242 6
      vertex -33.0218 1.1964 0
      vertex -33.0218 1.1964 6
    endloop
  endfacet
  facet normal 0.951071 -0.308972 0
    outer loop
      vertex -33.0218 1.1964 0
      vertex -33.1479 0.808242 6
      vertex -33.1479 0.808242 0
    endloop
  endfacet
  facet normal -0.844317 -0.535845 0
    outer loop
      vertex -27.152 1.5657 0
      vertex -27.3707 1.9103 6
      vertex -27.3707 1.9103 0
    endloop
  endfacet
  facet normal -0.844317 -0.535845 0
    outer loop
      vertex -27.3707 1.9103 6
      vertex -27.152 1.5657 0
      vertex -27.152 1.5657 6
    endloop
  endfacet
  facet normal -0.368093 -0.929789 0
    outer loop
      vertex -28.9957 3.09093 0
      vertex -28.6162 2.94069 6
      vertex -28.9957 3.09093 6
    endloop
  endfacet
  facet normal -0.368093 -0.929789 -0
    outer loop
      vertex -28.6162 2.94069 6
      vertex -28.9957 3.09093 0
      vertex -28.6162 2.94069 0
    endloop
  endfacet
  facet normal 0.368093 -0.929789 0
    outer loop
      vertex -31.3838 2.94069 0
      vertex -31.0043 3.09093 6
      vertex -31.3838 2.94069 6
    endloop
  endfacet
  facet normal 0.368093 -0.929789 0
    outer loop
      vertex -31.0043 3.09093 6
      vertex -31.3838 2.94069 0
      vertex -31.0043 3.09093 0
    endloop
  endfacet
  facet normal 0.904808 -0.425821 0
    outer loop
      vertex -33.0218 1.1964 6
      vertex -32.848 1.5657 0
      vertex -32.848 1.5657 6
    endloop
  endfacet
  facet normal 0.904808 -0.425821 0
    outer loop
      vertex -32.848 1.5657 0
      vertex -33.0218 1.1964 6
      vertex -33.0218 1.1964 0
    endloop
  endfacet
  facet normal -0.998031 0.0627242 0
    outer loop
      vertex -26.7756 -0.407332 0
      vertex -26.75 0 6
      vertex -26.75 0 0
    endloop
  endfacet
  facet normal -0.998031 0.0627242 0
    outer loop
      vertex -26.75 0 6
      vertex -26.7756 -0.407332 0
      vertex -26.7756 -0.407332 6
    endloop
  endfacet
  facet normal -0.481806 0.876278 0
    outer loop
      vertex -28.2586 -2.74407 0
      vertex -28.6162 -2.94069 6
      vertex -28.2586 -2.74407 6
    endloop
  endfacet
  facet normal -0.481806 0.876278 0
    outer loop
      vertex -28.6162 -2.94069 6
      vertex -28.2586 -2.74407 0
      vertex -28.6162 -2.94069 0
    endloop
  endfacet
  facet normal -0.125356 -0.992112 0
    outer loop
      vertex -29.7959 3.24359 0
      vertex -29.391 3.19243 6
      vertex -29.7959 3.24359 6
    endloop
  endfacet
  facet normal -0.125356 -0.992112 -0
    outer loop
      vertex -29.391 3.19243 6
      vertex -29.7959 3.24359 0
      vertex -29.391 3.19243 0
    endloop
  endfacet
  facet normal -0.587778 -0.809022 0
    outer loop
      vertex -28.2586 2.74407 0
      vertex -27.9284 2.50417 6
      vertex -28.2586 2.74407 6
    endloop
  endfacet
  facet normal -0.587778 -0.809022 -0
    outer loop
      vertex -27.9284 2.50417 6
      vertex -28.2586 2.74407 0
      vertex -27.9284 2.50417 0
    endloop
  endfacet
  facet normal 0.770466 -0.637481 0
    outer loop
      vertex -32.6293 1.9103 6
      vertex -32.3691 2.22478 0
      vertex -32.3691 2.22478 6
    endloop
  endfacet
  facet normal 0.770466 -0.637481 0
    outer loop
      vertex -32.3691 2.22478 0
      vertex -32.6293 1.9103 6
      vertex -32.6293 1.9103 0
    endloop
  endfacet
  facet normal 0.481806 -0.876278 0
    outer loop
      vertex -31.7414 2.74407 0
      vertex -31.3838 2.94069 6
      vertex -31.7414 2.74407 6
    endloop
  endfacet
  facet normal 0.481806 -0.876278 0
    outer loop
      vertex -31.3838 2.94069 6
      vertex -31.7414 2.74407 0
      vertex -31.3838 2.94069 0
    endloop
  endfacet
  facet normal 0.125356 -0.992112 0
    outer loop
      vertex -30.609 3.19243 0
      vertex -30.2041 3.24359 6
      vertex -30.609 3.19243 6
    endloop
  endfacet
  facet normal 0.125356 -0.992112 0
    outer loop
      vertex -30.2041 3.24359 6
      vertex -30.609 3.19243 0
      vertex -30.2041 3.24359 0
    endloop
  endfacet
  facet normal 0.587778 -0.809022 0
    outer loop
      vertex -32.0716 2.50417 0
      vertex -31.7414 2.74407 6
      vertex -32.0716 2.50417 6
    endloop
  endfacet
  facet normal 0.587778 -0.809022 0
    outer loop
      vertex -31.7414 2.74407 6
      vertex -32.0716 2.50417 0
      vertex -31.7414 2.74407 0
    endloop
  endfacet
  facet normal -0.998031 -0.0627242 0
    outer loop
      vertex -26.75 0 0
      vertex -26.7756 0.407332 6
      vertex -26.7756 0.407332 0
    endloop
  endfacet
  facet normal -0.998031 -0.0627242 0
    outer loop
      vertex -26.7756 0.407332 6
      vertex -26.75 0 0
      vertex -26.75 0 6
    endloop
  endfacet
  facet normal -0.587778 0.809022 0
    outer loop
      vertex -27.9284 -2.50417 0
      vertex -28.2586 -2.74407 6
      vertex -27.9284 -2.50417 6
    endloop
  endfacet
  facet normal -0.587778 0.809022 0
    outer loop
      vertex -28.2586 -2.74407 6
      vertex -27.9284 -2.50417 0
      vertex -28.2586 -2.74407 0
    endloop
  endfacet
  facet normal -0.951071 0.308972 0
    outer loop
      vertex -26.9782 -1.1964 0
      vertex -26.8521 -0.808242 6
      vertex -26.8521 -0.808242 0
    endloop
  endfacet
  facet normal -0.951071 0.308972 0
    outer loop
      vertex -26.8521 -0.808242 6
      vertex -26.9782 -1.1964 0
      vertex -26.9782 -1.1964 6
    endloop
  endfacet
  facet normal 0.2487 0.968581 -0
    outer loop
      vertex -30.609 -3.19243 0
      vertex -31.0043 -3.09093 6
      vertex -30.609 -3.19243 6
    endloop
  endfacet
  facet normal 0.2487 0.968581 0
    outer loop
      vertex -31.0043 -3.09093 6
      vertex -30.609 -3.19243 0
      vertex -31.0043 -3.09093 0
    endloop
  endfacet
  facet normal -0.951071 -0.308972 0
    outer loop
      vertex -26.8521 0.808242 0
      vertex -26.9782 1.1964 6
      vertex -26.9782 1.1964 0
    endloop
  endfacet
  facet normal -0.951071 -0.308972 0
    outer loop
      vertex -26.9782 1.1964 6
      vertex -26.8521 0.808242 0
      vertex -26.8521 0.808242 6
    endloop
  endfacet
  facet normal -0.684572 -0.728946 0
    outer loop
      vertex -27.9284 2.50417 0
      vertex -27.6309 2.22478 6
      vertex -27.9284 2.50417 6
    endloop
  endfacet
  facet normal -0.684572 -0.728946 -0
    outer loop
      vertex -27.6309 2.22478 6
      vertex -27.9284 2.50417 0
      vertex -27.6309 2.22478 0
    endloop
  endfacet
  facet normal 0 -1 0
    outer loop
      vertex -30.2041 3.24359 0
      vertex -29.7959 3.24359 6
      vertex -30.2041 3.24359 6
    endloop
  endfacet
  facet normal 0 -1 -0
    outer loop
      vertex -29.7959 3.24359 6
      vertex -30.2041 3.24359 0
      vertex -29.7959 3.24359 0
    endloop
  endfacet
  facet normal -0.2487 -0.968581 0
    outer loop
      vertex -29.391 3.19243 0
      vertex -28.9957 3.09093 6
      vertex -29.391 3.19243 6
    endloop
  endfacet
  facet normal -0.2487 -0.968581 -0
    outer loop
      vertex -28.9957 3.09093 6
      vertex -29.391 3.19243 0
      vertex -28.9957 3.09093 0
    endloop
  endfacet
  facet normal -0.481806 -0.876278 0
    outer loop
      vertex -28.6162 2.94069 0
      vertex -28.2586 2.74407 6
      vertex -28.6162 2.94069 6
    endloop
  endfacet
  facet normal -0.481806 -0.876278 -0
    outer loop
      vertex -28.2586 2.74407 6
      vertex -28.6162 2.94069 0
      vertex -28.2586 2.74407 0
    endloop
  endfacet
  facet normal 0.998031 -0.0627242 0
    outer loop
      vertex -33.25 0 6
      vertex -33.2244 0.407332 0
      vertex -33.2244 0.407332 6
    endloop
  endfacet
  facet normal 0.998031 -0.0627242 0
    outer loop
      vertex -33.2244 0.407332 0
      vertex -33.25 0 6
      vertex -33.25 0 0
    endloop
  endfacet
  facet normal 0.844317 -0.535845 0
    outer loop
      vertex -32.848 1.5657 6
      vertex -32.6293 1.9103 0
      vertex -32.6293 1.9103 6
    endloop
  endfacet
  facet normal 0.844317 -0.535845 0
    outer loop
      vertex -32.6293 1.9103 0
      vertex -32.848 1.5657 6
      vertex -32.848 1.5657 0
    endloop
  endfacet
  facet normal 0.2487 -0.968581 0
    outer loop
      vertex -31.0043 3.09093 0
      vertex -30.609 3.19243 6
      vertex -31.0043 3.09093 6
    endloop
  endfacet
  facet normal 0.2487 -0.968581 0
    outer loop
      vertex -30.609 3.19243 6
      vertex -31.0043 3.09093 0
      vertex -30.609 3.19243 0
    endloop
  endfacet
  facet normal 0.684572 -0.728946 0
    outer loop
      vertex -32.3691 2.22478 0
      vertex -32.0716 2.50417 6
      vertex -32.3691 2.22478 6
    endloop
  endfacet
  facet normal 0.684572 -0.728946 0
    outer loop
      vertex -32.0716 2.50417 6
      vertex -32.3691 2.22478 0
      vertex -32.0716 2.50417 0
    endloop
  endfacet
  facet normal -0.982277 0.187434 0
    outer loop
      vertex -26.8521 -0.808242 0
      vertex -26.7756 -0.407332 6
      vertex -26.7756 -0.407332 0
    endloop
  endfacet
  facet normal -0.982277 0.187434 0
    outer loop
      vertex -26.7756 -0.407332 6
      vertex -26.8521 -0.808242 0
      vertex -26.8521 -0.808242 6
    endloop
  endfacet
  facet normal -0.844317 0.535845 0
    outer loop
      vertex -27.3707 -1.9103 0
      vertex -27.152 -1.5657 6
      vertex -27.152 -1.5657 0
    endloop
  endfacet
  facet normal -0.844317 0.535845 0
    outer loop
      vertex -27.152 -1.5657 6
      vertex -27.3707 -1.9103 0
      vertex -27.3707 -1.9103 6
    endloop
  endfacet
  facet normal -0.904808 0.425821 0
    outer loop
      vertex -27.152 -1.5657 0
      vertex -26.9782 -1.1964 6
      vertex -26.9782 -1.1964 0
    endloop
  endfacet
  facet normal -0.904808 0.425821 0
    outer loop
      vertex -26.9782 -1.1964 6
      vertex -27.152 -1.5657 0
      vertex -27.152 -1.5657 6
    endloop
  endfacet
  facet normal -0.125356 0.992112 0
    outer loop
      vertex -29.391 -3.19243 0
      vertex -29.7959 -3.24359 6
      vertex -29.391 -3.19243 6
    endloop
  endfacet
  facet normal -0.125356 0.992112 0
    outer loop
      vertex -29.7959 -3.24359 6
      vertex -29.391 -3.19243 0
      vertex -29.7959 -3.24359 0
    endloop
  endfacet
  facet normal -0.982277 -0.187434 0
    outer loop
      vertex -26.7756 0.407332 0
      vertex -26.8521 0.808242 6
      vertex -26.8521 0.808242 0
    endloop
  endfacet
  facet normal -0.982277 -0.187434 0
    outer loop
      vertex -26.8521 0.808242 6
      vertex -26.7756 0.407332 0
      vertex -26.7756 0.407332 6
    endloop
  endfacet
  facet normal -0.770466 -0.637481 0
    outer loop
      vertex -27.3707 1.9103 0
      vertex -27.6309 2.22478 6
      vertex -27.6309 2.22478 0
    endloop
  endfacet
  facet normal -0.770466 -0.637481 0
    outer loop
      vertex -27.6309 2.22478 6
      vertex -27.3707 1.9103 0
      vertex -27.3707 1.9103 6
    endloop
  endfacet
  facet normal 0.982277 -0.187434 0
    outer loop
      vertex -33.2244 0.407332 6
      vertex -33.1479 0.808242 0
      vertex -33.1479 0.808242 6
    endloop
  endfacet
  facet normal 0.982277 -0.187434 0
    outer loop
      vertex -33.1479 0.808242 0
      vertex -33.2244 0.407332 6
      vertex -33.2244 0.407332 0
    endloop
  endfacet
  facet normal 0.125356 0.992112 -0
    outer loop
      vertex -30.2041 -3.24359 0
      vertex -30.609 -3.19243 6
      vertex -30.2041 -3.24359 6
    endloop
  endfacet
  facet normal 0.125356 0.992112 0
    outer loop
      vertex -30.609 -3.19243 6
      vertex -30.2041 -3.24359 0
      vertex -30.609 -3.19243 0
    endloop
  endfacet
  facet normal 0.998031 0.0627242 0
    outer loop
      vertex -33.2244 -0.407332 6
      vertex -33.25 0 0
      vertex -33.25 0 6
    endloop
  endfacet
  facet normal 0.998031 0.0627242 0
    outer loop
      vertex -33.25 0 0
      vertex -33.2244 -0.407332 6
      vertex -33.2244 -0.407332 0
    endloop
  endfacet
  facet normal 0.951071 0.308972 0
    outer loop
      vertex -33.0218 -1.1964 6
      vertex -33.1479 -0.808242 0
      vertex -33.1479 -0.808242 6
    endloop
  endfacet
  facet normal 0.951071 0.308972 0
    outer loop
      vertex -33.1479 -0.808242 0
      vertex -33.0218 -1.1964 6
      vertex -33.0218 -1.1964 0
    endloop
  endfacet
  facet normal 0.770466 0.637481 0
    outer loop
      vertex -32.3691 -2.22478 6
      vertex -32.6293 -1.9103 0
      vertex -32.6293 -1.9103 6
    endloop
  endfacet
  facet normal 0.770466 0.637481 0
    outer loop
      vertex -32.6293 -1.9103 0
      vertex -32.3691 -2.22478 6
      vertex -32.3691 -2.22478 0
    endloop
  endfacet
  facet normal -0.684572 0.728946 0
    outer loop
      vertex -27.6309 -2.22478 0
      vertex -27.9284 -2.50417 6
      vertex -27.6309 -2.22478 6
    endloop
  endfacet
  facet normal -0.684572 0.728946 0
    outer loop
      vertex -27.9284 -2.50417 6
      vertex -27.6309 -2.22478 0
      vertex -27.9284 -2.50417 0
    endloop
  endfacet
  facet normal 0.587778 0.809022 -0
    outer loop
      vertex -31.7414 -2.74407 0
      vertex -32.0716 -2.50417 6
      vertex -31.7414 -2.74407 6
    endloop
  endfacet
  facet normal 0.587778 0.809022 0
    outer loop
      vertex -32.0716 -2.50417 6
      vertex -31.7414 -2.74407 0
      vertex -32.0716 -2.50417 0
    endloop
  endfacet
  facet normal 0 1 -0
    outer loop
      vertex -29.7959 -3.24359 0
      vertex -30.2041 -3.24359 6
      vertex -29.7959 -3.24359 6
    endloop
  endfacet
  facet normal 0 1 0
    outer loop
      vertex -30.2041 -3.24359 6
      vertex -29.7959 -3.24359 0
      vertex -30.2041 -3.24359 0
    endloop
  endfacet
  facet normal 0.982277 0.187434 0
    outer loop
      vertex -33.1479 -0.808242 6
      vertex -33.2244 -0.407332 0
      vertex -33.2244 -0.407332 6
    endloop
  endfacet
  facet normal 0.982277 0.187434 0
    outer loop
      vertex -33.2244 -0.407332 0
      vertex -33.1479 -0.808242 6
      vertex -33.1479 -0.808242 0
    endloop
  endfacet
  facet normal 0.684572 0.728946 -0
    outer loop
      vertex -32.0716 -2.50417 0
      vertex -32.3691 -2.22478 6
      vertex -32.0716 -2.50417 6
    endloop
  endfacet
  facet normal 0.684572 0.728946 0
    outer loop
      vertex -32.3691 -2.22478 6
      vertex -32.0716 -2.50417 0
      vertex -32.3691 -2.22478 0
    endloop
  endfacet
  facet normal 0.904808 0.425821 0
    outer loop
      vertex -32.848 -1.5657 6
      vertex -33.0218 -1.1964 0
      vertex -33.0218 -1.1964 6
    endloop
  endfacet
  facet normal 0.904808 0.425821 0
    outer loop
      vertex -33.0218 -1.1964 0
      vertex -32.848 -1.5657 6
      vertex -32.848 -1.5657 0
    endloop
  endfacet
  facet normal -0.2487 0.968581 0
    outer loop
      vertex -28.9957 -3.09093 0
      vertex -29.391 -3.19243 6
      vertex -28.9957 -3.09093 6
    endloop
  endfacet
  facet normal -0.2487 0.968581 0
    outer loop
      vertex -29.391 -3.19243 6
      vertex -28.9957 -3.09093 0
      vertex -29.391 -3.19243 0
    endloop
  endfacet
  facet normal -0.368093 0.929789 0
    outer loop
      vertex -28.6162 -2.94069 0
      vertex -28.9957 -3.09093 6
      vertex -28.6162 -2.94069 6
    endloop
  endfacet
  facet normal -0.368093 0.929789 0
    outer loop
      vertex -28.9957 -3.09093 6
      vertex -28.6162 -2.94069 0
      vertex -28.9957 -3.09093 0
    endloop
  endfacet
  facet normal -0.770466 0.637481 0
    outer loop
      vertex -27.6309 -2.22478 0
      vertex -27.3707 -1.9103 6
      vertex -27.3707 -1.9103 0
    endloop
  endfacet
  facet normal -0.770466 0.637481 0
    outer loop
      vertex -27.3707 -1.9103 6
      vertex -27.6309 -2.22478 0
      vertex -27.6309 -2.22478 6
    endloop
  endfacet
  facet normal 0.481806 0.876278 -0
    outer loop
      vertex -31.3838 -2.94069 0
      vertex -31.7414 -2.74407 6
      vertex -31.3838 -2.94069 6
    endloop
  endfacet
  facet normal 0.481806 0.876278 0
    outer loop
      vertex -31.7414 -2.74407 6
      vertex -31.3838 -2.94069 0
      vertex -31.7414 -2.74407 0
    endloop
  endfacet
  facet normal 0.368093 0.929789 -0
    outer loop
      vertex -31.0043 -3.09093 0
      vertex -31.3838 -2.94069 6
      vertex -31.0043 -3.09093 6
    endloop
  endfacet
  facet normal 0.368093 0.929789 0
    outer loop
      vertex -31.3838 -2.94069 6
      vertex -31.0043 -3.09093 0
      vertex -31.3838 -2.94069 0
    endloop
  endfacet
  facet normal 0.844317 0.535845 0
    outer loop
      vertex -32.6293 -1.9103 6
      vertex -32.848 -1.5657 0
      vertex -32.848 -1.5657 6
    endloop
  endfacet
  facet normal 0.844317 0.535845 0
    outer loop
      vertex -32.848 -1.5657 0
      vertex -32.6293 -1.9103 6
      vertex -32.6293 -1.9103 0
    endloop
  endfacet
  facet normal -0.904808 -0.425821 0
    outer loop
      vertex -11.9782 1.1964 0
      vertex -12.152 1.5657 6
      vertex -12.152 1.5657 0
    endloop
  endfacet
  facet normal -0.904808 -0.425821 0
    outer loop
      vertex -12.152 1.5657 6
      vertex -11.9782 1.1964 0
      vertex -11.9782 1.1964 6
    endloop
  endfacet
  facet normal 0.951071 -0.308972 0
    outer loop
      vertex -18.1479 0.808242 6
      vertex -18.0218 1.1964 0
      vertex -18.0218 1.1964 6
    endloop
  endfacet
  facet normal 0.951071 -0.308972 0
    outer loop
      vertex -18.0218 1.1964 0
      vertex -18.1479 0.808242 6
      vertex -18.1479 0.808242 0
    endloop
  endfacet
  facet normal -0.844317 -0.535845 0
    outer loop
      vertex -12.152 1.5657 0
      vertex -12.3707 1.9103 6
      vertex -12.3707 1.9103 0
    endloop
  endfacet
  facet normal -0.844317 -0.535845 0
    outer loop
      vertex -12.3707 1.9103 6
      vertex -12.152 1.5657 0
      vertex -12.152 1.5657 6
    endloop
  endfacet
  facet normal -0.368093 -0.929789 0
    outer loop
      vertex -13.9957 3.09093 0
      vertex -13.6162 2.94069 6
      vertex -13.9957 3.09093 6
    endloop
  endfacet
  facet normal -0.368093 -0.929789 -0
    outer loop
      vertex -13.6162 2.94069 6
      vertex -13.9957 3.09093 0
      vertex -13.6162 2.94069 0
    endloop
  endfacet
  facet normal 0.368093 -0.929789 0
    outer loop
      vertex -16.3838 2.94069 0
      vertex -16.0043 3.09093 6
      vertex -16.3838 2.94069 6
    endloop
  endfacet
  facet normal 0.368093 -0.929789 0
    outer loop
      vertex -16.0043 3.09093 6
      vertex -16.3838 2.94069 0
      vertex -16.0043 3.09093 0
    endloop
  endfacet
  facet normal 0.904808 -0.425821 0
    outer loop
      vertex -18.0218 1.1964 6
      vertex -17.848 1.5657 0
      vertex -17.848 1.5657 6
    endloop
  endfacet
  facet normal 0.904808 -0.425821 0
    outer loop
      vertex -17.848 1.5657 0
      vertex -18.0218 1.1964 6
      vertex -18.0218 1.1964 0
    endloop
  endfacet
  facet normal -0.998031 0.0627242 0
    outer loop
      vertex -11.7756 -0.407332 0
      vertex -11.75 0 6
      vertex -11.75 0 0
    endloop
  endfacet
  facet normal -0.998031 0.0627242 0
    outer loop
      vertex -11.75 0 6
      vertex -11.7756 -0.407332 0
      vertex -11.7756 -0.407332 6
    endloop
  endfacet
  facet normal -0.481806 0.876278 0
    outer loop
      vertex -13.2586 -2.74407 0
      vertex -13.6162 -2.94069 6
      vertex -13.2586 -2.74407 6
    endloop
  endfacet
  facet normal -0.481806 0.876278 0
    outer loop
      vertex -13.6162 -2.94069 6
      vertex -13.2586 -2.74407 0
      vertex -13.6162 -2.94069 0
    endloop
  endfacet
  facet normal -0.125356 -0.992112 0
    outer loop
      vertex -14.7959 3.24359 0
      vertex -14.391 3.19243 6
      vertex -14.7959 3.24359 6
    endloop
  endfacet
  facet normal -0.125356 -0.992112 -0
    outer loop
      vertex -14.391 3.19243 6
      vertex -14.7959 3.24359 0
      vertex -14.391 3.19243 0
    endloop
  endfacet
  facet normal -0.587778 -0.809022 0
    outer loop
      vertex -13.2586 2.74407 0
      vertex -12.9284 2.50417 6
      vertex -13.2586 2.74407 6
    endloop
  endfacet
  facet normal -0.587778 -0.809022 -0
    outer loop
      vertex -12.9284 2.50417 6
      vertex -13.2586 2.74407 0
      vertex -12.9284 2.50417 0
    endloop
  endfacet
  facet normal 0.770466 -0.637481 0
    outer loop
      vertex -17.6293 1.9103 6
      vertex -17.3691 2.22478 0
      vertex -17.3691 2.22478 6
    endloop
  endfacet
  facet normal 0.770466 -0.637481 0
    outer loop
      vertex -17.3691 2.22478 0
      vertex -17.6293 1.9103 6
      vertex -17.6293 1.9103 0
    endloop
  endfacet
  facet normal 0.481806 -0.876278 0
    outer loop
      vertex -16.7414 2.74407 0
      vertex -16.3838 2.94069 6
      vertex -16.7414 2.74407 6
    endloop
  endfacet
  facet normal 0.481806 -0.876278 0
    outer loop
      vertex -16.3838 2.94069 6
      vertex -16.7414 2.74407 0
      vertex -16.3838 2.94069 0
    endloop
  endfacet
  facet normal 0.125356 -0.992112 0
    outer loop
      vertex -15.609 3.19243 0
      vertex -15.2041 3.24359 6
      vertex -15.609 3.19243 6
    endloop
  endfacet
  facet normal 0.125356 -0.992112 0
    outer loop
      vertex -15.2041 3.24359 6
      vertex -15.609 3.19243 0
      vertex -15.2041 3.24359 0
    endloop
  endfacet
  facet normal 0.587778 -0.809022 0
    outer loop
      vertex -17.0716 2.50417 0
      vertex -16.7414 2.74407 6
      vertex -17.0716 2.50417 6
    endloop
  endfacet
  facet normal 0.587778 -0.809022 0
    outer loop
      vertex -16.7414 2.74407 6
      vertex -17.0716 2.50417 0
      vertex -16.7414 2.74407 0
    endloop
  endfacet
  facet normal -0.998031 -0.0627242 0
    outer loop
      vertex -11.75 0 0
      vertex -11.7756 0.407332 6
      vertex -11.7756 0.407332 0
    endloop
  endfacet
  facet normal -0.998031 -0.0627242 0
    outer loop
      vertex -11.7756 0.407332 6
      vertex -11.75 0 0
      vertex -11.75 0 6
    endloop
  endfacet
  facet normal -0.587778 0.809022 0
    outer loop
      vertex -12.9284 -2.50417 0
      vertex -13.2586 -2.74407 6
      vertex -12.9284 -2.50417 6
    endloop
  endfacet
  facet normal -0.587778 0.809022 0
    outer loop
      vertex -13.2586 -2.74407 6
      vertex -12.9284 -2.50417 0
      vertex -13.2586 -2.74407 0
    endloop
  endfacet
  facet normal -0.951071 0.308972 0
    outer loop
      vertex -11.9782 -1.1964 0
      vertex -11.8521 -0.808242 6
      vertex -11.8521 -0.808242 0
    endloop
  endfacet
  facet normal -0.951071 0.308972 0
    outer loop
      vertex -11.8521 -0.808242 6
      vertex -11.9782 -1.1964 0
      vertex -11.9782 -1.1964 6
    endloop
  endfacet
  facet normal 0.2487 0.968581 -0
    outer loop
      vertex -15.609 -3.19243 0
      vertex -16.0043 -3.09093 6
      vertex -15.609 -3.19243 6
    endloop
  endfacet
  facet normal 0.2487 0.968581 0
    outer loop
      vertex -16.0043 -3.09093 6
      vertex -15.609 -3.19243 0
      vertex -16.0043 -3.09093 0
    endloop
  endfacet
  facet normal -0.982277 -0.187434 0
    outer loop
      vertex -11.7756 0.407332 0
      vertex -11.8521 0.808242 6
      vertex -11.8521 0.808242 0
    endloop
  endfacet
  facet normal -0.982277 -0.187434 0
    outer loop
      vertex -11.8521 0.808242 6
      vertex -11.7756 0.407332 0
      vertex -11.7756 0.407332 6
    endloop
  endfacet
  facet normal -0.951071 -0.308972 0
    outer loop
      vertex -11.8521 0.808242 0
      vertex -11.9782 1.1964 6
      vertex -11.9782 1.1964 0
    endloop
  endfacet
  facet normal -0.951071 -0.308972 0
    outer loop
      vertex -11.9782 1.1964 6
      vertex -11.8521 0.808242 0
      vertex -11.8521 0.808242 6
    endloop
  endfacet
  facet normal -0.684572 -0.728946 0
    outer loop
      vertex -12.9284 2.50417 0
      vertex -12.6309 2.22478 6
      vertex -12.9284 2.50417 6
    endloop
  endfacet
  facet normal -0.684572 -0.728946 -0
    outer loop
      vertex -12.6309 2.22478 6
      vertex -12.9284 2.50417 0
      vertex -12.6309 2.22478 0
    endloop
  endfacet
  facet normal 0 -1 0
    outer loop
      vertex -15.2041 3.24359 0
      vertex -14.7959 3.24359 6
      vertex -15.2041 3.24359 6
    endloop
  endfacet
  facet normal 0 -1 -0
    outer loop
      vertex -14.7959 3.24359 6
      vertex -15.2041 3.24359 0
      vertex -14.7959 3.24359 0
    endloop
  endfacet
  facet normal -0.2487 -0.968581 0
    outer loop
      vertex -14.391 3.19243 0
      vertex -13.9957 3.09093 6
      vertex -14.391 3.19243 6
    endloop
  endfacet
  facet normal -0.2487 -0.968581 -0
    outer loop
      vertex -13.9957 3.09093 6
      vertex -14.391 3.19243 0
      vertex -13.9957 3.09093 0
    endloop
  endfacet
  facet normal 0.998031 -0.0627242 0
    outer loop
      vertex -18.25 0 6
      vertex -18.2244 0.407332 0
      vertex -18.2244 0.407332 6
    endloop
  endfacet
  facet normal 0.998031 -0.0627242 0
    outer loop
      vertex -18.2244 0.407332 0
      vertex -18.25 0 6
      vertex -18.25 0 0
    endloop
  endfacet
  facet normal 0.684572 -0.728946 0
    outer loop
      vertex -17.3691 2.22478 0
      vertex -17.0716 2.50417 6
      vertex -17.3691 2.22478 6
    endloop
  endfacet
  facet normal 0.684572 -0.728946 0
    outer loop
      vertex -17.0716 2.50417 6
      vertex -17.3691 2.22478 0
      vertex -17.0716 2.50417 0
    endloop
  endfacet
  facet normal -0.982277 0.187434 0
    outer loop
      vertex -11.8521 -0.808242 0
      vertex -11.7756 -0.407332 6
      vertex -11.7756 -0.407332 0
    endloop
  endfacet
  facet normal -0.982277 0.187434 0
    outer loop
      vertex -11.7756 -0.407332 6
      vertex -11.8521 -0.808242 0
      vertex -11.8521 -0.808242 6
    endloop
  endfacet
  facet normal -0.844317 0.535845 0
    outer loop
      vertex -12.3707 -1.9103 0
      vertex -12.152 -1.5657 6
      vertex -12.152 -1.5657 0
    endloop
  endfacet
  facet normal -0.844317 0.535845 0
    outer loop
      vertex -12.152 -1.5657 6
      vertex -12.3707 -1.9103 0
      vertex -12.3707 -1.9103 6
    endloop
  endfacet
  facet normal -0.904808 0.425821 0
    outer loop
      vertex -12.152 -1.5657 0
      vertex -11.9782 -1.1964 6
      vertex -11.9782 -1.1964 0
    endloop
  endfacet
  facet normal -0.904808 0.425821 0
    outer loop
      vertex -11.9782 -1.1964 6
      vertex -12.152 -1.5657 0
      vertex -12.152 -1.5657 6
    endloop
  endfacet
  facet normal -0.125356 0.992112 0
    outer loop
      vertex -14.391 -3.19243 0
      vertex -14.7959 -3.24359 6
      vertex -14.391 -3.19243 6
    endloop
  endfacet
  facet normal -0.125356 0.992112 0
    outer loop
      vertex -14.7959 -3.24359 6
      vertex -14.391 -3.19243 0
      vertex -14.7959 -3.24359 0
    endloop
  endfacet
  facet normal -0.770466 -0.637481 0
    outer loop
      vertex -12.3707 1.9103 0
      vertex -12.6309 2.22478 6
      vertex -12.6309 2.22478 0
    endloop
  endfacet
  facet normal -0.770466 -0.637481 0
    outer loop
      vertex -12.6309 2.22478 6
      vertex -12.3707 1.9103 0
      vertex -12.3707 1.9103 6
    endloop
  endfacet
  facet normal -0.481806 -0.876278 0
    outer loop
      vertex -13.6162 2.94069 0
      vertex -13.2586 2.74407 6
      vertex -13.6162 2.94069 6
    endloop
  endfacet
  facet normal -0.481806 -0.876278 -0
    outer loop
      vertex -13.2586 2.74407 6
      vertex -13.6162 2.94069 0
      vertex -13.2586 2.74407 0
    endloop
  endfacet
  facet normal 0.982277 -0.187434 0
    outer loop
      vertex -18.2244 0.407332 6
      vertex -18.1479 0.808242 0
      vertex -18.1479 0.808242 6
    endloop
  endfacet
  facet normal 0.982277 -0.187434 0
    outer loop
      vertex -18.1479 0.808242 0
      vertex -18.2244 0.407332 6
      vertex -18.2244 0.407332 0
    endloop
  endfacet
  facet normal 0.844317 -0.535845 0
    outer loop
      vertex -17.848 1.5657 6
      vertex -17.6293 1.9103 0
      vertex -17.6293 1.9103 6
    endloop
  endfacet
  facet normal 0.844317 -0.535845 0
    outer loop
      vertex -17.6293 1.9103 0
      vertex -17.848 1.5657 6
      vertex -17.848 1.5657 0
    endloop
  endfacet
  facet normal 0.2487 -0.968581 0
    outer loop
      vertex -16.0043 3.09093 0
      vertex -15.609 3.19243 6
      vertex -16.0043 3.09093 6
    endloop
  endfacet
  facet normal 0.2487 -0.968581 0
    outer loop
      vertex -15.609 3.19243 6
      vertex -16.0043 3.09093 0
      vertex -15.609 3.19243 0
    endloop
  endfacet
  facet normal 0.125356 0.992112 -0
    outer loop
      vertex -15.2041 -3.24359 0
      vertex -15.609 -3.19243 6
      vertex -15.2041 -3.24359 6
    endloop
  endfacet
  facet normal 0.125356 0.992112 0
    outer loop
      vertex -15.609 -3.19243 6
      vertex -15.2041 -3.24359 0
      vertex -15.609 -3.19243 0
    endloop
  endfacet
  facet normal 0.998031 0.0627242 0
    outer loop
      vertex -18.2244 -0.407332 6
      vertex -18.25 0 0
      vertex -18.25 0 6
    endloop
  endfacet
  facet normal 0.998031 0.0627242 0
    outer loop
      vertex -18.25 0 0
      vertex -18.2244 -0.407332 6
      vertex -18.2244 -0.407332 0
    endloop
  endfacet
  facet normal 0.951071 0.308972 0
    outer loop
      vertex -18.0218 -1.1964 6
      vertex -18.1479 -0.808242 0
      vertex -18.1479 -0.808242 6
    endloop
  endfacet
  facet normal 0.951071 0.308972 0
    outer loop
      vertex -18.1479 -0.808242 0
      vertex -18.0218 -1.1964 6
      vertex -18.0218 -1.1964 0
    endloop
  endfacet
  facet normal 0.770466 0.637481 0
    outer loop
      vertex -17.3691 -2.22478 6
      vertex -17.6293 -1.9103 0
      vertex -17.6293 -1.9103 6
    endloop
  endfacet
  facet normal 0.770466 0.637481 0
    outer loop
      vertex -17.6293 -1.9103 0
      vertex -17.3691 -2.22478 6
      vertex -17.3691 -2.22478 0
    endloop
  endfacet
  facet normal -0.684572 0.728946 0
    outer loop
      vertex -12.6309 -2.22478 0
      vertex -12.9284 -2.50417 6
      vertex -12.6309 -2.22478 6
    endloop
  endfacet
  facet normal -0.684572 0.728946 0
    outer loop
      vertex -12.9284 -2.50417 6
      vertex -12.6309 -2.22478 0
      vertex -12.9284 -2.50417 0
    endloop
  endfacet
  facet normal -0.770466 0.637481 0
    outer loop
      vertex -12.6309 -2.22478 0
      vertex -12.3707 -1.9103 6
      vertex -12.3707 -1.9103 0
    endloop
  endfacet
  facet normal -0.770466 0.637481 0
    outer loop
      vertex -12.3707 -1.9103 6
      vertex -12.6309 -2.22478 0
      vertex -12.6309 -2.22478 6
    endloop
  endfacet
  facet normal 0.587778 0.809022 -0
    outer loop
      vertex -16.7414 -2.74407 0
      vertex -17.0716 -2.50417 6
      vertex -16.7414 -2.74407 6
    endloop
  endfacet
  facet normal 0.587778 0.809022 0
    outer loop
      vertex -17.0716 -2.50417 6
      vertex -16.7414 -2.74407 0
      vertex -17.0716 -2.50417 0
    endloop
  endfacet
  facet normal 0 1 -0
    outer loop
      vertex -14.7959 -3.24359 0
      vertex -15.2041 -3.24359 6
      vertex -14.7959 -3.24359 6
    endloop
  endfacet
  facet normal 0 1 0
    outer loop
      vertex -15.2041 -3.24359 6
      vertex -14.7959 -3.24359 0
      vertex -15.2041 -3.24359 0
    endloop
  endfacet
  facet normal 0.982277 0.187434 0
    outer loop
      vertex -18.1479 -0.808242 6
      vertex -18.2244 -0.407332 0
      vertex -18.2244 -0.407332 6
    endloop
  endfacet
  facet normal 0.982277 0.187434 0
    outer loop
      vertex -18.2244 -0.407332 0
      vertex -18.1479 -0.808242 6
      vertex -18.1479 -0.808242 0
    endloop
  endfacet
  facet normal 0.684572 0.728946 -0
    outer loop
      vertex -17.0716 -2.50417 0
      vertex -17.3691 -2.22478 6
      vertex -17.0716 -2.50417 6
    endloop
  endfacet
  facet normal 0.684572 0.728946 0
    outer loop
      vertex -17.3691 -2.22478 6
      vertex -17.0716 -2.50417 0
      vertex -17.3691 -2.22478 0
    endloop
  endfacet
  facet normal 0.844317 0.535845 0
    outer loop
      vertex -17.6293 -1.9103 6
      vertex -17.848 -1.5657 0
      vertex -17.848 -1.5657 6
    endloop
  endfacet
  facet normal 0.844317 0.535845 0
    outer loop
      vertex -17.848 -1.5657 0
      vertex -17.6293 -1.9103 6
      vertex -17.6293 -1.9103 0
    endloop
  endfacet
  facet normal 0.904808 0.425821 0
    outer loop
      vertex -17.848 -1.5657 6
      vertex -18.0218 -1.1964 0
      vertex -18.0218 -1.1964 6
    endloop
  endfacet
  facet normal 0.904808 0.425821 0
    outer loop
      vertex -18.0218 -1.1964 0
      vertex -17.848 -1.5657 6
      vertex -17.848 -1.5657 0
    endloop
  endfacet
  facet normal -0.2487 0.968581 0
    outer loop
      vertex -13.9957 -3.09093 0
      vertex -14.391 -3.19243 6
      vertex -13.9957 -3.09093 6
    endloop
  endfacet
  facet normal -0.2487 0.968581 0
    outer loop
      vertex -14.391 -3.19243 6
      vertex -13.9957 -3.09093 0
      vertex -14.391 -3.19243 0
    endloop
  endfacet
  facet normal -0.368093 0.929789 0
    outer loop
      vertex -13.6162 -2.94069 0
      vertex -13.9957 -3.09093 6
      vertex -13.6162 -2.94069 6
    endloop
  endfacet
  facet normal -0.368093 0.929789 0
    outer loop
      vertex -13.9957 -3.09093 6
      vertex -13.6162 -2.94069 0
      vertex -13.9957 -3.09093 0
    endloop
  endfacet
  facet normal 0.481806 0.876278 -0
    outer loop
      vertex -16.3838 -2.94069 0
      vertex -16.7414 -2.74407 6
      vertex -16.3838 -2.94069 6
    endloop
  endfacet
  facet normal 0.481806 0.876278 0
    outer loop
      vertex -16.7414 -2.74407 6
      vertex -16.3838 -2.94069 0
      vertex -16.7414 -2.74407 0
    endloop
  endfacet
  facet normal 0.368093 0.929789 -0
    outer loop
      vertex -16.0043 -3.09093 0
      vertex -16.3838 -2.94069 6
      vertex -16.0043 -3.09093 6
    endloop
  endfacet
  facet normal 0.368093 0.929789 0
    outer loop
      vertex -16.3838 -2.94069 6
      vertex -16.0043 -3.09093 0
      vertex -16.3838 -2.94069 0
    endloop
  endfacet
  facet normal -0.998026 -0.0627975 0
    outer loop
      vertex 3.25 0 0
      vertex 3.22437 0.407332 6
      vertex 3.22437 0.407332 0
    endloop
  endfacet
  facet normal -0.998026 -0.0627975 0
    outer loop
      vertex 3.22437 0.407332 6
      vertex 3.25 0 0
      vertex 3.25 0 6
    endloop
  endfacet
  facet normal 0.998026 -0.0627975 0
    outer loop
      vertex -3.25 0 6
      vertex -3.22437 0.407332 0
      vertex -3.22437 0.407332 6
    endloop
  endfacet
  facet normal 0.998026 -0.0627975 0
    outer loop
      vertex -3.22437 0.407332 0
      vertex -3.25 0 6
      vertex -3.25 0 0
    endloop
  endfacet
  facet normal 0 -1 0
    outer loop
      vertex -0.204069 3.24359 0
      vertex 0.204069 3.24359 6
      vertex -0.204069 3.24359 6
    endloop
  endfacet
  facet normal 0 -1 -0
    outer loop
      vertex 0.204069 3.24359 6
      vertex -0.204069 3.24359 0
      vertex 0.204069 3.24359 0
    endloop
  endfacet
  facet normal 0 1 -0
    outer loop
      vertex 0.204069 -3.24359 0
      vertex -0.204069 -3.24359 6
      vertex 0.204069 -3.24359 6
    endloop
  endfacet
  facet normal 0 1 0
    outer loop
      vertex -0.204069 -3.24359 6
      vertex 0.204069 -3.24359 0
      vertex -0.204069 -3.24359 0
    endloop
  endfacet
  facet normal -0.770526 0.637409 0
    outer loop
      vertex 2.36915 -2.22478 0
      vertex 2.6293 -1.9103 6
      vertex 2.6293 -1.9103 0
    endloop
  endfacet
  facet normal -0.770526 0.637409 0
    outer loop
      vertex 2.6293 -1.9103 6
      vertex 2.36915 -2.22478 0
      vertex 2.36915 -2.22478 6
    endloop
  endfacet
  facet normal -0.684547 -0.728968 0
    outer loop
      vertex 2.07163 2.50417 0
      vertex 2.36915 2.22478 6
      vertex 2.07163 2.50417 6
    endloop
  endfacet
  facet normal -0.684547 -0.728968 -0
    outer loop
      vertex 2.36915 2.22478 6
      vertex 2.07163 2.50417 0
      vertex 2.36915 2.22478 0
    endloop
  endfacet
  facet normal 0.684547 -0.728968 0
    outer loop
      vertex -2.36915 2.22478 0
      vertex -2.07163 2.50417 6
      vertex -2.36915 2.22478 6
    endloop
  endfacet
  facet normal 0.684547 -0.728968 0
    outer loop
      vertex -2.07163 2.50417 6
      vertex -2.36915 2.22478 0
      vertex -2.07163 2.50417 0
    endloop
  endfacet
  facet normal 0.36811 -0.929782 0
    outer loop
      vertex -1.38378 2.94069 0
      vertex -1.0043 3.09093 6
      vertex -1.38378 2.94069 6
    endloop
  endfacet
  facet normal 0.36811 -0.929782 0
    outer loop
      vertex -1.0043 3.09093 6
      vertex -1.38378 2.94069 0
      vertex -1.0043 3.09093 0
    endloop
  endfacet
  facet normal -0.904836 -0.42576 0
    outer loop
      vertex 3.02177 1.1964 0
      vertex 2.848 1.5657 6
      vertex 2.848 1.5657 0
    endloop
  endfacet
  facet normal -0.904836 -0.42576 0
    outer loop
      vertex 2.848 1.5657 6
      vertex 3.02177 1.1964 0
      vertex 3.02177 1.1964 6
    endloop
  endfacet
  facet normal -0.844317 -0.535845 0
    outer loop
      vertex 2.848 1.5657 0
      vertex 2.6293 1.9103 6
      vertex 2.6293 1.9103 0
    endloop
  endfacet
  facet normal -0.844317 -0.535845 0
    outer loop
      vertex 2.6293 1.9103 6
      vertex 2.848 1.5657 0
      vertex 2.848 1.5657 6
    endloop
  endfacet
  facet normal -0.36811 -0.929782 0
    outer loop
      vertex 1.0043 3.09093 0
      vertex 1.38378 2.94069 6
      vertex 1.0043 3.09093 6
    endloop
  endfacet
  facet normal -0.36811 -0.929782 -0
    outer loop
      vertex 1.38378 2.94069 6
      vertex 1.0043 3.09093 0
      vertex 1.38378 2.94069 0
    endloop
  endfacet
  facet normal -0.248693 -0.968582 0
    outer loop
      vertex 0.608989 3.19243 0
      vertex 1.0043 3.09093 6
      vertex 0.608989 3.19243 6
    endloop
  endfacet
  facet normal -0.248693 -0.968582 -0
    outer loop
      vertex 1.0043 3.09093 6
      vertex 0.608989 3.19243 0
      vertex 1.0043 3.09093 0
    endloop
  endfacet
  facet normal -0.58779 -0.809014 0
    outer loop
      vertex 1.74144 2.74407 0
      vertex 2.07163 2.50417 6
      vertex 1.74144 2.74407 6
    endloop
  endfacet
  facet normal -0.58779 -0.809014 -0
    outer loop
      vertex 2.07163 2.50417 6
      vertex 1.74144 2.74407 0
      vertex 2.07163 2.50417 0
    endloop
  endfacet
  facet normal 0.904836 -0.42576 0
    outer loop
      vertex -3.02177 1.1964 6
      vertex -2.848 1.5657 0
      vertex -2.848 1.5657 6
    endloop
  endfacet
  facet normal 0.904836 -0.42576 0
    outer loop
      vertex -2.848 1.5657 0
      vertex -3.02177 1.1964 6
      vertex -3.02177 1.1964 0
    endloop
  endfacet
  facet normal 0.770526 -0.637409 0
    outer loop
      vertex -2.6293 1.9103 6
      vertex -2.36915 2.22478 0
      vertex -2.36915 2.22478 6
    endloop
  endfacet
  facet normal 0.770526 -0.637409 0
    outer loop
      vertex -2.36915 2.22478 0
      vertex -2.6293 1.9103 6
      vertex -2.6293 1.9103 0
    endloop
  endfacet
  facet normal 0.951057 -0.309017 0
    outer loop
      vertex -3.14789 0.808242 6
      vertex -3.02177 1.1964 0
      vertex -3.02177 1.1964 6
    endloop
  endfacet
  facet normal 0.951057 -0.309017 0
    outer loop
      vertex -3.02177 1.1964 0
      vertex -3.14789 0.808242 6
      vertex -3.14789 0.808242 0
    endloop
  endfacet
  facet normal 0.481744 -0.876312 0
    outer loop
      vertex -1.74144 2.74407 0
      vertex -1.38378 2.94069 6
      vertex -1.74144 2.74407 6
    endloop
  endfacet
  facet normal 0.481744 -0.876312 0
    outer loop
      vertex -1.38378 2.94069 6
      vertex -1.74144 2.74407 0
      vertex -1.38378 2.94069 0
    endloop
  endfacet
  facet normal 0.125349 -0.992113 0
    outer loop
      vertex -0.608989 3.19243 0
      vertex -0.204069 3.24359 6
      vertex -0.608989 3.19243 6
    endloop
  endfacet
  facet normal 0.125349 -0.992113 0
    outer loop
      vertex -0.204069 3.24359 6
      vertex -0.608989 3.19243 0
      vertex -0.204069 3.24359 0
    endloop
  endfacet
  facet normal -0.125349 0.992113 0
    outer loop
      vertex 0.608989 -3.19243 0
      vertex 0.204069 -3.24359 6
      vertex 0.608989 -3.19243 6
    endloop
  endfacet
  facet normal -0.125349 0.992113 0
    outer loop
      vertex 0.204069 -3.24359 6
      vertex 0.608989 -3.19243 0
      vertex 0.204069 -3.24359 0
    endloop
  endfacet
  facet normal -0.481744 0.876312 0
    outer loop
      vertex 1.74144 -2.74407 0
      vertex 1.38378 -2.94069 6
      vertex 1.74144 -2.74407 6
    endloop
  endfacet
  facet normal -0.481744 0.876312 0
    outer loop
      vertex 1.38378 -2.94069 6
      vertex 1.74144 -2.74407 0
      vertex 1.38378 -2.94069 0
    endloop
  endfacet
  facet normal -0.951057 -0.309017 0
    outer loop
      vertex 3.14789 0.808242 0
      vertex 3.02177 1.1964 6
      vertex 3.02177 1.1964 0
    endloop
  endfacet
  facet normal -0.951057 -0.309017 0
    outer loop
      vertex 3.02177 1.1964 6
      vertex 3.14789 0.808242 0
      vertex 3.14789 0.808242 6
    endloop
  endfacet
  facet normal -0.982286 -0.187387 0
    outer loop
      vertex 3.22437 0.407332 0
      vertex 3.14789 0.808242 6
      vertex 3.14789 0.808242 0
    endloop
  endfacet
  facet normal -0.982286 -0.187387 0
    outer loop
      vertex 3.14789 0.808242 6
      vertex 3.22437 0.407332 0
      vertex 3.22437 0.407332 6
    endloop
  endfacet
  facet normal -0.770526 -0.637409 0
    outer loop
      vertex 2.6293 1.9103 0
      vertex 2.36915 2.22478 6
      vertex 2.36915 2.22478 0
    endloop
  endfacet
  facet normal -0.770526 -0.637409 0
    outer loop
      vertex 2.36915 2.22478 6
      vertex 2.6293 1.9103 0
      vertex 2.6293 1.9103 6
    endloop
  endfacet
  facet normal -0.125349 -0.992113 0
    outer loop
      vertex 0.204069 3.24359 0
      vertex 0.608989 3.19243 6
      vertex 0.204069 3.24359 6
    endloop
  endfacet
  facet normal -0.125349 -0.992113 -0
    outer loop
      vertex 0.608989 3.19243 6
      vertex 0.204069 3.24359 0
      vertex 0.608989 3.19243 0
    endloop
  endfacet
  facet normal -0.481744 -0.876312 0
    outer loop
      vertex 1.38378 2.94069 0
      vertex 1.74144 2.74407 6
      vertex 1.38378 2.94069 6
    endloop
  endfacet
  facet normal -0.481744 -0.876312 -0
    outer loop
      vertex 1.74144 2.74407 6
      vertex 1.38378 2.94069 0
      vertex 1.74144 2.74407 0
    endloop
  endfacet
  facet normal 0.844317 -0.535845 0
    outer loop
      vertex -2.848 1.5657 6
      vertex -2.6293 1.9103 0
      vertex -2.6293 1.9103 6
    endloop
  endfacet
  facet normal 0.844317 -0.535845 0
    outer loop
      vertex -2.6293 1.9103 0
      vertex -2.848 1.5657 6
      vertex -2.848 1.5657 0
    endloop
  endfacet
  facet normal 0.982286 -0.187387 0
    outer loop
      vertex -3.22437 0.407332 6
      vertex -3.14789 0.808242 0
      vertex -3.14789 0.808242 6
    endloop
  endfacet
  facet normal 0.982286 -0.187387 0
    outer loop
      vertex -3.14789 0.808242 0
      vertex -3.22437 0.407332 6
      vertex -3.22437 0.407332 0
    endloop
  endfacet
  facet normal 0.58779 -0.809014 0
    outer loop
      vertex -2.07163 2.50417 0
      vertex -1.74144 2.74407 6
      vertex -2.07163 2.50417 6
    endloop
  endfacet
  facet normal 0.58779 -0.809014 0
    outer loop
      vertex -1.74144 2.74407 6
      vertex -2.07163 2.50417 0
      vertex -1.74144 2.74407 0
    endloop
  endfacet
  facet normal 0.248693 -0.968582 0
    outer loop
      vertex -1.0043 3.09093 0
      vertex -0.608989 3.19243 6
      vertex -1.0043 3.09093 6
    endloop
  endfacet
  facet normal 0.248693 -0.968582 0
    outer loop
      vertex -0.608989 3.19243 6
      vertex -1.0043 3.09093 0
      vertex -0.608989 3.19243 0
    endloop
  endfacet
  facet normal -0.951057 0.309017 0
    outer loop
      vertex 3.02177 -1.1964 0
      vertex 3.14789 -0.808242 6
      vertex 3.14789 -0.808242 0
    endloop
  endfacet
  facet normal -0.951057 0.309017 0
    outer loop
      vertex 3.14789 -0.808242 6
      vertex 3.02177 -1.1964 0
      vertex 3.02177 -1.1964 6
    endloop
  endfacet
  facet normal -0.982286 0.187387 0
    outer loop
      vertex 3.14789 -0.808242 0
      vertex 3.22437 -0.407332 6
      vertex 3.22437 -0.407332 0
    endloop
  endfacet
  facet normal -0.982286 0.187387 0
    outer loop
      vertex 3.22437 -0.407332 6
      vertex 3.14789 -0.808242 0
      vertex 3.14789 -0.808242 6
    endloop
  endfacet
  facet normal 0.904836 0.42576 0
    outer loop
      vertex -2.848 -1.5657 6
      vertex -3.02177 -1.1964 0
      vertex -3.02177 -1.1964 6
    endloop
  endfacet
  facet normal 0.904836 0.42576 0
    outer loop
      vertex -3.02177 -1.1964 0
      vertex -2.848 -1.5657 6
      vertex -2.848 -1.5657 0
    endloop
  endfacet
  facet normal -0.58779 0.809014 0
    outer loop
      vertex 2.07163 -2.50417 0
      vertex 1.74144 -2.74407 6
      vertex 2.07163 -2.50417 6
    endloop
  endfacet
  facet normal -0.58779 0.809014 0
    outer loop
      vertex 1.74144 -2.74407 6
      vertex 2.07163 -2.50417 0
      vertex 1.74144 -2.74407 0
    endloop
  endfacet
  facet normal -0.844317 0.535845 0
    outer loop
      vertex 2.6293 -1.9103 0
      vertex 2.848 -1.5657 6
      vertex 2.848 -1.5657 0
    endloop
  endfacet
  facet normal -0.844317 0.535845 0
    outer loop
      vertex 2.848 -1.5657 6
      vertex 2.6293 -1.9103 0
      vertex 2.6293 -1.9103 6
    endloop
  endfacet
  facet normal -0.998026 0.0627975 0
    outer loop
      vertex 3.22437 -0.407332 0
      vertex 3.25 0 6
      vertex 3.25 0 0
    endloop
  endfacet
  facet normal -0.998026 0.0627975 0
    outer loop
      vertex 3.25 0 6
      vertex 3.22437 -0.407332 0
      vertex 3.22437 -0.407332 6
    endloop
  endfacet
  facet normal 0.951057 0.309017 0
    outer loop
      vertex -3.02177 -1.1964 6
      vertex -3.14789 -0.808242 0
      vertex -3.14789 -0.808242 6
    endloop
  endfacet
  facet normal 0.951057 0.309017 0
    outer loop
      vertex -3.14789 -0.808242 0
      vertex -3.02177 -1.1964 6
      vertex -3.02177 -1.1964 0
    endloop
  endfacet
  facet normal 0.998026 0.0627975 0
    outer loop
      vertex -3.22437 -0.407332 6
      vertex -3.25 0 0
      vertex -3.25 0 6
    endloop
  endfacet
  facet normal 0.998026 0.0627975 0
    outer loop
      vertex -3.25 0 0
      vertex -3.22437 -0.407332 6
      vertex -3.22437 -0.407332 0
    endloop
  endfacet
  facet normal -0.684547 0.728968 0
    outer loop
      vertex 2.36915 -2.22478 0
      vertex 2.07163 -2.50417 6
      vertex 2.36915 -2.22478 6
    endloop
  endfacet
  facet normal -0.684547 0.728968 0
    outer loop
      vertex 2.07163 -2.50417 6
      vertex 2.36915 -2.22478 0
      vertex 2.07163 -2.50417 0
    endloop
  endfacet
  facet normal -0.248693 0.968582 0
    outer loop
      vertex 1.0043 -3.09093 0
      vertex 0.608989 -3.19243 6
      vertex 1.0043 -3.09093 6
    endloop
  endfacet
  facet normal -0.248693 0.968582 0
    outer loop
      vertex 0.608989 -3.19243 6
      vertex 1.0043 -3.09093 0
      vertex 0.608989 -3.19243 0
    endloop
  endfacet
  facet normal -0.904836 0.42576 0
    outer loop
      vertex 2.848 -1.5657 0
      vertex 3.02177 -1.1964 6
      vertex 3.02177 -1.1964 0
    endloop
  endfacet
  facet normal -0.904836 0.42576 0
    outer loop
      vertex 3.02177 -1.1964 6
      vertex 2.848 -1.5657 0
      vertex 2.848 -1.5657 6
    endloop
  endfacet
  facet normal 0.248693 0.968582 -0
    outer loop
      vertex -0.608989 -3.19243 0
      vertex -1.0043 -3.09093 6
      vertex -0.608989 -3.19243 6
    endloop
  endfacet
  facet normal 0.248693 0.968582 0
    outer loop
      vertex -1.0043 -3.09093 6
      vertex -0.608989 -3.19243 0
      vertex -1.0043 -3.09093 0
    endloop
  endfacet
  facet normal 0.770526 0.637409 0
    outer loop
      vertex -2.36915 -2.22478 6
      vertex -2.6293 -1.9103 0
      vertex -2.6293 -1.9103 6
    endloop
  endfacet
  facet normal 0.770526 0.637409 0
    outer loop
      vertex -2.6293 -1.9103 0
      vertex -2.36915 -2.22478 6
      vertex -2.36915 -2.22478 0
    endloop
  endfacet
  facet normal 0.684547 0.728968 -0
    outer loop
      vertex -2.07163 -2.50417 0
      vertex -2.36915 -2.22478 6
      vertex -2.07163 -2.50417 6
    endloop
  endfacet
  facet normal 0.684547 0.728968 0
    outer loop
      vertex -2.36915 -2.22478 6
      vertex -2.07163 -2.50417 0
      vertex -2.36915 -2.22478 0
    endloop
  endfacet
  facet normal 0.982286 0.187387 0
    outer loop
      vertex -3.14789 -0.808242 6
      vertex -3.22437 -0.407332 0
      vertex -3.22437 -0.407332 6
    endloop
  endfacet
  facet normal 0.982286 0.187387 0
    outer loop
      vertex -3.22437 -0.407332 0
      vertex -3.14789 -0.808242 6
      vertex -3.14789 -0.808242 0
    endloop
  endfacet
  facet normal 0.58779 0.809014 -0
    outer loop
      vertex -1.74144 -2.74407 0
      vertex -2.07163 -2.50417 6
      vertex -1.74144 -2.74407 6
    endloop
  endfacet
  facet normal 0.58779 0.809014 0
    outer loop
      vertex -2.07163 -2.50417 6
      vertex -1.74144 -2.74407 0
      vertex -2.07163 -2.50417 0
    endloop
  endfacet
  facet normal 0.125349 0.992113 -0
    outer loop
      vertex -0.204069 -3.24359 0
      vertex -0.608989 -3.19243 6
      vertex -0.204069 -3.24359 6
    endloop
  endfacet
  facet normal 0.125349 0.992113 0
    outer loop
      vertex -0.608989 -3.19243 6
      vertex -0.204069 -3.24359 0
      vertex -0.608989 -3.19243 0
    endloop
  endfacet
  facet normal 0.844317 0.535845 0
    outer loop
      vertex -2.6293 -1.9103 6
      vertex -2.848 -1.5657 0
      vertex -2.848 -1.5657 6
    endloop
  endfacet
  facet normal 0.844317 0.535845 0
    outer loop
      vertex -2.848 -1.5657 0
      vertex -2.6293 -1.9103 6
      vertex -2.6293 -1.9103 0
    endloop
  endfacet
  facet normal -0.36811 0.929782 0
    outer loop
      vertex 1.38378 -2.94069 0
      vertex 1.0043 -3.09093 6
      vertex 1.38378 -2.94069 6
    endloop
  endfacet
  facet normal -0.36811 0.929782 0
    outer loop
      vertex 1.0043 -3.09093 6
      vertex 1.38378 -2.94069 0
      vertex 1.0043 -3.09093 0
    endloop
  endfacet
  facet normal 0.36811 0.929782 -0
    outer loop
      vertex -1.0043 -3.09093 0
      vertex -1.38378 -2.94069 6
      vertex -1.0043 -3.09093 6
    endloop
  endfacet
  facet normal 0.36811 0.929782 0
    outer loop
      vertex -1.38378 -2.94069 6
      vertex -1.0043 -3.09093 0
      vertex -1.38378 -2.94069 0
    endloop
  endfacet
  facet normal 0.481744 0.876312 -0
    outer loop
      vertex -1.38378 -2.94069 0
      vertex -1.74144 -2.74407 6
      vertex -1.38378 -2.94069 6
    endloop
  endfacet
  facet normal 0.481744 0.876312 0
    outer loop
      vertex -1.74144 -2.74407 6
      vertex -1.38378 -2.94069 0
      vertex -1.74144 -2.74407 0
    endloop
  endfacet
  facet normal -0.998031 -0.0627242 0
    outer loop
      vertex 18.25 0 0
      vertex 18.2244 0.407332 6
      vertex 18.2244 0.407332 0
    endloop
  endfacet
  facet normal -0.998031 -0.0627242 0
    outer loop
      vertex 18.2244 0.407332 6
      vertex 18.25 0 0
      vertex 18.25 0 6
    endloop
  endfacet
  facet normal 0 -1 0
    outer loop
      vertex 14.7959 3.24359 0
      vertex 15.2041 3.24359 6
      vertex 14.7959 3.24359 6
    endloop
  endfacet
  facet normal 0 -1 -0
    outer loop
      vertex 15.2041 3.24359 6
      vertex 14.7959 3.24359 0
      vertex 15.2041 3.24359 0
    endloop
  endfacet
  facet normal -0.684572 -0.728946 0
    outer loop
      vertex 17.0716 2.50417 0
      vertex 17.3691 2.22478 6
      vertex 17.0716 2.50417 6
    endloop
  endfacet
  facet normal -0.684572 -0.728946 -0
    outer loop
      vertex 17.3691 2.22478 6
      vertex 17.0716 2.50417 0
      vertex 17.3691 2.22478 0
    endloop
  endfacet
  facet normal 0.770466 -0.637481 0
    outer loop
      vertex 12.3707 1.9103 6
      vertex 12.6309 2.22478 0
      vertex 12.6309 2.22478 6
    endloop
  endfacet
  facet normal 0.770466 -0.637481 0
    outer loop
      vertex 12.6309 2.22478 0
      vertex 12.3707 1.9103 6
      vertex 12.3707 1.9103 0
    endloop
  endfacet
  facet normal 0.481806 -0.876278 0
    outer loop
      vertex 13.2586 2.74407 0
      vertex 13.6162 2.94069 6
      vertex 13.2586 2.74407 6
    endloop
  endfacet
  facet normal 0.481806 -0.876278 0
    outer loop
      vertex 13.6162 2.94069 6
      vertex 13.2586 2.74407 0
      vertex 13.6162 2.94069 0
    endloop
  endfacet
  facet normal -0.904808 -0.425821 0
    outer loop
      vertex 18.0218 1.1964 0
      vertex 17.848 1.5657 6
      vertex 17.848 1.5657 0
    endloop
  endfacet
  facet normal -0.904808 -0.425821 0
    outer loop
      vertex 17.848 1.5657 6
      vertex 18.0218 1.1964 0
      vertex 18.0218 1.1964 6
    endloop
  endfacet
  facet normal -0.844317 -0.535845 0
    outer loop
      vertex 17.848 1.5657 0
      vertex 17.6293 1.9103 6
      vertex 17.6293 1.9103 0
    endloop
  endfacet
  facet normal -0.844317 -0.535845 0
    outer loop
      vertex 17.6293 1.9103 6
      vertex 17.848 1.5657 0
      vertex 17.848 1.5657 6
    endloop
  endfacet
  facet normal -0.368093 -0.929789 0
    outer loop
      vertex 16.0043 3.09093 0
      vertex 16.3838 2.94069 6
      vertex 16.0043 3.09093 6
    endloop
  endfacet
  facet normal -0.368093 -0.929789 -0
    outer loop
      vertex 16.3838 2.94069 6
      vertex 16.0043 3.09093 0
      vertex 16.3838 2.94069 0
    endloop
  endfacet
  facet normal -0.2487 -0.968581 0
    outer loop
      vertex 15.609 3.19243 0
      vertex 16.0043 3.09093 6
      vertex 15.609 3.19243 6
    endloop
  endfacet
  facet normal -0.2487 -0.968581 -0
    outer loop
      vertex 16.0043 3.09093 6
      vertex 15.609 3.19243 0
      vertex 16.0043 3.09093 0
    endloop
  endfacet
  facet normal -0.587778 -0.809022 0
    outer loop
      vertex 16.7414 2.74407 0
      vertex 17.0716 2.50417 6
      vertex 16.7414 2.74407 6
    endloop
  endfacet
  facet normal -0.587778 -0.809022 -0
    outer loop
      vertex 17.0716 2.50417 6
      vertex 16.7414 2.74407 0
      vertex 17.0716 2.50417 0
    endloop
  endfacet
  facet normal 0.951071 -0.308972 0
    outer loop
      vertex 11.8521 0.808242 6
      vertex 11.9782 1.1964 0
      vertex 11.9782 1.1964 6
    endloop
  endfacet
  facet normal 0.951071 -0.308972 0
    outer loop
      vertex 11.9782 1.1964 0
      vertex 11.8521 0.808242 6
      vertex 11.8521 0.808242 0
    endloop
  endfacet
  facet normal 0.904808 -0.425821 0
    outer loop
      vertex 11.9782 1.1964 6
      vertex 12.152 1.5657 0
      vertex 12.152 1.5657 6
    endloop
  endfacet
  facet normal 0.904808 -0.425821 0
    outer loop
      vertex 12.152 1.5657 0
      vertex 11.9782 1.1964 6
      vertex 11.9782 1.1964 0
    endloop
  endfacet
  facet normal 0.587778 -0.809022 0
    outer loop
      vertex 12.9284 2.50417 0
      vertex 13.2586 2.74407 6
      vertex 12.9284 2.50417 6
    endloop
  endfacet
  facet normal 0.587778 -0.809022 0
    outer loop
      vertex 13.2586 2.74407 6
      vertex 12.9284 2.50417 0
      vertex 13.2586 2.74407 0
    endloop
  endfacet
  facet normal 0.2487 -0.968581 0
    outer loop
      vertex 13.9957 3.09093 0
      vertex 14.391 3.19243 6
      vertex 13.9957 3.09093 6
    endloop
  endfacet
  facet normal 0.2487 -0.968581 0
    outer loop
      vertex 14.391 3.19243 6
      vertex 13.9957 3.09093 0
      vertex 14.391 3.19243 0
    endloop
  endfacet
  facet normal -0.368093 0.929789 0
    outer loop
      vertex 16.3838 -2.94069 0
      vertex 16.0043 -3.09093 6
      vertex 16.3838 -2.94069 6
    endloop
  endfacet
  facet normal -0.368093 0.929789 0
    outer loop
      vertex 16.0043 -3.09093 6
      vertex 16.3838 -2.94069 0
      vertex 16.0043 -3.09093 0
    endloop
  endfacet
  facet normal -0.770466 0.637481 0
    outer loop
      vertex 17.3691 -2.22478 0
      vertex 17.6293 -1.9103 6
      vertex 17.6293 -1.9103 0
    endloop
  endfacet
  facet normal -0.770466 0.637481 0
    outer loop
      vertex 17.6293 -1.9103 6
      vertex 17.3691 -2.22478 0
      vertex 17.3691 -2.22478 6
    endloop
  endfacet
  facet normal -0.587778 0.809022 0
    outer loop
      vertex 17.0716 -2.50417 0
      vertex 16.7414 -2.74407 6
      vertex 17.0716 -2.50417 6
    endloop
  endfacet
  facet normal -0.587778 0.809022 0
    outer loop
      vertex 16.7414 -2.74407 6
      vertex 17.0716 -2.50417 0
      vertex 16.7414 -2.74407 0
    endloop
  endfacet
  facet normal 0.587778 0.809022 -0
    outer loop
      vertex 13.2586 -2.74407 0
      vertex 12.9284 -2.50417 6
      vertex 13.2586 -2.74407 6
    endloop
  endfacet
  facet normal 0.587778 0.809022 0
    outer loop
      vertex 12.9284 -2.50417 6
      vertex 13.2586 -2.74407 0
      vertex 12.9284 -2.50417 0
    endloop
  endfacet
  facet normal 0.2487 0.968581 -0
    outer loop
      vertex 14.391 -3.19243 0
      vertex 13.9957 -3.09093 6
      vertex 14.391 -3.19243 6
    endloop
  endfacet
  facet normal 0.2487 0.968581 0
    outer loop
      vertex 13.9957 -3.09093 6
      vertex 14.391 -3.19243 0
      vertex 13.9957 -3.09093 0
    endloop
  endfacet
  facet normal 0.844317 0.535845 0
    outer loop
      vertex 12.3707 -1.9103 6
      vertex 12.152 -1.5657 0
      vertex 12.152 -1.5657 6
    endloop
  endfacet
  facet normal 0.844317 0.535845 0
    outer loop
      vertex 12.152 -1.5657 0
      vertex 12.3707 -1.9103 6
      vertex 12.3707 -1.9103 0
    endloop
  endfacet
  facet normal 0.770466 0.637481 0
    outer loop
      vertex 12.6309 -2.22478 6
      vertex 12.3707 -1.9103 0
      vertex 12.3707 -1.9103 6
    endloop
  endfacet
  facet normal 0.770466 0.637481 0
    outer loop
      vertex 12.3707 -1.9103 0
      vertex 12.6309 -2.22478 6
      vertex 12.6309 -2.22478 0
    endloop
  endfacet
  facet normal -0.951071 -0.308972 0
    outer loop
      vertex 18.1479 0.808242 0
      vertex 18.0218 1.1964 6
      vertex 18.0218 1.1964 0
    endloop
  endfacet
  facet normal -0.951071 -0.308972 0
    outer loop
      vertex 18.0218 1.1964 6
      vertex 18.1479 0.808242 0
      vertex 18.1479 0.808242 6
    endloop
  endfacet
  facet normal -0.982277 -0.187434 0
    outer loop
      vertex 18.2244 0.407332 0
      vertex 18.1479 0.808242 6
      vertex 18.1479 0.808242 0
    endloop
  endfacet
  facet normal -0.982277 -0.187434 0
    outer loop
      vertex 18.1479 0.808242 6
      vertex 18.2244 0.407332 0
      vertex 18.2244 0.407332 6
    endloop
  endfacet
  facet normal -0.770466 -0.637481 0
    outer loop
      vertex 17.6293 1.9103 0
      vertex 17.3691 2.22478 6
      vertex 17.3691 2.22478 0
    endloop
  endfacet
  facet normal -0.770466 -0.637481 0
    outer loop
      vertex 17.3691 2.22478 6
      vertex 17.6293 1.9103 0
      vertex 17.6293 1.9103 6
    endloop
  endfacet
  facet normal -0.125356 -0.992112 0
    outer loop
      vertex 15.2041 3.24359 0
      vertex 15.609 3.19243 6
      vertex 15.2041 3.24359 6
    endloop
  endfacet
  facet normal -0.125356 -0.992112 -0
    outer loop
      vertex 15.609 3.19243 6
      vertex 15.2041 3.24359 0
      vertex 15.609 3.19243 0
    endloop
  endfacet
  facet normal -0.481806 -0.876278 0
    outer loop
      vertex 16.3838 2.94069 0
      vertex 16.7414 2.74407 6
      vertex 16.3838 2.94069 6
    endloop
  endfacet
  facet normal -0.481806 -0.876278 -0
    outer loop
      vertex 16.7414 2.74407 6
      vertex 16.3838 2.94069 0
      vertex 16.7414 2.74407 0
    endloop
  endfacet
  facet normal 0.982277 -0.187434 0
    outer loop
      vertex 11.7756 0.407332 6
      vertex 11.8521 0.808242 0
      vertex 11.8521 0.808242 6
    endloop
  endfacet
  facet normal 0.982277 -0.187434 0
    outer loop
      vertex 11.8521 0.808242 0
      vertex 11.7756 0.407332 6
      vertex 11.7756 0.407332 0
    endloop
  endfacet
  facet normal 0.998031 -0.0627242 0
    outer loop
      vertex 11.75 0 6
      vertex 11.7756 0.407332 0
      vertex 11.7756 0.407332 6
    endloop
  endfacet
  facet normal 0.998031 -0.0627242 0
    outer loop
      vertex 11.7756 0.407332 0
      vertex 11.75 0 6
      vertex 11.75 0 0
    endloop
  endfacet
  facet normal 0.998031 0.0627242 0
    outer loop
      vertex 11.7756 -0.407332 6
      vertex 11.75 0 0
      vertex 11.75 0 6
    endloop
  endfacet
  facet normal 0.998031 0.0627242 0
    outer loop
      vertex 11.75 0 0
      vertex 11.7756 -0.407332 6
      vertex 11.7756 -0.407332 0
    endloop
  endfacet
  facet normal 0.125356 -0.992112 0
    outer loop
      vertex 14.391 3.19243 0
      vertex 14.7959 3.24359 6
      vertex 14.391 3.19243 6
    endloop
  endfacet
  facet normal 0.125356 -0.992112 0
    outer loop
      vertex 14.7959 3.24359 6
      vertex 14.391 3.19243 0
      vertex 14.7959 3.24359 0
    endloop
  endfacet
  facet normal -0.998031 0.0627242 0
    outer loop
      vertex 18.2244 -0.407332 0
      vertex 18.25 0 6
      vertex 18.25 0 0
    endloop
  endfacet
  facet normal -0.998031 0.0627242 0
    outer loop
      vertex 18.25 0 6
      vertex 18.2244 -0.407332 0
      vertex 18.2244 -0.407332 6
    endloop
  endfacet
  facet normal -0.125356 0.992112 0
    outer loop
      vertex 15.609 -3.19243 0
      vertex 15.2041 -3.24359 6
      vertex 15.609 -3.19243 6
    endloop
  endfacet
  facet normal -0.125356 0.992112 0
    outer loop
      vertex 15.2041 -3.24359 6
      vertex 15.609 -3.19243 0
      vertex 15.2041 -3.24359 0
    endloop
  endfacet
  facet normal -0.684572 0.728946 0
    outer loop
      vertex 17.3691 -2.22478 0
      vertex 17.0716 -2.50417 6
      vertex 17.3691 -2.22478 6
    endloop
  endfacet
  facet normal -0.684572 0.728946 0
    outer loop
      vertex 17.0716 -2.50417 6
      vertex 17.3691 -2.22478 0
      vertex 17.0716 -2.50417 0
    endloop
  endfacet
  facet normal -0.951071 0.308972 0
    outer loop
      vertex 18.0218 -1.1964 0
      vertex 18.1479 -0.808242 6
      vertex 18.1479 -0.808242 0
    endloop
  endfacet
  facet normal -0.951071 0.308972 0
    outer loop
      vertex 18.1479 -0.808242 6
      vertex 18.0218 -1.1964 0
      vertex 18.0218 -1.1964 6
    endloop
  endfacet
  facet normal -0.844317 0.535845 0
    outer loop
      vertex 17.6293 -1.9103 0
      vertex 17.848 -1.5657 6
      vertex 17.848 -1.5657 0
    endloop
  endfacet
  facet normal -0.844317 0.535845 0
    outer loop
      vertex 17.848 -1.5657 6
      vertex 17.6293 -1.9103 0
      vertex 17.6293 -1.9103 6
    endloop
  endfacet
  facet normal 0.481806 0.876278 -0
    outer loop
      vertex 13.6162 -2.94069 0
      vertex 13.2586 -2.74407 6
      vertex 13.6162 -2.94069 6
    endloop
  endfacet
  facet normal 0.481806 0.876278 0
    outer loop
      vertex 13.2586 -2.74407 6
      vertex 13.6162 -2.94069 0
      vertex 13.2586 -2.74407 0
    endloop
  endfacet
  facet normal 0.368093 0.929789 -0
    outer loop
      vertex 13.9957 -3.09093 0
      vertex 13.6162 -2.94069 6
      vertex 13.9957 -3.09093 6
    endloop
  endfacet
  facet normal 0.368093 0.929789 0
    outer loop
      vertex 13.6162 -2.94069 6
      vertex 13.9957 -3.09093 0
      vertex 13.6162 -2.94069 0
    endloop
  endfacet
  facet normal 0.125356 0.992112 -0
    outer loop
      vertex 14.7959 -3.24359 0
      vertex 14.391 -3.19243 6
      vertex 14.7959 -3.24359 6
    endloop
  endfacet
  facet normal 0.125356 0.992112 0
    outer loop
      vertex 14.391 -3.19243 6
      vertex 14.7959 -3.24359 0
      vertex 14.391 -3.19243 0
    endloop
  endfacet
  facet normal 0.684572 0.728946 -0
    outer loop
      vertex 12.9284 -2.50417 0
      vertex 12.6309 -2.22478 6
      vertex 12.9284 -2.50417 6
    endloop
  endfacet
  facet normal 0.684572 0.728946 0
    outer loop
      vertex 12.6309 -2.22478 6
      vertex 12.9284 -2.50417 0
      vertex 12.6309 -2.22478 0
    endloop
  endfacet
  facet normal 0.904808 0.425821 0
    outer loop
      vertex 12.152 -1.5657 6
      vertex 11.9782 -1.1964 0
      vertex 11.9782 -1.1964 6
    endloop
  endfacet
  facet normal 0.904808 0.425821 0
    outer loop
      vertex 11.9782 -1.1964 0
      vertex 12.152 -1.5657 6
      vertex 12.152 -1.5657 0
    endloop
  endfacet
  facet normal 0.982277 0.187434 0
    outer loop
      vertex 11.8521 -0.808242 6
      vertex 11.7756 -0.407332 0
      vertex 11.7756 -0.407332 6
    endloop
  endfacet
  facet normal 0.982277 0.187434 0
    outer loop
      vertex 11.7756 -0.407332 0
      vertex 11.8521 -0.808242 6
      vertex 11.8521 -0.808242 0
    endloop
  endfacet
  facet normal 0.844317 -0.535845 0
    outer loop
      vertex 12.152 1.5657 6
      vertex 12.3707 1.9103 0
      vertex 12.3707 1.9103 6
    endloop
  endfacet
  facet normal 0.844317 -0.535845 0
    outer loop
      vertex 12.3707 1.9103 0
      vertex 12.152 1.5657 6
      vertex 12.152 1.5657 0
    endloop
  endfacet
  facet normal 0.684572 -0.728946 0
    outer loop
      vertex 12.6309 2.22478 0
      vertex 12.9284 2.50417 6
      vertex 12.6309 2.22478 6
    endloop
  endfacet
  facet normal 0.684572 -0.728946 0
    outer loop
      vertex 12.9284 2.50417 6
      vertex 12.6309 2.22478 0
      vertex 12.9284 2.50417 0
    endloop
  endfacet
  facet normal 0.368093 -0.929789 0
    outer loop
      vertex 13.6162 2.94069 0
      vertex 13.9957 3.09093 6
      vertex 13.6162 2.94069 6
    endloop
  endfacet
  facet normal 0.368093 -0.929789 0
    outer loop
      vertex 13.9957 3.09093 6
      vertex 13.6162 2.94069 0
      vertex 13.9957 3.09093 0
    endloop
  endfacet
  facet normal -0.2487 0.968581 0
    outer loop
      vertex 16.0043 -3.09093 0
      vertex 15.609 -3.19243 6
      vertex 16.0043 -3.09093 6
    endloop
  endfacet
  facet normal -0.2487 0.968581 0
    outer loop
      vertex 15.609 -3.19243 6
      vertex 16.0043 -3.09093 0
      vertex 15.609 -3.19243 0
    endloop
  endfacet
  facet normal -0.481806 0.876278 0
    outer loop
      vertex 16.7414 -2.74407 0
      vertex 16.3838 -2.94069 6
      vertex 16.7414 -2.74407 6
    endloop
  endfacet
  facet normal -0.481806 0.876278 0
    outer loop
      vertex 16.3838 -2.94069 6
      vertex 16.7414 -2.74407 0
      vertex 16.3838 -2.94069 0
    endloop
  endfacet
  facet normal -0.982277 0.187434 0
    outer loop
      vertex 18.1479 -0.808242 0
      vertex 18.2244 -0.407332 6
      vertex 18.2244 -0.407332 0
    endloop
  endfacet
  facet normal -0.982277 0.187434 0
    outer loop
      vertex 18.2244 -0.407332 6
      vertex 18.1479 -0.808242 0
      vertex 18.1479 -0.808242 6
    endloop
  endfacet
  facet normal -0.904808 0.425821 0
    outer loop
      vertex 17.848 -1.5657 0
      vertex 18.0218 -1.1964 6
      vertex 18.0218 -1.1964 0
    endloop
  endfacet
  facet normal -0.904808 0.425821 0
    outer loop
      vertex 18.0218 -1.1964 6
      vertex 17.848 -1.5657 0
      vertex 17.848 -1.5657 6
    endloop
  endfacet
  facet normal 0 1 -0
    outer loop
      vertex 15.2041 -3.24359 0
      vertex 14.7959 -3.24359 6
      vertex 15.2041 -3.24359 6
    endloop
  endfacet
  facet normal 0 1 0
    outer loop
      vertex 14.7959 -3.24359 6
      vertex 15.2041 -3.24359 0
      vertex 14.7959 -3.24359 0
    endloop
  endfacet
  facet normal 0.951071 0.308972 0
    outer loop
      vertex 11.9782 -1.1964 6
      vertex 11.8521 -0.808242 0
      vertex 11.8521 -0.808242 6
    endloop
  endfacet
  facet normal 0.951071 0.308972 0
    outer loop
      vertex 11.8521 -0.808242 0
      vertex 11.9782 -1.1964 6
      vertex 11.9782 -1.1964 0
    endloop
  endfacet
  facet normal -0.587778 -0.809022 0
    outer loop
      vertex 31.7414 2.74407 0
      vertex 32.0716 2.50417 6
      vertex 31.7414 2.74407 6
    endloop
  endfacet
  facet normal -0.587778 -0.809022 -0
    outer loop
      vertex 32.0716 2.50417 6
      vertex 31.7414 2.74407 0
      vertex 32.0716 2.50417 0
    endloop
  endfacet
  facet normal -0.982277 0.187434 0
    outer loop
      vertex 33.1479 -0.808242 0
      vertex 33.2244 -0.407332 6
      vertex 33.2244 -0.407332 0
    endloop
  endfacet
  facet normal -0.982277 0.187434 0
    outer loop
      vertex 33.2244 -0.407332 6
      vertex 33.1479 -0.808242 0
      vertex 33.1479 -0.808242 6
    endloop
  endfacet
  facet normal 0.2487 0.968581 -0
    outer loop
      vertex 29.391 -3.19243 0
      vertex 28.9957 -3.09093 6
      vertex 29.391 -3.19243 6
    endloop
  endfacet
  facet normal 0.2487 0.968581 0
    outer loop
      vertex 28.9957 -3.09093 6
      vertex 29.391 -3.19243 0
      vertex 28.9957 -3.09093 0
    endloop
  endfacet
  facet normal 0.481806 -0.876278 0
    outer loop
      vertex 28.2586 2.74407 0
      vertex 28.6162 2.94069 6
      vertex 28.2586 2.74407 6
    endloop
  endfacet
  facet normal 0.481806 -0.876278 0
    outer loop
      vertex 28.6162 2.94069 6
      vertex 28.2586 2.74407 0
      vertex 28.6162 2.94069 0
    endloop
  endfacet
  facet normal 0.951071 -0.308972 0
    outer loop
      vertex 26.8521 0.808242 6
      vertex 26.9782 1.1964 0
      vertex 26.9782 1.1964 6
    endloop
  endfacet
  facet normal 0.951071 -0.308972 0
    outer loop
      vertex 26.9782 1.1964 0
      vertex 26.8521 0.808242 6
      vertex 26.8521 0.808242 0
    endloop
  endfacet
  facet normal -0.904808 -0.425821 0
    outer loop
      vertex 33.0218 1.1964 0
      vertex 32.848 1.5657 6
      vertex 32.848 1.5657 0
    endloop
  endfacet
  facet normal -0.904808 -0.425821 0
    outer loop
      vertex 32.848 1.5657 6
      vertex 33.0218 1.1964 0
      vertex 33.0218 1.1964 6
    endloop
  endfacet
  facet normal -0.844317 -0.535845 0
    outer loop
      vertex 32.848 1.5657 0
      vertex 32.6293 1.9103 6
      vertex 32.6293 1.9103 0
    endloop
  endfacet
  facet normal -0.844317 -0.535845 0
    outer loop
      vertex 32.6293 1.9103 6
      vertex 32.848 1.5657 0
      vertex 32.848 1.5657 6
    endloop
  endfacet
  facet normal -0.368093 -0.929789 0
    outer loop
      vertex 31.0043 3.09093 0
      vertex 31.3838 2.94069 6
      vertex 31.0043 3.09093 6
    endloop
  endfacet
  facet normal -0.368093 -0.929789 -0
    outer loop
      vertex 31.3838 2.94069 6
      vertex 31.0043 3.09093 0
      vertex 31.3838 2.94069 0
    endloop
  endfacet
  facet normal -0.2487 -0.968581 0
    outer loop
      vertex 30.609 3.19243 0
      vertex 31.0043 3.09093 6
      vertex 30.609 3.19243 6
    endloop
  endfacet
  facet normal -0.2487 -0.968581 -0
    outer loop
      vertex 31.0043 3.09093 6
      vertex 30.609 3.19243 0
      vertex 31.0043 3.09093 0
    endloop
  endfacet
  facet normal -0.125356 -0.992112 0
    outer loop
      vertex 30.2041 3.24359 0
      vertex 30.609 3.19243 6
      vertex 30.2041 3.24359 6
    endloop
  endfacet
  facet normal -0.125356 -0.992112 -0
    outer loop
      vertex 30.609 3.19243 6
      vertex 30.2041 3.24359 0
      vertex 30.609 3.19243 0
    endloop
  endfacet
  facet normal 0.998031 0.0627242 0
    outer loop
      vertex 26.7756 -0.407332 6
      vertex 26.75 0 0
      vertex 26.75 0 6
    endloop
  endfacet
  facet normal 0.998031 0.0627242 0
    outer loop
      vertex 26.75 0 0
      vertex 26.7756 -0.407332 6
      vertex 26.7756 -0.407332 0
    endloop
  endfacet
  facet normal 0.844317 -0.535845 0
    outer loop
      vertex 27.152 1.5657 6
      vertex 27.3707 1.9103 0
      vertex 27.3707 1.9103 6
    endloop
  endfacet
  facet normal 0.844317 -0.535845 0
    outer loop
      vertex 27.3707 1.9103 0
      vertex 27.152 1.5657 6
      vertex 27.152 1.5657 0
    endloop
  endfacet
  facet normal 0.587778 -0.809022 0
    outer loop
      vertex 27.9284 2.50417 0
      vertex 28.2586 2.74407 6
      vertex 27.9284 2.50417 6
    endloop
  endfacet
  facet normal 0.587778 -0.809022 0
    outer loop
      vertex 28.2586 2.74407 6
      vertex 27.9284 2.50417 0
      vertex 28.2586 2.74407 0
    endloop
  endfacet
  facet normal 0.2487 -0.968581 0
    outer loop
      vertex 28.9957 3.09093 0
      vertex 29.391 3.19243 6
      vertex 28.9957 3.09093 6
    endloop
  endfacet
  facet normal 0.2487 -0.968581 0
    outer loop
      vertex 29.391 3.19243 6
      vertex 28.9957 3.09093 0
      vertex 29.391 3.19243 0
    endloop
  endfacet
  facet normal -0.998031 -0.0627242 0
    outer loop
      vertex 33.25 0 0
      vertex 33.2244 0.407332 6
      vertex 33.2244 0.407332 0
    endloop
  endfacet
  facet normal -0.998031 -0.0627242 0
    outer loop
      vertex 33.2244 0.407332 6
      vertex 33.25 0 0
      vertex 33.25 0 6
    endloop
  endfacet
  facet normal -0.951071 0.308972 0
    outer loop
      vertex 33.0218 -1.1964 0
      vertex 33.1479 -0.808242 6
      vertex 33.1479 -0.808242 0
    endloop
  endfacet
  facet normal -0.951071 0.308972 0
    outer loop
      vertex 33.1479 -0.808242 6
      vertex 33.0218 -1.1964 0
      vertex 33.0218 -1.1964 6
    endloop
  endfacet
  facet normal -0.481806 0.876278 0
    outer loop
      vertex 31.7414 -2.74407 0
      vertex 31.3838 -2.94069 6
      vertex 31.7414 -2.74407 6
    endloop
  endfacet
  facet normal -0.481806 0.876278 0
    outer loop
      vertex 31.3838 -2.94069 6
      vertex 31.7414 -2.74407 0
      vertex 31.3838 -2.94069 0
    endloop
  endfacet
  facet normal -0.587778 0.809022 0
    outer loop
      vertex 32.0716 -2.50417 0
      vertex 31.7414 -2.74407 6
      vertex 32.0716 -2.50417 6
    endloop
  endfacet
  facet normal -0.587778 0.809022 0
    outer loop
      vertex 31.7414 -2.74407 6
      vertex 32.0716 -2.50417 0
      vertex 31.7414 -2.74407 0
    endloop
  endfacet
  facet normal 0.125356 0.992112 -0
    outer loop
      vertex 29.7959 -3.24359 0
      vertex 29.391 -3.19243 6
      vertex 29.7959 -3.24359 6
    endloop
  endfacet
  facet normal 0.125356 0.992112 0
    outer loop
      vertex 29.391 -3.19243 6
      vertex 29.7959 -3.24359 0
      vertex 29.391 -3.19243 0
    endloop
  endfacet
  facet normal 0.587778 0.809022 -0
    outer loop
      vertex 28.2586 -2.74407 0
      vertex 27.9284 -2.50417 6
      vertex 28.2586 -2.74407 6
    endloop
  endfacet
  facet normal 0.587778 0.809022 0
    outer loop
      vertex 27.9284 -2.50417 6
      vertex 28.2586 -2.74407 0
      vertex 27.9284 -2.50417 0
    endloop
  endfacet
  facet normal 0.844317 0.535845 0
    outer loop
      vertex 27.3707 -1.9103 6
      vertex 27.152 -1.5657 0
      vertex 27.152 -1.5657 6
    endloop
  endfacet
  facet normal 0.844317 0.535845 0
    outer loop
      vertex 27.152 -1.5657 0
      vertex 27.3707 -1.9103 6
      vertex 27.3707 -1.9103 0
    endloop
  endfacet
  facet normal -0.982277 -0.187434 0
    outer loop
      vertex 33.2244 0.407332 0
      vertex 33.1479 0.808242 6
      vertex 33.1479 0.808242 0
    endloop
  endfacet
  facet normal -0.982277 -0.187434 0
    outer loop
      vertex 33.1479 0.808242 6
      vertex 33.2244 0.407332 0
      vertex 33.2244 0.407332 6
    endloop
  endfacet
  facet normal -0.951071 -0.308972 0
    outer loop
      vertex 33.1479 0.808242 0
      vertex 33.0218 1.1964 6
      vertex 33.0218 1.1964 0
    endloop
  endfacet
  facet normal -0.951071 -0.308972 0
    outer loop
      vertex 33.0218 1.1964 6
      vertex 33.1479 0.808242 0
      vertex 33.1479 0.808242 6
    endloop
  endfacet
  facet normal -0.770466 -0.637481 0
    outer loop
      vertex 32.6293 1.9103 0
      vertex 32.3691 2.22478 6
      vertex 32.3691 2.22478 0
    endloop
  endfacet
  facet normal -0.770466 -0.637481 0
    outer loop
      vertex 32.3691 2.22478 6
      vertex 32.6293 1.9103 0
      vertex 32.6293 1.9103 6
    endloop
  endfacet
  facet normal -0.684572 -0.728946 0
    outer loop
      vertex 32.0716 2.50417 0
      vertex 32.3691 2.22478 6
      vertex 32.0716 2.50417 6
    endloop
  endfacet
  facet normal -0.684572 -0.728946 -0
    outer loop
      vertex 32.3691 2.22478 6
      vertex 32.0716 2.50417 0
      vertex 32.3691 2.22478 0
    endloop
  endfacet
  facet normal 0 -1 0
    outer loop
      vertex 29.7959 3.24359 0
      vertex 30.2041 3.24359 6
      vertex 29.7959 3.24359 6
    endloop
  endfacet
  facet normal 0 -1 -0
    outer loop
      vertex 30.2041 3.24359 6
      vertex 29.7959 3.24359 0
      vertex 30.2041 3.24359 0
    endloop
  endfacet
  facet normal -0.481806 -0.876278 0
    outer loop
      vertex 31.3838 2.94069 0
      vertex 31.7414 2.74407 6
      vertex 31.3838 2.94069 6
    endloop
  endfacet
  facet normal -0.481806 -0.876278 -0
    outer loop
      vertex 31.7414 2.74407 6
      vertex 31.3838 2.94069 0
      vertex 31.7414 2.74407 0
    endloop
  endfacet
  facet normal 0.982277 -0.187434 0
    outer loop
      vertex 26.7756 0.407332 6
      vertex 26.8521 0.808242 0
      vertex 26.8521 0.808242 6
    endloop
  endfacet
  facet normal 0.982277 -0.187434 0
    outer loop
      vertex 26.8521 0.808242 0
      vertex 26.7756 0.407332 6
      vertex 26.7756 0.407332 0
    endloop
  endfacet
  facet normal 0.998031 -0.0627242 0
    outer loop
      vertex 26.75 0 6
      vertex 26.7756 0.407332 0
      vertex 26.7756 0.407332 6
    endloop
  endfacet
  facet normal 0.998031 -0.0627242 0
    outer loop
      vertex 26.7756 0.407332 0
      vertex 26.75 0 6
      vertex 26.75 0 0
    endloop
  endfacet
  facet normal 0.904808 -0.425821 0
    outer loop
      vertex 26.9782 1.1964 6
      vertex 27.152 1.5657 0
      vertex 27.152 1.5657 6
    endloop
  endfacet
  facet normal 0.904808 -0.425821 0
    outer loop
      vertex 27.152 1.5657 0
      vertex 26.9782 1.1964 6
      vertex 26.9782 1.1964 0
    endloop
  endfacet
  facet normal 0.368093 -0.929789 0
    outer loop
      vertex 28.6162 2.94069 0
      vertex 28.9957 3.09093 6
      vertex 28.6162 2.94069 6
    endloop
  endfacet
  facet normal 0.368093 -0.929789 0
    outer loop
      vertex 28.9957 3.09093 6
      vertex 28.6162 2.94069 0
      vertex 28.9957 3.09093 0
    endloop
  endfacet
  facet normal 0.125356 -0.992112 0
    outer loop
      vertex 29.391 3.19243 0
      vertex 29.7959 3.24359 6
      vertex 29.391 3.19243 6
    endloop
  endfacet
  facet normal 0.125356 -0.992112 0
    outer loop
      vertex 29.7959 3.24359 6
      vertex 29.391 3.19243 0
      vertex 29.7959 3.24359 0
    endloop
  endfacet
  facet normal 0.684572 -0.728946 0
    outer loop
      vertex 27.6309 2.22478 0
      vertex 27.9284 2.50417 6
      vertex 27.6309 2.22478 6
    endloop
  endfacet
  facet normal 0.684572 -0.728946 0
    outer loop
      vertex 27.9284 2.50417 6
      vertex 27.6309 2.22478 0
      vertex 27.9284 2.50417 0
    endloop
  endfacet
  facet normal 0.770466 -0.637481 0
    outer loop
      vertex 27.3707 1.9103 6
      vertex 27.6309 2.22478 0
      vertex 27.6309 2.22478 6
    endloop
  endfacet
  facet normal 0.770466 -0.637481 0
    outer loop
      vertex 27.6309 2.22478 0
      vertex 27.3707 1.9103 6
      vertex 27.3707 1.9103 0
    endloop
  endfacet
  facet normal -0.998031 0.0627242 0
    outer loop
      vertex 33.2244 -0.407332 0
      vertex 33.25 0 6
      vertex 33.25 0 0
    endloop
  endfacet
  facet normal -0.998031 0.0627242 0
    outer loop
      vertex 33.25 0 6
      vertex 33.2244 -0.407332 0
      vertex 33.2244 -0.407332 6
    endloop
  endfacet
  facet normal -0.125356 0.992112 0
    outer loop
      vertex 30.609 -3.19243 0
      vertex 30.2041 -3.24359 6
      vertex 30.609 -3.19243 6
    endloop
  endfacet
  facet normal -0.125356 0.992112 0
    outer loop
      vertex 30.2041 -3.24359 6
      vertex 30.609 -3.19243 0
      vertex 30.2041 -3.24359 0
    endloop
  endfacet
  facet normal -0.368093 0.929789 0
    outer loop
      vertex 31.3838 -2.94069 0
      vertex 31.0043 -3.09093 6
      vertex 31.3838 -2.94069 6
    endloop
  endfacet
  facet normal -0.368093 0.929789 0
    outer loop
      vertex 31.0043 -3.09093 6
      vertex 31.3838 -2.94069 0
      vertex 31.0043 -3.09093 0
    endloop
  endfacet
  facet normal -0.770466 0.637481 0
    outer loop
      vertex 32.3691 -2.22478 0
      vertex 32.6293 -1.9103 6
      vertex 32.6293 -1.9103 0
    endloop
  endfacet
  facet normal -0.770466 0.637481 0
    outer loop
      vertex 32.6293 -1.9103 6
      vertex 32.3691 -2.22478 0
      vertex 32.3691 -2.22478 6
    endloop
  endfacet
  facet normal -0.684572 0.728946 0
    outer loop
      vertex 32.3691 -2.22478 0
      vertex 32.0716 -2.50417 6
      vertex 32.3691 -2.22478 6
    endloop
  endfacet
  facet normal -0.684572 0.728946 0
    outer loop
      vertex 32.0716 -2.50417 6
      vertex 32.3691 -2.22478 0
      vertex 32.0716 -2.50417 0
    endloop
  endfacet
  facet normal 0.481806 0.876278 -0
    outer loop
      vertex 28.6162 -2.94069 0
      vertex 28.2586 -2.74407 6
      vertex 28.6162 -2.94069 6
    endloop
  endfacet
  facet normal 0.481806 0.876278 0
    outer loop
      vertex 28.2586 -2.74407 6
      vertex 28.6162 -2.94069 0
      vertex 28.2586 -2.74407 0
    endloop
  endfacet
  facet normal 0.904808 0.425821 0
    outer loop
      vertex 27.152 -1.5657 6
      vertex 26.9782 -1.1964 0
      vertex 26.9782 -1.1964 6
    endloop
  endfacet
  facet normal 0.904808 0.425821 0
    outer loop
      vertex 26.9782 -1.1964 0
      vertex 27.152 -1.5657 6
      vertex 27.152 -1.5657 0
    endloop
  endfacet
  facet normal 0.982277 0.187434 0
    outer loop
      vertex 26.8521 -0.808242 6
      vertex 26.7756 -0.407332 0
      vertex 26.7756 -0.407332 6
    endloop
  endfacet
  facet normal 0.982277 0.187434 0
    outer loop
      vertex 26.7756 -0.407332 0
      vertex 26.8521 -0.808242 6
      vertex 26.8521 -0.808242 0
    endloop
  endfacet
  facet normal 0.770466 0.637481 0
    outer loop
      vertex 27.6309 -2.22478 6
      vertex 27.3707 -1.9103 0
      vertex 27.3707 -1.9103 6
    endloop
  endfacet
  facet normal 0.770466 0.637481 0
    outer loop
      vertex 27.3707 -1.9103 0
      vertex 27.6309 -2.22478 6
      vertex 27.6309 -2.22478 0
    endloop
  endfacet
  facet normal -0.904808 0.425821 0
    outer loop
      vertex 32.848 -1.5657 0
      vertex 33.0218 -1.1964 6
      vertex 33.0218 -1.1964 0
    endloop
  endfacet
  facet normal -0.904808 0.425821 0
    outer loop
      vertex 33.0218 -1.1964 6
      vertex 32.848 -1.5657 0
      vertex 32.848 -1.5657 6
    endloop
  endfacet
  facet normal -0.844317 0.535845 0
    outer loop
      vertex 32.6293 -1.9103 0
      vertex 32.848 -1.5657 6
      vertex 32.848 -1.5657 0
    endloop
  endfacet
  facet normal -0.844317 0.535845 0
    outer loop
      vertex 32.848 -1.5657 6
      vertex 32.6293 -1.9103 0
      vertex 32.6293 -1.9103 6
    endloop
  endfacet
  facet normal -0.2487 0.968581 0
    outer loop
      vertex 31.0043 -3.09093 0
      vertex 30.609 -3.19243 6
      vertex 31.0043 -3.09093 6
    endloop
  endfacet
  facet normal -0.2487 0.968581 0
    outer loop
      vertex 30.609 -3.19243 6
      vertex 31.0043 -3.09093 0
      vertex 30.609 -3.19243 0
    endloop
  endfacet
  facet normal 0 1 -0
    outer loop
      vertex 30.2041 -3.24359 0
      vertex 29.7959 -3.24359 6
      vertex 30.2041 -3.24359 6
    endloop
  endfacet
  facet normal 0 1 0
    outer loop
      vertex 29.7959 -3.24359 6
      vertex 30.2041 -3.24359 0
      vertex 29.7959 -3.24359 0
    endloop
  endfacet
  facet normal 0.368093 0.929789 -0
    outer loop
      vertex 28.9957 -3.09093 0
      vertex 28.6162 -2.94069 6
      vertex 28.9957 -3.09093 6
    endloop
  endfacet
  facet normal 0.368093 0.929789 0
    outer loop
      vertex 28.6162 -2.94069 6
      vertex 28.9957 -3.09093 0
      vertex 28.6162 -2.94069 0
    endloop
  endfacet
  facet normal 0.951071 0.308972 0
    outer loop
      vertex 26.9782 -1.1964 6
      vertex 26.8521 -0.808242 0
      vertex 26.8521 -0.808242 6
    endloop
  endfacet
  facet normal 0.951071 0.308972 0
    outer loop
      vertex 26.8521 -0.808242 0
      vertex 26.9782 -1.1964 6
      vertex 26.9782 -1.1964 0
    endloop
  endfacet
  facet normal 0.684572 0.728946 -0
    outer loop
      vertex 27.9284 -2.50417 0
      vertex 27.6309 -2.22478 6
      vertex 27.9284 -2.50417 6
    endloop
  endfacet
  facet normal 0.684572 0.728946 0
    outer loop
      vertex 27.6309 -2.22478 6
      vertex 27.9284 -2.50417 0
      vertex 27.6309 -2.22478 0
    endloop
  endfacet
  facet normal -0.998025 -0.0628192 0
    outer loop
      vertex -20.7 0 0
      vertex -20.7142 0.225599 6
      vertex -20.7142 0.225599 0
    endloop
  endfacet
  facet normal -0.998025 -0.0628192 0
    outer loop
      vertex -20.7142 0.225599 6
      vertex -20.7 0 0
      vertex -20.7 0 6
    endloop
  endfacet
  facet normal 0.998025 -0.0628192 0
    outer loop
      vertex -24.3 0 6
      vertex -24.2858 0.225599 0
      vertex -24.2858 0.225599 6
    endloop
  endfacet
  facet normal 0.998025 -0.0628192 0
    outer loop
      vertex -24.2858 0.225599 0
      vertex -24.3 0 6
      vertex -24.3 0 0
    endloop
  endfacet
  facet normal 0 -1 0
    outer loop
      vertex -22.613 1.79645 0
      vertex -22.387 1.79645 6
      vertex -22.613 1.79645 6
    endloop
  endfacet
  facet normal 0 -1 -0
    outer loop
      vertex -22.387 1.79645 6
      vertex -22.613 1.79645 0
      vertex -22.387 1.79645 0
    endloop
  endfacet
  facet normal 0 1 -0
    outer loop
      vertex -22.387 -1.79645 0
      vertex -22.613 -1.79645 6
      vertex -22.387 -1.79645 6
    endloop
  endfacet
  facet normal 0 1 0
    outer loop
      vertex -22.613 -1.79645 6
      vertex -22.387 -1.79645 0
      vertex -22.613 -1.79645 0
    endloop
  endfacet
  facet normal -0.684727 -0.7288 0
    outer loop
      vertex -21.3526 1.38692 0
      vertex -21.1879 1.23218 6
      vertex -21.3526 1.38692 6
    endloop
  endfacet
  facet normal -0.684727 -0.7288 -0
    outer loop
      vertex -21.1879 1.23218 6
      vertex -21.3526 1.38692 0
      vertex -21.1879 1.23218 0
    endloop
  endfacet
  facet normal 0.684727 -0.7288 0
    outer loop
      vertex -23.8121 1.23218 0
      vertex -23.6474 1.38692 6
      vertex -23.8121 1.23218 6
    endloop
  endfacet
  facet normal 0.684727 -0.7288 0
    outer loop
      vertex -23.6474 1.38692 6
      vertex -23.8121 1.23218 0
      vertex -23.6474 1.38692 0
    endloop
  endfacet
  facet normal 0.368071 -0.929798 0
    outer loop
      vertex -23.2664 1.62869 0
      vertex -23.0562 1.7119 6
      vertex -23.2664 1.62869 6
    endloop
  endfacet
  facet normal 0.368071 -0.929798 0
    outer loop
      vertex -23.0562 1.7119 6
      vertex -23.2664 1.62869 0
      vertex -23.0562 1.7119 0
    endloop
  endfacet
  facet normal -0.904905 -0.425613 0
    outer loop
      vertex -20.8264 0.662623 0
      vertex -20.9226 0.867156 6
      vertex -20.9226 0.867156 0
    endloop
  endfacet
  facet normal -0.904905 -0.425613 0
    outer loop
      vertex -20.9226 0.867156 6
      vertex -20.8264 0.662623 0
      vertex -20.8264 0.662623 6
    endloop
  endfacet
  facet normal -0.982333 -0.187139 0
    outer loop
      vertex -20.7142 0.225599 0
      vertex -20.7565 0.447641 6
      vertex -20.7565 0.447641 0
    endloop
  endfacet
  facet normal -0.982333 -0.187139 0
    outer loop
      vertex -20.7565 0.447641 6
      vertex -20.7142 0.225599 0
      vertex -20.7142 0.225599 6
    endloop
  endfacet
  facet normal -0.368071 -0.929798 0
    outer loop
      vertex -21.9438 1.7119 0
      vertex -21.7336 1.62869 6
      vertex -21.9438 1.7119 6
    endloop
  endfacet
  facet normal -0.368071 -0.929798 -0
    outer loop
      vertex -21.7336 1.62869 6
      vertex -21.9438 1.7119 0
      vertex -21.7336 1.62869 0
    endloop
  endfacet
  facet normal -0.248756 -0.968566 0
    outer loop
      vertex -22.1627 1.76812 0
      vertex -21.9438 1.7119 6
      vertex -22.1627 1.76812 6
    endloop
  endfacet
  facet normal -0.248756 -0.968566 -0
    outer loop
      vertex -21.9438 1.7119 6
      vertex -22.1627 1.76812 0
      vertex -21.9438 1.7119 0
    endloop
  endfacet
  facet normal -0.587743 -0.809048 0
    outer loop
      vertex -21.5355 1.51979 0
      vertex -21.3526 1.38692 6
      vertex -21.5355 1.51979 6
    endloop
  endfacet
  facet normal -0.587743 -0.809048 -0
    outer loop
      vertex -21.3526 1.38692 6
      vertex -21.5355 1.51979 0
      vertex -21.3526 1.38692 0
    endloop
  endfacet
  facet normal 0.904905 -0.425613 0
    outer loop
      vertex -24.1736 0.662623 6
      vertex -24.0774 0.867156 0
      vertex -24.0774 0.867156 6
    endloop
  endfacet
  facet normal 0.904905 -0.425613 0
    outer loop
      vertex -24.0774 0.867156 0
      vertex -24.1736 0.662623 6
      vertex -24.1736 0.662623 0
    endloop
  endfacet
  facet normal 0.844167 -0.53608 0
    outer loop
      vertex -24.0774 0.867156 6
      vertex -23.9562 1.05801 0
      vertex -23.9562 1.05801 6
    endloop
  endfacet
  facet normal 0.844167 -0.53608 0
    outer loop
      vertex -23.9562 1.05801 0
      vertex -24.0774 0.867156 6
      vertex -24.0774 0.867156 0
    endloop
  endfacet
  facet normal 0.950994 -0.30921 0
    outer loop
      vertex -24.2435 0.447641 6
      vertex -24.1736 0.662623 0
      vertex -24.1736 0.662623 6
    endloop
  endfacet
  facet normal 0.950994 -0.30921 0
    outer loop
      vertex -24.1736 0.662623 0
      vertex -24.2435 0.447641 6
      vertex -24.2435 0.447641 0
    endloop
  endfacet
  facet normal 0.587743 -0.809048 0
    outer loop
      vertex -23.6474 1.38692 0
      vertex -23.4645 1.51979 6
      vertex -23.6474 1.38692 6
    endloop
  endfacet
  facet normal 0.587743 -0.809048 0
    outer loop
      vertex -23.4645 1.51979 6
      vertex -23.6474 1.38692 0
      vertex -23.4645 1.51979 0
    endloop
  endfacet
  facet normal 0.248756 -0.968566 0
    outer loop
      vertex -23.0562 1.7119 0
      vertex -22.8373 1.76812 6
      vertex -23.0562 1.7119 6
    endloop
  endfacet
  facet normal 0.248756 -0.968566 0
    outer loop
      vertex -22.8373 1.76812 6
      vertex -23.0562 1.7119 0
      vertex -22.8373 1.76812 0
    endloop
  endfacet
  facet normal -0.950994 0.30921 0
    outer loop
      vertex -20.8264 -0.662623 0
      vertex -20.7565 -0.447641 6
      vertex -20.7565 -0.447641 0
    endloop
  endfacet
  facet normal -0.950994 0.30921 0
    outer loop
      vertex -20.7565 -0.447641 6
      vertex -20.8264 -0.662623 0
      vertex -20.8264 -0.662623 6
    endloop
  endfacet
  facet normal -0.125309 0.992118 0
    outer loop
      vertex -22.1627 -1.76812 0
      vertex -22.387 -1.79645 6
      vertex -22.1627 -1.76812 6
    endloop
  endfacet
  facet normal -0.125309 0.992118 0
    outer loop
      vertex -22.387 -1.79645 6
      vertex -22.1627 -1.76812 0
      vertex -22.387 -1.79645 0
    endloop
  endfacet
  facet normal -0.950994 -0.30921 0
    outer loop
      vertex -20.7565 0.447641 0
      vertex -20.8264 0.662623 6
      vertex -20.8264 0.662623 0
    endloop
  endfacet
  facet normal -0.950994 -0.30921 0
    outer loop
      vertex -20.8264 0.662623 6
      vertex -20.7565 0.447641 0
      vertex -20.7565 0.447641 6
    endloop
  endfacet
  facet normal -0.770483 -0.637461 0
    outer loop
      vertex -21.0438 1.05801 0
      vertex -21.1879 1.23218 6
      vertex -21.1879 1.23218 0
    endloop
  endfacet
  facet normal -0.770483 -0.637461 0
    outer loop
      vertex -21.1879 1.23218 6
      vertex -21.0438 1.05801 0
      vertex -21.0438 1.05801 6
    endloop
  endfacet
  facet normal -0.844167 -0.53608 0
    outer loop
      vertex -20.9226 0.867156 0
      vertex -21.0438 1.05801 6
      vertex -21.0438 1.05801 0
    endloop
  endfacet
  facet normal -0.844167 -0.53608 0
    outer loop
      vertex -21.0438 1.05801 6
      vertex -20.9226 0.867156 0
      vertex -20.9226 0.867156 6
    endloop
  endfacet
  facet normal -0.125309 -0.992118 0
    outer loop
      vertex -22.387 1.79645 0
      vertex -22.1627 1.76812 6
      vertex -22.387 1.79645 6
    endloop
  endfacet
  facet normal -0.125309 -0.992118 -0
    outer loop
      vertex -22.1627 1.76812 6
      vertex -22.387 1.79645 0
      vertex -22.1627 1.76812 0
    endloop
  endfacet
  facet normal 0.770483 -0.637461 0
    outer loop
      vertex -23.9562 1.05801 6
      vertex -23.8121 1.23218 0
      vertex -23.8121 1.23218 6
    endloop
  endfacet
  facet normal 0.770483 -0.637461 0
    outer loop
      vertex -23.8121 1.23218 0
      vertex -23.9562 1.05801 6
      vertex -23.9562 1.05801 0
    endloop
  endfacet
  facet normal 0.982333 -0.187139 0
    outer loop
      vertex -24.2858 0.225599 6
      vertex -24.2435 0.447641 0
      vertex -24.2435 0.447641 6
    endloop
  endfacet
  facet normal 0.982333 -0.187139 0
    outer loop
      vertex -24.2435 0.447641 0
      vertex -24.2858 0.225599 6
      vertex -24.2858 0.225599 0
    endloop
  endfacet
  facet normal 0.125309 -0.992118 0
    outer loop
      vertex -22.8373 1.76812 0
      vertex -22.613 1.79645 6
      vertex -22.8373 1.76812 6
    endloop
  endfacet
  facet normal 0.125309 -0.992118 0
    outer loop
      vertex -22.613 1.79645 6
      vertex -22.8373 1.76812 0
      vertex -22.613 1.79645 0
    endloop
  endfacet
  facet normal -0.684727 0.7288 0
    outer loop
      vertex -21.1879 -1.23218 0
      vertex -21.3526 -1.38692 6
      vertex -21.1879 -1.23218 6
    endloop
  endfacet
  facet normal -0.684727 0.7288 0
    outer loop
      vertex -21.3526 -1.38692 6
      vertex -21.1879 -1.23218 0
      vertex -21.3526 -1.38692 0
    endloop
  endfacet
  facet normal -0.982333 0.187139 0
    outer loop
      vertex -20.7565 -0.447641 0
      vertex -20.7142 -0.225599 6
      vertex -20.7142 -0.225599 0
    endloop
  endfacet
  facet normal -0.982333 0.187139 0
    outer loop
      vertex -20.7142 -0.225599 6
      vertex -20.7565 -0.447641 0
      vertex -20.7565 -0.447641 6
    endloop
  endfacet
  facet normal -0.368071 0.929798 0
    outer loop
      vertex -21.7336 -1.62869 0
      vertex -21.9438 -1.7119 6
      vertex -21.7336 -1.62869 6
    endloop
  endfacet
  facet normal -0.368071 0.929798 0
    outer loop
      vertex -21.9438 -1.7119 6
      vertex -21.7336 -1.62869 0
      vertex -21.9438 -1.7119 0
    endloop
  endfacet
  facet normal -0.481732 -0.876319 0
    outer loop
      vertex -21.7336 1.62869 0
      vertex -21.5355 1.51979 6
      vertex -21.7336 1.62869 6
    endloop
  endfacet
  facet normal -0.481732 -0.876319 -0
    outer loop
      vertex -21.5355 1.51979 6
      vertex -21.7336 1.62869 0
      vertex -21.5355 1.51979 0
    endloop
  endfacet
  facet normal 0.481732 -0.876319 0
    outer loop
      vertex -23.4645 1.51979 0
      vertex -23.2664 1.62869 6
      vertex -23.4645 1.51979 6
    endloop
  endfacet
  facet normal 0.481732 -0.876319 0
    outer loop
      vertex -23.2664 1.62869 6
      vertex -23.4645 1.51979 0
      vertex -23.2664 1.62869 0
    endloop
  endfacet
  facet normal -0.481732 0.876319 0
    outer loop
      vertex -21.5355 -1.51979 0
      vertex -21.7336 -1.62869 6
      vertex -21.5355 -1.51979 6
    endloop
  endfacet
  facet normal -0.481732 0.876319 0
    outer loop
      vertex -21.7336 -1.62869 6
      vertex -21.5355 -1.51979 0
      vertex -21.7336 -1.62869 0
    endloop
  endfacet
  facet normal -0.904905 0.425613 0
    outer loop
      vertex -20.9226 -0.867156 0
      vertex -20.8264 -0.662623 6
      vertex -20.8264 -0.662623 0
    endloop
  endfacet
  facet normal -0.904905 0.425613 0
    outer loop
      vertex -20.8264 -0.662623 6
      vertex -20.9226 -0.867156 0
      vertex -20.9226 -0.867156 6
    endloop
  endfacet
  facet normal -0.770483 0.637461 0
    outer loop
      vertex -21.1879 -1.23218 0
      vertex -21.0438 -1.05801 6
      vertex -21.0438 -1.05801 0
    endloop
  endfacet
  facet normal -0.770483 0.637461 0
    outer loop
      vertex -21.0438 -1.05801 6
      vertex -21.1879 -1.23218 0
      vertex -21.1879 -1.23218 6
    endloop
  endfacet
  facet normal -0.998025 0.0628192 0
    outer loop
      vertex -20.7142 -0.225599 0
      vertex -20.7 0 6
      vertex -20.7 0 0
    endloop
  endfacet
  facet normal -0.998025 0.0628192 0
    outer loop
      vertex -20.7 0 6
      vertex -20.7142 -0.225599 0
      vertex -20.7142 -0.225599 6
    endloop
  endfacet
  facet normal 0.368071 0.929798 -0
    outer loop
      vertex -23.0562 -1.7119 0
      vertex -23.2664 -1.62869 6
      vertex -23.0562 -1.7119 6
    endloop
  endfacet
  facet normal 0.368071 0.929798 0
    outer loop
      vertex -23.2664 -1.62869 6
      vertex -23.0562 -1.7119 0
      vertex -23.2664 -1.62869 0
    endloop
  endfacet
  facet normal 0.248756 0.968566 -0
    outer loop
      vertex -22.8373 -1.76812 0
      vertex -23.0562 -1.7119 6
      vertex -22.8373 -1.76812 6
    endloop
  endfacet
  facet normal 0.248756 0.968566 0
    outer loop
      vertex -23.0562 -1.7119 6
      vertex -22.8373 -1.76812 0
      vertex -23.0562 -1.7119 0
    endloop
  endfacet
  facet normal 0.770483 0.637461 0
    outer loop
      vertex -23.8121 -1.23218 6
      vertex -23.9562 -1.05801 0
      vertex -23.9562 -1.05801 6
    endloop
  endfacet
  facet normal 0.770483 0.637461 0
    outer loop
      vertex -23.9562 -1.05801 0
      vertex -23.8121 -1.23218 6
      vertex -23.8121 -1.23218 0
    endloop
  endfacet
  facet normal 0.950994 0.30921 0
    outer loop
      vertex -24.1736 -0.662623 6
      vertex -24.2435 -0.447641 0
      vertex -24.2435 -0.447641 6
    endloop
  endfacet
  facet normal 0.950994 0.30921 0
    outer loop
      vertex -24.2435 -0.447641 0
      vertex -24.1736 -0.662623 6
      vertex -24.1736 -0.662623 0
    endloop
  endfacet
  facet normal -0.248756 0.968566 0
    outer loop
      vertex -21.9438 -1.7119 0
      vertex -22.1627 -1.76812 6
      vertex -21.9438 -1.7119 6
    endloop
  endfacet
  facet normal -0.248756 0.968566 0
    outer loop
      vertex -22.1627 -1.76812 6
      vertex -21.9438 -1.7119 0
      vertex -22.1627 -1.76812 0
    endloop
  endfacet
  facet normal -0.587743 0.809048 0
    outer loop
      vertex -21.3526 -1.38692 0
      vertex -21.5355 -1.51979 6
      vertex -21.3526 -1.38692 6
    endloop
  endfacet
  facet normal -0.587743 0.809048 0
    outer loop
      vertex -21.5355 -1.51979 6
      vertex -21.3526 -1.38692 0
      vertex -21.5355 -1.51979 0
    endloop
  endfacet
  facet normal -0.844167 0.53608 0
    outer loop
      vertex -21.0438 -1.05801 0
      vertex -20.9226 -0.867156 6
      vertex -20.9226 -0.867156 0
    endloop
  endfacet
  facet normal -0.844167 0.53608 0
    outer loop
      vertex -20.9226 -0.867156 6
      vertex -21.0438 -1.05801 0
      vertex -21.0438 -1.05801 6
    endloop
  endfacet
  facet normal 0.125309 0.992118 -0
    outer loop
      vertex -22.613 -1.79645 0
      vertex -22.8373 -1.76812 6
      vertex -22.613 -1.79645 6
    endloop
  endfacet
  facet normal 0.125309 0.992118 0
    outer loop
      vertex -22.8373 -1.76812 6
      vertex -22.613 -1.79645 0
      vertex -22.8373 -1.76812 0
    endloop
  endfacet
  facet normal 0.587743 0.809048 -0
    outer loop
      vertex -23.4645 -1.51979 0
      vertex -23.6474 -1.38692 6
      vertex -23.4645 -1.51979 6
    endloop
  endfacet
  facet normal 0.587743 0.809048 0
    outer loop
      vertex -23.6474 -1.38692 6
      vertex -23.4645 -1.51979 0
      vertex -23.6474 -1.38692 0
    endloop
  endfacet
  facet normal 0.684727 0.7288 -0
    outer loop
      vertex -23.6474 -1.38692 0
      vertex -23.8121 -1.23218 6
      vertex -23.6474 -1.38692 6
    endloop
  endfacet
  facet normal 0.684727 0.7288 0
    outer loop
      vertex -23.8121 -1.23218 6
      vertex -23.6474 -1.38692 0
      vertex -23.8121 -1.23218 0
    endloop
  endfacet
  facet normal 0.982333 0.187139 0
    outer loop
      vertex -24.2435 -0.447641 6
      vertex -24.2858 -0.225599 0
      vertex -24.2858 -0.225599 6
    endloop
  endfacet
  facet normal 0.982333 0.187139 0
    outer loop
      vertex -24.2858 -0.225599 0
      vertex -24.2435 -0.447641 6
      vertex -24.2435 -0.447641 0
    endloop
  endfacet
  facet normal 0.998025 0.0628192 0
    outer loop
      vertex -24.2858 -0.225599 6
      vertex -24.3 0 0
      vertex -24.3 0 6
    endloop
  endfacet
  facet normal 0.998025 0.0628192 0
    outer loop
      vertex -24.3 0 0
      vertex -24.2858 -0.225599 6
      vertex -24.2858 -0.225599 0
    endloop
  endfacet
  facet normal 0.481732 0.876319 -0
    outer loop
      vertex -23.2664 -1.62869 0
      vertex -23.4645 -1.51979 6
      vertex -23.2664 -1.62869 6
    endloop
  endfacet
  facet normal 0.481732 0.876319 0
    outer loop
      vertex -23.4645 -1.51979 6
      vertex -23.2664 -1.62869 0
      vertex -23.4645 -1.51979 0
    endloop
  endfacet
  facet normal 0.844167 0.53608 0
    outer loop
      vertex -23.9562 -1.05801 6
      vertex -24.0774 -0.867156 0
      vertex -24.0774 -0.867156 6
    endloop
  endfacet
  facet normal 0.844167 0.53608 0
    outer loop
      vertex -24.0774 -0.867156 0
      vertex -23.9562 -1.05801 6
      vertex -23.9562 -1.05801 0
    endloop
  endfacet
  facet normal 0.904905 0.425613 0
    outer loop
      vertex -24.0774 -0.867156 6
      vertex -24.1736 -0.662623 0
      vertex -24.1736 -0.662623 6
    endloop
  endfacet
  facet normal 0.904905 0.425613 0
    outer loop
      vertex -24.1736 -0.662623 0
      vertex -24.0774 -0.867156 6
      vertex -24.0774 -0.867156 0
    endloop
  endfacet
  facet normal 0.951059 -0.309009 0
    outer loop
      vertex -9.24345 0.447641 6
      vertex -9.1736 0.662623 0
      vertex -9.1736 0.662623 6
    endloop
  endfacet
  facet normal 0.951059 -0.309009 0
    outer loop
      vertex -9.1736 0.662623 0
      vertex -9.24345 0.447641 6
      vertex -9.24345 0.447641 0
    endloop
  endfacet
  facet normal -0.844327 -0.535828 0
    outer loop
      vertex -5.92265 0.867156 0
      vertex -6.04377 1.05801 6
      vertex -6.04377 1.05801 0
    endloop
  endfacet
  facet normal -0.844327 -0.535828 0
    outer loop
      vertex -6.04377 1.05801 6
      vertex -5.92265 0.867156 0
      vertex -5.92265 0.867156 6
    endloop
  endfacet
  facet normal -0.248714 -0.968577 0
    outer loop
      vertex -7.16271 1.76812 0
      vertex -6.94377 1.7119 6
      vertex -7.16271 1.76812 6
    endloop
  endfacet
  facet normal -0.248714 -0.968577 -0
    outer loop
      vertex -6.94377 1.7119 6
      vertex -7.16271 1.76812 0
      vertex -6.94377 1.7119 0
    endloop
  endfacet
  facet normal -0.368116 -0.92978 0
    outer loop
      vertex -6.94377 1.7119 0
      vertex -6.7336 1.62869 6
      vertex -6.94377 1.7119 6
    endloop
  endfacet
  facet normal -0.368116 -0.92978 -0
    outer loop
      vertex -6.7336 1.62869 6
      vertex -6.94377 1.7119 0
      vertex -6.7336 1.62869 0
    endloop
  endfacet
  facet normal 0.368116 -0.92978 0
    outer loop
      vertex -8.2664 1.62869 0
      vertex -8.05623 1.7119 6
      vertex -8.2664 1.62869 6
    endloop
  endfacet
  facet normal 0.368116 -0.92978 0
    outer loop
      vertex -8.05623 1.7119 6
      vertex -8.2664 1.62869 0
      vertex -8.05623 1.7119 0
    endloop
  endfacet
  facet normal 0.90482 -0.425794 0
    outer loop
      vertex -9.1736 0.662623 6
      vertex -9.07735 0.867156 0
      vertex -9.07735 0.867156 6
    endloop
  endfacet
  facet normal 0.90482 -0.425794 0
    outer loop
      vertex -9.07735 0.867156 0
      vertex -9.1736 0.662623 6
      vertex -9.1736 0.662623 0
    endloop
  endfacet
  facet normal -0.998028 0.0627752 0
    outer loop
      vertex -5.71419 -0.225599 0
      vertex -5.7 0 6
      vertex -5.7 0 0
    endloop
  endfacet
  facet normal -0.998028 0.0627752 0
    outer loop
      vertex -5.7 0 6
      vertex -5.71419 -0.225599 0
      vertex -5.71419 -0.225599 6
    endloop
  endfacet
  facet normal -0.368116 0.92978 0
    outer loop
      vertex -6.7336 -1.62869 0
      vertex -6.94377 -1.7119 6
      vertex -6.7336 -1.62869 6
    endloop
  endfacet
  facet normal -0.368116 0.92978 0
    outer loop
      vertex -6.94377 -1.7119 6
      vertex -6.7336 -1.62869 0
      vertex -6.94377 -1.7119 0
    endloop
  endfacet
  facet normal -0.68455 -0.728966 0
    outer loop
      vertex -6.35264 1.38692 0
      vertex -6.18786 1.23218 6
      vertex -6.35264 1.38692 6
    endloop
  endfacet
  facet normal -0.68455 -0.728966 -0
    outer loop
      vertex -6.18786 1.23218 6
      vertex -6.35264 1.38692 0
      vertex -6.18786 1.23218 0
    endloop
  endfacet
  facet normal -0.125325 -0.992116 0
    outer loop
      vertex -7.38698 1.79645 0
      vertex -7.16271 1.76812 6
      vertex -7.38698 1.79645 6
    endloop
  endfacet
  facet normal -0.125325 -0.992116 -0
    outer loop
      vertex -7.16271 1.76812 6
      vertex -7.38698 1.79645 0
      vertex -7.16271 1.76812 0
    endloop
  endfacet
  facet normal -0.587806 -0.809002 0
    outer loop
      vertex -6.53551 1.51979 0
      vertex -6.35264 1.38692 6
      vertex -6.53551 1.51979 6
    endloop
  endfacet
  facet normal -0.587806 -0.809002 -0
    outer loop
      vertex -6.35264 1.38692 6
      vertex -6.53551 1.51979 0
      vertex -6.35264 1.38692 0
    endloop
  endfacet
  facet normal 0.770504 -0.637435 0
    outer loop
      vertex -8.95623 1.05801 6
      vertex -8.81214 1.23218 0
      vertex -8.81214 1.23218 6
    endloop
  endfacet
  facet normal 0.770504 -0.637435 0
    outer loop
      vertex -8.81214 1.23218 0
      vertex -8.95623 1.05801 6
      vertex -8.95623 1.05801 0
    endloop
  endfacet
  facet normal 0.68455 -0.728966 0
    outer loop
      vertex -8.81214 1.23218 0
      vertex -8.64736 1.38692 6
      vertex -8.81214 1.23218 6
    endloop
  endfacet
  facet normal 0.68455 -0.728966 0
    outer loop
      vertex -8.64736 1.38692 6
      vertex -8.81214 1.23218 0
      vertex -8.64736 1.38692 0
    endloop
  endfacet
  facet normal -0.998028 -0.0627752 0
    outer loop
      vertex -5.7 0 0
      vertex -5.71419 0.225599 6
      vertex -5.71419 0.225599 0
    endloop
  endfacet
  facet normal -0.998028 -0.0627752 0
    outer loop
      vertex -5.71419 0.225599 6
      vertex -5.7 0 0
      vertex -5.7 0 6
    endloop
  endfacet
  facet normal -0.90482 0.425794 0
    outer loop
      vertex -5.92265 -0.867156 0
      vertex -5.8264 -0.662623 6
      vertex -5.8264 -0.662623 0
    endloop
  endfacet
  facet normal -0.90482 0.425794 0
    outer loop
      vertex -5.8264 -0.662623 6
      vertex -5.92265 -0.867156 0
      vertex -5.92265 -0.867156 6
    endloop
  endfacet
  facet normal 0.248714 0.968577 -0
    outer loop
      vertex -7.83729 -1.76812 0
      vertex -8.05623 -1.7119 6
      vertex -7.83729 -1.76812 6
    endloop
  endfacet
  facet normal 0.248714 0.968577 0
    outer loop
      vertex -8.05623 -1.7119 6
      vertex -7.83729 -1.76812 0
      vertex -8.05623 -1.7119 0
    endloop
  endfacet
  facet normal -0.248714 0.968577 0
    outer loop
      vertex -6.94377 -1.7119 0
      vertex -7.16271 -1.76812 6
      vertex -6.94377 -1.7119 6
    endloop
  endfacet
  facet normal -0.248714 0.968577 0
    outer loop
      vertex -7.16271 -1.76812 6
      vertex -6.94377 -1.7119 0
      vertex -7.16271 -1.76812 0
    endloop
  endfacet
  facet normal -0.770504 -0.637435 0
    outer loop
      vertex -6.04377 1.05801 0
      vertex -6.18786 1.23218 6
      vertex -6.18786 1.23218 0
    endloop
  endfacet
  facet normal -0.770504 -0.637435 0
    outer loop
      vertex -6.18786 1.23218 6
      vertex -6.04377 1.05801 0
      vertex -6.04377 1.05801 6
    endloop
  endfacet
  facet normal 0 -1 0
    outer loop
      vertex -7.61302 1.79645 0
      vertex -7.38698 1.79645 6
      vertex -7.61302 1.79645 6
    endloop
  endfacet
  facet normal 0 -1 -0
    outer loop
      vertex -7.38698 1.79645 6
      vertex -7.61302 1.79645 0
      vertex -7.38698 1.79645 0
    endloop
  endfacet
  facet normal -0.481751 -0.876308 0
    outer loop
      vertex -6.7336 1.62869 0
      vertex -6.53551 1.51979 6
      vertex -6.7336 1.62869 6
    endloop
  endfacet
  facet normal -0.481751 -0.876308 -0
    outer loop
      vertex -6.53551 1.51979 6
      vertex -6.7336 1.62869 0
      vertex -6.53551 1.51979 0
    endloop
  endfacet
  facet normal 0.998028 -0.0627752 0
    outer loop
      vertex -9.3 0 6
      vertex -9.28581 0.225599 0
      vertex -9.28581 0.225599 6
    endloop
  endfacet
  facet normal 0.998028 -0.0627752 0
    outer loop
      vertex -9.28581 0.225599 0
      vertex -9.3 0 6
      vertex -9.3 0 0
    endloop
  endfacet
  facet normal 0.844327 -0.535828 0
    outer loop
      vertex -9.07735 0.867156 6
      vertex -8.95623 1.05801 0
      vertex -8.95623 1.05801 6
    endloop
  endfacet
  facet normal 0.844327 -0.535828 0
    outer loop
      vertex -8.95623 1.05801 0
      vertex -9.07735 0.867156 6
      vertex -9.07735 0.867156 0
    endloop
  endfacet
  facet normal 0.125325 -0.992116 0
    outer loop
      vertex -7.83729 1.76812 0
      vertex -7.61302 1.79645 6
      vertex -7.83729 1.76812 6
    endloop
  endfacet
  facet normal 0.125325 -0.992116 0
    outer loop
      vertex -7.61302 1.79645 6
      vertex -7.83729 1.76812 0
      vertex -7.61302 1.79645 0
    endloop
  endfacet
  facet normal 0.248714 -0.968577 0
    outer loop
      vertex -8.05623 1.7119 0
      vertex -7.83729 1.76812 6
      vertex -8.05623 1.7119 6
    endloop
  endfacet
  facet normal 0.248714 -0.968577 0
    outer loop
      vertex -7.83729 1.76812 6
      vertex -8.05623 1.7119 0
      vertex -7.83729 1.76812 0
    endloop
  endfacet
  facet normal 0.481751 -0.876308 0
    outer loop
      vertex -8.46449 1.51979 0
      vertex -8.2664 1.62869 6
      vertex -8.46449 1.51979 6
    endloop
  endfacet
  facet normal 0.481751 -0.876308 0
    outer loop
      vertex -8.2664 1.62869 6
      vertex -8.46449 1.51979 0
      vertex -8.2664 1.62869 0
    endloop
  endfacet
  facet normal 0.587806 -0.809002 0
    outer loop
      vertex -8.64736 1.38692 0
      vertex -8.46449 1.51979 6
      vertex -8.64736 1.38692 6
    endloop
  endfacet
  facet normal 0.587806 -0.809002 0
    outer loop
      vertex -8.46449 1.51979 6
      vertex -8.64736 1.38692 0
      vertex -8.46449 1.51979 0
    endloop
  endfacet
  facet normal -0.982285 0.187395 0
    outer loop
      vertex -5.75655 -0.447641 0
      vertex -5.71419 -0.225599 6
      vertex -5.71419 -0.225599 0
    endloop
  endfacet
  facet normal -0.982285 0.187395 0
    outer loop
      vertex -5.71419 -0.225599 6
      vertex -5.75655 -0.447641 0
      vertex -5.75655 -0.447641 6
    endloop
  endfacet
  facet normal -0.125325 0.992116 0
    outer loop
      vertex -7.16271 -1.76812 0
      vertex -7.38698 -1.79645 6
      vertex -7.16271 -1.76812 6
    endloop
  endfacet
  facet normal -0.125325 0.992116 0
    outer loop
      vertex -7.38698 -1.79645 6
      vertex -7.16271 -1.76812 0
      vertex -7.38698 -1.79645 0
    endloop
  endfacet
  facet normal -0.90482 -0.425794 0
    outer loop
      vertex -5.8264 0.662623 0
      vertex -5.92265 0.867156 6
      vertex -5.92265 0.867156 0
    endloop
  endfacet
  facet normal -0.90482 -0.425794 0
    outer loop
      vertex -5.92265 0.867156 6
      vertex -5.8264 0.662623 0
      vertex -5.8264 0.662623 6
    endloop
  endfacet
  facet normal -0.951059 -0.309009 0
    outer loop
      vertex -5.75655 0.447641 0
      vertex -5.8264 0.662623 6
      vertex -5.8264 0.662623 0
    endloop
  endfacet
  facet normal -0.951059 -0.309009 0
    outer loop
      vertex -5.8264 0.662623 6
      vertex -5.75655 0.447641 0
      vertex -5.75655 0.447641 6
    endloop
  endfacet
  facet normal -0.982285 -0.187395 0
    outer loop
      vertex -5.71419 0.225599 0
      vertex -5.75655 0.447641 6
      vertex -5.75655 0.447641 0
    endloop
  endfacet
  facet normal -0.982285 -0.187395 0
    outer loop
      vertex -5.75655 0.447641 6
      vertex -5.71419 0.225599 0
      vertex -5.71419 0.225599 6
    endloop
  endfacet
  facet normal 0.982285 -0.187395 0
    outer loop
      vertex -9.28581 0.225599 6
      vertex -9.24345 0.447641 0
      vertex -9.24345 0.447641 6
    endloop
  endfacet
  facet normal 0.982285 -0.187395 0
    outer loop
      vertex -9.24345 0.447641 0
      vertex -9.28581 0.225599 6
      vertex -9.28581 0.225599 0
    endloop
  endfacet
  facet normal -0.481751 0.876308 0
    outer loop
      vertex -6.53551 -1.51979 0
      vertex -6.7336 -1.62869 6
      vertex -6.53551 -1.51979 6
    endloop
  endfacet
  facet normal -0.481751 0.876308 0
    outer loop
      vertex -6.7336 -1.62869 6
      vertex -6.53551 -1.51979 0
      vertex -6.7336 -1.62869 0
    endloop
  endfacet
  facet normal -0.68455 0.728966 0
    outer loop
      vertex -6.18786 -1.23218 0
      vertex -6.35264 -1.38692 6
      vertex -6.18786 -1.23218 6
    endloop
  endfacet
  facet normal -0.68455 0.728966 0
    outer loop
      vertex -6.35264 -1.38692 6
      vertex -6.18786 -1.23218 0
      vertex -6.35264 -1.38692 0
    endloop
  endfacet
  facet normal -0.770504 0.637435 0
    outer loop
      vertex -6.18786 -1.23218 0
      vertex -6.04377 -1.05801 6
      vertex -6.04377 -1.05801 0
    endloop
  endfacet
  facet normal -0.770504 0.637435 0
    outer loop
      vertex -6.04377 -1.05801 6
      vertex -6.18786 -1.23218 0
      vertex -6.18786 -1.23218 6
    endloop
  endfacet
  facet normal 0.125325 0.992116 -0
    outer loop
      vertex -7.61302 -1.79645 0
      vertex -7.83729 -1.76812 6
      vertex -7.61302 -1.79645 6
    endloop
  endfacet
  facet normal 0.125325 0.992116 0
    outer loop
      vertex -7.83729 -1.76812 6
      vertex -7.61302 -1.79645 0
      vertex -7.83729 -1.76812 0
    endloop
  endfacet
  facet normal 0.998028 0.0627752 0
    outer loop
      vertex -9.28581 -0.225599 6
      vertex -9.3 0 0
      vertex -9.3 0 6
    endloop
  endfacet
  facet normal 0.998028 0.0627752 0
    outer loop
      vertex -9.3 0 0
      vertex -9.28581 -0.225599 6
      vertex -9.28581 -0.225599 0
    endloop
  endfacet
  facet normal 0.951059 0.309009 0
    outer loop
      vertex -9.1736 -0.662623 6
      vertex -9.24345 -0.447641 0
      vertex -9.24345 -0.447641 6
    endloop
  endfacet
  facet normal 0.951059 0.309009 0
    outer loop
      vertex -9.24345 -0.447641 0
      vertex -9.1736 -0.662623 6
      vertex -9.1736 -0.662623 0
    endloop
  endfacet
  facet normal 0.770504 0.637435 0
    outer loop
      vertex -8.81214 -1.23218 6
      vertex -8.95623 -1.05801 0
      vertex -8.95623 -1.05801 6
    endloop
  endfacet
  facet normal 0.770504 0.637435 0
    outer loop
      vertex -8.95623 -1.05801 0
      vertex -8.81214 -1.23218 6
      vertex -8.81214 -1.23218 0
    endloop
  endfacet
  facet normal -0.951059 0.309009 0
    outer loop
      vertex -5.8264 -0.662623 0
      vertex -5.75655 -0.447641 6
      vertex -5.75655 -0.447641 0
    endloop
  endfacet
  facet normal -0.951059 0.309009 0
    outer loop
      vertex -5.75655 -0.447641 6
      vertex -5.8264 -0.662623 0
      vertex -5.8264 -0.662623 6
    endloop
  endfacet
  facet normal -0.587806 0.809002 0
    outer loop
      vertex -6.35264 -1.38692 0
      vertex -6.53551 -1.51979 6
      vertex -6.35264 -1.38692 6
    endloop
  endfacet
  facet normal -0.587806 0.809002 0
    outer loop
      vertex -6.53551 -1.51979 6
      vertex -6.35264 -1.38692 0
      vertex -6.53551 -1.51979 0
    endloop
  endfacet
  facet normal -0.844327 0.535828 0
    outer loop
      vertex -6.04377 -1.05801 0
      vertex -5.92265 -0.867156 6
      vertex -5.92265 -0.867156 0
    endloop
  endfacet
  facet normal -0.844327 0.535828 0
    outer loop
      vertex -5.92265 -0.867156 6
      vertex -6.04377 -1.05801 0
      vertex -6.04377 -1.05801 6
    endloop
  endfacet
  facet normal 0.587806 0.809002 -0
    outer loop
      vertex -8.46449 -1.51979 0
      vertex -8.64736 -1.38692 6
      vertex -8.46449 -1.51979 6
    endloop
  endfacet
  facet normal 0.587806 0.809002 0
    outer loop
      vertex -8.64736 -1.38692 6
      vertex -8.46449 -1.51979 0
      vertex -8.64736 -1.38692 0
    endloop
  endfacet
  facet normal 0 1 -0
    outer loop
      vertex -7.38698 -1.79645 0
      vertex -7.61302 -1.79645 6
      vertex -7.38698 -1.79645 6
    endloop
  endfacet
  facet normal 0 1 0
    outer loop
      vertex -7.61302 -1.79645 6
      vertex -7.38698 -1.79645 0
      vertex -7.61302 -1.79645 0
    endloop
  endfacet
  facet normal 0.982285 0.187395 0
    outer loop
      vertex -9.24345 -0.447641 6
      vertex -9.28581 -0.225599 0
      vertex -9.28581 -0.225599 6
    endloop
  endfacet
  facet normal 0.982285 0.187395 0
    outer loop
      vertex -9.28581 -0.225599 0
      vertex -9.24345 -0.447641 6
      vertex -9.24345 -0.447641 0
    endloop
  endfacet
  facet normal 0.68455 0.728966 -0
    outer loop
      vertex -8.64736 -1.38692 0
      vertex -8.81214 -1.23218 6
      vertex -8.64736 -1.38692 6
    endloop
  endfacet
  facet normal 0.68455 0.728966 0
    outer loop
      vertex -8.81214 -1.23218 6
      vertex -8.64736 -1.38692 0
      vertex -8.81214 -1.23218 0
    endloop
  endfacet
  facet normal 0.481751 0.876308 -0
    outer loop
      vertex -8.2664 -1.62869 0
      vertex -8.46449 -1.51979 6
      vertex -8.2664 -1.62869 6
    endloop
  endfacet
  facet normal 0.481751 0.876308 0
    outer loop
      vertex -8.46449 -1.51979 6
      vertex -8.2664 -1.62869 0
      vertex -8.46449 -1.51979 0
    endloop
  endfacet
  facet normal 0.368116 0.92978 -0
    outer loop
      vertex -8.05623 -1.7119 0
      vertex -8.2664 -1.62869 6
      vertex -8.05623 -1.7119 6
    endloop
  endfacet
  facet normal 0.368116 0.92978 0
    outer loop
      vertex -8.2664 -1.62869 6
      vertex -8.05623 -1.7119 0
      vertex -8.2664 -1.62869 0
    endloop
  endfacet
  facet normal 0.844327 0.535828 0
    outer loop
      vertex -8.95623 -1.05801 6
      vertex -9.07735 -0.867156 0
      vertex -9.07735 -0.867156 6
    endloop
  endfacet
  facet normal 0.844327 0.535828 0
    outer loop
      vertex -9.07735 -0.867156 0
      vertex -8.95623 -1.05801 6
      vertex -8.95623 -1.05801 0
    endloop
  endfacet
  facet normal 0.90482 0.425794 0
    outer loop
      vertex -9.07735 -0.867156 6
      vertex -9.1736 -0.662623 0
      vertex -9.1736 -0.662623 6
    endloop
  endfacet
  facet normal 0.90482 0.425794 0
    outer loop
      vertex -9.1736 -0.662623 0
      vertex -9.07735 -0.867156 6
      vertex -9.07735 -0.867156 0
    endloop
  endfacet
  facet normal -0.998028 -0.0627752 0
    outer loop
      vertex 9.3 0 0
      vertex 9.28581 0.225599 6
      vertex 9.28581 0.225599 0
    endloop
  endfacet
  facet normal -0.998028 -0.0627752 0
    outer loop
      vertex 9.28581 0.225599 6
      vertex 9.3 0 0
      vertex 9.3 0 6
    endloop
  endfacet
  facet normal 0.998028 -0.0627752 0
    outer loop
      vertex 5.7 0 6
      vertex 5.71419 0.225599 0
      vertex 5.71419 0.225599 6
    endloop
  endfacet
  facet normal 0.998028 -0.0627752 0
    outer loop
      vertex 5.71419 0.225599 0
      vertex 5.7 0 6
      vertex 5.7 0 0
    endloop
  endfacet
  facet normal 0 -1 0
    outer loop
      vertex 7.38698 1.79645 0
      vertex 7.61302 1.79645 6
      vertex 7.38698 1.79645 6
    endloop
  endfacet
  facet normal 0 -1 -0
    outer loop
      vertex 7.61302 1.79645 6
      vertex 7.38698 1.79645 0
      vertex 7.61302 1.79645 0
    endloop
  endfacet
  facet normal 0 1 -0
    outer loop
      vertex 7.61302 -1.79645 0
      vertex 7.38698 -1.79645 6
      vertex 7.61302 -1.79645 6
    endloop
  endfacet
  facet normal 0 1 0
    outer loop
      vertex 7.38698 -1.79645 6
      vertex 7.61302 -1.79645 0
      vertex 7.38698 -1.79645 0
    endloop
  endfacet
  facet normal -0.68455 -0.728966 0
    outer loop
      vertex 8.64736 1.38692 0
      vertex 8.81214 1.23218 6
      vertex 8.64736 1.38692 6
    endloop
  endfacet
  facet normal -0.68455 -0.728966 -0
    outer loop
      vertex 8.81214 1.23218 6
      vertex 8.64736 1.38692 0
      vertex 8.81214 1.23218 0
    endloop
  endfacet
  facet normal 0.68455 -0.728966 0
    outer loop
      vertex 6.18786 1.23218 0
      vertex 6.35264 1.38692 6
      vertex 6.18786 1.23218 6
    endloop
  endfacet
  facet normal 0.68455 -0.728966 0
    outer loop
      vertex 6.35264 1.38692 6
      vertex 6.18786 1.23218 0
      vertex 6.35264 1.38692 0
    endloop
  endfacet
  facet normal 0.368116 -0.92978 0
    outer loop
      vertex 6.7336 1.62869 0
      vertex 6.94377 1.7119 6
      vertex 6.7336 1.62869 6
    endloop
  endfacet
  facet normal 0.368116 -0.92978 0
    outer loop
      vertex 6.94377 1.7119 6
      vertex 6.7336 1.62869 0
      vertex 6.94377 1.7119 0
    endloop
  endfacet
  facet normal -0.90482 -0.425794 0
    outer loop
      vertex 9.1736 0.662623 0
      vertex 9.07735 0.867156 6
      vertex 9.07735 0.867156 0
    endloop
  endfacet
  facet normal -0.90482 -0.425794 0
    outer loop
      vertex 9.07735 0.867156 6
      vertex 9.1736 0.662623 0
      vertex 9.1736 0.662623 6
    endloop
  endfacet
  facet normal -0.982285 -0.187395 0
    outer loop
      vertex 9.28581 0.225599 0
      vertex 9.24345 0.447641 6
      vertex 9.24345 0.447641 0
    endloop
  endfacet
  facet normal -0.982285 -0.187395 0
    outer loop
      vertex 9.24345 0.447641 6
      vertex 9.28581 0.225599 0
      vertex 9.28581 0.225599 6
    endloop
  endfacet
  facet normal -0.368116 -0.92978 0
    outer loop
      vertex 8.05623 1.7119 0
      vertex 8.2664 1.62869 6
      vertex 8.05623 1.7119 6
    endloop
  endfacet
  facet normal -0.368116 -0.92978 -0
    outer loop
      vertex 8.2664 1.62869 6
      vertex 8.05623 1.7119 0
      vertex 8.2664 1.62869 0
    endloop
  endfacet
  facet normal -0.248714 -0.968577 0
    outer loop
      vertex 7.83729 1.76812 0
      vertex 8.05623 1.7119 6
      vertex 7.83729 1.76812 6
    endloop
  endfacet
  facet normal -0.248714 -0.968577 -0
    outer loop
      vertex 8.05623 1.7119 6
      vertex 7.83729 1.76812 0
      vertex 8.05623 1.7119 0
    endloop
  endfacet
  facet normal -0.587806 -0.809002 0
    outer loop
      vertex 8.46449 1.51979 0
      vertex 8.64736 1.38692 6
      vertex 8.46449 1.51979 6
    endloop
  endfacet
  facet normal -0.587806 -0.809002 -0
    outer loop
      vertex 8.64736 1.38692 6
      vertex 8.46449 1.51979 0
      vertex 8.64736 1.38692 0
    endloop
  endfacet
  facet normal 0.90482 -0.425794 0
    outer loop
      vertex 5.8264 0.662623 6
      vertex 5.92265 0.867156 0
      vertex 5.92265 0.867156 6
    endloop
  endfacet
  facet normal 0.90482 -0.425794 0
    outer loop
      vertex 5.92265 0.867156 0
      vertex 5.8264 0.662623 6
      vertex 5.8264 0.662623 0
    endloop
  endfacet
  facet normal 0.951059 -0.309009 0
    outer loop
      vertex 5.75655 0.447641 6
      vertex 5.8264 0.662623 0
      vertex 5.8264 0.662623 6
    endloop
  endfacet
  facet normal 0.951059 -0.309009 0
    outer loop
      vertex 5.8264 0.662623 0
      vertex 5.75655 0.447641 6
      vertex 5.75655 0.447641 0
    endloop
  endfacet
  facet normal 0.248714 -0.968577 0
    outer loop
      vertex 6.94377 1.7119 0
      vertex 7.16271 1.76812 6
      vertex 6.94377 1.7119 6
    endloop
  endfacet
  facet normal 0.248714 -0.968577 0
    outer loop
      vertex 7.16271 1.76812 6
      vertex 6.94377 1.7119 0
      vertex 7.16271 1.76812 0
    endloop
  endfacet
  facet normal -0.125325 0.992116 0
    outer loop
      vertex 7.83729 -1.76812 0
      vertex 7.61302 -1.79645 6
      vertex 7.83729 -1.76812 6
    endloop
  endfacet
  facet normal -0.125325 0.992116 0
    outer loop
      vertex 7.61302 -1.79645 6
      vertex 7.83729 -1.76812 0
      vertex 7.61302 -1.79645 0
    endloop
  endfacet
  facet normal -0.951059 -0.309009 0
    outer loop
      vertex 9.24345 0.447641 0
      vertex 9.1736 0.662623 6
      vertex 9.1736 0.662623 0
    endloop
  endfacet
  facet normal -0.951059 -0.309009 0
    outer loop
      vertex 9.1736 0.662623 6
      vertex 9.24345 0.447641 0
      vertex 9.24345 0.447641 6
    endloop
  endfacet
  facet normal -0.770504 -0.637435 0
    outer loop
      vertex 8.95623 1.05801 0
      vertex 8.81214 1.23218 6
      vertex 8.81214 1.23218 0
    endloop
  endfacet
  facet normal -0.770504 -0.637435 0
    outer loop
      vertex 8.81214 1.23218 6
      vertex 8.95623 1.05801 0
      vertex 8.95623 1.05801 6
    endloop
  endfacet
  facet normal -0.844327 -0.535828 0
    outer loop
      vertex 9.07735 0.867156 0
      vertex 8.95623 1.05801 6
      vertex 8.95623 1.05801 0
    endloop
  endfacet
  facet normal -0.844327 -0.535828 0
    outer loop
      vertex 8.95623 1.05801 6
      vertex 9.07735 0.867156 0
      vertex 9.07735 0.867156 6
    endloop
  endfacet
  facet normal -0.125325 -0.992116 0
    outer loop
      vertex 7.61302 1.79645 0
      vertex 7.83729 1.76812 6
      vertex 7.61302 1.79645 6
    endloop
  endfacet
  facet normal -0.125325 -0.992116 -0
    outer loop
      vertex 7.83729 1.76812 6
      vertex 7.61302 1.79645 0
      vertex 7.83729 1.76812 0
    endloop
  endfacet
  facet normal -0.481751 -0.876308 0
    outer loop
      vertex 8.2664 1.62869 0
      vertex 8.46449 1.51979 6
      vertex 8.2664 1.62869 6
    endloop
  endfacet
  facet normal -0.481751 -0.876308 -0
    outer loop
      vertex 8.46449 1.51979 6
      vertex 8.2664 1.62869 0
      vertex 8.46449 1.51979 0
    endloop
  endfacet
  facet normal 0.844327 -0.535828 0
    outer loop
      vertex 5.92265 0.867156 6
      vertex 6.04377 1.05801 0
      vertex 6.04377 1.05801 6
    endloop
  endfacet
  facet normal 0.844327 -0.535828 0
    outer loop
      vertex 6.04377 1.05801 0
      vertex 5.92265 0.867156 6
      vertex 5.92265 0.867156 0
    endloop
  endfacet
  facet normal 0.770504 -0.637435 0
    outer loop
      vertex 6.04377 1.05801 6
      vertex 6.18786 1.23218 0
      vertex 6.18786 1.23218 6
    endloop
  endfacet
  facet normal 0.770504 -0.637435 0
    outer loop
      vertex 6.18786 1.23218 0
      vertex 6.04377 1.05801 6
      vertex 6.04377 1.05801 0
    endloop
  endfacet
  facet normal 0.982285 -0.187395 0
    outer loop
      vertex 5.71419 0.225599 6
      vertex 5.75655 0.447641 0
      vertex 5.75655 0.447641 6
    endloop
  endfacet
  facet normal 0.982285 -0.187395 0
    outer loop
      vertex 5.75655 0.447641 0
      vertex 5.71419 0.225599 6
      vertex 5.71419 0.225599 0
    endloop
  endfacet
  facet normal 0.481751 -0.876308 0
    outer loop
      vertex 6.53551 1.51979 0
      vertex 6.7336 1.62869 6
      vertex 6.53551 1.51979 6
    endloop
  endfacet
  facet normal 0.481751 -0.876308 0
    outer loop
      vertex 6.7336 1.62869 6
      vertex 6.53551 1.51979 0
      vertex 6.7336 1.62869 0
    endloop
  endfacet
  facet normal 0.587806 -0.809002 0
    outer loop
      vertex 6.35264 1.38692 0
      vertex 6.53551 1.51979 6
      vertex 6.35264 1.38692 6
    endloop
  endfacet
  facet normal 0.587806 -0.809002 0
    outer loop
      vertex 6.53551 1.51979 6
      vertex 6.35264 1.38692 0
      vertex 6.53551 1.51979 0
    endloop
  endfacet
  facet normal 0.125325 -0.992116 0
    outer loop
      vertex 7.16271 1.76812 0
      vertex 7.38698 1.79645 6
      vertex 7.16271 1.76812 6
    endloop
  endfacet
  facet normal 0.125325 -0.992116 0
    outer loop
      vertex 7.38698 1.79645 6
      vertex 7.16271 1.76812 0
      vertex 7.38698 1.79645 0
    endloop
  endfacet
  facet normal -0.68455 0.728966 0
    outer loop
      vertex 8.81214 -1.23218 0
      vertex 8.64736 -1.38692 6
      vertex 8.81214 -1.23218 6
    endloop
  endfacet
  facet normal -0.68455 0.728966 0
    outer loop
      vertex 8.64736 -1.38692 6
      vertex 8.81214 -1.23218 0
      vertex 8.64736 -1.38692 0
    endloop
  endfacet
  facet normal -0.982285 0.187395 0
    outer loop
      vertex 9.24345 -0.447641 0
      vertex 9.28581 -0.225599 6
      vertex 9.28581 -0.225599 0
    endloop
  endfacet
  facet normal -0.982285 0.187395 0
    outer loop
      vertex 9.28581 -0.225599 6
      vertex 9.24345 -0.447641 0
      vertex 9.24345 -0.447641 6
    endloop
  endfacet
  facet normal 0.90482 0.425794 0
    outer loop
      vertex 5.92265 -0.867156 6
      vertex 5.8264 -0.662623 0
      vertex 5.8264 -0.662623 6
    endloop
  endfacet
  facet normal 0.90482 0.425794 0
    outer loop
      vertex 5.8264 -0.662623 0
      vertex 5.92265 -0.867156 6
      vertex 5.92265 -0.867156 0
    endloop
  endfacet
  facet normal -0.90482 0.425794 0
    outer loop
      vertex 9.07735 -0.867156 0
      vertex 9.1736 -0.662623 6
      vertex 9.1736 -0.662623 0
    endloop
  endfacet
  facet normal -0.90482 0.425794 0
    outer loop
      vertex 9.1736 -0.662623 6
      vertex 9.07735 -0.867156 0
      vertex 9.07735 -0.867156 6
    endloop
  endfacet
  facet normal -0.770504 0.637435 0
    outer loop
      vertex 8.81214 -1.23218 0
      vertex 8.95623 -1.05801 6
      vertex 8.95623 -1.05801 0
    endloop
  endfacet
  facet normal -0.770504 0.637435 0
    outer loop
      vertex 8.95623 -1.05801 6
      vertex 8.81214 -1.23218 0
      vertex 8.81214 -1.23218 6
    endloop
  endfacet
  facet normal -0.998028 0.0627752 0
    outer loop
      vertex 9.28581 -0.225599 0
      vertex 9.3 0 6
      vertex 9.3 0 0
    endloop
  endfacet
  facet normal -0.998028 0.0627752 0
    outer loop
      vertex 9.3 0 6
      vertex 9.28581 -0.225599 0
      vertex 9.28581 -0.225599 6
    endloop
  endfacet
  facet normal 0.587806 0.809002 -0
    outer loop
      vertex 6.53551 -1.51979 0
      vertex 6.35264 -1.38692 6
      vertex 6.53551 -1.51979 6
    endloop
  endfacet
  facet normal 0.587806 0.809002 0
    outer loop
      vertex 6.35264 -1.38692 6
      vertex 6.53551 -1.51979 0
      vertex 6.35264 -1.38692 0
    endloop
  endfacet
  facet normal 0.248714 0.968577 -0
    outer loop
      vertex 7.16271 -1.76812 0
      vertex 6.94377 -1.7119 6
      vertex 7.16271 -1.76812 6
    endloop
  endfacet
  facet normal 0.248714 0.968577 0
    outer loop
      vertex 6.94377 -1.7119 6
      vertex 7.16271 -1.76812 0
      vertex 6.94377 -1.7119 0
    endloop
  endfacet
  facet normal 0.951059 0.309009 0
    outer loop
      vertex 5.8264 -0.662623 6
      vertex 5.75655 -0.447641 0
      vertex 5.75655 -0.447641 6
    endloop
  endfacet
  facet normal 0.951059 0.309009 0
    outer loop
      vertex 5.75655 -0.447641 0
      vertex 5.8264 -0.662623 6
      vertex 5.8264 -0.662623 0
    endloop
  endfacet
  facet normal 0.998028 0.0627752 0
    outer loop
      vertex 5.71419 -0.225599 6
      vertex 5.7 0 0
      vertex 5.7 0 6
    endloop
  endfacet
  facet normal 0.998028 0.0627752 0
    outer loop
      vertex 5.7 0 0
      vertex 5.71419 -0.225599 6
      vertex 5.71419 -0.225599 0
    endloop
  endfacet
  facet normal -0.368116 0.92978 0
    outer loop
      vertex 8.2664 -1.62869 0
      vertex 8.05623 -1.7119 6
      vertex 8.2664 -1.62869 6
    endloop
  endfacet
  facet normal -0.368116 0.92978 0
    outer loop
      vertex 8.05623 -1.7119 6
      vertex 8.2664 -1.62869 0
      vertex 8.05623 -1.7119 0
    endloop
  endfacet
  facet normal -0.248714 0.968577 0
    outer loop
      vertex 8.05623 -1.7119 0
      vertex 7.83729 -1.76812 6
      vertex 8.05623 -1.7119 6
    endloop
  endfacet
  facet normal -0.248714 0.968577 0
    outer loop
      vertex 7.83729 -1.76812 6
      vertex 8.05623 -1.7119 0
      vertex 7.83729 -1.76812 0
    endloop
  endfacet
  facet normal -0.587806 0.809002 0
    outer loop
      vertex 8.64736 -1.38692 0
      vertex 8.46449 -1.51979 6
      vertex 8.64736 -1.38692 6
    endloop
  endfacet
  facet normal -0.587806 0.809002 0
    outer loop
      vertex 8.46449 -1.51979 6
      vertex 8.64736 -1.38692 0
      vertex 8.46449 -1.51979 0
    endloop
  endfacet
  facet normal -0.481751 0.876308 0
    outer loop
      vertex 8.46449 -1.51979 0
      vertex 8.2664 -1.62869 6
      vertex 8.46449 -1.51979 6
    endloop
  endfacet
  facet normal -0.481751 0.876308 0
    outer loop
      vertex 8.2664 -1.62869 6
      vertex 8.46449 -1.51979 0
      vertex 8.2664 -1.62869 0
    endloop
  endfacet
  facet normal -0.951059 0.309009 0
    outer loop
      vertex 9.1736 -0.662623 0
      vertex 9.24345 -0.447641 6
      vertex 9.24345 -0.447641 0
    endloop
  endfacet
  facet normal -0.951059 0.309009 0
    outer loop
      vertex 9.24345 -0.447641 6
      vertex 9.1736 -0.662623 0
      vertex 9.1736 -0.662623 6
    endloop
  endfacet
  facet normal -0.844327 0.535828 0
    outer loop
      vertex 8.95623 -1.05801 0
      vertex 9.07735 -0.867156 6
      vertex 9.07735 -0.867156 0
    endloop
  endfacet
  facet normal -0.844327 0.535828 0
    outer loop
      vertex 9.07735 -0.867156 6
      vertex 8.95623 -1.05801 0
      vertex 8.95623 -1.05801 6
    endloop
  endfacet
  facet normal 0.125325 0.992116 -0
    outer loop
      vertex 7.38698 -1.79645 0
      vertex 7.16271 -1.76812 6
      vertex 7.38698 -1.79645 6
    endloop
  endfacet
  facet normal 0.125325 0.992116 0
    outer loop
      vertex 7.16271 -1.76812 6
      vertex 7.38698 -1.79645 0
      vertex 7.16271 -1.76812 0
    endloop
  endfacet
  facet normal 0.68455 0.728966 -0
    outer loop
      vertex 6.35264 -1.38692 0
      vertex 6.18786 -1.23218 6
      vertex 6.35264 -1.38692 6
    endloop
  endfacet
  facet normal 0.68455 0.728966 0
    outer loop
      vertex 6.18786 -1.23218 6
      vertex 6.35264 -1.38692 0
      vertex 6.18786 -1.23218 0
    endloop
  endfacet
  facet normal 0.982285 0.187395 0
    outer loop
      vertex 5.75655 -0.447641 6
      vertex 5.71419 -0.225599 0
      vertex 5.71419 -0.225599 6
    endloop
  endfacet
  facet normal 0.982285 0.187395 0
    outer loop
      vertex 5.71419 -0.225599 0
      vertex 5.75655 -0.447641 6
      vertex 5.75655 -0.447641 0
    endloop
  endfacet
  facet normal 0.368116 0.92978 -0
    outer loop
      vertex 6.94377 -1.7119 0
      vertex 6.7336 -1.62869 6
      vertex 6.94377 -1.7119 6
    endloop
  endfacet
  facet normal 0.368116 0.92978 0
    outer loop
      vertex 6.7336 -1.62869 6
      vertex 6.94377 -1.7119 0
      vertex 6.7336 -1.62869 0
    endloop
  endfacet
  facet normal 0.481751 0.876308 -0
    outer loop
      vertex 6.7336 -1.62869 0
      vertex 6.53551 -1.51979 6
      vertex 6.7336 -1.62869 6
    endloop
  endfacet
  facet normal 0.481751 0.876308 0
    outer loop
      vertex 6.53551 -1.51979 6
      vertex 6.7336 -1.62869 0
      vertex 6.53551 -1.51979 0
    endloop
  endfacet
  facet normal 0.844327 0.535828 0
    outer loop
      vertex 6.04377 -1.05801 6
      vertex 5.92265 -0.867156 0
      vertex 5.92265 -0.867156 6
    endloop
  endfacet
  facet normal 0.844327 0.535828 0
    outer loop
      vertex 5.92265 -0.867156 0
      vertex 6.04377 -1.05801 6
      vertex 6.04377 -1.05801 0
    endloop
  endfacet
  facet normal 0.770504 0.637435 0
    outer loop
      vertex 6.18786 -1.23218 6
      vertex 6.04377 -1.05801 0
      vertex 6.04377 -1.05801 6
    endloop
  endfacet
  facet normal 0.770504 0.637435 0
    outer loop
      vertex 6.04377 -1.05801 0
      vertex 6.18786 -1.23218 6
      vertex 6.18786 -1.23218 0
    endloop
  endfacet
  facet normal -0.998025 -0.0628192 0
    outer loop
      vertex 24.3 0 0
      vertex 24.2858 0.225599 6
      vertex 24.2858 0.225599 0
    endloop
  endfacet
  facet normal -0.998025 -0.0628192 0
    outer loop
      vertex 24.2858 0.225599 6
      vertex 24.3 0 0
      vertex 24.3 0 6
    endloop
  endfacet
  facet normal 0.998025 -0.0628192 0
    outer loop
      vertex 20.7 0 6
      vertex 20.7142 0.225599 0
      vertex 20.7142 0.225599 6
    endloop
  endfacet
  facet normal 0.998025 -0.0628192 0
    outer loop
      vertex 20.7142 0.225599 0
      vertex 20.7 0 6
      vertex 20.7 0 0
    endloop
  endfacet
  facet normal 0 -1 0
    outer loop
      vertex 22.387 1.79645 0
      vertex 22.613 1.79645 6
      vertex 22.387 1.79645 6
    endloop
  endfacet
  facet normal 0 -1 -0
    outer loop
      vertex 22.613 1.79645 6
      vertex 22.387 1.79645 0
      vertex 22.613 1.79645 0
    endloop
  endfacet
  facet normal -0.684727 -0.7288 0
    outer loop
      vertex 23.6474 1.38692 0
      vertex 23.8121 1.23218 6
      vertex 23.6474 1.38692 6
    endloop
  endfacet
  facet normal -0.684727 -0.7288 -0
    outer loop
      vertex 23.8121 1.23218 6
      vertex 23.6474 1.38692 0
      vertex 23.8121 1.23218 0
    endloop
  endfacet
  facet normal 0.684727 -0.7288 0
    outer loop
      vertex 21.1879 1.23218 0
      vertex 21.3526 1.38692 6
      vertex 21.1879 1.23218 6
    endloop
  endfacet
  facet normal 0.684727 -0.7288 0
    outer loop
      vertex 21.3526 1.38692 6
      vertex 21.1879 1.23218 0
      vertex 21.3526 1.38692 0
    endloop
  endfacet
  facet normal 0.368071 -0.929798 0
    outer loop
      vertex 21.7336 1.62869 0
      vertex 21.9438 1.7119 6
      vertex 21.7336 1.62869 6
    endloop
  endfacet
  facet normal 0.368071 -0.929798 0
    outer loop
      vertex 21.9438 1.7119 6
      vertex 21.7336 1.62869 0
      vertex 21.9438 1.7119 0
    endloop
  endfacet
  facet normal -0.904905 -0.425613 0
    outer loop
      vertex 24.1736 0.662623 0
      vertex 24.0774 0.867156 6
      vertex 24.0774 0.867156 0
    endloop
  endfacet
  facet normal -0.904905 -0.425613 0
    outer loop
      vertex 24.0774 0.867156 6
      vertex 24.1736 0.662623 0
      vertex 24.1736 0.662623 6
    endloop
  endfacet
  facet normal -0.982333 -0.187139 0
    outer loop
      vertex 24.2858 0.225599 0
      vertex 24.2435 0.447641 6
      vertex 24.2435 0.447641 0
    endloop
  endfacet
  facet normal -0.982333 -0.187139 0
    outer loop
      vertex 24.2435 0.447641 6
      vertex 24.2858 0.225599 0
      vertex 24.2858 0.225599 6
    endloop
  endfacet
  facet normal -0.368071 -0.929798 0
    outer loop
      vertex 23.0562 1.7119 0
      vertex 23.2664 1.62869 6
      vertex 23.0562 1.7119 6
    endloop
  endfacet
  facet normal -0.368071 -0.929798 -0
    outer loop
      vertex 23.2664 1.62869 6
      vertex 23.0562 1.7119 0
      vertex 23.2664 1.62869 0
    endloop
  endfacet
  facet normal -0.248756 -0.968566 0
    outer loop
      vertex 22.8373 1.76812 0
      vertex 23.0562 1.7119 6
      vertex 22.8373 1.76812 6
    endloop
  endfacet
  facet normal -0.248756 -0.968566 -0
    outer loop
      vertex 23.0562 1.7119 6
      vertex 22.8373 1.76812 0
      vertex 23.0562 1.7119 0
    endloop
  endfacet
  facet normal -0.587743 -0.809048 0
    outer loop
      vertex 23.4645 1.51979 0
      vertex 23.6474 1.38692 6
      vertex 23.4645 1.51979 6
    endloop
  endfacet
  facet normal -0.587743 -0.809048 -0
    outer loop
      vertex 23.6474 1.38692 6
      vertex 23.4645 1.51979 0
      vertex 23.6474 1.38692 0
    endloop
  endfacet
  facet normal 0.904905 -0.425613 0
    outer loop
      vertex 20.8264 0.662623 6
      vertex 20.9226 0.867156 0
      vertex 20.9226 0.867156 6
    endloop
  endfacet
  facet normal 0.904905 -0.425613 0
    outer loop
      vertex 20.9226 0.867156 0
      vertex 20.8264 0.662623 6
      vertex 20.8264 0.662623 0
    endloop
  endfacet
  facet normal 0.844167 -0.53608 0
    outer loop
      vertex 20.9226 0.867156 6
      vertex 21.0438 1.05801 0
      vertex 21.0438 1.05801 6
    endloop
  endfacet
  facet normal 0.844167 -0.53608 0
    outer loop
      vertex 21.0438 1.05801 0
      vertex 20.9226 0.867156 6
      vertex 20.9226 0.867156 0
    endloop
  endfacet
  facet normal 0.950994 -0.30921 0
    outer loop
      vertex 20.7565 0.447641 6
      vertex 20.8264 0.662623 0
      vertex 20.8264 0.662623 6
    endloop
  endfacet
  facet normal 0.950994 -0.30921 0
    outer loop
      vertex 20.8264 0.662623 0
      vertex 20.7565 0.447641 6
      vertex 20.7565 0.447641 0
    endloop
  endfacet
  facet normal 0.587743 -0.809048 0
    outer loop
      vertex 21.3526 1.38692 0
      vertex 21.5355 1.51979 6
      vertex 21.3526 1.38692 6
    endloop
  endfacet
  facet normal 0.587743 -0.809048 0
    outer loop
      vertex 21.5355 1.51979 6
      vertex 21.3526 1.38692 0
      vertex 21.5355 1.51979 0
    endloop
  endfacet
  facet normal 0.125309 -0.992118 0
    outer loop
      vertex 22.1627 1.76812 0
      vertex 22.387 1.79645 6
      vertex 22.1627 1.76812 6
    endloop
  endfacet
  facet normal 0.125309 -0.992118 0
    outer loop
      vertex 22.387 1.79645 6
      vertex 22.1627 1.76812 0
      vertex 22.387 1.79645 0
    endloop
  endfacet
  facet normal -0.998025 0.0628192 0
    outer loop
      vertex 24.2858 -0.225599 0
      vertex 24.3 0 6
      vertex 24.3 0 0
    endloop
  endfacet
  facet normal -0.998025 0.0628192 0
    outer loop
      vertex 24.3 0 6
      vertex 24.2858 -0.225599 0
      vertex 24.2858 -0.225599 6
    endloop
  endfacet
  facet normal -0.125309 0.992118 0
    outer loop
      vertex 22.8373 -1.76812 0
      vertex 22.613 -1.79645 6
      vertex 22.8373 -1.76812 6
    endloop
  endfacet
  facet normal -0.125309 0.992118 0
    outer loop
      vertex 22.613 -1.79645 6
      vertex 22.8373 -1.76812 0
      vertex 22.613 -1.79645 0
    endloop
  endfacet
  facet normal -0.950994 -0.30921 0
    outer loop
      vertex 24.2435 0.447641 0
      vertex 24.1736 0.662623 6
      vertex 24.1736 0.662623 0
    endloop
  endfacet
  facet normal -0.950994 -0.30921 0
    outer loop
      vertex 24.1736 0.662623 6
      vertex 24.2435 0.447641 0
      vertex 24.2435 0.447641 6
    endloop
  endfacet
  facet normal -0.770483 -0.637461 0
    outer loop
      vertex 23.9562 1.05801 0
      vertex 23.8121 1.23218 6
      vertex 23.8121 1.23218 0
    endloop
  endfacet
  facet normal -0.770483 -0.637461 0
    outer loop
      vertex 23.8121 1.23218 6
      vertex 23.9562 1.05801 0
      vertex 23.9562 1.05801 6
    endloop
  endfacet
  facet normal -0.844167 -0.53608 0
    outer loop
      vertex 24.0774 0.867156 0
      vertex 23.9562 1.05801 6
      vertex 23.9562 1.05801 0
    endloop
  endfacet
  facet normal -0.844167 -0.53608 0
    outer loop
      vertex 23.9562 1.05801 6
      vertex 24.0774 0.867156 0
      vertex 24.0774 0.867156 6
    endloop
  endfacet
  facet normal -0.125309 -0.992118 0
    outer loop
      vertex 22.613 1.79645 0
      vertex 22.8373 1.76812 6
      vertex 22.613 1.79645 6
    endloop
  endfacet
  facet normal -0.125309 -0.992118 -0
    outer loop
      vertex 22.8373 1.76812 6
      vertex 22.613 1.79645 0
      vertex 22.8373 1.76812 0
    endloop
  endfacet
  facet normal -0.481732 -0.876319 0
    outer loop
      vertex 23.2664 1.62869 0
      vertex 23.4645 1.51979 6
      vertex 23.2664 1.62869 6
    endloop
  endfacet
  facet normal -0.481732 -0.876319 -0
    outer loop
      vertex 23.4645 1.51979 6
      vertex 23.2664 1.62869 0
      vertex 23.4645 1.51979 0
    endloop
  endfacet
  facet normal 0.770483 -0.637461 0
    outer loop
      vertex 21.0438 1.05801 6
      vertex 21.1879 1.23218 0
      vertex 21.1879 1.23218 6
    endloop
  endfacet
  facet normal 0.770483 -0.637461 0
    outer loop
      vertex 21.1879 1.23218 0
      vertex 21.0438 1.05801 6
      vertex 21.0438 1.05801 0
    endloop
  endfacet
  facet normal 0.481732 -0.876319 0
    outer loop
      vertex 21.5355 1.51979 0
      vertex 21.7336 1.62869 6
      vertex 21.5355 1.51979 6
    endloop
  endfacet
  facet normal 0.481732 -0.876319 0
    outer loop
      vertex 21.7336 1.62869 6
      vertex 21.5355 1.51979 0
      vertex 21.7336 1.62869 0
    endloop
  endfacet
  facet normal 0.248756 -0.968566 0
    outer loop
      vertex 21.9438 1.7119 0
      vertex 22.1627 1.76812 6
      vertex 21.9438 1.7119 6
    endloop
  endfacet
  facet normal 0.248756 -0.968566 0
    outer loop
      vertex 22.1627 1.76812 6
      vertex 21.9438 1.7119 0
      vertex 22.1627 1.76812 0
    endloop
  endfacet
  facet normal -0.950994 0.30921 0
    outer loop
      vertex 24.1736 -0.662623 0
      vertex 24.2435 -0.447641 6
      vertex 24.2435 -0.447641 0
    endloop
  endfacet
  facet normal -0.950994 0.30921 0
    outer loop
      vertex 24.2435 -0.447641 6
      vertex 24.1736 -0.662623 0
      vertex 24.1736 -0.662623 6
    endloop
  endfacet
  facet normal -0.982333 0.187139 0
    outer loop
      vertex 24.2435 -0.447641 0
      vertex 24.2858 -0.225599 6
      vertex 24.2858 -0.225599 0
    endloop
  endfacet
  facet normal -0.982333 0.187139 0
    outer loop
      vertex 24.2858 -0.225599 6
      vertex 24.2435 -0.447641 0
      vertex 24.2435 -0.447641 6
    endloop
  endfacet
  facet normal 0.950994 0.30921 0
    outer loop
      vertex 20.8264 -0.662623 6
      vertex 20.7565 -0.447641 0
      vertex 20.7565 -0.447641 6
    endloop
  endfacet
  facet normal 0.950994 0.30921 0
    outer loop
      vertex 20.7565 -0.447641 0
      vertex 20.8264 -0.662623 6
      vertex 20.8264 -0.662623 0
    endloop
  endfacet
  facet normal -0.368071 0.929798 0
    outer loop
      vertex 23.2664 -1.62869 0
      vertex 23.0562 -1.7119 6
      vertex 23.2664 -1.62869 6
    endloop
  endfacet
  facet normal -0.368071 0.929798 0
    outer loop
      vertex 23.0562 -1.7119 6
      vertex 23.2664 -1.62869 0
      vertex 23.0562 -1.7119 0
    endloop
  endfacet
  facet normal -0.248756 0.968566 0
    outer loop
      vertex 23.0562 -1.7119 0
      vertex 22.8373 -1.76812 6
      vertex 23.0562 -1.7119 6
    endloop
  endfacet
  facet normal -0.248756 0.968566 0
    outer loop
      vertex 22.8373 -1.76812 6
      vertex 23.0562 -1.7119 0
      vertex 22.8373 -1.76812 0
    endloop
  endfacet
  facet normal 0.982333 -0.187139 0
    outer loop
      vertex 20.7142 0.225599 6
      vertex 20.7565 0.447641 0
      vertex 20.7565 0.447641 6
    endloop
  endfacet
  facet normal 0.982333 -0.187139 0
    outer loop
      vertex 20.7565 0.447641 0
      vertex 20.7142 0.225599 6
      vertex 20.7142 0.225599 0
    endloop
  endfacet
  facet normal -0.481732 0.876319 0
    outer loop
      vertex 23.4645 -1.51979 0
      vertex 23.2664 -1.62869 6
      vertex 23.4645 -1.51979 6
    endloop
  endfacet
  facet normal -0.481732 0.876319 0
    outer loop
      vertex 23.2664 -1.62869 6
      vertex 23.4645 -1.51979 0
      vertex 23.2664 -1.62869 0
    endloop
  endfacet
  facet normal -0.684727 0.7288 0
    outer loop
      vertex 23.8121 -1.23218 0
      vertex 23.6474 -1.38692 6
      vertex 23.8121 -1.23218 6
    endloop
  endfacet
  facet normal -0.684727 0.7288 0
    outer loop
      vertex 23.6474 -1.38692 6
      vertex 23.8121 -1.23218 0
      vertex 23.6474 -1.38692 0
    endloop
  endfacet
  facet normal -0.904905 0.425613 0
    outer loop
      vertex 24.0774 -0.867156 0
      vertex 24.1736 -0.662623 6
      vertex 24.1736 -0.662623 0
    endloop
  endfacet
  facet normal -0.904905 0.425613 0
    outer loop
      vertex 24.1736 -0.662623 6
      vertex 24.0774 -0.867156 0
      vertex 24.0774 -0.867156 6
    endloop
  endfacet
  facet normal -0.770483 0.637461 0
    outer loop
      vertex 23.8121 -1.23218 0
      vertex 23.9562 -1.05801 6
      vertex 23.9562 -1.05801 0
    endloop
  endfacet
  facet normal -0.770483 0.637461 0
    outer loop
      vertex 23.9562 -1.05801 6
      vertex 23.8121 -1.23218 0
      vertex 23.8121 -1.23218 6
    endloop
  endfacet
  facet normal 0.587743 0.809048 -0
    outer loop
      vertex 21.5355 -1.51979 0
      vertex 21.3526 -1.38692 6
      vertex 21.5355 -1.51979 6
    endloop
  endfacet
  facet normal 0.587743 0.809048 0
    outer loop
      vertex 21.3526 -1.38692 6
      vertex 21.5355 -1.51979 0
      vertex 21.3526 -1.38692 0
    endloop
  endfacet
  facet normal 0.998025 0.0628192 0
    outer loop
      vertex 20.7142 -0.225599 6
      vertex 20.7 0 0
      vertex 20.7 0 6
    endloop
  endfacet
  facet normal 0.998025 0.0628192 0
    outer loop
      vertex 20.7 0 0
      vertex 20.7142 -0.225599 6
      vertex 20.7142 -0.225599 0
    endloop
  endfacet
  facet normal -0.587743 0.809048 0
    outer loop
      vertex 23.6474 -1.38692 0
      vertex 23.4645 -1.51979 6
      vertex 23.6474 -1.38692 6
    endloop
  endfacet
  facet normal -0.587743 0.809048 0
    outer loop
      vertex 23.4645 -1.51979 6
      vertex 23.6474 -1.38692 0
      vertex 23.4645 -1.51979 0
    endloop
  endfacet
  facet normal -0.844167 0.53608 0
    outer loop
      vertex 23.9562 -1.05801 0
      vertex 24.0774 -0.867156 6
      vertex 24.0774 -0.867156 0
    endloop
  endfacet
  facet normal -0.844167 0.53608 0
    outer loop
      vertex 24.0774 -0.867156 6
      vertex 23.9562 -1.05801 0
      vertex 23.9562 -1.05801 6
    endloop
  endfacet
  facet normal 0 1 -0
    outer loop
      vertex 22.613 -1.79645 0
      vertex 22.387 -1.79645 6
      vertex 22.613 -1.79645 6
    endloop
  endfacet
  facet normal 0 1 0
    outer loop
      vertex 22.387 -1.79645 6
      vertex 22.613 -1.79645 0
      vertex 22.387 -1.79645 0
    endloop
  endfacet
  facet normal 0.125309 0.992118 -0
    outer loop
      vertex 22.387 -1.79645 0
      vertex 22.1627 -1.76812 6
      vertex 22.387 -1.79645 6
    endloop
  endfacet
  facet normal 0.125309 0.992118 0
    outer loop
      vertex 22.1627 -1.76812 6
      vertex 22.387 -1.79645 0
      vertex 22.1627 -1.76812 0
    endloop
  endfacet
  facet normal 0.248756 0.968566 -0
    outer loop
      vertex 22.1627 -1.76812 0
      vertex 21.9438 -1.7119 6
      vertex 22.1627 -1.76812 6
    endloop
  endfacet
  facet normal 0.248756 0.968566 0
    outer loop
      vertex 21.9438 -1.7119 6
      vertex 22.1627 -1.76812 0
      vertex 21.9438 -1.7119 0
    endloop
  endfacet
  facet normal 0.684727 0.7288 -0
    outer loop
      vertex 21.3526 -1.38692 0
      vertex 21.1879 -1.23218 6
      vertex 21.3526 -1.38692 6
    endloop
  endfacet
  facet normal 0.684727 0.7288 0
    outer loop
      vertex 21.1879 -1.23218 6
      vertex 21.3526 -1.38692 0
      vertex 21.1879 -1.23218 0
    endloop
  endfacet
  facet normal 0.904905 0.425613 0
    outer loop
      vertex 20.9226 -0.867156 6
      vertex 20.8264 -0.662623 0
      vertex 20.8264 -0.662623 6
    endloop
  endfacet
  facet normal 0.904905 0.425613 0
    outer loop
      vertex 20.8264 -0.662623 0
      vertex 20.9226 -0.867156 6
      vertex 20.9226 -0.867156 0
    endloop
  endfacet
  facet normal 0.982333 0.187139 0
    outer loop
      vertex 20.7565 -0.447641 6
      vertex 20.7142 -0.225599 0
      vertex 20.7142 -0.225599 6
    endloop
  endfacet
  facet normal 0.982333 0.187139 0
    outer loop
      vertex 20.7142 -0.225599 0
      vertex 20.7565 -0.447641 6
      vertex 20.7565 -0.447641 0
    endloop
  endfacet
  facet normal 0.368071 0.929798 -0
    outer loop
      vertex 21.9438 -1.7119 0
      vertex 21.7336 -1.62869 6
      vertex 21.9438 -1.7119 6
    endloop
  endfacet
  facet normal 0.368071 0.929798 0
    outer loop
      vertex 21.7336 -1.62869 6
      vertex 21.9438 -1.7119 0
      vertex 21.7336 -1.62869 0
    endloop
  endfacet
  facet normal 0.481732 0.876319 -0
    outer loop
      vertex 21.7336 -1.62869 0
      vertex 21.5355 -1.51979 6
      vertex 21.7336 -1.62869 6
    endloop
  endfacet
  facet normal 0.481732 0.876319 0
    outer loop
      vertex 21.5355 -1.51979 6
      vertex 21.7336 -1.62869 0
      vertex 21.5355 -1.51979 0
    endloop
  endfacet
  facet normal 0.844167 0.53608 0
    outer loop
      vertex 21.0438 -1.05801 6
      vertex 20.9226 -0.867156 0
      vertex 20.9226 -0.867156 6
    endloop
  endfacet
  facet normal 0.844167 0.53608 0
    outer loop
      vertex 20.9226 -0.867156 0
      vertex 21.0438 -1.05801 6
      vertex 21.0438 -1.05801 0
    endloop
  endfacet
  facet normal 0.770483 0.637461 0
    outer loop
      vertex 21.1879 -1.23218 6
      vertex 21.0438 -1.05801 0
      vertex 21.0438 -1.05801 6
    endloop
  endfacet
  facet normal 0.770483 0.637461 0
    outer loop
      vertex 21.0438 -1.05801 0
      vertex 21.1879 -1.23218 6
      vertex 21.1879 -1.23218 0
    endloop
  endfacet
endsolid OpenSCAD_Model
