solid OpenSCAD_Model
  facet normal -1 0 0
    outer loop
      vertex -22 -2 0
      vertex -22 2 6
      vertex -22 2 0
    endloop
  endfacet
  facet normal -1 -0 0
    outer loop
      vertex -22 2 6
      vertex -22 -2 0
      vertex -22 -2 6
    endloop
  endfacet
  facet normal -0.998029 -0.0627481 0
    outer loop
      vertex -21.9606 -2.62667 0
      vertex -22 -2 6
      vertex -22 -2 0
    endloop
  endfacet
  facet normal -0.998029 -0.0627481 0
    outer loop
      vertex -22 -2 6
      vertex -21.9606 -2.62667 0
      vertex -21.9606 -2.62667 6
    endloop
  endfacet
  facet normal -0.998029 0.0627481 0
    outer loop
      vertex -22 2 0
      vertex -21.9606 2.62667 6
      vertex -21.9606 2.62667 0
    endloop
  endfacet
  facet normal -0.998029 0.0627481 0
    outer loop
      vertex -21.9606 2.62667 6
      vertex -22 2 0
      vertex -22 2 6
    endloop
  endfacet
  facet normal 0 0 1
    outer loop
      vertex 18.0218 1.1964 6
      vertex 22 2 6
      vertex 21.9606 2.62667 6
    endloop
  endfacet
  facet normal 0 0 1
    outer loop
      vertex 22 2 6
      vertex 18.25 0 6
      vertex 22 -2 6
    endloop
  endfacet
  facet normal 0 0 1
    outer loop
      vertex 17.848 1.5657 6
      vertex 21.9606 2.62667 6
      vertex 21.8429 3.24345 6
    endloop
  endfacet
  facet normal -0 0 1
    outer loop
      vertex 18.2244 -0.407332 6
      vertex 22 -2 6
      vertex 18.25 0 6
    endloop
  endfacet
  facet normal 0 0 1
    outer loop
      vertex 17.848 1.5657 6
      vertex 21.8429 3.24345 6
      vertex 21.6489 3.84062 6
    endloop
  endfacet
  facet normal -0 0 1
    outer loop
      vertex 18.1479 -0.808242 6
      vertex 22 -2 6
      vertex 18.2244 -0.407332 6
    endloop
  endfacet
  facet normal 0 0 1
    outer loop
      vertex 17.6293 1.9103 6
      vertex 21.6489 3.84062 6
      vertex 21.3815 4.40877 6
    endloop
  endfacet
  facet normal -0 0 1
    outer loop
      vertex 18.0218 -1.1964 6
      vertex 22 -2 6
      vertex 18.1479 -0.808242 6
    endloop
  endfacet
  facet normal 0 0 1
    outer loop
      vertex 17.6293 1.9103 6
      vertex 21.3815 4.40877 6
      vertex 21.0451 4.93893 6
    endloop
  endfacet
  facet normal 0 0 1
    outer loop
      vertex 22 -2 6
      vertex 18.0218 -1.1964 6
      vertex 21.9606 -2.62667 6
    endloop
  endfacet
  facet normal 0 0 1
    outer loop
      vertex 17.3691 2.22478 6
      vertex 21.0451 4.93893 6
      vertex 20.6448 5.42274 6
    endloop
  endfacet
  facet normal -0 0 1
    outer loop
      vertex 17.848 -1.5657 6
      vertex 21.9606 -2.62667 6
      vertex 18.0218 -1.1964 6
    endloop
  endfacet
  facet normal 0 0 1
    outer loop
      vertex 17.3691 2.22478 6
      vertex 20.6448 5.42274 6
      vertex 20.1871 5.85257 6
    endloop
  endfacet
  facet normal 0 0 1
    outer loop
      vertex 21.9606 -2.62667 6
      vertex 17.848 -1.5657 6
      vertex 21.8429 -3.24345 6
    endloop
  endfacet
  facet normal 0 0 1
    outer loop
      vertex 17.0716 2.50417 6
      vertex 20.1871 5.85257 6
      vertex 19.6791 6.22164 6
    endloop
  endfacet
  facet normal 0 0 1
    outer loop
      vertex 21.8429 -3.24345 6
      vertex 17.848 -1.5657 6
      vertex 21.6489 -3.84062 6
    endloop
  endfacet
  facet normal 0 0 1
    outer loop
      vertex 17.0716 2.50417 6
      vertex 19.6791 6.22164 6
      vertex 19.1289 6.52413 6
    endloop
  endfacet
  facet normal -0 0 1
    outer loop
      vertex 17.6293 -1.9103 6
      vertex 21.6489 -3.84062 6
      vertex 17.848 -1.5657 6
    endloop
  endfacet
  facet normal 0 0 1
    outer loop
      vertex 16.7414 2.74407 6
      vertex 19.1289 6.52413 6
      vertex 18.5451 6.75528 6
    endloop
  endfacet
  facet normal 0 0 1
    outer loop
      vertex 21.6489 -3.84062 6
      vertex 17.6293 -1.9103 6
      vertex 21.3815 -4.40877 6
    endloop
  endfacet
  facet normal 0 0 1
    outer loop
      vertex 21.3815 -4.40877 6
      vertex 17.6293 -1.9103 6
      vertex 21.0451 -4.93893 6
    endloop
  endfacet
  facet normal 0 0 1
    outer loop
      vertex 22 2 6
      vertex 18.2244 0.407332 6
      vertex 18.25 0 6
    endloop
  endfacet
  facet normal 0 0 1
    outer loop
      vertex 22 2 6
      vertex 18.1479 0.808242 6
      vertex 18.2244 0.407332 6
    endloop
  endfacet
  facet normal 0 0 1
    outer loop
      vertex 22 2 6
      vertex 18.0218 1.1964 6
      vertex 18.1479 0.808242 6
    endloop
  endfacet
  facet normal 0 0 1
    outer loop
      vertex 16.7414 2.74407 6
      vertex 18.5451 6.75528 6
      vertex 17.9369 6.91144 6
    endloop
  endfacet
  facet normal 0 0 1
    outer loop
      vertex 21.9606 2.62667 6
      vertex 17.848 1.5657 6
      vertex 18.0218 1.1964 6
    endloop
  endfacet
  facet normal 0 0 1
    outer loop
      vertex 21.6489 3.84062 6
      vertex 17.6293 1.9103 6
      vertex 17.848 1.5657 6
    endloop
  endfacet
  facet normal 0 0 1
    outer loop
      vertex 21.0451 4.93893 6
      vertex 17.3691 2.22478 6
      vertex 17.6293 1.9103 6
    endloop
  endfacet
  facet normal 0 0 1
    outer loop
      vertex 16.3838 2.94069 6
      vertex 17.9369 6.91144 6
      vertex 17.314 6.99013 6
    endloop
  endfacet
  facet normal 0 0 1
    outer loop
      vertex 20.1871 5.85257 6
      vertex 17.0716 2.50417 6
      vertex 17.3691 2.22478 6
    endloop
  endfacet
  facet normal 0 0 1
    outer loop
      vertex 19.1289 6.52413 6
      vertex 16.7414 2.74407 6
      vertex 17.0716 2.50417 6
    endloop
  endfacet
  facet normal 0 0 1
    outer loop
      vertex 17.9369 6.91144 6
      vertex 16.3838 2.94069 6
      vertex 16.7414 2.74407 6
    endloop
  endfacet
  facet normal 0 0 1
    outer loop
      vertex 17.314 6.99013 6
      vertex 16.0043 3.09093 6
      vertex 16.3838 2.94069 6
    endloop
  endfacet
  facet normal 0 0 1
    outer loop
      vertex 17.314 6.99013 6
      vertex 15.609 3.19243 6
      vertex 16.0043 3.09093 6
    endloop
  endfacet
  facet normal 0 0 1
    outer loop
      vertex 17.314 6.99013 6
      vertex 15.2041 3.24359 6
      vertex 15.609 3.19243 6
    endloop
  endfacet
  facet normal 0 0 1
    outer loop
      vertex 17.314 6.99013 6
      vertex 14.7959 3.24359 6
      vertex 15.2041 3.24359 6
    endloop
  endfacet
  facet normal 0 0 1
    outer loop
      vertex 17.314 6.99013 6
      vertex 14.391 3.19243 6
      vertex 14.7959 3.24359 6
    endloop
  endfacet
  facet normal 0 0 1
    outer loop
      vertex 17.314 6.99013 6
      vertex 13.9957 3.09093 6
      vertex 14.391 3.19243 6
    endloop
  endfacet
  facet normal 0 0 1
    outer loop
      vertex 17.314 6.99013 6
      vertex 13.6162 2.94069 6
      vertex 13.9957 3.09093 6
    endloop
  endfacet
  facet normal 0 0 1
    outer loop
      vertex 17.314 6.99013 6
      vertex 13.2586 2.74407 6
      vertex 13.6162 2.94069 6
    endloop
  endfacet
  facet normal 0 0 1
    outer loop
      vertex 7.83729 1.76812 6
      vertex 13.2586 2.74407 6
      vertex 17.314 6.99013 6
    endloop
  endfacet
  facet normal 0 -0 1
    outer loop
      vertex 8.05623 1.7119 6
      vertex 13.2586 2.74407 6
      vertex 7.83729 1.76812 6
    endloop
  endfacet
  facet normal -0 0 1
    outer loop
      vertex 9.28581 0.225599 6
      vertex 11.75 0 6
      vertex 11.7756 0.407332 6
    endloop
  endfacet
  facet normal -0 0 1
    outer loop
      vertex 9.24345 0.447641 6
      vertex 11.7756 0.407332 6
      vertex 11.8521 0.808242 6
    endloop
  endfacet
  facet normal -0 0 1
    outer loop
      vertex 9.07735 0.867156 6
      vertex 11.8521 0.808242 6
      vertex 11.9782 1.1964 6
    endloop
  endfacet
  facet normal 0 0 1
    outer loop
      vertex 8.95623 1.05801 6
      vertex 11.9782 1.1964 6
      vertex 12.152 1.5657 6
    endloop
  endfacet
  facet normal 0 0 1
    outer loop
      vertex 8.81214 1.23218 6
      vertex 12.152 1.5657 6
      vertex 12.3707 1.9103 6
    endloop
  endfacet
  facet normal 0 0 1
    outer loop
      vertex 8.46449 1.51979 6
      vertex 12.3707 1.9103 6
      vertex 12.6309 2.22478 6
    endloop
  endfacet
  facet normal 0 0 1
    outer loop
      vertex 13.2586 2.74407 6
      vertex 8.05623 1.7119 6
      vertex 12.9284 2.50417 6
    endloop
  endfacet
  facet normal 0 0 1
    outer loop
      vertex 11.75 0 6
      vertex 9.28581 0.225599 6
      vertex 9.3 0 6
    endloop
  endfacet
  facet normal 0 0 1
    outer loop
      vertex 11.7756 0.407332 6
      vertex 9.24345 0.447641 6
      vertex 9.28581 0.225599 6
    endloop
  endfacet
  facet normal 0 0 1
    outer loop
      vertex 11.8521 0.808242 6
      vertex 9.1736 0.662623 6
      vertex 9.24345 0.447641 6
    endloop
  endfacet
  facet normal 0 0 1
    outer loop
      vertex 11.8521 0.808242 6
      vertex 9.07735 0.867156 6
      vertex 9.1736 0.662623 6
    endloop
  endfacet
  facet normal 0 0 1
    outer loop
      vertex 11.9782 1.1964 6
      vertex 8.95623 1.05801 6
      vertex 9.07735 0.867156 6
    endloop
  endfacet
  facet normal 0 0 1
    outer loop
      vertex 12.152 1.5657 6
      vertex 8.81214 1.23218 6
      vertex 8.95623 1.05801 6
    endloop
  endfacet
  facet normal 0 0 1
    outer loop
      vertex 12.3707 1.9103 6
      vertex 8.64736 1.38692 6
      vertex 8.81214 1.23218 6
    endloop
  endfacet
  facet normal 0 0 1
    outer loop
      vertex 12.3707 1.9103 6
      vertex 8.46449 1.51979 6
      vertex 8.64736 1.38692 6
    endloop
  endfacet
  facet normal 0 0 1
    outer loop
      vertex 12.6309 2.22478 6
      vertex 8.2664 1.62869 6
      vertex 8.46449 1.51979 6
    endloop
  endfacet
  facet normal 0 0 1
    outer loop
      vertex 12.9284 2.50417 6
      vertex 8.2664 1.62869 6
      vertex 12.6309 2.22478 6
    endloop
  endfacet
  facet normal 0 -0 1
    outer loop
      vertex 8.2664 1.62869 6
      vertex 12.9284 2.50417 6
      vertex 8.05623 1.7119 6
    endloop
  endfacet
  facet normal 0 0 1
    outer loop
      vertex 17.314 6.99013 6
      vertex 7.61302 1.79645 6
      vertex 7.83729 1.76812 6
    endloop
  endfacet
  facet normal 0 0 1
    outer loop
      vertex 17.314 6.99013 6
      vertex 7.38698 1.79645 6
      vertex 7.61302 1.79645 6
    endloop
  endfacet
  facet normal -0 0 1
    outer loop
      vertex 1.38378 2.94069 6
      vertex 7.38698 1.79645 6
      vertex 17.314 6.99013 6
    endloop
  endfacet
  facet normal 0 0 1
    outer loop
      vertex 7.38698 1.79645 6
      vertex 1.38378 2.94069 6
      vertex 7.16271 1.76812 6
    endloop
  endfacet
  facet normal -0 -0 1
    outer loop
      vertex 1.74144 2.74407 6
      vertex 7.16271 1.76812 6
      vertex 1.38378 2.94069 6
    endloop
  endfacet
  facet normal 0 0 1
    outer loop
      vertex 5.71419 0.225599 6
      vertex 3.25 0 6
      vertex 5.7 0 6
    endloop
  endfacet
  facet normal -0 0 1
    outer loop
      vertex 3.22437 0.407332 6
      vertex 5.71419 0.225599 6
      vertex 5.75655 0.447641 6
    endloop
  endfacet
  facet normal 0 0 1
    outer loop
      vertex 3.14789 0.808242 6
      vertex 5.75655 0.447641 6
      vertex 5.8264 0.662623 6
    endloop
  endfacet
  facet normal -0 0 1
    outer loop
      vertex 3.14789 0.808242 6
      vertex 5.8264 0.662623 6
      vertex 5.92265 0.867156 6
    endloop
  endfacet
  facet normal 0 0 1
    outer loop
      vertex 3.02177 1.1964 6
      vertex 5.92265 0.867156 6
      vertex 6.04377 1.05801 6
    endloop
  endfacet
  facet normal 0 0 1
    outer loop
      vertex 2.848 1.5657 6
      vertex 6.04377 1.05801 6
      vertex 6.18786 1.23218 6
    endloop
  endfacet
  facet normal 0 0 1
    outer loop
      vertex 2.6293 1.9103 6
      vertex 6.18786 1.23218 6
      vertex 6.35264 1.38692 6
    endloop
  endfacet
  facet normal 0 0 1
    outer loop
      vertex 2.6293 1.9103 6
      vertex 6.35264 1.38692 6
      vertex 6.53551 1.51979 6
    endloop
  endfacet
  facet normal 0 0 1
    outer loop
      vertex 2.36915 2.22478 6
      vertex 6.53551 1.51979 6
      vertex 6.7336 1.62869 6
    endloop
  endfacet
  facet normal 0 0 1
    outer loop
      vertex 7.16271 1.76812 6
      vertex 1.74144 2.74407 6
      vertex 6.94377 1.7119 6
    endloop
  endfacet
  facet normal 0 0 1
    outer loop
      vertex 5.71419 0.225599 6
      vertex 3.22437 0.407332 6
      vertex 3.25 0 6
    endloop
  endfacet
  facet normal 0 0 1
    outer loop
      vertex 5.75655 0.447641 6
      vertex 3.14789 0.808242 6
      vertex 3.22437 0.407332 6
    endloop
  endfacet
  facet normal 0 0 1
    outer loop
      vertex 5.92265 0.867156 6
      vertex 3.02177 1.1964 6
      vertex 3.14789 0.808242 6
    endloop
  endfacet
  facet normal 0 0 1
    outer loop
      vertex 6.04377 1.05801 6
      vertex 2.848 1.5657 6
      vertex 3.02177 1.1964 6
    endloop
  endfacet
  facet normal 0 0 1
    outer loop
      vertex 6.18786 1.23218 6
      vertex 2.6293 1.9103 6
      vertex 2.848 1.5657 6
    endloop
  endfacet
  facet normal 0 0 1
    outer loop
      vertex 6.53551 1.51979 6
      vertex 2.36915 2.22478 6
      vertex 2.6293 1.9103 6
    endloop
  endfacet
  facet normal 0 0 1
    outer loop
      vertex 6.7336 1.62869 6
      vertex 2.07163 2.50417 6
      vertex 2.36915 2.22478 6
    endloop
  endfacet
  facet normal 0 0 1
    outer loop
      vertex 6.94377 1.7119 6
      vertex 2.07163 2.50417 6
      vertex 6.7336 1.62869 6
    endloop
  endfacet
  facet normal -0 -0 1
    outer loop
      vertex 2.07163 2.50417 6
      vertex 6.94377 1.7119 6
      vertex 1.74144 2.74407 6
    endloop
  endfacet
  facet normal 0 0 1
    outer loop
      vertex 17.314 6.99013 6
      vertex 1.0043 3.09093 6
      vertex 1.38378 2.94069 6
    endloop
  endfacet
  facet normal 0 0 1
    outer loop
      vertex 17.314 6.99013 6
      vertex 0.608989 3.19243 6
      vertex 1.0043 3.09093 6
    endloop
  endfacet
  facet normal 0 0 1
    outer loop
      vertex 17.314 6.99013 6
      vertex 0.204069 3.24359 6
      vertex 0.608989 3.19243 6
    endloop
  endfacet
  facet normal 0 0 1
    outer loop
      vertex 17.314 6.99013 6
      vertex -0.204069 3.24359 6
      vertex 0.204069 3.24359 6
    endloop
  endfacet
  facet normal -0 0 1
    outer loop
      vertex -17.314 6.99013 6
      vertex -0.204069 3.24359 6
      vertex 17.314 6.99013 6
    endloop
  endfacet
  facet normal -0 0 1
    outer loop
      vertex -5.71419 0.225599 6
      vertex -3.25 0 6
      vertex -3.22437 0.407332 6
    endloop
  endfacet
  facet normal -0 0 1
    outer loop
      vertex -5.75655 0.447641 6
      vertex -3.22437 0.407332 6
      vertex -3.14789 0.808242 6
    endloop
  endfacet
  facet normal -0 0 1
    outer loop
      vertex -5.92265 0.867156 6
      vertex -3.14789 0.808242 6
      vertex -3.02177 1.1964 6
    endloop
  endfacet
  facet normal 0 0 1
    outer loop
      vertex -6.04377 1.05801 6
      vertex -3.02177 1.1964 6
      vertex -2.848 1.5657 6
    endloop
  endfacet
  facet normal 0 0 1
    outer loop
      vertex -6.18786 1.23218 6
      vertex -2.848 1.5657 6
      vertex -2.6293 1.9103 6
    endloop
  endfacet
  facet normal 0 0 1
    outer loop
      vertex -6.53551 1.51979 6
      vertex -2.6293 1.9103 6
      vertex -2.36915 2.22478 6
    endloop
  endfacet
  facet normal 0 0 1
    outer loop
      vertex -6.7336 1.62869 6
      vertex -2.36915 2.22478 6
      vertex -2.07163 2.50417 6
    endloop
  endfacet
  facet normal 0 0 1
    outer loop
      vertex -6.94377 1.7119 6
      vertex -2.07163 2.50417 6
      vertex -1.74144 2.74407 6
    endloop
  endfacet
  facet normal 0 0 1
    outer loop
      vertex -3.25 0 6
      vertex -5.71419 0.225599 6
      vertex -5.7 0 6
    endloop
  endfacet
  facet normal 0 0 1
    outer loop
      vertex -3.22437 0.407332 6
      vertex -5.75655 0.447641 6
      vertex -5.71419 0.225599 6
    endloop
  endfacet
  facet normal 0 0 1
    outer loop
      vertex -3.14789 0.808242 6
      vertex -5.8264 0.662623 6
      vertex -5.75655 0.447641 6
    endloop
  endfacet
  facet normal 0 0 1
    outer loop
      vertex -7.16271 1.76812 6
      vertex -1.74144 2.74407 6
      vertex -1.38378 2.94069 6
    endloop
  endfacet
  facet normal 0 0 1
    outer loop
      vertex -3.14789 0.808242 6
      vertex -5.92265 0.867156 6
      vertex -5.8264 0.662623 6
    endloop
  endfacet
  facet normal 0 0 1
    outer loop
      vertex -3.02177 1.1964 6
      vertex -6.04377 1.05801 6
      vertex -5.92265 0.867156 6
    endloop
  endfacet
  facet normal 0 0 1
    outer loop
      vertex -2.848 1.5657 6
      vertex -6.18786 1.23218 6
      vertex -6.04377 1.05801 6
    endloop
  endfacet
  facet normal 0 0 1
    outer loop
      vertex -17.314 6.99013 6
      vertex -1.38378 2.94069 6
      vertex -1.0043 3.09093 6
    endloop
  endfacet
  facet normal 0 0 1
    outer loop
      vertex -2.6293 1.9103 6
      vertex -6.35264 1.38692 6
      vertex -6.18786 1.23218 6
    endloop
  endfacet
  facet normal 0 0 1
    outer loop
      vertex -2.6293 1.9103 6
      vertex -6.53551 1.51979 6
      vertex -6.35264 1.38692 6
    endloop
  endfacet
  facet normal 0 0 1
    outer loop
      vertex -2.36915 2.22478 6
      vertex -6.7336 1.62869 6
      vertex -6.53551 1.51979 6
    endloop
  endfacet
  facet normal 0 0 1
    outer loop
      vertex -17.314 6.99013 6
      vertex -1.0043 3.09093 6
      vertex -0.608989 3.19243 6
    endloop
  endfacet
  facet normal 0 0 1
    outer loop
      vertex -2.07163 2.50417 6
      vertex -6.94377 1.7119 6
      vertex -6.7336 1.62869 6
    endloop
  endfacet
  facet normal 0 0 1
    outer loop
      vertex -1.74144 2.74407 6
      vertex -7.16271 1.76812 6
      vertex -6.94377 1.7119 6
    endloop
  endfacet
  facet normal 0 0 1
    outer loop
      vertex -1.38378 2.94069 6
      vertex -7.38698 1.79645 6
      vertex -7.16271 1.76812 6
    endloop
  endfacet
  facet normal 0 0 1
    outer loop
      vertex -0.204069 3.24359 6
      vertex -17.314 6.99013 6
      vertex -0.608989 3.19243 6
    endloop
  endfacet
  facet normal 0 0 1
    outer loop
      vertex -1.38378 2.94069 6
      vertex -17.314 6.99013 6
      vertex -7.38698 1.79645 6
    endloop
  endfacet
  facet normal 0 0 1
    outer loop
      vertex -7.38698 1.79645 6
      vertex -17.314 6.99013 6
      vertex -7.61302 1.79645 6
    endloop
  endfacet
  facet normal 0 0 1
    outer loop
      vertex -9.28581 0.225599 6
      vertex -11.75 0 6
      vertex -9.3 0 6
    endloop
  endfacet
  facet normal -0 0 1
    outer loop
      vertex -11.7756 0.407332 6
      vertex -9.28581 0.225599 6
      vertex -9.24345 0.447641 6
    endloop
  endfacet
  facet normal 0 0 1
    outer loop
      vertex -11.8521 0.808242 6
      vertex -9.24345 0.447641 6
      vertex -9.1736 0.662623 6
    endloop
  endfacet
  facet normal -0 0 1
    outer loop
      vertex -11.8521 0.808242 6
      vertex -9.1736 0.662623 6
      vertex -9.07735 0.867156 6
    endloop
  endfacet
  facet normal 0 0 1
    outer loop
      vertex -11.9782 1.1964 6
      vertex -9.07735 0.867156 6
      vertex -8.95623 1.05801 6
    endloop
  endfacet
  facet normal 0 0 1
    outer loop
      vertex -12.152 1.5657 6
      vertex -8.95623 1.05801 6
      vertex -8.81214 1.23218 6
    endloop
  endfacet
  facet normal 0 0 1
    outer loop
      vertex -12.3707 1.9103 6
      vertex -8.81214 1.23218 6
      vertex -8.64736 1.38692 6
    endloop
  endfacet
  facet normal 0 0 1
    outer loop
      vertex -12.3707 1.9103 6
      vertex -8.64736 1.38692 6
      vertex -8.46449 1.51979 6
    endloop
  endfacet
  facet normal 0 0 1
    outer loop
      vertex -12.6309 2.22478 6
      vertex -8.46449 1.51979 6
      vertex -8.2664 1.62869 6
    endloop
  endfacet
  facet normal 0 0 1
    outer loop
      vertex -9.28581 0.225599 6
      vertex -11.7756 0.407332 6
      vertex -11.75 0 6
    endloop
  endfacet
  facet normal 0 0 1
    outer loop
      vertex -12.9284 2.50417 6
      vertex -8.2664 1.62869 6
      vertex -8.05623 1.7119 6
    endloop
  endfacet
  facet normal 0 0 1
    outer loop
      vertex -9.24345 0.447641 6
      vertex -11.8521 0.808242 6
      vertex -11.7756 0.407332 6
    endloop
  endfacet
  facet normal 0 0 1
    outer loop
      vertex -13.2586 2.74407 6
      vertex -8.05623 1.7119 6
      vertex -7.83729 1.76812 6
    endloop
  endfacet
  facet normal 0 0 1
    outer loop
      vertex -9.07735 0.867156 6
      vertex -11.9782 1.1964 6
      vertex -11.8521 0.808242 6
    endloop
  endfacet
  facet normal 0 0 1
    outer loop
      vertex -7.61302 1.79645 6
      vertex -17.314 6.99013 6
      vertex -7.83729 1.76812 6
    endloop
  endfacet
  facet normal 0 0 1
    outer loop
      vertex -8.95623 1.05801 6
      vertex -12.152 1.5657 6
      vertex -11.9782 1.1964 6
    endloop
  endfacet
  facet normal 0 0 1
    outer loop
      vertex -8.81214 1.23218 6
      vertex -12.3707 1.9103 6
      vertex -12.152 1.5657 6
    endloop
  endfacet
  facet normal 0 0 1
    outer loop
      vertex -8.46449 1.51979 6
      vertex -12.6309 2.22478 6
      vertex -12.3707 1.9103 6
    endloop
  endfacet
  facet normal 0 0 1
    outer loop
      vertex -8.2664 1.62869 6
      vertex -12.9284 2.50417 6
      vertex -12.6309 2.22478 6
    endloop
  endfacet
  facet normal -0 -0 1
    outer loop
      vertex -13.2586 2.74407 6
      vertex -7.83729 1.76812 6
      vertex -17.314 6.99013 6
    endloop
  endfacet
  facet normal 0 0 1
    outer loop
      vertex -8.05623 1.7119 6
      vertex -13.2586 2.74407 6
      vertex -12.9284 2.50417 6
    endloop
  endfacet
  facet normal 0 0 1
    outer loop
      vertex -13.2586 2.74407 6
      vertex -17.314 6.99013 6
      vertex -13.6162 2.94069 6
    endloop
  endfacet
  facet normal 0 0 1
    outer loop
      vertex -13.6162 2.94069 6
      vertex -17.314 6.99013 6
      vertex -13.9957 3.09093 6
    endloop
  endfacet
  facet normal 0 0 1
    outer loop
      vertex -13.9957 3.09093 6
      vertex -17.314 6.99013 6
      vertex -14.391 3.19243 6
    endloop
  endfacet
  facet normal 0 0 1
    outer loop
      vertex -14.391 3.19243 6
      vertex -17.314 6.99013 6
      vertex -14.7959 3.24359 6
    endloop
  endfacet
  facet normal 0 0 1
    outer loop
      vertex -14.7959 3.24359 6
      vertex -17.314 6.99013 6
      vertex -15.2041 3.24359 6
    endloop
  endfacet
  facet normal 0 0 1
    outer loop
      vertex -17.314 6.99013 6
      vertex -15.609 3.19243 6
      vertex -15.2041 3.24359 6
    endloop
  endfacet
  facet normal 0 0 1
    outer loop
      vertex -17.314 6.99013 6
      vertex -16.0043 3.09093 6
      vertex -15.609 3.19243 6
    endloop
  endfacet
  facet normal 0 0 1
    outer loop
      vertex -17.314 6.99013 6
      vertex -16.3838 2.94069 6
      vertex -16.0043 3.09093 6
    endloop
  endfacet
  facet normal -0 0 1
    outer loop
      vertex -17.9369 6.91144 6
      vertex -16.3838 2.94069 6
      vertex -17.314 6.99013 6
    endloop
  endfacet
  facet normal 0 0 1
    outer loop
      vertex -16.3838 2.94069 6
      vertex -17.9369 6.91144 6
      vertex -16.7414 2.74407 6
    endloop
  endfacet
  facet normal -0 0 1
    outer loop
      vertex -18.5451 6.75528 6
      vertex -16.7414 2.74407 6
      vertex -17.9369 6.91144 6
    endloop
  endfacet
  facet normal -0 0 1
    outer loop
      vertex -19.1289 6.52413 6
      vertex -16.7414 2.74407 6
      vertex -18.5451 6.75528 6
    endloop
  endfacet
  facet normal 0 0 1
    outer loop
      vertex -16.7414 2.74407 6
      vertex -19.1289 6.52413 6
      vertex -17.0716 2.50417 6
    endloop
  endfacet
  facet normal -0 0 1
    outer loop
      vertex -19.6791 6.22164 6
      vertex -17.0716 2.50417 6
      vertex -19.1289 6.52413 6
    endloop
  endfacet
  facet normal -0 0 1
    outer loop
      vertex -20.1871 5.85257 6
      vertex -17.0716 2.50417 6
      vertex -19.6791 6.22164 6
    endloop
  endfacet
  facet normal 0 0 1
    outer loop
      vertex -17.0716 2.50417 6
      vertex -20.1871 5.85257 6
      vertex -17.3691 2.22478 6
    endloop
  endfacet
  facet normal -0 0 1
    outer loop
      vertex -20.6448 5.42274 6
      vertex -17.3691 2.22478 6
      vertex -20.1871 5.85257 6
    endloop
  endfacet
  facet normal -0 0 1
    outer loop
      vertex -21.0451 4.93893 6
      vertex -17.3691 2.22478 6
      vertex -20.6448 5.42274 6
    endloop
  endfacet
  facet normal 0 0 1
    outer loop
      vertex -17.3691 2.22478 6
      vertex -21.0451 4.93893 6
      vertex -17.6293 1.9103 6
    endloop
  endfacet
  facet normal -0 0 1
    outer loop
      vertex 17.3691 -2.22478 6
      vertex 21.0451 -4.93893 6
      vertex 17.6293 -1.9103 6
    endloop
  endfacet
  facet normal 0 0 1
    outer loop
      vertex 21.0451 -4.93893 6
      vertex 17.3691 -2.22478 6
      vertex 20.6448 -5.42274 6
    endloop
  endfacet
  facet normal 0 0 1
    outer loop
      vertex 20.6448 -5.42274 6
      vertex 17.3691 -2.22478 6
      vertex 20.1871 -5.85257 6
    endloop
  endfacet
  facet normal -0 0 1
    outer loop
      vertex 17.0716 -2.50417 6
      vertex 20.1871 -5.85257 6
      vertex 17.3691 -2.22478 6
    endloop
  endfacet
  facet normal 0 0 1
    outer loop
      vertex 20.1871 -5.85257 6
      vertex 17.0716 -2.50417 6
      vertex 19.6791 -6.22164 6
    endloop
  endfacet
  facet normal 0 0 1
    outer loop
      vertex 19.6791 -6.22164 6
      vertex 17.0716 -2.50417 6
      vertex 19.1289 -6.52413 6
    endloop
  endfacet
  facet normal -0 0 1
    outer loop
      vertex 16.7414 -2.74407 6
      vertex 19.1289 -6.52413 6
      vertex 17.0716 -2.50417 6
    endloop
  endfacet
  facet normal 0 0 1
    outer loop
      vertex 19.1289 -6.52413 6
      vertex 16.7414 -2.74407 6
      vertex 18.5451 -6.75528 6
    endloop
  endfacet
  facet normal 0 0 1
    outer loop
      vertex 18.5451 -6.75528 6
      vertex 16.7414 -2.74407 6
      vertex 17.9369 -6.91144 6
    endloop
  endfacet
  facet normal -0 0 1
    outer loop
      vertex 16.3838 -2.94069 6
      vertex 17.9369 -6.91144 6
      vertex 16.7414 -2.74407 6
    endloop
  endfacet
  facet normal 0 0 1
    outer loop
      vertex 17.9369 -6.91144 6
      vertex 16.3838 -2.94069 6
      vertex 17.314 -6.99013 6
    endloop
  endfacet
  facet normal -0 0 1
    outer loop
      vertex 16.0043 -3.09093 6
      vertex 17.314 -6.99013 6
      vertex 16.3838 -2.94069 6
    endloop
  endfacet
  facet normal -0 0 1
    outer loop
      vertex 15.609 -3.19243 6
      vertex 17.314 -6.99013 6
      vertex 16.0043 -3.09093 6
    endloop
  endfacet
  facet normal -0 0 1
    outer loop
      vertex 15.2041 -3.24359 6
      vertex 17.314 -6.99013 6
      vertex 15.609 -3.19243 6
    endloop
  endfacet
  facet normal -0 0 1
    outer loop
      vertex 14.7959 -3.24359 6
      vertex 17.314 -6.99013 6
      vertex 15.2041 -3.24359 6
    endloop
  endfacet
  facet normal 0 0 1
    outer loop
      vertex 14.391 -3.19243 6
      vertex 17.314 -6.99013 6
      vertex 14.7959 -3.24359 6
    endloop
  endfacet
  facet normal 0 0 1
    outer loop
      vertex 13.9957 -3.09093 6
      vertex 17.314 -6.99013 6
      vertex 14.391 -3.19243 6
    endloop
  endfacet
  facet normal 0 0 1
    outer loop
      vertex 13.6162 -2.94069 6
      vertex 17.314 -6.99013 6
      vertex 13.9957 -3.09093 6
    endloop
  endfacet
  facet normal 0 0 1
    outer loop
      vertex 13.2586 -2.74407 6
      vertex 17.314 -6.99013 6
      vertex 13.6162 -2.94069 6
    endloop
  endfacet
  facet normal 0 0 1
    outer loop
      vertex 8.05623 -1.7119 6
      vertex 13.2586 -2.74407 6
      vertex 12.9284 -2.50417 6
    endloop
  endfacet
  facet normal 0 0 1
    outer loop
      vertex 8.2664 -1.62869 6
      vertex 12.9284 -2.50417 6
      vertex 12.6309 -2.22478 6
    endloop
  endfacet
  facet normal 0 0 1
    outer loop
      vertex 9.28581 -0.225599 6
      vertex 11.75 0 6
      vertex 9.3 0 6
    endloop
  endfacet
  facet normal 0 0 1
    outer loop
      vertex 11.75 0 6
      vertex 9.28581 -0.225599 6
      vertex 11.7756 -0.407332 6
    endloop
  endfacet
  facet normal 0 0 1
    outer loop
      vertex 9.24345 -0.447641 6
      vertex 11.7756 -0.407332 6
      vertex 9.28581 -0.225599 6
    endloop
  endfacet
  facet normal 0 0 1
    outer loop
      vertex 11.7756 -0.407332 6
      vertex 9.24345 -0.447641 6
      vertex 11.8521 -0.808242 6
    endloop
  endfacet
  facet normal -0 0 1
    outer loop
      vertex 9.1736 -0.662623 6
      vertex 11.8521 -0.808242 6
      vertex 9.24345 -0.447641 6
    endloop
  endfacet
  facet normal 0 0 1
    outer loop
      vertex 9.07735 -0.867156 6
      vertex 11.8521 -0.808242 6
      vertex 9.1736 -0.662623 6
    endloop
  endfacet
  facet normal 0 0 1
    outer loop
      vertex 11.8521 -0.808242 6
      vertex 9.07735 -0.867156 6
      vertex 11.9782 -1.1964 6
    endloop
  endfacet
  facet normal -0 0 1
    outer loop
      vertex 8.95623 -1.05801 6
      vertex 11.9782 -1.1964 6
      vertex 9.07735 -0.867156 6
    endloop
  endfacet
  facet normal 0 0 1
    outer loop
      vertex 11.9782 -1.1964 6
      vertex 8.95623 -1.05801 6
      vertex 12.152 -1.5657 6
    endloop
  endfacet
  facet normal -0 0 1
    outer loop
      vertex 8.81214 -1.23218 6
      vertex 12.152 -1.5657 6
      vertex 8.95623 -1.05801 6
    endloop
  endfacet
  facet normal 0 0 1
    outer loop
      vertex 12.152 -1.5657 6
      vertex 8.81214 -1.23218 6
      vertex 12.3707 -1.9103 6
    endloop
  endfacet
  facet normal -0 0 1
    outer loop
      vertex 8.64736 -1.38692 6
      vertex 12.3707 -1.9103 6
      vertex 8.81214 -1.23218 6
    endloop
  endfacet
  facet normal -0 0 1
    outer loop
      vertex 8.46449 -1.51979 6
      vertex 12.3707 -1.9103 6
      vertex 8.64736 -1.38692 6
    endloop
  endfacet
  facet normal 0 0 1
    outer loop
      vertex 12.3707 -1.9103 6
      vertex 8.46449 -1.51979 6
      vertex 12.6309 -2.22478 6
    endloop
  endfacet
  facet normal -0 0 1
    outer loop
      vertex 8.2664 -1.62869 6
      vertex 12.6309 -2.22478 6
      vertex 8.46449 -1.51979 6
    endloop
  endfacet
  facet normal 0 0 1
    outer loop
      vertex 12.9284 -2.50417 6
      vertex 8.2664 -1.62869 6
      vertex 8.05623 -1.7119 6
    endloop
  endfacet
  facet normal 0 0 1
    outer loop
      vertex 13.2586 -2.74407 6
      vertex 8.05623 -1.7119 6
      vertex 7.83729 -1.76812 6
    endloop
  endfacet
  facet normal 0 0 1
    outer loop
      vertex 13.2586 -2.74407 6
      vertex 7.83729 -1.76812 6
      vertex 17.314 -6.99013 6
    endloop
  endfacet
  facet normal -0 0 1
    outer loop
      vertex 7.61302 -1.79645 6
      vertex 17.314 -6.99013 6
      vertex 7.83729 -1.76812 6
    endloop
  endfacet
  facet normal -0 0 1
    outer loop
      vertex 7.38698 -1.79645 6
      vertex 17.314 -6.99013 6
      vertex 7.61302 -1.79645 6
    endloop
  endfacet
  facet normal 0 0 1
    outer loop
      vertex 1.38378 -2.94069 6
      vertex 7.38698 -1.79645 6
      vertex 7.16271 -1.76812 6
    endloop
  endfacet
  facet normal 0 0 1
    outer loop
      vertex 1.74144 -2.74407 6
      vertex 7.16271 -1.76812 6
      vertex 6.94377 -1.7119 6
    endloop
  endfacet
  facet normal 0 0 1
    outer loop
      vertex 2.07163 -2.50417 6
      vertex 6.94377 -1.7119 6
      vertex 6.7336 -1.62869 6
    endloop
  endfacet
  facet normal -0 0 1
    outer loop
      vertex 3.25 0 6
      vertex 5.71419 -0.225599 6
      vertex 5.7 0 6
    endloop
  endfacet
  facet normal 0 0 1
    outer loop
      vertex 3.22437 -0.407332 6
      vertex 5.71419 -0.225599 6
      vertex 3.25 0 6
    endloop
  endfacet
  facet normal 0 0 1
    outer loop
      vertex 5.71419 -0.225599 6
      vertex 3.22437 -0.407332 6
      vertex 5.75655 -0.447641 6
    endloop
  endfacet
  facet normal 0 0 1
    outer loop
      vertex 3.14789 -0.808242 6
      vertex 5.75655 -0.447641 6
      vertex 3.22437 -0.407332 6
    endloop
  endfacet
  facet normal 0 0 1
    outer loop
      vertex 5.75655 -0.447641 6
      vertex 3.14789 -0.808242 6
      vertex 5.8264 -0.662623 6
    endloop
  endfacet
  facet normal 0 0 1
    outer loop
      vertex 5.8264 -0.662623 6
      vertex 3.14789 -0.808242 6
      vertex 5.92265 -0.867156 6
    endloop
  endfacet
  facet normal 0 0 1
    outer loop
      vertex 3.02177 -1.1964 6
      vertex 5.92265 -0.867156 6
      vertex 3.14789 -0.808242 6
    endloop
  endfacet
  facet normal 0 0 1
    outer loop
      vertex 5.92265 -0.867156 6
      vertex 3.02177 -1.1964 6
      vertex 6.04377 -1.05801 6
    endloop
  endfacet
  facet normal 0 0 1
    outer loop
      vertex 2.848 -1.5657 6
      vertex 6.04377 -1.05801 6
      vertex 3.02177 -1.1964 6
    endloop
  endfacet
  facet normal 0 0 1
    outer loop
      vertex 6.04377 -1.05801 6
      vertex 2.848 -1.5657 6
      vertex 6.18786 -1.23218 6
    endloop
  endfacet
  facet normal 0 0 1
    outer loop
      vertex 2.6293 -1.9103 6
      vertex 6.18786 -1.23218 6
      vertex 2.848 -1.5657 6
    endloop
  endfacet
  facet normal 0 0 1
    outer loop
      vertex 6.18786 -1.23218 6
      vertex 2.6293 -1.9103 6
      vertex 6.35264 -1.38692 6
    endloop
  endfacet
  facet normal 0 0 1
    outer loop
      vertex 6.35264 -1.38692 6
      vertex 2.6293 -1.9103 6
      vertex 6.53551 -1.51979 6
    endloop
  endfacet
  facet normal 0 0 1
    outer loop
      vertex 2.36915 -2.22478 6
      vertex 6.53551 -1.51979 6
      vertex 2.6293 -1.9103 6
    endloop
  endfacet
  facet normal 0 0 1
    outer loop
      vertex 6.53551 -1.51979 6
      vertex 2.36915 -2.22478 6
      vertex 6.7336 -1.62869 6
    endloop
  endfacet
  facet normal 0 0 1
    outer loop
      vertex 2.07163 -2.50417 6
      vertex 6.7336 -1.62869 6
      vertex 2.36915 -2.22478 6
    endloop
  endfacet
  facet normal 0 0 1
    outer loop
      vertex 6.94377 -1.7119 6
      vertex 2.07163 -2.50417 6
      vertex 1.74144 -2.74407 6
    endloop
  endfacet
  facet normal 0 0 1
    outer loop
      vertex 7.16271 -1.76812 6
      vertex 1.74144 -2.74407 6
      vertex 1.38378 -2.94069 6
    endloop
  endfacet
  facet normal 0 0 1
    outer loop
      vertex 7.38698 -1.79645 6
      vertex 1.38378 -2.94069 6
      vertex 17.314 -6.99013 6
    endloop
  endfacet
  facet normal -0 0 1
    outer loop
      vertex 1.0043 -3.09093 6
      vertex 17.314 -6.99013 6
      vertex 1.38378 -2.94069 6
    endloop
  endfacet
  facet normal -0 0 1
    outer loop
      vertex 0.608989 -3.19243 6
      vertex 17.314 -6.99013 6
      vertex 1.0043 -3.09093 6
    endloop
  endfacet
  facet normal -0 0 1
    outer loop
      vertex 0.204069 -3.24359 6
      vertex 17.314 -6.99013 6
      vertex 0.608989 -3.19243 6
    endloop
  endfacet
  facet normal -0 0 1
    outer loop
      vertex -0.204069 -3.24359 6
      vertex 17.314 -6.99013 6
      vertex 0.204069 -3.24359 6
    endloop
  endfacet
  facet normal 0 0 1
    outer loop
      vertex -17.314 -6.99013 6
      vertex -0.204069 -3.24359 6
      vertex -0.608989 -3.19243 6
    endloop
  endfacet
  facet normal 0 0 1
    outer loop
      vertex -5.71419 -0.225599 6
      vertex -3.25 0 6
      vertex -5.7 0 6
    endloop
  endfacet
  facet normal 0 0 1
    outer loop
      vertex -3.25 0 6
      vertex -5.71419 -0.225599 6
      vertex -3.22437 -0.407332 6
    endloop
  endfacet
  facet normal 0 0 1
    outer loop
      vertex -5.75655 -0.447641 6
      vertex -3.22437 -0.407332 6
      vertex -5.71419 -0.225599 6
    endloop
  endfacet
  facet normal 0 0 1
    outer loop
      vertex -3.22437 -0.407332 6
      vertex -5.75655 -0.447641 6
      vertex -3.14789 -0.808242 6
    endloop
  endfacet
  facet normal -0 0 1
    outer loop
      vertex -5.8264 -0.662623 6
      vertex -3.14789 -0.808242 6
      vertex -5.75655 -0.447641 6
    endloop
  endfacet
  facet normal 0 0 1
    outer loop
      vertex -5.92265 -0.867156 6
      vertex -3.14789 -0.808242 6
      vertex -5.8264 -0.662623 6
    endloop
  endfacet
  facet normal 0 0 1
    outer loop
      vertex -3.14789 -0.808242 6
      vertex -5.92265 -0.867156 6
      vertex -3.02177 -1.1964 6
    endloop
  endfacet
  facet normal -0 0 1
    outer loop
      vertex -6.04377 -1.05801 6
      vertex -3.02177 -1.1964 6
      vertex -5.92265 -0.867156 6
    endloop
  endfacet
  facet normal 0 0 1
    outer loop
      vertex -3.02177 -1.1964 6
      vertex -6.04377 -1.05801 6
      vertex -2.848 -1.5657 6
    endloop
  endfacet
  facet normal -0 0 1
    outer loop
      vertex -6.18786 -1.23218 6
      vertex -2.848 -1.5657 6
      vertex -6.04377 -1.05801 6
    endloop
  endfacet
  facet normal 0 0 1
    outer loop
      vertex -2.848 -1.5657 6
      vertex -6.18786 -1.23218 6
      vertex -2.6293 -1.9103 6
    endloop
  endfacet
  facet normal -0 0 1
    outer loop
      vertex -6.35264 -1.38692 6
      vertex -2.6293 -1.9103 6
      vertex -6.18786 -1.23218 6
    endloop
  endfacet
  facet normal -0 0 1
    outer loop
      vertex -6.53551 -1.51979 6
      vertex -2.6293 -1.9103 6
      vertex -6.35264 -1.38692 6
    endloop
  endfacet
  facet normal 0 0 1
    outer loop
      vertex -2.6293 -1.9103 6
      vertex -6.53551 -1.51979 6
      vertex -2.36915 -2.22478 6
    endloop
  endfacet
  facet normal -0 0 1
    outer loop
      vertex -6.7336 -1.62869 6
      vertex -2.36915 -2.22478 6
      vertex -6.53551 -1.51979 6
    endloop
  endfacet
  facet normal 0 0 1
    outer loop
      vertex -2.36915 -2.22478 6
      vertex -6.7336 -1.62869 6
      vertex -2.07163 -2.50417 6
    endloop
  endfacet
  facet normal -0 0 1
    outer loop
      vertex -6.94377 -1.7119 6
      vertex -2.07163 -2.50417 6
      vertex -6.7336 -1.62869 6
    endloop
  endfacet
  facet normal 0 0 1
    outer loop
      vertex -2.07163 -2.50417 6
      vertex -6.94377 -1.7119 6
      vertex -1.74144 -2.74407 6
    endloop
  endfacet
  facet normal -0 0 1
    outer loop
      vertex -7.16271 -1.76812 6
      vertex -1.74144 -2.74407 6
      vertex -6.94377 -1.7119 6
    endloop
  endfacet
  facet normal 0 0 1
    outer loop
      vertex -1.74144 -2.74407 6
      vertex -7.16271 -1.76812 6
      vertex -1.38378 -2.94069 6
    endloop
  endfacet
  facet normal -0 0 1
    outer loop
      vertex -7.38698 -1.79645 6
      vertex -1.38378 -2.94069 6
      vertex -7.16271 -1.76812 6
    endloop
  endfacet
  facet normal 0 0 1
    outer loop
      vertex -17.314 -6.99013 6
      vertex -1.38378 -2.94069 6
      vertex -7.38698 -1.79645 6
    endloop
  endfacet
  facet normal 0 0 1
    outer loop
      vertex -1.38378 -2.94069 6
      vertex -17.314 -6.99013 6
      vertex -1.0043 -3.09093 6
    endloop
  endfacet
  facet normal 0 0 1
    outer loop
      vertex -1.0043 -3.09093 6
      vertex -17.314 -6.99013 6
      vertex -0.608989 -3.19243 6
    endloop
  endfacet
  facet normal 0 0 1
    outer loop
      vertex -17.314 -6.99013 6
      vertex -7.38698 -1.79645 6
      vertex -7.61302 -1.79645 6
    endloop
  endfacet
  facet normal 0 0 1
    outer loop
      vertex -17.314 -6.99013 6
      vertex -7.61302 -1.79645 6
      vertex -7.83729 -1.76812 6
    endloop
  endfacet
  facet normal -0 0 1
    outer loop
      vertex -11.75 0 6
      vertex -9.28581 -0.225599 6
      vertex -9.3 0 6
    endloop
  endfacet
  facet normal 0 0 1
    outer loop
      vertex -11.7756 -0.407332 6
      vertex -9.28581 -0.225599 6
      vertex -11.75 0 6
    endloop
  endfacet
  facet normal 0 0 1
    outer loop
      vertex -9.28581 -0.225599 6
      vertex -11.7756 -0.407332 6
      vertex -9.24345 -0.447641 6
    endloop
  endfacet
  facet normal 0 0 1
    outer loop
      vertex -11.8521 -0.808242 6
      vertex -9.24345 -0.447641 6
      vertex -11.7756 -0.407332 6
    endloop
  endfacet
  facet normal 0 0 1
    outer loop
      vertex -9.24345 -0.447641 6
      vertex -11.8521 -0.808242 6
      vertex -9.1736 -0.662623 6
    endloop
  endfacet
  facet normal 0 0 1
    outer loop
      vertex -9.1736 -0.662623 6
      vertex -11.8521 -0.808242 6
      vertex -9.07735 -0.867156 6
    endloop
  endfacet
  facet normal 0 0 1
    outer loop
      vertex -11.9782 -1.1964 6
      vertex -9.07735 -0.867156 6
      vertex -11.8521 -0.808242 6
    endloop
  endfacet
  facet normal 0 0 1
    outer loop
      vertex -9.07735 -0.867156 6
      vertex -11.9782 -1.1964 6
      vertex -8.95623 -1.05801 6
    endloop
  endfacet
  facet normal 0 0 1
    outer loop
      vertex -12.152 -1.5657 6
      vertex -8.95623 -1.05801 6
      vertex -11.9782 -1.1964 6
    endloop
  endfacet
  facet normal 0 0 1
    outer loop
      vertex -8.95623 -1.05801 6
      vertex -12.152 -1.5657 6
      vertex -8.81214 -1.23218 6
    endloop
  endfacet
  facet normal 0 0 1
    outer loop
      vertex -12.3707 -1.9103 6
      vertex -8.81214 -1.23218 6
      vertex -12.152 -1.5657 6
    endloop
  endfacet
  facet normal 0 0 1
    outer loop
      vertex -8.81214 -1.23218 6
      vertex -12.3707 -1.9103 6
      vertex -8.64736 -1.38692 6
    endloop
  endfacet
  facet normal 0 0 1
    outer loop
      vertex -8.64736 -1.38692 6
      vertex -12.3707 -1.9103 6
      vertex -8.46449 -1.51979 6
    endloop
  endfacet
  facet normal 0 0 1
    outer loop
      vertex -12.6309 -2.22478 6
      vertex -8.46449 -1.51979 6
      vertex -12.3707 -1.9103 6
    endloop
  endfacet
  facet normal 0 0 1
    outer loop
      vertex -8.46449 -1.51979 6
      vertex -12.6309 -2.22478 6
      vertex -8.2664 -1.62869 6
    endloop
  endfacet
  facet normal 0 0 1
    outer loop
      vertex -12.9284 -2.50417 6
      vertex -8.2664 -1.62869 6
      vertex -12.6309 -2.22478 6
    endloop
  endfacet
  facet normal 0 0 1
    outer loop
      vertex -8.2664 -1.62869 6
      vertex -12.9284 -2.50417 6
      vertex -8.05623 -1.7119 6
    endloop
  endfacet
  facet normal 0 0 1
    outer loop
      vertex -13.2586 -2.74407 6
      vertex -8.05623 -1.7119 6
      vertex -12.9284 -2.50417 6
    endloop
  endfacet
  facet normal 0 0 1
    outer loop
      vertex -8.05623 -1.7119 6
      vertex -13.2586 -2.74407 6
      vertex -7.83729 -1.76812 6
    endloop
  endfacet
  facet normal 0 0 1
    outer loop
      vertex -7.83729 -1.76812 6
      vertex -13.2586 -2.74407 6
      vertex -17.314 -6.99013 6
    endloop
  endfacet
  facet normal 0 0 1
    outer loop
      vertex -17.314 -6.99013 6
      vertex -13.2586 -2.74407 6
      vertex -13.6162 -2.94069 6
    endloop
  endfacet
  facet normal 0 0 1
    outer loop
      vertex -17.314 -6.99013 6
      vertex -13.6162 -2.94069 6
      vertex -13.9957 -3.09093 6
    endloop
  endfacet
  facet normal 0 0 1
    outer loop
      vertex -17.314 -6.99013 6
      vertex -13.9957 -3.09093 6
      vertex -14.391 -3.19243 6
    endloop
  endfacet
  facet normal 0 0 1
    outer loop
      vertex -17.314 -6.99013 6
      vertex -14.391 -3.19243 6
      vertex -14.7959 -3.24359 6
    endloop
  endfacet
  facet normal 0 0 1
    outer loop
      vertex -17.314 -6.99013 6
      vertex -14.7959 -3.24359 6
      vertex -15.2041 -3.24359 6
    endloop
  endfacet
  facet normal 0 0 1
    outer loop
      vertex -0.204069 -3.24359 6
      vertex -17.314 -6.99013 6
      vertex 17.314 -6.99013 6
    endloop
  endfacet
  facet normal 0 0 1
    outer loop
      vertex -15.609 -3.19243 6
      vertex -17.314 -6.99013 6
      vertex -15.2041 -3.24359 6
    endloop
  endfacet
  facet normal 0 0 1
    outer loop
      vertex -16.0043 -3.09093 6
      vertex -17.314 -6.99013 6
      vertex -15.609 -3.19243 6
    endloop
  endfacet
  facet normal 0 0 1
    outer loop
      vertex -16.3838 -2.94069 6
      vertex -17.314 -6.99013 6
      vertex -16.0043 -3.09093 6
    endloop
  endfacet
  facet normal 0 0 1
    outer loop
      vertex -17.9369 -6.91144 6
      vertex -16.3838 -2.94069 6
      vertex -16.7414 -2.74407 6
    endloop
  endfacet
  facet normal 0 0 1
    outer loop
      vertex -19.1289 -6.52413 6
      vertex -16.7414 -2.74407 6
      vertex -17.0716 -2.50417 6
    endloop
  endfacet
  facet normal 0 0 1
    outer loop
      vertex -20.1871 -5.85257 6
      vertex -17.0716 -2.50417 6
      vertex -17.3691 -2.22478 6
    endloop
  endfacet
  facet normal 0 0 1
    outer loop
      vertex -21.0451 -4.93893 6
      vertex -17.3691 -2.22478 6
      vertex -17.6293 -1.9103 6
    endloop
  endfacet
  facet normal 0 0 1
    outer loop
      vertex -21.6489 -3.84062 6
      vertex -17.6293 -1.9103 6
      vertex -17.848 -1.5657 6
    endloop
  endfacet
  facet normal 0 0 1
    outer loop
      vertex -16.3838 -2.94069 6
      vertex -17.9369 -6.91144 6
      vertex -17.314 -6.99013 6
    endloop
  endfacet
  facet normal 0 0 1
    outer loop
      vertex -21.9606 -2.62667 6
      vertex -17.848 -1.5657 6
      vertex -18.0218 -1.1964 6
    endloop
  endfacet
  facet normal 0 0 1
    outer loop
      vertex -22 -2 6
      vertex -18.0218 -1.1964 6
      vertex -18.1479 -0.808242 6
    endloop
  endfacet
  facet normal 0 0 1
    outer loop
      vertex -22 -2 6
      vertex -18.1479 -0.808242 6
      vertex -18.2244 -0.407332 6
    endloop
  endfacet
  facet normal 0 0 1
    outer loop
      vertex -22 -2 6
      vertex -18.2244 -0.407332 6
      vertex -18.25 0 6
    endloop
  endfacet
  facet normal 0 0 1
    outer loop
      vertex -16.7414 -2.74407 6
      vertex -18.5451 -6.75528 6
      vertex -17.9369 -6.91144 6
    endloop
  endfacet
  facet normal -0 0 1
    outer loop
      vertex -21.3815 4.40877 6
      vertex -17.6293 1.9103 6
      vertex -21.0451 4.93893 6
    endloop
  endfacet
  facet normal -0 0 1
    outer loop
      vertex -21.6489 3.84062 6
      vertex -17.6293 1.9103 6
      vertex -21.3815 4.40877 6
    endloop
  endfacet
  facet normal 0 0 1
    outer loop
      vertex -22 -2 6
      vertex -18.25 0 6
      vertex -22 2 6
    endloop
  endfacet
  facet normal 0 0 1
    outer loop
      vertex -17.6293 1.9103 6
      vertex -21.6489 3.84062 6
      vertex -17.848 1.5657 6
    endloop
  endfacet
  facet normal 0 0 1
    outer loop
      vertex -18.0218 -1.1964 6
      vertex -22 -2 6
      vertex -21.9606 -2.62667 6
    endloop
  endfacet
  facet normal -0 0 1
    outer loop
      vertex -21.8429 3.24345 6
      vertex -17.848 1.5657 6
      vertex -21.6489 3.84062 6
    endloop
  endfacet
  facet normal 0 0 1
    outer loop
      vertex -16.7414 -2.74407 6
      vertex -19.1289 -6.52413 6
      vertex -18.5451 -6.75528 6
    endloop
  endfacet
  facet normal -0 0 1
    outer loop
      vertex -21.9606 2.62667 6
      vertex -17.848 1.5657 6
      vertex -21.8429 3.24345 6
    endloop
  endfacet
  facet normal 0 0 1
    outer loop
      vertex -17.0716 -2.50417 6
      vertex -19.6791 -6.22164 6
      vertex -19.1289 -6.52413 6
    endloop
  endfacet
  facet normal 0 0 1
    outer loop
      vertex -17.848 1.5657 6
      vertex -21.9606 2.62667 6
      vertex -18.0218 1.1964 6
    endloop
  endfacet
  facet normal 0 0 1
    outer loop
      vertex -17.0716 -2.50417 6
      vertex -20.1871 -5.85257 6
      vertex -19.6791 -6.22164 6
    endloop
  endfacet
  facet normal -0 0 1
    outer loop
      vertex -22 2 6
      vertex -18.0218 1.1964 6
      vertex -21.9606 2.62667 6
    endloop
  endfacet
  facet normal 0 0 1
    outer loop
      vertex -17.3691 -2.22478 6
      vertex -20.6448 -5.42274 6
      vertex -20.1871 -5.85257 6
    endloop
  endfacet
  facet normal 0 0 1
    outer loop
      vertex -18.0218 1.1964 6
      vertex -22 2 6
      vertex -18.1479 0.808242 6
    endloop
  endfacet
  facet normal 0 0 1
    outer loop
      vertex -17.3691 -2.22478 6
      vertex -21.0451 -4.93893 6
      vertex -20.6448 -5.42274 6
    endloop
  endfacet
  facet normal 0 0 1
    outer loop
      vertex -18.1479 0.808242 6
      vertex -22 2 6
      vertex -18.2244 0.407332 6
    endloop
  endfacet
  facet normal 0 0 1
    outer loop
      vertex -17.6293 -1.9103 6
      vertex -21.3815 -4.40877 6
      vertex -21.0451 -4.93893 6
    endloop
  endfacet
  facet normal 0 0 1
    outer loop
      vertex -18.2244 0.407332 6
      vertex -22 2 6
      vertex -18.25 0 6
    endloop
  endfacet
  facet normal 0 0 1
    outer loop
      vertex -17.6293 -1.9103 6
      vertex -21.6489 -3.84062 6
      vertex -21.3815 -4.40877 6
    endloop
  endfacet
  facet normal 0 0 1
    outer loop
      vertex -17.848 -1.5657 6
      vertex -21.8429 -3.24345 6
      vertex -21.6489 -3.84062 6
    endloop
  endfacet
  facet normal 0 0 1
    outer loop
      vertex -17.848 -1.5657 6
      vertex -21.9606 -2.62667 6
      vertex -21.8429 -3.24345 6
    endloop
  endfacet
  facet normal 0.998029 -0.0627481 0
    outer loop
      vertex 21.9606 -2.62667 6
      vertex 22 -2 0
      vertex 22 -2 6
    endloop
  endfacet
  facet normal 0.998029 -0.0627481 0
    outer loop
      vertex 22 -2 0
      vertex 21.9606 -2.62667 6
      vertex 21.9606 -2.62667 0
    endloop
  endfacet
  facet normal 0 1 -0
    outer loop
      vertex 17.314 6.99013 0
      vertex -17.314 6.99013 6
      vertex 17.314 6.99013 6
    endloop
  endfacet
  facet normal 0 1 0
    outer loop
      vertex -17.314 6.99013 6
      vertex 17.314 6.99013 0
      vertex -17.314 6.99013 0
    endloop
  endfacet
  facet normal 0.125332 0.992115 -0
    outer loop
      vertex 17.9369 6.91144 0
      vertex 17.314 6.99013 6
      vertex 17.9369 6.91144 6
    endloop
  endfacet
  facet normal 0.125332 0.992115 0
    outer loop
      vertex 17.314 6.99013 6
      vertex 17.9369 6.91144 0
      vertex 17.314 6.99013 0
    endloop
  endfacet
  facet normal 0 -1 0
    outer loop
      vertex -17.314 -6.99013 0
      vertex 17.314 -6.99013 6
      vertex -17.314 -6.99013 6
    endloop
  endfacet
  facet normal 0 -1 -0
    outer loop
      vertex 17.314 -6.99013 6
      vertex -17.314 -6.99013 0
      vertex 17.314 -6.99013 0
    endloop
  endfacet
  facet normal -0.125332 0.992115 0
    outer loop
      vertex -17.314 6.99013 0
      vertex -17.9369 6.91144 6
      vertex -17.314 6.99013 6
    endloop
  endfacet
  facet normal -0.125332 0.992115 0
    outer loop
      vertex -17.9369 6.91144 6
      vertex -17.314 6.99013 0
      vertex -17.9369 6.91144 0
    endloop
  endfacet
  facet normal -0.125332 -0.992115 0
    outer loop
      vertex -17.9369 -6.91144 0
      vertex -17.314 -6.99013 6
      vertex -17.9369 -6.91144 6
    endloop
  endfacet
  facet normal -0.125332 -0.992115 -0
    outer loop
      vertex -17.314 -6.99013 6
      vertex -17.9369 -6.91144 0
      vertex -17.314 -6.99013 0
    endloop
  endfacet
  facet normal 0.770468 -0.637478 0
    outer loop
      vertex 20.6448 -5.42274 6
      vertex 21.0451 -4.93893 0
      vertex 21.0451 -4.93893 6
    endloop
  endfacet
  facet normal 0.770468 -0.637478 0
    outer loop
      vertex 21.0451 -4.93893 0
      vertex 20.6448 -5.42274 6
      vertex 20.6448 -5.42274 0
    endloop
  endfacet
  facet normal 1 -0 0
    outer loop
      vertex 22 -2 6
      vertex 22 2 0
      vertex 22 2 6
    endloop
  endfacet
  facet normal 1 0 0
    outer loop
      vertex 22 2 0
      vertex 22 -2 6
      vertex 22 -2 0
    endloop
  endfacet
  facet normal -0.481772 0.876297 0
    outer loop
      vertex -19.1289 6.52413 0
      vertex -19.6791 6.22164 6
      vertex -19.1289 6.52413 6
    endloop
  endfacet
  facet normal -0.481772 0.876297 0
    outer loop
      vertex -19.6791 6.22164 6
      vertex -19.1289 6.52413 0
      vertex -19.6791 6.22164 0
    endloop
  endfacet
  facet normal -0.770468 0.637478 0
    outer loop
      vertex -21.0451 4.93893 0
      vertex -20.6448 5.42274 6
      vertex -20.6448 5.42274 0
    endloop
  endfacet
  facet normal -0.770468 0.637478 0
    outer loop
      vertex -20.6448 5.42274 6
      vertex -21.0451 4.93893 0
      vertex -21.0451 4.93893 6
    endloop
  endfacet
  facet normal 0.998029 0.0627481 0
    outer loop
      vertex 22 2 6
      vertex 21.9606 2.62667 0
      vertex 21.9606 2.62667 6
    endloop
  endfacet
  facet normal 0.998029 0.0627481 0
    outer loop
      vertex 21.9606 2.62667 0
      vertex 22 2 6
      vertex 22 2 0
    endloop
  endfacet
  facet normal 0.587771 0.809027 -0
    outer loop
      vertex 20.1871 5.85257 0
      vertex 19.6791 6.22164 6
      vertex 20.1871 5.85257 6
    endloop
  endfacet
  facet normal 0.587771 0.809027 0
    outer loop
      vertex 19.6791 6.22164 6
      vertex 20.1871 5.85257 0
      vertex 19.6791 6.22164 0
    endloop
  endfacet
  facet normal -0.248691 -0.968583 0
    outer loop
      vertex -18.5451 -6.75528 0
      vertex -17.9369 -6.91144 6
      vertex -18.5451 -6.75528 6
    endloop
  endfacet
  facet normal -0.248691 -0.968583 -0
    outer loop
      vertex -17.9369 -6.91144 6
      vertex -18.5451 -6.75528 0
      vertex -17.9369 -6.91144 0
    endloop
  endfacet
  facet normal 0.904797 -0.425843 0
    outer loop
      vertex 21.3815 -4.40877 6
      vertex 21.6489 -3.84062 0
      vertex 21.6489 -3.84062 6
    endloop
  endfacet
  facet normal 0.904797 -0.425843 0
    outer loop
      vertex 21.6489 -3.84062 0
      vertex 21.3815 -4.40877 6
      vertex 21.3815 -4.40877 0
    endloop
  endfacet
  facet normal -0.951072 0.30897 0
    outer loop
      vertex -21.8429 3.24345 0
      vertex -21.6489 3.84062 6
      vertex -21.6489 3.84062 0
    endloop
  endfacet
  facet normal -0.951072 0.30897 0
    outer loop
      vertex -21.6489 3.84062 6
      vertex -21.8429 3.24345 0
      vertex -21.8429 3.24345 6
    endloop
  endfacet
  facet normal -0.844364 0.53577 0
    outer loop
      vertex -21.3815 4.40877 0
      vertex -21.0451 4.93893 6
      vertex -21.0451 4.93893 0
    endloop
  endfacet
  facet normal -0.844364 0.53577 0
    outer loop
      vertex -21.0451 4.93893 6
      vertex -21.3815 4.40877 0
      vertex -21.3815 4.40877 6
    endloop
  endfacet
  facet normal -0.368135 0.929773 0
    outer loop
      vertex -18.5451 6.75528 0
      vertex -19.1289 6.52413 6
      vertex -18.5451 6.75528 6
    endloop
  endfacet
  facet normal -0.368135 0.929773 0
    outer loop
      vertex -19.1289 6.52413 6
      vertex -18.5451 6.75528 0
      vertex -19.1289 6.52413 0
    endloop
  endfacet
  facet normal -0.248691 0.968583 0
    outer loop
      vertex -17.9369 6.91144 0
      vertex -18.5451 6.75528 6
      vertex -17.9369 6.91144 6
    endloop
  endfacet
  facet normal -0.248691 0.968583 0
    outer loop
      vertex -18.5451 6.75528 6
      vertex -17.9369 6.91144 0
      vertex -18.5451 6.75528 0
    endloop
  endfacet
  facet normal 0.248691 0.968583 -0
    outer loop
      vertex 18.5451 6.75528 0
      vertex 17.9369 6.91144 6
      vertex 18.5451 6.75528 6
    endloop
  endfacet
  facet normal 0.248691 0.968583 0
    outer loop
      vertex 17.9369 6.91144 6
      vertex 18.5451 6.75528 0
      vertex 17.9369 6.91144 0
    endloop
  endfacet
  facet normal 0.982275 0.187447 0
    outer loop
      vertex 21.9606 2.62667 6
      vertex 21.8429 3.24345 0
      vertex 21.8429 3.24345 6
    endloop
  endfacet
  facet normal 0.982275 0.187447 0
    outer loop
      vertex 21.8429 3.24345 0
      vertex 21.9606 2.62667 6
      vertex 21.9606 2.62667 0
    endloop
  endfacet
  facet normal 0.904797 0.425843 0
    outer loop
      vertex 21.6489 3.84062 6
      vertex 21.3815 4.40877 0
      vertex 21.3815 4.40877 6
    endloop
  endfacet
  facet normal 0.904797 0.425843 0
    outer loop
      vertex 21.3815 4.40877 0
      vertex 21.6489 3.84062 6
      vertex 21.6489 3.84062 0
    endloop
  endfacet
  facet normal 0.770468 0.637478 0
    outer loop
      vertex 21.0451 4.93893 6
      vertex 20.6448 5.42274 0
      vertex 20.6448 5.42274 6
    endloop
  endfacet
  facet normal 0.770468 0.637478 0
    outer loop
      vertex 20.6448 5.42274 0
      vertex 21.0451 4.93893 6
      vertex 21.0451 4.93893 0
    endloop
  endfacet
  facet normal 0.844364 0.53577 0
    outer loop
      vertex 21.3815 4.40877 6
      vertex 21.0451 4.93893 0
      vertex 21.0451 4.93893 6
    endloop
  endfacet
  facet normal 0.844364 0.53577 0
    outer loop
      vertex 21.0451 4.93893 0
      vertex 21.3815 4.40877 6
      vertex 21.3815 4.40877 0
    endloop
  endfacet
  facet normal 0.684565 0.728952 -0
    outer loop
      vertex 20.6448 5.42274 0
      vertex 20.1871 5.85257 6
      vertex 20.6448 5.42274 6
    endloop
  endfacet
  facet normal 0.684565 0.728952 0
    outer loop
      vertex 20.1871 5.85257 6
      vertex 20.6448 5.42274 0
      vertex 20.1871 5.85257 0
    endloop
  endfacet
  facet normal 0 0 -1
    outer loop
      vertex 18.0218 -1.1964 0
      vertex 22 -2 0
      vertex 21.9606 -2.62667 0
    endloop
  endfacet
  facet normal 0 0 -1
    outer loop
      vertex 22 -2 0
      vertex 18.25 0 0
      vertex 22 2 0
    endloop
  endfacet
  facet normal 0 0 -1
    outer loop
      vertex 17.848 -1.5657 0
      vertex 21.9606 -2.62667 0
      vertex 21.8429 -3.24345 0
    endloop
  endfacet
  facet normal 0 0 -1
    outer loop
      vertex 18.2244 0.407332 0
      vertex 22 2 0
      vertex 18.25 0 0
    endloop
  endfacet
  facet normal 0 0 -1
    outer loop
      vertex 17.848 -1.5657 0
      vertex 21.8429 -3.24345 0
      vertex 21.6489 -3.84062 0
    endloop
  endfacet
  facet normal 0 0 -1
    outer loop
      vertex 18.1479 0.808242 0
      vertex 22 2 0
      vertex 18.2244 0.407332 0
    endloop
  endfacet
  facet normal 0 0 -1
    outer loop
      vertex 17.6293 -1.9103 0
      vertex 21.6489 -3.84062 0
      vertex 21.3815 -4.40877 0
    endloop
  endfacet
  facet normal 0 0 -1
    outer loop
      vertex 18.0218 1.1964 0
      vertex 22 2 0
      vertex 18.1479 0.808242 0
    endloop
  endfacet
  facet normal 0 0 -1
    outer loop
      vertex 17.6293 -1.9103 0
      vertex 21.3815 -4.40877 0
      vertex 21.0451 -4.93893 0
    endloop
  endfacet
  facet normal -0 0 -1
    outer loop
      vertex 22 2 0
      vertex 18.0218 1.1964 0
      vertex 21.9606 2.62667 0
    endloop
  endfacet
  facet normal 0 0 -1
    outer loop
      vertex 17.3691 -2.22478 0
      vertex 21.0451 -4.93893 0
      vertex 20.6448 -5.42274 0
    endloop
  endfacet
  facet normal 0 0 -1
    outer loop
      vertex 17.848 1.5657 0
      vertex 21.9606 2.62667 0
      vertex 18.0218 1.1964 0
    endloop
  endfacet
  facet normal 0 0 -1
    outer loop
      vertex 17.3691 -2.22478 0
      vertex 20.6448 -5.42274 0
      vertex 20.1871 -5.85257 0
    endloop
  endfacet
  facet normal -0 0 -1
    outer loop
      vertex 21.9606 2.62667 0
      vertex 17.848 1.5657 0
      vertex 21.8429 3.24345 0
    endloop
  endfacet
  facet normal 0 0 -1
    outer loop
      vertex 17.0716 -2.50417 0
      vertex 20.1871 -5.85257 0
      vertex 19.6791 -6.22164 0
    endloop
  endfacet
  facet normal -0 0 -1
    outer loop
      vertex 21.8429 3.24345 0
      vertex 17.848 1.5657 0
      vertex 21.6489 3.84062 0
    endloop
  endfacet
  facet normal 0 0 -1
    outer loop
      vertex 17.0716 -2.50417 0
      vertex 19.6791 -6.22164 0
      vertex 19.1289 -6.52413 0
    endloop
  endfacet
  facet normal 0 0 -1
    outer loop
      vertex 17.6293 1.9103 0
      vertex 21.6489 3.84062 0
      vertex 17.848 1.5657 0
    endloop
  endfacet
  facet normal 0 0 -1
    outer loop
      vertex 16.7414 -2.74407 0
      vertex 19.1289 -6.52413 0
      vertex 18.5451 -6.75528 0
    endloop
  endfacet
  facet normal -0 0 -1
    outer loop
      vertex 21.6489 3.84062 0
      vertex 17.6293 1.9103 0
      vertex 21.3815 4.40877 0
    endloop
  endfacet
  facet normal -0 0 -1
    outer loop
      vertex 21.3815 4.40877 0
      vertex 17.6293 1.9103 0
      vertex 21.0451 4.93893 0
    endloop
  endfacet
  facet normal 0 0 -1
    outer loop
      vertex 22 -2 0
      vertex 18.2244 -0.407332 0
      vertex 18.25 0 0
    endloop
  endfacet
  facet normal 0 0 -1
    outer loop
      vertex 22 -2 0
      vertex 18.1479 -0.808242 0
      vertex 18.2244 -0.407332 0
    endloop
  endfacet
  facet normal 0 0 -1
    outer loop
      vertex 22 -2 0
      vertex 18.0218 -1.1964 0
      vertex 18.1479 -0.808242 0
    endloop
  endfacet
  facet normal 0 0 -1
    outer loop
      vertex 16.7414 -2.74407 0
      vertex 18.5451 -6.75528 0
      vertex 17.9369 -6.91144 0
    endloop
  endfacet
  facet normal 0 0 -1
    outer loop
      vertex 21.9606 -2.62667 0
      vertex 17.848 -1.5657 0
      vertex 18.0218 -1.1964 0
    endloop
  endfacet
  facet normal 0 0 -1
    outer loop
      vertex 21.6489 -3.84062 0
      vertex 17.6293 -1.9103 0
      vertex 17.848 -1.5657 0
    endloop
  endfacet
  facet normal 0 0 -1
    outer loop
      vertex 21.0451 -4.93893 0
      vertex 17.3691 -2.22478 0
      vertex 17.6293 -1.9103 0
    endloop
  endfacet
  facet normal 0 0 -1
    outer loop
      vertex 16.3838 -2.94069 0
      vertex 17.9369 -6.91144 0
      vertex 17.314 -6.99013 0
    endloop
  endfacet
  facet normal 0 0 -1
    outer loop
      vertex 20.1871 -5.85257 0
      vertex 17.0716 -2.50417 0
      vertex 17.3691 -2.22478 0
    endloop
  endfacet
  facet normal 0 0 -1
    outer loop
      vertex 19.1289 -6.52413 0
      vertex 16.7414 -2.74407 0
      vertex 17.0716 -2.50417 0
    endloop
  endfacet
  facet normal 0 0 -1
    outer loop
      vertex 17.9369 -6.91144 0
      vertex 16.3838 -2.94069 0
      vertex 16.7414 -2.74407 0
    endloop
  endfacet
  facet normal 0 0 -1
    outer loop
      vertex 17.314 -6.99013 0
      vertex 16.0043 -3.09093 0
      vertex 16.3838 -2.94069 0
    endloop
  endfacet
  facet normal 0 0 -1
    outer loop
      vertex 17.314 -6.99013 0
      vertex 15.609 -3.19243 0
      vertex 16.0043 -3.09093 0
    endloop
  endfacet
  facet normal 0 0 -1
    outer loop
      vertex 17.314 -6.99013 0
      vertex 15.2041 -3.24359 0
      vertex 15.609 -3.19243 0
    endloop
  endfacet
  facet normal 0 0 -1
    outer loop
      vertex 17.314 -6.99013 0
      vertex 14.7959 -3.24359 0
      vertex 15.2041 -3.24359 0
    endloop
  endfacet
  facet normal 0 0 -1
    outer loop
      vertex 17.314 -6.99013 0
      vertex 14.391 -3.19243 0
      vertex 14.7959 -3.24359 0
    endloop
  endfacet
  facet normal 0 0 -1
    outer loop
      vertex 17.314 -6.99013 0
      vertex 13.9957 -3.09093 0
      vertex 14.391 -3.19243 0
    endloop
  endfacet
  facet normal 0 0 -1
    outer loop
      vertex 17.314 -6.99013 0
      vertex 13.6162 -2.94069 0
      vertex 13.9957 -3.09093 0
    endloop
  endfacet
  facet normal 0 0 -1
    outer loop
      vertex 17.314 -6.99013 0
      vertex 13.2586 -2.74407 0
      vertex 13.6162 -2.94069 0
    endloop
  endfacet
  facet normal 0 0 -1
    outer loop
      vertex 7.83729 -1.76812 0
      vertex 13.2586 -2.74407 0
      vertex 17.314 -6.99013 0
    endloop
  endfacet
  facet normal 0 -0 -1
    outer loop
      vertex 8.05623 -1.7119 0
      vertex 13.2586 -2.74407 0
      vertex 7.83729 -1.76812 0
    endloop
  endfacet
  facet normal 0 0 -1
    outer loop
      vertex 9.28581 -0.225599 0
      vertex 11.75 0 0
      vertex 11.7756 -0.407332 0
    endloop
  endfacet
  facet normal 0 0 -1
    outer loop
      vertex 9.24345 -0.447641 0
      vertex 11.7756 -0.407332 0
      vertex 11.8521 -0.808242 0
    endloop
  endfacet
  facet normal 0 0 -1
    outer loop
      vertex 9.07735 -0.867156 0
      vertex 11.8521 -0.808242 0
      vertex 11.9782 -1.1964 0
    endloop
  endfacet
  facet normal 0 0 -1
    outer loop
      vertex 8.95623 -1.05801 0
      vertex 11.9782 -1.1964 0
      vertex 12.152 -1.5657 0
    endloop
  endfacet
  facet normal 0 0 -1
    outer loop
      vertex 8.81214 -1.23218 0
      vertex 12.152 -1.5657 0
      vertex 12.3707 -1.9103 0
    endloop
  endfacet
  facet normal 0 0 -1
    outer loop
      vertex 8.46449 -1.51979 0
      vertex 12.3707 -1.9103 0
      vertex 12.6309 -2.22478 0
    endloop
  endfacet
  facet normal 0 0 -1
    outer loop
      vertex 13.2586 -2.74407 0
      vertex 8.05623 -1.7119 0
      vertex 12.9284 -2.50417 0
    endloop
  endfacet
  facet normal -0 0 -1
    outer loop
      vertex 11.75 0 0
      vertex 9.28581 -0.225599 0
      vertex 9.3 0 0
    endloop
  endfacet
  facet normal -0 0 -1
    outer loop
      vertex 11.7756 -0.407332 0
      vertex 9.24345 -0.447641 0
      vertex 9.28581 -0.225599 0
    endloop
  endfacet
  facet normal 0 0 -1
    outer loop
      vertex 11.8521 -0.808242 0
      vertex 9.1736 -0.662623 0
      vertex 9.24345 -0.447641 0
    endloop
  endfacet
  facet normal -0 0 -1
    outer loop
      vertex 11.8521 -0.808242 0
      vertex 9.07735 -0.867156 0
      vertex 9.1736 -0.662623 0
    endloop
  endfacet
  facet normal 0 0 -1
    outer loop
      vertex 11.9782 -1.1964 0
      vertex 8.95623 -1.05801 0
      vertex 9.07735 -0.867156 0
    endloop
  endfacet
  facet normal 0 0 -1
    outer loop
      vertex 12.152 -1.5657 0
      vertex 8.81214 -1.23218 0
      vertex 8.95623 -1.05801 0
    endloop
  endfacet
  facet normal 0 0 -1
    outer loop
      vertex 12.3707 -1.9103 0
      vertex 8.64736 -1.38692 0
      vertex 8.81214 -1.23218 0
    endloop
  endfacet
  facet normal 0 0 -1
    outer loop
      vertex 12.3707 -1.9103 0
      vertex 8.46449 -1.51979 0
      vertex 8.64736 -1.38692 0
    endloop
  endfacet
  facet normal 0 0 -1
    outer loop
      vertex 12.6309 -2.22478 0
      vertex 8.2664 -1.62869 0
      vertex 8.46449 -1.51979 0
    endloop
  endfacet
  facet normal 0 0 -1
    outer loop
      vertex 12.9284 -2.50417 0
      vertex 8.2664 -1.62869 0
      vertex 12.6309 -2.22478 0
    endloop
  endfacet
  facet normal 0 -0 -1
    outer loop
      vertex 8.2664 -1.62869 0
      vertex 12.9284 -2.50417 0
      vertex 8.05623 -1.7119 0
    endloop
  endfacet
  facet normal 0 0 -1
    outer loop
      vertex 17.314 -6.99013 0
      vertex 7.61302 -1.79645 0
      vertex 7.83729 -1.76812 0
    endloop
  endfacet
  facet normal 0 0 -1
    outer loop
      vertex 17.314 -6.99013 0
      vertex 7.38698 -1.79645 0
      vertex 7.61302 -1.79645 0
    endloop
  endfacet
  facet normal 0 0 -1
    outer loop
      vertex 1.38378 -2.94069 0
      vertex 7.38698 -1.79645 0
      vertex 17.314 -6.99013 0
    endloop
  endfacet
  facet normal -0 0 -1
    outer loop
      vertex 7.38698 -1.79645 0
      vertex 1.38378 -2.94069 0
      vertex 7.16271 -1.76812 0
    endloop
  endfacet
  facet normal 0 -0 -1
    outer loop
      vertex 1.74144 -2.74407 0
      vertex 7.16271 -1.76812 0
      vertex 1.38378 -2.94069 0
    endloop
  endfacet
  facet normal 0 0 -1
    outer loop
      vertex 5.71419 -0.225599 0
      vertex 3.25 0 0
      vertex 5.7 0 0
    endloop
  endfacet
  facet normal 0 0 -1
    outer loop
      vertex 3.22437 -0.407332 0
      vertex 5.71419 -0.225599 0
      vertex 5.75655 -0.447641 0
    endloop
  endfacet
  facet normal 0 0 -1
    outer loop
      vertex 3.14789 -0.808242 0
      vertex 5.75655 -0.447641 0
      vertex 5.8264 -0.662623 0
    endloop
  endfacet
  facet normal 0 0 -1
    outer loop
      vertex 3.14789 -0.808242 0
      vertex 5.8264 -0.662623 0
      vertex 5.92265 -0.867156 0
    endloop
  endfacet
  facet normal 0 0 -1
    outer loop
      vertex 3.02177 -1.1964 0
      vertex 5.92265 -0.867156 0
      vertex 6.04377 -1.05801 0
    endloop
  endfacet
  facet normal 0 0 -1
    outer loop
      vertex 2.848 -1.5657 0
      vertex 6.04377 -1.05801 0
      vertex 6.18786 -1.23218 0
    endloop
  endfacet
  facet normal 0 0 -1
    outer loop
      vertex 2.6293 -1.9103 0
      vertex 6.18786 -1.23218 0
      vertex 6.35264 -1.38692 0
    endloop
  endfacet
  facet normal 0 0 -1
    outer loop
      vertex 2.6293 -1.9103 0
      vertex 6.35264 -1.38692 0
      vertex 6.53551 -1.51979 0
    endloop
  endfacet
  facet normal 0 0 -1
    outer loop
      vertex 2.36915 -2.22478 0
      vertex 6.53551 -1.51979 0
      vertex 6.7336 -1.62869 0
    endloop
  endfacet
  facet normal -0 0 -1
    outer loop
      vertex 7.16271 -1.76812 0
      vertex 1.74144 -2.74407 0
      vertex 6.94377 -1.7119 0
    endloop
  endfacet
  facet normal -0 0 -1
    outer loop
      vertex 5.71419 -0.225599 0
      vertex 3.22437 -0.407332 0
      vertex 3.25 0 0
    endloop
  endfacet
  facet normal -0 0 -1
    outer loop
      vertex 5.75655 -0.447641 0
      vertex 3.14789 -0.808242 0
      vertex 3.22437 -0.407332 0
    endloop
  endfacet
  facet normal -0 0 -1
    outer loop
      vertex 5.92265 -0.867156 0
      vertex 3.02177 -1.1964 0
      vertex 3.14789 -0.808242 0
    endloop
  endfacet
  facet normal 0 0 -1
    outer loop
      vertex 6.04377 -1.05801 0
      vertex 2.848 -1.5657 0
      vertex 3.02177 -1.1964 0
    endloop
  endfacet
  facet normal 0 0 -1
    outer loop
      vertex 6.18786 -1.23218 0
      vertex 2.6293 -1.9103 0
      vertex 2.848 -1.5657 0
    endloop
  endfacet
  facet normal 0 0 -1
    outer loop
      vertex 6.53551 -1.51979 0
      vertex 2.36915 -2.22478 0
      vertex 2.6293 -1.9103 0
    endloop
  endfacet
  facet normal 0 0 -1
    outer loop
      vertex 6.7336 -1.62869 0
      vertex 2.07163 -2.50417 0
      vertex 2.36915 -2.22478 0
    endloop
  endfacet
  facet normal -0 0 -1
    outer loop
      vertex 6.94377 -1.7119 0
      vertex 2.07163 -2.50417 0
      vertex 6.7336 -1.62869 0
    endloop
  endfacet
  facet normal 0 -0 -1
    outer loop
      vertex 2.07163 -2.50417 0
      vertex 6.94377 -1.7119 0
      vertex 1.74144 -2.74407 0
    endloop
  endfacet
  facet normal 0 0 -1
    outer loop
      vertex 17.314 -6.99013 0
      vertex 1.0043 -3.09093 0
      vertex 1.38378 -2.94069 0
    endloop
  endfacet
  facet normal 0 0 -1
    outer loop
      vertex 17.314 -6.99013 0
      vertex 0.608989 -3.19243 0
      vertex 1.0043 -3.09093 0
    endloop
  endfacet
  facet normal 0 0 -1
    outer loop
      vertex 17.314 -6.99013 0
      vertex 0.204069 -3.24359 0
      vertex 0.608989 -3.19243 0
    endloop
  endfacet
  facet normal 0 0 -1
    outer loop
      vertex 17.314 -6.99013 0
      vertex -0.204069 -3.24359 0
      vertex 0.204069 -3.24359 0
    endloop
  endfacet
  facet normal 0 0 -1
    outer loop
      vertex -17.314 -6.99013 0
      vertex -0.204069 -3.24359 0
      vertex 17.314 -6.99013 0
    endloop
  endfacet
  facet normal 0 0 -1
    outer loop
      vertex -5.71419 -0.225599 0
      vertex -3.25 0 0
      vertex -3.22437 -0.407332 0
    endloop
  endfacet
  facet normal 0 0 -1
    outer loop
      vertex -5.75655 -0.447641 0
      vertex -3.22437 -0.407332 0
      vertex -3.14789 -0.808242 0
    endloop
  endfacet
  facet normal 0 0 -1
    outer loop
      vertex -5.92265 -0.867156 0
      vertex -3.14789 -0.808242 0
      vertex -3.02177 -1.1964 0
    endloop
  endfacet
  facet normal 0 0 -1
    outer loop
      vertex -6.04377 -1.05801 0
      vertex -3.02177 -1.1964 0
      vertex -2.848 -1.5657 0
    endloop
  endfacet
  facet normal 0 0 -1
    outer loop
      vertex -6.18786 -1.23218 0
      vertex -2.848 -1.5657 0
      vertex -2.6293 -1.9103 0
    endloop
  endfacet
  facet normal 0 0 -1
    outer loop
      vertex -6.53551 -1.51979 0
      vertex -2.6293 -1.9103 0
      vertex -2.36915 -2.22478 0
    endloop
  endfacet
  facet normal 0 0 -1
    outer loop
      vertex -6.7336 -1.62869 0
      vertex -2.36915 -2.22478 0
      vertex -2.07163 -2.50417 0
    endloop
  endfacet
  facet normal 0 0 -1
    outer loop
      vertex -6.94377 -1.7119 0
      vertex -2.07163 -2.50417 0
      vertex -1.74144 -2.74407 0
    endloop
  endfacet
  facet normal -0 0 -1
    outer loop
      vertex -3.25 0 0
      vertex -5.71419 -0.225599 0
      vertex -5.7 0 0
    endloop
  endfacet
  facet normal -0 0 -1
    outer loop
      vertex -3.22437 -0.407332 0
      vertex -5.75655 -0.447641 0
      vertex -5.71419 -0.225599 0
    endloop
  endfacet
  facet normal 0 0 -1
    outer loop
      vertex -3.14789 -0.808242 0
      vertex -5.8264 -0.662623 0
      vertex -5.75655 -0.447641 0
    endloop
  endfacet
  facet normal 0 0 -1
    outer loop
      vertex -7.16271 -1.76812 0
      vertex -1.74144 -2.74407 0
      vertex -1.38378 -2.94069 0
    endloop
  endfacet
  facet normal -0 0 -1
    outer loop
      vertex -3.14789 -0.808242 0
      vertex -5.92265 -0.867156 0
      vertex -5.8264 -0.662623 0
    endloop
  endfacet
  facet normal 0 0 -1
    outer loop
      vertex -3.02177 -1.1964 0
      vertex -6.04377 -1.05801 0
      vertex -5.92265 -0.867156 0
    endloop
  endfacet
  facet normal 0 0 -1
    outer loop
      vertex -2.848 -1.5657 0
      vertex -6.18786 -1.23218 0
      vertex -6.04377 -1.05801 0
    endloop
  endfacet
  facet normal 0 0 -1
    outer loop
      vertex -17.314 -6.99013 0
      vertex -1.38378 -2.94069 0
      vertex -1.0043 -3.09093 0
    endloop
  endfacet
  facet normal 0 0 -1
    outer loop
      vertex -2.6293 -1.9103 0
      vertex -6.35264 -1.38692 0
      vertex -6.18786 -1.23218 0
    endloop
  endfacet
  facet normal 0 0 -1
    outer loop
      vertex -2.6293 -1.9103 0
      vertex -6.53551 -1.51979 0
      vertex -6.35264 -1.38692 0
    endloop
  endfacet
  facet normal 0 0 -1
    outer loop
      vertex -2.36915 -2.22478 0
      vertex -6.7336 -1.62869 0
      vertex -6.53551 -1.51979 0
    endloop
  endfacet
  facet normal 0 0 -1
    outer loop
      vertex -17.314 -6.99013 0
      vertex -1.0043 -3.09093 0
      vertex -0.608989 -3.19243 0
    endloop
  endfacet
  facet normal 0 0 -1
    outer loop
      vertex -2.07163 -2.50417 0
      vertex -6.94377 -1.7119 0
      vertex -6.7336 -1.62869 0
    endloop
  endfacet
  facet normal 0 0 -1
    outer loop
      vertex -1.74144 -2.74407 0
      vertex -7.16271 -1.76812 0
      vertex -6.94377 -1.7119 0
    endloop
  endfacet
  facet normal 0 0 -1
    outer loop
      vertex -1.38378 -2.94069 0
      vertex -7.38698 -1.79645 0
      vertex -7.16271 -1.76812 0
    endloop
  endfacet
  facet normal -0 0 -1
    outer loop
      vertex -0.204069 -3.24359 0
      vertex -17.314 -6.99013 0
      vertex -0.608989 -3.19243 0
    endloop
  endfacet
  facet normal -0 0 -1
    outer loop
      vertex -1.38378 -2.94069 0
      vertex -17.314 -6.99013 0
      vertex -7.38698 -1.79645 0
    endloop
  endfacet
  facet normal -0 0 -1
    outer loop
      vertex -7.38698 -1.79645 0
      vertex -17.314 -6.99013 0
      vertex -7.61302 -1.79645 0
    endloop
  endfacet
  facet normal 0 0 -1
    outer loop
      vertex -9.28581 -0.225599 0
      vertex -11.75 0 0
      vertex -9.3 0 0
    endloop
  endfacet
  facet normal 0 0 -1
    outer loop
      vertex -11.7756 -0.407332 0
      vertex -9.28581 -0.225599 0
      vertex -9.24345 -0.447641 0
    endloop
  endfacet
  facet normal 0 0 -1
    outer loop
      vertex -11.8521 -0.808242 0
      vertex -9.24345 -0.447641 0
      vertex -9.1736 -0.662623 0
    endloop
  endfacet
  facet normal 0 0 -1
    outer loop
      vertex -11.8521 -0.808242 0
      vertex -9.1736 -0.662623 0
      vertex -9.07735 -0.867156 0
    endloop
  endfacet
  facet normal 0 0 -1
    outer loop
      vertex -11.9782 -1.1964 0
      vertex -9.07735 -0.867156 0
      vertex -8.95623 -1.05801 0
    endloop
  endfacet
  facet normal 0 0 -1
    outer loop
      vertex -12.152 -1.5657 0
      vertex -8.95623 -1.05801 0
      vertex -8.81214 -1.23218 0
    endloop
  endfacet
  facet normal 0 0 -1
    outer loop
      vertex -12.3707 -1.9103 0
      vertex -8.81214 -1.23218 0
      vertex -8.64736 -1.38692 0
    endloop
  endfacet
  facet normal 0 0 -1
    outer loop
      vertex -12.3707 -1.9103 0
      vertex -8.64736 -1.38692 0
      vertex -8.46449 -1.51979 0
    endloop
  endfacet
  facet normal 0 0 -1
    outer loop
      vertex -12.6309 -2.22478 0
      vertex -8.46449 -1.51979 0
      vertex -8.2664 -1.62869 0
    endloop
  endfacet
  facet normal -0 0 -1
    outer loop
      vertex -9.28581 -0.225599 0
      vertex -11.7756 -0.407332 0
      vertex -11.75 0 0
    endloop
  endfacet
  facet normal 0 0 -1
    outer loop
      vertex -12.9284 -2.50417 0
      vertex -8.2664 -1.62869 0
      vertex -8.05623 -1.7119 0
    endloop
  endfacet
  facet normal -0 0 -1
    outer loop
      vertex -9.24345 -0.447641 0
      vertex -11.8521 -0.808242 0
      vertex -11.7756 -0.407332 0
    endloop
  endfacet
  facet normal 0 0 -1
    outer loop
      vertex -13.2586 -2.74407 0
      vertex -8.05623 -1.7119 0
      vertex -7.83729 -1.76812 0
    endloop
  endfacet
  facet normal -0 0 -1
    outer loop
      vertex -9.07735 -0.867156 0
      vertex -11.9782 -1.1964 0
      vertex -11.8521 -0.808242 0
    endloop
  endfacet
  facet normal -0 0 -1
    outer loop
      vertex -7.61302 -1.79645 0
      vertex -17.314 -6.99013 0
      vertex -7.83729 -1.76812 0
    endloop
  endfacet
  facet normal 0 0 -1
    outer loop
      vertex -8.95623 -1.05801 0
      vertex -12.152 -1.5657 0
      vertex -11.9782 -1.1964 0
    endloop
  endfacet
  facet normal 0 0 -1
    outer loop
      vertex -8.81214 -1.23218 0
      vertex -12.3707 -1.9103 0
      vertex -12.152 -1.5657 0
    endloop
  endfacet
  facet normal 0 0 -1
    outer loop
      vertex -8.46449 -1.51979 0
      vertex -12.6309 -2.22478 0
      vertex -12.3707 -1.9103 0
    endloop
  endfacet
  facet normal 0 0 -1
    outer loop
      vertex -8.2664 -1.62869 0
      vertex -12.9284 -2.50417 0
      vertex -12.6309 -2.22478 0
    endloop
  endfacet
  facet normal 0 -0 -1
    outer loop
      vertex -13.2586 -2.74407 0
      vertex -7.83729 -1.76812 0
      vertex -17.314 -6.99013 0
    endloop
  endfacet
  facet normal 0 0 -1
    outer loop
      vertex -8.05623 -1.7119 0
      vertex -13.2586 -2.74407 0
      vertex -12.9284 -2.50417 0
    endloop
  endfacet
  facet normal 0 0 -1
    outer loop
      vertex -13.2586 -2.74407 0
      vertex -17.314 -6.99013 0
      vertex -13.6162 -2.94069 0
    endloop
  endfacet
  facet normal 0 0 -1
    outer loop
      vertex -13.6162 -2.94069 0
      vertex -17.314 -6.99013 0
      vertex -13.9957 -3.09093 0
    endloop
  endfacet
  facet normal 0 0 -1
    outer loop
      vertex -13.9957 -3.09093 0
      vertex -17.314 -6.99013 0
      vertex -14.391 -3.19243 0
    endloop
  endfacet
  facet normal 0 0 -1
    outer loop
      vertex -14.391 -3.19243 0
      vertex -17.314 -6.99013 0
      vertex -14.7959 -3.24359 0
    endloop
  endfacet
  facet normal -0 0 -1
    outer loop
      vertex -14.7959 -3.24359 0
      vertex -17.314 -6.99013 0
      vertex -15.2041 -3.24359 0
    endloop
  endfacet
  facet normal 0 0 -1
    outer loop
      vertex -17.314 -6.99013 0
      vertex -15.609 -3.19243 0
      vertex -15.2041 -3.24359 0
    endloop
  endfacet
  facet normal 0 0 -1
    outer loop
      vertex -17.314 -6.99013 0
      vertex -16.0043 -3.09093 0
      vertex -15.609 -3.19243 0
    endloop
  endfacet
  facet normal 0 0 -1
    outer loop
      vertex -17.314 -6.99013 0
      vertex -16.3838 -2.94069 0
      vertex -16.0043 -3.09093 0
    endloop
  endfacet
  facet normal 0 0 -1
    outer loop
      vertex -17.9369 -6.91144 0
      vertex -16.3838 -2.94069 0
      vertex -17.314 -6.99013 0
    endloop
  endfacet
  facet normal -0 0 -1
    outer loop
      vertex -16.3838 -2.94069 0
      vertex -17.9369 -6.91144 0
      vertex -16.7414 -2.74407 0
    endloop
  endfacet
  facet normal 0 0 -1
    outer loop
      vertex -18.5451 -6.75528 0
      vertex -16.7414 -2.74407 0
      vertex -17.9369 -6.91144 0
    endloop
  endfacet
  facet normal 0 0 -1
    outer loop
      vertex -19.1289 -6.52413 0
      vertex -16.7414 -2.74407 0
      vertex -18.5451 -6.75528 0
    endloop
  endfacet
  facet normal -0 0 -1
    outer loop
      vertex -16.7414 -2.74407 0
      vertex -19.1289 -6.52413 0
      vertex -17.0716 -2.50417 0
    endloop
  endfacet
  facet normal 0 0 -1
    outer loop
      vertex -19.6791 -6.22164 0
      vertex -17.0716 -2.50417 0
      vertex -19.1289 -6.52413 0
    endloop
  endfacet
  facet normal 0 0 -1
    outer loop
      vertex -20.1871 -5.85257 0
      vertex -17.0716 -2.50417 0
      vertex -19.6791 -6.22164 0
    endloop
  endfacet
  facet normal -0 0 -1
    outer loop
      vertex -17.0716 -2.50417 0
      vertex -20.1871 -5.85257 0
      vertex -17.3691 -2.22478 0
    endloop
  endfacet
  facet normal 0 0 -1
    outer loop
      vertex -20.6448 -5.42274 0
      vertex -17.3691 -2.22478 0
      vertex -20.1871 -5.85257 0
    endloop
  endfacet
  facet normal 0 0 -1
    outer loop
      vertex -21.0451 -4.93893 0
      vertex -17.3691 -2.22478 0
      vertex -20.6448 -5.42274 0
    endloop
  endfacet
  facet normal -0 0 -1
    outer loop
      vertex -17.3691 -2.22478 0
      vertex -21.0451 -4.93893 0
      vertex -17.6293 -1.9103 0
    endloop
  endfacet
  facet normal 0 0 -1
    outer loop
      vertex 17.3691 2.22478 0
      vertex 21.0451 4.93893 0
      vertex 17.6293 1.9103 0
    endloop
  endfacet
  facet normal -0 0 -1
    outer loop
      vertex 21.0451 4.93893 0
      vertex 17.3691 2.22478 0
      vertex 20.6448 5.42274 0
    endloop
  endfacet
  facet normal -0 0 -1
    outer loop
      vertex 20.6448 5.42274 0
      vertex 17.3691 2.22478 0
      vertex 20.1871 5.85257 0
    endloop
  endfacet
  facet normal 0 0 -1
    outer loop
      vertex 17.0716 2.50417 0
      vertex 20.1871 5.85257 0
      vertex 17.3691 2.22478 0
    endloop
  endfacet
  facet normal -0 0 -1
    outer loop
      vertex 20.1871 5.85257 0
      vertex 17.0716 2.50417 0
      vertex 19.6791 6.22164 0
    endloop
  endfacet
  facet normal -0 0 -1
    outer loop
      vertex 19.6791 6.22164 0
      vertex 17.0716 2.50417 0
      vertex 19.1289 6.52413 0
    endloop
  endfacet
  facet normal 0 0 -1
    outer loop
      vertex 16.7414 2.74407 0
      vertex 19.1289 6.52413 0
      vertex 17.0716 2.50417 0
    endloop
  endfacet
  facet normal -0 0 -1
    outer loop
      vertex 19.1289 6.52413 0
      vertex 16.7414 2.74407 0
      vertex 18.5451 6.75528 0
    endloop
  endfacet
  facet normal -0 0 -1
    outer loop
      vertex 18.5451 6.75528 0
      vertex 16.7414 2.74407 0
      vertex 17.9369 6.91144 0
    endloop
  endfacet
  facet normal 0 0 -1
    outer loop
      vertex 16.3838 2.94069 0
      vertex 17.9369 6.91144 0
      vertex 16.7414 2.74407 0
    endloop
  endfacet
  facet normal -0 0 -1
    outer loop
      vertex 17.9369 6.91144 0
      vertex 16.3838 2.94069 0
      vertex 17.314 6.99013 0
    endloop
  endfacet
  facet normal 0 0 -1
    outer loop
      vertex 16.0043 3.09093 0
      vertex 17.314 6.99013 0
      vertex 16.3838 2.94069 0
    endloop
  endfacet
  facet normal 0 0 -1
    outer loop
      vertex 15.609 3.19243 0
      vertex 17.314 6.99013 0
      vertex 16.0043 3.09093 0
    endloop
  endfacet
  facet normal 0 0 -1
    outer loop
      vertex 15.2041 3.24359 0
      vertex 17.314 6.99013 0
      vertex 15.609 3.19243 0
    endloop
  endfacet
  facet normal 0 0 -1
    outer loop
      vertex 14.7959 3.24359 0
      vertex 17.314 6.99013 0
      vertex 15.2041 3.24359 0
    endloop
  endfacet
  facet normal 0 0 -1
    outer loop
      vertex 14.391 3.19243 0
      vertex 17.314 6.99013 0
      vertex 14.7959 3.24359 0
    endloop
  endfacet
  facet normal 0 0 -1
    outer loop
      vertex 13.9957 3.09093 0
      vertex 17.314 6.99013 0
      vertex 14.391 3.19243 0
    endloop
  endfacet
  facet normal 0 0 -1
    outer loop
      vertex 13.6162 2.94069 0
      vertex 17.314 6.99013 0
      vertex 13.9957 3.09093 0
    endloop
  endfacet
  facet normal 0 0 -1
    outer loop
      vertex 13.2586 2.74407 0
      vertex 17.314 6.99013 0
      vertex 13.6162 2.94069 0
    endloop
  endfacet
  facet normal 0 0 -1
    outer loop
      vertex 8.05623 1.7119 0
      vertex 13.2586 2.74407 0
      vertex 12.9284 2.50417 0
    endloop
  endfacet
  facet normal 0 0 -1
    outer loop
      vertex 8.2664 1.62869 0
      vertex 12.9284 2.50417 0
      vertex 12.6309 2.22478 0
    endloop
  endfacet
  facet normal 0 0 -1
    outer loop
      vertex 9.28581 0.225599 0
      vertex 11.75 0 0
      vertex 9.3 0 0
    endloop
  endfacet
  facet normal 0 0 -1
    outer loop
      vertex 11.75 0 0
      vertex 9.28581 0.225599 0
      vertex 11.7756 0.407332 0
    endloop
  endfacet
  facet normal 0 0 -1
    outer loop
      vertex 9.24345 0.447641 0
      vertex 11.7756 0.407332 0
      vertex 9.28581 0.225599 0
    endloop
  endfacet
  facet normal 0 0 -1
    outer loop
      vertex 11.7756 0.407332 0
      vertex 9.24345 0.447641 0
      vertex 11.8521 0.808242 0
    endloop
  endfacet
  facet normal 0 0 -1
    outer loop
      vertex 9.1736 0.662623 0
      vertex 11.8521 0.808242 0
      vertex 9.24345 0.447641 0
    endloop
  endfacet
  facet normal 0 0 -1
    outer loop
      vertex 9.07735 0.867156 0
      vertex 11.8521 0.808242 0
      vertex 9.1736 0.662623 0
    endloop
  endfacet
  facet normal 0 0 -1
    outer loop
      vertex 11.8521 0.808242 0
      vertex 9.07735 0.867156 0
      vertex 11.9782 1.1964 0
    endloop
  endfacet
  facet normal 0 0 -1
    outer loop
      vertex 8.95623 1.05801 0
      vertex 11.9782 1.1964 0
      vertex 9.07735 0.867156 0
    endloop
  endfacet
  facet normal -0 0 -1
    outer loop
      vertex 11.9782 1.1964 0
      vertex 8.95623 1.05801 0
      vertex 12.152 1.5657 0
    endloop
  endfacet
  facet normal 0 0 -1
    outer loop
      vertex 8.81214 1.23218 0
      vertex 12.152 1.5657 0
      vertex 8.95623 1.05801 0
    endloop
  endfacet
  facet normal -0 0 -1
    outer loop
      vertex 12.152 1.5657 0
      vertex 8.81214 1.23218 0
      vertex 12.3707 1.9103 0
    endloop
  endfacet
  facet normal 0 0 -1
    outer loop
      vertex 8.64736 1.38692 0
      vertex 12.3707 1.9103 0
      vertex 8.81214 1.23218 0
    endloop
  endfacet
  facet normal 0 0 -1
    outer loop
      vertex 8.46449 1.51979 0
      vertex 12.3707 1.9103 0
      vertex 8.64736 1.38692 0
    endloop
  endfacet
  facet normal -0 0 -1
    outer loop
      vertex 12.3707 1.9103 0
      vertex 8.46449 1.51979 0
      vertex 12.6309 2.22478 0
    endloop
  endfacet
  facet normal 0 0 -1
    outer loop
      vertex 8.2664 1.62869 0
      vertex 12.6309 2.22478 0
      vertex 8.46449 1.51979 0
    endloop
  endfacet
  facet normal 0 0 -1
    outer loop
      vertex 12.9284 2.50417 0
      vertex 8.2664 1.62869 0
      vertex 8.05623 1.7119 0
    endloop
  endfacet
  facet normal 0 0 -1
    outer loop
      vertex 13.2586 2.74407 0
      vertex 8.05623 1.7119 0
      vertex 7.83729 1.76812 0
    endloop
  endfacet
  facet normal -0 0 -1
    outer loop
      vertex 13.2586 2.74407 0
      vertex 7.83729 1.76812 0
      vertex 17.314 6.99013 0
    endloop
  endfacet
  facet normal 0 0 -1
    outer loop
      vertex 7.61302 1.79645 0
      vertex 17.314 6.99013 0
      vertex 7.83729 1.76812 0
    endloop
  endfacet
  facet normal 0 0 -1
    outer loop
      vertex 7.38698 1.79645 0
      vertex 17.314 6.99013 0
      vertex 7.61302 1.79645 0
    endloop
  endfacet
  facet normal 0 0 -1
    outer loop
      vertex 1.38378 2.94069 0
      vertex 7.38698 1.79645 0
      vertex 7.16271 1.76812 0
    endloop
  endfacet
  facet normal 0 0 -1
    outer loop
      vertex 1.74144 2.74407 0
      vertex 7.16271 1.76812 0
      vertex 6.94377 1.7119 0
    endloop
  endfacet
  facet normal 0 0 -1
    outer loop
      vertex 2.07163 2.50417 0
      vertex 6.94377 1.7119 0
      vertex 6.7336 1.62869 0
    endloop
  endfacet
  facet normal 0 0 -1
    outer loop
      vertex 3.25 0 0
      vertex 5.71419 0.225599 0
      vertex 5.7 0 0
    endloop
  endfacet
  facet normal 0 0 -1
    outer loop
      vertex 3.22437 0.407332 0
      vertex 5.71419 0.225599 0
      vertex 3.25 0 0
    endloop
  endfacet
  facet normal 0 0 -1
    outer loop
      vertex 5.71419 0.225599 0
      vertex 3.22437 0.407332 0
      vertex 5.75655 0.447641 0
    endloop
  endfacet
  facet normal 0 0 -1
    outer loop
      vertex 3.14789 0.808242 0
      vertex 5.75655 0.447641 0
      vertex 3.22437 0.407332 0
    endloop
  endfacet
  facet normal 0 0 -1
    outer loop
      vertex 5.75655 0.447641 0
      vertex 3.14789 0.808242 0
      vertex 5.8264 0.662623 0
    endloop
  endfacet
  facet normal 0 0 -1
    outer loop
      vertex 5.8264 0.662623 0
      vertex 3.14789 0.808242 0
      vertex 5.92265 0.867156 0
    endloop
  endfacet
  facet normal 0 0 -1
    outer loop
      vertex 3.02177 1.1964 0
      vertex 5.92265 0.867156 0
      vertex 3.14789 0.808242 0
    endloop
  endfacet
  facet normal 0 0 -1
    outer loop
      vertex 5.92265 0.867156 0
      vertex 3.02177 1.1964 0
      vertex 6.04377 1.05801 0
    endloop
  endfacet
  facet normal 0 0 -1
    outer loop
      vertex 2.848 1.5657 0
      vertex 6.04377 1.05801 0
      vertex 3.02177 1.1964 0
    endloop
  endfacet
  facet normal 0 0 -1
    outer loop
      vertex 6.04377 1.05801 0
      vertex 2.848 1.5657 0
      vertex 6.18786 1.23218 0
    endloop
  endfacet
  facet normal 0 0 -1
    outer loop
      vertex 2.6293 1.9103 0
      vertex 6.18786 1.23218 0
      vertex 2.848 1.5657 0
    endloop
  endfacet
  facet normal 0 0 -1
    outer loop
      vertex 6.18786 1.23218 0
      vertex 2.6293 1.9103 0
      vertex 6.35264 1.38692 0
    endloop
  endfacet
  facet normal 0 0 -1
    outer loop
      vertex 6.35264 1.38692 0
      vertex 2.6293 1.9103 0
      vertex 6.53551 1.51979 0
    endloop
  endfacet
  facet normal 0 0 -1
    outer loop
      vertex 2.36915 2.22478 0
      vertex 6.53551 1.51979 0
      vertex 2.6293 1.9103 0
    endloop
  endfacet
  facet normal 0 0 -1
    outer loop
      vertex 6.53551 1.51979 0
      vertex 2.36915 2.22478 0
      vertex 6.7336 1.62869 0
    endloop
  endfacet
  facet normal 0 0 -1
    outer loop
      vertex 2.07163 2.50417 0
      vertex 6.7336 1.62869 0
      vertex 2.36915 2.22478 0
    endloop
  endfacet
  facet normal 0 0 -1
    outer loop
      vertex 6.94377 1.7119 0
      vertex 2.07163 2.50417 0
      vertex 1.74144 2.74407 0
    endloop
  endfacet
  facet normal 0 0 -1
    outer loop
      vertex 7.16271 1.76812 0
      vertex 1.74144 2.74407 0
      vertex 1.38378 2.94069 0
    endloop
  endfacet
  facet normal 0 0 -1
    outer loop
      vertex 7.38698 1.79645 0
      vertex 1.38378 2.94069 0
      vertex 17.314 6.99013 0
    endloop
  endfacet
  facet normal 0 0 -1
    outer loop
      vertex 1.0043 3.09093 0
      vertex 17.314 6.99013 0
      vertex 1.38378 2.94069 0
    endloop
  endfacet
  facet normal 0 0 -1
    outer loop
      vertex 0.608989 3.19243 0
      vertex 17.314 6.99013 0
      vertex 1.0043 3.09093 0
    endloop
  endfacet
  facet normal 0 0 -1
    outer loop
      vertex 0.204069 3.24359 0
      vertex 17.314 6.99013 0
      vertex 0.608989 3.19243 0
    endloop
  endfacet
  facet normal 0 0 -1
    outer loop
      vertex -0.204069 3.24359 0
      vertex 17.314 6.99013 0
      vertex 0.204069 3.24359 0
    endloop
  endfacet
  facet normal 0 0 -1
    outer loop
      vertex -17.314 6.99013 0
      vertex -0.204069 3.24359 0
      vertex -0.608989 3.19243 0
    endloop
  endfacet
  facet normal 0 0 -1
    outer loop
      vertex -5.71419 0.225599 0
      vertex -3.25 0 0
      vertex -5.7 0 0
    endloop
  endfacet
  facet normal 0 0 -1
    outer loop
      vertex -3.25 0 0
      vertex -5.71419 0.225599 0
      vertex -3.22437 0.407332 0
    endloop
  endfacet
  facet normal 0 0 -1
    outer loop
      vertex -5.75655 0.447641 0
      vertex -3.22437 0.407332 0
      vertex -5.71419 0.225599 0
    endloop
  endfacet
  facet normal 0 0 -1
    outer loop
      vertex -3.22437 0.407332 0
      vertex -5.75655 0.447641 0
      vertex -3.14789 0.808242 0
    endloop
  endfacet
  facet normal 0 0 -1
    outer loop
      vertex -5.8264 0.662623 0
      vertex -3.14789 0.808242 0
      vertex -5.75655 0.447641 0
    endloop
  endfacet
  facet normal 0 0 -1
    outer loop
      vertex -5.92265 0.867156 0
      vertex -3.14789 0.808242 0
      vertex -5.8264 0.662623 0
    endloop
  endfacet
  facet normal 0 0 -1
    outer loop
      vertex -3.14789 0.808242 0
      vertex -5.92265 0.867156 0
      vertex -3.02177 1.1964 0
    endloop
  endfacet
  facet normal 0 0 -1
    outer loop
      vertex -6.04377 1.05801 0
      vertex -3.02177 1.1964 0
      vertex -5.92265 0.867156 0
    endloop
  endfacet
  facet normal -0 0 -1
    outer loop
      vertex -3.02177 1.1964 0
      vertex -6.04377 1.05801 0
      vertex -2.848 1.5657 0
    endloop
  endfacet
  facet normal 0 0 -1
    outer loop
      vertex -6.18786 1.23218 0
      vertex -2.848 1.5657 0
      vertex -6.04377 1.05801 0
    endloop
  endfacet
  facet normal -0 0 -1
    outer loop
      vertex -2.848 1.5657 0
      vertex -6.18786 1.23218 0
      vertex -2.6293 1.9103 0
    endloop
  endfacet
  facet normal 0 0 -1
    outer loop
      vertex -6.35264 1.38692 0
      vertex -2.6293 1.9103 0
      vertex -6.18786 1.23218 0
    endloop
  endfacet
  facet normal 0 0 -1
    outer loop
      vertex -6.53551 1.51979 0
      vertex -2.6293 1.9103 0
      vertex -6.35264 1.38692 0
    endloop
  endfacet
  facet normal -0 0 -1
    outer loop
      vertex -2.6293 1.9103 0
      vertex -6.53551 1.51979 0
      vertex -2.36915 2.22478 0
    endloop
  endfacet
  facet normal 0 0 -1
    outer loop
      vertex -6.7336 1.62869 0
      vertex -2.36915 2.22478 0
      vertex -6.53551 1.51979 0
    endloop
  endfacet
  facet normal -0 0 -1
    outer loop
      vertex -2.36915 2.22478 0
      vertex -6.7336 1.62869 0
      vertex -2.07163 2.50417 0
    endloop
  endfacet
  facet normal 0 0 -1
    outer loop
      vertex -6.94377 1.7119 0
      vertex -2.07163 2.50417 0
      vertex -6.7336 1.62869 0
    endloop
  endfacet
  facet normal -0 0 -1
    outer loop
      vertex -2.07163 2.50417 0
      vertex -6.94377 1.7119 0
      vertex -1.74144 2.74407 0
    endloop
  endfacet
  facet normal 0 0 -1
    outer loop
      vertex -7.16271 1.76812 0
      vertex -1.74144 2.74407 0
      vertex -6.94377 1.7119 0
    endloop
  endfacet
  facet normal -0 0 -1
    outer loop
      vertex -1.74144 2.74407 0
      vertex -7.16271 1.76812 0
      vertex -1.38378 2.94069 0
    endloop
  endfacet
  facet normal 0 0 -1
    outer loop
      vertex -7.38698 1.79645 0
      vertex -1.38378 2.94069 0
      vertex -7.16271 1.76812 0
    endloop
  endfacet
  facet normal 0 0 -1
    outer loop
      vertex -17.314 6.99013 0
      vertex -1.38378 2.94069 0
      vertex -7.38698 1.79645 0
    endloop
  endfacet
  facet normal 0 0 -1
    outer loop
      vertex -1.38378 2.94069 0
      vertex -17.314 6.99013 0
      vertex -1.0043 3.09093 0
    endloop
  endfacet
  facet normal 0 0 -1
    outer loop
      vertex -1.0043 3.09093 0
      vertex -17.314 6.99013 0
      vertex -0.608989 3.19243 0
    endloop
  endfacet
  facet normal 0 0 -1
    outer loop
      vertex -17.314 6.99013 0
      vertex -7.38698 1.79645 0
      vertex -7.61302 1.79645 0
    endloop
  endfacet
  facet normal 0 0 -1
    outer loop
      vertex -17.314 6.99013 0
      vertex -7.61302 1.79645 0
      vertex -7.83729 1.76812 0
    endloop
  endfacet
  facet normal 0 0 -1
    outer loop
      vertex -11.75 0 0
      vertex -9.28581 0.225599 0
      vertex -9.3 0 0
    endloop
  endfacet
  facet normal 0 0 -1
    outer loop
      vertex -11.7756 0.407332 0
      vertex -9.28581 0.225599 0
      vertex -11.75 0 0
    endloop
  endfacet
  facet normal 0 0 -1
    outer loop
      vertex -9.28581 0.225599 0
      vertex -11.7756 0.407332 0
      vertex -9.24345 0.447641 0
    endloop
  endfacet
  facet normal 0 0 -1
    outer loop
      vertex -11.8521 0.808242 0
      vertex -9.24345 0.447641 0
      vertex -11.7756 0.407332 0
    endloop
  endfacet
  facet normal 0 0 -1
    outer loop
      vertex -9.24345 0.447641 0
      vertex -11.8521 0.808242 0
      vertex -9.1736 0.662623 0
    endloop
  endfacet
  facet normal 0 0 -1
    outer loop
      vertex -9.1736 0.662623 0
      vertex -11.8521 0.808242 0
      vertex -9.07735 0.867156 0
    endloop
  endfacet
  facet normal 0 0 -1
    outer loop
      vertex -11.9782 1.1964 0
      vertex -9.07735 0.867156 0
      vertex -11.8521 0.808242 0
    endloop
  endfacet
  facet normal 0 0 -1
    outer loop
      vertex -9.07735 0.867156 0
      vertex -11.9782 1.1964 0
      vertex -8.95623 1.05801 0
    endloop
  endfacet
  facet normal 0 0 -1
    outer loop
      vertex -12.152 1.5657 0
      vertex -8.95623 1.05801 0
      vertex -11.9782 1.1964 0
    endloop
  endfacet
  facet normal 0 0 -1
    outer loop
      vertex -8.95623 1.05801 0
      vertex -12.152 1.5657 0
      vertex -8.81214 1.23218 0
    endloop
  endfacet
  facet normal 0 0 -1
    outer loop
      vertex -12.3707 1.9103 0
      vertex -8.81214 1.23218 0
      vertex -12.152 1.5657 0
    endloop
  endfacet
  facet normal 0 0 -1
    outer loop
      vertex -8.81214 1.23218 0
      vertex -12.3707 1.9103 0
      vertex -8.64736 1.38692 0
    endloop
  endfacet
  facet normal 0 0 -1
    outer loop
      vertex -8.64736 1.38692 0
      vertex -12.3707 1.9103 0
      vertex -8.46449 1.51979 0
    endloop
  endfacet
  facet normal 0 0 -1
    outer loop
      vertex -12.6309 2.22478 0
      vertex -8.46449 1.51979 0
      vertex -12.3707 1.9103 0
    endloop
  endfacet
  facet normal 0 0 -1
    outer loop
      vertex -8.46449 1.51979 0
      vertex -12.6309 2.22478 0
      vertex -8.2664 1.62869 0
    endloop
  endfacet
  facet normal 0 0 -1
    outer loop
      vertex -12.9284 2.50417 0
      vertex -8.2664 1.62869 0
      vertex -12.6309 2.22478 0
    endloop
  endfacet
  facet normal 0 0 -1
    outer loop
      vertex -8.2664 1.62869 0
      vertex -12.9284 2.50417 0
      vertex -8.05623 1.7119 0
    endloop
  endfacet
  facet normal 0 0 -1
    outer loop
      vertex -13.2586 2.74407 0
      vertex -8.05623 1.7119 0
      vertex -12.9284 2.50417 0
    endloop
  endfacet
  facet normal 0 0 -1
    outer loop
      vertex -8.05623 1.7119 0
      vertex -13.2586 2.74407 0
      vertex -7.83729 1.76812 0
    endloop
  endfacet
  facet normal 0 0 -1
    outer loop
      vertex -7.83729 1.76812 0
      vertex -13.2586 2.74407 0
      vertex -17.314 6.99013 0
    endloop
  endfacet
  facet normal 0 0 -1
    outer loop
      vertex -17.314 6.99013 0
      vertex -13.2586 2.74407 0
      vertex -13.6162 2.94069 0
    endloop
  endfacet
  facet normal 0 0 -1
    outer loop
      vertex -17.314 6.99013 0
      vertex -13.6162 2.94069 0
      vertex -13.9957 3.09093 0
    endloop
  endfacet
  facet normal 0 0 -1
    outer loop
      vertex -17.314 6.99013 0
      vertex -13.9957 3.09093 0
      vertex -14.391 3.19243 0
    endloop
  endfacet
  facet normal 0 0 -1
    outer loop
      vertex -17.314 6.99013 0
      vertex -14.391 3.19243 0
      vertex -14.7959 3.24359 0
    endloop
  endfacet
  facet normal 0 0 -1
    outer loop
      vertex -17.314 6.99013 0
      vertex -14.7959 3.24359 0
      vertex -15.2041 3.24359 0
    endloop
  endfacet
  facet normal 0 0 -1
    outer loop
      vertex -0.204069 3.24359 0
      vertex -17.314 6.99013 0
      vertex 17.314 6.99013 0
    endloop
  endfacet
  facet normal 0 0 -1
    outer loop
      vertex -15.609 3.19243 0
      vertex -17.314 6.99013 0
      vertex -15.2041 3.24359 0
    endloop
  endfacet
  facet normal 0 0 -1
    outer loop
      vertex -16.0043 3.09093 0
      vertex -17.314 6.99013 0
      vertex -15.609 3.19243 0
    endloop
  endfacet
  facet normal 0 0 -1
    outer loop
      vertex -16.3838 2.94069 0
      vertex -17.314 6.99013 0
      vertex -16.0043 3.09093 0
    endloop
  endfacet
  facet normal 0 0 -1
    outer loop
      vertex -17.9369 6.91144 0
      vertex -16.3838 2.94069 0
      vertex -16.7414 2.74407 0
    endloop
  endfacet
  facet normal 0 0 -1
    outer loop
      vertex -19.1289 6.52413 0
      vertex -16.7414 2.74407 0
      vertex -17.0716 2.50417 0
    endloop
  endfacet
  facet normal 0 0 -1
    outer loop
      vertex -20.1871 5.85257 0
      vertex -17.0716 2.50417 0
      vertex -17.3691 2.22478 0
    endloop
  endfacet
  facet normal 0 0 -1
    outer loop
      vertex -21.0451 4.93893 0
      vertex -17.3691 2.22478 0
      vertex -17.6293 1.9103 0
    endloop
  endfacet
  facet normal 0 0 -1
    outer loop
      vertex -21.6489 3.84062 0
      vertex -17.6293 1.9103 0
      vertex -17.848 1.5657 0
    endloop
  endfacet
  facet normal 0 0 -1
    outer loop
      vertex -16.3838 2.94069 0
      vertex -17.9369 6.91144 0
      vertex -17.314 6.99013 0
    endloop
  endfacet
  facet normal 0 0 -1
    outer loop
      vertex -21.9606 2.62667 0
      vertex -17.848 1.5657 0
      vertex -18.0218 1.1964 0
    endloop
  endfacet
  facet normal 0 0 -1
    outer loop
      vertex -22 2 0
      vertex -18.0218 1.1964 0
      vertex -18.1479 0.808242 0
    endloop
  endfacet
  facet normal 0 0 -1
    outer loop
      vertex -22 2 0
      vertex -18.1479 0.808242 0
      vertex -18.2244 0.407332 0
    endloop
  endfacet
  facet normal 0 0 -1
    outer loop
      vertex -22 2 0
      vertex -18.2244 0.407332 0
      vertex -18.25 0 0
    endloop
  endfacet
  facet normal 0 0 -1
    outer loop
      vertex -16.7414 2.74407 0
      vertex -18.5451 6.75528 0
      vertex -17.9369 6.91144 0
    endloop
  endfacet
  facet normal 0 0 -1
    outer loop
      vertex -21.3815 -4.40877 0
      vertex -17.6293 -1.9103 0
      vertex -21.0451 -4.93893 0
    endloop
  endfacet
  facet normal 0 0 -1
    outer loop
      vertex -21.6489 -3.84062 0
      vertex -17.6293 -1.9103 0
      vertex -21.3815 -4.40877 0
    endloop
  endfacet
  facet normal 0 0 -1
    outer loop
      vertex -22 2 0
      vertex -18.25 0 0
      vertex -22 -2 0
    endloop
  endfacet
  facet normal -0 0 -1
    outer loop
      vertex -17.6293 -1.9103 0
      vertex -21.6489 -3.84062 0
      vertex -17.848 -1.5657 0
    endloop
  endfacet
  facet normal 0 0 -1
    outer loop
      vertex -18.0218 1.1964 0
      vertex -22 2 0
      vertex -21.9606 2.62667 0
    endloop
  endfacet
  facet normal 0 0 -1
    outer loop
      vertex -21.8429 -3.24345 0
      vertex -17.848 -1.5657 0
      vertex -21.6489 -3.84062 0
    endloop
  endfacet
  facet normal 0 0 -1
    outer loop
      vertex -16.7414 2.74407 0
      vertex -19.1289 6.52413 0
      vertex -18.5451 6.75528 0
    endloop
  endfacet
  facet normal 0 0 -1
    outer loop
      vertex -21.9606 -2.62667 0
      vertex -17.848 -1.5657 0
      vertex -21.8429 -3.24345 0
    endloop
  endfacet
  facet normal 0 0 -1
    outer loop
      vertex -17.0716 2.50417 0
      vertex -19.6791 6.22164 0
      vertex -19.1289 6.52413 0
    endloop
  endfacet
  facet normal -0 0 -1
    outer loop
      vertex -17.848 -1.5657 0
      vertex -21.9606 -2.62667 0
      vertex -18.0218 -1.1964 0
    endloop
  endfacet
  facet normal 0 0 -1
    outer loop
      vertex -17.0716 2.50417 0
      vertex -20.1871 5.85257 0
      vertex -19.6791 6.22164 0
    endloop
  endfacet
  facet normal 0 0 -1
    outer loop
      vertex -22 -2 0
      vertex -18.0218 -1.1964 0
      vertex -21.9606 -2.62667 0
    endloop
  endfacet
  facet normal 0 0 -1
    outer loop
      vertex -17.3691 2.22478 0
      vertex -20.6448 5.42274 0
      vertex -20.1871 5.85257 0
    endloop
  endfacet
  facet normal -0 0 -1
    outer loop
      vertex -18.0218 -1.1964 0
      vertex -22 -2 0
      vertex -18.1479 -0.808242 0
    endloop
  endfacet
  facet normal 0 0 -1
    outer loop
      vertex -17.3691 2.22478 0
      vertex -21.0451 4.93893 0
      vertex -20.6448 5.42274 0
    endloop
  endfacet
  facet normal -0 0 -1
    outer loop
      vertex -18.1479 -0.808242 0
      vertex -22 -2 0
      vertex -18.2244 -0.407332 0
    endloop
  endfacet
  facet normal 0 0 -1
    outer loop
      vertex -17.6293 1.9103 0
      vertex -21.3815 4.40877 0
      vertex -21.0451 4.93893 0
    endloop
  endfacet
  facet normal -0 0 -1
    outer loop
      vertex -18.2244 -0.407332 0
      vertex -22 -2 0
      vertex -18.25 0 0
    endloop
  endfacet
  facet normal 0 0 -1
    outer loop
      vertex -17.6293 1.9103 0
      vertex -21.6489 3.84062 0
      vertex -21.3815 4.40877 0
    endloop
  endfacet
  facet normal 0 0 -1
    outer loop
      vertex -17.848 1.5657 0
      vertex -21.8429 3.24345 0
      vertex -21.6489 3.84062 0
    endloop
  endfacet
  facet normal 0 0 -1
    outer loop
      vertex -17.848 1.5657 0
      vertex -21.9606 2.62667 0
      vertex -21.8429 3.24345 0
    endloop
  endfacet
  facet normal -0.951072 -0.30897 0
    outer loop
      vertex -21.6489 -3.84062 0
      vertex -21.8429 -3.24345 6
      vertex -21.8429 -3.24345 0
    endloop
  endfacet
  facet normal -0.951072 -0.30897 0
    outer loop
      vertex -21.8429 -3.24345 6
      vertex -21.6489 -3.84062 0
      vertex -21.6489 -3.84062 6
    endloop
  endfacet
  facet normal -0.770468 -0.637478 0
    outer loop
      vertex -20.6448 -5.42274 0
      vertex -21.0451 -4.93893 6
      vertex -21.0451 -4.93893 0
    endloop
  endfacet
  facet normal -0.770468 -0.637478 0
    outer loop
      vertex -21.0451 -4.93893 6
      vertex -20.6448 -5.42274 0
      vertex -20.6448 -5.42274 6
    endloop
  endfacet
  facet normal -0.904797 -0.425843 0
    outer loop
      vertex -21.3815 -4.40877 0
      vertex -21.6489 -3.84062 6
      vertex -21.6489 -3.84062 0
    endloop
  endfacet
  facet normal -0.904797 -0.425843 0
    outer loop
      vertex -21.6489 -3.84062 6
      vertex -21.3815 -4.40877 0
      vertex -21.3815 -4.40877 6
    endloop
  endfacet
  facet normal -0.368135 -0.929773 0
    outer loop
      vertex -19.1289 -6.52413 0
      vertex -18.5451 -6.75528 6
      vertex -19.1289 -6.52413 6
    endloop
  endfacet
  facet normal -0.368135 -0.929773 -0
    outer loop
      vertex -18.5451 -6.75528 6
      vertex -19.1289 -6.52413 0
      vertex -18.5451 -6.75528 0
    endloop
  endfacet
  facet normal -0.684565 -0.728952 0
    outer loop
      vertex -20.6448 -5.42274 0
      vertex -20.1871 -5.85257 6
      vertex -20.6448 -5.42274 6
    endloop
  endfacet
  facet normal -0.684565 -0.728952 -0
    outer loop
      vertex -20.1871 -5.85257 6
      vertex -20.6448 -5.42274 0
      vertex -20.1871 -5.85257 0
    endloop
  endfacet
  facet normal 0.587771 -0.809027 0
    outer loop
      vertex 19.6791 -6.22164 0
      vertex 20.1871 -5.85257 6
      vertex 19.6791 -6.22164 6
    endloop
  endfacet
  facet normal 0.587771 -0.809027 0
    outer loop
      vertex 20.1871 -5.85257 6
      vertex 19.6791 -6.22164 0
      vertex 20.1871 -5.85257 0
    endloop
  endfacet
  facet normal 0.982275 -0.187447 0
    outer loop
      vertex 21.8429 -3.24345 6
      vertex 21.9606 -2.62667 0
      vertex 21.9606 -2.62667 6
    endloop
  endfacet
  facet normal 0.982275 -0.187447 0
    outer loop
      vertex 21.9606 -2.62667 0
      vertex 21.8429 -3.24345 6
      vertex 21.8429 -3.24345 0
    endloop
  endfacet
  facet normal -0.982275 0.187447 0
    outer loop
      vertex -21.9606 2.62667 0
      vertex -21.8429 3.24345 6
      vertex -21.8429 3.24345 0
    endloop
  endfacet
  facet normal -0.982275 0.187447 0
    outer loop
      vertex -21.8429 3.24345 6
      vertex -21.9606 2.62667 0
      vertex -21.9606 2.62667 6
    endloop
  endfacet
  facet normal -0.904797 0.425843 0
    outer loop
      vertex -21.6489 3.84062 0
      vertex -21.3815 4.40877 6
      vertex -21.3815 4.40877 0
    endloop
  endfacet
  facet normal -0.904797 0.425843 0
    outer loop
      vertex -21.3815 4.40877 6
      vertex -21.6489 3.84062 0
      vertex -21.6489 3.84062 6
    endloop
  endfacet
  facet normal -0.684565 0.728952 0
    outer loop
      vertex -20.1871 5.85257 0
      vertex -20.6448 5.42274 6
      vertex -20.1871 5.85257 6
    endloop
  endfacet
  facet normal -0.684565 0.728952 0
    outer loop
      vertex -20.6448 5.42274 6
      vertex -20.1871 5.85257 0
      vertex -20.6448 5.42274 0
    endloop
  endfacet
  facet normal -0.587771 0.809027 0
    outer loop
      vertex -19.6791 6.22164 0
      vertex -20.1871 5.85257 6
      vertex -19.6791 6.22164 6
    endloop
  endfacet
  facet normal -0.587771 0.809027 0
    outer loop
      vertex -20.1871 5.85257 6
      vertex -19.6791 6.22164 0
      vertex -20.1871 5.85257 0
    endloop
  endfacet
  facet normal 0.951072 0.30897 0
    outer loop
      vertex 21.8429 3.24345 6
      vertex 21.6489 3.84062 0
      vertex 21.6489 3.84062 6
    endloop
  endfacet
  facet normal 0.951072 0.30897 0
    outer loop
      vertex 21.6489 3.84062 0
      vertex 21.8429 3.24345 6
      vertex 21.8429 3.24345 0
    endloop
  endfacet
  facet normal 0.368135 0.929773 -0
    outer loop
      vertex 19.1289 6.52413 0
      vertex 18.5451 6.75528 6
      vertex 19.1289 6.52413 6
    endloop
  endfacet
  facet normal 0.368135 0.929773 0
    outer loop
      vertex 18.5451 6.75528 6
      vertex 19.1289 6.52413 0
      vertex 18.5451 6.75528 0
    endloop
  endfacet
  facet normal 0.481772 0.876297 -0
    outer loop
      vertex 19.6791 6.22164 0
      vertex 19.1289 6.52413 6
      vertex 19.6791 6.22164 6
    endloop
  endfacet
  facet normal 0.481772 0.876297 0
    outer loop
      vertex 19.1289 6.52413 6
      vertex 19.6791 6.22164 0
      vertex 19.1289 6.52413 0
    endloop
  endfacet
  facet normal -0.982275 -0.187447 0
    outer loop
      vertex -21.8429 -3.24345 0
      vertex -21.9606 -2.62667 6
      vertex -21.9606 -2.62667 0
    endloop
  endfacet
  facet normal -0.982275 -0.187447 0
    outer loop
      vertex -21.9606 -2.62667 6
      vertex -21.8429 -3.24345 0
      vertex -21.8429 -3.24345 6
    endloop
  endfacet
  facet normal -0.844364 -0.53577 0
    outer loop
      vertex -21.0451 -4.93893 0
      vertex -21.3815 -4.40877 6
      vertex -21.3815 -4.40877 0
    endloop
  endfacet
  facet normal -0.844364 -0.53577 0
    outer loop
      vertex -21.3815 -4.40877 6
      vertex -21.0451 -4.93893 0
      vertex -21.0451 -4.93893 6
    endloop
  endfacet
  facet normal -0.481772 -0.876297 0
    outer loop
      vertex -19.6791 -6.22164 0
      vertex -19.1289 -6.52413 6
      vertex -19.6791 -6.22164 6
    endloop
  endfacet
  facet normal -0.481772 -0.876297 -0
    outer loop
      vertex -19.1289 -6.52413 6
      vertex -19.6791 -6.22164 0
      vertex -19.1289 -6.52413 0
    endloop
  endfacet
  facet normal -0.587771 -0.809027 0
    outer loop
      vertex -20.1871 -5.85257 0
      vertex -19.6791 -6.22164 6
      vertex -20.1871 -5.85257 6
    endloop
  endfacet
  facet normal -0.587771 -0.809027 -0
    outer loop
      vertex -19.6791 -6.22164 6
      vertex -20.1871 -5.85257 0
      vertex -19.6791 -6.22164 0
    endloop
  endfacet
  facet normal 0.684565 -0.728952 0
    outer loop
      vertex 20.1871 -5.85257 0
      vertex 20.6448 -5.42274 6
      vertex 20.1871 -5.85257 6
    endloop
  endfacet
  facet normal 0.684565 -0.728952 0
    outer loop
      vertex 20.6448 -5.42274 6
      vertex 20.1871 -5.85257 0
      vertex 20.6448 -5.42274 0
    endloop
  endfacet
  facet normal 0.125332 -0.992115 0
    outer loop
      vertex 17.314 -6.99013 0
      vertex 17.9369 -6.91144 6
      vertex 17.314 -6.99013 6
    endloop
  endfacet
  facet normal 0.125332 -0.992115 0
    outer loop
      vertex 17.9369 -6.91144 6
      vertex 17.314 -6.99013 0
      vertex 17.9369 -6.91144 0
    endloop
  endfacet
  facet normal 0.951072 -0.30897 0
    outer loop
      vertex 21.6489 -3.84062 6
      vertex 21.8429 -3.24345 0
      vertex 21.8429 -3.24345 6
    endloop
  endfacet
  facet normal 0.951072 -0.30897 0
    outer loop
      vertex 21.8429 -3.24345 0
      vertex 21.6489 -3.84062 6
      vertex 21.6489 -3.84062 0
    endloop
  endfacet
  facet normal 0.844364 -0.53577 0
    outer loop
      vertex 21.0451 -4.93893 6
      vertex 21.3815 -4.40877 0
      vertex 21.3815 -4.40877 6
    endloop
  endfacet
  facet normal 0.844364 -0.53577 0
    outer loop
      vertex 21.3815 -4.40877 0
      vertex 21.0451 -4.93893 6
      vertex 21.0451 -4.93893 0
    endloop
  endfacet
  facet normal 0.248691 -0.968583 0
    outer loop
      vertex 17.9369 -6.91144 0
      vertex 18.5451 -6.75528 6
      vertex 17.9369 -6.91144 6
    endloop
  endfacet
  facet normal 0.248691 -0.968583 0
    outer loop
      vertex 18.5451 -6.75528 6
      vertex 17.9369 -6.91144 0
      vertex 18.5451 -6.75528 0
    endloop
  endfacet
  facet normal 0.481772 -0.876297 0
    outer loop
      vertex 19.1289 -6.52413 0
      vertex 19.6791 -6.22164 6
      vertex 19.1289 -6.52413 6
    endloop
  endfacet
  facet normal 0.481772 -0.876297 0
    outer loop
      vertex 19.6791 -6.22164 6
      vertex 19.1289 -6.52413 0
      vertex 19.6791 -6.22164 0
    endloop
  endfacet
  facet normal 0.368135 -0.929773 0
    outer loop
      vertex 18.5451 -6.75528 0
      vertex 19.1289 -6.52413 6
      vertex 18.5451 -6.75528 6
    endloop
  endfacet
  facet normal 0.368135 -0.929773 0
    outer loop
      vertex 19.1289 -6.52413 6
      vertex 18.5451 -6.75528 0
      vertex 19.1289 -6.52413 0
    endloop
  endfacet
  facet normal 0 0 -1
    outer loop
      vertex 3.24504 21.8446 0
      vertex 7.07184 21.8446 0
      vertex 7.03134 20.6699 0
    endloop
  endfacet
  facet normal 0 0 -1
    outer loop
      vertex 3.1609 20.2824 0
      vertex 7.03134 20.6699 0
      vertex 6.90985 19.5753 0
    endloop
  endfacet
  facet normal 0 0 -1
    outer loop
      vertex 3.22256 22.648 0
      vertex 7.07184 21.8446 0
      vertex 3.24504 21.8446 0
    endloop
  endfacet
  facet normal 0 0 -1
    outer loop
      vertex 3.1609 20.2824 0
      vertex 6.90985 19.5753 0
      vertex 6.70737 18.561 0
    endloop
  endfacet
  facet normal 0 0 -1
    outer loop
      vertex 7.07184 21.8446 0
      vertex 3.22256 22.648 0
      vertex 7.0291 23.033 0
    endloop
  endfacet
  facet normal 0 0 -1
    outer loop
      vertex 2.90848 18.9606 0
      vertex 6.70737 18.561 0
      vertex 6.42387 17.6268 0
    endloop
  endfacet
  facet normal 0 0 -1
    outer loop
      vertex 3.15512 23.387 0
      vertex 7.0291 23.033 0
      vertex 3.22256 22.648 0
    endloop
  endfacet
  facet normal 0 0 -1
    outer loop
      vertex 2.90848 18.9606 0
      vertex 6.42387 17.6268 0
      vertex 6.0594 16.7729 0
    endloop
  endfacet
  facet normal 0 0 -1
    outer loop
      vertex 7.0291 23.033 0
      vertex 3.15512 23.387 0
      vertex 6.90091 24.1317 0
    endloop
  endfacet
  facet normal 0 0 -1
    outer loop
      vertex 2.48776 17.8791 0
      vertex 6.0594 16.7729 0
      vertex 5.61394 15.9991 0
    endloop
  endfacet
  facet normal 0 0 -1
    outer loop
      vertex 3.04271 24.0616 0
      vertex 6.90091 24.1317 0
      vertex 3.15512 23.387 0
    endloop
  endfacet
  facet normal 0 0 -1
    outer loop
      vertex 2.48776 17.8791 0
      vertex 5.61394 15.9991 0
      vertex 5.08748 15.3056 0
    endloop
  endfacet
  facet normal -0 0 -1
    outer loop
      vertex 6.90091 24.1317 0
      vertex 3.04271 24.0616 0
      vertex 6.68726 25.1408 0
    endloop
  endfacet
  facet normal 0 0 -1
    outer loop
      vertex 1.89876 17.0379 0
      vertex 5.08748 15.3056 0
      vertex 4.48613 14.6989 0
    endloop
  endfacet
  facet normal 0 0 -1
    outer loop
      vertex 2.88533 24.6717 0
      vertex 6.68726 25.1408 0
      vertex 3.04271 24.0616 0
    endloop
  endfacet
  facet normal 0 0 -1
    outer loop
      vertex 1.89876 17.0379 0
      vertex 4.48613 14.6989 0
      vertex 3.81589 14.1855 0
    endloop
  endfacet
  facet normal -0 0 -1
    outer loop
      vertex 6.68726 25.1408 0
      vertex 2.88533 24.6717 0
      vertex 6.38814 26.0602 0
    endloop
  endfacet
  facet normal 0 0 -1
    outer loop
      vertex 2.683 25.2175 0
      vertex 6.38814 26.0602 0
      vertex 2.88533 24.6717 0
    endloop
  endfacet
  facet normal -0 0 -1
    outer loop
      vertex 7.03134 20.6699 0
      vertex 3.1609 20.2824 0
      vertex 3.24504 21.8446 0
    endloop
  endfacet
  facet normal 0 0 -1
    outer loop
      vertex 1.89876 17.0379 0
      vertex 3.81589 14.1855 0
      vertex 3.07675 13.7655 0
    endloop
  endfacet
  facet normal 0 0 -1
    outer loop
      vertex 6.70737 18.561 0
      vertex 2.90848 18.9606 0
      vertex 3.1609 20.2824 0
    endloop
  endfacet
  facet normal 0 0 -1
    outer loop
      vertex 6.0594 16.7729 0
      vertex 2.48776 17.8791 0
      vertex 2.90848 18.9606 0
    endloop
  endfacet
  facet normal 0 0 -1
    outer loop
      vertex 1.14148 16.437 0
      vertex 3.07675 13.7655 0
      vertex 2.26874 13.4388 0
    endloop
  endfacet
  facet normal 0 0 -1
    outer loop
      vertex 5.08748 15.3056 0
      vertex 1.89876 17.0379 0
      vertex 2.48776 17.8791 0
    endloop
  endfacet
  facet normal 0 0 -1
    outer loop
      vertex 1.14148 16.437 0
      vertex 2.26874 13.4388 0
      vertex 1.39185 13.2054 0
    endloop
  endfacet
  facet normal 0 0 -1
    outer loop
      vertex 3.07675 13.7655 0
      vertex 1.14148 16.437 0
      vertex 1.89876 17.0379 0
    endloop
  endfacet
  facet normal 0 0 -1
    outer loop
      vertex 0.215897 16.0765 0
      vertex 1.39185 13.2054 0
      vertex 0.446045 13.0654 0
    endloop
  endfacet
  facet normal 0 0 -1
    outer loop
      vertex 1.39185 13.2054 0
      vertex 0.215897 16.0765 0
      vertex 1.14148 16.437 0
    endloop
  endfacet
  facet normal 0 0 -1
    outer loop
      vertex -0.568619 13.0188 0
      vertex 0.215897 16.0765 0
      vertex 0.446045 13.0654 0
    endloop
  endfacet
  facet normal 0 0 -1
    outer loop
      vertex -0.568619 13.0188 0
      vertex -0.877945 15.9563 0
      vertex 0.215897 16.0765 0
    endloop
  endfacet
  facet normal 0 0 -1
    outer loop
      vertex -0.568619 13.0188 0
      vertex -2.19217 15.9563 0
      vertex -0.877945 15.9563 0
    endloop
  endfacet
  facet normal -0 0 -1
    outer loop
      vertex -2.19217 15.9563 0
      vertex -5.99294 13.0188 0
      vertex -2.19217 27.4622 0
    endloop
  endfacet
  facet normal 0 0 -1
    outer loop
      vertex -5.99294 13.0188 0
      vertex -2.19217 15.9563 0
      vertex -0.568619 13.0188 0
    endloop
  endfacet
  facet normal -0 0 -1
    outer loop
      vertex 6.38814 26.0602 0
      vertex 2.683 25.2175 0
      vertex 6.00357 26.8899 0
    endloop
  endfacet
  facet normal -0 0 -1
    outer loop
      vertex 6.00357 26.8899 0
      vertex 2.683 25.2175 0
      vertex 5.53354 27.6299 0
    endloop
  endfacet
  facet normal 0 0 -1
    outer loop
      vertex 2.43568 25.6988 0
      vertex 5.53354 27.6299 0
      vertex 2.683 25.2175 0
    endloop
  endfacet
  facet normal -0 0 -1
    outer loop
      vertex 5.53354 27.6299 0
      vertex 2.43568 25.6988 0
      vertex 4.97803 28.2803 0
    endloop
  endfacet
  facet normal 0 0 -1
    outer loop
      vertex 2.14342 26.1156 0
      vertex 4.97803 28.2803 0
      vertex 2.43568 25.6988 0
    endloop
  endfacet
  facet normal -0 0 -1
    outer loop
      vertex 4.97803 28.2803 0
      vertex 2.14342 26.1156 0
      vertex 4.33633 28.8426 0
    endloop
  endfacet
  facet normal 0 0 -1
    outer loop
      vertex 1.80119 26.4729 0
      vertex 4.33633 28.8426 0
      vertex 2.14342 26.1156 0
    endloop
  endfacet
  facet normal -0 0 -1
    outer loop
      vertex 4.33633 28.8426 0
      vertex 1.80119 26.4729 0
      vertex 3.6076 29.3184 0
    endloop
  endfacet
  facet normal 0 0 -1
    outer loop
      vertex 1.40402 26.7752 0
      vertex 3.6076 29.3184 0
      vertex 1.80119 26.4729 0
    endloop
  endfacet
  facet normal -0 0 -1
    outer loop
      vertex 3.6076 29.3184 0
      vertex 1.40402 26.7752 0
      vertex 2.79182 29.7077 0
    endloop
  endfacet
  facet normal 0 0 -1
    outer loop
      vertex 0.951889 27.0225 0
      vertex 2.79182 29.7077 0
      vertex 1.40402 26.7752 0
    endloop
  endfacet
  facet normal -0 0 -1
    outer loop
      vertex 2.79182 29.7077 0
      vertex 0.951889 27.0225 0
      vertex 1.88899 30.0105 0
    endloop
  endfacet
  facet normal 0 0 -1
    outer loop
      vertex 0.444809 27.2149 0
      vertex 1.88899 30.0105 0
      vertex 0.951889 27.0225 0
    endloop
  endfacet
  facet normal -0 0 -1
    outer loop
      vertex 1.88899 30.0105 0
      vertex 0.444809 27.2149 0
      vertex 0.899124 30.2267 0
    endloop
  endfacet
  facet normal 0 0 -1
    outer loop
      vertex -0.117218 27.3523 0
      vertex 0.899124 30.2267 0
      vertex 0.444809 27.2149 0
    endloop
  endfacet
  facet normal 0 0 -1
    outer loop
      vertex -0.117218 27.3523 0
      vertex -0.17778 30.3565 0
      vertex 0.899124 30.2267 0
    endloop
  endfacet
  facet normal 0 0 -1
    outer loop
      vertex -0.734192 27.4347 0
      vertex -0.17778 30.3565 0
      vertex -0.117218 27.3523 0
    endloop
  endfacet
  facet normal 0 0 -1
    outer loop
      vertex -0.734192 27.4347 0
      vertex -1.34174 30.3997 0
      vertex -0.17778 30.3565 0
    endloop
  endfacet
  facet normal 0 0 -1
    outer loop
      vertex -1.40614 27.4622 0
      vertex -1.34174 30.3997 0
      vertex -0.734192 27.4347 0
    endloop
  endfacet
  facet normal 0 0 -1
    outer loop
      vertex -2.19217 27.4622 0
      vertex -1.34174 30.3997 0
      vertex -1.40614 27.4622 0
    endloop
  endfacet
  facet normal 0 0 -1
    outer loop
      vertex -2.19217 27.4622 0
      vertex -5.99294 30.3997 0
      vertex -1.34174 30.3997 0
    endloop
  endfacet
  facet normal 0 0 -1
    outer loop
      vertex -5.99294 30.3997 0
      vertex -2.19217 27.4622 0
      vertex -5.99294 13.0188 0
    endloop
  endfacet
  facet normal 0 0 1
    outer loop
      vertex 7.07184 21.8446 6
      vertex 3.22256 22.648 6
      vertex 3.24504 21.8446 6
    endloop
  endfacet
  facet normal 0 0 1
    outer loop
      vertex 4.33633 28.8426 6
      vertex 3.15512 23.387 6
      vertex 3.22256 22.648 6
    endloop
  endfacet
  facet normal 0 0 1
    outer loop
      vertex 4.33633 28.8426 6
      vertex 3.04271 24.0616 6
      vertex 3.15512 23.387 6
    endloop
  endfacet
  facet normal 0 0 1
    outer loop
      vertex 4.33633 28.8426 6
      vertex 2.88533 24.6717 6
      vertex 3.04271 24.0616 6
    endloop
  endfacet
  facet normal 0 0 1
    outer loop
      vertex 1.40402 26.7752 6
      vertex 3.6076 29.3184 6
      vertex 2.79182 29.7077 6
    endloop
  endfacet
  facet normal 0 0 1
    outer loop
      vertex 4.33633 28.8426 6
      vertex 2.683 25.2175 6
      vertex 2.88533 24.6717 6
    endloop
  endfacet
  facet normal 0 0 1
    outer loop
      vertex 4.33633 28.8426 6
      vertex 2.43568 25.6988 6
      vertex 2.683 25.2175 6
    endloop
  endfacet
  facet normal 0 0 1
    outer loop
      vertex 4.33633 28.8426 6
      vertex 2.14342 26.1156 6
      vertex 2.43568 25.6988 6
    endloop
  endfacet
  facet normal 0 0 1
    outer loop
      vertex 0.951889 27.0225 6
      vertex 2.79182 29.7077 6
      vertex 1.88899 30.0105 6
    endloop
  endfacet
  facet normal 0 0 1
    outer loop
      vertex 4.33633 28.8426 6
      vertex 1.80119 26.4729 6
      vertex 2.14342 26.1156 6
    endloop
  endfacet
  facet normal 0 0 1
    outer loop
      vertex 3.6076 29.3184 6
      vertex 1.40402 26.7752 6
      vertex 1.80119 26.4729 6
    endloop
  endfacet
  facet normal 0 0 1
    outer loop
      vertex 2.79182 29.7077 6
      vertex 0.951889 27.0225 6
      vertex 1.40402 26.7752 6
    endloop
  endfacet
  facet normal 0 0 1
    outer loop
      vertex 0.444809 27.2149 6
      vertex 1.88899 30.0105 6
      vertex 0.899124 30.2267 6
    endloop
  endfacet
  facet normal 0 0 1
    outer loop
      vertex 1.88899 30.0105 6
      vertex 0.444809 27.2149 6
      vertex 0.951889 27.0225 6
    endloop
  endfacet
  facet normal 0 0 1
    outer loop
      vertex 0.899124 30.2267 6
      vertex -0.117218 27.3523 6
      vertex 0.444809 27.2149 6
    endloop
  endfacet
  facet normal 0 0 1
    outer loop
      vertex -0.17778 30.3565 6
      vertex -0.117218 27.3523 6
      vertex 0.899124 30.2267 6
    endloop
  endfacet
  facet normal 0 0 1
    outer loop
      vertex -0.17778 30.3565 6
      vertex -0.734192 27.4347 6
      vertex -0.117218 27.3523 6
    endloop
  endfacet
  facet normal 0 0 1
    outer loop
      vertex -1.34174 30.3997 6
      vertex -0.734192 27.4347 6
      vertex -0.17778 30.3565 6
    endloop
  endfacet
  facet normal 0 0 1
    outer loop
      vertex -1.34174 30.3997 6
      vertex -1.40614 27.4622 6
      vertex -0.734192 27.4347 6
    endloop
  endfacet
  facet normal 0 0 1
    outer loop
      vertex -1.34174 30.3997 6
      vertex -2.19217 27.4622 6
      vertex -1.40614 27.4622 6
    endloop
  endfacet
  facet normal 0 0 1
    outer loop
      vertex -2.19217 27.4622 6
      vertex -5.99294 30.3997 6
      vertex -2.19217 15.9563 6
    endloop
  endfacet
  facet normal -0 0 1
    outer loop
      vertex -5.99294 30.3997 6
      vertex -2.19217 27.4622 6
      vertex -1.34174 30.3997 6
    endloop
  endfacet
  facet normal -0 0 1
    outer loop
      vertex 3.22256 22.648 6
      vertex 7.07184 21.8446 6
      vertex 7.0291 23.033 6
    endloop
  endfacet
  facet normal 0 0 1
    outer loop
      vertex 7.07184 21.8446 6
      vertex 3.24504 21.8446 6
      vertex 7.03134 20.6699 6
    endloop
  endfacet
  facet normal 0 0 1
    outer loop
      vertex 3.22256 22.648 6
      vertex 7.0291 23.033 6
      vertex 6.90091 24.1317 6
    endloop
  endfacet
  facet normal 0 0 1
    outer loop
      vertex 3.1609 20.2824 6
      vertex 7.03134 20.6699 6
      vertex 3.24504 21.8446 6
    endloop
  endfacet
  facet normal 0 0 1
    outer loop
      vertex 3.22256 22.648 6
      vertex 6.90091 24.1317 6
      vertex 6.68726 25.1408 6
    endloop
  endfacet
  facet normal 0 0 1
    outer loop
      vertex 7.03134 20.6699 6
      vertex 3.1609 20.2824 6
      vertex 6.90985 19.5753 6
    endloop
  endfacet
  facet normal 0 0 1
    outer loop
      vertex 3.22256 22.648 6
      vertex 6.68726 25.1408 6
      vertex 6.38814 26.0602 6
    endloop
  endfacet
  facet normal 0 0 1
    outer loop
      vertex 6.90985 19.5753 6
      vertex 3.1609 20.2824 6
      vertex 6.70737 18.561 6
    endloop
  endfacet
  facet normal 0 0 1
    outer loop
      vertex 3.22256 22.648 6
      vertex 6.38814 26.0602 6
      vertex 6.00357 26.8899 6
    endloop
  endfacet
  facet normal -0 0 1
    outer loop
      vertex 2.90848 18.9606 6
      vertex 6.70737 18.561 6
      vertex 3.1609 20.2824 6
    endloop
  endfacet
  facet normal 0 0 1
    outer loop
      vertex 3.22256 22.648 6
      vertex 6.00357 26.8899 6
      vertex 5.53354 27.6299 6
    endloop
  endfacet
  facet normal 0 0 1
    outer loop
      vertex 6.70737 18.561 6
      vertex 2.90848 18.9606 6
      vertex 6.42387 17.6268 6
    endloop
  endfacet
  facet normal 0 0 1
    outer loop
      vertex 3.22256 22.648 6
      vertex 5.53354 27.6299 6
      vertex 4.97803 28.2803 6
    endloop
  endfacet
  facet normal 0 0 1
    outer loop
      vertex 6.42387 17.6268 6
      vertex 2.90848 18.9606 6
      vertex 6.0594 16.7729 6
    endloop
  endfacet
  facet normal 0 0 1
    outer loop
      vertex 3.22256 22.648 6
      vertex 4.97803 28.2803 6
      vertex 4.33633 28.8426 6
    endloop
  endfacet
  facet normal -0 0 1
    outer loop
      vertex 2.48776 17.8791 6
      vertex 6.0594 16.7729 6
      vertex 2.90848 18.9606 6
    endloop
  endfacet
  facet normal 0 0 1
    outer loop
      vertex 1.80119 26.4729 6
      vertex 4.33633 28.8426 6
      vertex 3.6076 29.3184 6
    endloop
  endfacet
  facet normal 0 0 1
    outer loop
      vertex 6.0594 16.7729 6
      vertex 2.48776 17.8791 6
      vertex 5.61394 15.9991 6
    endloop
  endfacet
  facet normal 0 0 1
    outer loop
      vertex 5.61394 15.9991 6
      vertex 2.48776 17.8791 6
      vertex 5.08748 15.3056 6
    endloop
  endfacet
  facet normal -0 0 1
    outer loop
      vertex 1.89876 17.0379 6
      vertex 5.08748 15.3056 6
      vertex 2.48776 17.8791 6
    endloop
  endfacet
  facet normal 0 0 1
    outer loop
      vertex 5.08748 15.3056 6
      vertex 1.89876 17.0379 6
      vertex 4.48613 14.6989 6
    endloop
  endfacet
  facet normal 0 0 1
    outer loop
      vertex 4.48613 14.6989 6
      vertex 1.89876 17.0379 6
      vertex 3.81589 14.1855 6
    endloop
  endfacet
  facet normal 0 0 1
    outer loop
      vertex 3.81589 14.1855 6
      vertex 1.89876 17.0379 6
      vertex 3.07675 13.7655 6
    endloop
  endfacet
  facet normal -0 0 1
    outer loop
      vertex 1.14148 16.437 6
      vertex 3.07675 13.7655 6
      vertex 1.89876 17.0379 6
    endloop
  endfacet
  facet normal 0 0 1
    outer loop
      vertex 3.07675 13.7655 6
      vertex 1.14148 16.437 6
      vertex 2.26874 13.4388 6
    endloop
  endfacet
  facet normal 0 0 1
    outer loop
      vertex 2.26874 13.4388 6
      vertex 1.14148 16.437 6
      vertex 1.39185 13.2054 6
    endloop
  endfacet
  facet normal -0 0 1
    outer loop
      vertex 0.215897 16.0765 6
      vertex 1.39185 13.2054 6
      vertex 1.14148 16.437 6
    endloop
  endfacet
  facet normal 0 0 1
    outer loop
      vertex 1.39185 13.2054 6
      vertex 0.215897 16.0765 6
      vertex 0.446045 13.0654 6
    endloop
  endfacet
  facet normal 0 0 1
    outer loop
      vertex 0.215897 16.0765 6
      vertex -0.568619 13.0188 6
      vertex 0.446045 13.0654 6
    endloop
  endfacet
  facet normal -0 0 1
    outer loop
      vertex -0.877945 15.9563 6
      vertex -0.568619 13.0188 6
      vertex 0.215897 16.0765 6
    endloop
  endfacet
  facet normal -0 0 1
    outer loop
      vertex -2.19217 15.9563 6
      vertex -0.568619 13.0188 6
      vertex -0.877945 15.9563 6
    endloop
  endfacet
  facet normal 0 0 1
    outer loop
      vertex -2.19217 15.9563 6
      vertex -5.99294 13.0188 6
      vertex -0.568619 13.0188 6
    endloop
  endfacet
  facet normal 0 0 1
    outer loop
      vertex -5.99294 13.0188 6
      vertex -2.19217 15.9563 6
      vertex -5.99294 30.3997 6
    endloop
  endfacet
  facet normal 0.146427 -0.989222 0
    outer loop
      vertex 0.446045 13.0654 0
      vertex 1.39185 13.2054 6
      vertex 0.446045 13.0654 6
    endloop
  endfacet
  facet normal 0.146427 -0.989222 0
    outer loop
      vertex 1.39185 13.2054 6
      vertex 0.446045 13.0654 0
      vertex 1.39185 13.2054 0
    endloop
  endfacet
  facet normal 0.257213 -0.966355 0
    outer loop
      vertex 1.39185 13.2054 0
      vertex 2.26874 13.4388 6
      vertex 1.39185 13.2054 6
    endloop
  endfacet
  facet normal 0.257213 -0.966355 0
    outer loop
      vertex 2.26874 13.4388 6
      vertex 1.39185 13.2054 0
      vertex 2.26874 13.4388 0
    endloop
  endfacet
  facet normal 0.374846 -0.927087 0
    outer loop
      vertex 2.26874 13.4388 0
      vertex 3.07675 13.7655 6
      vertex 2.26874 13.4388 6
    endloop
  endfacet
  facet normal 0.374846 -0.927087 0
    outer loop
      vertex 3.07675 13.7655 6
      vertex 2.26874 13.4388 0
      vertex 3.07675 13.7655 0
    endloop
  endfacet
  facet normal 0.49404 -0.869439 0
    outer loop
      vertex 3.07675 13.7655 0
      vertex 3.81589 14.1855 6
      vertex 3.07675 13.7655 6
    endloop
  endfacet
  facet normal 0.49404 -0.869439 0
    outer loop
      vertex 3.81589 14.1855 6
      vertex 3.07675 13.7655 0
      vertex 3.81589 14.1855 0
    endloop
  endfacet
  facet normal 0.608095 -0.793864 0
    outer loop
      vertex 3.81589 14.1855 0
      vertex 4.48613 14.6989 6
      vertex 3.81589 14.1855 6
    endloop
  endfacet
  facet normal 0.608095 -0.793864 0
    outer loop
      vertex 4.48613 14.6989 6
      vertex 3.81589 14.1855 0
      vertex 4.48613 14.6989 0
    endloop
  endfacet
  facet normal 0.710231 -0.703968 0
    outer loop
      vertex 4.48613 14.6989 6
      vertex 5.08748 15.3056 0
      vertex 5.08748 15.3056 6
    endloop
  endfacet
  facet normal 0.710231 -0.703968 0
    outer loop
      vertex 5.08748 15.3056 0
      vertex 4.48613 14.6989 6
      vertex 4.48613 14.6989 0
    endloop
  endfacet
  facet normal 0.796494 -0.604646 0
    outer loop
      vertex 5.08748 15.3056 6
      vertex 5.61394 15.9991 0
      vertex 5.61394 15.9991 6
    endloop
  endfacet
  facet normal 0.796494 -0.604646 0
    outer loop
      vertex 5.61394 15.9991 0
      vertex 5.08748 15.3056 6
      vertex 5.08748 15.3056 0
    endloop
  endfacet
  facet normal 0.866652 -0.498913 0
    outer loop
      vertex 5.61394 15.9991 6
      vertex 6.0594 16.7729 0
      vertex 6.0594 16.7729 6
    endloop
  endfacet
  facet normal 0.866652 -0.498913 0
    outer loop
      vertex 6.0594 16.7729 0
      vertex 5.61394 15.9991 6
      vertex 5.61394 15.9991 0
    endloop
  endfacet
  facet normal 0.919724 -0.392566 0
    outer loop
      vertex 6.0594 16.7729 6
      vertex 6.42387 17.6268 0
      vertex 6.42387 17.6268 6
    endloop
  endfacet
  facet normal 0.919724 -0.392566 0
    outer loop
      vertex 6.42387 17.6268 0
      vertex 6.0594 16.7729 6
      vertex 6.0594 16.7729 0
    endloop
  endfacet
  facet normal 0.956908 -0.290391 0
    outer loop
      vertex 6.42387 17.6268 6
      vertex 6.70737 18.561 0
      vertex 6.70737 18.561 6
    endloop
  endfacet
  facet normal 0.956908 -0.290391 0
    outer loop
      vertex 6.70737 18.561 0
      vertex 6.42387 17.6268 6
      vertex 6.42387 17.6268 0
    endloop
  endfacet
  facet normal 0.980651 -0.195763 0
    outer loop
      vertex 6.70737 18.561 6
      vertex 6.90985 19.5753 0
      vertex 6.90985 19.5753 6
    endloop
  endfacet
  facet normal 0.980651 -0.195763 0
    outer loop
      vertex 6.90985 19.5753 0
      vertex 6.70737 18.561 6
      vertex 6.70737 18.561 0
    endloop
  endfacet
  facet normal 0.993897 -0.110313 0
    outer loop
      vertex 6.90985 19.5753 6
      vertex 7.03134 20.6699 0
      vertex 7.03134 20.6699 6
    endloop
  endfacet
  facet normal 0.993897 -0.110313 0
    outer loop
      vertex 7.03134 20.6699 0
      vertex 6.90985 19.5753 6
      vertex 6.90985 19.5753 0
    endloop
  endfacet
  facet normal 0.999406 -0.0344564 0
    outer loop
      vertex 7.03134 20.6699 6
      vertex 7.07184 21.8446 0
      vertex 7.07184 21.8446 6
    endloop
  endfacet
  facet normal 0.999406 -0.0344564 0
    outer loop
      vertex 7.07184 21.8446 0
      vertex 7.03134 20.6699 6
      vertex 7.03134 20.6699 0
    endloop
  endfacet
  facet normal 0.999354 0.0359411 0
    outer loop
      vertex 7.07184 21.8446 6
      vertex 7.0291 23.033 0
      vertex 7.0291 23.033 6
    endloop
  endfacet
  facet normal 0.999354 0.0359411 0
    outer loop
      vertex 7.0291 23.033 0
      vertex 7.07184 21.8446 6
      vertex 7.07184 21.8446 0
    endloop
  endfacet
  facet normal 0.993262 0.115888 0
    outer loop
      vertex 7.0291 23.033 6
      vertex 6.90091 24.1317 0
      vertex 6.90091 24.1317 6
    endloop
  endfacet
  facet normal 0.993262 0.115888 0
    outer loop
      vertex 6.90091 24.1317 0
      vertex 7.0291 23.033 6
      vertex 7.0291 23.033 0
    endloop
  endfacet
  facet normal 0.978313 0.207132 0
    outer loop
      vertex 6.90091 24.1317 6
      vertex 6.68726 25.1408 0
      vertex 6.68726 25.1408 6
    endloop
  endfacet
  facet normal 0.978313 0.207132 0
    outer loop
      vertex 6.68726 25.1408 0
      vertex 6.90091 24.1317 6
      vertex 6.90091 24.1317 0
    endloop
  endfacet
  facet normal 0.950938 0.309381 0
    outer loop
      vertex 6.68726 25.1408 6
      vertex 6.38814 26.0602 0
      vertex 6.38814 26.0602 6
    endloop
  endfacet
  facet normal 0.950938 0.309381 0
    outer loop
      vertex 6.38814 26.0602 0
      vertex 6.68726 25.1408 6
      vertex 6.68726 25.1408 0
    endloop
  endfacet
  facet normal 0.907279 0.420528 0
    outer loop
      vertex 6.38814 26.0602 6
      vertex 6.00357 26.8899 0
      vertex 6.00357 26.8899 6
    endloop
  endfacet
  facet normal 0.907279 0.420528 0
    outer loop
      vertex 6.00357 26.8899 0
      vertex 6.38814 26.0602 6
      vertex 6.38814 26.0602 0
    endloop
  endfacet
  facet normal 0.844115 0.536162 0
    outer loop
      vertex 6.00357 26.8899 6
      vertex 5.53354 27.6299 0
      vertex 5.53354 27.6299 6
    endloop
  endfacet
  facet normal 0.844115 0.536162 0
    outer loop
      vertex 5.53354 27.6299 0
      vertex 6.00357 26.8899 6
      vertex 6.00357 26.8899 0
    endloop
  endfacet
  facet normal 0.760397 0.649459 0
    outer loop
      vertex 5.53354 27.6299 6
      vertex 4.97803 28.2803 0
      vertex 4.97803 28.2803 6
    endloop
  endfacet
  facet normal 0.760397 0.649459 0
    outer loop
      vertex 4.97803 28.2803 0
      vertex 5.53354 27.6299 6
      vertex 5.53354 27.6299 0
    endloop
  endfacet
  facet normal 0.659044 0.752105 -0
    outer loop
      vertex 4.97803 28.2803 0
      vertex 4.33633 28.8426 6
      vertex 4.97803 28.2803 6
    endloop
  endfacet
  facet normal 0.659044 0.752105 0
    outer loop
      vertex 4.33633 28.8426 6
      vertex 4.97803 28.2803 0
      vertex 4.33633 28.8426 0
    endloop
  endfacet
  facet normal 0.546704 0.837326 -0
    outer loop
      vertex 4.33633 28.8426 0
      vertex 3.6076 29.3184 6
      vertex 4.33633 28.8426 6
    endloop
  endfacet
  facet normal 0.546704 0.837326 0
    outer loop
      vertex 3.6076 29.3184 6
      vertex 4.33633 28.8426 0
      vertex 3.6076 29.3184 0
    endloop
  endfacet
  facet normal 0.430685 0.902502 -0
    outer loop
      vertex 3.6076 29.3184 0
      vertex 2.79182 29.7077 6
      vertex 3.6076 29.3184 6
    endloop
  endfacet
  facet normal 0.430685 0.902502 0
    outer loop
      vertex 2.79182 29.7077 6
      vertex 3.6076 29.3184 0
      vertex 2.79182 29.7077 0
    endloop
  endfacet
  facet normal 0.317982 0.948097 -0
    outer loop
      vertex 2.79182 29.7077 0
      vertex 1.88899 30.0105 6
      vertex 2.79182 29.7077 6
    endloop
  endfacet
  facet normal 0.317982 0.948097 0
    outer loop
      vertex 1.88899 30.0105 6
      vertex 2.79182 29.7077 0
      vertex 1.88899 30.0105 0
    endloop
  endfacet
  facet normal 0.213383 0.976969 -0
    outer loop
      vertex 1.88899 30.0105 0
      vertex 0.899124 30.2267 6
      vertex 1.88899 30.0105 6
    endloop
  endfacet
  facet normal 0.213383 0.976969 0
    outer loop
      vertex 0.899124 30.2267 6
      vertex 1.88899 30.0105 0
      vertex 0.899124 30.2267 0
    endloop
  endfacet
  facet normal 0.119665 0.992814 -0
    outer loop
      vertex 0.899124 30.2267 0
      vertex -0.17778 30.3565 6
      vertex 0.899124 30.2267 6
    endloop
  endfacet
  facet normal 0.119665 0.992814 0
    outer loop
      vertex -0.17778 30.3565 6
      vertex 0.899124 30.2267 0
      vertex -0.17778 30.3565 0
    endloop
  endfacet
  facet normal 0.0370891 0.999312 -0
    outer loop
      vertex -0.17778 30.3565 0
      vertex -1.34174 30.3997 6
      vertex -0.17778 30.3565 6
    endloop
  endfacet
  facet normal 0.0370891 0.999312 0
    outer loop
      vertex -1.34174 30.3997 6
      vertex -0.17778 30.3565 0
      vertex -1.34174 30.3997 0
    endloop
  endfacet
  facet normal 0 1 -0
    outer loop
      vertex -1.34174 30.3997 0
      vertex -5.99294 30.3997 6
      vertex -1.34174 30.3997 6
    endloop
  endfacet
  facet normal 0 1 0
    outer loop
      vertex -5.99294 30.3997 6
      vertex -1.34174 30.3997 0
      vertex -5.99294 30.3997 0
    endloop
  endfacet
  facet normal -1 0 0
    outer loop
      vertex -5.99294 13.0188 0
      vertex -5.99294 30.3997 6
      vertex -5.99294 30.3997 0
    endloop
  endfacet
  facet normal -1 -0 0
    outer loop
      vertex -5.99294 30.3997 6
      vertex -5.99294 13.0188 0
      vertex -5.99294 13.0188 6
    endloop
  endfacet
  facet normal 0 -1 0
    outer loop
      vertex -5.99294 13.0188 0
      vertex -0.568619 13.0188 6
      vertex -5.99294 13.0188 6
    endloop
  endfacet
  facet normal 0 -1 -0
    outer loop
      vertex -0.568619 13.0188 6
      vertex -5.99294 13.0188 0
      vertex -0.568619 13.0188 0
    endloop
  endfacet
  facet normal 0.0458782 -0.998947 0
    outer loop
      vertex -0.568619 13.0188 0
      vertex 0.446045 13.0654 6
      vertex -0.568619 13.0188 6
    endloop
  endfacet
  facet normal 0.0458782 -0.998947 0
    outer loop
      vertex 0.446045 13.0654 6
      vertex -0.568619 13.0188 0
      vertex 0.446045 13.0654 0
    endloop
  endfacet
  facet normal 1 -0 0
    outer loop
      vertex -2.19217 15.9563 6
      vertex -2.19217 27.4622 0
      vertex -2.19217 27.4622 6
    endloop
  endfacet
  facet normal 1 0 0
    outer loop
      vertex -2.19217 27.4622 0
      vertex -2.19217 15.9563 6
      vertex -2.19217 15.9563 0
    endloop
  endfacet
  facet normal 0 -1 0
    outer loop
      vertex -2.19217 27.4622 0
      vertex -1.40614 27.4622 6
      vertex -2.19217 27.4622 6
    endloop
  endfacet
  facet normal 0 -1 -0
    outer loop
      vertex -1.40614 27.4622 6
      vertex -2.19217 27.4622 0
      vertex -1.40614 27.4622 0
    endloop
  endfacet
  facet normal -0.0408916 -0.999164 0
    outer loop
      vertex -1.40614 27.4622 0
      vertex -0.734192 27.4347 6
      vertex -1.40614 27.4622 6
    endloop
  endfacet
  facet normal -0.0408916 -0.999164 -0
    outer loop
      vertex -0.734192 27.4347 6
      vertex -1.40614 27.4622 0
      vertex -0.734192 27.4347 0
    endloop
  endfacet
  facet normal -0.13238 -0.991199 0
    outer loop
      vertex -0.734192 27.4347 0
      vertex -0.117218 27.3523 6
      vertex -0.734192 27.4347 6
    endloop
  endfacet
  facet normal -0.13238 -0.991199 -0
    outer loop
      vertex -0.117218 27.3523 6
      vertex -0.734192 27.4347 0
      vertex -0.117218 27.3523 0
    endloop
  endfacet
  facet normal -0.237479 -0.971393 0
    outer loop
      vertex -0.117218 27.3523 0
      vertex 0.444809 27.2149 6
      vertex -0.117218 27.3523 6
    endloop
  endfacet
  facet normal -0.237479 -0.971393 -0
    outer loop
      vertex 0.444809 27.2149 6
      vertex -0.117218 27.3523 0
      vertex 0.444809 27.2149 0
    endloop
  endfacet
  facet normal -0.35475 -0.934961 0
    outer loop
      vertex 0.444809 27.2149 0
      vertex 0.951889 27.0225 6
      vertex 0.444809 27.2149 6
    endloop
  endfacet
  facet normal -0.35475 -0.934961 -0
    outer loop
      vertex 0.951889 27.0225 6
      vertex 0.444809 27.2149 0
      vertex 0.951889 27.0225 0
    endloop
  endfacet
  facet normal -0.479873 -0.877338 0
    outer loop
      vertex 0.951889 27.0225 0
      vertex 1.40402 26.7752 6
      vertex 0.951889 27.0225 6
    endloop
  endfacet
  facet normal -0.479873 -0.877338 -0
    outer loop
      vertex 1.40402 26.7752 6
      vertex 0.951889 27.0225 0
      vertex 1.40402 26.7752 0
    endloop
  endfacet
  facet normal -0.605656 -0.795727 0
    outer loop
      vertex 1.40402 26.7752 0
      vertex 1.80119 26.4729 6
      vertex 1.40402 26.7752 6
    endloop
  endfacet
  facet normal -0.605656 -0.795727 -0
    outer loop
      vertex 1.80119 26.4729 6
      vertex 1.40402 26.7752 0
      vertex 1.80119 26.4729 0
    endloop
  endfacet
  facet normal -0.722172 -0.691713 0
    outer loop
      vertex 2.14342 26.1156 0
      vertex 1.80119 26.4729 6
      vertex 1.80119 26.4729 0
    endloop
  endfacet
  facet normal -0.722172 -0.691713 0
    outer loop
      vertex 1.80119 26.4729 6
      vertex 2.14342 26.1156 0
      vertex 2.14342 26.1156 6
    endloop
  endfacet
  facet normal -0.81877 -0.574121 0
    outer loop
      vertex 2.43568 25.6988 0
      vertex 2.14342 26.1156 6
      vertex 2.14342 26.1156 0
    endloop
  endfacet
  facet normal -0.81877 -0.574121 0
    outer loop
      vertex 2.14342 26.1156 6
      vertex 2.43568 25.6988 0
      vertex 2.43568 25.6988 6
    endloop
  endfacet
  facet normal -0.889442 -0.457047 0
    outer loop
      vertex 2.683 25.2175 0
      vertex 2.43568 25.6988 6
      vertex 2.43568 25.6988 0
    endloop
  endfacet
  facet normal -0.889442 -0.457047 0
    outer loop
      vertex 2.43568 25.6988 6
      vertex 2.683 25.2175 0
      vertex 2.683 25.2175 6
    endloop
  endfacet
  facet normal -0.937647 -0.347589 0
    outer loop
      vertex 2.88533 24.6717 0
      vertex 2.683 25.2175 6
      vertex 2.683 25.2175 0
    endloop
  endfacet
  facet normal -0.937647 -0.347589 0
    outer loop
      vertex 2.683 25.2175 6
      vertex 2.88533 24.6717 0
      vertex 2.88533 24.6717 6
    endloop
  endfacet
  facet normal -0.968302 -0.249781 0
    outer loop
      vertex 3.04271 24.0616 0
      vertex 2.88533 24.6717 6
      vertex 2.88533 24.6717 0
    endloop
  endfacet
  facet normal -0.968302 -0.249781 0
    outer loop
      vertex 2.88533 24.6717 6
      vertex 3.04271 24.0616 0
      vertex 3.04271 24.0616 6
    endloop
  endfacet
  facet normal -0.986399 -0.164366 0
    outer loop
      vertex 3.15512 23.387 0
      vertex 3.04271 24.0616 6
      vertex 3.04271 24.0616 0
    endloop
  endfacet
  facet normal -0.986399 -0.164366 0
    outer loop
      vertex 3.04271 24.0616 6
      vertex 3.15512 23.387 0
      vertex 3.15512 23.387 6
    endloop
  endfacet
  facet normal -0.995862 -0.0908808 0
    outer loop
      vertex 3.22256 22.648 0
      vertex 3.15512 23.387 6
      vertex 3.15512 23.387 0
    endloop
  endfacet
  facet normal -0.995862 -0.0908808 0
    outer loop
      vertex 3.15512 23.387 6
      vertex 3.22256 22.648 0
      vertex 3.22256 22.648 6
    endloop
  endfacet
  facet normal -0.999609 -0.0279701 0
    outer loop
      vertex 3.24504 21.8446 0
      vertex 3.22256 22.648 6
      vertex 3.22256 22.648 0
    endloop
  endfacet
  facet normal -0.999609 -0.0279701 0
    outer loop
      vertex 3.22256 22.648 6
      vertex 3.24504 21.8446 0
      vertex 3.24504 21.8446 6
    endloop
  endfacet
  facet normal -0.998553 0.053782 0
    outer loop
      vertex 3.1609 20.2824 0
      vertex 3.24504 21.8446 6
      vertex 3.24504 21.8446 0
    endloop
  endfacet
  facet normal -0.998553 0.053782 0
    outer loop
      vertex 3.24504 21.8446 6
      vertex 3.1609 20.2824 0
      vertex 3.1609 20.2824 6
    endloop
  endfacet
  facet normal -0.98225 0.187577 0
    outer loop
      vertex 2.90848 18.9606 0
      vertex 3.1609 20.2824 6
      vertex 3.1609 20.2824 0
    endloop
  endfacet
  facet normal -0.98225 0.187577 0
    outer loop
      vertex 3.1609 20.2824 6
      vertex 2.90848 18.9606 0
      vertex 2.90848 18.9606 6
    endloop
  endfacet
  facet normal -0.931965 0.362549 0
    outer loop
      vertex 2.48776 17.8791 0
      vertex 2.90848 18.9606 6
      vertex 2.90848 18.9606 0
    endloop
  endfacet
  facet normal -0.931965 0.362549 0
    outer loop
      vertex 2.90848 18.9606 6
      vertex 2.48776 17.8791 0
      vertex 2.48776 17.8791 6
    endloop
  endfacet
  facet normal -0.819159 0.573567 0
    outer loop
      vertex 1.89876 17.0379 0
      vertex 2.48776 17.8791 6
      vertex 2.48776 17.8791 0
    endloop
  endfacet
  facet normal -0.819159 0.573567 0
    outer loop
      vertex 2.48776 17.8791 6
      vertex 1.89876 17.0379 0
      vertex 1.89876 17.0379 6
    endloop
  endfacet
  facet normal -0.621584 0.783347 0
    outer loop
      vertex 1.89876 17.0379 0
      vertex 1.14148 16.437 6
      vertex 1.89876 17.0379 6
    endloop
  endfacet
  facet normal -0.621584 0.783347 0
    outer loop
      vertex 1.14148 16.437 6
      vertex 1.89876 17.0379 0
      vertex 1.14148 16.437 0
    endloop
  endfacet
  facet normal -0.362928 0.931817 0
    outer loop
      vertex 1.14148 16.437 0
      vertex 0.215897 16.0765 6
      vertex 1.14148 16.437 6
    endloop
  endfacet
  facet normal -0.362928 0.931817 0
    outer loop
      vertex 0.215897 16.0765 6
      vertex 1.14148 16.437 0
      vertex 0.215897 16.0765 0
    endloop
  endfacet
  facet normal -0.10923 0.994016 0
    outer loop
      vertex 0.215897 16.0765 0
      vertex -0.877945 15.9563 6
      vertex 0.215897 16.0765 6
    endloop
  endfacet
  facet normal -0.10923 0.994016 0
    outer loop
      vertex -0.877945 15.9563 6
      vertex 0.215897 16.0765 0
      vertex -0.877945 15.9563 0
    endloop
  endfacet
  facet normal 0 1 -0
    outer loop
      vertex -0.877945 15.9563 0
      vertex -2.19217 15.9563 6
      vertex -0.877945 15.9563 6
    endloop
  endfacet
  facet normal 0 1 0
    outer loop
      vertex -2.19217 15.9563 6
      vertex -0.877945 15.9563 0
      vertex -2.19217 15.9563 0
    endloop
  endfacet
  facet normal -0.998031 -0.0627242 0
    outer loop
      vertex -11.75 0 0
      vertex -11.7756 0.407332 6
      vertex -11.7756 0.407332 0
    endloop
  endfacet
  facet normal -0.998031 -0.0627242 0
    outer loop
      vertex -11.7756 0.407332 6
      vertex -11.75 0 0
      vertex -11.75 0 6
    endloop
  endfacet
  facet normal 0.998031 -0.0627242 0
    outer loop
      vertex -18.25 0 6
      vertex -18.2244 0.407332 0
      vertex -18.2244 0.407332 6
    endloop
  endfacet
  facet normal 0.998031 -0.0627242 0
    outer loop
      vertex -18.2244 0.407332 0
      vertex -18.25 0 6
      vertex -18.25 0 0
    endloop
  endfacet
  facet normal 0 -1 0
    outer loop
      vertex -15.2041 3.24359 0
      vertex -14.7959 3.24359 6
      vertex -15.2041 3.24359 6
    endloop
  endfacet
  facet normal 0 -1 -0
    outer loop
      vertex -14.7959 3.24359 6
      vertex -15.2041 3.24359 0
      vertex -14.7959 3.24359 0
    endloop
  endfacet
  facet normal -0.684572 -0.728946 0
    outer loop
      vertex -12.9284 2.50417 0
      vertex -12.6309 2.22478 6
      vertex -12.9284 2.50417 6
    endloop
  endfacet
  facet normal -0.684572 -0.728946 -0
    outer loop
      vertex -12.6309 2.22478 6
      vertex -12.9284 2.50417 0
      vertex -12.6309 2.22478 0
    endloop
  endfacet
  facet normal 0.684572 -0.728946 0
    outer loop
      vertex -17.3691 2.22478 0
      vertex -17.0716 2.50417 6
      vertex -17.3691 2.22478 6
    endloop
  endfacet
  facet normal 0.684572 -0.728946 0
    outer loop
      vertex -17.0716 2.50417 6
      vertex -17.3691 2.22478 0
      vertex -17.0716 2.50417 0
    endloop
  endfacet
  facet normal 0.368093 -0.929789 0
    outer loop
      vertex -16.3838 2.94069 0
      vertex -16.0043 3.09093 6
      vertex -16.3838 2.94069 6
    endloop
  endfacet
  facet normal 0.368093 -0.929789 0
    outer loop
      vertex -16.0043 3.09093 6
      vertex -16.3838 2.94069 0
      vertex -16.0043 3.09093 0
    endloop
  endfacet
  facet normal -0.844317 0.535845 0
    outer loop
      vertex -12.3707 -1.9103 0
      vertex -12.152 -1.5657 6
      vertex -12.152 -1.5657 0
    endloop
  endfacet
  facet normal -0.844317 0.535845 0
    outer loop
      vertex -12.152 -1.5657 6
      vertex -12.3707 -1.9103 0
      vertex -12.3707 -1.9103 6
    endloop
  endfacet
  facet normal -0.904808 -0.425821 0
    outer loop
      vertex -11.9782 1.1964 0
      vertex -12.152 1.5657 6
      vertex -12.152 1.5657 0
    endloop
  endfacet
  facet normal -0.904808 -0.425821 0
    outer loop
      vertex -12.152 1.5657 6
      vertex -11.9782 1.1964 0
      vertex -11.9782 1.1964 6
    endloop
  endfacet
  facet normal -0.844317 -0.535845 0
    outer loop
      vertex -12.152 1.5657 0
      vertex -12.3707 1.9103 6
      vertex -12.3707 1.9103 0
    endloop
  endfacet
  facet normal -0.844317 -0.535845 0
    outer loop
      vertex -12.3707 1.9103 6
      vertex -12.152 1.5657 0
      vertex -12.152 1.5657 6
    endloop
  endfacet
  facet normal -0.368093 -0.929789 0
    outer loop
      vertex -13.9957 3.09093 0
      vertex -13.6162 2.94069 6
      vertex -13.9957 3.09093 6
    endloop
  endfacet
  facet normal -0.368093 -0.929789 -0
    outer loop
      vertex -13.6162 2.94069 6
      vertex -13.9957 3.09093 0
      vertex -13.6162 2.94069 0
    endloop
  endfacet
  facet normal -0.2487 -0.968581 0
    outer loop
      vertex -14.391 3.19243 0
      vertex -13.9957 3.09093 6
      vertex -14.391 3.19243 6
    endloop
  endfacet
  facet normal -0.2487 -0.968581 -0
    outer loop
      vertex -13.9957 3.09093 6
      vertex -14.391 3.19243 0
      vertex -13.9957 3.09093 0
    endloop
  endfacet
  facet normal -0.587778 -0.809022 0
    outer loop
      vertex -13.2586 2.74407 0
      vertex -12.9284 2.50417 6
      vertex -13.2586 2.74407 6
    endloop
  endfacet
  facet normal -0.587778 -0.809022 -0
    outer loop
      vertex -12.9284 2.50417 6
      vertex -13.2586 2.74407 0
      vertex -12.9284 2.50417 0
    endloop
  endfacet
  facet normal 0.844317 -0.535845 0
    outer loop
      vertex -17.848 1.5657 6
      vertex -17.6293 1.9103 0
      vertex -17.6293 1.9103 6
    endloop
  endfacet
  facet normal 0.844317 -0.535845 0
    outer loop
      vertex -17.6293 1.9103 0
      vertex -17.848 1.5657 6
      vertex -17.848 1.5657 0
    endloop
  endfacet
  facet normal 0.770466 -0.637481 0
    outer loop
      vertex -17.6293 1.9103 6
      vertex -17.3691 2.22478 0
      vertex -17.3691 2.22478 6
    endloop
  endfacet
  facet normal 0.770466 -0.637481 0
    outer loop
      vertex -17.3691 2.22478 0
      vertex -17.6293 1.9103 6
      vertex -17.6293 1.9103 0
    endloop
  endfacet
  facet normal 0.951071 -0.308972 0
    outer loop
      vertex -18.1479 0.808242 6
      vertex -18.0218 1.1964 0
      vertex -18.0218 1.1964 6
    endloop
  endfacet
  facet normal 0.951071 -0.308972 0
    outer loop
      vertex -18.0218 1.1964 0
      vertex -18.1479 0.808242 6
      vertex -18.1479 0.808242 0
    endloop
  endfacet
  facet normal 0.481806 -0.876278 0
    outer loop
      vertex -16.7414 2.74407 0
      vertex -16.3838 2.94069 6
      vertex -16.7414 2.74407 6
    endloop
  endfacet
  facet normal 0.481806 -0.876278 0
    outer loop
      vertex -16.3838 2.94069 6
      vertex -16.7414 2.74407 0
      vertex -16.3838 2.94069 0
    endloop
  endfacet
  facet normal 0.125356 -0.992112 0
    outer loop
      vertex -15.609 3.19243 0
      vertex -15.2041 3.24359 6
      vertex -15.609 3.19243 6
    endloop
  endfacet
  facet normal 0.125356 -0.992112 0
    outer loop
      vertex -15.2041 3.24359 6
      vertex -15.609 3.19243 0
      vertex -15.2041 3.24359 0
    endloop
  endfacet
  facet normal -0.998031 0.0627242 0
    outer loop
      vertex -11.7756 -0.407332 0
      vertex -11.75 0 6
      vertex -11.75 0 0
    endloop
  endfacet
  facet normal -0.998031 0.0627242 0
    outer loop
      vertex -11.75 0 6
      vertex -11.7756 -0.407332 0
      vertex -11.7756 -0.407332 6
    endloop
  endfacet
  facet normal 0.2487 0.968581 -0
    outer loop
      vertex -15.609 -3.19243 0
      vertex -16.0043 -3.09093 6
      vertex -15.609 -3.19243 6
    endloop
  endfacet
  facet normal 0.2487 0.968581 0
    outer loop
      vertex -16.0043 -3.09093 6
      vertex -15.609 -3.19243 0
      vertex -16.0043 -3.09093 0
    endloop
  endfacet
  facet normal -0.125356 0.992112 0
    outer loop
      vertex -14.391 -3.19243 0
      vertex -14.7959 -3.24359 6
      vertex -14.391 -3.19243 6
    endloop
  endfacet
  facet normal -0.125356 0.992112 0
    outer loop
      vertex -14.7959 -3.24359 6
      vertex -14.391 -3.19243 0
      vertex -14.7959 -3.24359 0
    endloop
  endfacet
  facet normal -0.951071 -0.308972 0
    outer loop
      vertex -11.8521 0.808242 0
      vertex -11.9782 1.1964 6
      vertex -11.9782 1.1964 0
    endloop
  endfacet
  facet normal -0.951071 -0.308972 0
    outer loop
      vertex -11.9782 1.1964 6
      vertex -11.8521 0.808242 0
      vertex -11.8521 0.808242 6
    endloop
  endfacet
  facet normal -0.982277 -0.187434 0
    outer loop
      vertex -11.7756 0.407332 0
      vertex -11.8521 0.808242 6
      vertex -11.8521 0.808242 0
    endloop
  endfacet
  facet normal -0.982277 -0.187434 0
    outer loop
      vertex -11.8521 0.808242 6
      vertex -11.7756 0.407332 0
      vertex -11.7756 0.407332 6
    endloop
  endfacet
  facet normal -0.770466 -0.637481 0
    outer loop
      vertex -12.3707 1.9103 0
      vertex -12.6309 2.22478 6
      vertex -12.6309 2.22478 0
    endloop
  endfacet
  facet normal -0.770466 -0.637481 0
    outer loop
      vertex -12.6309 2.22478 6
      vertex -12.3707 1.9103 0
      vertex -12.3707 1.9103 6
    endloop
  endfacet
  facet normal -0.125356 -0.992112 0
    outer loop
      vertex -14.7959 3.24359 0
      vertex -14.391 3.19243 6
      vertex -14.7959 3.24359 6
    endloop
  endfacet
  facet normal -0.125356 -0.992112 -0
    outer loop
      vertex -14.391 3.19243 6
      vertex -14.7959 3.24359 0
      vertex -14.391 3.19243 0
    endloop
  endfacet
  facet normal -0.481806 -0.876278 0
    outer loop
      vertex -13.6162 2.94069 0
      vertex -13.2586 2.74407 6
      vertex -13.6162 2.94069 6
    endloop
  endfacet
  facet normal -0.481806 -0.876278 -0
    outer loop
      vertex -13.2586 2.74407 6
      vertex -13.6162 2.94069 0
      vertex -13.2586 2.74407 0
    endloop
  endfacet
  facet normal 0.904808 -0.425821 0
    outer loop
      vertex -18.0218 1.1964 6
      vertex -17.848 1.5657 0
      vertex -17.848 1.5657 6
    endloop
  endfacet
  facet normal 0.904808 -0.425821 0
    outer loop
      vertex -17.848 1.5657 0
      vertex -18.0218 1.1964 6
      vertex -18.0218 1.1964 0
    endloop
  endfacet
  facet normal 0.982277 -0.187434 0
    outer loop
      vertex -18.2244 0.407332 6
      vertex -18.1479 0.808242 0
      vertex -18.1479 0.808242 6
    endloop
  endfacet
  facet normal 0.982277 -0.187434 0
    outer loop
      vertex -18.1479 0.808242 0
      vertex -18.2244 0.407332 6
      vertex -18.2244 0.407332 0
    endloop
  endfacet
  facet normal 0.587778 -0.809022 0
    outer loop
      vertex -17.0716 2.50417 0
      vertex -16.7414 2.74407 6
      vertex -17.0716 2.50417 6
    endloop
  endfacet
  facet normal 0.587778 -0.809022 0
    outer loop
      vertex -16.7414 2.74407 6
      vertex -17.0716 2.50417 0
      vertex -16.7414 2.74407 0
    endloop
  endfacet
  facet normal 0.2487 -0.968581 0
    outer loop
      vertex -16.0043 3.09093 0
      vertex -15.609 3.19243 6
      vertex -16.0043 3.09093 6
    endloop
  endfacet
  facet normal 0.2487 -0.968581 0
    outer loop
      vertex -15.609 3.19243 6
      vertex -16.0043 3.09093 0
      vertex -15.609 3.19243 0
    endloop
  endfacet
  facet normal -0.587778 0.809022 0
    outer loop
      vertex -12.9284 -2.50417 0
      vertex -13.2586 -2.74407 6
      vertex -12.9284 -2.50417 6
    endloop
  endfacet
  facet normal -0.587778 0.809022 0
    outer loop
      vertex -13.2586 -2.74407 6
      vertex -12.9284 -2.50417 0
      vertex -13.2586 -2.74407 0
    endloop
  endfacet
  facet normal -0.951071 0.308972 0
    outer loop
      vertex -11.9782 -1.1964 0
      vertex -11.8521 -0.808242 6
      vertex -11.8521 -0.808242 0
    endloop
  endfacet
  facet normal -0.951071 0.308972 0
    outer loop
      vertex -11.8521 -0.808242 6
      vertex -11.9782 -1.1964 0
      vertex -11.9782 -1.1964 6
    endloop
  endfacet
  facet normal -0.904808 0.425821 0
    outer loop
      vertex -12.152 -1.5657 0
      vertex -11.9782 -1.1964 6
      vertex -11.9782 -1.1964 0
    endloop
  endfacet
  facet normal -0.904808 0.425821 0
    outer loop
      vertex -11.9782 -1.1964 6
      vertex -12.152 -1.5657 0
      vertex -12.152 -1.5657 6
    endloop
  endfacet
  facet normal -0.982277 0.187434 0
    outer loop
      vertex -11.8521 -0.808242 0
      vertex -11.7756 -0.407332 6
      vertex -11.7756 -0.407332 0
    endloop
  endfacet
  facet normal -0.982277 0.187434 0
    outer loop
      vertex -11.7756 -0.407332 6
      vertex -11.8521 -0.808242 0
      vertex -11.8521 -0.808242 6
    endloop
  endfacet
  facet normal 0.125356 0.992112 -0
    outer loop
      vertex -15.2041 -3.24359 0
      vertex -15.609 -3.19243 6
      vertex -15.2041 -3.24359 6
    endloop
  endfacet
  facet normal 0.125356 0.992112 0
    outer loop
      vertex -15.609 -3.19243 6
      vertex -15.2041 -3.24359 0
      vertex -15.609 -3.19243 0
    endloop
  endfacet
  facet normal 0.951071 0.308972 0
    outer loop
      vertex -18.0218 -1.1964 6
      vertex -18.1479 -0.808242 0
      vertex -18.1479 -0.808242 6
    endloop
  endfacet
  facet normal 0.951071 0.308972 0
    outer loop
      vertex -18.1479 -0.808242 0
      vertex -18.0218 -1.1964 6
      vertex -18.0218 -1.1964 0
    endloop
  endfacet
  facet normal -0.481806 0.876278 0
    outer loop
      vertex -13.2586 -2.74407 0
      vertex -13.6162 -2.94069 6
      vertex -13.2586 -2.74407 6
    endloop
  endfacet
  facet normal -0.481806 0.876278 0
    outer loop
      vertex -13.6162 -2.94069 6
      vertex -13.2586 -2.74407 0
      vertex -13.6162 -2.94069 0
    endloop
  endfacet
  facet normal 0.368093 0.929789 -0
    outer loop
      vertex -16.0043 -3.09093 0
      vertex -16.3838 -2.94069 6
      vertex -16.0043 -3.09093 6
    endloop
  endfacet
  facet normal 0.368093 0.929789 0
    outer loop
      vertex -16.3838 -2.94069 6
      vertex -16.0043 -3.09093 0
      vertex -16.3838 -2.94069 0
    endloop
  endfacet
  facet normal 0.770466 0.637481 0
    outer loop
      vertex -17.3691 -2.22478 6
      vertex -17.6293 -1.9103 0
      vertex -17.6293 -1.9103 6
    endloop
  endfacet
  facet normal 0.770466 0.637481 0
    outer loop
      vertex -17.6293 -1.9103 0
      vertex -17.3691 -2.22478 6
      vertex -17.3691 -2.22478 0
    endloop
  endfacet
  facet normal 0.998031 0.0627242 0
    outer loop
      vertex -18.2244 -0.407332 6
      vertex -18.25 0 0
      vertex -18.25 0 6
    endloop
  endfacet
  facet normal 0.998031 0.0627242 0
    outer loop
      vertex -18.25 0 0
      vertex -18.2244 -0.407332 6
      vertex -18.2244 -0.407332 0
    endloop
  endfacet
  facet normal -0.684572 0.728946 0
    outer loop
      vertex -12.6309 -2.22478 0
      vertex -12.9284 -2.50417 6
      vertex -12.6309 -2.22478 6
    endloop
  endfacet
  facet normal -0.684572 0.728946 0
    outer loop
      vertex -12.9284 -2.50417 6
      vertex -12.6309 -2.22478 0
      vertex -12.9284 -2.50417 0
    endloop
  endfacet
  facet normal 0 1 -0
    outer loop
      vertex -14.7959 -3.24359 0
      vertex -15.2041 -3.24359 6
      vertex -14.7959 -3.24359 6
    endloop
  endfacet
  facet normal 0 1 0
    outer loop
      vertex -15.2041 -3.24359 6
      vertex -14.7959 -3.24359 0
      vertex -15.2041 -3.24359 0
    endloop
  endfacet
  facet normal 0.481806 0.876278 -0
    outer loop
      vertex -16.3838 -2.94069 0
      vertex -16.7414 -2.74407 6
      vertex -16.3838 -2.94069 6
    endloop
  endfacet
  facet normal 0.481806 0.876278 0
    outer loop
      vertex -16.7414 -2.74407 6
      vertex -16.3838 -2.94069 0
      vertex -16.7414 -2.74407 0
    endloop
  endfacet
  facet normal 0.684572 0.728946 -0
    outer loop
      vertex -17.0716 -2.50417 0
      vertex -17.3691 -2.22478 6
      vertex -17.0716 -2.50417 6
    endloop
  endfacet
  facet normal 0.684572 0.728946 0
    outer loop
      vertex -17.3691 -2.22478 6
      vertex -17.0716 -2.50417 0
      vertex -17.3691 -2.22478 0
    endloop
  endfacet
  facet normal 0.844317 0.535845 0
    outer loop
      vertex -17.6293 -1.9103 6
      vertex -17.848 -1.5657 0
      vertex -17.848 -1.5657 6
    endloop
  endfacet
  facet normal 0.844317 0.535845 0
    outer loop
      vertex -17.848 -1.5657 0
      vertex -17.6293 -1.9103 6
      vertex -17.6293 -1.9103 0
    endloop
  endfacet
  facet normal 0.904808 0.425821 0
    outer loop
      vertex -17.848 -1.5657 6
      vertex -18.0218 -1.1964 0
      vertex -18.0218 -1.1964 6
    endloop
  endfacet
  facet normal 0.904808 0.425821 0
    outer loop
      vertex -18.0218 -1.1964 0
      vertex -17.848 -1.5657 6
      vertex -17.848 -1.5657 0
    endloop
  endfacet
  facet normal 0.982277 0.187434 0
    outer loop
      vertex -18.1479 -0.808242 6
      vertex -18.2244 -0.407332 0
      vertex -18.2244 -0.407332 6
    endloop
  endfacet
  facet normal 0.982277 0.187434 0
    outer loop
      vertex -18.2244 -0.407332 0
      vertex -18.1479 -0.808242 6
      vertex -18.1479 -0.808242 0
    endloop
  endfacet
  facet normal -0.770466 0.637481 0
    outer loop
      vertex -12.6309 -2.22478 0
      vertex -12.3707 -1.9103 6
      vertex -12.3707 -1.9103 0
    endloop
  endfacet
  facet normal -0.770466 0.637481 0
    outer loop
      vertex -12.3707 -1.9103 6
      vertex -12.6309 -2.22478 0
      vertex -12.6309 -2.22478 6
    endloop
  endfacet
  facet normal -0.2487 0.968581 0
    outer loop
      vertex -13.9957 -3.09093 0
      vertex -14.391 -3.19243 6
      vertex -13.9957 -3.09093 6
    endloop
  endfacet
  facet normal -0.2487 0.968581 0
    outer loop
      vertex -14.391 -3.19243 6
      vertex -13.9957 -3.09093 0
      vertex -14.391 -3.19243 0
    endloop
  endfacet
  facet normal -0.368093 0.929789 0
    outer loop
      vertex -13.6162 -2.94069 0
      vertex -13.9957 -3.09093 6
      vertex -13.6162 -2.94069 6
    endloop
  endfacet
  facet normal -0.368093 0.929789 0
    outer loop
      vertex -13.9957 -3.09093 6
      vertex -13.6162 -2.94069 0
      vertex -13.9957 -3.09093 0
    endloop
  endfacet
  facet normal 0.587778 0.809022 -0
    outer loop
      vertex -16.7414 -2.74407 0
      vertex -17.0716 -2.50417 6
      vertex -16.7414 -2.74407 6
    endloop
  endfacet
  facet normal 0.587778 0.809022 0
    outer loop
      vertex -17.0716 -2.50417 6
      vertex -16.7414 -2.74407 0
      vertex -17.0716 -2.50417 0
    endloop
  endfacet
  facet normal -0.998026 -0.0627975 0
    outer loop
      vertex 3.25 0 0
      vertex 3.22437 0.407332 6
      vertex 3.22437 0.407332 0
    endloop
  endfacet
  facet normal -0.998026 -0.0627975 0
    outer loop
      vertex 3.22437 0.407332 6
      vertex 3.25 0 0
      vertex 3.25 0 6
    endloop
  endfacet
  facet normal 0.998026 -0.0627975 0
    outer loop
      vertex -3.25 0 6
      vertex -3.22437 0.407332 0
      vertex -3.22437 0.407332 6
    endloop
  endfacet
  facet normal 0.998026 -0.0627975 0
    outer loop
      vertex -3.22437 0.407332 0
      vertex -3.25 0 6
      vertex -3.25 0 0
    endloop
  endfacet
  facet normal 0 -1 0
    outer loop
      vertex -0.204069 3.24359 0
      vertex 0.204069 3.24359 6
      vertex -0.204069 3.24359 6
    endloop
  endfacet
  facet normal 0 -1 -0
    outer loop
      vertex 0.204069 3.24359 6
      vertex -0.204069 3.24359 0
      vertex 0.204069 3.24359 0
    endloop
  endfacet
  facet normal 0 1 -0
    outer loop
      vertex 0.204069 -3.24359 0
      vertex -0.204069 -3.24359 6
      vertex 0.204069 -3.24359 6
    endloop
  endfacet
  facet normal 0 1 0
    outer loop
      vertex -0.204069 -3.24359 6
      vertex 0.204069 -3.24359 0
      vertex -0.204069 -3.24359 0
    endloop
  endfacet
  facet normal -0.770526 0.637409 0
    outer loop
      vertex 2.36915 -2.22478 0
      vertex 2.6293 -1.9103 6
      vertex 2.6293 -1.9103 0
    endloop
  endfacet
  facet normal -0.770526 0.637409 0
    outer loop
      vertex 2.6293 -1.9103 6
      vertex 2.36915 -2.22478 0
      vertex 2.36915 -2.22478 6
    endloop
  endfacet
  facet normal -0.684547 -0.728968 0
    outer loop
      vertex 2.07163 2.50417 0
      vertex 2.36915 2.22478 6
      vertex 2.07163 2.50417 6
    endloop
  endfacet
  facet normal -0.684547 -0.728968 -0
    outer loop
      vertex 2.36915 2.22478 6
      vertex 2.07163 2.50417 0
      vertex 2.36915 2.22478 0
    endloop
  endfacet
  facet normal 0.684547 -0.728968 0
    outer loop
      vertex -2.36915 2.22478 0
      vertex -2.07163 2.50417 6
      vertex -2.36915 2.22478 6
    endloop
  endfacet
  facet normal 0.684547 -0.728968 0
    outer loop
      vertex -2.07163 2.50417 6
      vertex -2.36915 2.22478 0
      vertex -2.07163 2.50417 0
    endloop
  endfacet
  facet normal 0.36811 -0.929782 0
    outer loop
      vertex -1.38378 2.94069 0
      vertex -1.0043 3.09093 6
      vertex -1.38378 2.94069 6
    endloop
  endfacet
  facet normal 0.36811 -0.929782 0
    outer loop
      vertex -1.0043 3.09093 6
      vertex -1.38378 2.94069 0
      vertex -1.0043 3.09093 0
    endloop
  endfacet
  facet normal -0.904836 -0.42576 0
    outer loop
      vertex 3.02177 1.1964 0
      vertex 2.848 1.5657 6
      vertex 2.848 1.5657 0
    endloop
  endfacet
  facet normal -0.904836 -0.42576 0
    outer loop
      vertex 2.848 1.5657 6
      vertex 3.02177 1.1964 0
      vertex 3.02177 1.1964 6
    endloop
  endfacet
  facet normal -0.844317 -0.535845 0
    outer loop
      vertex 2.848 1.5657 0
      vertex 2.6293 1.9103 6
      vertex 2.6293 1.9103 0
    endloop
  endfacet
  facet normal -0.844317 -0.535845 0
    outer loop
      vertex 2.6293 1.9103 6
      vertex 2.848 1.5657 0
      vertex 2.848 1.5657 6
    endloop
  endfacet
  facet normal -0.36811 -0.929782 0
    outer loop
      vertex 1.0043 3.09093 0
      vertex 1.38378 2.94069 6
      vertex 1.0043 3.09093 6
    endloop
  endfacet
  facet normal -0.36811 -0.929782 -0
    outer loop
      vertex 1.38378 2.94069 6
      vertex 1.0043 3.09093 0
      vertex 1.38378 2.94069 0
    endloop
  endfacet
  facet normal -0.248693 -0.968582 0
    outer loop
      vertex 0.608989 3.19243 0
      vertex 1.0043 3.09093 6
      vertex 0.608989 3.19243 6
    endloop
  endfacet
  facet normal -0.248693 -0.968582 -0
    outer loop
      vertex 1.0043 3.09093 6
      vertex 0.608989 3.19243 0
      vertex 1.0043 3.09093 0
    endloop
  endfacet
  facet normal -0.58779 -0.809014 0
    outer loop
      vertex 1.74144 2.74407 0
      vertex 2.07163 2.50417 6
      vertex 1.74144 2.74407 6
    endloop
  endfacet
  facet normal -0.58779 -0.809014 -0
    outer loop
      vertex 2.07163 2.50417 6
      vertex 1.74144 2.74407 0
      vertex 2.07163 2.50417 0
    endloop
  endfacet
  facet normal 0.904836 -0.42576 0
    outer loop
      vertex -3.02177 1.1964 6
      vertex -2.848 1.5657 0
      vertex -2.848 1.5657 6
    endloop
  endfacet
  facet normal 0.904836 -0.42576 0
    outer loop
      vertex -2.848 1.5657 0
      vertex -3.02177 1.1964 6
      vertex -3.02177 1.1964 0
    endloop
  endfacet
  facet normal 0.770526 -0.637409 0
    outer loop
      vertex -2.6293 1.9103 6
      vertex -2.36915 2.22478 0
      vertex -2.36915 2.22478 6
    endloop
  endfacet
  facet normal 0.770526 -0.637409 0
    outer loop
      vertex -2.36915 2.22478 0
      vertex -2.6293 1.9103 6
      vertex -2.6293 1.9103 0
    endloop
  endfacet
  facet normal 0.951057 -0.309017 0
    outer loop
      vertex -3.14789 0.808242 6
      vertex -3.02177 1.1964 0
      vertex -3.02177 1.1964 6
    endloop
  endfacet
  facet normal 0.951057 -0.309017 0
    outer loop
      vertex -3.02177 1.1964 0
      vertex -3.14789 0.808242 6
      vertex -3.14789 0.808242 0
    endloop
  endfacet
  facet normal 0.481744 -0.876312 0
    outer loop
      vertex -1.74144 2.74407 0
      vertex -1.38378 2.94069 6
      vertex -1.74144 2.74407 6
    endloop
  endfacet
  facet normal 0.481744 -0.876312 0
    outer loop
      vertex -1.38378 2.94069 6
      vertex -1.74144 2.74407 0
      vertex -1.38378 2.94069 0
    endloop
  endfacet
  facet normal 0.125349 -0.992113 0
    outer loop
      vertex -0.608989 3.19243 0
      vertex -0.204069 3.24359 6
      vertex -0.608989 3.19243 6
    endloop
  endfacet
  facet normal 0.125349 -0.992113 0
    outer loop
      vertex -0.204069 3.24359 6
      vertex -0.608989 3.19243 0
      vertex -0.204069 3.24359 0
    endloop
  endfacet
  facet normal -0.125349 0.992113 0
    outer loop
      vertex 0.608989 -3.19243 0
      vertex 0.204069 -3.24359 6
      vertex 0.608989 -3.19243 6
    endloop
  endfacet
  facet normal -0.125349 0.992113 0
    outer loop
      vertex 0.204069 -3.24359 6
      vertex 0.608989 -3.19243 0
      vertex 0.204069 -3.24359 0
    endloop
  endfacet
  facet normal -0.481744 0.876312 0
    outer loop
      vertex 1.74144 -2.74407 0
      vertex 1.38378 -2.94069 6
      vertex 1.74144 -2.74407 6
    endloop
  endfacet
  facet normal -0.481744 0.876312 0
    outer loop
      vertex 1.38378 -2.94069 6
      vertex 1.74144 -2.74407 0
      vertex 1.38378 -2.94069 0
    endloop
  endfacet
  facet normal -0.951057 -0.309017 0
    outer loop
      vertex 3.14789 0.808242 0
      vertex 3.02177 1.1964 6
      vertex 3.02177 1.1964 0
    endloop
  endfacet
  facet normal -0.951057 -0.309017 0
    outer loop
      vertex 3.02177 1.1964 6
      vertex 3.14789 0.808242 0
      vertex 3.14789 0.808242 6
    endloop
  endfacet
  facet normal -0.982286 -0.187387 0
    outer loop
      vertex 3.22437 0.407332 0
      vertex 3.14789 0.808242 6
      vertex 3.14789 0.808242 0
    endloop
  endfacet
  facet normal -0.982286 -0.187387 0
    outer loop
      vertex 3.14789 0.808242 6
      vertex 3.22437 0.407332 0
      vertex 3.22437 0.407332 6
    endloop
  endfacet
  facet normal -0.770526 -0.637409 0
    outer loop
      vertex 2.6293 1.9103 0
      vertex 2.36915 2.22478 6
      vertex 2.36915 2.22478 0
    endloop
  endfacet
  facet normal -0.770526 -0.637409 0
    outer loop
      vertex 2.36915 2.22478 6
      vertex 2.6293 1.9103 0
      vertex 2.6293 1.9103 6
    endloop
  endfacet
  facet normal -0.125349 -0.992113 0
    outer loop
      vertex 0.204069 3.24359 0
      vertex 0.608989 3.19243 6
      vertex 0.204069 3.24359 6
    endloop
  endfacet
  facet normal -0.125349 -0.992113 -0
    outer loop
      vertex 0.608989 3.19243 6
      vertex 0.204069 3.24359 0
      vertex 0.608989 3.19243 0
    endloop
  endfacet
  facet normal -0.481744 -0.876312 0
    outer loop
      vertex 1.38378 2.94069 0
      vertex 1.74144 2.74407 6
      vertex 1.38378 2.94069 6
    endloop
  endfacet
  facet normal -0.481744 -0.876312 -0
    outer loop
      vertex 1.74144 2.74407 6
      vertex 1.38378 2.94069 0
      vertex 1.74144 2.74407 0
    endloop
  endfacet
  facet normal 0.844317 -0.535845 0
    outer loop
      vertex -2.848 1.5657 6
      vertex -2.6293 1.9103 0
      vertex -2.6293 1.9103 6
    endloop
  endfacet
  facet normal 0.844317 -0.535845 0
    outer loop
      vertex -2.6293 1.9103 0
      vertex -2.848 1.5657 6
      vertex -2.848 1.5657 0
    endloop
  endfacet
  facet normal 0.982286 -0.187387 0
    outer loop
      vertex -3.22437 0.407332 6
      vertex -3.14789 0.808242 0
      vertex -3.14789 0.808242 6
    endloop
  endfacet
  facet normal 0.982286 -0.187387 0
    outer loop
      vertex -3.14789 0.808242 0
      vertex -3.22437 0.407332 6
      vertex -3.22437 0.407332 0
    endloop
  endfacet
  facet normal 0.58779 -0.809014 0
    outer loop
      vertex -2.07163 2.50417 0
      vertex -1.74144 2.74407 6
      vertex -2.07163 2.50417 6
    endloop
  endfacet
  facet normal 0.58779 -0.809014 0
    outer loop
      vertex -1.74144 2.74407 6
      vertex -2.07163 2.50417 0
      vertex -1.74144 2.74407 0
    endloop
  endfacet
  facet normal 0.248693 -0.968582 0
    outer loop
      vertex -1.0043 3.09093 0
      vertex -0.608989 3.19243 6
      vertex -1.0043 3.09093 6
    endloop
  endfacet
  facet normal 0.248693 -0.968582 0
    outer loop
      vertex -0.608989 3.19243 6
      vertex -1.0043 3.09093 0
      vertex -0.608989 3.19243 0
    endloop
  endfacet
  facet normal -0.951057 0.309017 0
    outer loop
      vertex 3.02177 -1.1964 0
      vertex 3.14789 -0.808242 6
      vertex 3.14789 -0.808242 0
    endloop
  endfacet
  facet normal -0.951057 0.309017 0
    outer loop
      vertex 3.14789 -0.808242 6
      vertex 3.02177 -1.1964 0
      vertex 3.02177 -1.1964 6
    endloop
  endfacet
  facet normal -0.982286 0.187387 0
    outer loop
      vertex 3.14789 -0.808242 0
      vertex 3.22437 -0.407332 6
      vertex 3.22437 -0.407332 0
    endloop
  endfacet
  facet normal -0.982286 0.187387 0
    outer loop
      vertex 3.22437 -0.407332 6
      vertex 3.14789 -0.808242 0
      vertex 3.14789 -0.808242 6
    endloop
  endfacet
  facet normal 0.904836 0.42576 0
    outer loop
      vertex -2.848 -1.5657 6
      vertex -3.02177 -1.1964 0
      vertex -3.02177 -1.1964 6
    endloop
  endfacet
  facet normal 0.904836 0.42576 0
    outer loop
      vertex -3.02177 -1.1964 0
      vertex -2.848 -1.5657 6
      vertex -2.848 -1.5657 0
    endloop
  endfacet
  facet normal -0.58779 0.809014 0
    outer loop
      vertex 2.07163 -2.50417 0
      vertex 1.74144 -2.74407 6
      vertex 2.07163 -2.50417 6
    endloop
  endfacet
  facet normal -0.58779 0.809014 0
    outer loop
      vertex 1.74144 -2.74407 6
      vertex 2.07163 -2.50417 0
      vertex 1.74144 -2.74407 0
    endloop
  endfacet
  facet normal -0.998026 0.0627975 0
    outer loop
      vertex 3.22437 -0.407332 0
      vertex 3.25 0 6
      vertex 3.25 0 0
    endloop
  endfacet
  facet normal -0.998026 0.0627975 0
    outer loop
      vertex 3.25 0 6
      vertex 3.22437 -0.407332 0
      vertex 3.22437 -0.407332 6
    endloop
  endfacet
  facet normal 0.951057 0.309017 0
    outer loop
      vertex -3.02177 -1.1964 6
      vertex -3.14789 -0.808242 0
      vertex -3.14789 -0.808242 6
    endloop
  endfacet
  facet normal 0.951057 0.309017 0
    outer loop
      vertex -3.14789 -0.808242 0
      vertex -3.02177 -1.1964 6
      vertex -3.02177 -1.1964 0
    endloop
  endfacet
  facet normal -0.684547 0.728968 0
    outer loop
      vertex 2.36915 -2.22478 0
      vertex 2.07163 -2.50417 6
      vertex 2.36915 -2.22478 6
    endloop
  endfacet
  facet normal -0.684547 0.728968 0
    outer loop
      vertex 2.07163 -2.50417 6
      vertex 2.36915 -2.22478 0
      vertex 2.07163 -2.50417 0
    endloop
  endfacet
  facet normal -0.248693 0.968582 0
    outer loop
      vertex 1.0043 -3.09093 0
      vertex 0.608989 -3.19243 6
      vertex 1.0043 -3.09093 6
    endloop
  endfacet
  facet normal -0.248693 0.968582 0
    outer loop
      vertex 0.608989 -3.19243 6
      vertex 1.0043 -3.09093 0
      vertex 0.608989 -3.19243 0
    endloop
  endfacet
  facet normal -0.904836 0.42576 0
    outer loop
      vertex 2.848 -1.5657 0
      vertex 3.02177 -1.1964 6
      vertex 3.02177 -1.1964 0
    endloop
  endfacet
  facet normal -0.904836 0.42576 0
    outer loop
      vertex 3.02177 -1.1964 6
      vertex 2.848 -1.5657 0
      vertex 2.848 -1.5657 6
    endloop
  endfacet
  facet normal -0.844317 0.535845 0
    outer loop
      vertex 2.6293 -1.9103 0
      vertex 2.848 -1.5657 6
      vertex 2.848 -1.5657 0
    endloop
  endfacet
  facet normal -0.844317 0.535845 0
    outer loop
      vertex 2.848 -1.5657 6
      vertex 2.6293 -1.9103 0
      vertex 2.6293 -1.9103 6
    endloop
  endfacet
  facet normal 0.248693 0.968582 -0
    outer loop
      vertex -0.608989 -3.19243 0
      vertex -1.0043 -3.09093 6
      vertex -0.608989 -3.19243 6
    endloop
  endfacet
  facet normal 0.248693 0.968582 0
    outer loop
      vertex -1.0043 -3.09093 6
      vertex -0.608989 -3.19243 0
      vertex -1.0043 -3.09093 0
    endloop
  endfacet
  facet normal 0.770526 0.637409 0
    outer loop
      vertex -2.36915 -2.22478 6
      vertex -2.6293 -1.9103 0
      vertex -2.6293 -1.9103 6
    endloop
  endfacet
  facet normal 0.770526 0.637409 0
    outer loop
      vertex -2.6293 -1.9103 0
      vertex -2.36915 -2.22478 6
      vertex -2.36915 -2.22478 0
    endloop
  endfacet
  facet normal 0.684547 0.728968 -0
    outer loop
      vertex -2.07163 -2.50417 0
      vertex -2.36915 -2.22478 6
      vertex -2.07163 -2.50417 6
    endloop
  endfacet
  facet normal 0.684547 0.728968 0
    outer loop
      vertex -2.36915 -2.22478 6
      vertex -2.07163 -2.50417 0
      vertex -2.36915 -2.22478 0
    endloop
  endfacet
  facet normal 0.982286 0.187387 0
    outer loop
      vertex -3.14789 -0.808242 6
      vertex -3.22437 -0.407332 0
      vertex -3.22437 -0.407332 6
    endloop
  endfacet
  facet normal 0.982286 0.187387 0
    outer loop
      vertex -3.22437 -0.407332 0
      vertex -3.14789 -0.808242 6
      vertex -3.14789 -0.808242 0
    endloop
  endfacet
  facet normal 0.998026 0.0627975 0
    outer loop
      vertex -3.22437 -0.407332 6
      vertex -3.25 0 0
      vertex -3.25 0 6
    endloop
  endfacet
  facet normal 0.998026 0.0627975 0
    outer loop
      vertex -3.25 0 0
      vertex -3.22437 -0.407332 6
      vertex -3.22437 -0.407332 0
    endloop
  endfacet
  facet normal 0.58779 0.809014 -0
    outer loop
      vertex -1.74144 -2.74407 0
      vertex -2.07163 -2.50417 6
      vertex -1.74144 -2.74407 6
    endloop
  endfacet
  facet normal 0.58779 0.809014 0
    outer loop
      vertex -2.07163 -2.50417 6
      vertex -1.74144 -2.74407 0
      vertex -2.07163 -2.50417 0
    endloop
  endfacet
  facet normal 0.125349 0.992113 -0
    outer loop
      vertex -0.204069 -3.24359 0
      vertex -0.608989 -3.19243 6
      vertex -0.204069 -3.24359 6
    endloop
  endfacet
  facet normal 0.125349 0.992113 0
    outer loop
      vertex -0.608989 -3.19243 6
      vertex -0.204069 -3.24359 0
      vertex -0.608989 -3.19243 0
    endloop
  endfacet
  facet normal 0.844317 0.535845 0
    outer loop
      vertex -2.6293 -1.9103 6
      vertex -2.848 -1.5657 0
      vertex -2.848 -1.5657 6
    endloop
  endfacet
  facet normal 0.844317 0.535845 0
    outer loop
      vertex -2.848 -1.5657 0
      vertex -2.6293 -1.9103 6
      vertex -2.6293 -1.9103 0
    endloop
  endfacet
  facet normal -0.36811 0.929782 0
    outer loop
      vertex 1.38378 -2.94069 0
      vertex 1.0043 -3.09093 6
      vertex 1.38378 -2.94069 6
    endloop
  endfacet
  facet normal -0.36811 0.929782 0
    outer loop
      vertex 1.0043 -3.09093 6
      vertex 1.38378 -2.94069 0
      vertex 1.0043 -3.09093 0
    endloop
  endfacet
  facet normal 0.36811 0.929782 -0
    outer loop
      vertex -1.0043 -3.09093 0
      vertex -1.38378 -2.94069 6
      vertex -1.0043 -3.09093 6
    endloop
  endfacet
  facet normal 0.36811 0.929782 0
    outer loop
      vertex -1.38378 -2.94069 6
      vertex -1.0043 -3.09093 0
      vertex -1.38378 -2.94069 0
    endloop
  endfacet
  facet normal 0.481744 0.876312 -0
    outer loop
      vertex -1.38378 -2.94069 0
      vertex -1.74144 -2.74407 6
      vertex -1.38378 -2.94069 6
    endloop
  endfacet
  facet normal 0.481744 0.876312 0
    outer loop
      vertex -1.74144 -2.74407 6
      vertex -1.38378 -2.94069 0
      vertex -1.74144 -2.74407 0
    endloop
  endfacet
  facet normal -0.998031 -0.0627242 0
    outer loop
      vertex 18.25 0 0
      vertex 18.2244 0.407332 6
      vertex 18.2244 0.407332 0
    endloop
  endfacet
  facet normal -0.998031 -0.0627242 0
    outer loop
      vertex 18.2244 0.407332 6
      vertex 18.25 0 0
      vertex 18.25 0 6
    endloop
  endfacet
  facet normal 0 -1 0
    outer loop
      vertex 14.7959 3.24359 0
      vertex 15.2041 3.24359 6
      vertex 14.7959 3.24359 6
    endloop
  endfacet
  facet normal 0 -1 -0
    outer loop
      vertex 15.2041 3.24359 6
      vertex 14.7959 3.24359 0
      vertex 15.2041 3.24359 0
    endloop
  endfacet
  facet normal 0 1 -0
    outer loop
      vertex 15.2041 -3.24359 0
      vertex 14.7959 -3.24359 6
      vertex 15.2041 -3.24359 6
    endloop
  endfacet
  facet normal 0 1 0
    outer loop
      vertex 14.7959 -3.24359 6
      vertex 15.2041 -3.24359 0
      vertex 14.7959 -3.24359 0
    endloop
  endfacet
  facet normal 0.684572 0.728946 -0
    outer loop
      vertex 12.9284 -2.50417 0
      vertex 12.6309 -2.22478 6
      vertex 12.9284 -2.50417 6
    endloop
  endfacet
  facet normal 0.684572 0.728946 0
    outer loop
      vertex 12.6309 -2.22478 6
      vertex 12.9284 -2.50417 0
      vertex 12.6309 -2.22478 0
    endloop
  endfacet
  facet normal -0.684572 -0.728946 0
    outer loop
      vertex 17.0716 2.50417 0
      vertex 17.3691 2.22478 6
      vertex 17.0716 2.50417 6
    endloop
  endfacet
  facet normal -0.684572 -0.728946 -0
    outer loop
      vertex 17.3691 2.22478 6
      vertex 17.0716 2.50417 0
      vertex 17.3691 2.22478 0
    endloop
  endfacet
  facet normal 0.770466 -0.637481 0
    outer loop
      vertex 12.3707 1.9103 6
      vertex 12.6309 2.22478 0
      vertex 12.6309 2.22478 6
    endloop
  endfacet
  facet normal 0.770466 -0.637481 0
    outer loop
      vertex 12.6309 2.22478 0
      vertex 12.3707 1.9103 6
      vertex 12.3707 1.9103 0
    endloop
  endfacet
  facet normal 0.481806 -0.876278 0
    outer loop
      vertex 13.2586 2.74407 0
      vertex 13.6162 2.94069 6
      vertex 13.2586 2.74407 6
    endloop
  endfacet
  facet normal 0.481806 -0.876278 0
    outer loop
      vertex 13.6162 2.94069 6
      vertex 13.2586 2.74407 0
      vertex 13.6162 2.94069 0
    endloop
  endfacet
  facet normal -0.904808 -0.425821 0
    outer loop
      vertex 18.0218 1.1964 0
      vertex 17.848 1.5657 6
      vertex 17.848 1.5657 0
    endloop
  endfacet
  facet normal -0.904808 -0.425821 0
    outer loop
      vertex 17.848 1.5657 6
      vertex 18.0218 1.1964 0
      vertex 18.0218 1.1964 6
    endloop
  endfacet
  facet normal -0.844317 -0.535845 0
    outer loop
      vertex 17.848 1.5657 0
      vertex 17.6293 1.9103 6
      vertex 17.6293 1.9103 0
    endloop
  endfacet
  facet normal -0.844317 -0.535845 0
    outer loop
      vertex 17.6293 1.9103 6
      vertex 17.848 1.5657 0
      vertex 17.848 1.5657 6
    endloop
  endfacet
  facet normal -0.368093 -0.929789 0
    outer loop
      vertex 16.0043 3.09093 0
      vertex 16.3838 2.94069 6
      vertex 16.0043 3.09093 6
    endloop
  endfacet
  facet normal -0.368093 -0.929789 -0
    outer loop
      vertex 16.3838 2.94069 6
      vertex 16.0043 3.09093 0
      vertex 16.3838 2.94069 0
    endloop
  endfacet
  facet normal -0.2487 -0.968581 0
    outer loop
      vertex 15.609 3.19243 0
      vertex 16.0043 3.09093 6
      vertex 15.609 3.19243 6
    endloop
  endfacet
  facet normal -0.2487 -0.968581 -0
    outer loop
      vertex 16.0043 3.09093 6
      vertex 15.609 3.19243 0
      vertex 16.0043 3.09093 0
    endloop
  endfacet
  facet normal -0.587778 -0.809022 0
    outer loop
      vertex 16.7414 2.74407 0
      vertex 17.0716 2.50417 6
      vertex 16.7414 2.74407 6
    endloop
  endfacet
  facet normal -0.587778 -0.809022 -0
    outer loop
      vertex 17.0716 2.50417 6
      vertex 16.7414 2.74407 0
      vertex 17.0716 2.50417 0
    endloop
  endfacet
  facet normal 0.951071 -0.308972 0
    outer loop
      vertex 11.8521 0.808242 6
      vertex 11.9782 1.1964 0
      vertex 11.9782 1.1964 6
    endloop
  endfacet
  facet normal 0.951071 -0.308972 0
    outer loop
      vertex 11.9782 1.1964 0
      vertex 11.8521 0.808242 6
      vertex 11.8521 0.808242 0
    endloop
  endfacet
  facet normal 0.587778 -0.809022 0
    outer loop
      vertex 12.9284 2.50417 0
      vertex 13.2586 2.74407 6
      vertex 12.9284 2.50417 6
    endloop
  endfacet
  facet normal 0.587778 -0.809022 0
    outer loop
      vertex 13.2586 2.74407 6
      vertex 12.9284 2.50417 0
      vertex 13.2586 2.74407 0
    endloop
  endfacet
  facet normal 0.2487 -0.968581 0
    outer loop
      vertex 13.9957 3.09093 0
      vertex 14.391 3.19243 6
      vertex 13.9957 3.09093 6
    endloop
  endfacet
  facet normal 0.2487 -0.968581 0
    outer loop
      vertex 14.391 3.19243 6
      vertex 13.9957 3.09093 0
      vertex 14.391 3.19243 0
    endloop
  endfacet
  facet normal -0.481806 0.876278 0
    outer loop
      vertex 16.7414 -2.74407 0
      vertex 16.3838 -2.94069 6
      vertex 16.7414 -2.74407 6
    endloop
  endfacet
  facet normal -0.481806 0.876278 0
    outer loop
      vertex 16.3838 -2.94069 6
      vertex 16.7414 -2.74407 0
      vertex 16.3838 -2.94069 0
    endloop
  endfacet
  facet normal -0.587778 0.809022 0
    outer loop
      vertex 17.0716 -2.50417 0
      vertex 16.7414 -2.74407 6
      vertex 17.0716 -2.50417 6
    endloop
  endfacet
  facet normal -0.587778 0.809022 0
    outer loop
      vertex 16.7414 -2.74407 6
      vertex 17.0716 -2.50417 0
      vertex 16.7414 -2.74407 0
    endloop
  endfacet
  facet normal 0.368093 0.929789 -0
    outer loop
      vertex 13.9957 -3.09093 0
      vertex 13.6162 -2.94069 6
      vertex 13.9957 -3.09093 6
    endloop
  endfacet
  facet normal 0.368093 0.929789 0
    outer loop
      vertex 13.6162 -2.94069 6
      vertex 13.9957 -3.09093 0
      vertex 13.6162 -2.94069 0
    endloop
  endfacet
  facet normal 0.587778 0.809022 -0
    outer loop
      vertex 13.2586 -2.74407 0
      vertex 12.9284 -2.50417 6
      vertex 13.2586 -2.74407 6
    endloop
  endfacet
  facet normal 0.587778 0.809022 0
    outer loop
      vertex 12.9284 -2.50417 6
      vertex 13.2586 -2.74407 0
      vertex 12.9284 -2.50417 0
    endloop
  endfacet
  facet normal 0.2487 0.968581 -0
    outer loop
      vertex 14.391 -3.19243 0
      vertex 13.9957 -3.09093 6
      vertex 14.391 -3.19243 6
    endloop
  endfacet
  facet normal 0.2487 0.968581 0
    outer loop
      vertex 13.9957 -3.09093 6
      vertex 14.391 -3.19243 0
      vertex 13.9957 -3.09093 0
    endloop
  endfacet
  facet normal 0.844317 0.535845 0
    outer loop
      vertex 12.3707 -1.9103 6
      vertex 12.152 -1.5657 0
      vertex 12.152 -1.5657 6
    endloop
  endfacet
  facet normal 0.844317 0.535845 0
    outer loop
      vertex 12.152 -1.5657 0
      vertex 12.3707 -1.9103 6
      vertex 12.3707 -1.9103 0
    endloop
  endfacet
  facet normal -0.951071 -0.308972 0
    outer loop
      vertex 18.1479 0.808242 0
      vertex 18.0218 1.1964 6
      vertex 18.0218 1.1964 0
    endloop
  endfacet
  facet normal -0.951071 -0.308972 0
    outer loop
      vertex 18.0218 1.1964 6
      vertex 18.1479 0.808242 0
      vertex 18.1479 0.808242 6
    endloop
  endfacet
  facet normal -0.982277 -0.187434 0
    outer loop
      vertex 18.2244 0.407332 0
      vertex 18.1479 0.808242 6
      vertex 18.1479 0.808242 0
    endloop
  endfacet
  facet normal -0.982277 -0.187434 0
    outer loop
      vertex 18.1479 0.808242 6
      vertex 18.2244 0.407332 0
      vertex 18.2244 0.407332 6
    endloop
  endfacet
  facet normal -0.770466 -0.637481 0
    outer loop
      vertex 17.6293 1.9103 0
      vertex 17.3691 2.22478 6
      vertex 17.3691 2.22478 0
    endloop
  endfacet
  facet normal -0.770466 -0.637481 0
    outer loop
      vertex 17.3691 2.22478 6
      vertex 17.6293 1.9103 0
      vertex 17.6293 1.9103 6
    endloop
  endfacet
  facet normal -0.125356 -0.992112 0
    outer loop
      vertex 15.2041 3.24359 0
      vertex 15.609 3.19243 6
      vertex 15.2041 3.24359 6
    endloop
  endfacet
  facet normal -0.125356 -0.992112 -0
    outer loop
      vertex 15.609 3.19243 6
      vertex 15.2041 3.24359 0
      vertex 15.609 3.19243 0
    endloop
  endfacet
  facet normal -0.481806 -0.876278 0
    outer loop
      vertex 16.3838 2.94069 0
      vertex 16.7414 2.74407 6
      vertex 16.3838 2.94069 6
    endloop
  endfacet
  facet normal -0.481806 -0.876278 -0
    outer loop
      vertex 16.7414 2.74407 6
      vertex 16.3838 2.94069 0
      vertex 16.7414 2.74407 0
    endloop
  endfacet
  facet normal 0.904808 -0.425821 0
    outer loop
      vertex 11.9782 1.1964 6
      vertex 12.152 1.5657 0
      vertex 12.152 1.5657 6
    endloop
  endfacet
  facet normal 0.904808 -0.425821 0
    outer loop
      vertex 12.152 1.5657 0
      vertex 11.9782 1.1964 6
      vertex 11.9782 1.1964 0
    endloop
  endfacet
  facet normal 0.844317 -0.535845 0
    outer loop
      vertex 12.152 1.5657 6
      vertex 12.3707 1.9103 0
      vertex 12.3707 1.9103 6
    endloop
  endfacet
  facet normal 0.844317 -0.535845 0
    outer loop
      vertex 12.3707 1.9103 0
      vertex 12.152 1.5657 6
      vertex 12.152 1.5657 0
    endloop
  endfacet
  facet normal 0.982277 -0.187434 0
    outer loop
      vertex 11.7756 0.407332 6
      vertex 11.8521 0.808242 0
      vertex 11.8521 0.808242 6
    endloop
  endfacet
  facet normal 0.982277 -0.187434 0
    outer loop
      vertex 11.8521 0.808242 0
      vertex 11.7756 0.407332 6
      vertex 11.7756 0.407332 0
    endloop
  endfacet
  facet normal 0.998031 -0.0627242 0
    outer loop
      vertex 11.75 0 6
      vertex 11.7756 0.407332 0
      vertex 11.7756 0.407332 6
    endloop
  endfacet
  facet normal 0.998031 -0.0627242 0
    outer loop
      vertex 11.7756 0.407332 0
      vertex 11.75 0 6
      vertex 11.75 0 0
    endloop
  endfacet
  facet normal 0.998031 0.0627242 0
    outer loop
      vertex 11.7756 -0.407332 6
      vertex 11.75 0 0
      vertex 11.75 0 6
    endloop
  endfacet
  facet normal 0.998031 0.0627242 0
    outer loop
      vertex 11.75 0 0
      vertex 11.7756 -0.407332 6
      vertex 11.7756 -0.407332 0
    endloop
  endfacet
  facet normal 0.684572 -0.728946 0
    outer loop
      vertex 12.6309 2.22478 0
      vertex 12.9284 2.50417 6
      vertex 12.6309 2.22478 6
    endloop
  endfacet
  facet normal 0.684572 -0.728946 0
    outer loop
      vertex 12.9284 2.50417 6
      vertex 12.6309 2.22478 0
      vertex 12.9284 2.50417 0
    endloop
  endfacet
  facet normal 0.368093 -0.929789 0
    outer loop
      vertex 13.6162 2.94069 0
      vertex 13.9957 3.09093 6
      vertex 13.6162 2.94069 6
    endloop
  endfacet
  facet normal 0.368093 -0.929789 0
    outer loop
      vertex 13.9957 3.09093 6
      vertex 13.6162 2.94069 0
      vertex 13.9957 3.09093 0
    endloop
  endfacet
  facet normal 0.125356 -0.992112 0
    outer loop
      vertex 14.391 3.19243 0
      vertex 14.7959 3.24359 6
      vertex 14.391 3.19243 6
    endloop
  endfacet
  facet normal 0.125356 -0.992112 0
    outer loop
      vertex 14.7959 3.24359 6
      vertex 14.391 3.19243 0
      vertex 14.7959 3.24359 0
    endloop
  endfacet
  facet normal -0.998031 0.0627242 0
    outer loop
      vertex 18.2244 -0.407332 0
      vertex 18.25 0 6
      vertex 18.25 0 0
    endloop
  endfacet
  facet normal -0.998031 0.0627242 0
    outer loop
      vertex 18.25 0 6
      vertex 18.2244 -0.407332 0
      vertex 18.2244 -0.407332 6
    endloop
  endfacet
  facet normal -0.125356 0.992112 0
    outer loop
      vertex 15.609 -3.19243 0
      vertex 15.2041 -3.24359 6
      vertex 15.609 -3.19243 6
    endloop
  endfacet
  facet normal -0.125356 0.992112 0
    outer loop
      vertex 15.2041 -3.24359 6
      vertex 15.609 -3.19243 0
      vertex 15.2041 -3.24359 0
    endloop
  endfacet
  facet normal -0.368093 0.929789 0
    outer loop
      vertex 16.3838 -2.94069 0
      vertex 16.0043 -3.09093 6
      vertex 16.3838 -2.94069 6
    endloop
  endfacet
  facet normal -0.368093 0.929789 0
    outer loop
      vertex 16.0043 -3.09093 6
      vertex 16.3838 -2.94069 0
      vertex 16.0043 -3.09093 0
    endloop
  endfacet
  facet normal -0.684572 0.728946 0
    outer loop
      vertex 17.3691 -2.22478 0
      vertex 17.0716 -2.50417 6
      vertex 17.3691 -2.22478 6
    endloop
  endfacet
  facet normal -0.684572 0.728946 0
    outer loop
      vertex 17.0716 -2.50417 6
      vertex 17.3691 -2.22478 0
      vertex 17.0716 -2.50417 0
    endloop
  endfacet
  facet normal -0.951071 0.308972 0
    outer loop
      vertex 18.0218 -1.1964 0
      vertex 18.1479 -0.808242 6
      vertex 18.1479 -0.808242 0
    endloop
  endfacet
  facet normal -0.951071 0.308972 0
    outer loop
      vertex 18.1479 -0.808242 6
      vertex 18.0218 -1.1964 0
      vertex 18.0218 -1.1964 6
    endloop
  endfacet
  facet normal -0.844317 0.535845 0
    outer loop
      vertex 17.6293 -1.9103 0
      vertex 17.848 -1.5657 6
      vertex 17.848 -1.5657 0
    endloop
  endfacet
  facet normal -0.844317 0.535845 0
    outer loop
      vertex 17.848 -1.5657 6
      vertex 17.6293 -1.9103 0
      vertex 17.6293 -1.9103 6
    endloop
  endfacet
  facet normal 0.481806 0.876278 -0
    outer loop
      vertex 13.6162 -2.94069 0
      vertex 13.2586 -2.74407 6
      vertex 13.6162 -2.94069 6
    endloop
  endfacet
  facet normal 0.481806 0.876278 0
    outer loop
      vertex 13.2586 -2.74407 6
      vertex 13.6162 -2.94069 0
      vertex 13.2586 -2.74407 0
    endloop
  endfacet
  facet normal 0.125356 0.992112 -0
    outer loop
      vertex 14.7959 -3.24359 0
      vertex 14.391 -3.19243 6
      vertex 14.7959 -3.24359 6
    endloop
  endfacet
  facet normal 0.125356 0.992112 0
    outer loop
      vertex 14.391 -3.19243 6
      vertex 14.7959 -3.24359 0
      vertex 14.391 -3.19243 0
    endloop
  endfacet
  facet normal 0.770466 0.637481 0
    outer loop
      vertex 12.6309 -2.22478 6
      vertex 12.3707 -1.9103 0
      vertex 12.3707 -1.9103 6
    endloop
  endfacet
  facet normal 0.770466 0.637481 0
    outer loop
      vertex 12.3707 -1.9103 0
      vertex 12.6309 -2.22478 6
      vertex 12.6309 -2.22478 0
    endloop
  endfacet
  facet normal 0.904808 0.425821 0
    outer loop
      vertex 12.152 -1.5657 6
      vertex 11.9782 -1.1964 0
      vertex 11.9782 -1.1964 6
    endloop
  endfacet
  facet normal 0.904808 0.425821 0
    outer loop
      vertex 11.9782 -1.1964 0
      vertex 12.152 -1.5657 6
      vertex 12.152 -1.5657 0
    endloop
  endfacet
  facet normal 0.982277 0.187434 0
    outer loop
      vertex 11.8521 -0.808242 6
      vertex 11.7756 -0.407332 0
      vertex 11.7756 -0.407332 6
    endloop
  endfacet
  facet normal 0.982277 0.187434 0
    outer loop
      vertex 11.7756 -0.407332 0
      vertex 11.8521 -0.808242 6
      vertex 11.8521 -0.808242 0
    endloop
  endfacet
  facet normal -0.2487 0.968581 0
    outer loop
      vertex 16.0043 -3.09093 0
      vertex 15.609 -3.19243 6
      vertex 16.0043 -3.09093 6
    endloop
  endfacet
  facet normal -0.2487 0.968581 0
    outer loop
      vertex 15.609 -3.19243 6
      vertex 16.0043 -3.09093 0
      vertex 15.609 -3.19243 0
    endloop
  endfacet
  facet normal -0.770466 0.637481 0
    outer loop
      vertex 17.3691 -2.22478 0
      vertex 17.6293 -1.9103 6
      vertex 17.6293 -1.9103 0
    endloop
  endfacet
  facet normal -0.770466 0.637481 0
    outer loop
      vertex 17.6293 -1.9103 6
      vertex 17.3691 -2.22478 0
      vertex 17.3691 -2.22478 6
    endloop
  endfacet
  facet normal -0.982277 0.187434 0
    outer loop
      vertex 18.1479 -0.808242 0
      vertex 18.2244 -0.407332 6
      vertex 18.2244 -0.407332 0
    endloop
  endfacet
  facet normal -0.982277 0.187434 0
    outer loop
      vertex 18.2244 -0.407332 6
      vertex 18.1479 -0.808242 0
      vertex 18.1479 -0.808242 6
    endloop
  endfacet
  facet normal -0.904808 0.425821 0
    outer loop
      vertex 17.848 -1.5657 0
      vertex 18.0218 -1.1964 6
      vertex 18.0218 -1.1964 0
    endloop
  endfacet
  facet normal -0.904808 0.425821 0
    outer loop
      vertex 18.0218 -1.1964 6
      vertex 17.848 -1.5657 0
      vertex 17.848 -1.5657 6
    endloop
  endfacet
  facet normal 0.951071 0.308972 0
    outer loop
      vertex 11.9782 -1.1964 6
      vertex 11.8521 -0.808242 0
      vertex 11.8521 -0.808242 6
    endloop
  endfacet
  facet normal 0.951071 0.308972 0
    outer loop
      vertex 11.8521 -0.808242 0
      vertex 11.9782 -1.1964 6
      vertex 11.9782 -1.1964 0
    endloop
  endfacet
  facet normal -0.998028 -0.0627752 0
    outer loop
      vertex -5.7 0 0
      vertex -5.71419 0.225599 6
      vertex -5.71419 0.225599 0
    endloop
  endfacet
  facet normal -0.998028 -0.0627752 0
    outer loop
      vertex -5.71419 0.225599 6
      vertex -5.7 0 0
      vertex -5.7 0 6
    endloop
  endfacet
  facet normal 0.998028 -0.0627752 0
    outer loop
      vertex -9.3 0 6
      vertex -9.28581 0.225599 0
      vertex -9.28581 0.225599 6
    endloop
  endfacet
  facet normal 0.998028 -0.0627752 0
    outer loop
      vertex -9.28581 0.225599 0
      vertex -9.3 0 6
      vertex -9.3 0 0
    endloop
  endfacet
  facet normal 0 -1 0
    outer loop
      vertex -7.61302 1.79645 0
      vertex -7.38698 1.79645 6
      vertex -7.61302 1.79645 6
    endloop
  endfacet
  facet normal 0 -1 -0
    outer loop
      vertex -7.38698 1.79645 6
      vertex -7.61302 1.79645 0
      vertex -7.38698 1.79645 0
    endloop
  endfacet
  facet normal 0 1 -0
    outer loop
      vertex -7.38698 -1.79645 0
      vertex -7.61302 -1.79645 6
      vertex -7.38698 -1.79645 6
    endloop
  endfacet
  facet normal 0 1 0
    outer loop
      vertex -7.61302 -1.79645 6
      vertex -7.38698 -1.79645 0
      vertex -7.61302 -1.79645 0
    endloop
  endfacet
  facet normal -0.68455 -0.728966 0
    outer loop
      vertex -6.35264 1.38692 0
      vertex -6.18786 1.23218 6
      vertex -6.35264 1.38692 6
    endloop
  endfacet
  facet normal -0.68455 -0.728966 -0
    outer loop
      vertex -6.18786 1.23218 6
      vertex -6.35264 1.38692 0
      vertex -6.18786 1.23218 0
    endloop
  endfacet
  facet normal 0.68455 -0.728966 0
    outer loop
      vertex -8.81214 1.23218 0
      vertex -8.64736 1.38692 6
      vertex -8.81214 1.23218 6
    endloop
  endfacet
  facet normal 0.68455 -0.728966 0
    outer loop
      vertex -8.64736 1.38692 6
      vertex -8.81214 1.23218 0
      vertex -8.64736 1.38692 0
    endloop
  endfacet
  facet normal 0.368116 -0.92978 0
    outer loop
      vertex -8.2664 1.62869 0
      vertex -8.05623 1.7119 6
      vertex -8.2664 1.62869 6
    endloop
  endfacet
  facet normal 0.368116 -0.92978 0
    outer loop
      vertex -8.05623 1.7119 6
      vertex -8.2664 1.62869 0
      vertex -8.05623 1.7119 0
    endloop
  endfacet
  facet normal -0.844327 0.535828 0
    outer loop
      vertex -6.04377 -1.05801 0
      vertex -5.92265 -0.867156 6
      vertex -5.92265 -0.867156 0
    endloop
  endfacet
  facet normal -0.844327 0.535828 0
    outer loop
      vertex -5.92265 -0.867156 6
      vertex -6.04377 -1.05801 0
      vertex -6.04377 -1.05801 6
    endloop
  endfacet
  facet normal -0.90482 -0.425794 0
    outer loop
      vertex -5.8264 0.662623 0
      vertex -5.92265 0.867156 6
      vertex -5.92265 0.867156 0
    endloop
  endfacet
  facet normal -0.90482 -0.425794 0
    outer loop
      vertex -5.92265 0.867156 6
      vertex -5.8264 0.662623 0
      vertex -5.8264 0.662623 6
    endloop
  endfacet
  facet normal -0.982285 -0.187395 0
    outer loop
      vertex -5.71419 0.225599 0
      vertex -5.75655 0.447641 6
      vertex -5.75655 0.447641 0
    endloop
  endfacet
  facet normal -0.982285 -0.187395 0
    outer loop
      vertex -5.75655 0.447641 6
      vertex -5.71419 0.225599 0
      vertex -5.71419 0.225599 6
    endloop
  endfacet
  facet normal -0.368116 -0.92978 0
    outer loop
      vertex -6.94377 1.7119 0
      vertex -6.7336 1.62869 6
      vertex -6.94377 1.7119 6
    endloop
  endfacet
  facet normal -0.368116 -0.92978 -0
    outer loop
      vertex -6.7336 1.62869 6
      vertex -6.94377 1.7119 0
      vertex -6.7336 1.62869 0
    endloop
  endfacet
  facet normal -0.248714 -0.968577 0
    outer loop
      vertex -7.16271 1.76812 0
      vertex -6.94377 1.7119 6
      vertex -7.16271 1.76812 6
    endloop
  endfacet
  facet normal -0.248714 -0.968577 -0
    outer loop
      vertex -6.94377 1.7119 6
      vertex -7.16271 1.76812 0
      vertex -6.94377 1.7119 0
    endloop
  endfacet
  facet normal -0.587806 -0.809002 0
    outer loop
      vertex -6.53551 1.51979 0
      vertex -6.35264 1.38692 6
      vertex -6.53551 1.51979 6
    endloop
  endfacet
  facet normal -0.587806 -0.809002 -0
    outer loop
      vertex -6.35264 1.38692 6
      vertex -6.53551 1.51979 0
      vertex -6.35264 1.38692 0
    endloop
  endfacet
  facet normal 0.90482 -0.425794 0
    outer loop
      vertex -9.1736 0.662623 6
      vertex -9.07735 0.867156 0
      vertex -9.07735 0.867156 6
    endloop
  endfacet
  facet normal 0.90482 -0.425794 0
    outer loop
      vertex -9.07735 0.867156 0
      vertex -9.1736 0.662623 6
      vertex -9.1736 0.662623 0
    endloop
  endfacet
  facet normal 0.951059 -0.309009 0
    outer loop
      vertex -9.24345 0.447641 6
      vertex -9.1736 0.662623 0
      vertex -9.1736 0.662623 6
    endloop
  endfacet
  facet normal 0.951059 -0.309009 0
    outer loop
      vertex -9.1736 0.662623 0
      vertex -9.24345 0.447641 6
      vertex -9.24345 0.447641 0
    endloop
  endfacet
  facet normal 0.248714 -0.968577 0
    outer loop
      vertex -8.05623 1.7119 0
      vertex -7.83729 1.76812 6
      vertex -8.05623 1.7119 6
    endloop
  endfacet
  facet normal 0.248714 -0.968577 0
    outer loop
      vertex -7.83729 1.76812 6
      vertex -8.05623 1.7119 0
      vertex -7.83729 1.76812 0
    endloop
  endfacet
  facet normal -0.125325 0.992116 0
    outer loop
      vertex -7.16271 -1.76812 0
      vertex -7.38698 -1.79645 6
      vertex -7.16271 -1.76812 6
    endloop
  endfacet
  facet normal -0.125325 0.992116 0
    outer loop
      vertex -7.38698 -1.79645 6
      vertex -7.16271 -1.76812 0
      vertex -7.38698 -1.79645 0
    endloop
  endfacet
  facet normal -0.368116 0.92978 0
    outer loop
      vertex -6.7336 -1.62869 0
      vertex -6.94377 -1.7119 6
      vertex -6.7336 -1.62869 6
    endloop
  endfacet
  facet normal -0.368116 0.92978 0
    outer loop
      vertex -6.94377 -1.7119 6
      vertex -6.7336 -1.62869 0
      vertex -6.94377 -1.7119 0
    endloop
  endfacet
  facet normal -0.951059 -0.309009 0
    outer loop
      vertex -5.75655 0.447641 0
      vertex -5.8264 0.662623 6
      vertex -5.8264 0.662623 0
    endloop
  endfacet
  facet normal -0.951059 -0.309009 0
    outer loop
      vertex -5.8264 0.662623 6
      vertex -5.75655 0.447641 0
      vertex -5.75655 0.447641 6
    endloop
  endfacet
  facet normal -0.770504 -0.637435 0
    outer loop
      vertex -6.04377 1.05801 0
      vertex -6.18786 1.23218 6
      vertex -6.18786 1.23218 0
    endloop
  endfacet
  facet normal -0.770504 -0.637435 0
    outer loop
      vertex -6.18786 1.23218 6
      vertex -6.04377 1.05801 0
      vertex -6.04377 1.05801 6
    endloop
  endfacet
  facet normal -0.844327 -0.535828 0
    outer loop
      vertex -5.92265 0.867156 0
      vertex -6.04377 1.05801 6
      vertex -6.04377 1.05801 0
    endloop
  endfacet
  facet normal -0.844327 -0.535828 0
    outer loop
      vertex -6.04377 1.05801 6
      vertex -5.92265 0.867156 0
      vertex -5.92265 0.867156 6
    endloop
  endfacet
  facet normal -0.125325 -0.992116 0
    outer loop
      vertex -7.38698 1.79645 0
      vertex -7.16271 1.76812 6
      vertex -7.38698 1.79645 6
    endloop
  endfacet
  facet normal -0.125325 -0.992116 -0
    outer loop
      vertex -7.16271 1.76812 6
      vertex -7.38698 1.79645 0
      vertex -7.16271 1.76812 0
    endloop
  endfacet
  facet normal -0.481751 -0.876308 0
    outer loop
      vertex -6.7336 1.62869 0
      vertex -6.53551 1.51979 6
      vertex -6.7336 1.62869 6
    endloop
  endfacet
  facet normal -0.481751 -0.876308 -0
    outer loop
      vertex -6.53551 1.51979 6
      vertex -6.7336 1.62869 0
      vertex -6.53551 1.51979 0
    endloop
  endfacet
  facet normal 0.844327 -0.535828 0
    outer loop
      vertex -9.07735 0.867156 6
      vertex -8.95623 1.05801 0
      vertex -8.95623 1.05801 6
    endloop
  endfacet
  facet normal 0.844327 -0.535828 0
    outer loop
      vertex -8.95623 1.05801 0
      vertex -9.07735 0.867156 6
      vertex -9.07735 0.867156 0
    endloop
  endfacet
  facet normal 0.770504 -0.637435 0
    outer loop
      vertex -8.95623 1.05801 6
      vertex -8.81214 1.23218 0
      vertex -8.81214 1.23218 6
    endloop
  endfacet
  facet normal 0.770504 -0.637435 0
    outer loop
      vertex -8.81214 1.23218 0
      vertex -8.95623 1.05801 6
      vertex -8.95623 1.05801 0
    endloop
  endfacet
  facet normal 0.982285 -0.187395 0
    outer loop
      vertex -9.28581 0.225599 6
      vertex -9.24345 0.447641 0
      vertex -9.24345 0.447641 6
    endloop
  endfacet
  facet normal 0.982285 -0.187395 0
    outer loop
      vertex -9.24345 0.447641 0
      vertex -9.28581 0.225599 6
      vertex -9.28581 0.225599 0
    endloop
  endfacet
  facet normal 0.481751 -0.876308 0
    outer loop
      vertex -8.46449 1.51979 0
      vertex -8.2664 1.62869 6
      vertex -8.46449 1.51979 6
    endloop
  endfacet
  facet normal 0.481751 -0.876308 0
    outer loop
      vertex -8.2664 1.62869 6
      vertex -8.46449 1.51979 0
      vertex -8.2664 1.62869 0
    endloop
  endfacet
  facet normal 0.587806 -0.809002 0
    outer loop
      vertex -8.64736 1.38692 0
      vertex -8.46449 1.51979 6
      vertex -8.64736 1.38692 6
    endloop
  endfacet
  facet normal 0.587806 -0.809002 0
    outer loop
      vertex -8.46449 1.51979 6
      vertex -8.64736 1.38692 0
      vertex -8.46449 1.51979 0
    endloop
  endfacet
  facet normal 0.125325 -0.992116 0
    outer loop
      vertex -7.83729 1.76812 0
      vertex -7.61302 1.79645 6
      vertex -7.83729 1.76812 6
    endloop
  endfacet
  facet normal 0.125325 -0.992116 0
    outer loop
      vertex -7.61302 1.79645 6
      vertex -7.83729 1.76812 0
      vertex -7.61302 1.79645 0
    endloop
  endfacet
  facet normal -0.998028 0.0627752 0
    outer loop
      vertex -5.71419 -0.225599 0
      vertex -5.7 0 6
      vertex -5.7 0 0
    endloop
  endfacet
  facet normal -0.998028 0.0627752 0
    outer loop
      vertex -5.7 0 6
      vertex -5.71419 -0.225599 0
      vertex -5.71419 -0.225599 6
    endloop
  endfacet
  facet normal -0.481751 0.876308 0
    outer loop
      vertex -6.53551 -1.51979 0
      vertex -6.7336 -1.62869 6
      vertex -6.53551 -1.51979 6
    endloop
  endfacet
  facet normal -0.481751 0.876308 0
    outer loop
      vertex -6.7336 -1.62869 6
      vertex -6.53551 -1.51979 0
      vertex -6.7336 -1.62869 0
    endloop
  endfacet
  facet normal -0.68455 0.728966 0
    outer loop
      vertex -6.18786 -1.23218 0
      vertex -6.35264 -1.38692 6
      vertex -6.18786 -1.23218 6
    endloop
  endfacet
  facet normal -0.68455 0.728966 0
    outer loop
      vertex -6.35264 -1.38692 6
      vertex -6.18786 -1.23218 0
      vertex -6.35264 -1.38692 0
    endloop
  endfacet
  facet normal -0.982285 0.187395 0
    outer loop
      vertex -5.75655 -0.447641 0
      vertex -5.71419 -0.225599 6
      vertex -5.71419 -0.225599 0
    endloop
  endfacet
  facet normal -0.982285 0.187395 0
    outer loop
      vertex -5.71419 -0.225599 6
      vertex -5.75655 -0.447641 0
      vertex -5.75655 -0.447641 6
    endloop
  endfacet
  facet normal 0.90482 0.425794 0
    outer loop
      vertex -9.07735 -0.867156 6
      vertex -9.1736 -0.662623 0
      vertex -9.1736 -0.662623 6
    endloop
  endfacet
  facet normal 0.90482 0.425794 0
    outer loop
      vertex -9.1736 -0.662623 0
      vertex -9.07735 -0.867156 6
      vertex -9.07735 -0.867156 0
    endloop
  endfacet
  facet normal -0.90482 0.425794 0
    outer loop
      vertex -5.92265 -0.867156 0
      vertex -5.8264 -0.662623 6
      vertex -5.8264 -0.662623 0
    endloop
  endfacet
  facet normal -0.90482 0.425794 0
    outer loop
      vertex -5.8264 -0.662623 6
      vertex -5.92265 -0.867156 0
      vertex -5.92265 -0.867156 6
    endloop
  endfacet
  facet normal -0.770504 0.637435 0
    outer loop
      vertex -6.18786 -1.23218 0
      vertex -6.04377 -1.05801 6
      vertex -6.04377 -1.05801 0
    endloop
  endfacet
  facet normal -0.770504 0.637435 0
    outer loop
      vertex -6.04377 -1.05801 6
      vertex -6.18786 -1.23218 0
      vertex -6.18786 -1.23218 6
    endloop
  endfacet
  facet normal 0.248714 0.968577 -0
    outer loop
      vertex -7.83729 -1.76812 0
      vertex -8.05623 -1.7119 6
      vertex -7.83729 -1.76812 6
    endloop
  endfacet
  facet normal 0.248714 0.968577 0
    outer loop
      vertex -8.05623 -1.7119 6
      vertex -7.83729 -1.76812 0
      vertex -8.05623 -1.7119 0
    endloop
  endfacet
  facet normal 0.770504 0.637435 0
    outer loop
      vertex -8.81214 -1.23218 6
      vertex -8.95623 -1.05801 0
      vertex -8.95623 -1.05801 6
    endloop
  endfacet
  facet normal 0.770504 0.637435 0
    outer loop
      vertex -8.95623 -1.05801 0
      vertex -8.81214 -1.23218 6
      vertex -8.81214 -1.23218 0
    endloop
  endfacet
  facet normal 0.951059 0.309009 0
    outer loop
      vertex -9.1736 -0.662623 6
      vertex -9.24345 -0.447641 0
      vertex -9.24345 -0.447641 6
    endloop
  endfacet
  facet normal 0.951059 0.309009 0
    outer loop
      vertex -9.24345 -0.447641 0
      vertex -9.1736 -0.662623 6
      vertex -9.1736 -0.662623 0
    endloop
  endfacet
  facet normal -0.248714 0.968577 0
    outer loop
      vertex -6.94377 -1.7119 0
      vertex -7.16271 -1.76812 6
      vertex -6.94377 -1.7119 6
    endloop
  endfacet
  facet normal -0.248714 0.968577 0
    outer loop
      vertex -7.16271 -1.76812 6
      vertex -6.94377 -1.7119 0
      vertex -7.16271 -1.76812 0
    endloop
  endfacet
  facet normal -0.587806 0.809002 0
    outer loop
      vertex -6.35264 -1.38692 0
      vertex -6.53551 -1.51979 6
      vertex -6.35264 -1.38692 6
    endloop
  endfacet
  facet normal -0.587806 0.809002 0
    outer loop
      vertex -6.53551 -1.51979 6
      vertex -6.35264 -1.38692 0
      vertex -6.53551 -1.51979 0
    endloop
  endfacet
  facet normal -0.951059 0.309009 0
    outer loop
      vertex -5.8264 -0.662623 0
      vertex -5.75655 -0.447641 6
      vertex -5.75655 -0.447641 0
    endloop
  endfacet
  facet normal -0.951059 0.309009 0
    outer loop
      vertex -5.75655 -0.447641 6
      vertex -5.8264 -0.662623 0
      vertex -5.8264 -0.662623 6
    endloop
  endfacet
  facet normal 0.125325 0.992116 -0
    outer loop
      vertex -7.61302 -1.79645 0
      vertex -7.83729 -1.76812 6
      vertex -7.61302 -1.79645 6
    endloop
  endfacet
  facet normal 0.125325 0.992116 0
    outer loop
      vertex -7.83729 -1.76812 6
      vertex -7.61302 -1.79645 0
      vertex -7.83729 -1.76812 0
    endloop
  endfacet
  facet normal 0.368116 0.92978 -0
    outer loop
      vertex -8.05623 -1.7119 0
      vertex -8.2664 -1.62869 6
      vertex -8.05623 -1.7119 6
    endloop
  endfacet
  facet normal 0.368116 0.92978 0
    outer loop
      vertex -8.2664 -1.62869 6
      vertex -8.05623 -1.7119 0
      vertex -8.2664 -1.62869 0
    endloop
  endfacet
  facet normal 0.587806 0.809002 -0
    outer loop
      vertex -8.46449 -1.51979 0
      vertex -8.64736 -1.38692 6
      vertex -8.46449 -1.51979 6
    endloop
  endfacet
  facet normal 0.587806 0.809002 0
    outer loop
      vertex -8.64736 -1.38692 6
      vertex -8.46449 -1.51979 0
      vertex -8.64736 -1.38692 0
    endloop
  endfacet
  facet normal 0.68455 0.728966 -0
    outer loop
      vertex -8.64736 -1.38692 0
      vertex -8.81214 -1.23218 6
      vertex -8.64736 -1.38692 6
    endloop
  endfacet
  facet normal 0.68455 0.728966 0
    outer loop
      vertex -8.81214 -1.23218 6
      vertex -8.64736 -1.38692 0
      vertex -8.81214 -1.23218 0
    endloop
  endfacet
  facet normal 0.982285 0.187395 0
    outer loop
      vertex -9.24345 -0.447641 6
      vertex -9.28581 -0.225599 0
      vertex -9.28581 -0.225599 6
    endloop
  endfacet
  facet normal 0.982285 0.187395 0
    outer loop
      vertex -9.28581 -0.225599 0
      vertex -9.24345 -0.447641 6
      vertex -9.24345 -0.447641 0
    endloop
  endfacet
  facet normal 0.998028 0.0627752 0
    outer loop
      vertex -9.28581 -0.225599 6
      vertex -9.3 0 0
      vertex -9.3 0 6
    endloop
  endfacet
  facet normal 0.998028 0.0627752 0
    outer loop
      vertex -9.3 0 0
      vertex -9.28581 -0.225599 6
      vertex -9.28581 -0.225599 0
    endloop
  endfacet
  facet normal 0.481751 0.876308 -0
    outer loop
      vertex -8.2664 -1.62869 0
      vertex -8.46449 -1.51979 6
      vertex -8.2664 -1.62869 6
    endloop
  endfacet
  facet normal 0.481751 0.876308 0
    outer loop
      vertex -8.46449 -1.51979 6
      vertex -8.2664 -1.62869 0
      vertex -8.46449 -1.51979 0
    endloop
  endfacet
  facet normal 0.844327 0.535828 0
    outer loop
      vertex -8.95623 -1.05801 6
      vertex -9.07735 -0.867156 0
      vertex -9.07735 -0.867156 6
    endloop
  endfacet
  facet normal 0.844327 0.535828 0
    outer loop
      vertex -9.07735 -0.867156 0
      vertex -8.95623 -1.05801 6
      vertex -8.95623 -1.05801 0
    endloop
  endfacet
  facet normal -0.998028 -0.0627752 0
    outer loop
      vertex 9.3 0 0
      vertex 9.28581 0.225599 6
      vertex 9.28581 0.225599 0
    endloop
  endfacet
  facet normal -0.998028 -0.0627752 0
    outer loop
      vertex 9.28581 0.225599 6
      vertex 9.3 0 0
      vertex 9.3 0 6
    endloop
  endfacet
  facet normal 0.998028 -0.0627752 0
    outer loop
      vertex 5.7 0 6
      vertex 5.71419 0.225599 0
      vertex 5.71419 0.225599 6
    endloop
  endfacet
  facet normal 0.998028 -0.0627752 0
    outer loop
      vertex 5.71419 0.225599 0
      vertex 5.7 0 6
      vertex 5.7 0 0
    endloop
  endfacet
  facet normal 0 -1 0
    outer loop
      vertex 7.38698 1.79645 0
      vertex 7.61302 1.79645 6
      vertex 7.38698 1.79645 6
    endloop
  endfacet
  facet normal 0 -1 -0
    outer loop
      vertex 7.61302 1.79645 6
      vertex 7.38698 1.79645 0
      vertex 7.61302 1.79645 0
    endloop
  endfacet
  facet normal 0 1 -0
    outer loop
      vertex 7.61302 -1.79645 0
      vertex 7.38698 -1.79645 6
      vertex 7.61302 -1.79645 6
    endloop
  endfacet
  facet normal 0 1 0
    outer loop
      vertex 7.38698 -1.79645 6
      vertex 7.61302 -1.79645 0
      vertex 7.38698 -1.79645 0
    endloop
  endfacet
  facet normal -0.68455 -0.728966 0
    outer loop
      vertex 8.64736 1.38692 0
      vertex 8.81214 1.23218 6
      vertex 8.64736 1.38692 6
    endloop
  endfacet
  facet normal -0.68455 -0.728966 -0
    outer loop
      vertex 8.81214 1.23218 6
      vertex 8.64736 1.38692 0
      vertex 8.81214 1.23218 0
    endloop
  endfacet
  facet normal 0.68455 -0.728966 0
    outer loop
      vertex 6.18786 1.23218 0
      vertex 6.35264 1.38692 6
      vertex 6.18786 1.23218 6
    endloop
  endfacet
  facet normal 0.68455 -0.728966 0
    outer loop
      vertex 6.35264 1.38692 6
      vertex 6.18786 1.23218 0
      vertex 6.35264 1.38692 0
    endloop
  endfacet
  facet normal 0.368116 -0.92978 0
    outer loop
      vertex 6.7336 1.62869 0
      vertex 6.94377 1.7119 6
      vertex 6.7336 1.62869 6
    endloop
  endfacet
  facet normal 0.368116 -0.92978 0
    outer loop
      vertex 6.94377 1.7119 6
      vertex 6.7336 1.62869 0
      vertex 6.94377 1.7119 0
    endloop
  endfacet
  facet normal -0.844327 0.535828 0
    outer loop
      vertex 8.95623 -1.05801 0
      vertex 9.07735 -0.867156 6
      vertex 9.07735 -0.867156 0
    endloop
  endfacet
  facet normal -0.844327 0.535828 0
    outer loop
      vertex 9.07735 -0.867156 6
      vertex 8.95623 -1.05801 0
      vertex 8.95623 -1.05801 6
    endloop
  endfacet
  facet normal -0.90482 -0.425794 0
    outer loop
      vertex 9.1736 0.662623 0
      vertex 9.07735 0.867156 6
      vertex 9.07735 0.867156 0
    endloop
  endfacet
  facet normal -0.90482 -0.425794 0
    outer loop
      vertex 9.07735 0.867156 6
      vertex 9.1736 0.662623 0
      vertex 9.1736 0.662623 6
    endloop
  endfacet
  facet normal -0.982285 -0.187395 0
    outer loop
      vertex 9.28581 0.225599 0
      vertex 9.24345 0.447641 6
      vertex 9.24345 0.447641 0
    endloop
  endfacet
  facet normal -0.982285 -0.187395 0
    outer loop
      vertex 9.24345 0.447641 6
      vertex 9.28581 0.225599 0
      vertex 9.28581 0.225599 6
    endloop
  endfacet
  facet normal -0.368116 -0.92978 0
    outer loop
      vertex 8.05623 1.7119 0
      vertex 8.2664 1.62869 6
      vertex 8.05623 1.7119 6
    endloop
  endfacet
  facet normal -0.368116 -0.92978 -0
    outer loop
      vertex 8.2664 1.62869 6
      vertex 8.05623 1.7119 0
      vertex 8.2664 1.62869 0
    endloop
  endfacet
  facet normal -0.248714 -0.968577 0
    outer loop
      vertex 7.83729 1.76812 0
      vertex 8.05623 1.7119 6
      vertex 7.83729 1.76812 6
    endloop
  endfacet
  facet normal -0.248714 -0.968577 -0
    outer loop
      vertex 8.05623 1.7119 6
      vertex 7.83729 1.76812 0
      vertex 8.05623 1.7119 0
    endloop
  endfacet
  facet normal -0.587806 -0.809002 0
    outer loop
      vertex 8.46449 1.51979 0
      vertex 8.64736 1.38692 6
      vertex 8.46449 1.51979 6
    endloop
  endfacet
  facet normal -0.587806 -0.809002 -0
    outer loop
      vertex 8.64736 1.38692 6
      vertex 8.46449 1.51979 0
      vertex 8.64736 1.38692 0
    endloop
  endfacet
  facet normal 0.90482 -0.425794 0
    outer loop
      vertex 5.8264 0.662623 6
      vertex 5.92265 0.867156 0
      vertex 5.92265 0.867156 6
    endloop
  endfacet
  facet normal 0.90482 -0.425794 0
    outer loop
      vertex 5.92265 0.867156 0
      vertex 5.8264 0.662623 6
      vertex 5.8264 0.662623 0
    endloop
  endfacet
  facet normal 0.951059 -0.309009 0
    outer loop
      vertex 5.75655 0.447641 6
      vertex 5.8264 0.662623 0
      vertex 5.8264 0.662623 6
    endloop
  endfacet
  facet normal 0.951059 -0.309009 0
    outer loop
      vertex 5.8264 0.662623 0
      vertex 5.75655 0.447641 6
      vertex 5.75655 0.447641 0
    endloop
  endfacet
  facet normal 0.248714 -0.968577 0
    outer loop
      vertex 6.94377 1.7119 0
      vertex 7.16271 1.76812 6
      vertex 6.94377 1.7119 6
    endloop
  endfacet
  facet normal 0.248714 -0.968577 0
    outer loop
      vertex 7.16271 1.76812 6
      vertex 6.94377 1.7119 0
      vertex 7.16271 1.76812 0
    endloop
  endfacet
  facet normal -0.125325 0.992116 0
    outer loop
      vertex 7.83729 -1.76812 0
      vertex 7.61302 -1.79645 6
      vertex 7.83729 -1.76812 6
    endloop
  endfacet
  facet normal -0.125325 0.992116 0
    outer loop
      vertex 7.61302 -1.79645 6
      vertex 7.83729 -1.76812 0
      vertex 7.61302 -1.79645 0
    endloop
  endfacet
  facet normal -0.951059 -0.309009 0
    outer loop
      vertex 9.24345 0.447641 0
      vertex 9.1736 0.662623 6
      vertex 9.1736 0.662623 0
    endloop
  endfacet
  facet normal -0.951059 -0.309009 0
    outer loop
      vertex 9.1736 0.662623 6
      vertex 9.24345 0.447641 0
      vertex 9.24345 0.447641 6
    endloop
  endfacet
  facet normal -0.770504 -0.637435 0
    outer loop
      vertex 8.95623 1.05801 0
      vertex 8.81214 1.23218 6
      vertex 8.81214 1.23218 0
    endloop
  endfacet
  facet normal -0.770504 -0.637435 0
    outer loop
      vertex 8.81214 1.23218 6
      vertex 8.95623 1.05801 0
      vertex 8.95623 1.05801 6
    endloop
  endfacet
  facet normal -0.844327 -0.535828 0
    outer loop
      vertex 9.07735 0.867156 0
      vertex 8.95623 1.05801 6
      vertex 8.95623 1.05801 0
    endloop
  endfacet
  facet normal -0.844327 -0.535828 0
    outer loop
      vertex 8.95623 1.05801 6
      vertex 9.07735 0.867156 0
      vertex 9.07735 0.867156 6
    endloop
  endfacet
  facet normal -0.125325 -0.992116 0
    outer loop
      vertex 7.61302 1.79645 0
      vertex 7.83729 1.76812 6
      vertex 7.61302 1.79645 6
    endloop
  endfacet
  facet normal -0.125325 -0.992116 -0
    outer loop
      vertex 7.83729 1.76812 6
      vertex 7.61302 1.79645 0
      vertex 7.83729 1.76812 0
    endloop
  endfacet
  facet normal -0.481751 -0.876308 0
    outer loop
      vertex 8.2664 1.62869 0
      vertex 8.46449 1.51979 6
      vertex 8.2664 1.62869 6
    endloop
  endfacet
  facet normal -0.481751 -0.876308 -0
    outer loop
      vertex 8.46449 1.51979 6
      vertex 8.2664 1.62869 0
      vertex 8.46449 1.51979 0
    endloop
  endfacet
  facet normal 0.844327 -0.535828 0
    outer loop
      vertex 5.92265 0.867156 6
      vertex 6.04377 1.05801 0
      vertex 6.04377 1.05801 6
    endloop
  endfacet
  facet normal 0.844327 -0.535828 0
    outer loop
      vertex 6.04377 1.05801 0
      vertex 5.92265 0.867156 6
      vertex 5.92265 0.867156 0
    endloop
  endfacet
  facet normal 0.770504 -0.637435 0
    outer loop
      vertex 6.04377 1.05801 6
      vertex 6.18786 1.23218 0
      vertex 6.18786 1.23218 6
    endloop
  endfacet
  facet normal 0.770504 -0.637435 0
    outer loop
      vertex 6.18786 1.23218 0
      vertex 6.04377 1.05801 6
      vertex 6.04377 1.05801 0
    endloop
  endfacet
  facet normal 0.982285 -0.187395 0
    outer loop
      vertex 5.71419 0.225599 6
      vertex 5.75655 0.447641 0
      vertex 5.75655 0.447641 6
    endloop
  endfacet
  facet normal 0.982285 -0.187395 0
    outer loop
      vertex 5.75655 0.447641 0
      vertex 5.71419 0.225599 6
      vertex 5.71419 0.225599 0
    endloop
  endfacet
  facet normal 0.481751 -0.876308 0
    outer loop
      vertex 6.53551 1.51979 0
      vertex 6.7336 1.62869 6
      vertex 6.53551 1.51979 6
    endloop
  endfacet
  facet normal 0.481751 -0.876308 0
    outer loop
      vertex 6.7336 1.62869 6
      vertex 6.53551 1.51979 0
      vertex 6.7336 1.62869 0
    endloop
  endfacet
  facet normal 0.587806 -0.809002 0
    outer loop
      vertex 6.35264 1.38692 0
      vertex 6.53551 1.51979 6
      vertex 6.35264 1.38692 6
    endloop
  endfacet
  facet normal 0.587806 -0.809002 0
    outer loop
      vertex 6.53551 1.51979 6
      vertex 6.35264 1.38692 0
      vertex 6.53551 1.51979 0
    endloop
  endfacet
  facet normal 0.125325 -0.992116 0
    outer loop
      vertex 7.16271 1.76812 0
      vertex 7.38698 1.79645 6
      vertex 7.16271 1.76812 6
    endloop
  endfacet
  facet normal 0.125325 -0.992116 0
    outer loop
      vertex 7.38698 1.79645 6
      vertex 7.16271 1.76812 0
      vertex 7.38698 1.79645 0
    endloop
  endfacet
  facet normal -0.68455 0.728966 0
    outer loop
      vertex 8.81214 -1.23218 0
      vertex 8.64736 -1.38692 6
      vertex 8.81214 -1.23218 6
    endloop
  endfacet
  facet normal -0.68455 0.728966 0
    outer loop
      vertex 8.64736 -1.38692 6
      vertex 8.81214 -1.23218 0
      vertex 8.64736 -1.38692 0
    endloop
  endfacet
  facet normal -0.982285 0.187395 0
    outer loop
      vertex 9.24345 -0.447641 0
      vertex 9.28581 -0.225599 6
      vertex 9.28581 -0.225599 0
    endloop
  endfacet
  facet normal -0.982285 0.187395 0
    outer loop
      vertex 9.28581 -0.225599 6
      vertex 9.24345 -0.447641 0
      vertex 9.24345 -0.447641 6
    endloop
  endfacet
  facet normal -0.90482 0.425794 0
    outer loop
      vertex 9.07735 -0.867156 0
      vertex 9.1736 -0.662623 6
      vertex 9.1736 -0.662623 0
    endloop
  endfacet
  facet normal -0.90482 0.425794 0
    outer loop
      vertex 9.1736 -0.662623 6
      vertex 9.07735 -0.867156 0
      vertex 9.07735 -0.867156 6
    endloop
  endfacet
  facet normal -0.770504 0.637435 0
    outer loop
      vertex 8.81214 -1.23218 0
      vertex 8.95623 -1.05801 6
      vertex 8.95623 -1.05801 0
    endloop
  endfacet
  facet normal -0.770504 0.637435 0
    outer loop
      vertex 8.95623 -1.05801 6
      vertex 8.81214 -1.23218 0
      vertex 8.81214 -1.23218 6
    endloop
  endfacet
  facet normal -0.998028 0.0627752 0
    outer loop
      vertex 9.28581 -0.225599 0
      vertex 9.3 0 6
      vertex 9.3 0 0
    endloop
  endfacet
  facet normal -0.998028 0.0627752 0
    outer loop
      vertex 9.3 0 6
      vertex 9.28581 -0.225599 0
      vertex 9.28581 -0.225599 6
    endloop
  endfacet
  facet normal 0.248714 0.968577 -0
    outer loop
      vertex 7.16271 -1.76812 0
      vertex 6.94377 -1.7119 6
      vertex 7.16271 -1.76812 6
    endloop
  endfacet
  facet normal 0.248714 0.968577 0
    outer loop
      vertex 6.94377 -1.7119 6
      vertex 7.16271 -1.76812 0
      vertex 6.94377 -1.7119 0
    endloop
  endfacet
  facet normal 0.951059 0.309009 0
    outer loop
      vertex 5.8264 -0.662623 6
      vertex 5.75655 -0.447641 0
      vertex 5.75655 -0.447641 6
    endloop
  endfacet
  facet normal 0.951059 0.309009 0
    outer loop
      vertex 5.75655 -0.447641 0
      vertex 5.8264 -0.662623 6
      vertex 5.8264 -0.662623 0
    endloop
  endfacet
  facet normal 0.998028 0.0627752 0
    outer loop
      vertex 5.71419 -0.225599 6
      vertex 5.7 0 0
      vertex 5.7 0 6
    endloop
  endfacet
  facet normal 0.998028 0.0627752 0
    outer loop
      vertex 5.7 0 0
      vertex 5.71419 -0.225599 6
      vertex 5.71419 -0.225599 0
    endloop
  endfacet
  facet normal -0.368116 0.92978 0
    outer loop
      vertex 8.2664 -1.62869 0
      vertex 8.05623 -1.7119 6
      vertex 8.2664 -1.62869 6
    endloop
  endfacet
  facet normal -0.368116 0.92978 0
    outer loop
      vertex 8.05623 -1.7119 6
      vertex 8.2664 -1.62869 0
      vertex 8.05623 -1.7119 0
    endloop
  endfacet
  facet normal -0.248714 0.968577 0
    outer loop
      vertex 8.05623 -1.7119 0
      vertex 7.83729 -1.76812 6
      vertex 8.05623 -1.7119 6
    endloop
  endfacet
  facet normal -0.248714 0.968577 0
    outer loop
      vertex 7.83729 -1.76812 6
      vertex 8.05623 -1.7119 0
      vertex 7.83729 -1.76812 0
    endloop
  endfacet
  facet normal -0.587806 0.809002 0
    outer loop
      vertex 8.64736 -1.38692 0
      vertex 8.46449 -1.51979 6
      vertex 8.64736 -1.38692 6
    endloop
  endfacet
  facet normal -0.587806 0.809002 0
    outer loop
      vertex 8.46449 -1.51979 6
      vertex 8.64736 -1.38692 0
      vertex 8.46449 -1.51979 0
    endloop
  endfacet
  facet normal -0.481751 0.876308 0
    outer loop
      vertex 8.46449 -1.51979 0
      vertex 8.2664 -1.62869 6
      vertex 8.46449 -1.51979 6
    endloop
  endfacet
  facet normal -0.481751 0.876308 0
    outer loop
      vertex 8.2664 -1.62869 6
      vertex 8.46449 -1.51979 0
      vertex 8.2664 -1.62869 0
    endloop
  endfacet
  facet normal -0.951059 0.309009 0
    outer loop
      vertex 9.1736 -0.662623 0
      vertex 9.24345 -0.447641 6
      vertex 9.24345 -0.447641 0
    endloop
  endfacet
  facet normal -0.951059 0.309009 0
    outer loop
      vertex 9.24345 -0.447641 6
      vertex 9.1736 -0.662623 0
      vertex 9.1736 -0.662623 6
    endloop
  endfacet
  facet normal 0.125325 0.992116 -0
    outer loop
      vertex 7.38698 -1.79645 0
      vertex 7.16271 -1.76812 6
      vertex 7.38698 -1.79645 6
    endloop
  endfacet
  facet normal 0.125325 0.992116 0
    outer loop
      vertex 7.16271 -1.76812 6
      vertex 7.38698 -1.79645 0
      vertex 7.16271 -1.76812 0
    endloop
  endfacet
  facet normal 0.368116 0.92978 -0
    outer loop
      vertex 6.94377 -1.7119 0
      vertex 6.7336 -1.62869 6
      vertex 6.94377 -1.7119 6
    endloop
  endfacet
  facet normal 0.368116 0.92978 0
    outer loop
      vertex 6.7336 -1.62869 6
      vertex 6.94377 -1.7119 0
      vertex 6.7336 -1.62869 0
    endloop
  endfacet
  facet normal 0.587806 0.809002 -0
    outer loop
      vertex 6.53551 -1.51979 0
      vertex 6.35264 -1.38692 6
      vertex 6.53551 -1.51979 6
    endloop
  endfacet
  facet normal 0.587806 0.809002 0
    outer loop
      vertex 6.35264 -1.38692 6
      vertex 6.53551 -1.51979 0
      vertex 6.35264 -1.38692 0
    endloop
  endfacet
  facet normal 0.68455 0.728966 -0
    outer loop
      vertex 6.35264 -1.38692 0
      vertex 6.18786 -1.23218 6
      vertex 6.35264 -1.38692 6
    endloop
  endfacet
  facet normal 0.68455 0.728966 0
    outer loop
      vertex 6.18786 -1.23218 6
      vertex 6.35264 -1.38692 0
      vertex 6.18786 -1.23218 0
    endloop
  endfacet
  facet normal 0.982285 0.187395 0
    outer loop
      vertex 5.75655 -0.447641 6
      vertex 5.71419 -0.225599 0
      vertex 5.71419 -0.225599 6
    endloop
  endfacet
  facet normal 0.982285 0.187395 0
    outer loop
      vertex 5.71419 -0.225599 0
      vertex 5.75655 -0.447641 6
      vertex 5.75655 -0.447641 0
    endloop
  endfacet
  facet normal 0.481751 0.876308 -0
    outer loop
      vertex 6.7336 -1.62869 0
      vertex 6.53551 -1.51979 6
      vertex 6.7336 -1.62869 6
    endloop
  endfacet
  facet normal 0.481751 0.876308 0
    outer loop
      vertex 6.53551 -1.51979 6
      vertex 6.7336 -1.62869 0
      vertex 6.53551 -1.51979 0
    endloop
  endfacet
  facet normal 0.844327 0.535828 0
    outer loop
      vertex 6.04377 -1.05801 6
      vertex 5.92265 -0.867156 0
      vertex 5.92265 -0.867156 6
    endloop
  endfacet
  facet normal 0.844327 0.535828 0
    outer loop
      vertex 5.92265 -0.867156 0
      vertex 6.04377 -1.05801 6
      vertex 6.04377 -1.05801 0
    endloop
  endfacet
  facet normal 0.90482 0.425794 0
    outer loop
      vertex 5.92265 -0.867156 6
      vertex 5.8264 -0.662623 0
      vertex 5.8264 -0.662623 6
    endloop
  endfacet
  facet normal 0.90482 0.425794 0
    outer loop
      vertex 5.8264 -0.662623 0
      vertex 5.92265 -0.867156 6
      vertex 5.92265 -0.867156 0
    endloop
  endfacet
  facet normal 0.770504 0.637435 0
    outer loop
      vertex 6.18786 -1.23218 6
      vertex 6.04377 -1.05801 0
      vertex 6.04377 -1.05801 6
    endloop
  endfacet
  facet normal 0.770504 0.637435 0
    outer loop
      vertex 6.04377 -1.05801 0
      vertex 6.18786 -1.23218 6
      vertex 6.18786 -1.23218 0
    endloop
  endfacet
endsolid OpenSCAD_Model
